{
"type": "FeatureCollection",
"name": "ACAMBAROSECCIONES",
"crs": { "type": "name", "properties": { "name": "urn:ogc:def:crs:OGC:1.3:CRS84" } },
"features": [
{ "type": "Feature", "properties": { "ID": 21, "ENTIDAD": 11, "MUNICIPIO": 2, "NOMBRE": "ACAMBARO", "CONTROL": 39, "GEOMETRY1_": null, "ID_2": 2299, "ENTIDAD_2": 11, "DISTRITO_F": 10, "DISTRITO_L": 13, "MUNICIPIO_2": 28, "SECCION": 2337, "TIPO": 4, "CONTROL_2": 4130, "GEOMETRY1__2": null }, "geometry": { "type": "MultiPolygon", "coordinates": [ [ [ [ -100.857440209630894, 20.124215734177152 ], [ -100.858720032651746, 20.125353456135048 ], [ -100.858720032413657, 20.125353456256843 ], [ -100.85744020958262, 20.12421573446753 ], [ -100.856937568105593, 20.123768894718086 ], [ -100.856937568167112, 20.123768894439475 ], [ -100.857440209630894, 20.124215734177152 ] ] ], [ [ [ -100.845968242249242, 20.128374574094796 ], [ -100.846200599085847, 20.128288048681487 ], [ -100.846372291424061, 20.128078382369271 ], [ -100.846545454879902, 20.1279514428082 ], [ -100.84689913968441, 20.128111197586012 ], [ -100.847189952417651, 20.128023721038172 ], [ -100.847303186177029, 20.127815004102409 ], [ -100.847303186236616, 20.127815004197029 ], [ -100.847189952371309, 20.128023721327978 ], [ -100.846899139638126, 20.128111197875825 ], [ -100.846545454833674, 20.12795144309802 ], [ -100.846372291377889, 20.128078382659076 ], [ -100.846200599039676, 20.128288048971207 ], [ -100.845968242211796, 20.128374574381375 ], [ -100.845968242249242, 20.128374574094796 ] ] ], [ [ [ -100.847122664335473, 20.127528309854448 ], [ -100.847576333162721, 20.126734804877287 ], [ -100.847576333250132, 20.126734804933193 ], [ -100.847122664398043, 20.127528309953803 ], [ -100.847122664335473, 20.127528309854448 ] ] ], [ [ [ -100.84554948086047, 20.127843495673059 ], [ -100.845549480854459, 20.12784349567476 ], [ -100.845756828289893, 20.12635061326138 ], [ -100.84575682829589, 20.126350613259859 ], [ -100.84554948086047, 20.127843495673059 ] ] ], [ [ [ -100.842096427505936, 20.130961329467407 ], [ -100.842096427482687, 20.130961329490095 ], [ -100.84214459976431, 20.130381291815446 ], [ -100.842144599792789, 20.130381291730117 ], [ -100.842096427505936, 20.130961329467407 ] ] ], [ [ [ -100.836893559978094, 20.140934410005624 ], [ -100.836893559855824, 20.140934410081705 ], [ -100.834251444338335, 20.133736463404517 ], [ -100.834251444468208, 20.133736463349415 ], [ -100.836893559978094, 20.140934410005624 ] ] ], [ [ [ -100.822042501221958, 20.147711700691666 ], [ -100.823684598985906, 20.151284913543726 ], [ -100.824039049685027, 20.151486075456482 ], [ -100.824039049504776, 20.151486075664597 ], [ -100.8236845989437, 20.151284913830242 ], [ -100.82204250118005, 20.147711700978718 ], [ -100.821408231447862, 20.144908371905707 ], [ -100.821408231543302, 20.144908371855482 ], [ -100.822042501221958, 20.147711700691666 ] ] ] ] } },
{ "type": "Feature", "properties": { "ID": 21, "ENTIDAD": 11, "MUNICIPIO": 2, "NOMBRE": "ACAMBARO", "CONTROL": 39, "GEOMETRY1_": null, "ID_2": 2302, "ENTIDAD_2": 11, "DISTRITO_F": 10, "DISTRITO_L": 13, "MUNICIPIO_2": 28, "SECCION": 2340, "TIPO": 4, "CONTROL_2": 4120, "GEOMETRY1__2": null }, "geometry": { "type": "MultiPolygon", "coordinates": [ [ [ [ -100.881139944537139, 20.117000892709452 ], [ -100.881516341148952, 20.115174210605247 ], [ -100.88151634114169, 20.115174210674574 ], [ -100.881139944529025, 20.117000892783096 ], [ -100.881139944537139, 20.117000892709452 ] ] ], [ [ [ -100.876201985793671, 20.109013881800202 ], [ -100.876933577612334, 20.107429627319387 ], [ -100.876933577662669, 20.10742962739036 ], [ -100.876201985869187, 20.109013881816708 ], [ -100.876201985793671, 20.109013881800202 ] ] ], [ [ [ -100.857535152248616, 20.111387947316935 ], [ -100.858141068733843, 20.112577950814213 ], [ -100.858324911952806, 20.11307951937232 ], [ -100.858940076337078, 20.114757807897718 ], [ -100.858940076278316, 20.114757808161507 ], [ -100.858324911904418, 20.113079519664321 ], [ -100.85814106868547, 20.112577951106214 ], [ -100.85753515220037, 20.111387947609114 ], [ -100.857291754960386, 20.110854036820097 ], [ -100.857291755058966, 20.110854036638347 ], [ -100.857535152248616, 20.111387947316935 ] ] ] ] } },
{ "type": "Feature", "properties": { "ID": 21, "ENTIDAD": 11, "MUNICIPIO": 2, "NOMBRE": "ACAMBARO", "CONTROL": 39, "GEOMETRY1_": null, "ID_2": 2303, "ENTIDAD_2": 11, "DISTRITO_F": 10, "DISTRITO_L": 13, "MUNICIPIO_2": 28, "SECCION": 2341, "TIPO": 4, "CONTROL_2": 4122, "GEOMETRY1__2": null }, "geometry": { "type": "MultiPolygon", "coordinates": [ [ [ [ -100.888946365846536, 20.076531935677629 ], [ -100.88894636584034, 20.076531935685306 ], [ -100.890212371153609, 20.068939477427524 ], [ -100.890212371158611, 20.068939477427449 ], [ -100.888946365846536, 20.076531935677629 ] ] ], [ [ [ -100.88590881533122, 20.079891925825009 ], [ -100.885908815210939, 20.079891925820441 ], [ -100.88578151374486, 20.079314771161172 ], [ -100.885781513852649, 20.079314771109079 ], [ -100.88590881533122, 20.079891925825009 ] ] ], [ [ [ -100.874008248445122, 20.081245811018793 ], [ -100.874240519281571, 20.081159254941223 ], [ -100.8742989577011, 20.081158297366883 ], [ -100.874298957775991, 20.081158297661279 ], [ -100.874240519230142, 20.081159255237687 ], [ -100.874008248495528, 20.081245811277221 ], [ -100.874008248445122, 20.081245811018793 ] ] ], [ [ [ -100.870968051387706, 20.084481485971828 ], [ -100.87139121150831, 20.085260687002332 ], [ -100.871684153510571, 20.085297266054845 ], [ -100.871863921464012, 20.085542573533282 ], [ -100.872099906395277, 20.08566283476576 ], [ -100.87221604563365, 20.085619557737747 ], [ -100.872332184802403, 20.085576280638158 ], [ -100.872624386030637, 20.085571495066905 ], [ -100.872801189724882, 20.085651349475437 ], [ -100.87286259603718, 20.085815844199626 ], [ -100.872981701319588, 20.085938018620865 ], [ -100.87321842920656, 20.086099641216325 ], [ -100.873572780206743, 20.086300711467569 ], [ -100.87386646614236, 20.086378649660077 ], [ -100.874102453673643, 20.086498907981159 ], [ -100.874102453581898, 20.086498908256356 ], [ -100.873866466090988, 20.086378649955819 ], [ -100.873572780155428, 20.086300711763307 ], [ -100.873218429155315, 20.086099641512153 ], [ -100.872981701268401, 20.0859380189166 ], [ -100.872862595986021, 20.085815844495446 ], [ -100.872801189673723, 20.085651349771261 ], [ -100.872624385979506, 20.085571495362732 ], [ -100.872332184751329, 20.085576280933996 ], [ -100.872216045582604, 20.085619558033571 ], [ -100.87209990634426, 20.085662835061587 ], [ -100.871863921413052, 20.085542573829198 ], [ -100.87168415345964, 20.085297266350675 ], [ -100.871391211457436, 20.08526068729816 ], [ -100.870968051336916, 20.08448148626784 ], [ -100.870262248182655, 20.080976146707751 ], [ -100.870262248265377, 20.080976146570752 ], [ -100.870968051387706, 20.084481485971828 ] ] ], [ [ [ -100.87230191699129, 20.087149031720376 ], [ -100.872307106865776, 20.087438572690818 ], [ -100.872367772105534, 20.087561704548307 ], [ -100.873883527777124, 20.087329997703254 ], [ -100.874402075727218, 20.08690774880586 ], [ -100.874934720514446, 20.087271394291104 ], [ -100.87524399483776, 20.08821795132291 ], [ -100.875243994713088, 20.088217951395009 ], [ -100.874934720462832, 20.087271394586665 ], [ -100.874402075675732, 20.086907749101513 ], [ -100.873883527725738, 20.087329997998818 ], [ -100.872367772054446, 20.087561704843868 ], [ -100.872307106814702, 20.087438572986461 ], [ -100.872301916940231, 20.087149032016011 ], [ -100.872240510551947, 20.086984537114901 ], [ -100.872240510628103, 20.086984536886472 ], [ -100.87230191699129, 20.087149031720376 ] ] ], [ [ [ -100.874451047389357, 20.089637702693722 ], [ -100.874451047334276, 20.089637702791137 ], [ -100.874433980782612, 20.088686355529809 ], [ -100.874433980838816, 20.088686355497298 ], [ -100.874451047389357, 20.089637702693722 ] ] ], [ [ [ -100.874078311894039, 20.091671191264187 ], [ -100.875203564048988, 20.092480247136177 ], [ -100.8756273016335, 20.093200186282253 ], [ -100.876409550604237, 20.094529222038194 ], [ -100.876321628566998, 20.096144290755237 ], [ -100.877596993982294, 20.095544115232933 ], [ -100.877885497219211, 20.095332505401089 ], [ -100.878762151957702, 20.095318115360207 ], [ -100.878762151938588, 20.095318115654141 ], [ -100.877885497166972, 20.095332505695577 ], [ -100.877596993930112, 20.095544115527417 ], [ -100.876321628515086, 20.096144291049541 ], [ -100.876409550552296, 20.094529222332771 ], [ -100.875627301581744, 20.093200186576997 ], [ -100.875203563997317, 20.092480247431016 ], [ -100.874078311842595, 20.091671191559204 ], [ -100.874167742557873, 20.09013884741951 ], [ -100.874167742596029, 20.090138847352019 ], [ -100.874078311894039, 20.091671191264187 ] ] ], [ [ [ -100.878807958927254, 20.094613988355157 ], [ -100.879336179551501, 20.094729440645473 ], [ -100.879681635006449, 20.09443414295318 ], [ -100.880325998290019, 20.094506309954053 ], [ -100.881177353700608, 20.093085574984006 ], [ -100.882730744558387, 20.091694672796844 ], [ -100.88483466028373, 20.09166007556232 ], [ -100.885622718602633, 20.093219356114659 ], [ -100.886324288028362, 20.093338568619757 ], [ -100.888730615938442, 20.093747435209327 ], [ -100.892052137493678, 20.093154815994353 ], [ -100.892641789317111, 20.093434714058123 ], [ -100.894510451206784, 20.093321130795825 ], [ -100.894510451084543, 20.093321131094665 ], [ -100.892641789261788, 20.093434714352913 ], [ -100.892052137438469, 20.093154816289232 ], [ -100.888730615883915, 20.093747435504017 ], [ -100.886324287974375, 20.093338568914525 ], [ -100.885622718548788, 20.093219356409435 ], [ -100.884834660230055, 20.091660075857366 ], [ -100.882730744505153, 20.09169467309188 ], [ -100.881177353647686, 20.093085575278767 ], [ -100.880325998237268, 20.094506310248629 ], [ -100.87968163495384, 20.094434143247849 ], [ -100.879336179498978, 20.09472944094005 ], [ -100.878807958907615, 20.094613988656896 ], [ -100.878807958927254, 20.094613988355157 ] ] ], [ [ [ -100.891838893019525, 20.100771290703797 ], [ -100.894449355455748, 20.10287970036412 ], [ -100.894513035113192, 20.103168271967643 ], [ -100.894513035027515, 20.103168272125693 ], [ -100.894449355399956, 20.10287970065756 ], [ -100.891838892964344, 20.100771290997592 ], [ -100.890958481473476, 20.100578936082222 ], [ -100.890958481676506, 20.100578935820774 ], [ -100.891838893019525, 20.100771290703797 ] ] ], [ [ [ -100.891847499111933, 20.107722105505946 ], [ -100.891912671131522, 20.108093402926958 ], [ -100.893509320026993, 20.112328648961096 ], [ -100.893515301556533, 20.112659547668475 ], [ -100.894249893100948, 20.113310151616997 ], [ -100.894249892963828, 20.113310151837052 ], [ -100.893515301500912, 20.112659547960646 ], [ -100.893509319971372, 20.112328649253268 ], [ -100.89191267107627, 20.108093403219765 ], [ -100.891847499056695, 20.107722105798747 ], [ -100.891779339070865, 20.107185358683854 ], [ -100.891779339139759, 20.107185358498672 ], [ -100.891847499111933, 20.107722105505946 ] ] ] ] } },
{ "type": "Feature", "properties": { "ID": 21, "ENTIDAD": 11, "MUNICIPIO": 2, "NOMBRE": "ACAMBARO", "CONTROL": 39, "GEOMETRY1_": null, "ID_2": 2306, "ENTIDAD_2": 11, "DISTRITO_F": 10, "DISTRITO_L": 13, "MUNICIPIO_2": 28, "SECCION": 2344, "TIPO": 4, "CONTROL_2": 4123, "GEOMETRY1__2": null }, "geometry": { "type": "MultiPolygon", "coordinates": [ [ [ [ -100.93316410458057, 20.03007971052897 ], [ -100.93316410443984, 20.030079710544634 ], [ -100.932913054760974, 20.029132292966647 ], [ -100.932913054914735, 20.02913229300022 ], [ -100.93316410458057, 20.03007971052897 ] ] ], [ [ [ -100.93019084734641, 20.030460330178396 ], [ -100.930190847303919, 20.0304603301791 ], [ -100.930237185820729, 20.02979756725944 ], [ -100.930237185863533, 20.02979756725426 ], [ -100.93019084734641, 20.030460330178396 ] ] ], [ [ [ -100.929321373049447, 20.03084720225187 ], [ -100.929326656205163, 20.031136734939267 ], [ -100.929326656140631, 20.031136735184628 ], [ -100.929321372985981, 20.030847202555517 ], [ -100.929374507734977, 20.030556695606123 ], [ -100.929374507743347, 20.030556695603597 ], [ -100.929321373049447, 20.03084720225187 ] ] ], [ [ [ -100.928996523909902, 20.032259349250737 ], [ -100.928996523841008, 20.032259349251884 ], [ -100.92898671302585, 20.031721645942575 ], [ -100.928986713089415, 20.031721645648734 ], [ -100.928996523909902, 20.032259349250737 ] ] ], [ [ [ -100.924791894210315, 20.032412164756703 ], [ -100.924917775156786, 20.032906562128069 ], [ -100.925101322367368, 20.033358624480776 ], [ -100.925226451542429, 20.033811659535523 ], [ -100.925235496600479, 20.03430800237733 ], [ -100.925211751105095, 20.036211622715449 ], [ -100.925033098309981, 20.039234932891816 ], [ -100.924854443985041, 20.042258242475032 ], [ -100.924854443940418, 20.042258242475771 ], [ -100.925033098247511, 20.039234933194283 ], [ -100.925211751042596, 20.03621162301836 ], [ -100.925235496537994, 20.034308002680522 ], [ -100.925226451479944, 20.033811659838801 ], [ -100.925101322304911, 20.033358624784054 ], [ -100.924917775094372, 20.032906562431531 ], [ -100.92479189414793, 20.032412165060158 ], [ -100.924727446885811, 20.032082242455321 ], [ -100.924727447004528, 20.032082242440236 ], [ -100.924791894210315, 20.032412164756703 ] ] ], [ [ [ -100.920888800076838, 20.045923833453436 ], [ -100.920853718245709, 20.047207026023017 ], [ -100.920684777978579, 20.050768041364641 ], [ -100.920684777925786, 20.050768041482169 ], [ -100.920853718184176, 20.047207026324386 ], [ -100.920888800015319, 20.045923833754987 ], [ -100.921363406834146, 20.043102472876654 ], [ -100.921363406854923, 20.043102472817498 ], [ -100.920888800076838, 20.045923833453436 ] ] ], [ [ [ -100.918419991443926, 20.054777657216864 ], [ -100.918419991423008, 20.054777657263422 ], [ -100.918524804319262, 20.054113923070005 ], [ -100.918524804342368, 20.054113923009659 ], [ -100.918419991443926, 20.054777657216864 ] ] ], [ [ [ -100.911425098531012, 20.052576833765858 ], [ -100.911486527931814, 20.052741313424065 ], [ -100.911547957474454, 20.052905793047575 ], [ -100.911729243846494, 20.05323378307709 ], [ -100.9117367516549, 20.053647404652626 ], [ -100.911745761207669, 20.05414375051431 ], [ -100.911873127419213, 20.054720882254575 ], [ -100.912174275679845, 20.055212381605454 ], [ -100.912174275582402, 20.05521238184382 ], [ -100.911873127359769, 20.054720882554832 ], [ -100.911745761148254, 20.054143750814664 ], [ -100.91173675159547, 20.053647404952976 ], [ -100.911729243787093, 20.053233783377614 ], [ -100.911547957415081, 20.05290579334811 ], [ -100.911486527872455, 20.052741313724596 ], [ -100.911425098471653, 20.052576834066478 ], [ -100.911417591786559, 20.052163212359666 ], [ -100.9114175918521, 20.052163212401172 ], [ -100.911425098531012, 20.052576833765858 ] ] ], [ [ [ -100.911805079072465, 20.057411359986872 ], [ -100.911805079008886, 20.057411360280664 ], [ -100.911504677842302, 20.056961222817193 ], [ -100.911504677931831, 20.056961222562446 ], [ -100.911805079072465, 20.057411359986872 ] ] ], [ [ [ -100.905505305205025, 20.061322226959408 ], [ -100.905455118175951, 20.061778179333157 ], [ -100.905455118151011, 20.061778179331714 ], [ -100.905505305147003, 20.061322227258749 ], [ -100.905250604542147, 20.060167952280032 ], [ -100.905250604668566, 20.060167952290701 ], [ -100.905505305205025, 20.061322226959408 ] ] ], [ [ [ -100.888632644224444, 20.05911825022817 ], [ -100.889046123294406, 20.059359694310512 ], [ -100.889232589096281, 20.059977249301827 ], [ -100.889409369833828, 20.06005708892226 ], [ -100.889409369606952, 20.0600570891439 ], [ -100.889232589041825, 20.059977249601307 ], [ -100.889046123239993, 20.059359694610087 ], [ -100.888632644170102, 20.059118250527739 ], [ -100.888677665900374, 20.058372759894862 ], [ -100.888677665939198, 20.058372759852126 ], [ -100.888632644224444, 20.05911825022817 ] ] ], [ [ [ -100.885615103703572, 20.066822266389021 ], [ -100.885851812550214, 20.066983873633173 ], [ -100.885970911572798, 20.067106039868779 ], [ -100.886564175691134, 20.067592781403885 ], [ -100.887218855787268, 20.06824401001229 ], [ -100.888393482036363, 20.068555678105216 ], [ -100.890212371208321, 20.068939477129309 ], [ -100.890212371158611, 20.068939477427449 ], [ -100.890212371153609, 20.068939477427524 ], [ -100.888393481982035, 20.06855567840352 ], [ -100.887218855733195, 20.068244010310583 ], [ -100.886564175637218, 20.067592781702274 ], [ -100.885970911518996, 20.067106040167261 ], [ -100.885851812496455, 20.066983873931651 ], [ -100.885615103649855, 20.066822266687502 ], [ -100.885378395274927, 20.066660659084196 ], [ -100.885378395411308, 20.066660658842181 ], [ -100.885615103703572, 20.066822266389021 ] ] ] ] } },
{ "type": "Feature", "properties": { "ID": 21, "ENTIDAD": 11, "MUNICIPIO": 2, "NOMBRE": "ACAMBARO", "CONTROL": 39, "GEOMETRY1_": null, "ID_2": 2307, "ENTIDAD_2": 11, "DISTRITO_F": 10, "DISTRITO_L": 13, "MUNICIPIO_2": 28, "SECCION": 2345, "TIPO": 4, "CONTROL_2": 4124, "GEOMETRY1__2": null }, "geometry": { "type": "MultiPolygon", "coordinates": [ [ [ [ -100.935985134717754, 20.024571173008194 ], [ -100.935988916194916, 20.024777981359481 ], [ -100.935997991882758, 20.025274321380202 ], [ -100.935997991815498, 20.025274321564723 ], [ -100.935988916129858, 20.024777981663959 ], [ -100.935985134652682, 20.024571173312761 ], [ -100.935981353210494, 20.024364364956114 ], [ -100.935981353281406, 20.024364364971007 ], [ -100.935985134717754, 20.024571173008194 ] ] ], [ [ [ -100.935900824483838, 20.026351677260372 ], [ -100.935994877523569, 20.026701786930904 ], [ -100.936088931047479, 20.027051896503792 ], [ -100.93628309127763, 20.028083008533471 ], [ -100.936359664037113, 20.029074711468976 ], [ -100.936430943521984, 20.029776868800639 ], [ -100.936430943426416, 20.029776868805317 ], [ -100.936359663971928, 20.029074711772918 ], [ -100.936283091212474, 20.028083008837505 ], [ -100.936088930982365, 20.027051896808089 ], [ -100.935994877458498, 20.026701787235204 ], [ -100.935900824418781, 20.026351677564762 ], [ -100.93583106393686, 20.025732228827099 ], [ -100.935831064012731, 20.025732228618942 ], [ -100.935900824483838, 20.026351677260372 ] ] ] ] } },
{ "type": "Feature", "properties": { "ID": 21, "ENTIDAD": 11, "MUNICIPIO": 2, "NOMBRE": "ACAMBARO", "CONTROL": 39, "GEOMETRY1_": null, "ID_2": 2308, "ENTIDAD_2": 11, "DISTRITO_F": 10, "DISTRITO_L": 13, "MUNICIPIO_2": 28, "SECCION": 2346, "TIPO": 4, "CONTROL_2": 4126, "GEOMETRY1__2": null }, "geometry": { "type": "MultiPolygon", "coordinates": [ [ [ [ -100.954601882696878, 20.007419837530929 ], [ -100.954665615793999, 20.00770838451102 ], [ -100.954673222674472, 20.008121997149537 ], [ -100.954738477745479, 20.00849326656677 ], [ -100.954802972452086, 20.008823174663696 ], [ -100.95498200306254, 20.009027034892149 ], [ -100.955219443154164, 20.009229912776512 ], [ -100.955578267835108, 20.009678993213718 ], [ -100.955761105610989, 20.010089658601483 ], [ -100.955944705516274, 20.010541684920838 ], [ -100.955951555456465, 20.010913935872608 ], [ -100.955951555383223, 20.010913936007892 ], [ -100.955944705446186, 20.010541685227462 ], [ -100.955761105540958, 20.010089658908193 ], [ -100.955578267765134, 20.009678993520513 ], [ -100.955219443084289, 20.009229913083303 ], [ -100.954982002992722, 20.00902703519894 ], [ -100.954802972382325, 20.00882317497058 ], [ -100.954738477675733, 20.008493266873657 ], [ -100.954673222604711, 20.008121997456417 ], [ -100.954665615724252, 20.007708384817988 ], [ -100.954601882627173, 20.00741983783799 ], [ -100.954597318717234, 20.007171670226043 ], [ -100.954597318789624, 20.00717167006475 ], [ -100.954601882696878, 20.007419837530929 ] ] ], [ [ [ -100.936211198300825, 20.017226921772206 ], [ -100.936323131379993, 20.01749051548888 ], [ -100.936323131314253, 20.017490515792954 ], [ -100.936211198235739, 20.017226922077857 ], [ -100.936201012822323, 20.017202936166502 ], [ -100.936201012955152, 20.017202936020368 ], [ -100.936211198300825, 20.017226921772206 ] ] ], [ [ [ -100.936249116523271, 20.017903857016833 ], [ -100.93621840434777, 20.018154254916595 ], [ -100.936224453724819, 20.018485148474124 ], [ -100.936124263043851, 20.019397058018164 ], [ -100.936079460732202, 20.020142544604258 ], [ -100.9360794606675, 20.020142544903461 ], [ -100.93612426297878, 20.019397058323456 ], [ -100.936224453659733, 20.018485148779501 ], [ -100.93621840428267, 20.018154255222075 ], [ -100.936249116458185, 20.017903857322306 ], [ -100.936269255538789, 20.017739662120743 ], [ -100.93626925560261, 20.017739661825555 ], [ -100.936249116523271, 20.017903857016833 ] ] ], [ [ [ -100.935250882506651, 20.02276297220866 ], [ -100.935257686990781, 20.023135227486573 ], [ -100.935264491588157, 20.02350748274684 ], [ -100.935445029488079, 20.023794086518343 ], [ -100.935623299529283, 20.023956604994144 ], [ -100.935738617444443, 20.023871929352897 ], [ -100.935857716425048, 20.023994062033044 ], [ -100.935917644114681, 20.024075809174228 ], [ -100.935949498660179, 20.024220086919225 ], [ -100.935981353275565, 20.024364364651451 ], [ -100.935981353281406, 20.024364364971007 ], [ -100.935981353210494, 20.024364364956114 ], [ -100.93594949859515, 20.024220087223881 ], [ -100.935917644049638, 20.024075809478887 ], [ -100.935857716360019, 20.0239940623377 ], [ -100.935738617379442, 20.02387192965756 ], [ -100.935623299464311, 20.023956605298796 ], [ -100.93544502942315, 20.023794086823006 ], [ -100.935264491523284, 20.023507483051592 ], [ -100.935257686925908, 20.023135227791418 ], [ -100.935250882441778, 20.022762972513501 ], [ -100.935299468484814, 20.022224294462429 ], [ -100.935299468533742, 20.02222429433456 ], [ -100.935250882506651, 20.02276297220866 ] ] ] ] } },
{ "type": "Feature", "properties": { "ID": 21, "ENTIDAD": 11, "MUNICIPIO": 2, "NOMBRE": "ACAMBARO", "CONTROL": 39, "GEOMETRY1_": null, "ID_2": 62, "ENTIDAD_2": 11, "DISTRITO_F": 14, "DISTRITO_L": 22, "MUNICIPIO_2": 2, "SECCION": 62, "TIPO": 3, "CONTROL_2": 4146, "GEOMETRY1__2": null }, "geometry": { "type": "MultiPolygon", "coordinates": [ [ [ [ -100.757729111065416, 20.053569498089463 ], [ -100.757374964974929, 20.053368177557456 ], [ -100.757015847936316, 20.0528772944221 ], [ -100.756769336087288, 20.052136378650104 ], [ -100.756699541894619, 20.051475440752817 ], [ -100.756450194045101, 20.050569060155038 ], [ -100.755973514646925, 20.050038643516263 ], [ -100.755441956328028, 20.049715972875216 ], [ -100.754911819328839, 20.049476032544064 ], [ -100.754153635598811, 20.049570687006725 ], [ -100.753573580977772, 20.049828052284102 ], [ -100.753110386817809, 20.050083582529226 ], [ -100.752414174669326, 20.050384143626108 ], [ -100.751831987343508, 20.050517405280541 ], [ -100.750958349921959, 20.050696611235473 ], [ -100.750254337633265, 20.050542136746504 ], [ -100.749666481168774, 20.050344462181059 ], [ -100.749367950267924, 20.049976744022672 ], [ -100.748891295031882, 20.049446306331106 ], [ -100.748528673257667, 20.048748572129881 ], [ -100.748047070247893, 20.047928568146396 ], [ -100.74745356505332, 20.04739995543769 ], [ -100.746806585540014, 20.04716181860891 ], [ -100.745926593785299, 20.046968702444467 ], [ -100.745048724723091, 20.046899680593786 ], [ -100.744464421320842, 20.046908818638943 ], [ -100.74376537682474, 20.047043880698162 ], [ -100.743184604870706, 20.04725984619045 ], [ -100.742201172911322, 20.047854498328093 ], [ -100.741854825142227, 20.048108174039765 ], [ -100.741043146129428, 20.048493249827509 ], [ -100.740401110213853, 20.048544653891117 ], [ -100.739464095819088, 20.048435150776879 ], [ -100.738817826918094, 20.048238350570951 ], [ -100.73817155945288, 20.048041547877776 ], [ -100.737228204184092, 20.047559734407475 ], [ -100.735989882537609, 20.046917004274995 ], [ -100.735461893354511, 20.046801102152337 ], [ -100.73475861305451, 20.046687929972268 ], [ -100.734059558024526, 20.046822954188396 ], [ -100.733359797673984, 20.046916609165695 ], [ -100.732779712853073, 20.047173908060358 ], [ -100.732374918865432, 20.047428476078704 ], [ -100.731914506665646, 20.047849419214241 ], [ -100.7315132267466, 20.048310818450531 ], [ -100.731166507432192, 20.048543791248534 ], [ -100.731086748158404, 20.048597384099569 ], [ -100.730819787066309, 20.048776763436059 ], [ -100.730268590914221, 20.047295747371248 ], [ -100.729967999801644, 20.046803892621348 ], [ -100.729549846506458, 20.046272488117069 ], [ -100.729190829303946, 20.045781540425086 ], [ -100.728654766805533, 20.045441116754617 ], [ -100.728049445321304, 20.045120118822247 ], [ -100.728280333723788, 20.044707768876741 ], [ -100.72852043092503, 20.044347627160988 ], [ -100.729381788485938, 20.044077833832663 ], [ -100.730464036578539, 20.044585428449135 ], [ -100.730919920639664, 20.039532592354448 ], [ -100.73091956054931, 20.039499728848174 ], [ -100.730919200459695, 20.039466865341861 ], [ -100.729748492630435, 20.039032151584145 ], [ -100.729886828092901, 20.038783142702226 ], [ -100.730870101450918, 20.037679508105313 ], [ -100.730845221080315, 20.03766919500579 ], [ -100.730823359933495, 20.037661180462262 ], [ -100.730798212779533, 20.037653258706275 ], [ -100.730776389134732, 20.037647008305463 ], [ -100.730270252857338, 20.037490060765691 ], [ -100.729622464470182, 20.037289185762464 ], [ -100.728803051594213, 20.037025537724329 ], [ -100.728355694438619, 20.036890447991659 ], [ -100.72761129805761, 20.036663659588314 ], [ -100.72755086562394, 20.036638408192172 ], [ -100.727490433208231, 20.036613156773878 ], [ -100.725973324847303, 20.036167327151226 ], [ -100.724752832747299, 20.035797333938188 ], [ -100.725008004650206, 20.034988117174461 ], [ -100.725236013477428, 20.034265035232199 ], [ -100.725501173491878, 20.034338001943389 ], [ -100.726459824124063, 20.034601231507281 ], [ -100.726918283430734, 20.034727173475652 ], [ -100.727902193190971, 20.034997449690724 ], [ -100.727970672816724, 20.035016266805322 ], [ -100.729171471987257, 20.035350169953411 ], [ -100.729986984328562, 20.035576931802435 ], [ -100.730631291986043, 20.0357516102099 ], [ -100.731275600890527, 20.035926286160805 ], [ -100.732730049989755, 20.036320585630651 ], [ -100.732797970765134, 20.036338998526272 ], [ -100.733154278665353, 20.036432853782397 ], [ -100.73408414644409, 20.036686990282654 ], [ -100.734561921550721, 20.036761122683586 ], [ -100.73482054484559, 20.036057164802635 ], [ -100.734816886918551, 20.035203797926268 ], [ -100.734936927491859, 20.035154380215594 ], [ -100.735493472929662, 20.034925262907912 ], [ -100.735864292382502, 20.034911757569137 ], [ -100.737479258461548, 20.034852931025508 ], [ -100.739561441713434, 20.03357912568379 ], [ -100.742047077524589, 20.03540230504818 ], [ -100.742440529421927, 20.034485855510319 ], [ -100.748125510206265, 20.035431389911544 ], [ -100.752231620331798, 20.036318742579422 ], [ -100.754696155989691, 20.036900746037933 ], [ -100.756447524899073, 20.036790500942484 ], [ -100.761057501318973, 20.036387039784053 ], [ -100.76578500744219, 20.036022985181614 ], [ -100.766349100894459, 20.036014097476862 ], [ -100.766895093668694, 20.036005493248734 ], [ -100.768764710689169, 20.035976017438934 ], [ -100.76783029517928, 20.041027261094776 ], [ -100.767267748742142, 20.044068139889479 ], [ -100.768618961350612, 20.044245677011261 ], [ -100.770079450243344, 20.044437559160503 ], [ -100.769746713098613, 20.045477234168843 ], [ -100.768432002310533, 20.045103842100467 ], [ -100.76698629559624, 20.044693232131365 ], [ -100.766307236240266, 20.049379538130072 ], [ -100.763365379837879, 20.04897505000924 ], [ -100.760097234742773, 20.048525638536052 ], [ -100.760110614864587, 20.05270451471316 ], [ -100.759705856756867, 20.052959142955814 ], [ -100.759244086807712, 20.053297420975735 ], [ -100.75883932569397, 20.053552047436266 ], [ -100.758373288262533, 20.053642127807034 ], [ -100.758023404504627, 20.05368900433032 ], [ -100.757729111065416, 20.053569498089463 ] ] ] ] } },
{ "type": "Feature", "properties": { "ID": 21, "ENTIDAD": 11, "MUNICIPIO": 2, "NOMBRE": "ACAMBARO", "CONTROL": 39, "GEOMETRY1_": null, "ID_2": 63, "ENTIDAD_2": 11, "DISTRITO_F": 14, "DISTRITO_L": 22, "MUNICIPIO_2": 2, "SECCION": 63, "TIPO": 2, "CONTROL_2": 6955, "GEOMETRY1__2": null }, "geometry": { "type": "MultiPolygon", "coordinates": [ [ [ [ -100.723379282338854, 20.035393158476207 ], [ -100.721778628182562, 20.034917268138731 ], [ -100.720188261166811, 20.034457963291921 ], [ -100.720399696962033, 20.033668295046915 ], [ -100.720463809917206, 20.033394747819546 ], [ -100.720564819219661, 20.033027110371702 ], [ -100.720575910762378, 20.03298416769621 ], [ -100.720671181262745, 20.032615311932201 ], [ -100.720970391471525, 20.031508085755878 ], [ -100.721542498966045, 20.031691074638573 ], [ -100.722475533175682, 20.031941090136318 ], [ -100.722100402500288, 20.033397379073353 ], [ -100.722686386099653, 20.033560690658192 ], [ -100.723867538477066, 20.033889866620914 ], [ -100.724451241923191, 20.034049890975105 ], [ -100.725236013477428, 20.034265035232199 ], [ -100.725008004650206, 20.034988117174461 ], [ -100.724752832747299, 20.035797333938188 ], [ -100.723379282338854, 20.035393158476207 ] ] ] ] } },
{ "type": "Feature", "properties": { "ID": 21, "ENTIDAD": 11, "MUNICIPIO": 2, "NOMBRE": "ACAMBARO", "CONTROL": 39, "GEOMETRY1_": null, "ID_2": 64, "ENTIDAD_2": 11, "DISTRITO_F": 14, "DISTRITO_L": 22, "MUNICIPIO_2": 2, "SECCION": 64, "TIPO": 2, "CONTROL_2": 5309, "GEOMETRY1__2": null }, "geometry": { "type": "MultiPolygon", "coordinates": [ [ [ [ -100.715766849250528, 20.033138873665859 ], [ -100.715679966556905, 20.033128326872575 ], [ -100.715496165697573, 20.033070884602857 ], [ -100.714887234870858, 20.032815984093759 ], [ -100.714205646005652, 20.032529871118765 ], [ -100.713460314035757, 20.03225463510168 ], [ -100.712195256523941, 20.031734867113318 ], [ -100.711922843294587, 20.031627895925975 ], [ -100.711526045193139, 20.031469268341748 ], [ -100.711357617073674, 20.031400769288162 ], [ -100.711920626421815, 20.03027273251643 ], [ -100.712523924708321, 20.030432303219889 ], [ -100.712806710253474, 20.030529415851763 ], [ -100.714008230092404, 20.030912425156231 ], [ -100.714760653038482, 20.031171400672687 ], [ -100.715227273948003, 20.031326242527836 ], [ -100.716187048444326, 20.031644725797658 ], [ -100.717007254564706, 20.031891353656729 ], [ -100.716744708091269, 20.03296715258621 ], [ -100.716649222148561, 20.033358408484897 ], [ -100.715766849250528, 20.033138873665859 ] ] ] ] } },
{ "type": "Feature", "properties": { "ID": 21, "ENTIDAD": 11, "MUNICIPIO": 2, "NOMBRE": "ACAMBARO", "CONTROL": 39, "GEOMETRY1_": null, "ID_2": 74, "ENTIDAD_2": 11, "DISTRITO_F": 14, "DISTRITO_L": 22, "MUNICIPIO_2": 2, "SECCION": 74, "TIPO": 2, "CONTROL_2": 6958, "GEOMETRY1__2": null }, "geometry": { "type": "MultiPolygon", "coordinates": [ [ [ [ -100.728852796342309, 20.030638200962898 ], [ -100.727817535102162, 20.030322886954188 ], [ -100.726604170471887, 20.029956290344106 ], [ -100.725386850068816, 20.029597368867549 ], [ -100.725493375811354, 20.029190602292914 ], [ -100.725664358924632, 20.028537702623726 ], [ -100.725766760482969, 20.028146679630641 ], [ -100.725944470762869, 20.027325109196934 ], [ -100.726113857675429, 20.026576263674752 ], [ -100.726268571149674, 20.025892282996161 ], [ -100.726380842441273, 20.025432471787703 ], [ -100.726718454708347, 20.024957296981672 ], [ -100.727044705760946, 20.024497876503144 ], [ -100.727340452232568, 20.024081853504434 ], [ -100.727707278204051, 20.023565551360321 ], [ -100.728103564129995, 20.02392865531796 ], [ -100.728127325007122, 20.023951649499061 ], [ -100.728320073306065, 20.024125318095805 ], [ -100.728450863103234, 20.024250187717083 ], [ -100.728655157276037, 20.024439324049975 ], [ -100.729767003110311, 20.024772497755482 ], [ -100.730132657457531, 20.024109430287005 ], [ -100.730240724315451, 20.024051682868926 ], [ -100.730348791090691, 20.023993935390401 ], [ -100.730246626080671, 20.024427624919277 ], [ -100.729945472345946, 20.025706007998991 ], [ -100.729754773104233, 20.026572274759758 ], [ -100.729679814815142, 20.026912776693987 ], [ -100.729641943809028, 20.02710964701502 ], [ -100.729574507162482, 20.027460211700344 ], [ -100.729412472188855, 20.028302534059563 ], [ -100.729345415921685, 20.028651117147003 ], [ -100.729281348120494, 20.028984163937388 ], [ -100.729241941094998, 20.029189014849283 ], [ -100.729187799502142, 20.02943719690581 ], [ -100.728919722718004, 20.030658584761564 ], [ -100.728852796342309, 20.030638200962898 ] ] ] ] } },
{ "type": "Feature", "properties": { "ID": 21, "ENTIDAD": 11, "MUNICIPIO": 2, "NOMBRE": "ACAMBARO", "CONTROL": 39, "GEOMETRY1_": null, "ID_2": 75, "ENTIDAD_2": 11, "DISTRITO_F": 14, "DISTRITO_L": 22, "MUNICIPIO_2": 2, "SECCION": 75, "TIPO": 2, "CONTROL_2": 5344, "GEOMETRY1__2": null }, "geometry": { "type": "MultiPolygon", "coordinates": [ [ [ [ -100.723276303484383, 20.028926038081369 ], [ -100.723729798921696, 20.027538440931917 ], [ -100.724173187014614, 20.026531855090393 ], [ -100.724772259765516, 20.025430877872434 ], [ -100.725183586145093, 20.02478468039795 ], [ -100.725554188022372, 20.024202456502024 ], [ -100.725760638439056, 20.023878116198794 ], [ -100.726004073152012, 20.023615359183438 ], [ -100.726546153646112, 20.02303024765812 ], [ -100.727088230167936, 20.022445134731285 ], [ -100.727603843238782, 20.021888580955903 ], [ -100.727682308208458, 20.021858955531275 ], [ -100.728056429913778, 20.021449203096495 ], [ -100.728078301586081, 20.021362844706537 ], [ -100.728185214790727, 20.021309805078687 ], [ -100.728590080430649, 20.020974230952081 ], [ -100.729225205607506, 20.020482538049734 ], [ -100.729314517586417, 20.020330175132401 ], [ -100.729297554888177, 20.020637720562817 ], [ -100.729142466147238, 20.021055039612882 ], [ -100.728853291600373, 20.021833156604426 ], [ -100.728473961781049, 20.022461226304131 ], [ -100.727896486134128, 20.023293019363948 ], [ -100.727707278204051, 20.023565551360321 ], [ -100.727340452232568, 20.024081853504434 ], [ -100.727044705760946, 20.024497876503144 ], [ -100.726718454708347, 20.024957296981672 ], [ -100.726380842441273, 20.025432471787703 ], [ -100.726268571149674, 20.025892282996161 ], [ -100.726113857675429, 20.026576263674752 ], [ -100.725944470762869, 20.027325109196934 ], [ -100.725766760482969, 20.028146679630641 ], [ -100.725664358924632, 20.028537702623726 ], [ -100.725493375811354, 20.029190602292914 ], [ -100.725386850068816, 20.029597368867549 ], [ -100.723276303484383, 20.028926038081369 ] ] ] ] } },
{ "type": "Feature", "properties": { "ID": 21, "ENTIDAD": 11, "MUNICIPIO": 2, "NOMBRE": "ACAMBARO", "CONTROL": 39, "GEOMETRY1_": null, "ID_2": 76, "ENTIDAD_2": 11, "DISTRITO_F": 14, "DISTRITO_L": 22, "MUNICIPIO_2": 2, "SECCION": 76, "TIPO": 2, "CONTROL_2": 5345, "GEOMETRY1__2": null }, "geometry": { "type": "MultiPolygon", "coordinates": [ [ [ [ -100.721791141794455, 20.028483689520517 ], [ -100.722081302348329, 20.027436829774096 ], [ -100.72219695559761, 20.026915249278844 ], [ -100.72262352776572, 20.025214958594244 ], [ -100.722686691993147, 20.02496318714573 ], [ -100.722750889285862, 20.024858912327606 ], [ -100.722769073021951, 20.024831900000521 ], [ -100.722787256752056, 20.024804887672047 ], [ -100.722845032203409, 20.024719060907159 ], [ -100.723813138423623, 20.024057624870427 ], [ -100.724554296268792, 20.023551238980023 ], [ -100.725235310454337, 20.023094717745824 ], [ -100.72570221118508, 20.022734481457764 ], [ -100.725880867456723, 20.022596638853344 ], [ -100.726285540852516, 20.022261895285954 ], [ -100.726463127108943, 20.022071608790906 ], [ -100.727088230167936, 20.022445134731285 ], [ -100.726546153646112, 20.02303024765812 ], [ -100.726004073152012, 20.023615359183438 ], [ -100.725760638439056, 20.023878116198794 ], [ -100.725554188022372, 20.024202456502024 ], [ -100.725183586145093, 20.02478468039795 ], [ -100.724772259765516, 20.025430877872434 ], [ -100.724173187014614, 20.026531855090393 ], [ -100.723729798921696, 20.027538440931917 ], [ -100.723276303484383, 20.028926038081369 ], [ -100.721791141794455, 20.028483689520517 ] ] ] ] } },
{ "type": "Feature", "properties": { "ID": 21, "ENTIDAD": 11, "MUNICIPIO": 2, "NOMBRE": "ACAMBARO", "CONTROL": 39, "GEOMETRY1_": null, "ID_2": 77, "ENTIDAD_2": 11, "DISTRITO_F": 14, "DISTRITO_L": 22, "MUNICIPIO_2": 2, "SECCION": 77, "TIPO": 2, "CONTROL_2": 5346, "GEOMETRY1__2": null }, "geometry": { "type": "MultiPolygon", "coordinates": [ [ [ [ -100.721341298035412, 20.028359981385506 ], [ -100.719662279822245, 20.027898235188179 ], [ -100.720069153466227, 20.026403635421403 ], [ -100.720477023973572, 20.024779100086082 ], [ -100.720494219119999, 20.024584198666904 ], [ -100.720596548701721, 20.024520828080092 ], [ -100.720655217266511, 20.023995388035114 ], [ -100.720664938632268, 20.023646971987951 ], [ -100.72066795525572, 20.023538855437621 ], [ -100.720678984408892, 20.023073211899202 ], [ -100.720735976853376, 20.022541702648336 ], [ -100.720753939483146, 20.022389693336216 ], [ -100.720790511618745, 20.022080199904348 ], [ -100.720812001374384, 20.021984145202943 ], [ -100.720854222931919, 20.021574488440145 ], [ -100.72084958456324, 20.021526250847785 ], [ -100.720818772257445, 20.021205811366453 ], [ -100.720837252733432, 20.020754639414417 ], [ -100.720844927214657, 20.02058004016391 ], [ -100.721038519557467, 20.02059568088826 ], [ -100.721135680084885, 20.020222304175146 ], [ -100.721126407619721, 20.02010981355836 ], [ -100.721390415146416, 20.019816666420638 ], [ -100.721622113639711, 20.019660755699345 ], [ -100.721326332588987, 20.018875891223225 ], [ -100.721015536371496, 20.01805117348486 ], [ -100.721767492525586, 20.017135848798631 ], [ -100.722074605703028, 20.017320535042778 ], [ -100.722068386085184, 20.017354236822513 ], [ -100.721963276639556, 20.017896134125792 ], [ -100.721959344043015, 20.017921461564377 ], [ -100.721892003714387, 20.018264566791697 ], [ -100.721697304041783, 20.019251177172759 ], [ -100.721734072279403, 20.019267970779413 ], [ -100.722350506222085, 20.019664891187791 ], [ -100.72239458394526, 20.019697522170553 ], [ -100.722768930204182, 20.019945960723419 ], [ -100.722790662959525, 20.019960731586853 ], [ -100.723526993365937, 20.020461181840151 ], [ -100.723364133113066, 20.020719576112484 ], [ -100.723319659697452, 20.020895390613539 ], [ -100.723352239929369, 20.021452536123871 ], [ -100.723355605533129, 20.021964032767915 ], [ -100.723344647298703, 20.022580062593018 ], [ -100.723327405702591, 20.023024947821916 ], [ -100.724434057754493, 20.022814777356434 ], [ -100.724738077008936, 20.022738739924826 ], [ -100.725049986258199, 20.022677239573579 ], [ -100.725274510487381, 20.022604063859564 ], [ -100.725590539447396, 20.022312856704474 ], [ -100.725702211212521, 20.022734481140333 ], [ -100.725235310454337, 20.023094717745824 ], [ -100.724554296268792, 20.023551238980023 ], [ -100.723813138423623, 20.024057624870427 ], [ -100.722845032230481, 20.024719060589995 ], [ -100.722787256779128, 20.02480488735489 ], [ -100.722769073021951, 20.024831900000521 ], [ -100.72275088931292, 20.02485891201054 ], [ -100.722686691993147, 20.02496318714573 ], [ -100.72262352776572, 20.025214958594244 ], [ -100.72219695559761, 20.026915249278844 ], [ -100.722081302348329, 20.027436829774096 ], [ -100.721791141794455, 20.028483689520517 ], [ -100.721341298035412, 20.028359981385506 ] ] ] ] } },
{ "type": "Feature", "properties": { "ID": 21, "ENTIDAD": 11, "MUNICIPIO": 2, "NOMBRE": "ACAMBARO", "CONTROL": 39, "GEOMETRY1_": null, "ID_2": 78, "ENTIDAD_2": 11, "DISTRITO_F": 14, "DISTRITO_L": 22, "MUNICIPIO_2": 2, "SECCION": 78, "TIPO": 2, "CONTROL_2": 5347, "GEOMETRY1__2": null }, "geometry": { "type": "MultiPolygon", "coordinates": [ [ [ [ -100.719392520431441, 20.026243689976397 ], [ -100.719429864268008, 20.026107852834528 ], [ -100.719275720399253, 20.026075481772722 ], [ -100.719118894018791, 20.026037041128593 ], [ -100.71908398912754, 20.026148312889482 ], [ -100.718506259623751, 20.026029329865672 ], [ -100.718882363088298, 20.024578167198502 ], [ -100.719164132220314, 20.023341889659775 ], [ -100.719362359971669, 20.022520051111027 ], [ -100.719187126285391, 20.021954024408384 ], [ -100.719158391414382, 20.021861206721841 ], [ -100.719051976937806, 20.021372790105289 ], [ -100.719046644739279, 20.02134831651092 ], [ -100.718782801132491, 20.020860959579338 ], [ -100.718502274981049, 20.020342783525969 ], [ -100.718420776026946, 20.019907386382155 ], [ -100.718413822876116, 20.019870239974818 ], [ -100.718360759567418, 20.01958675464256 ], [ -100.718252561757424, 20.019008714901595 ], [ -100.718157144039239, 20.018498947579385 ], [ -100.718178162457605, 20.018237370924336 ], [ -100.718817808349968, 20.018161067280374 ], [ -100.719273380773146, 20.018103541692263 ], [ -100.719769330206674, 20.018039250501417 ], [ -100.719996459467211, 20.018239807875112 ], [ -100.721015536371496, 20.01805117348486 ], [ -100.721326332588987, 20.018875891223225 ], [ -100.721622113639711, 20.019660755699345 ], [ -100.721390415146416, 20.019816666420638 ], [ -100.721126407619721, 20.02010981355836 ], [ -100.721135680084885, 20.020222304175146 ], [ -100.721038519557467, 20.02059568088826 ], [ -100.720844927214657, 20.02058004016391 ], [ -100.720837252733432, 20.020754639414417 ], [ -100.720818772257445, 20.021205811366453 ], [ -100.72084958456324, 20.021526250847785 ], [ -100.720854222931919, 20.021574488440145 ], [ -100.720812001374384, 20.021984145202943 ], [ -100.720790511618745, 20.022080199904348 ], [ -100.720753939483146, 20.022389693336216 ], [ -100.720735976853376, 20.022541702648336 ], [ -100.720678984408892, 20.023073211899202 ], [ -100.72066795522889, 20.023538855754868 ], [ -100.720664938605452, 20.023646972305194 ], [ -100.720655217266511, 20.023995388035114 ], [ -100.720596548701721, 20.024520828080092 ], [ -100.720494219119999, 20.024584198666904 ], [ -100.720477023973572, 20.024779100086082 ], [ -100.720069153466227, 20.026403635421403 ], [ -100.719392520431441, 20.026243689976397 ] ] ] ] } },
{ "type": "Feature", "properties": { "ID": 21, "ENTIDAD": 11, "MUNICIPIO": 2, "NOMBRE": "ACAMBARO", "CONTROL": 39, "GEOMETRY1_": null, "ID_2": 79, "ENTIDAD_2": 11, "DISTRITO_F": 14, "DISTRITO_L": 22, "MUNICIPIO_2": 2, "SECCION": 79, "TIPO": 2, "CONTROL_2": 5354, "GEOMETRY1__2": null }, "geometry": { "type": "MultiPolygon", "coordinates": [ [ [ [ -100.717885071569384, 20.025875393618321 ], [ -100.717076475222044, 20.025675012039496 ], [ -100.717009626220829, 20.025658445722275 ], [ -100.716796509977229, 20.025605631703765 ], [ -100.716797649640839, 20.025554782653533 ], [ -100.716800683853279, 20.025419403520342 ], [ -100.716804857737529, 20.025233175333714 ], [ -100.716708540756827, 20.024948420204076 ], [ -100.716570636439556, 20.02473615820135 ], [ -100.716110123289951, 20.024211964963733 ], [ -100.715938686151617, 20.023773077857445 ], [ -100.71579446828548, 20.023499466394718 ], [ -100.715733006395254, 20.023302482486773 ], [ -100.715530992633617, 20.022909281139391 ], [ -100.715458569925389, 20.022805780192954 ], [ -100.715221092842214, 20.022466395022136 ], [ -100.714897808343878, 20.022352047566546 ], [ -100.714495885029081, 20.022019521397784 ], [ -100.714294387086142, 20.021761295287728 ], [ -100.714272286385452, 20.021732972457382 ], [ -100.714374571383757, 20.021199729546069 ], [ -100.7142802667762, 20.021158895018203 ], [ -100.714281687707739, 20.021135481822256 ], [ -100.714388009804097, 20.019383568221599 ], [ -100.714684770350843, 20.019026124493845 ], [ -100.715363693943274, 20.018841809601874 ], [ -100.71517711874462, 20.017826998570698 ], [ -100.715915590372234, 20.017788704697395 ], [ -100.716502365929074, 20.017649568393033 ], [ -100.716708170978265, 20.017613678999787 ], [ -100.717630733548177, 20.017452794468277 ], [ -100.718157144039239, 20.018498947579385 ], [ -100.718252561757424, 20.019008714901595 ], [ -100.718360759567418, 20.01958675464256 ], [ -100.718413822876116, 20.019870239974818 ], [ -100.718420776026946, 20.019907386382155 ], [ -100.718502274981049, 20.020342783525969 ], [ -100.718782801132491, 20.020860959579338 ], [ -100.719046644739279, 20.02134831651092 ], [ -100.719051976937806, 20.021372790105289 ], [ -100.719158391414382, 20.021861206721841 ], [ -100.719187126285391, 20.021954024408384 ], [ -100.719362359971669, 20.022520051111027 ], [ -100.719164132220314, 20.023341889659775 ], [ -100.718882363088298, 20.024578167198502 ], [ -100.718506259623751, 20.026029329865672 ], [ -100.717885071569384, 20.025875393618321 ] ] ] ] } },
{ "type": "Feature", "properties": { "ID": 21, "ENTIDAD": 11, "MUNICIPIO": 2, "NOMBRE": "ACAMBARO", "CONTROL": 39, "GEOMETRY1_": null, "ID_2": 80, "ENTIDAD_2": 11, "DISTRITO_F": 14, "DISTRITO_L": 22, "MUNICIPIO_2": 2, "SECCION": 80, "TIPO": 2, "CONTROL_2": 6960, "GEOMETRY1__2": null }, "geometry": { "type": "MultiPolygon", "coordinates": [ [ [ [ -100.723344647298703, 20.022580062593018 ], [ -100.723355605533129, 20.021964032767915 ], [ -100.723352239929369, 20.021452536123871 ], [ -100.723319659697452, 20.020895390613539 ], [ -100.723364133113066, 20.020719576112484 ], [ -100.723526993365937, 20.020461181840151 ], [ -100.724022003547375, 20.019948691644835 ], [ -100.724298828269781, 20.019546226533471 ], [ -100.72443756345136, 20.019339366136325 ], [ -100.724672277915289, 20.018989394926553 ], [ -100.724666904717751, 20.018915976238361 ], [ -100.724983554749699, 20.01839211113942 ], [ -100.725110770356281, 20.018107791980942 ], [ -100.725180484357168, 20.017940933173318 ], [ -100.725295701179107, 20.01766516369204 ], [ -100.725456757912823, 20.017339457209058 ], [ -100.725587752816665, 20.017115937861441 ], [ -100.725623651702151, 20.017054682723252 ], [ -100.725643130140867, 20.017021446170016 ], [ -100.726310084978067, 20.015714776464733 ], [ -100.726329458244379, 20.015678511247923 ], [ -100.726348831502307, 20.015642246029511 ], [ -100.727391781528866, 20.014992173267437 ], [ -100.727390694771202, 20.015435425213543 ], [ -100.727609802793907, 20.017375895703747 ], [ -100.727519304903709, 20.017453523795336 ], [ -100.727616392692624, 20.018485950543624 ], [ -100.727679982406102, 20.01915473559653 ], [ -100.727655434344086, 20.019577706488562 ], [ -100.727654357003175, 20.0195962693988 ], [ -100.727611255651695, 20.019831721577351 ], [ -100.727486750768634, 20.020171337317262 ], [ -100.727215160631445, 20.020716062668914 ], [ -100.727038595535021, 20.021066428602875 ], [ -100.726859703258953, 20.021414725536886 ], [ -100.726504803366169, 20.022002577091879 ], [ -100.726463127108943, 20.022071608790906 ], [ -100.726285540852516, 20.022261895285954 ], [ -100.725880867456723, 20.022596638853344 ], [ -100.72570221118508, 20.022734481457764 ], [ -100.725590539447396, 20.022312856704474 ], [ -100.725274510487381, 20.022604063859564 ], [ -100.725049986230857, 20.022677239891014 ], [ -100.724738077008936, 20.022738739924826 ], [ -100.724434057727223, 20.022814777673858 ], [ -100.723327405702591, 20.023024947821916 ], [ -100.723344647298703, 20.022580062593018 ] ] ] ] } },
{ "type": "Feature", "properties": { "ID": 21, "ENTIDAD": 11, "MUNICIPIO": 2, "NOMBRE": "ACAMBARO", "CONTROL": 39, "GEOMETRY1_": null, "ID_2": 81, "ENTIDAD_2": 11, "DISTRITO_F": 14, "DISTRITO_L": 22, "MUNICIPIO_2": 2, "SECCION": 81, "TIPO": 2, "CONTROL_2": 5352, "GEOMETRY1__2": null }, "geometry": { "type": "MultiPolygon", "coordinates": [ [ [ [ -100.731731761956681, 20.027259192982861 ], [ -100.730655607478795, 20.027041748168742 ], [ -100.730401107329911, 20.027029211613829 ], [ -100.729679814815142, 20.026912776693987 ], [ -100.729754773104233, 20.026572274759758 ], [ -100.729945472345946, 20.025706007998991 ], [ -100.730246626080671, 20.024427624919277 ], [ -100.730348791090691, 20.023993935390401 ], [ -100.730240724315451, 20.024051682868926 ], [ -100.730132657457531, 20.024109430287005 ], [ -100.729767003110311, 20.024772497755482 ], [ -100.728655157276037, 20.024439324049975 ], [ -100.728450863103234, 20.024250187717083 ], [ -100.728320073306065, 20.024125318095805 ], [ -100.728127325007122, 20.023951649499061 ], [ -100.728103564129995, 20.02392865531796 ], [ -100.727707278204051, 20.023565551360321 ], [ -100.727896486134128, 20.023293019363948 ], [ -100.728473961781049, 20.022461226304131 ], [ -100.728853291600373, 20.021833156604426 ], [ -100.729142466147238, 20.021055039612882 ], [ -100.729297554888177, 20.020637720562817 ], [ -100.729314517586417, 20.020330175132401 ], [ -100.729401514087755, 20.020289076811714 ], [ -100.730929879768325, 20.019389450044997 ], [ -100.731129573435666, 20.018905877131317 ], [ -100.731242148239033, 20.018518333532946 ], [ -100.733740918992126, 20.016285637126654 ], [ -100.735679115811507, 20.016200399048589 ], [ -100.738061940194001, 20.018307972418512 ], [ -100.739292176193672, 20.019322461257385 ], [ -100.740771165152353, 20.017782114296356 ], [ -100.741096119878165, 20.017972187988423 ], [ -100.741297553900552, 20.017695561136076 ], [ -100.741494747202353, 20.017698319814734 ], [ -100.741889525882826, 20.017703841995754 ], [ -100.741927227033742, 20.022984128065517 ], [ -100.741929645923463, 20.023323229121029 ], [ -100.741850490099537, 20.023787407837492 ], [ -100.741479556996879, 20.025962573560388 ], [ -100.738145019637912, 20.025768916147136 ], [ -100.735580571280764, 20.025477676688496 ], [ -100.735142870014599, 20.025443643158003 ], [ -100.734909374545907, 20.025401785294548 ], [ -100.735022244078522, 20.024802340015871 ], [ -100.735030630864628, 20.024757798007489 ], [ -100.734587506837585, 20.024672782414314 ], [ -100.734312046220822, 20.024619786748506 ], [ -100.733402790343703, 20.024448370113173 ], [ -100.732428475803303, 20.024264682664789 ], [ -100.732533133121279, 20.025290196527358 ], [ -100.732580164852237, 20.02550271034643 ], [ -100.732586056845534, 20.025529333386977 ], [ -100.73265211157586, 20.025936197141732 ], [ -100.732562166384298, 20.026379574931262 ], [ -100.732491289027735, 20.026731730336248 ], [ -100.732422803690866, 20.02707211000169 ], [ -100.732401101503768, 20.02718272714247 ], [ -100.731990821287468, 20.027233119987745 ], [ -100.731862355416155, 20.027224217150494 ], [ -100.731771997440816, 20.027218767010471 ], [ -100.731754980781517, 20.027263884434635 ], [ -100.731731761956681, 20.027259192982861 ] ] ] ] } },
{ "type": "Feature", "properties": { "ID": 21, "ENTIDAD": 11, "MUNICIPIO": 2, "NOMBRE": "ACAMBARO", "CONTROL": 39, "GEOMETRY1_": null, "ID_2": 51, "ENTIDAD_2": 11, "DISTRITO_F": 14, "DISTRITO_L": 22, "MUNICIPIO_2": 2, "SECCION": 51, "TIPO": 3, "CONTROL_2": 4147, "GEOMETRY1__2": null }, "geometry": { "type": "MultiPolygon", "coordinates": [ [ [ [ -100.698714348923062, 20.067161222716489 ], [ -100.698557134376557, 20.066214765225965 ], [ -100.700295195980161, 20.064548185725702 ], [ -100.701493798484719, 20.063906657738073 ], [ -100.701160781329762, 20.062385518195626 ], [ -100.700591419699464, 20.06135706159364 ], [ -100.69922690851115, 20.061696939067065 ], [ -100.699165433349322, 20.061712251249272 ], [ -100.699092629673302, 20.061730384946973 ], [ -100.698564738776525, 20.061861870494646 ], [ -100.692757178518931, 20.063293128189287 ], [ -100.690814002552571, 20.06377197113164 ], [ -100.690554818150574, 20.062508401096075 ], [ -100.690938423166173, 20.060795563495351 ], [ -100.690603852932682, 20.060611868231206 ], [ -100.690055553353432, 20.06031406156157 ], [ -100.690004818808916, 20.060191661033898 ], [ -100.689431636477821, 20.058808804002879 ], [ -100.68671964718537, 20.053926354595944 ], [ -100.687455078184556, 20.052466854563072 ], [ -100.685044421843841, 20.048117668664794 ], [ -100.684754331707012, 20.048246242051782 ], [ -100.684521291618196, 20.048291185689305 ], [ -100.684229818517295, 20.04833702289547 ], [ -100.683936272202288, 20.048258756552208 ], [ -100.683758900821886, 20.048137334644871 ], [ -100.68363858063438, 20.047932283490233 ], [ -100.683666069696244, 20.047828417407668 ], [ -100.6836935587271, 20.047724551322361 ], [ -100.683923834392729, 20.047514138027445 ], [ -100.684152727378816, 20.047220989084447 ], [ -100.684383692789794, 20.047051942966288 ], [ -100.684732559066916, 20.046943160172475 ], [ -100.685081424813717, 20.046834376723517 ], [ -100.684646826876701, 20.045310030487645 ], [ -100.683882377916987, 20.045032075777684 ], [ -100.683763442005173, 20.044909759907753 ], [ -100.68386372395311, 20.043915147514038 ], [ -100.681588355548755, 20.04415682283328 ], [ -100.679113631019732, 20.042130852673445 ], [ -100.678627678275944, 20.041399972921678 ], [ -100.678214568975562, 20.040864996159282 ], [ -100.677976588441751, 20.040287500187461 ], [ -100.678028927435705, 20.039418553668735 ], [ -100.678495244972368, 20.039208664819302 ], [ -100.678903965923055, 20.039123241157093 ], [ -100.679724331332565, 20.039365991007923 ], [ -100.680077798247083, 20.039735911037027 ], [ -100.681552499754375, 20.041546075080895 ], [ -100.68167003189528, 20.041628020443436 ], [ -100.682199221222618, 20.042038133418348 ], [ -100.68267023330769, 20.042489992152724 ], [ -100.684898096986714, 20.043302445456618 ], [ -100.685775494284727, 20.043337977238835 ], [ -100.687646057343557, 20.043242809841704 ], [ -100.688978556106122, 20.041496739782183 ], [ -100.689088126640854, 20.040461965576252 ], [ -100.689255283258888, 20.039302722183823 ], [ -100.689542626751219, 20.038597656858059 ], [ -100.690065034254388, 20.038056470666298 ], [ -100.692019472475351, 20.036910893751664 ], [ -100.693991683305697, 20.037135603443893 ], [ -100.695945053399385, 20.037598147725113 ], [ -100.696564361628617, 20.038277701881668 ], [ -100.697507926757922, 20.03886399941312 ], [ -100.697956354184484, 20.039142632701477 ], [ -100.699379126957197, 20.039961747076678 ], [ -100.700806130300208, 20.040492325792925 ], [ -100.701467980880651, 20.040705433811375 ], [ -100.701887573702933, 20.040850638929729 ], [ -100.70256667951503, 20.040940671449654 ], [ -100.703775518256265, 20.041051936002081 ], [ -100.704965117667427, 20.041101925120905 ], [ -100.706746908711764, 20.040935498427796 ], [ -100.707444308584272, 20.040998998695422 ], [ -100.709168937970105, 20.040701415871997 ], [ -100.710197682573394, 20.040480777840589 ], [ -100.711505173452437, 20.040266215863241 ], [ -100.714164774697934, 20.039669832029308 ], [ -100.714343314542475, 20.039573659030399 ], [ -100.714444759332238, 20.039573799365922 ], [ -100.714944050153065, 20.039574489220957 ], [ -100.716221977438423, 20.03967419956491 ], [ -100.716714266323436, 20.039550236331205 ], [ -100.717058810435987, 20.039330164349892 ], [ -100.717205499543738, 20.039300954718644 ], [ -100.718405382163425, 20.038916472535067 ], [ -100.718630645131441, 20.03884643619379 ], [ -100.718876832953626, 20.038835965883337 ], [ -100.719194896339246, 20.038868861887874 ], [ -100.719547883701267, 20.038905369245665 ], [ -100.719735813044039, 20.038926273538632 ], [ -100.720430748162144, 20.039564140668194 ], [ -100.720703511646732, 20.03977265760242 ], [ -100.720787676280736, 20.039837564651915 ], [ -100.721130478805463, 20.040101930027831 ], [ -100.721642064412833, 20.040641547767027 ], [ -100.722486067405583, 20.041466896210093 ], [ -100.723507198882899, 20.042357199173303 ], [ -100.724171916263032, 20.042917544489057 ], [ -100.724909599530605, 20.043209539981738 ], [ -100.724737353344423, 20.043418282518161 ], [ -100.724013000283122, 20.043865240211243 ], [ -100.722361335863397, 20.044602940595428 ], [ -100.721693259343382, 20.044895326075249 ], [ -100.719554133874738, 20.050654680694095 ], [ -100.717842313692287, 20.050125842833395 ], [ -100.717767703753736, 20.050102792887209 ], [ -100.717486344238864, 20.050015869507817 ], [ -100.71646104772428, 20.049699109066168 ], [ -100.715976978295018, 20.049944739277798 ], [ -100.715028679777689, 20.050129163441564 ], [ -100.714437262776357, 20.05022176669074 ], [ -100.713937485858906, 20.050407067196129 ], [ -100.71372773215073, 20.050455490441426 ], [ -100.713567532889172, 20.050478703599111 ], [ -100.71304086133128, 20.050527128229245 ], [ -100.712942406376527, 20.050607503669603 ], [ -100.712644926373187, 20.050653706440443 ], [ -100.712250400083704, 20.050910232675303 ], [ -100.711921319144622, 20.050881984312948 ], [ -100.711017813849949, 20.050804424042731 ], [ -100.710617318621559, 20.051180808820313 ], [ -100.710320229342699, 20.051526783824116 ], [ -100.710242881794471, 20.052033592088367 ], [ -100.710251955706681, 20.052571364017815 ], [ -100.710202596054174, 20.053110038482945 ], [ -100.710327840090102, 20.053604638096104 ], [ -100.71039395281683, 20.054058773139026 ], [ -100.710517104075549, 20.054429271302762 ], [ -100.710698690363898, 20.054798866561601 ], [ -100.710821843040748, 20.055169364388835 ], [ -100.710888656445746, 20.055664866059107 ], [ -100.710894940729517, 20.056037169415568 ], [ -100.710726618404735, 20.056453548354256 ], [ -100.7106153340101, 20.05678629030546 ], [ -100.708322227419444, 20.066379984705716 ], [ -100.707727374456724, 20.065768500771288 ], [ -100.70766335462703, 20.06543846630883 ], [ -100.707187476864661, 20.064949277170655 ], [ -100.706689008132656, 20.064853524760824 ], [ -100.70619053989617, 20.064757770899078 ], [ -100.706376774969627, 20.065554697697326 ], [ -100.705047506581451, 20.065742666611627 ], [ -100.70502564510997, 20.065745735822382 ], [ -100.698724377520037, 20.067218502335784 ], [ -100.698714348923062, 20.067161222716489 ] ] ] ] } },
{ "type": "Feature", "properties": { "ID": 21, "ENTIDAD": 11, "MUNICIPIO": 2, "NOMBRE": "ACAMBARO", "CONTROL": 39, "GEOMETRY1_": null, "ID_2": 52, "ENTIDAD_2": 11, "DISTRITO_F": 14, "DISTRITO_L": 22, "MUNICIPIO_2": 2, "SECCION": 52, "TIPO": 2, "CONTROL_2": 5292, "GEOMETRY1__2": null }, "geometry": { "type": "MultiPolygon", "coordinates": [ [ [ [ -100.72755520220818, 20.046238228733817 ], [ -100.727464570562489, 20.045927685558574 ], [ -100.727177301474825, 20.045362592368445 ], [ -100.726843479302232, 20.044971986832042 ], [ -100.72639240429001, 20.044682046281153 ], [ -100.724909599530605, 20.043209539981738 ], [ -100.724171916263032, 20.042917544489057 ], [ -100.723507198882899, 20.042357199173303 ], [ -100.722486067405583, 20.041466896210093 ], [ -100.721642064412833, 20.040641547767027 ], [ -100.721130478805463, 20.040101930027831 ], [ -100.720787676280736, 20.039837564651915 ], [ -100.720703511646732, 20.03977265760242 ], [ -100.720430748162144, 20.039564140668194 ], [ -100.719735813044039, 20.038926273538632 ], [ -100.719547883701267, 20.038905369245665 ], [ -100.719194896339246, 20.038868861887874 ], [ -100.718876832953626, 20.038835965883337 ], [ -100.718630645131441, 20.03884643619379 ], [ -100.718405382163425, 20.038916472535067 ], [ -100.717205499543738, 20.039300954718644 ], [ -100.717058810435987, 20.039330164349892 ], [ -100.716714266323436, 20.039550236331205 ], [ -100.716221977438423, 20.03967419956491 ], [ -100.716185572732215, 20.03942824181194 ], [ -100.716168488714629, 20.039312818298612 ], [ -100.716316980775801, 20.039291933041209 ], [ -100.716522083991279, 20.039235443650185 ], [ -100.716673856681055, 20.039174690998532 ], [ -100.71691516329372, 20.03900502710459 ], [ -100.716941876452012, 20.038980545988945 ], [ -100.716968589602004, 20.038956064869797 ], [ -100.717166464110974, 20.038917173887334 ], [ -100.718084407273409, 20.038604850153494 ], [ -100.718585556166914, 20.03854388920087 ], [ -100.71861188349628, 20.038438221318721 ], [ -100.718763589835063, 20.03782932742579 ], [ -100.718789562550967, 20.03783688036933 ], [ -100.719245246157328, 20.037969393770705 ], [ -100.719624887884166, 20.038140483932825 ], [ -100.719909089264192, 20.038305411837271 ], [ -100.720641448061613, 20.038871354621836 ], [ -100.720671532360456, 20.038895044815757 ], [ -100.721872903842083, 20.039861655653663 ], [ -100.722029716612937, 20.040032543531588 ], [ -100.722236335357252, 20.04020770259822 ], [ -100.723459692936714, 20.041244778697433 ], [ -100.72356586510071, 20.041328402831073 ], [ -100.723688204906153, 20.041370523023129 ], [ -100.723824867444975, 20.041419414418787 ], [ -100.724022403836628, 20.041424075959892 ], [ -100.724332670235555, 20.041326638338337 ], [ -100.724446844316617, 20.040985615095028 ], [ -100.725006175183154, 20.03922413302783 ], [ -100.725257781275687, 20.038419183544864 ], [ -100.72548757801745, 20.037684000998084 ], [ -100.727124441306188, 20.038184070339913 ], [ -100.728454097472351, 20.038618713109273 ], [ -100.729288074966348, 20.038884803718968 ], [ -100.729680634133686, 20.039008940124447 ], [ -100.729700646715841, 20.039015928095996 ], [ -100.729721322434216, 20.039023195065436 ], [ -100.729748492630435, 20.039032151584145 ], [ -100.730919200459695, 20.039466865341861 ], [ -100.73091956054931, 20.039499728848174 ], [ -100.730919920639664, 20.039532592354448 ], [ -100.730464036578539, 20.044585428449135 ], [ -100.729381788485938, 20.044077833832663 ], [ -100.72852043092503, 20.044347627160988 ], [ -100.728280333723788, 20.044707768876741 ], [ -100.728049445321304, 20.045120118822247 ], [ -100.728654766805533, 20.045441116754617 ], [ -100.729190829303946, 20.045781540425086 ], [ -100.727966987849641, 20.046345424786949 ], [ -100.72755520220818, 20.046238228733817 ] ] ] ] } },
{ "type": "Feature", "properties": { "ID": 21, "ENTIDAD": 11, "MUNICIPIO": 2, "NOMBRE": "ACAMBARO", "CONTROL": 39, "GEOMETRY1_": null, "ID_2": 53, "ENTIDAD_2": 11, "DISTRITO_F": 14, "DISTRITO_L": 22, "MUNICIPIO_2": 2, "SECCION": 53, "TIPO": 2, "CONTROL_2": 5290, "GEOMETRY1__2": null }, "geometry": { "type": "MultiPolygon", "coordinates": [ [ [ [ -100.723824867444975, 20.041419414418787 ], [ -100.723688204906153, 20.041370523023129 ], [ -100.72356586510071, 20.041328402831073 ], [ -100.723459692936714, 20.041244778697433 ], [ -100.722236335357252, 20.04020770259822 ], [ -100.722029716612937, 20.040032543531588 ], [ -100.721872903842083, 20.039861655653663 ], [ -100.720671532360456, 20.038895044815757 ], [ -100.720641448061613, 20.038871354621836 ], [ -100.719909089264192, 20.038305411837271 ], [ -100.719624887884166, 20.038140483932825 ], [ -100.719245246157328, 20.037969393770705 ], [ -100.719255318514513, 20.037931143880492 ], [ -100.719392668676846, 20.037409553472276 ], [ -100.71978752922719, 20.035910044661684 ], [ -100.721368423930585, 20.036400688736876 ], [ -100.722950742921071, 20.036895547528477 ], [ -100.723367915559948, 20.037023307663954 ], [ -100.724283586937972, 20.037303729972219 ], [ -100.72548757801745, 20.037684000998084 ], [ -100.725257781275687, 20.038419183544864 ], [ -100.725006175183154, 20.03922413302783 ], [ -100.724446844316617, 20.040985615095028 ], [ -100.724332670235555, 20.041326638338337 ], [ -100.724022403836628, 20.041424075959892 ], [ -100.723824867444975, 20.041419414418787 ] ] ] ] } },
{ "type": "Feature", "properties": { "ID": 21, "ENTIDAD": 11, "MUNICIPIO": 2, "NOMBRE": "ACAMBARO", "CONTROL": 39, "GEOMETRY1_": null, "ID_2": 54, "ENTIDAD_2": 11, "DISTRITO_F": 14, "DISTRITO_L": 22, "MUNICIPIO_2": 2, "SECCION": 54, "TIPO": 2, "CONTROL_2": 6952, "GEOMETRY1__2": null }, "geometry": { "type": "MultiPolygon", "coordinates": [ [ [ [ -100.716107634167997, 20.038871053139204 ], [ -100.716089196649364, 20.038737207880281 ], [ -100.716019110923114, 20.038228425068713 ], [ -100.716300810662489, 20.038082910723549 ], [ -100.715236160496303, 20.037680191309423 ], [ -100.715254831722191, 20.037627576223773 ], [ -100.715313187397285, 20.037463131060289 ], [ -100.71541389852996, 20.037179328282523 ], [ -100.715515269663172, 20.036893664666678 ], [ -100.715541956053116, 20.036818462321477 ], [ -100.715600444923439, 20.036685740863248 ], [ -100.715729666661957, 20.036289459947948 ], [ -100.715740899166676, 20.036255013434182 ], [ -100.715757285679274, 20.036207444842159 ], [ -100.715834691970585, 20.035987605805026 ], [ -100.715936175965993, 20.03569938361375 ], [ -100.71604714196728, 20.035384230686311 ], [ -100.71625251942838, 20.034800938043439 ], [ -100.716320227120377, 20.034822704154127 ], [ -100.71703461324131, 20.035052357119664 ], [ -100.717755279313977, 20.035284025201754 ], [ -100.719322698841452, 20.035762282805493 ], [ -100.71978752922719, 20.035910044661684 ], [ -100.719392668676846, 20.037409553472276 ], [ -100.719255318514513, 20.037931143880492 ], [ -100.719245246157328, 20.037969393770705 ], [ -100.718789562550967, 20.03783688036933 ], [ -100.718763589835063, 20.03782932742579 ], [ -100.71861188349628, 20.038438221318721 ], [ -100.718585556166914, 20.03854388920087 ], [ -100.718084407273409, 20.038604850153494 ], [ -100.717166464110974, 20.038917173887334 ], [ -100.716968589602004, 20.038956064869797 ], [ -100.716941876452012, 20.038980545988945 ], [ -100.71691516329372, 20.03900502710459 ], [ -100.716673856681055, 20.039174690998532 ], [ -100.716522083991279, 20.039235443650185 ], [ -100.716316980775801, 20.039291933041209 ], [ -100.716168488714629, 20.039312818298612 ], [ -100.716107634167997, 20.038871053139204 ] ] ] ] } },
{ "type": "Feature", "properties": { "ID": 21, "ENTIDAD": 11, "MUNICIPIO": 2, "NOMBRE": "ACAMBARO", "CONTROL": 39, "GEOMETRY1_": null, "ID_2": 55, "ENTIDAD_2": 11, "DISTRITO_F": 14, "DISTRITO_L": 22, "MUNICIPIO_2": 2, "SECCION": 55, "TIPO": 2, "CONTROL_2": 6953, "GEOMETRY1__2": null }, "geometry": { "type": "MultiPolygon", "coordinates": [ [ [ [ -100.707556241761637, 20.038840551306929 ], [ -100.70794716649516, 20.038739001489098 ], [ -100.708614057914076, 20.038565762046165 ], [ -100.709122824904682, 20.03842172685307 ], [ -100.70947812301749, 20.038303905920948 ], [ -100.709833152902533, 20.038161354444142 ], [ -100.710813695755675, 20.037780887013408 ], [ -100.711113853474757, 20.037706878010063 ], [ -100.711681870766554, 20.037634882160404 ], [ -100.711710664602691, 20.037522378667383 ], [ -100.712112653846376, 20.036821096231815 ], [ -100.712132814291877, 20.036791872910378 ], [ -100.712157768170215, 20.036755701311311 ], [ -100.712182722037497, 20.036719529709512 ], [ -100.71223262973902, 20.036647186497337 ], [ -100.712658043010819, 20.036233590485075 ], [ -100.712864943458726, 20.036048723395915 ], [ -100.713476057229428, 20.035502684929746 ], [ -100.713549582491865, 20.035415598553538 ], [ -100.714099977001112, 20.034978395539525 ], [ -100.714224340323483, 20.034897214430874 ], [ -100.714865317041856, 20.034385553518177 ], [ -100.714896212878955, 20.034394240113297 ], [ -100.715646241626104, 20.03460511429698 ], [ -100.71625251942838, 20.034800938043439 ], [ -100.71604714196728, 20.035384230686311 ], [ -100.715936175965993, 20.03569938361375 ], [ -100.715834691970585, 20.035987605805026 ], [ -100.715757285679274, 20.036207444842159 ], [ -100.715740899166676, 20.036255013434182 ], [ -100.715729666661957, 20.036289459947948 ], [ -100.715600444923439, 20.036685740863248 ], [ -100.715541956053116, 20.036818462321477 ], [ -100.715515269663172, 20.036893664666678 ], [ -100.71541389852996, 20.037179328282523 ], [ -100.715313187397285, 20.037463131060289 ], [ -100.715254831722191, 20.037627576223773 ], [ -100.715236160496303, 20.037680191309423 ], [ -100.716300810662489, 20.038082910723549 ], [ -100.716019110923114, 20.038228425068713 ], [ -100.716089196649364, 20.038737207880281 ], [ -100.716107634167997, 20.038871053139204 ], [ -100.716168488714629, 20.039312818298612 ], [ -100.716185572732215, 20.03942824181194 ], [ -100.716221977438423, 20.03967419956491 ], [ -100.714944050153065, 20.039574489220957 ], [ -100.714444759332238, 20.039573799365922 ], [ -100.714343314542475, 20.039573659030399 ], [ -100.71419440693451, 20.03854416327987 ], [ -100.71279226646655, 20.038745900216021 ], [ -100.711610200183358, 20.03891596441597 ], [ -100.709150969666837, 20.039519274797744 ], [ -100.707865212998129, 20.039813376468882 ], [ -100.707556241761637, 20.038840551306929 ] ] ] ] } },
{ "type": "Feature", "properties": { "ID": 21, "ENTIDAD": 11, "MUNICIPIO": 2, "NOMBRE": "ACAMBARO", "CONTROL": 39, "GEOMETRY1_": null, "ID_2": 56, "ENTIDAD_2": 11, "DISTRITO_F": 14, "DISTRITO_L": 22, "MUNICIPIO_2": 2, "SECCION": 56, "TIPO": 2, "CONTROL_2": 5297, "GEOMETRY1__2": null }, "geometry": { "type": "MultiPolygon", "coordinates": [ [ [ [ -100.708369844356184, 20.037696436099047 ], [ -100.708059125126596, 20.036737027185914 ], [ -100.708264825063978, 20.036678428655268 ], [ -100.710257582171948, 20.035562620095092 ], [ -100.710383949223583, 20.033017846732893 ], [ -100.710802312065709, 20.033125882216172 ], [ -100.710896798640036, 20.033185220993552 ], [ -100.712308988184247, 20.033553343171448 ], [ -100.712868328015247, 20.033714623171917 ], [ -100.713716398130671, 20.034004847056636 ], [ -100.714865317041856, 20.034385553518177 ], [ -100.714224340323483, 20.034897214430874 ], [ -100.714099977001112, 20.034978395539525 ], [ -100.713549582491865, 20.035415598553538 ], [ -100.713476057229428, 20.035502684929746 ], [ -100.712864943458726, 20.036048723395915 ], [ -100.712658043010819, 20.036233590485075 ], [ -100.71223262973902, 20.036647186497337 ], [ -100.712182722037497, 20.036719529709512 ], [ -100.712157768170215, 20.036755701311311 ], [ -100.712132814291877, 20.036791872910378 ], [ -100.712112653846376, 20.036821096231815 ], [ -100.711710664602691, 20.037522378667383 ], [ -100.711681870766554, 20.037634882160404 ], [ -100.711113853474757, 20.037706878010063 ], [ -100.710813695755675, 20.037780887013408 ], [ -100.709833152902533, 20.038161354444142 ], [ -100.70947812301749, 20.038303905920948 ], [ -100.709122824904682, 20.03842172685307 ], [ -100.708614057914076, 20.038565762046165 ], [ -100.708369844356184, 20.037696436099047 ] ] ] ] } },
{ "type": "Feature", "properties": { "ID": 21, "ENTIDAD": 11, "MUNICIPIO": 2, "NOMBRE": "ACAMBARO", "CONTROL": 39, "GEOMETRY1_": null, "ID_2": 57, "ENTIDAD_2": 11, "DISTRITO_F": 14, "DISTRITO_L": 22, "MUNICIPIO_2": 2, "SECCION": 57, "TIPO": 2, "CONTROL_2": 5300, "GEOMETRY1__2": null }, "geometry": { "type": "MultiPolygon", "coordinates": [ [ [ [ -100.703775518256265, 20.041051936002081 ], [ -100.70256667951503, 20.040940671449654 ], [ -100.701887573702933, 20.040850638929729 ], [ -100.701467980880651, 20.040705433811375 ], [ -100.700806130300208, 20.040492325792925 ], [ -100.699379126957197, 20.039961747076678 ], [ -100.697956354184484, 20.039142632701477 ], [ -100.697507926757922, 20.03886399941312 ], [ -100.696564361628617, 20.038277701881668 ], [ -100.695945053399385, 20.037598147725113 ], [ -100.693991683305697, 20.037135603443893 ], [ -100.694027516399345, 20.035729735178226 ], [ -100.694041235855423, 20.035191472699442 ], [ -100.694081781378856, 20.034843803449736 ], [ -100.69428870628883, 20.034920169718692 ], [ -100.694935850129568, 20.034521736923342 ], [ -100.695145294832216, 20.034392785337801 ], [ -100.695343159507075, 20.034270962974137 ], [ -100.695421151093996, 20.034236420219127 ], [ -100.695313137575241, 20.033940273654803 ], [ -100.69528574945636, 20.033859158501627 ], [ -100.695203715260604, 20.033611766619281 ], [ -100.695173671688849, 20.033398132310353 ], [ -100.695138891239793, 20.033162288901163 ], [ -100.695133407806068, 20.032969663635793 ], [ -100.695117950499395, 20.032548872901263 ], [ -100.695105309886884, 20.032346170287774 ], [ -100.69500467972496, 20.03104919233817 ], [ -100.694904051978952, 20.029752215268793 ], [ -100.694823268995407, 20.028685336965033 ], [ -100.694757196270359, 20.027812716339284 ], [ -100.694731160131738, 20.027401280783589 ], [ -100.694710198048043, 20.027070023990081 ], [ -100.694658610472345, 20.026224582790739 ], [ -100.694562968740541, 20.024453209832473 ], [ -100.694678176581817, 20.024246971614598 ], [ -100.695916399737541, 20.024203892076887 ], [ -100.697695520043794, 20.024141978789913 ], [ -100.697837697178286, 20.026239087778368 ], [ -100.697874294044439, 20.026778876066107 ], [ -100.697943726453062, 20.027802958367158 ], [ -100.698018322047346, 20.028903170406466 ], [ -100.697984824561317, 20.029627982374677 ], [ -100.69797739412563, 20.029788760554286 ], [ -100.697950463574955, 20.030353029282139 ], [ -100.697873673895359, 20.03203303233148 ], [ -100.697845586078884, 20.03264078789536 ], [ -100.697813321919909, 20.033338909134422 ], [ -100.697837040558639, 20.033437424001132 ], [ -100.697939858063037, 20.033864472619076 ], [ -100.698040749640242, 20.034283519250785 ], [ -100.698059200241246, 20.034360152335619 ], [ -100.697533527633226, 20.034839891159315 ], [ -100.69706645457677, 20.035266147327913 ], [ -100.696981079986912, 20.035344060781824 ], [ -100.697053481570606, 20.035441479732679 ], [ -100.697319163961595, 20.035798963627421 ], [ -100.697549035578149, 20.036108261269209 ], [ -100.697695556736846, 20.036305408073407 ], [ -100.697997009906999, 20.036443461359021 ], [ -100.701387159433551, 20.03799595811585 ], [ -100.70263674612788, 20.037822662133827 ], [ -100.703910630549728, 20.03764598709791 ], [ -100.704646551045101, 20.037543917965099 ], [ -100.705338648280886, 20.0374479240533 ], [ -100.705777021427252, 20.03738712023587 ], [ -100.705812223534195, 20.037377092622286 ], [ -100.706219444608351, 20.037261091715195 ], [ -100.706661867001117, 20.037135062137281 ], [ -100.70737616265103, 20.036931583340365 ], [ -100.708059125126596, 20.036737027185914 ], [ -100.708369844356184, 20.037696436099047 ], [ -100.708614057914076, 20.038565762046165 ], [ -100.70794716649516, 20.038739001489098 ], [ -100.707556241761637, 20.038840551306929 ], [ -100.707865212998129, 20.039813376468882 ], [ -100.709150969666837, 20.039519274797744 ], [ -100.711610200183358, 20.03891596441597 ], [ -100.71279226646655, 20.038745900216021 ], [ -100.71419440693451, 20.03854416327987 ], [ -100.714343314542475, 20.039573659030399 ], [ -100.714164774697934, 20.039669832029308 ], [ -100.711505173452437, 20.040266215863241 ], [ -100.710197682573394, 20.040480777840589 ], [ -100.709168937970105, 20.040701415871997 ], [ -100.707444308584272, 20.040998998695422 ], [ -100.706746908711764, 20.040935498427796 ], [ -100.704965117667427, 20.041101925120905 ], [ -100.703775518256265, 20.041051936002081 ] ] ] ] } },
{ "type": "Feature", "properties": { "ID": 21, "ENTIDAD": 11, "MUNICIPIO": 2, "NOMBRE": "ACAMBARO", "CONTROL": 39, "GEOMETRY1_": null, "ID_2": 58, "ENTIDAD_2": 11, "DISTRITO_F": 14, "DISTRITO_L": 22, "MUNICIPIO_2": 2, "SECCION": 58, "TIPO": 2, "CONTROL_2": 5298, "GEOMETRY1__2": null }, "geometry": { "type": "MultiPolygon", "coordinates": [ [ [ [ -100.694081781378856, 20.034843803449736 ], [ -100.692579487620506, 20.033469057622305 ], [ -100.692332124647422, 20.033521633226709 ], [ -100.690668193809671, 20.034416205395416 ], [ -100.690632779190068, 20.034416543821425 ], [ -100.689951668667732, 20.033653173922055 ], [ -100.689810010816245, 20.033654526960728 ], [ -100.689218427205802, 20.032982349230032 ], [ -100.689116111778731, 20.033025822991533 ], [ -100.68907739593574, 20.033042273308077 ], [ -100.688214307383674, 20.032648835392031 ], [ -100.688454697878271, 20.031943609530749 ], [ -100.68894222708829, 20.030962326997567 ], [ -100.685319159468932, 20.030182697945268 ], [ -100.685248331929955, 20.030183372512866 ], [ -100.683085417537143, 20.02995291092024 ], [ -100.683126598282371, 20.029108233631316 ], [ -100.683191798190151, 20.028395634869195 ], [ -100.683199816763477, 20.028307996066172 ], [ -100.682863838110165, 20.028453895210376 ], [ -100.682595285038445, 20.02851648584241 ], [ -100.682435362362753, 20.028553758192022 ], [ -100.682040181230619, 20.028607689972755 ], [ -100.681226663258911, 20.028560590505212 ], [ -100.68087526886093, 20.028480190848917 ], [ -100.680406353555824, 20.028317843476842 ], [ -100.67999532257366, 20.028072388354893 ], [ -100.679701228784225, 20.02782615968993 ], [ -100.67934837586391, 20.027538956561656 ], [ -100.678995524211757, 20.027251752628498 ], [ -100.678700557602738, 20.026881441851202 ], [ -100.678522527463329, 20.026510358827068 ], [ -100.678402965609322, 20.026138889767878 ], [ -100.678458806149195, 20.025766263262383 ], [ -100.678623626404601, 20.025209056152708 ], [ -100.679031533347228, 20.024003217889117 ], [ -100.679141490161413, 20.023587755657392 ], [ -100.679245933425605, 20.022841350009454 ], [ -100.679237663992097, 20.022344934927613 ], [ -100.679052057884888, 20.021727090449183 ], [ -100.678870587331289, 20.021357453261455 ], [ -100.678514537769345, 20.021031857585605 ], [ -100.679784360272393, 20.020938175832612 ], [ -100.683117162142793, 20.021069947689409 ], [ -100.684107023864442, 20.020887239725404 ], [ -100.684071312812506, 20.019125140095195 ], [ -100.686580312401702, 20.019324394160726 ], [ -100.689767336021305, 20.019521584191384 ], [ -100.69204170289531, 20.019624779446168 ], [ -100.69281018287991, 20.01959626860036 ], [ -100.693864845197425, 20.019557134867341 ], [ -100.694192182398425, 20.019478560737063 ], [ -100.694678176581817, 20.024246971614598 ], [ -100.694562968740541, 20.024453209832473 ], [ -100.694658610472345, 20.026224582790739 ], [ -100.694710198048043, 20.027070023990081 ], [ -100.694731160131738, 20.027401280783589 ], [ -100.694757196270359, 20.027812716339284 ], [ -100.694823268995407, 20.028685336965033 ], [ -100.694904051978952, 20.029752215268793 ], [ -100.69500467972496, 20.03104919233817 ], [ -100.695105309886884, 20.032346170287774 ], [ -100.695117950499395, 20.032548872901263 ], [ -100.695133407806068, 20.032969663635793 ], [ -100.695138891239793, 20.033162288901163 ], [ -100.695173671688849, 20.033398132310353 ], [ -100.695203715260604, 20.033611766619281 ], [ -100.69528574945636, 20.033859158501627 ], [ -100.695313137575241, 20.033940273654803 ], [ -100.695421151093996, 20.034236420219127 ], [ -100.695343159507075, 20.034270962974137 ], [ -100.695145294832216, 20.034392785337801 ], [ -100.694935850129568, 20.034521736923342 ], [ -100.69428870628883, 20.034920169718692 ], [ -100.694081781378856, 20.034843803449736 ] ] ] ] } },
{ "type": "Feature", "properties": { "ID": 21, "ENTIDAD": 11, "MUNICIPIO": 2, "NOMBRE": "ACAMBARO", "CONTROL": 39, "GEOMETRY1_": null, "ID_2": 59, "ENTIDAD_2": 11, "DISTRITO_F": 14, "DISTRITO_L": 22, "MUNICIPIO_2": 2, "SECCION": 59, "TIPO": 2, "CONTROL_2": 5307, "GEOMETRY1__2": null }, "geometry": { "type": "MultiPolygon", "coordinates": [ [ [ [ -100.715646241626104, 20.03460511429698 ], [ -100.714896212878955, 20.034394240113297 ], [ -100.714865317041856, 20.034385553518177 ], [ -100.713716398130671, 20.034004847056636 ], [ -100.712868328015247, 20.033714623171917 ], [ -100.712308988184247, 20.033553343171448 ], [ -100.710896798640036, 20.033185220993552 ], [ -100.710802312065709, 20.033125882216172 ], [ -100.711140658855925, 20.032350164907722 ], [ -100.711406052886559, 20.031742141701077 ], [ -100.711477292791017, 20.031578432364796 ], [ -100.711498382428886, 20.031530660163572 ], [ -100.711526045193139, 20.031469268341748 ], [ -100.711922843294587, 20.031627895925975 ], [ -100.712195256523941, 20.031734867113318 ], [ -100.713460314035757, 20.03225463510168 ], [ -100.714205646005652, 20.032529871118765 ], [ -100.714887234870858, 20.032815984093759 ], [ -100.715496165697573, 20.033070884602857 ], [ -100.715679966556905, 20.033128326872575 ], [ -100.715766849250528, 20.033138873665859 ], [ -100.716649222148561, 20.033358408484897 ], [ -100.716670684926228, 20.033439880321009 ], [ -100.716465610699302, 20.034072945935328 ], [ -100.716453656072488, 20.034109040051646 ], [ -100.716362055713603, 20.034485268176905 ], [ -100.71625251942838, 20.034800938043439 ], [ -100.715646241626104, 20.03460511429698 ] ] ] ] } },
{ "type": "Feature", "properties": { "ID": 21, "ENTIDAD": 11, "MUNICIPIO": 2, "NOMBRE": "ACAMBARO", "CONTROL": 39, "GEOMETRY1_": null, "ID_2": 60, "ENTIDAD_2": 11, "DISTRITO_F": 14, "DISTRITO_L": 22, "MUNICIPIO_2": 2, "SECCION": 60, "TIPO": 2, "CONTROL_2": 6954, "GEOMETRY1__2": null }, "geometry": { "type": "MultiPolygon", "coordinates": [ [ [ [ -100.719322698841452, 20.035762282805493 ], [ -100.717755279313977, 20.035284025201754 ], [ -100.71703461324131, 20.035052357119664 ], [ -100.716320227120377, 20.034822704154127 ], [ -100.71625251942838, 20.034800938043439 ], [ -100.716362055713603, 20.034485268176905 ], [ -100.716453656072488, 20.034109040051646 ], [ -100.716465610699302, 20.034072945935328 ], [ -100.716670684926228, 20.033439880321009 ], [ -100.716649222148561, 20.033358408484897 ], [ -100.716744708091269, 20.03296715258621 ], [ -100.717007254564706, 20.031891353656729 ], [ -100.717403944131149, 20.030418915851001 ], [ -100.717449180675075, 20.030447921345296 ], [ -100.71892047161856, 20.030866716432385 ], [ -100.719959622890784, 20.031186390755582 ], [ -100.720970391471525, 20.031508085755878 ], [ -100.720671181262745, 20.032615311932201 ], [ -100.720575910762378, 20.03298416769621 ], [ -100.720564819219661, 20.033027110371702 ], [ -100.720463809917206, 20.033394747819546 ], [ -100.720399696962033, 20.033668295046915 ], [ -100.720188261166811, 20.034457963291921 ], [ -100.720034010185202, 20.035016905750552 ], [ -100.719923889967234, 20.035415934236067 ], [ -100.71978752922719, 20.035910044661684 ], [ -100.719322698841452, 20.035762282805493 ] ] ] ] } },
{ "type": "Feature", "properties": { "ID": 21, "ENTIDAD": 11, "MUNICIPIO": 2, "NOMBRE": "ACAMBARO", "CONTROL": 39, "GEOMETRY1_": null, "ID_2": 61, "ENTIDAD_2": 11, "DISTRITO_F": 14, "DISTRITO_L": 22, "MUNICIPIO_2": 2, "SECCION": 61, "TIPO": 2, "CONTROL_2": 6951, "GEOMETRY1__2": null }, "geometry": { "type": "MultiPolygon", "coordinates": [ [ [ [ -100.729721322434216, 20.039023195065436 ], [ -100.729700646715841, 20.039015928095996 ], [ -100.729680634133686, 20.039008940124447 ], [ -100.729288074966348, 20.038884803718968 ], [ -100.728454097472351, 20.038618713109273 ], [ -100.727124441306188, 20.038184070339913 ], [ -100.72548757801745, 20.037684000998084 ], [ -100.724283586937972, 20.037303729972219 ], [ -100.723367915559948, 20.037023307663954 ], [ -100.722950742921071, 20.036895547528477 ], [ -100.721368423930585, 20.036400688736876 ], [ -100.71978752922719, 20.035910044661684 ], [ -100.719923889967234, 20.035415934236067 ], [ -100.720034010185202, 20.035016905750552 ], [ -100.720188261166811, 20.034457963291921 ], [ -100.721778628182562, 20.034917268138731 ], [ -100.723379282338854, 20.035393158476207 ], [ -100.724752832747299, 20.035797333938188 ], [ -100.725973324847303, 20.036167327151226 ], [ -100.727490433208231, 20.036613156773878 ], [ -100.72755086562394, 20.036638408192172 ], [ -100.72761129805761, 20.036663659588314 ], [ -100.728355694438619, 20.036890447991659 ], [ -100.728803051594213, 20.037025537724329 ], [ -100.729622464470182, 20.037289185762464 ], [ -100.730270252857338, 20.037490060765691 ], [ -100.730776389134732, 20.037647008305463 ], [ -100.730798212779533, 20.037653258706275 ], [ -100.730823359933495, 20.037661180462262 ], [ -100.730845221080315, 20.03766919500579 ], [ -100.730870101450918, 20.037679508105313 ], [ -100.729886828092901, 20.038783142702226 ], [ -100.729748492630435, 20.039032151584145 ], [ -100.729721322434216, 20.039023195065436 ] ] ] ] } },
{ "type": "Feature", "properties": { "ID": 21, "ENTIDAD": 11, "MUNICIPIO": 2, "NOMBRE": "ACAMBARO", "CONTROL": 39, "GEOMETRY1_": null, "ID_2": 65, "ENTIDAD_2": 11, "DISTRITO_F": 14, "DISTRITO_L": 22, "MUNICIPIO_2": 2, "SECCION": 65, "TIPO": 3, "CONTROL_2": 5276, "GEOMETRY1__2": null }, "geometry": { "type": "MultiPolygon", "coordinates": [ [ [ [ -100.697997009906999, 20.036443461359021 ], [ -100.697695556736846, 20.036305408073407 ], [ -100.697549035578149, 20.036108261269209 ], [ -100.697319163961595, 20.035798963627421 ], [ -100.697053481570606, 20.035441479732679 ], [ -100.696981079986912, 20.035344060781824 ], [ -100.69706645457677, 20.035266147327913 ], [ -100.697533527633226, 20.034839891159315 ], [ -100.698059200241246, 20.034360152335619 ], [ -100.698040749640242, 20.034283519250785 ], [ -100.697939858063037, 20.033864472619076 ], [ -100.697837040558639, 20.033437424001132 ], [ -100.697813321919909, 20.033338909134422 ], [ -100.697845586078884, 20.03264078789536 ], [ -100.697873673895359, 20.03203303233148 ], [ -100.697950463574955, 20.030353029282139 ], [ -100.69797739412563, 20.029788760554286 ], [ -100.697984824561317, 20.029627982374677 ], [ -100.698018322047346, 20.028903170406466 ], [ -100.697943726453062, 20.027802958367158 ], [ -100.697874294044439, 20.026778876066107 ], [ -100.697837697178286, 20.026239087778368 ], [ -100.697695520043794, 20.024141978789913 ], [ -100.695916399737541, 20.024203892076887 ], [ -100.694678176581817, 20.024246971614598 ], [ -100.694192182398425, 20.019478560737063 ], [ -100.693864845197425, 20.019557134867341 ], [ -100.69281018287991, 20.01959626860036 ], [ -100.69204170289531, 20.019624779446168 ], [ -100.689767336021305, 20.019521584191384 ], [ -100.686580312401702, 20.019324394160726 ], [ -100.684071312812506, 20.019125140095195 ], [ -100.684107023864442, 20.020887239725404 ], [ -100.683117162142793, 20.021069947689409 ], [ -100.679784360272393, 20.020938175832612 ], [ -100.678514537769345, 20.021031857585605 ], [ -100.683896021918954, 20.015557247750461 ], [ -100.688458025557296, 20.014780935008876 ], [ -100.693545742177562, 20.012986395524745 ], [ -100.697112315590886, 20.011206300908817 ], [ -100.697868416482748, 20.010788242027242 ], [ -100.699268102633596, 20.009593735236272 ], [ -100.700667767474755, 20.00839921876134 ], [ -100.701110396014784, 20.007747622711481 ], [ -100.701648193608733, 20.00695591958047 ], [ -100.701882901095786, 20.006610403206579 ], [ -100.702142666879624, 20.006531765059535 ], [ -100.705718829882514, 20.005103026398153 ], [ -100.707806779457997, 20.004404196018651 ], [ -100.708051591584493, 20.004721282036105 ], [ -100.708439746647386, 20.004900079567062 ], [ -100.708858442406452, 20.004926464251081 ], [ -100.709340516795777, 20.004860965976835 ], [ -100.709581225213384, 20.004797796077337 ], [ -100.709652643215222, 20.004736955205765 ], [ -100.70987111136786, 20.004690609466078 ], [ -100.711660502590576, 20.004843106638255 ], [ -100.713019580047899, 20.005163952229957 ], [ -100.714105115932682, 20.005420212625026 ], [ -100.713392611491699, 20.007335749572221 ], [ -100.714069506079767, 20.0074225578708 ], [ -100.713938084175922, 20.007922913571505 ], [ -100.714491352613393, 20.008032365337463 ], [ -100.714577578159052, 20.008674691420524 ], [ -100.716423626637251, 20.008767746935032 ], [ -100.71659008928691, 20.008507265224701 ], [ -100.717075398561363, 20.008843386972586 ], [ -100.717671935633177, 20.009256540344474 ], [ -100.718530264261148, 20.0098509992917 ], [ -100.717706863782993, 20.010286902843902 ], [ -100.718254541555524, 20.010897370177346 ], [ -100.71828469060317, 20.010919069076408 ], [ -100.718555020273612, 20.01111363046526 ], [ -100.718601319691686, 20.011172114610087 ], [ -100.719137187190071, 20.01184900330729 ], [ -100.719456148981521, 20.011659035356136 ], [ -100.719715081547221, 20.01200095629579 ], [ -100.719775736539077, 20.012082203636428 ], [ -100.719238366529808, 20.012373526313539 ], [ -100.720035812922788, 20.014155523737283 ], [ -100.720209205287006, 20.015418173128378 ], [ -100.720584648775173, 20.015999284904805 ], [ -100.720585216369727, 20.016051464085198 ], [ -100.720650760476275, 20.016137218443241 ], [ -100.721044484258087, 20.016652342662837 ], [ -100.721160251377185, 20.016729761435812 ], [ -100.721767492525586, 20.017135848798631 ], [ -100.721015536371496, 20.01805117348486 ], [ -100.719996459467211, 20.018239807875112 ], [ -100.719769330206674, 20.018039250501417 ], [ -100.719273380773146, 20.018103541692263 ], [ -100.718817808349968, 20.018161067280374 ], [ -100.718178162457605, 20.018237370924336 ], [ -100.718157144039239, 20.018498947579385 ], [ -100.717630733548177, 20.017452794468277 ], [ -100.716708170978265, 20.017613678999787 ], [ -100.716502365929074, 20.017649568393033 ], [ -100.715915590372234, 20.017788704697395 ], [ -100.71517711874462, 20.017826998570698 ], [ -100.715363693943274, 20.018841809601874 ], [ -100.714684770350843, 20.019026124493845 ], [ -100.714388009804097, 20.019383568221599 ], [ -100.714281687707739, 20.021135481822256 ], [ -100.7142802667762, 20.021158895018203 ], [ -100.714374571383757, 20.021199729546069 ], [ -100.714272286385452, 20.021732972457382 ], [ -100.713360738092476, 20.022231768974411 ], [ -100.713041074214999, 20.022444072015716 ], [ -100.712475448408, 20.022582776403919 ], [ -100.712142367557902, 20.023406534929549 ], [ -100.711970922647495, 20.024094460004019 ], [ -100.711720560282544, 20.024783148241255 ], [ -100.711508408856076, 20.025113414497458 ], [ -100.711343836285181, 20.025522551551546 ], [ -100.711159122438218, 20.026928112261569 ], [ -100.711195857294427, 20.027074527338055 ], [ -100.711586347866742, 20.028630895538488 ], [ -100.712427169465187, 20.028705056507857 ], [ -100.712891627184703, 20.028853852225769 ], [ -100.713028538748063, 20.028897713522881 ], [ -100.713584130381051, 20.029119857173555 ], [ -100.71456432325941, 20.029500280030341 ], [ -100.71529658803189, 20.029771145053612 ], [ -100.715322563173771, 20.029780741488104 ], [ -100.715877317166871, 20.029994152075716 ], [ -100.716294381208925, 20.030154592580665 ], [ -100.716402714785914, 20.030196267239823 ], [ -100.716715708498199, 20.030246480872645 ], [ -100.716848290814312, 20.030191944563949 ], [ -100.717403944131149, 20.030418915851001 ], [ -100.717007254564706, 20.031891353656729 ], [ -100.716187048444326, 20.031644725797658 ], [ -100.715227273948003, 20.031326242527836 ], [ -100.714760653038482, 20.031171400672687 ], [ -100.714008230092404, 20.030912425156231 ], [ -100.712806710253474, 20.030529415851763 ], [ -100.712523924708321, 20.030432303219889 ], [ -100.711920626421815, 20.03027273251643 ], [ -100.711357617073674, 20.031400769288162 ], [ -100.711526045193139, 20.031469268341748 ], [ -100.711498382428886, 20.031530660163572 ], [ -100.711477292791017, 20.031578432364796 ], [ -100.711406052886559, 20.031742141701077 ], [ -100.711140658855925, 20.032350164907722 ], [ -100.710802312065709, 20.033125882216172 ], [ -100.710383949223583, 20.033017846732893 ], [ -100.710257582171948, 20.035562620095092 ], [ -100.708264825063978, 20.036678428655268 ], [ -100.708059125126596, 20.036737027185914 ], [ -100.70737616265103, 20.036931583340365 ], [ -100.706661867001117, 20.037135062137281 ], [ -100.706219444608351, 20.037261091715195 ], [ -100.705812223534195, 20.037377092622286 ], [ -100.705777021427252, 20.03738712023587 ], [ -100.705338648280886, 20.0374479240533 ], [ -100.704646551045101, 20.037543917965099 ], [ -100.703910630549728, 20.03764598709791 ], [ -100.70263674612788, 20.037822662133827 ], [ -100.701387159433551, 20.03799595811585 ], [ -100.697997009906999, 20.036443461359021 ] ] ] ] } },
{ "type": "Feature", "properties": { "ID": 21, "ENTIDAD": 11, "MUNICIPIO": 2, "NOMBRE": "ACAMBARO", "CONTROL": 39, "GEOMETRY1_": null, "ID_2": 66, "ENTIDAD_2": 11, "DISTRITO_F": 14, "DISTRITO_L": 22, "MUNICIPIO_2": 2, "SECCION": 66, "TIPO": 2, "CONTROL_2": 6957, "GEOMETRY1__2": null }, "geometry": { "type": "MultiPolygon", "coordinates": [ [ [ [ -100.727902193190971, 20.034997449690724 ], [ -100.726918283430734, 20.034727173475652 ], [ -100.726459824124063, 20.034601231507281 ], [ -100.725501173491878, 20.034338001943389 ], [ -100.725236013477428, 20.034265035232199 ], [ -100.724451241923191, 20.034049890975105 ], [ -100.723867538477066, 20.033889866620914 ], [ -100.722686386099653, 20.033560690658192 ], [ -100.722100402500288, 20.033397379073353 ], [ -100.722475533175682, 20.031941090136318 ], [ -100.724365854527875, 20.032459498472289 ], [ -100.725707186759067, 20.032807567608003 ], [ -100.725729401520539, 20.032813352337921 ], [ -100.72692113058821, 20.033151795777542 ], [ -100.728215376220817, 20.033524221587854 ], [ -100.728291410406484, 20.033546100456892 ], [ -100.727970672816724, 20.035016266805322 ], [ -100.727902193190971, 20.034997449690724 ] ] ] ] } },
{ "type": "Feature", "properties": { "ID": 21, "ENTIDAD": 11, "MUNICIPIO": 2, "NOMBRE": "ACAMBARO", "CONTROL": 39, "GEOMETRY1_": null, "ID_2": 67, "ENTIDAD_2": 11, "DISTRITO_F": 14, "DISTRITO_L": 22, "MUNICIPIO_2": 2, "SECCION": 67, "TIPO": 2, "CONTROL_2": 5314, "GEOMETRY1__2": null }, "geometry": { "type": "MultiPolygon", "coordinates": [ [ [ [ -100.732797970765134, 20.036338998526272 ], [ -100.732730049989755, 20.036320585630651 ], [ -100.731275600890527, 20.035926286160805 ], [ -100.730631291986043, 20.0357516102099 ], [ -100.729986984328562, 20.035576931802435 ], [ -100.729171471987257, 20.035350169953411 ], [ -100.727970672816724, 20.035016266805322 ], [ -100.728291410406484, 20.033546100456892 ], [ -100.728582538092525, 20.032211637437719 ], [ -100.728919722718004, 20.030658584761564 ], [ -100.729187799502142, 20.02943719690581 ], [ -100.729241941094998, 20.029189014849283 ], [ -100.729281348120494, 20.028984163937388 ], [ -100.729345415921685, 20.028651117147003 ], [ -100.729412472188855, 20.028302534059563 ], [ -100.729574507162482, 20.027460211700344 ], [ -100.729641943809028, 20.02710964701502 ], [ -100.729679814815142, 20.026912776693987 ], [ -100.730401107329911, 20.027029211613829 ], [ -100.730655607478795, 20.027041748168742 ], [ -100.731731761956681, 20.027259192982861 ], [ -100.731754980781517, 20.027263884434635 ], [ -100.731771997440816, 20.027218767010471 ], [ -100.731862355416155, 20.027224217150494 ], [ -100.731990821287468, 20.027233119987745 ], [ -100.732401101503768, 20.02718272714247 ], [ -100.732422803690866, 20.02707211000169 ], [ -100.732491289027735, 20.026731730336248 ], [ -100.732562166384298, 20.026379574931262 ], [ -100.73265211157586, 20.025936197141732 ], [ -100.732586056845534, 20.025529333386977 ], [ -100.732580164852237, 20.02550271034643 ], [ -100.732533133121279, 20.025290196527358 ], [ -100.732428475803303, 20.024264682664789 ], [ -100.733402790343703, 20.024448370113173 ], [ -100.734312046220822, 20.024619786748506 ], [ -100.734587506837585, 20.024672782414314 ], [ -100.735030630864628, 20.024757798007489 ], [ -100.735022244078522, 20.024802340015871 ], [ -100.734909374545907, 20.025401785294548 ], [ -100.735142870014599, 20.025443643158003 ], [ -100.735580571280764, 20.025477676688496 ], [ -100.738145019637912, 20.025768916147136 ], [ -100.737185352373203, 20.027025530952233 ], [ -100.736695689052766, 20.027666700484268 ], [ -100.736227224303832, 20.028288449103716 ], [ -100.735961803953714, 20.028640713681046 ], [ -100.735673161207657, 20.029023796805312 ], [ -100.73539419168894, 20.029394039658886 ], [ -100.735128767724731, 20.029746303219707 ], [ -100.734845766561179, 20.030121892727362 ], [ -100.73459807329219, 20.030450621071527 ], [ -100.734555502191668, 20.030507119527126 ], [ -100.735420247677709, 20.031113900579076 ], [ -100.73449721685499, 20.032258204106931 ], [ -100.734019721271778, 20.032812282729004 ], [ -100.734956504804401, 20.033526033517678 ], [ -100.734928422426137, 20.033677404197157 ], [ -100.734816886918551, 20.035203797926268 ], [ -100.73482054484559, 20.036057164802635 ], [ -100.734561921550721, 20.036761122683586 ], [ -100.73408414644409, 20.036686990282654 ], [ -100.733154278665353, 20.036432853782397 ], [ -100.732797970765134, 20.036338998526272 ] ] ] ] } },
{ "type": "Feature", "properties": { "ID": 21, "ENTIDAD": 11, "MUNICIPIO": 2, "NOMBRE": "ACAMBARO", "CONTROL": 39, "GEOMETRY1_": null, "ID_2": 68, "ENTIDAD_2": 11, "DISTRITO_F": 14, "DISTRITO_L": 22, "MUNICIPIO_2": 2, "SECCION": 68, "TIPO": 2, "CONTROL_2": 5340, "GEOMETRY1__2": null }, "geometry": { "type": "MultiPolygon", "coordinates": [ [ [ [ -100.728215376220817, 20.033524221587854 ], [ -100.72692113058821, 20.033151795777542 ], [ -100.725729401520539, 20.032813352337921 ], [ -100.725707186759067, 20.032807567608003 ], [ -100.724365854527875, 20.032459498472289 ], [ -100.722475533175682, 20.031941090136318 ], [ -100.721542498966045, 20.031691074638573 ], [ -100.720970391471525, 20.031508085755878 ], [ -100.721390530609852, 20.029951658149756 ], [ -100.722888380033055, 20.030443579949473 ], [ -100.72388274690428, 20.030756907893913 ], [ -100.724193175871378, 20.030849449121806 ], [ -100.724848723959894, 20.031062861463553 ], [ -100.726139186041337, 20.03145165347755 ], [ -100.727346599638452, 20.031827867230046 ], [ -100.72850520318768, 20.032187649775636 ], [ -100.728582538092525, 20.032211637437719 ], [ -100.728291410406484, 20.033546100456892 ], [ -100.728215376220817, 20.033524221587854 ] ] ] ] } },
{ "type": "Feature", "properties": { "ID": 21, "ENTIDAD": 11, "MUNICIPIO": 2, "NOMBRE": "ACAMBARO", "CONTROL": 39, "GEOMETRY1_": null, "ID_2": 69, "ENTIDAD_2": 11, "DISTRITO_F": 14, "DISTRITO_L": 22, "MUNICIPIO_2": 2, "SECCION": 69, "TIPO": 2, "CONTROL_2": 5341, "GEOMETRY1__2": null }, "geometry": { "type": "MultiPolygon", "coordinates": [ [ [ [ -100.719959622890784, 20.031186390755582 ], [ -100.71892047161856, 20.030866716432385 ], [ -100.717449180675075, 20.030447921345296 ], [ -100.717403944131149, 20.030418915851001 ], [ -100.71761712763967, 20.029605128495131 ], [ -100.717715582933366, 20.029229291732587 ], [ -100.717814037827594, 20.028853454934403 ], [ -100.71886878157062, 20.02917418664159 ], [ -100.719294549174364, 20.029303653962351 ], [ -100.719662279822245, 20.027898235188179 ], [ -100.721341298035412, 20.028359981385506 ], [ -100.721791141794455, 20.028483689520517 ], [ -100.721390530609852, 20.029951658149756 ], [ -100.720970391471525, 20.031508085755878 ], [ -100.719959622890784, 20.031186390755582 ] ] ] ] } },
{ "type": "Feature", "properties": { "ID": 21, "ENTIDAD": 11, "MUNICIPIO": 2, "NOMBRE": "ACAMBARO", "CONTROL": 39, "GEOMETRY1_": null, "ID_2": 70, "ENTIDAD_2": 11, "DISTRITO_F": 14, "DISTRITO_L": 22, "MUNICIPIO_2": 2, "SECCION": 70, "TIPO": 2, "CONTROL_2": 5311, "GEOMETRY1__2": null }, "geometry": { "type": "MultiPolygon", "coordinates": [ [ [ [ -100.716848290814312, 20.030191944563949 ], [ -100.716715708498199, 20.030246480872645 ], [ -100.716402714785914, 20.030196267239823 ], [ -100.716294381208925, 20.030154592580665 ], [ -100.715877317166871, 20.029994152075716 ], [ -100.715322563173771, 20.029780741488104 ], [ -100.71529658803189, 20.029771145053612 ], [ -100.71456432325941, 20.029500280030341 ], [ -100.713584130381051, 20.029119857173555 ], [ -100.713028538748063, 20.028897713522881 ], [ -100.712891627184703, 20.028853852225769 ], [ -100.712427169465187, 20.028705056507857 ], [ -100.711586347866742, 20.028630895538488 ], [ -100.711195857294427, 20.027074527338055 ], [ -100.711159122438218, 20.026928112261569 ], [ -100.711641969022054, 20.027043919612602 ], [ -100.711870766458404, 20.02710998408698 ], [ -100.712603769270117, 20.027321633713242 ], [ -100.712764228753755, 20.027366063789486 ], [ -100.712808960647365, 20.027378782125126 ], [ -100.712853692547313, 20.027391500448804 ], [ -100.713316134131645, 20.027522982588987 ], [ -100.713676282630701, 20.027625379581909 ], [ -100.714105769300332, 20.027747489563051 ], [ -100.715160812972101, 20.028084375916567 ], [ -100.715852639011203, 20.02830527882163 ], [ -100.716441474985459, 20.028484460848645 ], [ -100.716997191454524, 20.028662297298929 ], [ -100.71707314748403, 20.028702879883244 ], [ -100.717814037827594, 20.028853454934403 ], [ -100.717715582933366, 20.029229291732587 ], [ -100.71761712763967, 20.029605128495131 ], [ -100.717403944131149, 20.030418915851001 ], [ -100.716848290814312, 20.030191944563949 ] ] ] ] } },
{ "type": "Feature", "properties": { "ID": 21, "ENTIDAD": 11, "MUNICIPIO": 2, "NOMBRE": "ACAMBARO", "CONTROL": 39, "GEOMETRY1_": null, "ID_2": 71, "ENTIDAD_2": 11, "DISTRITO_F": 14, "DISTRITO_L": 22, "MUNICIPIO_2": 2, "SECCION": 71, "TIPO": 2, "CONTROL_2": 5343, "GEOMETRY1__2": null }, "geometry": { "type": "MultiPolygon", "coordinates": [ [ [ [ -100.716441474985459, 20.028484460848645 ], [ -100.715852639011203, 20.02830527882163 ], [ -100.715160812972101, 20.028084375916567 ], [ -100.714105769300332, 20.027747489563051 ], [ -100.713676282630701, 20.027625379581909 ], [ -100.713316134131645, 20.027522982588987 ], [ -100.712853692547313, 20.027391500448804 ], [ -100.712808960647365, 20.027378782125126 ], [ -100.712764228753755, 20.027366063789486 ], [ -100.712603769270117, 20.027321633713242 ], [ -100.711870766458404, 20.02710998408698 ], [ -100.711641969022054, 20.027043919612602 ], [ -100.711159122438218, 20.026928112261569 ], [ -100.711343836285181, 20.025522551551546 ], [ -100.711508408856076, 20.025113414497458 ], [ -100.711720560282544, 20.024783148241255 ], [ -100.711970922647495, 20.024094460004019 ], [ -100.712142367557902, 20.023406534929549 ], [ -100.712475448408, 20.022582776403919 ], [ -100.713041074214999, 20.022444072015716 ], [ -100.713360738092476, 20.022231768974411 ], [ -100.714272286385452, 20.021732972457382 ], [ -100.714294387086142, 20.021761295287728 ], [ -100.714495885029081, 20.022019521397784 ], [ -100.714897808343878, 20.022352047566546 ], [ -100.715221092842214, 20.022466395022136 ], [ -100.715458569925389, 20.022805780192954 ], [ -100.715530992633617, 20.022909281139391 ], [ -100.715733006395254, 20.023302482486773 ], [ -100.71579446828548, 20.023499466394718 ], [ -100.715938686151617, 20.023773077857445 ], [ -100.716110123289951, 20.024211964963733 ], [ -100.716570636439556, 20.02473615820135 ], [ -100.716708540756827, 20.024948420204076 ], [ -100.716804857737529, 20.025233175333714 ], [ -100.716800683853279, 20.025419403520342 ], [ -100.716797649640839, 20.025554782653533 ], [ -100.716796509977229, 20.025605631703765 ], [ -100.716798324357768, 20.025653254536028 ], [ -100.716825720602259, 20.026373047904936 ], [ -100.716868991292344, 20.026505269337459 ], [ -100.716870462460179, 20.0266407295282 ], [ -100.716778081976159, 20.026658560021144 ], [ -100.716836362757832, 20.026800525067667 ], [ -100.716865296305599, 20.026852458491309 ], [ -100.716865985925523, 20.026915955453614 ], [ -100.716845157643789, 20.026991656302084 ], [ -100.716824329344874, 20.027067357148955 ], [ -100.716748128423518, 20.027337634101126 ], [ -100.716647310629611, 20.027403526939615 ], [ -100.716724107335452, 20.027875531373709 ], [ -100.716854139181763, 20.028091686582354 ], [ -100.717092092765895, 20.028487240879731 ], [ -100.716997191454524, 20.028662297298929 ], [ -100.716441474985459, 20.028484460848645 ] ] ] ] } },
{ "type": "Feature", "properties": { "ID": 21, "ENTIDAD": 11, "MUNICIPIO": 2, "NOMBRE": "ACAMBARO", "CONTROL": 39, "GEOMETRY1_": null, "ID_2": 72, "ENTIDAD_2": 11, "DISTRITO_F": 14, "DISTRITO_L": 22, "MUNICIPIO_2": 2, "SECCION": 72, "TIPO": 2, "CONTROL_2": 5342, "GEOMETRY1__2": null }, "geometry": { "type": "MultiPolygon", "coordinates": [ [ [ [ -100.71886878157062, 20.02917418664159 ], [ -100.717814037827594, 20.028853454934403 ], [ -100.71707314748403, 20.028702879883244 ], [ -100.716997191454524, 20.028662297298929 ], [ -100.717092092765895, 20.028487240879731 ], [ -100.716854139181763, 20.028091686582354 ], [ -100.716724107335452, 20.027875531373709 ], [ -100.716647310629611, 20.027403526939615 ], [ -100.716748128423518, 20.027337634101126 ], [ -100.716824329344874, 20.027067357148955 ], [ -100.716845157643789, 20.026991656302084 ], [ -100.716865985925523, 20.026915955453614 ], [ -100.716865296305599, 20.026852458491309 ], [ -100.716836362757832, 20.026800525067667 ], [ -100.716778081976159, 20.026658560021144 ], [ -100.716870462460179, 20.0266407295282 ], [ -100.716868991292344, 20.026505269337459 ], [ -100.716825720602259, 20.026373047904936 ], [ -100.716798324357768, 20.025653254536028 ], [ -100.716796509977229, 20.025605631703765 ], [ -100.717009626220829, 20.025658445722275 ], [ -100.717076475222044, 20.025675012039496 ], [ -100.717885071569384, 20.025875393618321 ], [ -100.718506259623751, 20.026029329865672 ], [ -100.71908398912754, 20.026148312889482 ], [ -100.719118894018791, 20.026037041128593 ], [ -100.719275720399253, 20.026075481772722 ], [ -100.719429864268008, 20.026107852834528 ], [ -100.719392520431441, 20.026243689976397 ], [ -100.720069153466227, 20.026403635421403 ], [ -100.719662279822245, 20.027898235188179 ], [ -100.719294549174364, 20.029303653962351 ], [ -100.71886878157062, 20.02917418664159 ] ] ] ] } },
{ "type": "Feature", "properties": { "ID": 21, "ENTIDAD": 11, "MUNICIPIO": 2, "NOMBRE": "ACAMBARO", "CONTROL": 39, "GEOMETRY1_": null, "ID_2": 73, "ENTIDAD_2": 11, "DISTRITO_F": 14, "DISTRITO_L": 22, "MUNICIPIO_2": 2, "SECCION": 73, "TIPO": 2, "CONTROL_2": 6959, "GEOMETRY1__2": null }, "geometry": { "type": "MultiPolygon", "coordinates": [ [ [ [ -100.72850520318768, 20.032187649775636 ], [ -100.727346599638452, 20.031827867230046 ], [ -100.726139186041337, 20.03145165347755 ], [ -100.724848723959894, 20.031062861463553 ], [ -100.724193175871378, 20.030849449121806 ], [ -100.72388274690428, 20.030756907893913 ], [ -100.722888380033055, 20.030443579949473 ], [ -100.721390530609852, 20.029951658149756 ], [ -100.721791141794455, 20.028483689520517 ], [ -100.723276303484383, 20.028926038081369 ], [ -100.725386850068816, 20.029597368867549 ], [ -100.726604170471887, 20.029956290344106 ], [ -100.727817535102162, 20.030322886954188 ], [ -100.728852796342309, 20.030638200962898 ], [ -100.728919722718004, 20.030658584761564 ], [ -100.728582538092525, 20.032211637437719 ], [ -100.72850520318768, 20.032187649775636 ] ] ] ] } },
{ "type": "Feature", "properties": { "ID": 21, "ENTIDAD": 11, "MUNICIPIO": 2, "NOMBRE": "ACAMBARO", "CONTROL": 39, "GEOMETRY1_": null, "ID_2": 82, "ENTIDAD_2": 11, "DISTRITO_F": 14, "DISTRITO_L": 22, "MUNICIPIO_2": 2, "SECCION": 82, "TIPO": 2, "CONTROL_2": 6972, "GEOMETRY1__2": null }, "geometry": { "type": "MultiPolygon", "coordinates": [ [ [ [ -100.726463127136441, 20.022071608486488 ], [ -100.726504803393667, 20.022002576787447 ], [ -100.726859703286479, 20.021414725232365 ], [ -100.727038595562561, 20.021066428298258 ], [ -100.727215160659014, 20.020716062364308 ], [ -100.727486750796231, 20.020171337012567 ], [ -100.727611255679321, 20.019831721272652 ], [ -100.727654357030787, 20.019596269094013 ], [ -100.727655434371727, 20.019577706183767 ], [ -100.727679982433727, 20.019154735291654 ], [ -100.72761639272025, 20.018485950238745 ], [ -100.727519304931306, 20.017453523490278 ], [ -100.727609802821519, 20.017375895398676 ], [ -100.727390694798771, 20.015435424908208 ], [ -100.727391781556435, 20.014992172962014 ], [ -100.727520644311625, 20.014339792768997 ], [ -100.72754626370147, 20.014185307735907 ], [ -100.727724976498678, 20.013807926665105 ], [ -100.728625687021562, 20.010040366600418 ], [ -100.72887864529126, 20.008737119983937 ], [ -100.728925781922413, 20.008494269103924 ], [ -100.729118445334436, 20.007690314860501 ], [ -100.729214337843501, 20.007246051452299 ], [ -100.729533552549682, 20.00586519250604 ], [ -100.729927848165374, 20.004159520458213 ], [ -100.730061359957546, 20.003585671400248 ], [ -100.730156836078237, 20.003175301878862 ], [ -100.730230820207808, 20.002857306657933 ], [ -100.73035883933369, 20.002307058118959 ], [ -100.730545888621933, 20.001503081822079 ], [ -100.730681240557445, 20.000921307065479 ], [ -100.730698154474155, 20.000847719470524 ], [ -100.730878479407338, 20.000063173876789 ], [ -100.730976021135206, 19.999638793152378 ], [ -100.73099680757214, 19.999548356089623 ], [ -100.73107009779055, 19.999261057435142 ], [ -100.731397567591031, 19.998748634261514 ], [ -100.732088298731867, 19.997970564585287 ], [ -100.732176651609038, 19.998060547899762 ], [ -100.732673836239925, 19.998388132839324 ], [ -100.733510633160392, 19.998284603395589 ], [ -100.734543587218283, 19.997673091865934 ], [ -100.735227795666319, 19.997550509580201 ], [ -100.735876608866533, 19.998331857347065 ], [ -100.736470331837637, 19.999486059995615 ], [ -100.736535575388075, 20.000271827705777 ], [ -100.736713187801016, 20.000560156523026 ], [ -100.738764729752532, 20.000479462018454 ], [ -100.739525459870706, 19.998080559713319 ], [ -100.742126101160082, 19.998545715746147 ], [ -100.741531397090256, 20.000523553847366 ], [ -100.741981855563012, 20.000520125133992 ], [ -100.74215641593122, 20.00090159043976 ], [ -100.742254651272646, 20.001560031234614 ], [ -100.742040510033135, 20.00244848327689 ], [ -100.743793836758357, 20.003164176553472 ], [ -100.742849530267463, 20.005112073350841 ], [ -100.741158518829081, 20.00437042571042 ], [ -100.741045009139214, 20.004639599647533 ], [ -100.73997691080551, 20.005424181465099 ], [ -100.738227622835538, 20.005397606129058 ], [ -100.736924659340787, 20.005500071759069 ], [ -100.733943841949241, 20.005669697870463 ], [ -100.733186130748592, 20.005720118639317 ], [ -100.732337907514463, 20.005814426395791 ], [ -100.731641319744398, 20.005907247767986 ], [ -100.731355875528948, 20.006153732946274 ], [ -100.731403357134482, 20.008495293877097 ], [ -100.731309913505925, 20.013862607310674 ], [ -100.731242148267086, 20.018518333227963 ], [ -100.731129573463718, 20.018905876826441 ], [ -100.730929879796349, 20.019389449740206 ], [ -100.729401514115594, 20.020289076507016 ], [ -100.729314517614242, 20.020330174827706 ], [ -100.729225205635331, 20.020482537745036 ], [ -100.728590080458375, 20.020974230647468 ], [ -100.728185214818424, 20.021309804774084 ], [ -100.728078301613778, 20.021362844402024 ], [ -100.728056429941446, 20.02144920279197 ], [ -100.727682308236098, 20.021858955226762 ], [ -100.727603843266394, 20.021888580651474 ], [ -100.727088230195491, 20.02244513442686 ], [ -100.726463127136441, 20.022071608486488 ] ] ] ] } },
{ "type": "Feature", "properties": { "ID": 21, "ENTIDAD": 11, "MUNICIPIO": 2, "NOMBRE": "ACAMBARO", "CONTROL": 39, "GEOMETRY1_": null, "ID_2": 83, "ENTIDAD_2": 11, "DISTRITO_F": 14, "DISTRITO_L": 22, "MUNICIPIO_2": 2, "SECCION": 83, "TIPO": 2, "CONTROL_2": 5349, "GEOMETRY1__2": null }, "geometry": { "type": "MultiPolygon", "coordinates": [ [ [ [ -100.722790662959525, 20.019960731586853 ], [ -100.722768930204182, 20.019945960723419 ], [ -100.72239458394526, 20.019697522170553 ], [ -100.722350506222085, 20.019664891187791 ], [ -100.721734072279403, 20.019267970779413 ], [ -100.721697304041783, 20.019251177172759 ], [ -100.721892003714387, 20.018264566791697 ], [ -100.721959344043015, 20.017921461564377 ], [ -100.721963276639556, 20.017896134125792 ], [ -100.722068386085184, 20.017354236822513 ], [ -100.722074605703028, 20.017320535042778 ], [ -100.721767492525586, 20.017135848798631 ], [ -100.721160251377185, 20.016729761435812 ], [ -100.721044484258087, 20.016652342662837 ], [ -100.720650760476275, 20.016137218443241 ], [ -100.721597285869862, 20.015877340959587 ], [ -100.722573451477885, 20.015627997900236 ], [ -100.723209452568526, 20.015352775154678 ], [ -100.723376341883593, 20.01524742690766 ], [ -100.723475938144446, 20.015189860846068 ], [ -100.724070387746821, 20.014846642252731 ], [ -100.724126515303794, 20.014813169801766 ], [ -100.724623508823399, 20.014516779441607 ], [ -100.725024257978461, 20.015206528807866 ], [ -100.725260867887073, 20.015938933849704 ], [ -100.726310084978067, 20.015714776464733 ], [ -100.725643130140867, 20.017021446170016 ], [ -100.725623651702151, 20.017054682723252 ], [ -100.725587752816665, 20.017115937861441 ], [ -100.725456757912823, 20.017339457209058 ], [ -100.725295701179107, 20.01766516369204 ], [ -100.725180484357168, 20.017940933173318 ], [ -100.725110770356281, 20.018107791980942 ], [ -100.724983554749699, 20.01839211113942 ], [ -100.724666904717751, 20.018915976238361 ], [ -100.724672277915289, 20.018989394926553 ], [ -100.72443756345136, 20.019339366136325 ], [ -100.724298828269781, 20.019546226533471 ], [ -100.724022003547375, 20.019948691644835 ], [ -100.723526993365937, 20.020461181840151 ], [ -100.722790662959525, 20.019960731586853 ] ] ] ] } },
{ "type": "Feature", "properties": { "ID": 21, "ENTIDAD": 11, "MUNICIPIO": 2, "NOMBRE": "ACAMBARO", "CONTROL": 39, "GEOMETRY1_": null, "ID_2": 84, "ENTIDAD_2": 11, "DISTRITO_F": 14, "DISTRITO_L": 22, "MUNICIPIO_2": 2, "SECCION": 84, "TIPO": 2, "CONTROL_2": 5351, "GEOMETRY1__2": null }, "geometry": { "type": "MultiPolygon", "coordinates": [ [ [ [ -100.720585216369727, 20.016051464085198 ], [ -100.720584648775173, 20.015999284904805 ], [ -100.720209205287006, 20.015418173128378 ], [ -100.720035812922788, 20.014155523737283 ], [ -100.720464609974627, 20.014099863026384 ], [ -100.720520281150741, 20.014083551044301 ], [ -100.720882213126714, 20.013977502347394 ], [ -100.721256283833554, 20.013866819112049 ], [ -100.72143818314305, 20.013814597412715 ], [ -100.722060342821095, 20.013628676134228 ], [ -100.722215027401631, 20.013563894933576 ], [ -100.72284867709314, 20.013298523405265 ], [ -100.723527554951659, 20.012988448076673 ], [ -100.723831238057713, 20.013381209187035 ], [ -100.72432768943456, 20.013177994449819 ], [ -100.724629469756692, 20.013054464404753 ], [ -100.724798014945748, 20.012688283364014 ], [ -100.725093751400053, 20.012504649827196 ], [ -100.725607774460215, 20.012177377839507 ], [ -100.725683202314272, 20.012093841877004 ], [ -100.726354392180511, 20.011676030074256 ], [ -100.727041685309274, 20.012577078710951 ], [ -100.727458498178478, 20.013105431801467 ], [ -100.727481409413201, 20.013165831129786 ], [ -100.727724976471052, 20.013807926970706 ], [ -100.727546263673872, 20.014185308041519 ], [ -100.727520644284041, 20.014339793074509 ], [ -100.727391781528866, 20.014992173267437 ], [ -100.726348831502307, 20.015642246029511 ], [ -100.726329458244379, 20.015678511247923 ], [ -100.726310084978067, 20.015714776464733 ], [ -100.725260867887073, 20.015938933849704 ], [ -100.725024257978461, 20.015206528807866 ], [ -100.724623508823399, 20.014516779441607 ], [ -100.724126515303794, 20.014813169801766 ], [ -100.724070387746821, 20.014846642252731 ], [ -100.723475938144446, 20.015189860846068 ], [ -100.723376341883593, 20.01524742690766 ], [ -100.723209452568526, 20.015352775154678 ], [ -100.722573451477885, 20.015627997900236 ], [ -100.721597285869862, 20.015877340959587 ], [ -100.720650760476275, 20.016137218443241 ], [ -100.720585216369727, 20.016051464085198 ] ] ] ] } },
{ "type": "Feature", "properties": { "ID": 21, "ENTIDAD": 11, "MUNICIPIO": 2, "NOMBRE": "ACAMBARO", "CONTROL": 39, "GEOMETRY1_": null, "ID_2": 85, "ENTIDAD_2": 11, "DISTRITO_F": 14, "DISTRITO_L": 22, "MUNICIPIO_2": 2, "SECCION": 85, "TIPO": 2, "CONTROL_2": 6961, "GEOMETRY1__2": null }, "geometry": { "type": "MultiPolygon", "coordinates": [ [ [ [ -100.720035812922788, 20.014155523737283 ], [ -100.719238366529808, 20.012373526313539 ], [ -100.719775736539077, 20.012082203636428 ], [ -100.71984603308465, 20.012042163345093 ], [ -100.720151799591207, 20.01188668570606 ], [ -100.720732372435705, 20.01159149777158 ], [ -100.721989257232792, 20.010954570728298 ], [ -100.721691612366484, 20.010351677717921 ], [ -100.721214998303921, 20.009492279572473 ], [ -100.720956967854647, 20.009009674629439 ], [ -100.721612325663784, 20.008696791304637 ], [ -100.722171084682572, 20.008423460956443 ], [ -100.722684082819271, 20.008872208680483 ], [ -100.723158756519709, 20.00931988247261 ], [ -100.723450097154924, 20.009594649370921 ], [ -100.723659262767882, 20.009791915070334 ], [ -100.723798368377913, 20.009708868940645 ], [ -100.723864747693526, 20.00966924038385 ], [ -100.724015405602117, 20.00967018731254 ], [ -100.724976679285206, 20.009547392791756 ], [ -100.725464500724897, 20.009559535075596 ], [ -100.725633214174863, 20.009577199150677 ], [ -100.725684591494996, 20.009605660412426 ], [ -100.72573159964621, 20.009701741965369 ], [ -100.728625686993851, 20.010040366906566 ], [ -100.727724976471052, 20.013807926970706 ], [ -100.727481409413201, 20.013165831129786 ], [ -100.727458498178478, 20.013105431801467 ], [ -100.727041685309274, 20.012577078710951 ], [ -100.726354392180511, 20.011676030074256 ], [ -100.725683202314272, 20.012093841877004 ], [ -100.725607774460215, 20.012177377839507 ], [ -100.725093751400053, 20.012504649827196 ], [ -100.724798014945748, 20.012688283364014 ], [ -100.724629469756692, 20.013054464404753 ], [ -100.72432768943456, 20.013177994449819 ], [ -100.723831238057713, 20.013381209187035 ], [ -100.723527554951659, 20.012988448076673 ], [ -100.72284867709314, 20.013298523405265 ], [ -100.722215027401631, 20.013563894933576 ], [ -100.722060342821095, 20.013628676134228 ], [ -100.72143818314305, 20.013814597412715 ], [ -100.721256283833554, 20.013866819112049 ], [ -100.720882213126714, 20.013977502347394 ], [ -100.720520281150741, 20.014083551044301 ], [ -100.720464609974627, 20.014099863026384 ], [ -100.720035812922788, 20.014155523737283 ] ] ] ] } },
{ "type": "Feature", "properties": { "ID": 21, "ENTIDAD": 11, "MUNICIPIO": 2, "NOMBRE": "ACAMBARO", "CONTROL": 39, "GEOMETRY1_": null, "ID_2": 86, "ENTIDAD_2": 11, "DISTRITO_F": 14, "DISTRITO_L": 22, "MUNICIPIO_2": 2, "SECCION": 86, "TIPO": 2, "CONTROL_2": 6973, "GEOMETRY1__2": null }, "geometry": { "type": "MultiPolygon", "coordinates": [ [ [ [ -100.719715081547221, 20.01200095629579 ], [ -100.719456148981521, 20.011659035356136 ], [ -100.719137187190071, 20.01184900330729 ], [ -100.718601319691686, 20.011172114610087 ], [ -100.718555020273612, 20.01111363046526 ], [ -100.71828469060317, 20.010919069076408 ], [ -100.718254541555524, 20.010897370177346 ], [ -100.717706863782993, 20.010286902843902 ], [ -100.718530264261148, 20.0098509992917 ], [ -100.717671935633177, 20.009256540344474 ], [ -100.717075398561363, 20.008843386972586 ], [ -100.71659008928691, 20.008507265224701 ], [ -100.716423626637251, 20.008767746935032 ], [ -100.714577578159052, 20.008674691420524 ], [ -100.714491352613393, 20.008032365337463 ], [ -100.713938084175922, 20.007922913571505 ], [ -100.714069506079767, 20.0074225578708 ], [ -100.713392611491699, 20.007335749572221 ], [ -100.714105115932682, 20.005420212625026 ], [ -100.713019580047899, 20.005163952229957 ], [ -100.711660502590576, 20.004843106638255 ], [ -100.70987111136786, 20.004690609466078 ], [ -100.709652643215222, 20.004736955205765 ], [ -100.709581225213384, 20.004797796077337 ], [ -100.709340516795777, 20.004860965976835 ], [ -100.708858442406452, 20.004926464251081 ], [ -100.708439746647386, 20.004900079567062 ], [ -100.708051591584493, 20.004721282036105 ], [ -100.707806779457997, 20.004404196018651 ], [ -100.707847943485248, 20.004313643421089 ], [ -100.707817433329438, 20.004171508086412 ], [ -100.707774624659649, 20.003963754618052 ], [ -100.707743346378535, 20.003750411911447 ], [ -100.707728743043347, 20.003471171742579 ], [ -100.707732705699925, 20.003301313743325 ], [ -100.707750992946686, 20.003071142666588 ], [ -100.707755195886236, 20.003018242632276 ], [ -100.707768422334667, 20.002851768657756 ], [ -100.707774234475366, 20.002565649607345 ], [ -100.70779631479067, 20.002565436747037 ], [ -100.709545031828156, 20.003069376022463 ], [ -100.710326591391151, 20.003294596400067 ], [ -100.711903447141466, 20.00363238039327 ], [ -100.712648948080627, 20.003949041142473 ], [ -100.713133465205658, 20.002670997806792 ], [ -100.712714270289894, 20.001311352211076 ], [ -100.714077945101451, 20.001041536337205 ], [ -100.715009851716204, 20.000857143385488 ], [ -100.716816829210458, 20.000849180555111 ], [ -100.717331698636883, 19.988562093744797 ], [ -100.727362388951647, 19.987998909759821 ], [ -100.730260886862794, 19.992065992921486 ], [ -100.731402087334558, 19.992528920124801 ], [ -100.732245482403229, 19.992737437972004 ], [ -100.732638846207976, 19.992834690177304 ], [ -100.732500149055852, 19.993483007914492 ], [ -100.732463280397468, 19.993655343844374 ], [ -100.732407103280423, 19.993917933104342 ], [ -100.733254533258801, 19.996574297918066 ], [ -100.733314195434843, 19.996761311717222 ], [ -100.732176651580929, 19.998060548207544 ], [ -100.732088298703772, 19.997970564893055 ], [ -100.731397567563008, 19.998748634569189 ], [ -100.731070097762554, 19.999261057742821 ], [ -100.730996807544159, 19.999548356397217 ], [ -100.730976021107224, 19.999638793459884 ], [ -100.730878479379371, 20.000063174184294 ], [ -100.730698154446216, 20.000847719777934 ], [ -100.730681240529506, 20.000921307372895 ], [ -100.730545888593994, 20.001503082129393 ], [ -100.730358839305779, 20.002307058426187 ], [ -100.730230820179912, 20.002857306965073 ], [ -100.730156836050355, 20.003175302186001 ], [ -100.730061359929678, 20.003585671707214 ], [ -100.729927848137507, 20.004159520765082 ], [ -100.729533552521886, 20.005865192812728 ], [ -100.729214337815733, 20.007246051758809 ], [ -100.729118445306682, 20.007690315166915 ], [ -100.728925781894674, 20.008494269410246 ], [ -100.728878645263521, 20.008737120290263 ], [ -100.728625686993851, 20.010040366906566 ], [ -100.72573159964621, 20.009701741965369 ], [ -100.725684591494996, 20.009605660412426 ], [ -100.725633214174863, 20.009577199150677 ], [ -100.725464500724897, 20.009559535075596 ], [ -100.724976679285206, 20.009547392791756 ], [ -100.724015405602117, 20.00967018731254 ], [ -100.723864747693526, 20.00966924038385 ], [ -100.723798368377913, 20.009708868940645 ], [ -100.723659262767882, 20.009791915070334 ], [ -100.723450097154924, 20.009594649370921 ], [ -100.723158756519709, 20.00931988247261 ], [ -100.722684082819271, 20.008872208680483 ], [ -100.722171084682572, 20.008423460956443 ], [ -100.721612325663784, 20.008696791304637 ], [ -100.720956967854647, 20.009009674629439 ], [ -100.721214998303921, 20.009492279572473 ], [ -100.721691612366484, 20.010351677717921 ], [ -100.721989257232792, 20.010954570728298 ], [ -100.720732372435705, 20.01159149777158 ], [ -100.720151799591207, 20.01188668570606 ], [ -100.71984603308465, 20.012042163345093 ], [ -100.719775736539077, 20.012082203636428 ], [ -100.719715081547221, 20.01200095629579 ] ] ] ] } },
{ "type": "Feature", "properties": { "ID": 21, "ENTIDAD": 11, "MUNICIPIO": 2, "NOMBRE": "ACAMBARO", "CONTROL": 39, "GEOMETRY1_": null, "ID_2": 87, "ENTIDAD_2": 11, "DISTRITO_F": 14, "DISTRITO_L": 22, "MUNICIPIO_2": 2, "SECCION": 87, "TIPO": 4, "CONTROL_2": 4102, "GEOMETRY1__2": null }, "geometry": { "type": "MultiPolygon", "coordinates": [ [ [ [ -100.703822672501673, 20.201547297087924 ], [ -100.703000324631518, 20.201353124677038 ], [ -100.700560564067899, 20.202383879941284 ], [ -100.699039834811728, 20.202407361070509 ], [ -100.696718404681675, 20.203518993351636 ], [ -100.695327205061616, 20.204285239101669 ], [ -100.694429613823985, 20.203099127657286 ], [ -100.693203415017493, 20.203242151989777 ], [ -100.692392919458669, 20.203751164421558 ], [ -100.691505386721047, 20.203869681250296 ], [ -100.691342183859774, 20.203891474068293 ], [ -100.690460647159668, 20.20365677629626 ], [ -100.689801955671001, 20.203311722561711 ], [ -100.689693307470847, 20.203254807101445 ], [ -100.689217029390576, 20.202765602774594 ], [ -100.688851468100424, 20.201902296420926 ], [ -100.688254737510277, 20.20120805350729 ], [ -100.68771023868743, 20.200140607203146 ], [ -100.687168530547652, 20.199238626137159 ], [ -100.686501505922152, 20.197842037106703 ], [ -100.686313523112176, 20.197100128143052 ], [ -100.68531157933262, 20.196660363332839 ], [ -100.685762101077259, 20.195619004231645 ], [ -100.686158997539806, 20.19486811099917 ], [ -100.686158997430411, 20.194868110970042 ], [ -100.686158997563112, 20.194868110718996 ], [ -100.685277518448217, 20.194633382522703 ], [ -100.685324884093944, 20.193970613330897 ], [ -100.685490613123179, 20.193388781580346 ], [ -100.685490613098523, 20.193388781468066 ], [ -100.685490613146399, 20.193388781299998 ], [ -100.685363908739518, 20.192811439991921 ], [ -100.684939909518491, 20.191949019421713 ], [ -100.683724202550962, 20.192712477158224 ], [ -100.682793973438351, 20.193057771129912 ], [ -100.682269676225971, 20.193189946394266 ], [ -100.681170225712407, 20.193910226743547 ], [ -100.680476013139028, 20.194376023515549 ], [ -100.67919553506924, 20.194768045264322 ], [ -100.678267361963449, 20.195237418105656 ], [ -100.678120449708246, 20.195198290346354 ], [ -100.678046993604823, 20.195178726418622 ], [ -100.677973537660364, 20.195159162496875 ], [ -100.67843034557545, 20.194490122936227 ], [ -100.678598181067116, 20.194032397192537 ], [ -100.678764628988162, 20.193491937108792 ], [ -100.678516815858259, 20.192668178086983 ], [ -100.6784527833411, 20.192338136859242 ], [ -100.678961828187141, 20.191295896369507 ], [ -100.679746651089431, 20.189256363724791 ], [ -100.680672010230111, 20.188621517222316 ], [ -100.681716413224962, 20.188108974146992 ], [ -100.682982944456981, 20.186889597116 ], [ -100.683667395112877, 20.185844654427175 ], [ -100.684703432772267, 20.184835691183554 ], [ -100.685508999009855, 20.184037149350381 ], [ -100.686265805076516, 20.183818640330699 ], [ -100.686839512468055, 20.183147786460701 ], [ -100.687180675332684, 20.182563258698245 ], [ -100.687049805365447, 20.181737715862617 ], [ -100.686809619738312, 20.181369006139011 ], [ -100.687399308463384, 20.181649591581593 ], [ -100.687990390141493, 20.182012908804428 ], [ -100.688924716283466, 20.181915794035412 ], [ -100.689423889038011, 20.183770113258166 ], [ -100.689788707029635, 20.184592056016918 ], [ -100.690207835797892, 20.185164896847361 ], [ -100.691729798378603, 20.185224237747946 ], [ -100.692359181995812, 20.18438699989817 ], [ -100.692863555586811, 20.184395447629516 ], [ -100.693646506927692, 20.184408558374063 ], [ -100.694165185708854, 20.183945417361581 ], [ -100.69504521834007, 20.184097371017636 ], [ -100.695315314431056, 20.182769128423949 ], [ -100.69617510917152, 20.181721440404885 ], [ -100.698090353063151, 20.180822983507291 ], [ -100.699368566290744, 20.1803067348898 ], [ -100.700421929154061, 20.180331855476027 ], [ -100.701371609747198, 20.181144742376489 ], [ -100.702312209865582, 20.181419857144782 ], [ -100.70239516632833, 20.182866785740799 ], [ -100.702347872846389, 20.183529555182254 ], [ -100.703412449965981, 20.184216521855788 ], [ -100.70371605843917, 20.184873867822663 ], [ -100.704019669640871, 20.185531213034398 ], [ -100.703359356746688, 20.186265523869139 ], [ -100.70269903773945, 20.186999832609949 ], [ -100.70149674847795, 20.188549370461541 ], [ -100.701039359939202, 20.189177095760204 ], [ -100.701361149796881, 20.190909977425083 ], [ -100.701852111267954, 20.192267847798608 ], [ -100.702626417978294, 20.193083431692358 ], [ -100.703057512412528, 20.194359467821936 ], [ -100.70313629327373, 20.195558193764988 ], [ -100.703277762821315, 20.197004214536666 ], [ -100.703595400051, 20.198488888557829 ], [ -100.704383053518924, 20.200090424809908 ], [ -100.704684600998505, 20.200623665994897 ], [ -100.703822672694514, 20.201547297133455 ], [ -100.703822672501673, 20.201547297087924 ] ] ] ] } },
{ "type": "Feature", "properties": { "ID": 21, "ENTIDAD": 11, "MUNICIPIO": 2, "NOMBRE": "ACAMBARO", "CONTROL": 39, "GEOMETRY1_": null, "ID_2": 93, "ENTIDAD_2": 11, "DISTRITO_F": 14, "DISTRITO_L": 22, "MUNICIPIO_2": 2, "SECCION": 93, "TIPO": 2, "CONTROL_2": 6962, "GEOMETRY1__2": null }, "geometry": { "type": "MultiPolygon", "coordinates": [ [ [ [ -100.763062915919619, 20.149775761346575 ], [ -100.763087017317403, 20.14963427883842 ], [ -100.763103468715983, 20.149550608100146 ], [ -100.763412965043244, 20.147832236368345 ], [ -100.763687697395738, 20.146189790244325 ], [ -100.763785514666893, 20.146198039600183 ], [ -100.763883331943845, 20.146206288900821 ], [ -100.764949923836923, 20.144924500440137 ], [ -100.765194675411408, 20.14463036391269 ], [ -100.765542680727023, 20.142553416297783 ], [ -100.766619445727628, 20.142702933736789 ], [ -100.767481791729637, 20.142822672368201 ], [ -100.768341739587626, 20.142942073571547 ], [ -100.768367925920742, 20.14294570939645 ], [ -100.768394112254782, 20.142949345217385 ], [ -100.768442969905578, 20.1426596781752 ], [ -100.769916050062974, 20.142820152826928 ], [ -100.77049763574685, 20.142883977360214 ], [ -100.770525783659224, 20.142887066325557 ], [ -100.770553931572337, 20.142890155286221 ], [ -100.770524153236479, 20.143008078834271 ], [ -100.770195728715777, 20.142976953768116 ], [ -100.770558045496358, 20.143427739533017 ], [ -100.770376578363951, 20.143498416456136 ], [ -100.769896850918443, 20.142979957516747 ], [ -100.769699718688599, 20.142954397348884 ], [ -100.769381027275017, 20.144878425659165 ], [ -100.769159245883344, 20.146217360167448 ], [ -100.769287575082885, 20.146370696637035 ], [ -100.769432102765379, 20.147071300683695 ], [ -100.770698157913188, 20.149388971636387 ], [ -100.77043789131298, 20.149584376220048 ], [ -100.770120028972045, 20.151112309585834 ], [ -100.767388948343779, 20.150757962429882 ], [ -100.763062915919619, 20.149775761346575 ] ] ] ] } },
{ "type": "Feature", "properties": { "ID": 21, "ENTIDAD": 11, "MUNICIPIO": 2, "NOMBRE": "ACAMBARO", "CONTROL": 39, "GEOMETRY1_": null, "ID_2": 88, "ENTIDAD_2": 11, "DISTRITO_F": 14, "DISTRITO_L": 22, "MUNICIPIO_2": 2, "SECCION": 88, "TIPO": 4, "CONTROL_2": 4151, "GEOMETRY1__2": null }, "geometry": { "type": "MultiPolygon", "coordinates": [ [ [ [ -100.670033717183458, 20.196149507060415 ], [ -100.669449525838118, 20.196199803944342 ], [ -100.668869478775761, 20.196498302852902 ], [ -100.668288048077571, 20.196714065322841 ], [ -100.667823592812269, 20.196928041335283 ], [ -100.667181599044369, 20.197020590615377 ], [ -100.665515074784238, 20.197605507826019 ], [ -100.663848536995289, 20.198190410064317 ], [ -100.662275654279071, 20.199029352344024 ], [ -100.661107113931635, 20.199286516143633 ], [ -100.660060324297078, 20.200038644302001 ], [ -100.659186825615762, 20.200541440317085 ], [ -100.657610008875892, 20.200967099824471 ], [ -100.656995096241602, 20.200951262055604 ], [ -100.656380183562703, 20.200935422125017 ], [ -100.655791634493454, 20.200609417089456 ], [ -100.655145706270133, 20.200407842073659 ], [ -100.654564136345584, 20.200825673357492 ], [ -100.653925180455005, 20.201367934769245 ], [ -100.653169129911618, 20.201911110410375 ], [ -100.652698446891691, 20.201666827613252 ], [ -100.651849737313682, 20.201694128190951 ], [ -100.651001027118866, 20.201721424687705 ], [ -100.650119759811133, 20.201397686769461 ], [ -100.648771294545469, 20.201201571654632 ], [ -100.648124599229433, 20.200917321134579 ], [ -100.64765045511686, 20.200301102356935 ], [ -100.647353104852201, 20.199807487638136 ], [ -100.647346164693332, 20.19906364434831 ], [ -100.647869976893702, 20.198728941558556 ], [ -100.648215840439292, 20.198147658780769 ], [ -100.648327527089279, 20.197568201191807 ], [ -100.648733087646917, 20.197110435107785 ], [ -100.649074313382442, 20.196033255546165 ], [ -100.649074313401812, 20.196033255266908 ], [ -100.649074313402025, 20.196033255266215 ], [ -100.649177505118871, 20.194544655852503 ], [ -100.649344255229508, 20.193592819577503 ], [ -100.649344255211545, 20.193592819511537 ], [ -100.64934425524909, 20.193592819297191 ], [ -100.649041126392561, 20.192479336995689 ], [ -100.6481110144843, 20.193189157647254 ], [ -100.647294895209015, 20.193567464678839 ], [ -100.646595085914697, 20.193862207406394 ], [ -100.646071286139403, 20.194196905642624 ], [ -100.64595997754833, 20.194817687116526 ], [ -100.645959977558519, 20.194817687232259 ], [ -100.64595997752906, 20.194817687396657 ], [ -100.646025452256026, 20.195561076017349 ], [ -100.64567727497672, 20.19589440662191 ], [ -100.644861905021244, 20.196355353041579 ], [ -100.644338093213378, 20.19669004685672 ], [ -100.644046530075428, 20.196816295987091 ], [ -100.643816971160049, 20.197314012329691 ], [ -100.643526944458927, 20.197605559614431 ], [ -100.643117522449216, 20.197650067438712 ], [ -100.642009799436025, 20.19815459956147 ], [ -100.641425127127206, 20.19824179116371 ], [ -100.64116359834938, 20.198450458337781 ], [ -100.640902068865771, 20.19865912516606 ], [ -100.640140993631604, 20.198665024841503 ], [ -100.639671872444268, 20.198586004167314 ], [ -100.639553633489669, 20.198462936782093 ], [ -100.63793661395934, 20.200872467345764 ], [ -100.637766150015324, 20.201431711522375 ], [ -100.637595684995517, 20.201990955583639 ], [ -100.636971556322678, 20.200636759279853 ], [ -100.635982433711135, 20.198490563653575 ], [ -100.63603629172286, 20.197983881825273 ], [ -100.636090149539555, 20.197477199716911 ], [ -100.636197864504908, 20.196463835438923 ], [ -100.6361978644956, 20.196463835419671 ], [ -100.636197864523311, 20.196463835158983 ], [ -100.635899409700428, 20.195846223156675 ], [ -100.635365638100239, 20.19510644404755 ], [ -100.635884112058676, 20.194193227535873 ], [ -100.636508953624869, 20.192122007912449 ], [ -100.636946161233396, 20.191307593880111 ], [ -100.638580838514798, 20.188262499493234 ], [ -100.640919384937703, 20.187913769056255 ], [ -100.641266789328057, 20.18749779843532 ], [ -100.64237482636193, 20.187034600280342 ], [ -100.643427006413404, 20.186861123529802 ], [ -100.644301642344004, 20.186482381213608 ], [ -100.644650764812411, 20.186252366104174 ], [ -100.644999886227836, 20.186022350366787 ], [ -100.64622690342452, 20.185764843017854 ], [ -100.647626836153137, 20.185216687007639 ], [ -100.647974794364174, 20.184862691706194 ], [ -100.64832275101142, 20.184508695811786 ], [ -100.648666657772537, 20.183720790107387 ], [ -100.648666657755854, 20.183720789908556 ], [ -100.648666657792049, 20.183720789825625 ], [ -100.648600794425619, 20.182936076979274 ], [ -100.648826850095332, 20.182066434030045 ], [ -100.649346748024442, 20.181318483528273 ], [ -100.650804780608269, 20.180728524505572 ], [ -100.651916601734342, 20.180678517544095 ], [ -100.652386831593688, 20.180881482862304 ], [ -100.653200166364101, 20.180213884857739 ], [ -100.653777800053888, 20.179382816225189 ], [ -100.654066421244195, 20.178946619030118 ], [ -100.654355040885932, 20.178510421452803 ], [ -100.654520588880189, 20.17743460820018 ], [ -100.654520588865765, 20.177434608141514 ], [ -100.654520588900226, 20.177434607917498 ], [ -100.654398874188217, 20.176939628657333 ], [ -100.654683426440684, 20.176069522629028 ], [ -100.655030768364682, 20.17565352864753 ], [ -100.655139710590419, 20.174784796016372 ], [ -100.65513971057706, 20.174784796000154 ], [ -100.655139710610513, 20.174784795733341 ], [ -100.65466601444399, 20.174209915139166 ], [ -100.654660210915324, 20.173590045979569 ], [ -100.654421431084117, 20.173095981911093 ], [ -100.65317752431389, 20.171535254438886 ], [ -100.652981444828626, 20.169346419289027 ], [ -100.652562830888655, 20.168399151830215 ], [ -100.65313965671217, 20.167485437823292 ], [ -100.653139656675805, 20.167485437628404 ], [ -100.653139656732051, 20.167485437539266 ], [ -100.653016411239037, 20.166825157104906 ], [ -100.652893166995369, 20.166164876464101 ], [ -100.652584289579295, 20.16443152456327 ], [ -100.652109092598565, 20.163691334871693 ], [ -100.652554874913093, 20.162962738196065 ], [ -100.653608098803772, 20.16124129599466 ], [ -100.654361256941954, 20.160408857138748 ], [ -100.656863314868303, 20.158818833536873 ], [ -100.65767264865157, 20.157737976351918 ], [ -100.658307162345423, 20.156741141358399 ], [ -100.659235469807399, 20.155865983925196 ], [ -100.660346332448938, 20.155733286925653 ], [ -100.661109909010094, 20.156016586307722 ], [ -100.661293257023345, 20.156841698636981 ], [ -100.661126601913665, 20.157793542233268 ], [ -100.66055606551663, 20.159368470693082 ], [ -100.661029344657578, 20.159902013440185 ], [ -100.66191466361181, 20.160680282660763 ], [ -100.66427335157033, 20.162521470155681 ], [ -100.664442325267473, 20.161817571850037 ], [ -100.665311315495046, 20.16086019501962 ], [ -100.6671124711998, 20.159440861858979 ], [ -100.66987983391266, 20.155394587690544 ], [ -100.670062498888285, 20.155826270481928 ], [ -100.670245164948227, 20.156257952992295 ], [ -100.670951677301204, 20.156536818963264 ], [ -100.671544006987745, 20.15698293680521 ], [ -100.672022155133021, 20.157596307581674 ], [ -100.672172829100063, 20.157862964095248 ], [ -100.672323503605043, 20.158129620435684 ], [ -100.672567761708493, 20.158746560360026 ], [ -100.67280925829354, 20.159198030115277 ], [ -100.673109230862408, 20.159648606311794 ], [ -100.673349348415329, 20.160017340276237 ], [ -100.673415424984313, 20.160471488404259 ], [ -100.673597760842753, 20.160882482484556 ], [ -100.673603981236283, 20.161254788964033 ], [ -100.673609510558734, 20.161585728042315 ], [ -100.673908799168885, 20.161994934895326 ], [ -100.674147539883108, 20.162280932549951 ], [ -100.67486030965884, 20.16293208640289 ], [ -100.674981410428714, 20.163178502870757 ], [ -100.674987634627172, 20.163550808968857 ], [ -100.675168595416196, 20.163879066060876 ], [ -100.675529135886421, 20.164452844837037 ], [ -100.676186904796765, 20.165311722661301 ], [ -100.676553681067915, 20.166257804423918 ], [ -100.676857139791849, 20.166915208593469 ], [ -100.67700748575804, 20.167161175836714 ], [ -100.677082658925713, 20.167284159395066 ], [ -100.677157832216409, 20.167407142911365 ], [ -100.677051261133599, 20.168029441351198 ], [ -100.677168749506123, 20.16811281042127 ], [ -100.677850401714622, 20.168596503438717 ], [ -100.677766147397293, 20.168804682084421 ], [ -100.677681546659301, 20.16899217707298 ], [ -100.677596945733555, 20.169179672031294 ], [ -100.677897645286805, 20.169671604489704 ], [ -100.67808069770274, 20.170123959160239 ], [ -100.678380015443494, 20.170533156039308 ], [ -100.678623627170992, 20.171108716433217 ], [ -100.678748897637959, 20.171603332541245 ], [ -100.678753747120936, 20.171892903070653 ], [ -100.6787049671576, 20.172472939420146 ], [ -100.678654801422923, 20.17297024131614 ], [ -100.678383186816291, 20.174215734164843 ], [ -100.67811156864849, 20.175461226731834 ], [ -100.678064171661035, 20.176123997352096 ], [ -100.678013310920974, 20.176579931883261 ], [ -100.677901198383921, 20.176871292724147 ], [ -100.677553084081396, 20.177042132228408 ], [ -100.677379719189574, 20.177168918964671 ], [ -100.677149950564242, 20.17742070216401 ], [ -100.677097009517624, 20.177752534904695 ], [ -100.676986279523476, 20.178126629760555 ], [ -100.676699412390889, 20.178462041841357 ], [ -100.676529507131178, 20.178795664053894 ], [ -100.676484873068446, 20.179623903483051 ], [ -100.676429853088251, 20.179831634400923 ], [ -100.676255099626829, 20.17987568580293 ], [ -100.675905592370682, 20.179963788105997 ], [ -100.675847110375855, 20.17996468267668 ], [ -100.675439120590156, 20.180053678635343 ], [ -100.675090304389272, 20.180183146635887 ], [ -100.67473871979935, 20.180147144908972 ], [ -100.674269479302282, 20.180071563307891 ], [ -100.673801622539244, 20.180078715002949 ], [ -100.673335840341309, 20.180209967358056 ], [ -100.67304550395987, 20.180338537700166 ], [ -100.67275793277885, 20.180632576842285 ], [ -100.67241049537266, 20.180844774399038 ], [ -100.672176565617079, 20.180848348012251 ], [ -100.671768570809121, 20.180937335753274 ], [ -100.671419058001362, 20.181025429471397 ], [ -100.671360575466622, 20.181026322579161 ], [ -100.671071617743223, 20.181237624562559 ], [ -100.67090031560528, 20.181488507597717 ], [ -100.670550800967604, 20.181576599705522 ], [ -100.67020335823463, 20.181788793237132 ], [ -100.669855914528952, 20.182000986143599 ], [ -100.669627507856404, 20.182335495481571 ], [ -100.669634414385825, 20.182749169210954 ], [ -100.669699113738446, 20.183120582957944 ], [ -100.669645465088706, 20.18341104713339 ], [ -100.669530570073917, 20.18353693438808 ], [ -100.669298017116759, 20.183623239206916 ], [ -100.669245058201753, 20.183955070683577 ], [ -100.669368241198043, 20.184325592042235 ], [ -100.669252654732588, 20.184410111793984 ], [ -100.669022862510374, 20.184661885846726 ], [ -100.669090323880809, 20.185198769279118 ], [ -100.669039435974398, 20.185654702819868 ], [ -100.668987166730403, 20.186027901603151 ], [ -100.668758062404635, 20.186321042836543 ], [ -100.668585370513284, 20.186489189377443 ], [ -100.668418892224196, 20.187029642188552 ], [ -100.668310897995781, 20.187569202644653 ], [ -100.668327468719212, 20.188562019667209 ], [ -100.668282792444188, 20.189390259395953 ], [ -100.668291768667686, 20.189928035192665 ], [ -100.668359231251571, 20.190464918614552 ], [ -100.668130810318843, 20.190799426795547 ], [ -100.6677867963773, 20.191218453871272 ], [ -100.667444851553796, 20.191761582518676 ], [ -100.667101523990837, 20.192221975869323 ], [ -100.667070646738637, 20.193877563051647 ], [ -100.667484201201702, 20.194119522707329 ], [ -100.668073219745139, 20.194358804314088 ], [ -100.668421382860174, 20.194187980457066 ], [ -100.66883217705049, 20.194264467383537 ], [ -100.669190701554754, 20.194714151981479 ], [ -100.670245553350455, 20.194822181480845 ], [ -100.670486416138559, 20.195232281901127 ], [ -100.670971602291175, 20.196259317515043 ], [ -100.670033717183458, 20.196149507060415 ] ] ] ] } },
{ "type": "Feature", "properties": { "ID": 21, "ENTIDAD": 11, "MUNICIPIO": 2, "NOMBRE": "ACAMBARO", "CONTROL": 39, "GEOMETRY1_": null, "ID_2": 89, "ENTIDAD_2": 11, "DISTRITO_F": 14, "DISTRITO_L": 22, "MUNICIPIO_2": 2, "SECCION": 89, "TIPO": 4, "CONTROL_2": 7016, "GEOMETRY1__2": null }, "geometry": { "type": "MultiPolygon", "coordinates": [ [ [ [ -100.735637788324681, 20.17014389509901 ], [ -100.734497732657573, 20.168465256903026 ], [ -100.733760196528351, 20.163328997173625 ], [ -100.733501810857632, 20.161529474762993 ], [ -100.727913061124113, 20.16306486885156 ], [ -100.727712948557283, 20.161619788170309 ], [ -100.725049946643253, 20.16323360289087 ], [ -100.724533543994468, 20.163820923098292 ], [ -100.72419115228017, 20.164322779091105 ], [ -100.723206239939529, 20.16487601071784 ], [ -100.721119442916034, 20.165984277337017 ], [ -100.722300566643767, 20.166648631971078 ], [ -100.723481699960971, 20.16731297789477 ], [ -100.724251749559883, 20.167880272351837 ], [ -100.724553995742795, 20.16845484708503 ], [ -100.722940611734472, 20.169886782965484 ], [ -100.722736069277957, 20.170285693928747 ], [ -100.721978194053904, 20.171763729455751 ], [ -100.723073761538501, 20.174270690163709 ], [ -100.72380932916343, 20.176245343566695 ], [ -100.723803005838576, 20.179307349409314 ], [ -100.723774834874447, 20.18108700404974 ], [ -100.723447208828745, 20.182457549539663 ], [ -100.722534054278555, 20.183795831248101 ], [ -100.722893402489319, 20.18428676357026 ], [ -100.720861317101438, 20.185187302548147 ], [ -100.715595776504443, 20.185144994427461 ], [ -100.715486542227524, 20.185601839624503 ], [ -100.715377307416404, 20.186058684777151 ], [ -100.715642869725926, 20.187916536658818 ], [ -100.716490470701629, 20.189599839890111 ], [ -100.717211976817538, 20.190747193507868 ], [ -100.717583990547368, 20.19198272857415 ], [ -100.717080837447014, 20.193355992458351 ], [ -100.716458594075888, 20.194606973557104 ], [ -100.716471957292683, 20.195392932146138 ], [ -100.715970192142819, 20.196848926327785 ], [ -100.715517765146643, 20.197766250057324 ], [ -100.713041625131382, 20.196646121646896 ], [ -100.711767548910018, 20.19741067321846 ], [ -100.710308171900152, 20.197598806810191 ], [ -100.709017940249623, 20.197411912808992 ], [ -100.708131513205544, 20.196887737904447 ], [ -100.707369075723335, 20.196775411602697 ], [ -100.70709906879253, 20.198103665083643 ], [ -100.706705773888743, 20.199061430988358 ], [ -100.706662704587572, 20.199972398128843 ], [ -100.706038250756322, 20.201099249983184 ], [ -100.705405381328006, 20.201729702567658 ], [ -100.704645022120587, 20.201741465497168 ], [ -100.703822672501673, 20.201547297087924 ], [ -100.704684601023899, 20.200623665715515 ], [ -100.704383053544277, 20.20009042453044 ], [ -100.703595400076267, 20.198488888278096 ], [ -100.703277762846525, 20.197004214256747 ], [ -100.70313629329894, 20.195558193484882 ], [ -100.703057512437724, 20.194359467541652 ], [ -100.702626418003419, 20.193083431411985 ], [ -100.701852111292993, 20.192267847518053 ], [ -100.701361149821864, 20.190909977144354 ], [ -100.701039359964142, 20.189177095479202 ], [ -100.701496748502962, 20.188549370180446 ], [ -100.70269903776456, 20.186999832328681 ], [ -100.703359356771884, 20.186265523587686 ], [ -100.704019669666138, 20.185531212752942 ], [ -100.703716058464408, 20.184873867541029 ], [ -100.705365459992592, 20.183876009975897 ], [ -100.708348426182681, 20.182071301181111 ], [ -100.709514554476485, 20.181846356620344 ], [ -100.710734951506936, 20.18137229973393 ], [ -100.711365617470975, 20.180617734763729 ], [ -100.709368145263241, 20.180110776317264 ], [ -100.709073546876979, 20.178685171862856 ], [ -100.708030042980482, 20.173635247768402 ], [ -100.710166406715729, 20.171988453074263 ], [ -100.710565234514064, 20.171361614990314 ], [ -100.711493862845202, 20.170933453934705 ], [ -100.711477029811633, 20.169940658531029 ], [ -100.711747671317298, 20.168653766930376 ], [ -100.712670667451832, 20.16789466922781 ], [ -100.712403088734462, 20.165912704373536 ], [ -100.715481741527313, 20.168099334595734 ], [ -100.716351859625448, 20.167672057499548 ], [ -100.718435613711605, 20.164576287107469 ], [ -100.717812488070066, 20.16413231130101 ], [ -100.717162238842675, 20.163728635234637 ], [ -100.724677237445519, 20.158933653184118 ], [ -100.725204910857869, 20.158596946297944 ], [ -100.726834381750578, 20.158116420048838 ], [ -100.728413130162565, 20.15809181841195 ], [ -100.72963963277553, 20.157989941809003 ], [ -100.731325433584814, 20.157384365304317 ], [ -100.732315214272134, 20.157120655701178 ], [ -100.734377982934092, 20.158040117367012 ], [ -100.736008120597759, 20.157600874578218 ], [ -100.737523428695084, 20.157287544035501 ], [ -100.738735749913488, 20.156358286679453 ], [ -100.74036585495648, 20.155919005618287 ], [ -100.740773733966577, 20.155829866026668 ], [ -100.741260639889774, 20.156939419545527 ], [ -100.741973640041579, 20.157590283406201 ], [ -100.742328875288067, 20.157901023912281 ], [ -100.743042441953634, 20.158525207077265 ], [ -100.743227789435366, 20.159101579165434 ], [ -100.743420233566567, 20.160091608738227 ], [ -100.743201242928606, 20.160963955921886 ], [ -100.742928743262979, 20.162126779774393 ], [ -100.742604860572982, 20.163704177484856 ], [ -100.742155512119695, 20.164787017802336 ], [ -100.742059133407793, 20.165988457952359 ], [ -100.741723179632089, 20.166862636272935 ], [ -100.741149775668404, 20.167533649019681 ], [ -100.743726318759826, 20.171113747884714 ], [ -100.7457151087348, 20.173877022760063 ], [ -100.746302983176818, 20.174693798914767 ], [ -100.745742363944288, 20.176109408407328 ], [ -100.745564747816687, 20.176482222652837 ], [ -100.745318139007281, 20.176560017372527 ], [ -100.744844341843262, 20.176709477984168 ], [ -100.744778817963606, 20.176730147511758 ], [ -100.744598258251472, 20.176787195472706 ], [ -100.744176325367476, 20.176920202845192 ], [ -100.744068949763445, 20.176954074316896 ], [ -100.743706933895098, 20.177068270126099 ], [ -100.743203024877573, 20.177227223948531 ], [ -100.742929024890799, 20.177313655080329 ], [ -100.741664768901131, 20.17771244430725 ], [ -100.741332750618042, 20.177817172049934 ], [ -100.741183495506348, 20.177864250927733 ], [ -100.741089055240565, 20.177894040277955 ], [ -100.740993437990781, 20.177924199732633 ], [ -100.740944897840635, 20.177939510936191 ], [ -100.740747564569901, 20.178001754802384 ], [ -100.740560710060436, 20.178060693243371 ], [ -100.740358219789798, 20.178124563135036 ], [ -100.739873592690998, 20.178277423223921 ], [ -100.739673265947246, 20.17834061017691 ], [ -100.739502661615433, 20.178394421353104 ], [ -100.739324520545438, 20.178450609787919 ], [ -100.739134709869205, 20.178510478569009 ], [ -100.739015710433975, 20.178548012053835 ], [ -100.73857971729484, 20.178685529259088 ], [ -100.738489212273024, 20.17871407484807 ], [ -100.738269125248664, 20.178783491916157 ], [ -100.737922300970595, 20.178892882314173 ], [ -100.737888529456185, 20.178869595331225 ], [ -100.737868186209226, 20.178855567885623 ], [ -100.737586545763534, 20.178946850506016 ], [ -100.737271087203126, 20.179082525900718 ], [ -100.73704556643527, 20.179193949137055 ], [ -100.736971223425996, 20.179230679956724 ], [ -100.736799570032986, 20.179393621246 ], [ -100.736656291563818, 20.179529626484019 ], [ -100.736295785562305, 20.179589788408851 ], [ -100.736118386912167, 20.179762019576671 ], [ -100.735885071002656, 20.180095641513741 ], [ -100.735539713750924, 20.180345082952158 ], [ -100.735475673439652, 20.180391337888828 ], [ -100.735300281715595, 20.180480692787228 ], [ -100.733872626473755, 20.181208012092373 ], [ -100.733853333604387, 20.181162382463466 ], [ -100.733163765387999, 20.179531457260502 ], [ -100.73251229597372, 20.177990604090521 ], [ -100.732475162692779, 20.177902775211287 ], [ -100.731799368661683, 20.176304347819148 ], [ -100.731682890990996, 20.176028844420838 ], [ -100.731654648199225, 20.175962040499112 ], [ -100.731102813336094, 20.174656774000209 ], [ -100.730424960628596, 20.173053391713442 ], [ -100.735637788324681, 20.17014389509901 ] ] ] ] } },
{ "type": "Feature", "properties": { "ID": 21, "ENTIDAD": 11, "MUNICIPIO": 2, "NOMBRE": "ACAMBARO", "CONTROL": 39, "GEOMETRY1_": null, "ID_2": 94, "ENTIDAD_2": 11, "DISTRITO_F": 14, "DISTRITO_L": 22, "MUNICIPIO_2": 2, "SECCION": 94, "TIPO": 2, "CONTROL_2": 6963, "GEOMETRY1__2": null }, "geometry": { "type": "MultiPolygon", "coordinates": [ [ [ [ -100.762922774431118, 20.150629928775658 ], [ -100.760424612319866, 20.150303329716685 ], [ -100.760604646205522, 20.149190325243932 ], [ -100.760258519547705, 20.149139055152993 ], [ -100.760548973321093, 20.147407942453821 ], [ -100.760807313401386, 20.145744097231731 ], [ -100.760810764466356, 20.145721870390823 ], [ -100.760863804282664, 20.145364912758161 ], [ -100.761058203452791, 20.144056597410344 ], [ -100.762343630856989, 20.144271297007219 ], [ -100.762427693797406, 20.144215081433892 ], [ -100.763145241678359, 20.14371568295752 ], [ -100.763284746943341, 20.142940952424752 ], [ -100.763408833929134, 20.142251840950657 ], [ -100.764440003319294, 20.142404496212599 ], [ -100.765542680727023, 20.142553416297783 ], [ -100.765194675411408, 20.14463036391269 ], [ -100.764949923836923, 20.144924500440137 ], [ -100.763883331943845, 20.146206288900821 ], [ -100.763785514666893, 20.146198039600183 ], [ -100.763687697395738, 20.146189790244325 ], [ -100.763412965043244, 20.147832236368345 ], [ -100.763103468715983, 20.149550608100146 ], [ -100.763087017317403, 20.14963427883842 ], [ -100.763062915919619, 20.149775761346575 ], [ -100.762922774431118, 20.150629928775658 ] ] ] ] } },
{ "type": "Feature", "properties": { "ID": 21, "ENTIDAD": 11, "MUNICIPIO": 2, "NOMBRE": "ACAMBARO", "CONTROL": 39, "GEOMETRY1_": null, "ID_2": 90, "ENTIDAD_2": 11, "DISTRITO_F": 14, "DISTRITO_L": 22, "MUNICIPIO_2": 2, "SECCION": 90, "TIPO": 4, "CONTROL_2": 4140, "GEOMETRY1__2": null }, "geometry": { "type": "MultiPolygon", "coordinates": [ [ [ [ -100.677973537517488, 20.195159162458822 ], [ -100.67715124621084, 20.194964864204746 ], [ -100.676856036953808, 20.194803872312665 ], [ -100.676563599439845, 20.194808348508371 ], [ -100.676159728348139, 20.195145551689659 ], [ -100.675872138440951, 20.195439596965311 ], [ -100.675406313756866, 20.195570857701554 ], [ -100.674826974208429, 20.195910742523797 ], [ -100.674480199959689, 20.196164313216798 ], [ -100.673956575704537, 20.196337832067826 ], [ -100.673022148612972, 20.196434873863112 ], [ -100.672524652701654, 20.196421789014657 ], [ -100.672027156761857, 20.196408702751373 ], [ -100.671440199696846, 20.196293537224928 ], [ -100.671323050376188, 20.196284982420838 ], [ -100.671205901062208, 20.196276427537612 ], [ -100.670971602454173, 20.196259317534118 ], [ -100.670971602291175, 20.196259317515043 ], [ -100.670486416138559, 20.195232281901127 ], [ -100.670245553350455, 20.194822181480845 ], [ -100.669190701554754, 20.194714151981479 ], [ -100.66883217705049, 20.194264467383537 ], [ -100.668421382860174, 20.194187980457066 ], [ -100.668073219745139, 20.194358804314088 ], [ -100.667484201201702, 20.194119522707329 ], [ -100.667070646738637, 20.193877563051647 ], [ -100.667101523990837, 20.192221975869323 ], [ -100.667444851553796, 20.191761582518676 ], [ -100.6677867963773, 20.191218453871272 ], [ -100.668130810318843, 20.190799426795547 ], [ -100.668359231251571, 20.190464918614552 ], [ -100.668291768667686, 20.189928035192665 ], [ -100.668282792444188, 20.189390259395953 ], [ -100.668327468719212, 20.188562019667209 ], [ -100.668310897995781, 20.187569202644653 ], [ -100.668418892224196, 20.187029642188552 ], [ -100.668585370513284, 20.186489189377443 ], [ -100.668758062404635, 20.186321042836543 ], [ -100.668987166730403, 20.186027901603151 ], [ -100.669039435974398, 20.185654702819868 ], [ -100.669090323880809, 20.185198769279118 ], [ -100.669022862510374, 20.184661885846726 ], [ -100.669252654732588, 20.184410111793984 ], [ -100.669368241198043, 20.184325592042235 ], [ -100.669245058201753, 20.183955070683577 ], [ -100.669298017116759, 20.183623239206916 ], [ -100.669530570073917, 20.18353693438808 ], [ -100.669645465088706, 20.18341104713339 ], [ -100.669699113738446, 20.183120582957944 ], [ -100.669634414385825, 20.182749169210954 ], [ -100.669627507856404, 20.182335495481571 ], [ -100.669855914528952, 20.182000986143599 ], [ -100.67020335823463, 20.181788793237132 ], [ -100.670550800967604, 20.181576599705522 ], [ -100.67090031560528, 20.181488507597717 ], [ -100.671071617743223, 20.181237624562559 ], [ -100.671360575466622, 20.181026322579161 ], [ -100.671419058001362, 20.181025429471397 ], [ -100.671768570809121, 20.180937335753274 ], [ -100.672176565617079, 20.180848348012251 ], [ -100.67241049537266, 20.180844774399038 ], [ -100.67275793277885, 20.180632576842285 ], [ -100.67304550395987, 20.180338537700166 ], [ -100.673335840341309, 20.180209967358056 ], [ -100.673801622539244, 20.180078715002949 ], [ -100.674269479302282, 20.180071563307891 ], [ -100.67473871979935, 20.180147144908972 ], [ -100.675090304389272, 20.180183146635887 ], [ -100.675439120590156, 20.180053678635343 ], [ -100.675847110375855, 20.17996468267668 ], [ -100.675905592370682, 20.179963788105997 ], [ -100.676255099626829, 20.17987568580293 ], [ -100.676429853088251, 20.179831634400923 ], [ -100.676484873068446, 20.179623903483051 ], [ -100.676529507131178, 20.178795664053894 ], [ -100.676699412390889, 20.178462041841357 ], [ -100.676986279523476, 20.178126629760555 ], [ -100.677097009517624, 20.177752534904695 ], [ -100.677149950564242, 20.17742070216401 ], [ -100.677379719189574, 20.177168918964671 ], [ -100.677553084081396, 20.177042132228408 ], [ -100.677901198383921, 20.176871292724147 ], [ -100.678013310920974, 20.176579931883261 ], [ -100.678064171661035, 20.176123997352096 ], [ -100.67811156864849, 20.175461226731834 ], [ -100.678383186816291, 20.174215734164843 ], [ -100.678654801422923, 20.17297024131614 ], [ -100.6787049671576, 20.172472939420146 ], [ -100.678753747120936, 20.171892903070653 ], [ -100.678748897637959, 20.171603332541245 ], [ -100.678623627170992, 20.171108716433217 ], [ -100.678380015443494, 20.170533156039308 ], [ -100.67808069770274, 20.170123959160239 ], [ -100.677897645286805, 20.169671604489704 ], [ -100.677596945733555, 20.169179672031294 ], [ -100.677681546659301, 20.16899217707298 ], [ -100.677766147397293, 20.168804682084421 ], [ -100.677850401714622, 20.168596503438717 ], [ -100.677892528796448, 20.168492414105014 ], [ -100.677934655827016, 20.168388324763924 ], [ -100.678099008361059, 20.167723763814479 ], [ -100.683764362120101, 20.167223187660497 ], [ -100.683584420528334, 20.166956991784478 ], [ -100.683404479568836, 20.166690795673087 ], [ -100.683161552782067, 20.166156609531306 ], [ -100.683035580613122, 20.165620629804032 ], [ -100.683023786938548, 20.164917388211997 ], [ -100.683188808825093, 20.164294191203957 ], [ -100.683465924232038, 20.163379630749521 ], [ -100.683802899776779, 20.162546907563517 ], [ -100.684027085703633, 20.161964180417066 ], [ -100.684193489265397, 20.161423717062817 ], [ -100.684304193087343, 20.161049619052505 ], [ -100.684178916504152, 20.160555006981014 ], [ -100.683940855323158, 20.160310391157136 ], [ -100.683935304490291, 20.159979453905372 ], [ -100.683928366060712, 20.159565782321348 ], [ -100.684096849693049, 20.15914942055073 ], [ -100.684267414224891, 20.158857160130303 ], [ -100.684494370021, 20.158439901267208 ], [ -100.684603683623237, 20.157983068844594 ], [ -100.68471438467509, 20.157608970679348 ], [ -100.684824391252064, 20.157193505316485 ], [ -100.684932315242932, 20.156653938456635 ], [ -100.687632492962607, 20.15723316401634 ], [ -100.692726358863666, 20.158390936550386 ], [ -100.692916648110881, 20.158434652738876 ], [ -100.693094988640524, 20.157878629018601 ], [ -100.693910203435848, 20.155336935467954 ], [ -100.695895934205438, 20.154747557033236 ], [ -100.697123147580086, 20.154687274323187 ], [ -100.697475321203441, 20.154731505322765 ], [ -100.697709261077691, 20.154760997530808 ], [ -100.699703585257041, 20.155102648537284 ], [ -100.701704202101325, 20.155816577248395 ], [ -100.703824576299525, 20.156694142298068 ], [ -100.703558075284931, 20.158229226891578 ], [ -100.704245069120361, 20.157349686495866 ], [ -100.704300745196974, 20.157183316278115 ], [ -100.704475463763274, 20.157139239274869 ], [ -100.704650881449638, 20.157136528802027 ], [ -100.706115493190993, 20.15727940139455 ], [ -100.707823097925086, 20.157956409519954 ], [ -100.709056628723317, 20.158268341475154 ], [ -100.709994295817069, 20.158377958491474 ], [ -100.710288762268561, 20.158497531295435 ], [ -100.710408511166051, 20.158661186629267 ], [ -100.710469787324698, 20.158825747367171 ], [ -100.71132655243494, 20.157612533144938 ], [ -100.719418352068445, 20.155376762522312 ], [ -100.720302456219997, 20.155776798154616 ], [ -100.720894909763359, 20.15622273999552 ], [ -100.721134424905387, 20.156550034846365 ], [ -100.721959363878227, 20.156909603975922 ], [ -100.722198178433132, 20.157195530824215 ], [ -100.722614522091561, 20.157602827727224 ], [ -100.722975916049435, 20.158217864444961 ], [ -100.7232732069875, 20.158502879863416 ], [ -100.723743099449266, 20.158619700080393 ], [ -100.724210168010558, 20.158776677430367 ], [ -100.724677237417865, 20.158933653469397 ], [ -100.717162238815931, 20.163728635519178 ], [ -100.717812488043236, 20.164132311585472 ], [ -100.71843561368469, 20.16457628739192 ], [ -100.716351859598774, 20.167672057783644 ], [ -100.715481741500739, 20.168099334879734 ], [ -100.712403088708257, 20.165912704657796 ], [ -100.71267066742557, 20.16789466951181 ], [ -100.711747671291178, 20.168653767214277 ], [ -100.711477029785542, 20.169940658814749 ], [ -100.711493862819097, 20.17093345421825 ], [ -100.710565234488044, 20.17136161527386 ], [ -100.71016640668978, 20.171988453357713 ], [ -100.708030042954775, 20.173635248051585 ], [ -100.70907354685113, 20.178685172145407 ], [ -100.709368145237363, 20.180110776599541 ], [ -100.711365617444869, 20.180617735045917 ], [ -100.710734951480887, 20.181372300016029 ], [ -100.709514554450578, 20.181846356902433 ], [ -100.708348426156917, 20.182071301463115 ], [ -100.705365459967183, 20.183876010257631 ], [ -100.70371605843917, 20.184873867822663 ], [ -100.703412449965981, 20.184216521855788 ], [ -100.702347872846389, 20.183529555182254 ], [ -100.70239516632833, 20.182866785740799 ], [ -100.702312209865582, 20.181419857144782 ], [ -100.701371609747198, 20.181144742376489 ], [ -100.700421929154061, 20.180331855476027 ], [ -100.699368566290744, 20.1803067348898 ], [ -100.698090353063151, 20.180822983507291 ], [ -100.69617510917152, 20.181721440404885 ], [ -100.695315314431056, 20.182769128423949 ], [ -100.69504521834007, 20.184097371017636 ], [ -100.694165185708854, 20.183945417361581 ], [ -100.693646506927692, 20.184408558374063 ], [ -100.692863555586811, 20.184395447629516 ], [ -100.692359181995812, 20.18438699989817 ], [ -100.691729798378603, 20.185224237747946 ], [ -100.690207835797892, 20.185164896847361 ], [ -100.689788707029635, 20.184592056016918 ], [ -100.689423889038011, 20.183770113258166 ], [ -100.688924716283466, 20.181915794035412 ], [ -100.687990390141493, 20.182012908804428 ], [ -100.687399308463384, 20.181649591581593 ], [ -100.686809619738312, 20.181369006139011 ], [ -100.687049805365447, 20.181737715862617 ], [ -100.687180675332684, 20.182563258698245 ], [ -100.686839512468055, 20.183147786460701 ], [ -100.686265805076516, 20.183818640330699 ], [ -100.685508999009855, 20.184037149350381 ], [ -100.684703432772267, 20.184835691183554 ], [ -100.683667395112877, 20.185844654427175 ], [ -100.682982944456981, 20.186889597116 ], [ -100.681716413224962, 20.188108974146992 ], [ -100.680672010230111, 20.188621517222316 ], [ -100.679746651089431, 20.189256363724791 ], [ -100.678961828187141, 20.191295896369507 ], [ -100.6784527833411, 20.192338136859242 ], [ -100.678516815858259, 20.192668178086983 ], [ -100.678764628988162, 20.193491937108792 ], [ -100.678598181067116, 20.194032397192537 ], [ -100.67843034557545, 20.194490122936227 ], [ -100.677973537660364, 20.195159162496875 ], [ -100.677973537517488, 20.195159162458822 ] ] ] ] } },
{ "type": "Feature", "properties": { "ID": 21, "ENTIDAD": 11, "MUNICIPIO": 2, "NOMBRE": "ACAMBARO", "CONTROL": 39, "GEOMETRY1_": null, "ID_2": 91, "ENTIDAD_2": 11, "DISTRITO_F": 14, "DISTRITO_L": 22, "MUNICIPIO_2": 2, "SECCION": 91, "TIPO": 4, "CONTROL_2": 4156, "GEOMETRY1__2": null }, "geometry": { "type": "MultiPolygon", "coordinates": [ [ [ [ -100.677168749506123, 20.16811281042127 ], [ -100.677051261133599, 20.168029441351198 ], [ -100.677157832216409, 20.167407142911365 ], [ -100.677082658925713, 20.167284159395066 ], [ -100.67700748575804, 20.167161175836714 ], [ -100.676857139791849, 20.166915208593469 ], [ -100.676553681067915, 20.166257804423918 ], [ -100.676186904796765, 20.165311722661301 ], [ -100.675529135886421, 20.164452844837037 ], [ -100.675168595416196, 20.163879066060876 ], [ -100.674987634627172, 20.163550808968857 ], [ -100.674981410428714, 20.163178502870757 ], [ -100.67486030965884, 20.16293208640289 ], [ -100.674147539883108, 20.162280932549951 ], [ -100.673908799168885, 20.161994934895326 ], [ -100.673609510558734, 20.161585728042315 ], [ -100.673603981236283, 20.161254788964033 ], [ -100.673597760842753, 20.160882482484556 ], [ -100.673415424984313, 20.160471488404259 ], [ -100.673349348415329, 20.160017340276237 ], [ -100.673109230862408, 20.159648606311794 ], [ -100.67280925829354, 20.159198030115277 ], [ -100.672567761708493, 20.158746560360026 ], [ -100.672323503605043, 20.158129620435684 ], [ -100.672172829100063, 20.157862964095248 ], [ -100.672022155133021, 20.157596307581674 ], [ -100.671544006987745, 20.15698293680521 ], [ -100.670951677301204, 20.156536818963264 ], [ -100.670245164948227, 20.156257952992295 ], [ -100.670062498888285, 20.155826270481928 ], [ -100.66987983391266, 20.155394587690544 ], [ -100.6671124711998, 20.159440861858979 ], [ -100.665311315495046, 20.16086019501962 ], [ -100.664442325267473, 20.161817571850037 ], [ -100.66427335157033, 20.162521470155681 ], [ -100.66191466361181, 20.160680282660763 ], [ -100.661029344657578, 20.159902013440185 ], [ -100.66055606551663, 20.159368470693082 ], [ -100.661126601913665, 20.157793542233268 ], [ -100.661293257023345, 20.156841698636981 ], [ -100.661109909010094, 20.156016586307722 ], [ -100.660735847005995, 20.153581193465204 ], [ -100.660888532918506, 20.151141664909403 ], [ -100.660861374646757, 20.148248943249722 ], [ -100.660892745353294, 20.145355761404463 ], [ -100.660639260721666, 20.143291366843627 ], [ -100.660509032378229, 20.141887247331763 ], [ -100.660500115617637, 20.140936780577118 ], [ -100.660497401932545, 20.140647508065474 ], [ -100.66217746399272, 20.13881590715356 ], [ -100.660421436723553, 20.138788357717939 ], [ -100.66027922138538, 20.129862686055798 ], [ -100.660331928927548, 20.129242356939834 ], [ -100.660366517068951, 20.126367040211267 ], [ -100.661169162409919, 20.126251085584911 ], [ -100.663476447529789, 20.125917741208053 ], [ -100.662421072670483, 20.121125738752248 ], [ -100.667009680138122, 20.12001865751354 ], [ -100.668540659384334, 20.120657392781599 ], [ -100.670943729135999, 20.120993171675629 ], [ -100.676278107024231, 20.121780693760595 ], [ -100.676330349510252, 20.121407492950301 ], [ -100.676475885440667, 20.121442609294842 ], [ -100.676534621894731, 20.121456781648416 ], [ -100.681924994836351, 20.122755710160519 ], [ -100.682788660364622, 20.122963821070211 ], [ -100.681352149093811, 20.131468300610525 ], [ -100.683854999592683, 20.130767916337145 ], [ -100.682851591537371, 20.137196868069513 ], [ -100.683429771639879, 20.140291350852479 ], [ -100.681539309363572, 20.149630339332312 ], [ -100.687813007197647, 20.150568571793048 ], [ -100.687794269875695, 20.15126034195761 ], [ -100.687632492962607, 20.15723316401634 ], [ -100.684932315242932, 20.156653938456635 ], [ -100.684824391252064, 20.157193505316485 ], [ -100.68471438467509, 20.157608970679348 ], [ -100.684603683623237, 20.157983068844594 ], [ -100.684494370021, 20.158439901267208 ], [ -100.684267414224891, 20.158857160130303 ], [ -100.684096849693049, 20.15914942055073 ], [ -100.683928366060712, 20.159565782321348 ], [ -100.683935304490291, 20.159979453905372 ], [ -100.683940855323158, 20.160310391157136 ], [ -100.684178916504152, 20.160555006981014 ], [ -100.684304193087343, 20.161049619052505 ], [ -100.684193489265397, 20.161423717062817 ], [ -100.684027085703633, 20.161964180417066 ], [ -100.683802899776779, 20.162546907563517 ], [ -100.683465924232038, 20.163379630749521 ], [ -100.683188808825093, 20.164294191203957 ], [ -100.683023786938548, 20.164917388211997 ], [ -100.683035580613122, 20.165620629804032 ], [ -100.683161552782067, 20.166156609531306 ], [ -100.683404479568836, 20.166690795673087 ], [ -100.683584420528334, 20.166956991784478 ], [ -100.683764362120101, 20.167223187660497 ], [ -100.678099008361059, 20.167723763814479 ], [ -100.677934655827016, 20.168388324763924 ], [ -100.677892528796448, 20.168492414105014 ], [ -100.677850401714622, 20.168596503438717 ], [ -100.677168749506123, 20.16811281042127 ] ] ] ] } },
{ "type": "Feature", "properties": { "ID": 21, "ENTIDAD": 11, "MUNICIPIO": 2, "NOMBRE": "ACAMBARO", "CONTROL": 39, "GEOMETRY1_": null, "ID_2": 92, "ENTIDAD_2": 11, "DISTRITO_F": 14, "DISTRITO_L": 22, "MUNICIPIO_2": 2, "SECCION": 92, "TIPO": 4, "CONTROL_2": 4160, "GEOMETRY1__2": null }, "geometry": { "type": "MultiPolygon", "coordinates": [ [ [ [ -100.652554874932918, 20.162962737911496 ], [ -100.651916519311683, 20.161874417327439 ], [ -100.651913046256198, 20.16150249505489 ], [ -100.652085934835029, 20.161211852005259 ], [ -100.652545681343426, 20.160299054058928 ], [ -100.652863732917368, 20.159883294096872 ], [ -100.653181782846872, 20.159467533659072 ], [ -100.653874861338892, 20.158470255346135 ], [ -100.654453193176025, 20.157721837770307 ], [ -100.654681896052779, 20.157141462421233 ], [ -100.654681896050647, 20.157141462191969 ], [ -100.654681896072788, 20.157141462135762 ], [ -100.654675711913271, 20.15648026709264 ], [ -100.654495103792897, 20.155944418252218 ], [ -100.6537846577029, 20.155082086174588 ], [ -100.652901339562035, 20.154510394211627 ], [ -100.651787004248675, 20.154271121213576 ], [ -100.646690120864662, 20.153773532625952 ], [ -100.640663983242405, 20.153241647722179 ], [ -100.638382149388221, 20.153040191063702 ], [ -100.636790198134207, 20.152899624236856 ], [ -100.636207596207655, 20.15319341284183 ], [ -100.63398888739404, 20.153789096631414 ], [ -100.63282366297716, 20.15437665463293 ], [ -100.632421960052241, 20.155247633255172 ], [ -100.632079542677744, 20.156200811596523 ], [ -100.630791531891518, 20.15616937985568 ], [ -100.63038487200923, 20.156503127313155 ], [ -100.63009792856019, 20.157125251787264 ], [ -100.630097928562421, 20.157125252029367 ], [ -100.630097928542426, 20.157125252072714 ], [ -100.630106289835226, 20.158034406267696 ], [ -100.630289480511493, 20.158859561916895 ], [ -100.630765323349337, 20.159682469568637 ], [ -100.631356329684721, 20.160297850220132 ], [ -100.632298142362714, 20.160869203084587 ], [ -100.63376864223153, 20.161643121166808 ], [ -100.634240318347224, 20.162011441372901 ], [ -100.634186362513191, 20.16250779289896 ], [ -100.634011913310374, 20.162633120411009 ], [ -100.632899062437957, 20.162559030436316 ], [ -100.63225445996477, 20.16248133288487 ], [ -100.631140468819467, 20.162283256217219 ], [ -100.630376904831806, 20.161999825309852 ], [ -100.629496661838104, 20.161758614509118 ], [ -100.62879087399584, 20.161392076721761 ], [ -100.628376603008221, 20.160899316428235 ], [ -100.628255745561674, 20.160486961863882 ], [ -100.628077117794447, 20.16015770628854 ], [ -100.627896972704775, 20.159663149566544 ], [ -100.627541618649445, 20.159211263328046 ], [ -100.627363752721479, 20.158964657258473 ], [ -100.626718028737386, 20.1587629624246 ], [ -100.626191260904108, 20.158766995430007 ], [ -100.62461133515194, 20.158820410291042 ], [ -100.622506528533449, 20.159084459729467 ], [ -100.622360581605832, 20.159126902027499 ], [ -100.62221463459079, 20.159169344209765 ], [ -100.62221463452741, 20.15916934434718 ], [ -100.621491116995287, 20.156860483302335 ], [ -100.621250579224863, 20.156159737417877 ], [ -100.621184119210398, 20.155292350737046 ], [ -100.621117660298111, 20.154424963898521 ], [ -100.62111350651594, 20.15397038462071 ], [ -100.621227919294597, 20.153680214436964 ], [ -100.621399348901363, 20.15322429636533 ], [ -100.621255861054593, 20.152801470971536 ], [ -100.621163777614157, 20.152530121014411 ], [ -100.62111237405972, 20.152378645388044 ], [ -100.620968840038586, 20.1519556785268 ], [ -100.620868906476048, 20.151661192146953 ], [ -100.62079783823404, 20.151451765920108 ], [ -100.62032556419372, 20.151011085398487 ], [ -100.619853292803057, 20.150570403406196 ], [ -100.618908757970459, 20.149689035009956 ], [ -100.618787182024903, 20.149194020215202 ], [ -100.618081097963682, 20.148786107886146 ], [ -100.616962323257496, 20.148050701767414 ], [ -100.616257001127181, 20.147725432424199 ], [ -100.615786161135574, 20.147439708627498 ], [ -100.613324320068912, 20.147045095287698 ], [ -100.612588995797381, 20.146637380913749 ], [ -100.611853675190773, 20.146229663188755 ], [ -100.611435749263279, 20.145323599564712 ], [ -100.610609278379172, 20.144544609294108 ], [ -100.609248608827784, 20.142943079843803 ], [ -100.608185447508049, 20.141876564186383 ], [ -100.607477927138177, 20.141303301979629 ], [ -100.606945609076817, 20.140687387387139 ], [ -100.60839897510634, 20.139601883657871 ], [ -100.60833708668271, 20.139230393830626 ], [ -100.608041854832976, 20.138943321488156 ], [ -100.607629204748591, 20.138615805558864 ], [ -100.606855709403249, 20.13721646578367 ], [ -100.606674914536541, 20.136639228196742 ], [ -100.606841517837182, 20.135646086927185 ], [ -100.607128897152322, 20.135065321039161 ], [ -100.607417768750039, 20.134649857816992 ], [ -100.607939228671086, 20.134067326034188 ], [ -100.608521448652681, 20.133732305871121 ], [ -100.609453294525338, 20.133229330511885 ], [ -100.610386631419729, 20.132891653423517 ], [ -100.611026612887542, 20.132473532087396 ], [ -100.61160881985785, 20.132138502513779 ], [ -100.612134377879229, 20.132010542218641 ], [ -100.612776975202237, 20.131881694690858 ], [ -100.61347546569344, 20.131463122248661 ], [ -100.614056912768447, 20.131045433878562 ], [ -100.614637605933652, 20.130545092521949 ], [ -100.615216417796745, 20.129838121370412 ], [ -100.615505258441218, 20.129422646768163 ], [ -100.616612987254726, 20.128959630957603 ], [ -100.617134769715108, 20.128418400807945 ], [ -100.617713938737253, 20.127752748177215 ], [ -100.617944626934516, 20.127379040169771 ], [ -100.619280381716919, 20.126253022018197 ], [ -100.620092850783138, 20.125502931824006 ], [ -100.623459682056392, 20.122501645971873 ], [ -100.635653485723367, 20.122531706133497 ], [ -100.639787196209696, 20.122541704991168 ], [ -100.639898413104603, 20.128244122903798 ], [ -100.640156123482171, 20.13712766447976 ], [ -100.640481612723519, 20.140679359403524 ], [ -100.650548245518948, 20.140683924882463 ], [ -100.660497401932545, 20.140647508065474 ], [ -100.660500115617637, 20.140936780577118 ], [ -100.660509032378229, 20.141887247331763 ], [ -100.660639260721666, 20.143291366843627 ], [ -100.660892745353294, 20.145355761404463 ], [ -100.660861374646757, 20.148248943249722 ], [ -100.660888532918506, 20.151141664909403 ], [ -100.660735847005995, 20.153581193465204 ], [ -100.661109909010094, 20.156016586307722 ], [ -100.660346332448938, 20.155733286925653 ], [ -100.659235469807399, 20.155865983925196 ], [ -100.658307162345423, 20.156741141358399 ], [ -100.65767264865157, 20.157737976351918 ], [ -100.656863314868303, 20.158818833536873 ], [ -100.654361256941954, 20.160408857138748 ], [ -100.653608098803772, 20.16124129599466 ], [ -100.652554874913093, 20.162962738196065 ], [ -100.652554874837577, 20.162962738067314 ], [ -100.652554874932918, 20.162962737911496 ] ] ] ] } },
{ "type": "Feature", "properties": { "ID": 21, "ENTIDAD": 11, "MUNICIPIO": 2, "NOMBRE": "ACAMBARO", "CONTROL": 39, "GEOMETRY1_": null, "ID_2": 95, "ENTIDAD_2": 11, "DISTRITO_F": 14, "DISTRITO_L": 22, "MUNICIPIO_2": 2, "SECCION": 95, "TIPO": 3, "CONTROL_2": 7017, "GEOMETRY1__2": null }, "geometry": { "type": "MultiPolygon", "coordinates": [ [ [ [ -100.796408192887768, 20.166680127932885 ], [ -100.791931410480871, 20.168220450325805 ], [ -100.789257133983938, 20.169152678676205 ], [ -100.78658282269916, 20.170084868668685 ], [ -100.781425359199517, 20.17285637141395 ], [ -100.770564585154418, 20.173938944053713 ], [ -100.767644332470965, 20.174192038830828 ], [ -100.767644332848576, 20.174192039078374 ], [ -100.767644332437527, 20.174192039113997 ], [ -100.767946057082327, 20.174389835542204 ], [ -100.767813612701957, 20.174402049479269 ], [ -100.765449726367379, 20.174620028608139 ], [ -100.763878038182582, 20.174762057620658 ], [ -100.763233400729604, 20.174820306786277 ], [ -100.762601681587142, 20.174877386335556 ], [ -100.761757351947836, 20.174947695594497 ], [ -100.75981379843013, 20.175140703983686 ], [ -100.757895181480748, 20.175302441839506 ], [ -100.757731341306652, 20.175316252339286 ], [ -100.756094735833258, 20.1754541955161 ], [ -100.75535761398028, 20.175522601683568 ], [ -100.75421072775157, 20.175629028615237 ], [ -100.752463120451239, 20.175791182043763 ], [ -100.752205538093818, 20.175815080318316 ], [ -100.751852875036874, 20.17584779948087 ], [ -100.751514304058546, 20.175877824876157 ], [ -100.75060410375859, 20.175958538469963 ], [ -100.749504422586412, 20.176056047913431 ], [ -100.748443100622126, 20.176150148837429 ], [ -100.74766748539902, 20.176218912382957 ], [ -100.746993146927281, 20.176278694016389 ], [ -100.746465081279268, 20.176298997929397 ], [ -100.74610122665618, 20.176312986638653 ], [ -100.74556474793954, 20.176482222614087 ], [ -100.745742363913863, 20.176109408690188 ], [ -100.74630298314635, 20.174693799197893 ], [ -100.745715108704417, 20.173877023043293 ], [ -100.743726318729699, 20.171113748168295 ], [ -100.741149775638632, 20.167533649303792 ], [ -100.741723179602232, 20.166862636557063 ], [ -100.742059133377907, 20.165988458236662 ], [ -100.742155512089795, 20.164787018086823 ], [ -100.74260486054304, 20.163704177769525 ], [ -100.742928743233009, 20.162126780059236 ], [ -100.743201242898564, 20.160963956206821 ], [ -100.743420233536526, 20.16009160902334 ], [ -100.743227789405324, 20.159101579450645 ], [ -100.743042441923635, 20.158525207362654 ], [ -100.742328875258167, 20.157901024197667 ], [ -100.741973640011736, 20.157590283691675 ], [ -100.74696346730974, 20.154438575763262 ], [ -100.749900303217018, 20.152583473757836 ], [ -100.748760956441728, 20.150946292347101 ], [ -100.752403212366161, 20.148489214589581 ], [ -100.753483364631791, 20.1454599051057 ], [ -100.75362216004126, 20.145070642567884 ], [ -100.754910942715483, 20.14489095641693 ], [ -100.755845678948518, 20.144755469485144 ], [ -100.757135769010688, 20.14457259213447 ], [ -100.757622439845946, 20.144503601332957 ], [ -100.758324469429226, 20.144404078673595 ], [ -100.758447747803686, 20.143693661607614 ], [ -100.759616001846325, 20.143850683162867 ], [ -100.761058203452791, 20.144056597410344 ], [ -100.760863804282664, 20.145364912758161 ], [ -100.760810764466356, 20.145721870390823 ], [ -100.760807313401386, 20.145744097231731 ], [ -100.760548973321093, 20.147407942453821 ], [ -100.760258519547705, 20.149139055152993 ], [ -100.760604646205522, 20.149190325243932 ], [ -100.760424612319866, 20.150303329716685 ], [ -100.762922774431118, 20.150629928775658 ], [ -100.763062915919619, 20.149775761346575 ], [ -100.767388948343779, 20.150757962429882 ], [ -100.770120028972045, 20.151112309585834 ], [ -100.77043789131298, 20.149584376220048 ], [ -100.770698157913188, 20.149388971636387 ], [ -100.772141530524436, 20.146812391115542 ], [ -100.777081015856751, 20.144996310154458 ], [ -100.789870546869906, 20.140614012133788 ], [ -100.800884878759916, 20.165139698058937 ], [ -100.796408192887768, 20.166680127932885 ] ] ] ] } },
{ "type": "Feature", "properties": { "ID": 21, "ENTIDAD": 11, "MUNICIPIO": 2, "NOMBRE": "ACAMBARO", "CONTROL": 39, "GEOMETRY1_": null, "ID_2": 96, "ENTIDAD_2": 11, "DISTRITO_F": 14, "DISTRITO_L": 22, "MUNICIPIO_2": 2, "SECCION": 96, "TIPO": 3, "CONTROL_2": 6964, "GEOMETRY1__2": null }, "geometry": { "type": "MultiPolygon", "coordinates": [ [ [ [ -100.753502676356234, 20.145088455150464 ], [ -100.753511855514532, 20.144910618365817 ], [ -100.753695592824229, 20.141797131503498 ], [ -100.753529779811956, 20.13945663194681 ], [ -100.754336293298181, 20.13644523303914 ], [ -100.754549113661341, 20.136290084498846 ], [ -100.75445778308945, 20.135390128788071 ], [ -100.75445120456861, 20.135202078434148 ], [ -100.754447721234243, 20.135102505153512 ], [ -100.756128271558879, 20.136292741286351 ], [ -100.757555721720735, 20.137319721491071 ], [ -100.757625388750142, 20.137368112653697 ], [ -100.758602515248029, 20.136749071443138 ], [ -100.75918946135242, 20.135154589700669 ], [ -100.759047586979989, 20.134991046464847 ], [ -100.75896412575058, 20.134894837745467 ], [ -100.758937662576741, 20.134864332671327 ], [ -100.758988889490809, 20.134826841984584 ], [ -100.759038799119239, 20.134790315330001 ], [ -100.759238622495985, 20.135020238357562 ], [ -100.759399579812765, 20.13520992813222 ], [ -100.760289867900767, 20.136350078315669 ], [ -100.760878391215059, 20.134856832640509 ], [ -100.761025938597399, 20.134934454224958 ], [ -100.760408911926532, 20.136488918899374 ], [ -100.761761594736967, 20.138189391658969 ], [ -100.761967389862775, 20.137978428678263 ], [ -100.76394552640042, 20.134750664590726 ], [ -100.764027813772813, 20.134738935839966 ], [ -100.765070204685841, 20.13459035622185 ], [ -100.764964623818486, 20.134868806748187 ], [ -100.764327913527623, 20.136581903679673 ], [ -100.763874978888296, 20.136436680743561 ], [ -100.763733740280841, 20.137256006526894 ], [ -100.763497114248324, 20.138633081485366 ], [ -100.763328664298612, 20.139564038296331 ], [ -100.763320482261705, 20.139609620269027 ], [ -100.763144985130396, 20.140587306482708 ], [ -100.762872120407081, 20.142177861352721 ], [ -100.763408833929134, 20.142251840950657 ], [ -100.763284746943341, 20.142940952424752 ], [ -100.763145241678359, 20.14371568295752 ], [ -100.762427693797406, 20.144215081433892 ], [ -100.762343630856989, 20.144271297007219 ], [ -100.761058203452791, 20.144056597410344 ], [ -100.759616001846325, 20.143850683162867 ], [ -100.758447747803686, 20.143693661607614 ], [ -100.758324469429226, 20.144404078673595 ], [ -100.757622439845946, 20.144503601332957 ], [ -100.757135769010688, 20.14457259213447 ], [ -100.755845678948518, 20.144755469485144 ], [ -100.754910942715483, 20.14489095641693 ], [ -100.75362216004126, 20.145070642567884 ], [ -100.753483364631791, 20.1454599051057 ], [ -100.753502676356234, 20.145088455150464 ] ] ] ] } },
{ "type": "Feature", "properties": { "ID": 21, "ENTIDAD": 11, "MUNICIPIO": 2, "NOMBRE": "ACAMBARO", "CONTROL": 39, "GEOMETRY1_": null, "ID_2": 97, "ENTIDAD_2": 11, "DISTRITO_F": 14, "DISTRITO_L": 22, "MUNICIPIO_2": 2, "SECCION": 97, "TIPO": 2, "CONTROL_2": 5361, "GEOMETRY1__2": null }, "geometry": { "type": "MultiPolygon", "coordinates": [ [ [ [ -100.768367925954195, 20.142945709108858 ], [ -100.768341739621036, 20.142942073283955 ], [ -100.767481791762933, 20.142822672080605 ], [ -100.766619445760796, 20.142702933449112 ], [ -100.765542680760049, 20.142553416010106 ], [ -100.764440003352149, 20.142404495924914 ], [ -100.763408833961861, 20.142251840662983 ], [ -100.762872120439724, 20.142177861065047 ], [ -100.76314498516308, 20.140587306194856 ], [ -100.763320482294418, 20.139609619980984 ], [ -100.763328664331311, 20.139564038008295 ], [ -100.763497114281051, 20.138633081197234 ], [ -100.763733740313597, 20.137256006238495 ], [ -100.763874978921081, 20.136436680455066 ], [ -100.76432791356045, 20.136581903391185 ], [ -100.764964623851412, 20.134868806459504 ], [ -100.765070204718782, 20.134590355933085 ], [ -100.765756028687463, 20.132714166707931 ], [ -100.767057470812034, 20.133174384238384 ], [ -100.768654209137679, 20.128586572711086 ], [ -100.774726312629625, 20.130340735942085 ], [ -100.771757728700251, 20.13589558617371 ], [ -100.76989111910828, 20.137964599215358 ], [ -100.771599700421049, 20.138748766814171 ], [ -100.770553931606088, 20.142890154998625 ], [ -100.770525783692975, 20.142887066037961 ], [ -100.7704976357806, 20.142883977072618 ], [ -100.769916050096626, 20.142820152539333 ], [ -100.768442969939031, 20.142659677887515 ], [ -100.768394112288206, 20.142949344929786 ], [ -100.768367925954195, 20.142945709108858 ] ] ] ] } },
{ "type": "Feature", "properties": { "ID": 21, "ENTIDAD": 11, "MUNICIPIO": 2, "NOMBRE": "ACAMBARO", "CONTROL": 39, "GEOMETRY1_": null, "ID_2": 98, "ENTIDAD_2": 11, "DISTRITO_F": 14, "DISTRITO_L": 22, "MUNICIPIO_2": 2, "SECCION": 98, "TIPO": 4, "CONTROL_2": 6971, "GEOMETRY1__2": null }, "geometry": { "type": "MultiPolygon", "coordinates": [ [ [ [ -100.593064366451486, 20.124008780821317 ], [ -100.585592653158272, 20.109657018255639 ], [ -100.587230028667989, 20.106354473165919 ], [ -100.592898950416526, 20.102489511383798 ], [ -100.596363046567959, 20.100880053017377 ], [ -100.602072229300646, 20.099932610140968 ], [ -100.602358828740009, 20.099269200972497 ], [ -100.604469590433894, 20.099749310712106 ], [ -100.605053930196604, 20.099662264731105 ], [ -100.60505393016912, 20.099662264443953 ], [ -100.605053930212165, 20.099662264437548 ], [ -100.604606754204525, 20.094991733923827 ], [ -100.604472678017999, 20.093591298537795 ], [ -100.605108432602336, 20.092718620818225 ], [ -100.605243353839356, 20.092789511374253 ], [ -100.60573369776877, 20.093047147295721 ], [ -100.608204720866439, 20.094345434526328 ], [ -100.608753318939065, 20.094633662678035 ], [ -100.609298925694105, 20.094929471086878 ], [ -100.610612944562462, 20.095641873066072 ], [ -100.613339641650242, 20.097120111984687 ], [ -100.613807699121594, 20.097116573910721 ], [ -100.613977229573607, 20.096454033997592 ], [ -100.614146758800658, 20.09579149397182 ], [ -100.614146758755183, 20.095791493919183 ], [ -100.614146758816943, 20.095791493677801 ], [ -100.613969366760358, 20.095586191861866 ], [ -100.614082635524241, 20.095172049303745 ], [ -100.614429554465602, 20.094714810879552 ], [ -100.614717590775598, 20.094216688666112 ], [ -100.614774223898166, 20.094009617105023 ], [ -100.614887864363425, 20.093636799742246 ], [ -100.614887864306212, 20.09363679968925 ], [ -100.614887864379781, 20.093636799447868 ], [ -100.614710848567682, 20.093472823973979 ], [ -100.614708601236387, 20.09322486943223 ], [ -100.614882245346621, 20.093016912759545 ], [ -100.614882245344148, 20.09301691248756 ], [ -100.614882245362935, 20.093016912465067 ], [ -100.614878499480682, 20.092603654451526 ], [ -100.614758117634409, 20.092232607400295 ], [ -100.614870258886626, 20.091694487045924 ], [ -100.615217917820914, 20.091319899186917 ], [ -100.61545231244655, 20.091359454202589 ], [ -100.61556445094422, 20.090821333351702 ], [ -100.620017886008682, 20.089436611291994 ], [ -100.620141585821884, 20.089931333156152 ], [ -100.620423147209522, 20.089100970187005 ], [ -100.620592636608265, 20.088644095593988 ], [ -100.622150697708108, 20.086971475001103 ], [ -100.622004274686873, 20.084781678304363 ], [ -100.622227847787585, 20.083993356269481 ], [ -100.623300464842842, 20.081044682876087 ], [ -100.625261432862004, 20.078871020938681 ], [ -100.626307080792301, 20.078279601357305 ], [ -100.626658219160532, 20.07827539545659 ], [ -100.629293978120003, 20.078409201798856 ], [ -100.630888006846604, 20.079423822167271 ], [ -100.631249719068805, 20.080205126959616 ], [ -100.631340843308195, 20.080452131932006 ], [ -100.631386405544944, 20.08057563439068 ], [ -100.631431967859768, 20.080699136830869 ], [ -100.632550654225568, 20.080908848937199 ], [ -100.636600678030263, 20.081668012929796 ], [ -100.639740317361372, 20.085759983267856 ], [ -100.632924743027417, 20.088994636003463 ], [ -100.632342360370842, 20.089288397933839 ], [ -100.631877741112532, 20.089663912800184 ], [ -100.631411983032905, 20.08991545014316 ], [ -100.630889234207501, 20.090332736138354 ], [ -100.627816101373824, 20.093373208357885 ], [ -100.627295220768715, 20.093997112723262 ], [ -100.626888703431845, 20.094330843759373 ], [ -100.6247949433711, 20.095710653349919 ], [ -100.624214028036945, 20.096169693389768 ], [ -100.623865628000061, 20.096461646837813 ], [ -100.62294014976041, 20.097296202154016 ], [ -100.618642477078552, 20.101171481062451 ], [ -100.618294431182278, 20.101504750513943 ], [ -100.61818004339419, 20.101794918202621 ], [ -100.615933084097875, 20.105655508628313 ], [ -100.614148492360258, 20.108892648760413 ], [ -100.60244376994784, 20.115221469870416 ], [ -100.598446668368254, 20.118966420524924 ], [ -100.593064366436806, 20.124008781111439 ], [ -100.593064366340101, 20.124008780925674 ], [ -100.593064366451486, 20.124008780821317 ] ] ] ] } },
{ "type": "Feature", "properties": { "ID": 21, "ENTIDAD": 11, "MUNICIPIO": 2, "NOMBRE": "ACAMBARO", "CONTROL": 39, "GEOMETRY1_": null, "ID_2": 101, "ENTIDAD_2": 11, "DISTRITO_F": 14, "DISTRITO_L": 22, "MUNICIPIO_2": 2, "SECCION": 101, "TIPO": 4, "CONTROL_2": 4141, "GEOMETRY1__2": null }, "geometry": { "type": "MultiPolygon", "coordinates": [ [ [ [ -100.724210168010558, 20.158776677430367 ], [ -100.723743099449266, 20.158619700080393 ], [ -100.7232732069875, 20.158502879863416 ], [ -100.722975916049435, 20.158217864444961 ], [ -100.722614522091561, 20.157602827727224 ], [ -100.722198178433132, 20.157195530824215 ], [ -100.721959363878227, 20.156909603975922 ], [ -100.721134424905387, 20.156550034846365 ], [ -100.720894909763359, 20.15622273999552 ], [ -100.720302456219997, 20.155776798154616 ], [ -100.719418352068445, 20.155376762522312 ], [ -100.71132655243494, 20.157612533144938 ], [ -100.710469787324698, 20.158825747367171 ], [ -100.710408511166051, 20.158661186629267 ], [ -100.710288762268561, 20.158497531295435 ], [ -100.709994295817069, 20.158377958491474 ], [ -100.709056628723317, 20.158268341475154 ], [ -100.707823097925086, 20.157956409519954 ], [ -100.706115493190993, 20.15727940139455 ], [ -100.704650881449638, 20.157136528802027 ], [ -100.704475463763274, 20.157139239274869 ], [ -100.704300745196974, 20.157183316278115 ], [ -100.704245069120361, 20.157349686495866 ], [ -100.703558075284931, 20.158229226891578 ], [ -100.703824576299525, 20.156694142298068 ], [ -100.701704202101325, 20.155816577248395 ], [ -100.699703585257041, 20.155102648537284 ], [ -100.697709261077691, 20.154760997530808 ], [ -100.697475321203441, 20.154731505322765 ], [ -100.697123147580086, 20.154687274323187 ], [ -100.695895934205438, 20.154747557033236 ], [ -100.693910203435848, 20.155336935467954 ], [ -100.693094988640524, 20.157878629018601 ], [ -100.692916648110881, 20.158434652738876 ], [ -100.692726358863666, 20.158390936550386 ], [ -100.687632492962607, 20.15723316401634 ], [ -100.687794269875695, 20.15126034195761 ], [ -100.687813007197647, 20.150568571793048 ], [ -100.681539309363572, 20.149630339332312 ], [ -100.683429771639879, 20.140291350852479 ], [ -100.682851591537371, 20.137196868069513 ], [ -100.683854999592683, 20.130767916337145 ], [ -100.68759579998229, 20.129643446258036 ], [ -100.694153592679527, 20.127671973441231 ], [ -100.693964989422227, 20.126888696478044 ], [ -100.700294873676043, 20.127742913250145 ], [ -100.700471539005903, 20.124347218710955 ], [ -100.70463060961896, 20.124779583063916 ], [ -100.704949942248547, 20.122912658604267 ], [ -100.698503323453949, 20.122060397551493 ], [ -100.698498446508921, 20.121770828498214 ], [ -100.699240924293576, 20.117249215999735 ], [ -100.699924913440782, 20.112728502011866 ], [ -100.7008169045789, 20.106673602487419 ], [ -100.701292804709468, 20.103687067951572 ], [ -100.698075808659127, 20.103612490981899 ], [ -100.695438472407687, 20.103239295564787 ], [ -100.69558879484056, 20.101747380379198 ], [ -100.695693181408643, 20.101000973203114 ], [ -100.695920034488154, 20.100583705172436 ], [ -100.696148973023924, 20.100290538415209 ], [ -100.696379997489217, 20.100121472896792 ], [ -100.699345012145557, 20.099124142700624 ], [ -100.702138815874534, 20.098377670890812 ], [ -100.704639639877499, 20.097594299541985 ], [ -100.705235840650502, 20.094812789883775 ], [ -100.708864589311702, 20.095046394473414 ], [ -100.709083013474171, 20.0941327096279 ], [ -100.713889125173083, 20.0948445432931 ], [ -100.718343873302473, 20.095520314849569 ], [ -100.718283320427744, 20.095397121203305 ], [ -100.724792955804674, 20.096578756804416 ], [ -100.727843581601945, 20.097193348661545 ], [ -100.727678789065877, 20.097816574093876 ], [ -100.732998413045692, 20.097775091311391 ], [ -100.735424623172776, 20.102909405538366 ], [ -100.735420785517206, 20.102937218319141 ], [ -100.734331934449031, 20.110829512610977 ], [ -100.733490518719648, 20.116345813555075 ], [ -100.732848908871617, 20.116438576641112 ], [ -100.741384841506502, 20.123215207252233 ], [ -100.748735237657499, 20.129016937694043 ], [ -100.750217357509484, 20.130193604431817 ], [ -100.754549113661341, 20.136290084498846 ], [ -100.754336293298181, 20.13644523303914 ], [ -100.753529779811956, 20.13945663194681 ], [ -100.753695592824229, 20.141797131503498 ], [ -100.753511855514532, 20.144910618365817 ], [ -100.753502676356234, 20.145088455150464 ], [ -100.753483364631791, 20.1454599051057 ], [ -100.752403212366161, 20.148489214589581 ], [ -100.748760956441728, 20.150946292347101 ], [ -100.749900303217018, 20.152583473757836 ], [ -100.74696346730974, 20.154438575763262 ], [ -100.741973640011736, 20.157590283691675 ], [ -100.741260639860016, 20.15693941983109 ], [ -100.740773733936877, 20.155829866312416 ], [ -100.74036585492685, 20.155919005904039 ], [ -100.738735749884057, 20.156358286965109 ], [ -100.737523428665796, 20.157287544321065 ], [ -100.736008120568684, 20.157600874863693 ], [ -100.734377982905215, 20.158040117652391 ], [ -100.732315214243542, 20.157120655986734 ], [ -100.731325433556322, 20.157384365589774 ], [ -100.729639632747265, 20.157989942094371 ], [ -100.728413130134442, 20.158091818697319 ], [ -100.726834381722654, 20.158116420334199 ], [ -100.725204910830143, 20.158596946583224 ], [ -100.724677237417865, 20.158933653469397 ], [ -100.724210168010558, 20.158776677430367 ] ] ] ] } },
{ "type": "Feature", "properties": { "ID": 21, "ENTIDAD": 11, "MUNICIPIO": 2, "NOMBRE": "ACAMBARO", "CONTROL": 39, "GEOMETRY1_": null, "ID_2": 102, "ENTIDAD_2": 11, "DISTRITO_F": 14, "DISTRITO_L": 22, "MUNICIPIO_2": 2, "SECCION": 102, "TIPO": 2, "CONTROL_2": 4132, "GEOMETRY1__2": null }, "geometry": { "type": "MultiPolygon", "coordinates": [ [ [ [ -100.830028967052158, 20.11981975452813 ], [ -100.829848485528942, 20.119533039350785 ], [ -100.829533550741573, 20.118255477948694 ], [ -100.828171574560898, 20.117284446701049 ], [ -100.826808154262594, 20.11623067554363 ], [ -100.826502744784761, 20.115490837817067 ], [ -100.826319354578601, 20.115038661990592 ], [ -100.826396834443102, 20.11280312013379 ], [ -100.825810854802839, 20.112729817661119 ], [ -100.82569103134972, 20.112566246412644 ], [ -100.825046600826639, 20.112493883705973 ], [ -100.824698807847426, 20.11266499277837 ], [ -100.824114287959787, 20.11267441269889 ], [ -100.823946226224905, 20.113090879034939 ], [ -100.823714605686689, 20.113218738520995 ], [ -100.823542166361094, 20.113387020095921 ], [ -100.823367538786115, 20.113431209273312 ], [ -100.822776453398532, 20.113068348100686 ], [ -100.821376515114636, 20.113256394200167 ], [ -100.821906373055967, 20.110144673530968 ], [ -100.821668195968385, 20.109900252883733 ], [ -100.821058295769816, 20.110236924846731 ], [ -100.817267383249501, 20.112329475513789 ], [ -100.816806314171018, 20.112709270089798 ], [ -100.816278324176125, 20.109283550898521 ], [ -100.816733365664234, 20.101911315401821 ], [ -100.817672902467493, 20.102144472318098 ], [ -100.818792153491103, 20.102622990083958 ], [ -100.819912867036621, 20.103184228632035 ], [ -100.820585924663021, 20.103802218139066 ], [ -100.824908795699528, 20.103708050197611 ], [ -100.825348913860822, 20.102706660471149 ], [ -100.825826275758558, 20.102669743606906 ], [ -100.825539310071619, 20.103435512339892 ], [ -100.825738363510936, 20.103352040929757 ], [ -100.825979726509345, 20.102866995320468 ], [ -100.826189257185945, 20.102541360546422 ], [ -100.826277460956817, 20.102402576768455 ], [ -100.826515976518294, 20.102156182390559 ], [ -100.826749309330594, 20.101946960425124 ], [ -100.826866313894826, 20.101871510785958 ], [ -100.827256307759711, 20.101618244126534 ], [ -100.82740983463232, 20.101555939413807 ], [ -100.82765857197532, 20.101454995739381 ], [ -100.828004893617191, 20.101308234296539 ], [ -100.828404191260574, 20.101373031768926 ], [ -100.828717328805041, 20.10126903460484 ], [ -100.82872596812625, 20.10129591533844 ], [ -100.828734607450798, 20.101322796071308 ], [ -100.828798823788432, 20.101517438889005 ], [ -100.828824145701205, 20.101766382408304 ], [ -100.828842708235143, 20.101914665949128 ], [ -100.828874159183286, 20.102205989121277 ], [ -100.828866136774366, 20.102481813357571 ], [ -100.828849002918645, 20.102663821837648 ], [ -100.828832083592872, 20.102932896966347 ], [ -100.828789769022791, 20.103156049567549 ], [ -100.828963701116123, 20.103148943642594 ], [ -100.829002990010821, 20.103148536297734 ], [ -100.82926684846116, 20.103151103113998 ], [ -100.829524662851213, 20.103116613241038 ], [ -100.829888871758868, 20.103059808554388 ], [ -100.830224585390923, 20.102966179804522 ], [ -100.830722573141585, 20.102828444818623 ], [ -100.830681494474831, 20.103157639034428 ], [ -100.830566833957491, 20.103434569736571 ], [ -100.828889777244399, 20.105482903223827 ], [ -100.828352974247295, 20.106146004505593 ], [ -100.828072263332928, 20.106626158154985 ], [ -100.828002067703153, 20.106865507726688 ], [ -100.827928968537236, 20.107338206713813 ], [ -100.827966710032271, 20.10768779456582 ], [ -100.82804337238214, 20.108005162717483 ], [ -100.828214961418965, 20.108279125151061 ], [ -100.828425286932202, 20.108504961394928 ], [ -100.828763847161056, 20.108655229776961 ], [ -100.828729184438544, 20.10876679332787 ], [ -100.828536576288101, 20.109386708838464 ], [ -100.828415648514863, 20.109608025050544 ], [ -100.82802162648963, 20.109999207510246 ], [ -100.827652398985364, 20.110350361914243 ], [ -100.827867847038064, 20.110533723870596 ], [ -100.83148553320332, 20.113887114260752 ], [ -100.830691713751307, 20.120926193242006 ], [ -100.830028967052158, 20.11981975452813 ] ] ] ] } },
{ "type": "Feature", "properties": { "ID": 21, "ENTIDAD": 11, "MUNICIPIO": 2, "NOMBRE": "ACAMBARO", "CONTROL": 39, "GEOMETRY1_": null, "ID_2": 99, "ENTIDAD_2": 11, "DISTRITO_F": 14, "DISTRITO_L": 22, "MUNICIPIO_2": 2, "SECCION": 99, "TIPO": 4, "CONTROL_2": 4159, "GEOMETRY1__2": null }, "geometry": { "type": "MultiPolygon", "coordinates": [ [ [ [ -100.622042446284468, 20.159542612373883 ], [ -100.62151567463458, 20.159546631568116 ], [ -100.621398992060804, 20.15958884986653 ], [ -100.620937548911513, 20.160336277440656 ], [ -100.620704937485002, 20.160503364027935 ], [ -100.620295978530052, 20.160589138014785 ], [ -100.619251481909984, 20.161588974324491 ], [ -100.618605000762258, 20.161304598986181 ], [ -100.618018183528335, 20.161143752006478 ], [ -100.617374720454976, 20.16118997530431 ], [ -100.616789411142321, 20.161194425879099 ], [ -100.616319657516001, 20.161032683124596 ], [ -100.616082898820608, 20.160745183953406 ], [ -100.615725692596769, 20.160086644387412 ], [ -100.6146811678624, 20.161086455383817 ], [ -100.614626021515207, 20.161458829013188 ], [ -100.614626021536083, 20.161458829045731 ], [ -100.614626021498722, 20.161458829297995 ], [ -100.614863531137431, 20.161828981475836 ], [ -100.615334038552689, 20.162073378982388 ], [ -100.616097580760254, 20.162356877025758 ], [ -100.616683647875448, 20.162435079335257 ], [ -100.616743685800998, 20.162599935858541 ], [ -100.616509936630877, 20.162643041048241 ], [ -100.616337354585525, 20.162974979235479 ], [ -100.616043943517184, 20.162894552367788 ], [ -100.615574561632499, 20.162774133409492 ], [ -100.615282656342458, 20.16285900708192 ], [ -100.614816660396315, 20.163110515323012 ], [ -100.614349534766561, 20.163238045975998 ], [ -100.613822372845846, 20.163200717502921 ], [ -100.612707639603514, 20.162919871841215 ], [ -100.612003382010101, 20.16271856654069 ], [ -100.611418065474254, 20.162722999643655 ], [ -100.610775342341142, 20.162851850482202 ], [ -100.61042508943315, 20.162957822057173 ], [ -100.610249962783698, 20.16301080759483 ], [ -100.610074836004003, 20.163063792965897 ], [ -100.609723270186663, 20.163025123688485 ], [ -100.609667362001346, 20.163314845381116 ], [ -100.609258013128127, 20.16335926901094 ], [ -100.608791255706279, 20.163528110852258 ], [ -100.608267837341316, 20.163904021734979 ], [ -100.607947220555218, 20.164051093145744 ], [ -100.607626603133781, 20.164198164010791 ], [ -100.606867927387299, 20.164451862004231 ], [ -100.606343005197147, 20.164662465100808 ], [ -100.605758427434509, 20.164749531171537 ], [ -100.604938597563304, 20.164714382951985 ], [ -100.60417842055368, 20.164802767083152 ], [ -100.603887623931584, 20.165011599559392 ], [ -100.603540533151204, 20.165468826411971 ], [ -100.603310133378343, 20.165883845844757 ], [ -100.603139385153156, 20.166422401580931 ], [ -100.602441834473495, 20.166964921005281 ], [ -100.60203098130448, 20.166844025735358 ], [ -100.601440801282905, 20.166311192302345 ], [ -100.601664869880267, 20.16519363785088 ], [ -100.60166486989246, 20.16519363758276 ], [ -100.6016648698957, 20.165193637566528 ], [ -100.601713711350456, 20.164118728537975 ], [ -100.601475109555196, 20.163624579664056 ], [ -100.601643252439615, 20.162796745242311 ], [ -100.601643252403349, 20.162796745212084 ], [ -100.601643252455034, 20.162796744957603 ], [ -100.601348357067039, 20.162550988310148 ], [ -100.601343140652205, 20.161972429570323 ], [ -100.600930066665185, 20.161603576165394 ], [ -100.600399187228376, 20.161152947414273 ], [ -100.600393974751228, 20.16057438831853 ], [ -100.600329114784856, 20.159872289563975 ], [ -100.599914560289605, 20.159338129993834 ], [ -100.599265886517486, 20.158805725672302 ], [ -100.598619076050127, 20.158479947737625 ], [ -100.598382723907193, 20.15823374802341 ], [ -100.598380865301266, 20.158027119134058 ], [ -100.598495695357713, 20.157778286657344 ], [ -100.598495695355496, 20.157778286409698 ], [ -100.598495695372876, 20.157778286372015 ], [ -100.59849272145577, 20.15744767975124 ], [ -100.598431961092444, 20.157200163542331 ], [ -100.598021136448537, 20.157079256835541 ], [ -100.597435465551399, 20.157042316168837 ], [ -100.596613818858458, 20.156800496934139 ], [ -100.595850704238543, 20.156558235813581 ], [ -100.595438399215041, 20.156272019245662 ], [ -100.594970532281806, 20.15631684642122 ], [ -100.594328187528191, 20.156486962315398 ], [ -100.593975897012754, 20.15636560843431 ], [ -100.593448017744564, 20.156245565120113 ], [ -100.592979039148503, 20.15616640920484 ], [ -100.592562668450213, 20.155425599969202 ], [ -100.592237055927811, 20.155014742218626 ], [ -100.591911445146238, 20.154603883732062 ], [ -100.591619169066476, 20.154647392079141 ], [ -100.591092406116999, 20.154651319127975 ], [ -100.590450062768738, 20.154821420720033 ], [ -100.589805870903348, 20.154784889992001 ], [ -100.588869032564034, 20.154750534701765 ], [ -100.588801644501785, 20.153759145605108 ], [ -100.589034283630838, 20.153592099466362 ], [ -100.589266922287152, 20.153425053027217 ], [ -100.589499560438412, 20.153258006310939 ], [ -100.589789618725277, 20.152966545480989 ], [ -100.591870757908779, 20.150058025804686 ], [ -100.591870757849392, 20.150058025621643 ], [ -100.591870757923417, 20.150058025518188 ], [ -100.591750374805443, 20.149686964286435 ], [ -100.591593872455178, 20.149513079241451 ], [ -100.591454780347377, 20.149358537725789 ], [ -100.590631334484016, 20.14891005690362 ], [ -100.589282626927314, 20.14863079633642 ], [ -100.588168400087696, 20.148391110849811 ], [ -100.586998228774064, 20.14844113550906 ], [ -100.58650093319099, 20.148465493106773 ], [ -100.586003637347929, 20.148489849309872 ], [ -100.585303152710949, 20.148701691435242 ], [ -100.584718616767574, 20.148788684528594 ], [ -100.582259737522634, 20.148724242409116 ], [ -100.58229868446746, 20.148165874862819 ], [ -100.582311653799735, 20.147979938061535 ], [ -100.582311653794079, 20.147979938055816 ], [ -100.582311653813662, 20.147979937774853 ], [ -100.58048081197289, 20.146133676039263 ], [ -100.580418618394063, 20.145720846166682 ], [ -100.580444764334459, 20.14536935711995 ], [ -100.580470910235476, 20.145017867810292 ], [ -100.580522835148344, 20.144273562915913 ], [ -100.580691810575559, 20.143528392984599 ], [ -100.581035993090751, 20.142740598944993 ], [ -100.581267525230686, 20.1424495846674 ], [ -100.581267525202946, 20.142449584432168 ], [ -100.581267525244527, 20.1424495843799 ], [ -100.581204231272878, 20.141912775894909 ], [ -100.581144606046038, 20.141789229794998 ], [ -100.58090977386702, 20.141708307698487 ], [ -100.581141671483493, 20.141458620109603 ], [ -100.582477089034356, 20.140250204350515 ], [ -100.582477088970649, 20.140250204132904 ], [ -100.582477089048282, 20.140250204062653 ], [ -100.582235651371803, 20.139425411627087 ], [ -100.583229453641195, 20.139294070425404 ], [ -100.583229453638651, 20.139294070139634 ], [ -100.583229453655164, 20.139294070137456 ], [ -100.583209252826961, 20.137021128221534 ], [ -100.584085258309898, 20.136807997132813 ], [ -100.584299135825773, 20.13453332141982 ], [ -100.584299135812671, 20.134533321419919 ], [ -100.584299135839814, 20.134533321131148 ], [ -100.583713916555382, 20.134537655060985 ], [ -100.583189789466175, 20.134830837607495 ], [ -100.582783071816806, 20.135164478997257 ], [ -100.582083373809525, 20.135458957430235 ], [ -100.581205905422308, 20.135506773179412 ], [ -100.580618848937164, 20.135304465649437 ], [ -100.58002959556201, 20.134854198259095 ], [ -100.5790314236352, 20.13448960392914 ], [ -100.578795139176833, 20.134243372771312 ], [ -100.576787482608779, 20.132233045900875 ], [ -100.577021567380868, 20.132231321994745 ], [ -100.577255652424313, 20.132229597775645 ], [ -100.577841596395444, 20.132307938579125 ], [ -100.578545681168066, 20.132509393403648 ], [ -100.579543839248174, 20.132873991484196 ], [ -100.580365704109909, 20.13315722752322 ], [ -100.581070161865171, 20.133399998053292 ], [ -100.581714632792298, 20.133477893141052 ], [ -100.582240226329063, 20.133350020115522 ], [ -100.582240226326533, 20.133350019830672 ], [ -100.582240226342961, 20.133350019826679 ], [ -100.582236924068596, 20.132978083446034 ], [ -100.582116946229164, 20.132648338791828 ], [ -100.581645475208859, 20.132279863401831 ], [ -100.581174372982275, 20.131952712877851 ], [ -100.580702539712433, 20.131542908346081 ], [ -100.58034811679687, 20.131173564530954 ], [ -100.580051117336296, 20.130679808942013 ], [ -100.579872625628212, 20.130350494258302 ], [ -100.579927849861619, 20.129978125662987 ], [ -100.580043425467537, 20.129811956482122 ], [ -100.580334561473819, 20.1296444911716 ], [ -100.585606521358784, 20.130184094870476 ], [ -100.586074315553276, 20.13013929752276 ], [ -100.586541005445184, 20.129970520368349 ], [ -100.586890286018644, 20.129761284357102 ], [ -100.587181413785331, 20.12959380822678 ], [ -100.587412916391557, 20.129302787520707 ], [ -100.589513983750109, 20.127334668939049 ], [ -100.590161251945318, 20.126728343434259 ], [ -100.591438837103539, 20.125531551568123 ], [ -100.593064366436806, 20.124008781111439 ], [ -100.598446668368254, 20.118966420524924 ], [ -100.60244376994784, 20.115221469870416 ], [ -100.614148492360258, 20.108892648760413 ], [ -100.615933084097875, 20.105655508628313 ], [ -100.61818004339419, 20.101794918202621 ], [ -100.618294431182278, 20.101504750513943 ], [ -100.618642477078552, 20.101171481062451 ], [ -100.62294014976041, 20.097296202154016 ], [ -100.623865628000061, 20.096461646837813 ], [ -100.624214028036945, 20.096169693389768 ], [ -100.6247949433711, 20.095710653349919 ], [ -100.626888703431845, 20.094330843759373 ], [ -100.627295220768715, 20.093997112723262 ], [ -100.627816101373824, 20.093373208357885 ], [ -100.630889234207501, 20.090332736138354 ], [ -100.631411983032905, 20.08991545014316 ], [ -100.631877741112532, 20.089663912800184 ], [ -100.632342360370842, 20.089288397933839 ], [ -100.632924743027417, 20.088994636003463 ], [ -100.639740317361372, 20.085759983267856 ], [ -100.63968600545607, 20.086215012518075 ], [ -100.641292648308763, 20.089136933846653 ], [ -100.641236814821156, 20.089426662052251 ], [ -100.641358017954389, 20.089880337608335 ], [ -100.641536962702659, 20.090250911123857 ], [ -100.647398445889095, 20.091404108425547 ], [ -100.650797823897079, 20.092038984246916 ], [ -100.649906277626698, 20.096839962537089 ], [ -100.649733830114144, 20.097171925909851 ], [ -100.649504026958027, 20.09762831856316 ], [ -100.649397759695503, 20.098786328929005 ], [ -100.649403900311952, 20.099447530022672 ], [ -100.650811910023293, 20.099849874063 ], [ -100.653498617588767, 20.099333038722879 ], [ -100.655154223442821, 20.107461743050436 ], [ -100.655893756834104, 20.111464779881402 ], [ -100.660451441083922, 20.110767904581415 ], [ -100.662108343278163, 20.11897914911976 ], [ -100.662421072670483, 20.121125738752248 ], [ -100.663476447529789, 20.125917741208053 ], [ -100.661169162409919, 20.126251085584911 ], [ -100.660366517068951, 20.126367040211267 ], [ -100.660331928927548, 20.129242356939834 ], [ -100.66027922138538, 20.129862686055798 ], [ -100.660421436723553, 20.138788357717939 ], [ -100.66217746399272, 20.13881590715356 ], [ -100.660497401932545, 20.140647508065474 ], [ -100.650548245518948, 20.140683924882463 ], [ -100.640481612723519, 20.140679359403524 ], [ -100.640156123482171, 20.13712766447976 ], [ -100.639898413104603, 20.128244122903798 ], [ -100.639787196209696, 20.122541704991168 ], [ -100.635653485723367, 20.122531706133497 ], [ -100.623459682056392, 20.122501645971873 ], [ -100.620092850783138, 20.125502931824006 ], [ -100.619280381716919, 20.126253022018197 ], [ -100.617944626934516, 20.127379040169771 ], [ -100.617713938737253, 20.127752748177215 ], [ -100.617134769715108, 20.128418400807945 ], [ -100.616612987254726, 20.128959630957603 ], [ -100.615505258441218, 20.129422646768163 ], [ -100.615216417796745, 20.129838121370412 ], [ -100.614637605933652, 20.130545092521949 ], [ -100.614056912768447, 20.131045433878562 ], [ -100.61347546569344, 20.131463122248661 ], [ -100.612776975202237, 20.131881694690858 ], [ -100.612134377879229, 20.132010542218641 ], [ -100.61160881985785, 20.132138502513779 ], [ -100.611026612887542, 20.132473532087396 ], [ -100.610386631419729, 20.132891653423517 ], [ -100.609453294525338, 20.133229330511885 ], [ -100.608521448652681, 20.133732305871121 ], [ -100.607939228671086, 20.134067326034188 ], [ -100.607417768750039, 20.134649857816992 ], [ -100.607128897152322, 20.135065321039161 ], [ -100.606841517837182, 20.135646086927185 ], [ -100.606674914536541, 20.136639228196742 ], [ -100.606855709403249, 20.13721646578367 ], [ -100.607629204748591, 20.138615805558864 ], [ -100.608041854832976, 20.138943321488156 ], [ -100.60833708668271, 20.139230393830626 ], [ -100.60839897510634, 20.139601883657871 ], [ -100.606945609076817, 20.140687387387139 ], [ -100.607477927138177, 20.141303301979629 ], [ -100.608185447508049, 20.141876564186383 ], [ -100.609248608827784, 20.142943079843803 ], [ -100.610609278379172, 20.144544609294108 ], [ -100.611435749263279, 20.145323599564712 ], [ -100.611853675190773, 20.146229663188755 ], [ -100.612588995797381, 20.146637380913749 ], [ -100.613324320068912, 20.147045095287698 ], [ -100.615786161135574, 20.147439708627498 ], [ -100.616257001127181, 20.147725432424199 ], [ -100.616962323257496, 20.148050701767414 ], [ -100.618081097963682, 20.148786107886146 ], [ -100.618787182024903, 20.149194020215202 ], [ -100.618908757970459, 20.149689035009956 ], [ -100.619853292803057, 20.150570403406196 ], [ -100.62032556419372, 20.151011085398487 ], [ -100.62079783823404, 20.151451765920108 ], [ -100.620868906476048, 20.151661192146953 ], [ -100.620968840038586, 20.1519556785268 ], [ -100.62111237405972, 20.152378645388044 ], [ -100.621163777614157, 20.152530121014411 ], [ -100.621255861054593, 20.152801470971536 ], [ -100.621399348901363, 20.15322429636533 ], [ -100.621227919294597, 20.153680214436964 ], [ -100.62111350651594, 20.15397038462071 ], [ -100.621117660298111, 20.154424963898521 ], [ -100.621184119210398, 20.155292350737046 ], [ -100.621250579224863, 20.156159737417877 ], [ -100.621491116995287, 20.156860483302335 ], [ -100.62221463452741, 20.15916934434718 ], [ -100.622042446284468, 20.159542612373883 ] ] ] ] } },
{ "type": "Feature", "properties": { "ID": 21, "ENTIDAD": 11, "MUNICIPIO": 2, "NOMBRE": "ACAMBARO", "CONTROL": 39, "GEOMETRY1_": null, "ID_2": 100, "ENTIDAD_2": 11, "DISTRITO_F": 14, "DISTRITO_L": 22, "MUNICIPIO_2": 2, "SECCION": 100, "TIPO": 4, "CONTROL_2": 4144, "GEOMETRY1__2": null }, "geometry": { "type": "MultiPolygon", "coordinates": [ [ [ [ -100.682788660364622, 20.122963821070211 ], [ -100.681924994836351, 20.122755710160519 ], [ -100.676534621894731, 20.121456781648416 ], [ -100.676475885440667, 20.121442609294842 ], [ -100.676330349510252, 20.121407492950301 ], [ -100.676278107024231, 20.121780693760595 ], [ -100.670943729135999, 20.120993171675629 ], [ -100.668540659384334, 20.120657392781599 ], [ -100.667009680138122, 20.12001865751354 ], [ -100.662421072670483, 20.121125738752248 ], [ -100.662108343278163, 20.11897914911976 ], [ -100.660451441083922, 20.110767904581415 ], [ -100.655893756834104, 20.111464779881402 ], [ -100.655154223442821, 20.107461743050436 ], [ -100.653498617588767, 20.099333038722879 ], [ -100.650811910023293, 20.099849874063 ], [ -100.649403900311952, 20.099447530022672 ], [ -100.649397759695503, 20.098786328929005 ], [ -100.649504026958027, 20.09762831856316 ], [ -100.649733830114144, 20.097171925909851 ], [ -100.649906277626698, 20.096839962537089 ], [ -100.650797823897079, 20.092038984246916 ], [ -100.654308580606795, 20.093407277110604 ], [ -100.654892609810432, 20.093483226927145 ], [ -100.655823356053205, 20.093307416157987 ], [ -100.656754099845074, 20.09313160062139 ], [ -100.657569270434777, 20.09303970105686 ], [ -100.658614550496182, 20.092697364700356 ], [ -100.659192398753731, 20.092277757170329 ], [ -100.6596557051856, 20.092024660434387 ], [ -100.660230456974347, 20.091357278369582 ], [ -100.660106646542701, 20.090780476638713 ], [ -100.659865209449947, 20.090122415730114 ], [ -100.659507177473699, 20.089465685551417 ], [ -100.659266775005108, 20.08889021396346 ], [ -100.659140911428139, 20.088148229884432 ], [ -100.659253388825519, 20.087816536693275 ], [ -100.659714622782943, 20.087398259512909 ], [ -100.660064409412072, 20.087394265445123 ], [ -100.660769134746957, 20.087799227741954 ], [ -100.661475925292365, 20.088369367879743 ], [ -100.662067155552464, 20.089023428133885 ], [ -100.662540762228687, 20.089596228871223 ], [ -100.663133033467247, 20.090332875205814 ], [ -100.663722213853376, 20.090821748071424 ], [ -100.66419583212523, 20.091394543444995 ], [ -100.664790183676118, 20.092296363622726 ], [ -100.665380409727604, 20.092867820219041 ], [ -100.665853007019791, 20.093358019921578 ], [ -100.666326640951254, 20.093930808326711 ], [ -100.666799244442117, 20.094421005002527 ], [ -100.667392588708921, 20.095240224100746 ], [ -100.667621652819633, 20.094907189960555 ], [ -100.667613377734028, 20.094246468830271 ], [ -100.668071501481478, 20.093580399935465 ], [ -100.668423369830151, 20.093741568574348 ], [ -100.668781448697828, 20.09439827702893 ], [ -100.669137460308946, 20.094889804353659 ], [ -100.66948519109026, 20.09472061032702 ], [ -100.67006197889387, 20.094218378768566 ], [ -100.670638762994827, 20.093716145558304 ], [ -100.671329033765673, 20.0929648015338 ], [ -100.672136933023438, 20.092294705528342 ], [ -100.672617160059133, 20.091589133935798 ], [ -100.67958919091069, 20.08037642604106 ], [ -100.6890945070284, 20.080554308735007 ], [ -100.693836747192577, 20.080911723713818 ], [ -100.698972456291855, 20.08129864736291 ], [ -100.695843931184456, 20.092578255035864 ], [ -100.699068012659154, 20.093087244089308 ], [ -100.698092472870769, 20.094178086495909 ], [ -100.705235840650502, 20.094812789883775 ], [ -100.704639639877499, 20.097594299541985 ], [ -100.702138815874534, 20.098377670890812 ], [ -100.699345012145557, 20.099124142700624 ], [ -100.696379997489217, 20.100121472896792 ], [ -100.696148973023924, 20.100290538415209 ], [ -100.695920034488154, 20.100583705172436 ], [ -100.695693181408643, 20.101000973203114 ], [ -100.69558879484056, 20.101747380379198 ], [ -100.695438472407687, 20.103239295564787 ], [ -100.698075808659127, 20.103612490981899 ], [ -100.701292804709468, 20.103687067951572 ], [ -100.7008169045789, 20.106673602487419 ], [ -100.699924913440782, 20.112728502011866 ], [ -100.699240924293576, 20.117249215999735 ], [ -100.698498446508921, 20.121770828498214 ], [ -100.698503323453949, 20.122060397551493 ], [ -100.704949942248547, 20.122912658604267 ], [ -100.70463060961896, 20.124779583063916 ], [ -100.700471539005903, 20.124347218710955 ], [ -100.700294873676043, 20.127742913250145 ], [ -100.693964989422227, 20.126888696478044 ], [ -100.694153592679527, 20.127671973441231 ], [ -100.68759579998229, 20.129643446258036 ], [ -100.683854999592683, 20.130767916337145 ], [ -100.681352149093811, 20.131468300610525 ], [ -100.682788660364622, 20.122963821070211 ] ] ] ] } },
{ "type": "Feature", "properties": { "ID": 21, "ENTIDAD": 11, "MUNICIPIO": 2, "NOMBRE": "ACAMBARO", "CONTROL": 39, "GEOMETRY1_": null, "ID_2": 110, "ENTIDAD_2": 11, "DISTRITO_F": 14, "DISTRITO_L": 22, "MUNICIPIO_2": 2, "SECCION": 110, "TIPO": 2, "CONTROL_2": 5112, "GEOMETRY1__2": null }, "geometry": { "type": "MultiPolygon", "coordinates": [ [ [ [ -100.692818359959944, 20.070290408618789 ], [ -100.692593186833989, 20.069617171768606 ], [ -100.692568613615862, 20.06954370079265 ], [ -100.69213519590555, 20.069638783111955 ], [ -100.691827286579681, 20.068783599299717 ], [ -100.691513950610982, 20.067984590976234 ], [ -100.69201187819047, 20.067860593457286 ], [ -100.691703843860225, 20.067038778812694 ], [ -100.691414499943861, 20.066266819615343 ], [ -100.691125159127878, 20.065494859675088 ], [ -100.691098438188945, 20.065471768688855 ], [ -100.691042095724725, 20.065423080127793 ], [ -100.690494939527525, 20.064128760679107 ], [ -100.690448172730882, 20.064018130805039 ], [ -100.690183555695484, 20.062831337041118 ], [ -100.690180597853839, 20.062417740351542 ], [ -100.690200266253115, 20.062358849282855 ], [ -100.690320465658715, 20.061998947658484 ], [ -100.690331289590375, 20.061945968749793 ], [ -100.690603852932682, 20.060611868231206 ], [ -100.690938423166173, 20.060795563495351 ], [ -100.690554818150574, 20.062508401096075 ], [ -100.690814002552571, 20.06377197113164 ], [ -100.692757178518931, 20.063293128189287 ], [ -100.698564738776525, 20.061861870494646 ], [ -100.699092629673302, 20.061730384946973 ], [ -100.699165433349322, 20.061712251249272 ], [ -100.69922690851115, 20.061696939067065 ], [ -100.700591419699464, 20.06135706159364 ], [ -100.701160781329762, 20.062385518195626 ], [ -100.701493798484719, 20.063906657738073 ], [ -100.700295195980161, 20.064548185725702 ], [ -100.698557134376557, 20.066214765225965 ], [ -100.698714348923062, 20.067161222716489 ], [ -100.698724377520037, 20.067218502335784 ], [ -100.697794371422574, 20.067435830727696 ], [ -100.697558167202487, 20.067491027229284 ], [ -100.697218750895132, 20.067570368856551 ], [ -100.696369838914919, 20.067767563108898 ], [ -100.694707437581698, 20.068153767348214 ], [ -100.695009056328558, 20.069000282492556 ], [ -100.695260178966222, 20.069705068336699 ], [ -100.695298445305426, 20.069812463706672 ], [ -100.694134716269787, 20.070080427166545 ], [ -100.692847277167303, 20.070376866617448 ], [ -100.692818359959944, 20.070290408618789 ] ] ] ] } },
{ "type": "Feature", "properties": { "ID": 21, "ENTIDAD": 11, "MUNICIPIO": 2, "NOMBRE": "ACAMBARO", "CONTROL": 39, "GEOMETRY1_": null, "ID_2": 103, "ENTIDAD_2": 11, "DISTRITO_F": 14, "DISTRITO_L": 22, "MUNICIPIO_2": 2, "SECCION": 103, "TIPO": 3, "CONTROL_2": 4131, "GEOMETRY1__2": null }, "geometry": { "type": "MultiPolygon", "coordinates": [ [ [ [ -100.856937568153782, 20.123768894427624 ], [ -100.856937568167112, 20.123768894439475 ], [ -100.856937568105593, 20.123768894718086 ], [ -100.85744020958262, 20.12421573446753 ], [ -100.858720032413657, 20.125353456256843 ], [ -100.857691408716079, 20.125879649832129 ], [ -100.855675863978576, 20.126910677239735 ], [ -100.855127520977959, 20.127191169316724 ], [ -100.853661131373826, 20.126745862073765 ], [ -100.851969402691623, 20.127159854385773 ], [ -100.848381914577445, 20.129286982722228 ], [ -100.84586530501393, 20.129162378910021 ], [ -100.845968242211796, 20.128374574381375 ], [ -100.846200599039676, 20.128288048971207 ], [ -100.846372291377889, 20.128078382659076 ], [ -100.846545454833674, 20.12795144309802 ], [ -100.846899139638126, 20.128111197875825 ], [ -100.847189952371309, 20.128023721327978 ], [ -100.847303186236616, 20.127815004197029 ], [ -100.847303186177029, 20.127815004102409 ], [ -100.847303186282986, 20.127815003907131 ], [ -100.847122664398043, 20.127528309953803 ], [ -100.847576333250132, 20.126734804933193 ], [ -100.847576333162721, 20.126734804877287 ], [ -100.847576333296544, 20.126734804643199 ], [ -100.846629994093718, 20.1261295516369 ], [ -100.845756828335965, 20.126350612971297 ], [ -100.84575682829589, 20.126350613259859 ], [ -100.845756828289893, 20.12635061326138 ], [ -100.845549480854459, 20.12784349567476 ], [ -100.845084031910972, 20.127975180976332 ], [ -100.844853145464512, 20.128144431900878 ], [ -100.844332913884486, 20.128483882009863 ], [ -100.843871872399617, 20.128863745353573 ], [ -100.843712401121039, 20.128938740920965 ], [ -100.843544573103145, 20.12901520251571 ], [ -100.843544572789483, 20.129015202664036 ], [ -100.841221461689543, 20.12778961047735 ], [ -100.840514837988323, 20.127511439916486 ], [ -100.838627340120169, 20.126590394433727 ], [ -100.837388749713512, 20.125989824199735 ], [ -100.835912678407979, 20.125186210723658 ], [ -100.835735111099623, 20.125064957956585 ], [ -100.835197281820015, 20.124411652260072 ], [ -100.83401497898339, 20.1236860185975 ], [ -100.832006259196831, 20.122518603205755 ], [ -100.831410730542416, 20.121907592493393 ], [ -100.831112602187602, 20.121581404304447 ], [ -100.830691713751307, 20.120926193242006 ], [ -100.83148553320332, 20.113887114260752 ], [ -100.827867847038064, 20.110533723870596 ], [ -100.827652398985364, 20.110350361914243 ], [ -100.82802162648963, 20.109999207510246 ], [ -100.828415648514863, 20.109608025050544 ], [ -100.828536576288101, 20.109386708838464 ], [ -100.828729184438544, 20.10876679332787 ], [ -100.828763847161056, 20.108655229776961 ], [ -100.828425286932202, 20.108504961394928 ], [ -100.828214961418965, 20.108279125151061 ], [ -100.82804337238214, 20.108005162717483 ], [ -100.827966710032271, 20.10768779456582 ], [ -100.827928968537236, 20.107338206713813 ], [ -100.828002067703153, 20.106865507726688 ], [ -100.828072263332928, 20.106626158154985 ], [ -100.828352974247295, 20.106146004505593 ], [ -100.828889777244399, 20.105482903223827 ], [ -100.830566833957491, 20.103434569736571 ], [ -100.830681494474831, 20.103157639034428 ], [ -100.830722573141585, 20.102828444818623 ], [ -100.830224585390923, 20.102966179804522 ], [ -100.829888871758868, 20.103059808554388 ], [ -100.829524662851213, 20.103116613241038 ], [ -100.82926684846116, 20.103151103113998 ], [ -100.829002990010821, 20.103148536297734 ], [ -100.828963701116123, 20.103148943642594 ], [ -100.828789769022791, 20.103156049567549 ], [ -100.828832083592872, 20.102932896966347 ], [ -100.828849002918645, 20.102663821837648 ], [ -100.828866136774366, 20.102481813357571 ], [ -100.828874159183286, 20.102205989121277 ], [ -100.828842708235143, 20.101914665949128 ], [ -100.828824145701205, 20.101766382408304 ], [ -100.828798823788432, 20.101517438889005 ], [ -100.828734607450798, 20.101322796071308 ], [ -100.82872596812625, 20.10129591533844 ], [ -100.828717328805041, 20.10126903460484 ], [ -100.828404191260574, 20.101373031768926 ], [ -100.828004893617191, 20.101308234296539 ], [ -100.82765857197532, 20.101454995739381 ], [ -100.82740983463232, 20.101555939413807 ], [ -100.827256307759711, 20.101618244126534 ], [ -100.826866313894826, 20.101871510785958 ], [ -100.826749309330594, 20.101946960425124 ], [ -100.826515976518294, 20.102156182390559 ], [ -100.826277460956817, 20.102402576768455 ], [ -100.826189257185945, 20.102541360546422 ], [ -100.825979726509345, 20.102866995320468 ], [ -100.825738363510936, 20.103352040929757 ], [ -100.825539310071619, 20.103435512339892 ], [ -100.825826275758558, 20.102669743606906 ], [ -100.825348913860822, 20.102706660471149 ], [ -100.824908795699528, 20.103708050197611 ], [ -100.820585924663021, 20.103802218139066 ], [ -100.819912867036621, 20.103184228632035 ], [ -100.820277588987324, 20.100654429374842 ], [ -100.820827837787419, 20.098700907587155 ], [ -100.821226769785738, 20.098115225331995 ], [ -100.821511719463061, 20.097696880429783 ], [ -100.821909918101099, 20.09706983275921 ], [ -100.822080885944573, 20.096818825343291 ], [ -100.820844777438253, 20.096342206458598 ], [ -100.820983974743882, 20.095946895384007 ], [ -100.821123171426976, 20.095551584236844 ], [ -100.821516268945246, 20.09463498805809 ], [ -100.821769894374057, 20.092437981590912 ], [ -100.820468826298068, 20.091590019326606 ], [ -100.819693040333988, 20.090692224575239 ], [ -100.820043704292658, 20.090686585419707 ], [ -100.820394368165736, 20.090680945569019 ], [ -100.820974439549971, 20.090423358750005 ], [ -100.82155450890707, 20.090165770163519 ], [ -100.822071034497242, 20.08961957077144 ], [ -100.822531298449718, 20.089198403483394 ], [ -100.822759244122835, 20.088863726799669 ], [ -100.823104803565315, 20.08856853239902 ], [ -100.823391190120873, 20.088232914172359 ], [ -100.823623504611405, 20.088146421800225 ], [ -100.824500877037764, 20.088173668377561 ], [ -100.82532199384616, 20.088325944643785 ], [ -100.825793183391411, 20.088525231990523 ], [ -100.826322817082854, 20.088723576053283 ], [ -100.827146126658008, 20.088999935801315 ], [ -100.827433964090815, 20.088747039846712 ], [ -100.829545213280795, 20.089126744817253 ], [ -100.831158248604453, 20.091086748661247 ], [ -100.83135125495032, 20.090864607753058 ], [ -100.831559315737849, 20.090625139029886 ], [ -100.83163115177274, 20.090637677910532 ], [ -100.833729039773132, 20.091003847367887 ], [ -100.834724334718132, 20.090529841144608 ], [ -100.838354662545143, 20.101314327335789 ], [ -100.838400696730616, 20.101437708937421 ], [ -100.838446730995699, 20.101561090519944 ], [ -100.841072727165155, 20.100802465395297 ], [ -100.84117288177778, 20.101852860828693 ], [ -100.841276112968075, 20.102331387843737 ], [ -100.839614317814323, 20.103114455671797 ], [ -100.839850309452572, 20.103234759694793 ], [ -100.839580801463327, 20.104521769318787 ], [ -100.840284382977813, 20.104634497680113 ], [ -100.840930250456267, 20.104789534091893 ], [ -100.841630898276094, 20.104736802188398 ], [ -100.842452112499174, 20.104888990386581 ], [ -100.843621815798556, 20.104911395289029 ], [ -100.844502215134867, 20.105103989175131 ], [ -100.845150291745895, 20.105383100410901 ], [ -100.84574727144593, 20.106076793635779 ], [ -100.846346461935497, 20.106894575024516 ], [ -100.847126154558822, 20.107999050471307 ], [ -100.847659554864393, 20.108404140370965 ], [ -100.848016873049858, 20.108770714109966 ], [ -100.848434114265331, 20.109219064116299 ], [ -100.848789964412447, 20.109502909012928 ], [ -100.849205737834126, 20.109868529899565 ], [ -100.849369764960969, 20.110183332195444 ], [ -100.849508293130569, 20.110442867418541 ], [ -100.849718283401813, 20.111531180910404 ], [ -100.849845823873864, 20.11218994142541 ], [ -100.849803402867906, 20.11283599019939 ], [ -100.849279342564017, 20.114004875260061 ], [ -100.849420539310131, 20.115367968080218 ], [ -100.849799231623365, 20.116934075555388 ], [ -100.8498731479106, 20.117801756670982 ], [ -100.850290420264699, 20.11825009954768 ], [ -100.85082533828195, 20.118737902813415 ], [ -100.851420186732994, 20.119307479777188 ], [ -100.852129735811218, 20.119751061596379 ], [ -100.852494463082976, 20.120531256301323 ], [ -100.852741548619107, 20.12127198987552 ], [ -100.852753344421089, 20.121933802993542 ], [ -100.852994535304205, 20.122343629349114 ], [ -100.853468071461933, 20.122666921172268 ], [ -100.854230195090196, 20.122778634556784 ], [ -100.854868769650707, 20.122519980004764 ], [ -100.855014874998247, 20.122424630890055 ], [ -100.855388957121718, 20.122180501900694 ], [ -100.855591333623011, 20.122053078183981 ], [ -100.855793709784734, 20.121925654258874 ], [ -100.856431539722678, 20.121625631263591 ], [ -100.856779311635378, 20.121454460875071 ], [ -100.857478545387281, 20.121318934230921 ], [ -100.856937568153782, 20.123768894427624 ] ] ] ] } },
{ "type": "Feature", "properties": { "ID": 21, "ENTIDAD": 11, "MUNICIPIO": 2, "NOMBRE": "ACAMBARO", "CONTROL": 39, "GEOMETRY1_": null, "ID_2": 104, "ENTIDAD_2": 11, "DISTRITO_F": 14, "DISTRITO_L": 22, "MUNICIPIO_2": 2, "SECCION": 104, "TIPO": 4, "CONTROL_2": 4129, "GEOMETRY1__2": null }, "geometry": { "type": "MultiPolygon", "coordinates": [ [ [ [ -100.874433980834112, 20.088686355234422 ], [ -100.874433980838816, 20.088686355497298 ], [ -100.874433980782612, 20.088686355529809 ], [ -100.874451047334276, 20.089637702791137 ], [ -100.874167742609316, 20.090138847124315 ], [ -100.874167742596029, 20.090138847352019 ], [ -100.874167742557873, 20.09013884741951 ], [ -100.874078311842595, 20.091671191559204 ], [ -100.875203563997317, 20.092480247431016 ], [ -100.875627301581744, 20.093200186576997 ], [ -100.876409550552296, 20.094529222332771 ], [ -100.876321628515086, 20.096144291049541 ], [ -100.877596993930112, 20.095544115527417 ], [ -100.877885497166972, 20.095332505695577 ], [ -100.878762151938588, 20.095318115654141 ], [ -100.878762151957702, 20.095318115360207 ], [ -100.878762151990998, 20.095318115359657 ], [ -100.878807958907615, 20.094613988656896 ], [ -100.879336179498978, 20.09472944094005 ], [ -100.87968163495384, 20.094434143247849 ], [ -100.880325998237268, 20.094506310248629 ], [ -100.881177353647686, 20.093085575278767 ], [ -100.882730744505153, 20.09169467309188 ], [ -100.884834660230055, 20.091660075857366 ], [ -100.885622718548788, 20.093219356409435 ], [ -100.886324287974375, 20.093338568914525 ], [ -100.888730615883915, 20.093747435504017 ], [ -100.892052137438469, 20.093154816289232 ], [ -100.892641789261788, 20.093434714352913 ], [ -100.894510451084543, 20.093321131094665 ], [ -100.894118543120769, 20.094279218255547 ], [ -100.893529472623982, 20.097267921113925 ], [ -100.8909584815285, 20.100578935788437 ], [ -100.890958481676506, 20.100578935820774 ], [ -100.890958481473476, 20.100578936082222 ], [ -100.891838892964344, 20.100771290997592 ], [ -100.894449355399956, 20.10287970065756 ], [ -100.894513035027515, 20.103168272125693 ], [ -100.894399881456664, 20.103377013585003 ], [ -100.894288970446965, 20.103709842233155 ], [ -100.893999729762285, 20.103880115809218 ], [ -100.893712730939811, 20.104174476079333 ], [ -100.893192692409031, 20.104514056613802 ], [ -100.892794028623868, 20.105099881365351 ], [ -100.892281456706584, 20.105853083589583 ], [ -100.89205812824747, 20.10643601419374 ], [ -100.891779339126089, 20.10718535839105 ], [ -100.891779339139759, 20.107185358498672 ], [ -100.891779339070865, 20.107185358683854 ], [ -100.891847499056695, 20.107722105798747 ], [ -100.89191267107627, 20.108093403219765 ], [ -100.893509319971372, 20.112328649253268 ], [ -100.893515301500912, 20.112659547960646 ], [ -100.894249892963828, 20.113310151837052 ], [ -100.891201719367658, 20.118201261035377 ], [ -100.888831215074049, 20.122004751746907 ], [ -100.887830792562582, 20.121648868324108 ], [ -100.886539601422228, 20.121380518158386 ], [ -100.88454474130441, 20.120999617916326 ], [ -100.883431898856486, 20.120893807737502 ], [ -100.882784445538661, 20.120656210775458 ], [ -100.882078541169889, 20.120419572603158 ], [ -100.881663412913511, 20.120095400575046 ], [ -100.881470181172858, 20.119105581396084 ], [ -100.881229669873235, 20.11873716200126 ], [ -100.88098915974895, 20.118368742173391 ], [ -100.881139944529025, 20.117000892783096 ], [ -100.88151634114169, 20.115174210674574 ], [ -100.881516341148952, 20.115174210605247 ], [ -100.881516341194768, 20.115174210382886 ], [ -100.881715891064061, 20.11326768539281 ], [ -100.881652228715353, 20.11297910792263 ], [ -100.881411727669843, 20.112610687818961 ], [ -100.881111289121279, 20.11216050274415 ], [ -100.880693953076261, 20.111712238247701 ], [ -100.879860032260197, 20.110857068347038 ], [ -100.878505284620616, 20.11030007204619 ], [ -100.877916331319838, 20.110061493004455 ], [ -100.877027701496772, 20.109414081085319 ], [ -100.876554164857822, 20.10909085279086 ], [ -100.876201985869187, 20.109013881816708 ], [ -100.876933577662669, 20.10742962739036 ], [ -100.876933577612334, 20.107429627319387 ], [ -100.876933577714766, 20.107429627097595 ], [ -100.874294291328681, 20.103707794705119 ], [ -100.87182494283077, 20.101383574847208 ], [ -100.868629293371185, 20.100780197567062 ], [ -100.861176260704823, 20.102474246072362 ], [ -100.860656148659544, 20.10281373584256 ], [ -100.860539993298687, 20.102857006437766 ], [ -100.86031433073984, 20.103315816394918 ], [ -100.85819447000739, 20.10901880621191 ], [ -100.857744591406771, 20.110019148287741 ], [ -100.857291755008589, 20.110854036527829 ], [ -100.857291755058966, 20.110854036638347 ], [ -100.857291754960386, 20.110854036820097 ], [ -100.85753515220037, 20.111387947609114 ], [ -100.85814106868547, 20.112577951106214 ], [ -100.858324911904418, 20.113079519664321 ], [ -100.858940076278316, 20.114757808161507 ], [ -100.858760804254175, 20.115562623038077 ], [ -100.858724849044293, 20.115724037745899 ], [ -100.858688893774641, 20.115885452449422 ], [ -100.858599858767789, 20.116285157893191 ], [ -100.858083728087308, 20.118602193803504 ], [ -100.85747854545221, 20.121318933936855 ], [ -100.857478545387281, 20.121318934230921 ], [ -100.856779311635378, 20.121454460875071 ], [ -100.856431539722678, 20.121625631263591 ], [ -100.855793709784734, 20.121925654258874 ], [ -100.855591333623011, 20.122053078183981 ], [ -100.855388957121718, 20.122180501900694 ], [ -100.855014874998247, 20.122424630890055 ], [ -100.854868769650707, 20.122519980004764 ], [ -100.854230195090196, 20.122778634556784 ], [ -100.853468071461933, 20.122666921172268 ], [ -100.852994535304205, 20.122343629349114 ], [ -100.852753344421089, 20.121933802993542 ], [ -100.852741548619107, 20.12127198987552 ], [ -100.852494463082976, 20.120531256301323 ], [ -100.852129735811218, 20.119751061596379 ], [ -100.851420186732994, 20.119307479777188 ], [ -100.85082533828195, 20.118737902813415 ], [ -100.850290420264699, 20.11825009954768 ], [ -100.8498731479106, 20.117801756670982 ], [ -100.849799231623365, 20.116934075555388 ], [ -100.849420539310131, 20.115367968080218 ], [ -100.849279342564017, 20.114004875260061 ], [ -100.849803402867906, 20.11283599019939 ], [ -100.849845823873864, 20.11218994142541 ], [ -100.849718283401813, 20.111531180910404 ], [ -100.849508293130569, 20.110442867418541 ], [ -100.849369764960969, 20.110183332195444 ], [ -100.849205737834126, 20.109868529899565 ], [ -100.848789964412447, 20.109502909012928 ], [ -100.848434114265331, 20.109219064116299 ], [ -100.848016873049858, 20.108770714109966 ], [ -100.847659554864393, 20.108404140370965 ], [ -100.847126154558822, 20.107999050471307 ], [ -100.846346461935497, 20.106894575024516 ], [ -100.84574727144593, 20.106076793635779 ], [ -100.845150291745895, 20.105383100410901 ], [ -100.844502215134867, 20.105103989175131 ], [ -100.843621815798556, 20.104911395289029 ], [ -100.842452112499174, 20.104888990386581 ], [ -100.841630898276094, 20.104736802188398 ], [ -100.840930250456267, 20.104789534091893 ], [ -100.840284382977813, 20.104634497680113 ], [ -100.839580801463327, 20.104521769318787 ], [ -100.839850309452572, 20.103234759694793 ], [ -100.841809964765076, 20.102897650810178 ], [ -100.84363150362006, 20.098870407567777 ], [ -100.847842564775974, 20.098967558672499 ], [ -100.849159276764638, 20.100683935784989 ], [ -100.850119752481248, 20.098806428639275 ], [ -100.850910759709919, 20.097262676571813 ], [ -100.851200041796716, 20.097092470820691 ], [ -100.852481418277407, 20.096823376412768 ], [ -100.854052066949379, 20.096384062935059 ], [ -100.854798583394995, 20.095627152892252 ], [ -100.855317950049624, 20.09524631763351 ], [ -100.855781081722981, 20.094990523018318 ], [ -100.856360362815536, 20.094691459875996 ], [ -100.857569246944593, 20.093637379286648 ], [ -100.858325326082181, 20.093418179631165 ], [ -100.859259686110761, 20.093361571265689 ], [ -100.859788631627254, 20.09351844687297 ], [ -100.86091309388172, 20.09428623528969 ], [ -100.861618853178911, 20.09452297074607 ], [ -100.862666409377638, 20.0942576202733 ], [ -100.86570030531017, 20.093918437838404 ], [ -100.866281780929484, 20.093743433236032 ], [ -100.866744147899283, 20.093446248445012 ], [ -100.867089626578107, 20.09315097371902 ], [ -100.867433623373344, 20.092772972226861 ], [ -100.867716214201053, 20.092230473582944 ], [ -100.868001024427457, 20.091812063856903 ], [ -100.870423011444743, 20.089951929399287 ], [ -100.871553304127872, 20.08778191792457 ], [ -100.872367772054446, 20.087561704843868 ], [ -100.873883527725738, 20.087329997998818 ], [ -100.874402075675732, 20.086907749101513 ], [ -100.874934720462832, 20.087271394586665 ], [ -100.875243994713088, 20.088217951395009 ], [ -100.874433980834112, 20.088686355234422 ] ] ] ] } },
{ "type": "Feature", "properties": { "ID": 21, "ENTIDAD": 11, "MUNICIPIO": 2, "NOMBRE": "ACAMBARO", "CONTROL": 39, "GEOMETRY1_": null, "ID_2": 111, "ENTIDAD_2": 11, "DISTRITO_F": 14, "DISTRITO_L": 22, "MUNICIPIO_2": 2, "SECCION": 111, "TIPO": 4, "CONTROL_2": 4157, "GEOMETRY1__2": null }, "geometry": { "type": "MultiPolygon", "coordinates": [ [ [ [ -100.666799244442117, 20.094421005002527 ], [ -100.666326640951254, 20.093930808326711 ], [ -100.665853007019791, 20.093358019921578 ], [ -100.665380409727604, 20.092867820219041 ], [ -100.664790183676118, 20.092296363622726 ], [ -100.66419583212523, 20.091394543444995 ], [ -100.663722213853376, 20.090821748071424 ], [ -100.663133033467247, 20.090332875205814 ], [ -100.662540762228687, 20.089596228871223 ], [ -100.662067155552464, 20.089023428133885 ], [ -100.661475925292365, 20.088369367879743 ], [ -100.660769134746957, 20.087799227741954 ], [ -100.660064409412072, 20.087394265445123 ], [ -100.659714622782943, 20.087398259512909 ], [ -100.659253388825519, 20.087816536693275 ], [ -100.659140911428139, 20.088148229884432 ], [ -100.659266775005108, 20.08889021396346 ], [ -100.659507177473699, 20.089465685551417 ], [ -100.659865209449947, 20.090122415730114 ], [ -100.660106646542701, 20.090780476638713 ], [ -100.660230456974347, 20.091357278369582 ], [ -100.6596557051856, 20.092024660434387 ], [ -100.659192398753731, 20.092277757170329 ], [ -100.658614550496182, 20.092697364700356 ], [ -100.657569270434777, 20.09303970105686 ], [ -100.656754099845074, 20.09313160062139 ], [ -100.655823356053205, 20.093307416157987 ], [ -100.654892609810432, 20.093483226927145 ], [ -100.654308580606795, 20.093407277110604 ], [ -100.650797823897079, 20.092038984246916 ], [ -100.647398445889095, 20.091404108425547 ], [ -100.641536962702659, 20.090250911123857 ], [ -100.641358017954389, 20.089880337608335 ], [ -100.641236814821156, 20.089426662052251 ], [ -100.641292648308763, 20.089136933846653 ], [ -100.63968600545607, 20.086215012518075 ], [ -100.639740317361372, 20.085759983267856 ], [ -100.653707181144071, 20.079056515824444 ], [ -100.653743385859741, 20.079039137073657 ], [ -100.65377668941683, 20.079023150910452 ], [ -100.655229197304521, 20.078325918688972 ], [ -100.655493713423837, 20.07819894366083 ], [ -100.656631521652074, 20.077652758278916 ], [ -100.657080152431803, 20.077517235052213 ], [ -100.657488613023759, 20.077394281945068 ], [ -100.658337674820743, 20.077207631223864 ], [ -100.658857536955551, 20.077187858969314 ], [ -100.659785229349367, 20.076985572867148 ], [ -100.6609507641856, 20.076585836188645 ], [ -100.661375393852239, 20.076405360226516 ], [ -100.661941367803564, 20.076164807990732 ], [ -100.663105525065021, 20.075535775849993 ], [ -100.663919074744726, 20.074950812069357 ], [ -100.664733005495009, 20.074407169796995 ], [ -100.665312554869132, 20.07382403463507 ], [ -100.666294213050634, 20.072452512562737 ], [ -100.666697485408207, 20.071788101103035 ], [ -100.666809437636942, 20.07124995978506 ], [ -100.666803622162689, 20.070630087197976 ], [ -100.666741637310551, 20.070258622811512 ], [ -100.666679265178573, 20.069845833520883 ], [ -100.666499902691626, 20.069433962357326 ], [ -100.66637864890842, 20.06898030705398 ], [ -100.666372835920825, 20.068360434173865 ], [ -100.666542895001712, 20.067780509058359 ], [ -100.66662811791744, 20.067511208888337 ], [ -100.666713340575313, 20.067241908689937 ], [ -100.666979345166169, 20.066729834840739 ], [ -100.667245348129669, 20.066217760685184 ], [ -100.667339968851564, 20.066035608403041 ], [ -100.667398065238572, 20.066014035657535 ], [ -100.667590397899687, 20.065999358854889 ], [ -100.670784137924898, 20.065755615427353 ], [ -100.672388208765497, 20.06611794966599 ], [ -100.674450868466167, 20.066583847586255 ], [ -100.676350785549701, 20.066999327039881 ], [ -100.6778395320203, 20.06735024401414 ], [ -100.678329665148482, 20.067459666373761 ], [ -100.679121841388294, 20.070252468038934 ], [ -100.681743627142211, 20.07065102043331 ], [ -100.68239742688111, 20.07067477268226 ], [ -100.682510983803169, 20.070662136962635 ], [ -100.682698313837818, 20.070672913941831 ], [ -100.682867182953103, 20.070692213037855 ], [ -100.683079342571276, 20.070709210163777 ], [ -100.683324131334984, 20.070737668362746 ], [ -100.683632747575516, 20.070798550784698 ], [ -100.683859075634246, 20.070835530617387 ], [ -100.684180533230389, 20.070928329153531 ], [ -100.684451479331514, 20.070951072650278 ], [ -100.684665715661765, 20.071011316699451 ], [ -100.684972186579202, 20.071086449735073 ], [ -100.685238944181819, 20.071140129505977 ], [ -100.68548867187944, 20.071192829419498 ], [ -100.685750491625996, 20.071222263608618 ], [ -100.686031042033974, 20.071253277562796 ], [ -100.686271339167334, 20.071242633002676 ], [ -100.686527505427023, 20.07125257228477 ], [ -100.68692491956169, 20.071237088556355 ], [ -100.687159832685353, 20.071217051873344 ], [ -100.687318825813449, 20.07118785719193 ], [ -100.687587083552174, 20.071174529491003 ], [ -100.687869510017848, 20.071181184667481 ], [ -100.688074585937414, 20.071188184064564 ], [ -100.688278231258934, 20.071204685258575 ], [ -100.688552074236895, 20.071268351548408 ], [ -100.688262426124624, 20.071366709462939 ], [ -100.68812397104729, 20.071430630897453 ], [ -100.688062082606564, 20.07155646041096 ], [ -100.68805310582124, 20.071666494249563 ], [ -100.688454100925, 20.074788180993995 ], [ -100.688325008911661, 20.074808163930161 ], [ -100.682466057730281, 20.075715003064325 ], [ -100.68225648015769, 20.077166444812473 ], [ -100.680682515930087, 20.079316661807862 ], [ -100.67958919091069, 20.08037642604106 ], [ -100.672617160059133, 20.091589133935798 ], [ -100.672136933023438, 20.092294705528342 ], [ -100.671329033765673, 20.0929648015338 ], [ -100.670638762994827, 20.093716145558304 ], [ -100.67006197889387, 20.094218378768566 ], [ -100.66948519109026, 20.09472061032702 ], [ -100.669137460308946, 20.094889804353659 ], [ -100.668781448697828, 20.09439827702893 ], [ -100.668423369830151, 20.093741568574348 ], [ -100.668071501481478, 20.093580399935465 ], [ -100.667613377734028, 20.094246468830271 ], [ -100.667621652819633, 20.094907189960555 ], [ -100.667392588708921, 20.095240224100746 ], [ -100.666799244442117, 20.094421005002527 ] ] ] ] } },
{ "type": "Feature", "properties": { "ID": 21, "ENTIDAD": 11, "MUNICIPIO": 2, "NOMBRE": "ACAMBARO", "CONTROL": 39, "GEOMETRY1_": null, "ID_2": 105, "ENTIDAD_2": 11, "DISTRITO_F": 14, "DISTRITO_L": 22, "MUNICIPIO_2": 2, "SECCION": 105, "TIPO": 4, "CONTROL_2": 4133, "GEOMETRY1__2": null }, "geometry": { "type": "MultiPolygon", "coordinates": [ [ [ [ -100.842596097641405, 20.129463706166185 ], [ -100.842255637936532, 20.130048486415788 ], [ -100.842144599809728, 20.130381291526003 ], [ -100.842096427505936, 20.130961329467407 ], [ -100.841923991624199, 20.13112962869674 ], [ -100.84144824588914, 20.130682215599631 ], [ -100.834251444382346, 20.133736463115461 ], [ -100.836893559978094, 20.140934410005624 ], [ -100.828564239615147, 20.146116954573682 ], [ -100.82795030031258, 20.141161793648617 ], [ -100.827540331950146, 20.141127037223754 ], [ -100.827190288256361, 20.141174063824465 ], [ -100.826903823728841, 20.141509693163623 ], [ -100.826675089805661, 20.141803014679343 ], [ -100.826327967628757, 20.142015495194016 ], [ -100.826095577904979, 20.142101996687991 ], [ -100.825809109361757, 20.142437624524526 ], [ -100.825466368436309, 20.142898286870778 ], [ -100.825323498256125, 20.143086782366066 ], [ -100.825180627742455, 20.143275277768208 ], [ -100.824780150231035, 20.143778246055472 ], [ -100.824434481856841, 20.144073451147857 ], [ -100.823914881403482, 20.14445421180142 ], [ -100.823621832086033, 20.144417561338372 ], [ -100.823213315448214, 20.144465523307701 ], [ -100.822688600691208, 20.144556733011527 ], [ -100.822163885193504, 20.144647941197352 ], [ -100.821813831202675, 20.144694957820256 ], [ -100.821408231489642, 20.144908371618296 ], [ -100.822042501221958, 20.147711700691666 ], [ -100.823684598985906, 20.151284913543726 ], [ -100.824039049685027, 20.151486075456482 ], [ -100.822548857626288, 20.153206507153808 ], [ -100.822327401165012, 20.153913463754897 ], [ -100.82210229251649, 20.154413600586427 ], [ -100.821702509197522, 20.154957928149653 ], [ -100.821241335624947, 20.155337741429097 ], [ -100.820606214896358, 20.155803107541121 ], [ -100.820025910731431, 20.156060710040215 ], [ -100.81950261401083, 20.156234641209434 ], [ -100.8192102722237, 20.156239349044629 ], [ -100.819005268277323, 20.156221962248182 ], [ -100.818800264355872, 20.156204575209212 ], [ -100.817638186230056, 20.156637039148372 ], [ -100.816591581254457, 20.156984886493891 ], [ -100.815835130083158, 20.157203933872818 ], [ -100.815199256198071, 20.157627918118688 ], [ -100.814508550516237, 20.158259660761985 ], [ -100.813991791715338, 20.15880585338537 ], [ -100.813827303716494, 20.159429134356685 ], [ -100.813598520657933, 20.159722442207254 ], [ -100.811698114604525, 20.161408009334124 ], [ -100.808061823086476, 20.162662999024562 ], [ -100.807186471743705, 20.162965094292321 ], [ -100.800884878903915, 20.165139698009384 ], [ -100.789870546906542, 20.140614011845891 ], [ -100.77708101589144, 20.144996309867217 ], [ -100.772141530558429, 20.146812390828583 ], [ -100.770698157946967, 20.149388971349694 ], [ -100.769432102798973, 20.147071300396647 ], [ -100.769287575116437, 20.146370696349887 ], [ -100.769159245916882, 20.146217359880303 ], [ -100.769381027308597, 20.144878425371843 ], [ -100.769699718722222, 20.142954397061288 ], [ -100.769896850952094, 20.142979957229151 ], [ -100.770376578397673, 20.143498416168629 ], [ -100.770558045530095, 20.14342773924551 ], [ -100.770195728749457, 20.14297695348052 ], [ -100.770524153270202, 20.143008078546679 ], [ -100.770553931606088, 20.142890154998625 ], [ -100.771599700421049, 20.138748766814171 ], [ -100.769891119141917, 20.13796459892713 ], [ -100.771757728700251, 20.13589558617371 ], [ -100.774726312663944, 20.130340735652769 ], [ -100.768654209137679, 20.128586572711086 ], [ -100.767057470845245, 20.133174383949438 ], [ -100.765756028687463, 20.132714166707931 ], [ -100.765070204718782, 20.134590355933085 ], [ -100.764027813805612, 20.134738935551201 ], [ -100.763945526433176, 20.134750664301965 ], [ -100.766270675231453, 20.127030171972095 ], [ -100.769120818678715, 20.117565542517003 ], [ -100.769737365313901, 20.116024860828762 ], [ -100.770245576360395, 20.114982410242575 ], [ -100.770811519930206, 20.113897668959176 ], [ -100.771552102085067, 20.112768787592785 ], [ -100.772349695742989, 20.11155624840789 ], [ -100.772922773546512, 20.110885155181865 ], [ -100.77360988766236, 20.110046749028822 ], [ -100.774237109634612, 20.109126535372578 ], [ -100.774924209421144, 20.108288125044769 ], [ -100.775557149751364, 20.107698829818684 ], [ -100.776190802063184, 20.107150897898844 ], [ -100.776880750616186, 20.106477942196147 ], [ -100.777456659286031, 20.105972297662756 ], [ -100.778148031652933, 20.105382068160168 ], [ -100.779247118226422, 20.10470261867907 ], [ -100.781626646342517, 20.100320334847854 ], [ -100.785022880807261, 20.093894427072073 ], [ -100.786455075818907, 20.095568107373978 ], [ -100.787762664049367, 20.093437119527827 ], [ -100.788024133838263, 20.093484990367863 ], [ -100.790049980885414, 20.093855876483143 ], [ -100.790213798720103, 20.093191246358753 ], [ -100.792853954032267, 20.093728480412867 ], [ -100.7930184804882, 20.093105213509258 ], [ -100.794540234382907, 20.093205094491672 ], [ -100.794753102366172, 20.092001786569693 ], [ -100.797579412780806, 20.093156627763065 ], [ -100.796521630375651, 20.096193975384608 ], [ -100.798689218244348, 20.096449020796069 ], [ -100.796003556366898, 20.100008861312268 ], [ -100.796662662157146, 20.100086631994575 ], [ -100.799401501200734, 20.100409771717604 ], [ -100.801976840917064, 20.100575508388292 ], [ -100.803261255131829, 20.100472221592835 ], [ -100.803554219811559, 20.100508912770032 ], [ -100.804612079131857, 20.100823001147297 ], [ -100.808200618993723, 20.102089588567075 ], [ -100.808436588657528, 20.10220993663134 ], [ -100.809022525585817, 20.102283300594269 ], [ -100.809314768896428, 20.102278617347487 ], [ -100.809606286776088, 20.10223256914249 ], [ -100.809897804444688, 20.102186520468408 ], [ -100.812231390295125, 20.101900843015301 ], [ -100.814450975099476, 20.101782469555662 ], [ -100.816029805232091, 20.101798490472071 ], [ -100.816733365705062, 20.101911315108456 ], [ -100.81627832421691, 20.109283550606147 ], [ -100.816806314211902, 20.112709269797879 ], [ -100.817267383290456, 20.112329475221774 ], [ -100.821058295811412, 20.110236924554449 ], [ -100.821668196010066, 20.109900252591359 ], [ -100.821906373097704, 20.110144673238679 ], [ -100.821376515156288, 20.113256393908333 ], [ -100.822776453440426, 20.113068347808849 ], [ -100.823367538828137, 20.11343120898146 ], [ -100.823542166403129, 20.113387019804076 ], [ -100.823714605728739, 20.113218738229058 ], [ -100.823946226267012, 20.113090878743009 ], [ -100.824114288001923, 20.11267441240695 ], [ -100.824698807889661, 20.112664992486437 ], [ -100.82504660086893, 20.112493883414039 ], [ -100.82569103139214, 20.112566246120707 ], [ -100.825810854845258, 20.112729817369186 ], [ -100.826396834485635, 20.112803119841857 ], [ -100.82631935462112, 20.115038661699014 ], [ -100.826502744827323, 20.115490837525495 ], [ -100.826808154305212, 20.116230675252236 ], [ -100.828171574603743, 20.117284446409741 ], [ -100.829533550784674, 20.118255477657559 ], [ -100.8298484855721, 20.119533039059746 ], [ -100.830028967095359, 20.119819754237184 ], [ -100.830691713794636, 20.120926192951149 ], [ -100.831112602230988, 20.121581404013675 ], [ -100.831410730585858, 20.121907592202799 ], [ -100.832006259240387, 20.122518602915164 ], [ -100.834014979027302, 20.12368601830709 ], [ -100.83519728186414, 20.124411651969741 ], [ -100.835735111143833, 20.12506495766635 ], [ -100.835912678452246, 20.125186210433416 ], [ -100.837388749758034, 20.125989823909585 ], [ -100.838627340164933, 20.126590394143665 ], [ -100.840514838033414, 20.127511439626602 ], [ -100.841221461734762, 20.127789610187463 ], [ -100.843544573103145, 20.12901520251571 ], [ -100.842596097641405, 20.129463706166185 ] ] ] ] } },
{ "type": "Feature", "properties": { "ID": 21, "ENTIDAD": 11, "MUNICIPIO": 2, "NOMBRE": "ACAMBARO", "CONTROL": 39, "GEOMETRY1_": null, "ID_2": 106, "ENTIDAD_2": 11, "DISTRITO_F": 14, "DISTRITO_L": 22, "MUNICIPIO_2": 2, "SECCION": 106, "TIPO": 4, "CONTROL_2": 4134, "GEOMETRY1__2": null }, "geometry": { "type": "MultiPolygon", "coordinates": [ [ [ [ -100.770734050047722, 20.10603732403273 ], [ -100.768432881353917, 20.104996495760755 ], [ -100.768259081509541, 20.104917883519487 ], [ -100.768425144488688, 20.104377362971807 ], [ -100.767340885106535, 20.102532530894425 ], [ -100.767100656410335, 20.102163932494729 ], [ -100.766861143022311, 20.10183669917506 ], [ -100.76650758715158, 20.101676772554509 ], [ -100.766036418340875, 20.101477324378664 ], [ -100.765509655941116, 20.101444259190167 ], [ -100.765042770778351, 20.101493001506928 ], [ -100.764690644362148, 20.101415802158197 ], [ -100.764158888220038, 20.101093173898327 ], [ -100.763625707660381, 20.100687812682914 ], [ -100.763270730892174, 20.100445147918276 ], [ -100.762857305719649, 20.100203403620764 ], [ -100.762562919437627, 20.100083912831867 ], [ -100.762387571115511, 20.100086676224098 ], [ -100.762485933793542, 20.099009327831709 ], [ -100.763336974326208, 20.094113445170461 ], [ -100.764137373038835, 20.089673503112309 ], [ -100.765665107099977, 20.083761401536343 ], [ -100.768144649464475, 20.076687302666173 ], [ -100.783036084298203, 20.082743822029357 ], [ -100.783209648718213, 20.082309839949112 ], [ -100.786774049750832, 20.075246652627715 ], [ -100.791467901762061, 20.071200377266621 ], [ -100.806087035572986, 20.078207987308208 ], [ -100.809167932663399, 20.080558490689086 ], [ -100.812867442592307, 20.084843691247723 ], [ -100.816893103438289, 20.087716775670504 ], [ -100.817248123257912, 20.087959328732893 ], [ -100.817428541723075, 20.08824606237074 ], [ -100.819693040333988, 20.090692224575239 ], [ -100.820468826298068, 20.091590019326606 ], [ -100.821769894374057, 20.092437981590912 ], [ -100.821516268945246, 20.09463498805809 ], [ -100.821123171426976, 20.095551584236844 ], [ -100.820983974743882, 20.095946895384007 ], [ -100.820844777438253, 20.096342206458598 ], [ -100.822080885944573, 20.096818825343291 ], [ -100.821909918101099, 20.09706983275921 ], [ -100.821511719463061, 20.097696880429783 ], [ -100.821226769785738, 20.098115225331995 ], [ -100.820827837787419, 20.098700907587155 ], [ -100.820277588987324, 20.100654429374842 ], [ -100.819912867036621, 20.103184228632035 ], [ -100.818792153491103, 20.102622990083958 ], [ -100.817672902467493, 20.102144472318098 ], [ -100.816733365664234, 20.101911315401821 ], [ -100.816029805191391, 20.101798490765525 ], [ -100.814450975059032, 20.101782469849113 ], [ -100.81223139025505, 20.101900843308751 ], [ -100.809897804404983, 20.102186520761755 ], [ -100.80960628673644, 20.102232569435845 ], [ -100.809314768856837, 20.102278617640827 ], [ -100.809022525546283, 20.10228330088762 ], [ -100.808436588618079, 20.102209936924687 ], [ -100.808200618954302, 20.102089588860515 ], [ -100.804612079093033, 20.100823001440816 ], [ -100.803554219772906, 20.100508913063649 ], [ -100.803261255093233, 20.100472221886445 ], [ -100.801976840878666, 20.100575508681807 ], [ -100.799401501162762, 20.100409772011208 ], [ -100.796662662119601, 20.100086632288178 ], [ -100.796003556329453, 20.100008861605868 ], [ -100.798689218206505, 20.096449021090212 ], [ -100.796521630338162, 20.096193975678741 ], [ -100.797579412743133, 20.09315662805767 ], [ -100.794753102328954, 20.092001786864472 ], [ -100.794540234345746, 20.09320509478626 ], [ -100.793018480451266, 20.093105213803849 ], [ -100.792853953995333, 20.093728480707359 ], [ -100.790213798683595, 20.09319124665334 ], [ -100.79004998084892, 20.093855876777635 ], [ -100.788024133802068, 20.093484990662436 ], [ -100.787762664013215, 20.093437119822404 ], [ -100.786455075782953, 20.095568107668285 ], [ -100.78502288077155, 20.093894427366561 ], [ -100.781626646307288, 20.100320335141433 ], [ -100.77924711819152, 20.104702618972009 ], [ -100.778148031618201, 20.105382068453107 ], [ -100.777456659251399, 20.105972297955514 ], [ -100.77688075058164, 20.106477942488809 ], [ -100.776190802028736, 20.107150898191417 ], [ -100.775557149717002, 20.107698830111261 ], [ -100.774924209386896, 20.108288125337253 ], [ -100.770734050047722, 20.10603732403273 ] ] ] ] } },
{ "type": "Feature", "properties": { "ID": 21, "ENTIDAD": 11, "MUNICIPIO": 2, "NOMBRE": "ACAMBARO", "CONTROL": 39, "GEOMETRY1_": null, "ID_2": 107, "ENTIDAD_2": 11, "DISTRITO_F": 14, "DISTRITO_L": 22, "MUNICIPIO_2": 2, "SECCION": 107, "TIPO": 4, "CONTROL_2": 4142, "GEOMETRY1__2": null }, "geometry": { "type": "MultiPolygon", "coordinates": [ [ [ [ -100.760408911926532, 20.136488918899374 ], [ -100.761025938597399, 20.134934454224958 ], [ -100.760878391215059, 20.134856832640509 ], [ -100.760289867900767, 20.136350078315669 ], [ -100.759399579812765, 20.13520992813222 ], [ -100.759238622495985, 20.135020238357562 ], [ -100.759038799119239, 20.134790315330001 ], [ -100.758988889490809, 20.134826841984584 ], [ -100.758937662576741, 20.134864332671327 ], [ -100.75896412575058, 20.134894837745467 ], [ -100.759047586979989, 20.134991046464847 ], [ -100.75918946135242, 20.135154589700669 ], [ -100.758602515248029, 20.136749071443138 ], [ -100.757625388750142, 20.137368112653697 ], [ -100.757555721720735, 20.137319721491071 ], [ -100.756128271558879, 20.136292741286351 ], [ -100.754447721234243, 20.135102505153512 ], [ -100.75445120456861, 20.135202078434148 ], [ -100.75445778308945, 20.135390128788071 ], [ -100.754549113661341, 20.136290084498846 ], [ -100.750217357509484, 20.130193604431817 ], [ -100.748735237657499, 20.129016937694043 ], [ -100.741384841506502, 20.123215207252233 ], [ -100.732848908871617, 20.116438576641112 ], [ -100.733490518719648, 20.116345813555075 ], [ -100.734331934449031, 20.110829512610977 ], [ -100.735420785517206, 20.102937218319141 ], [ -100.735424623172776, 20.102909405538366 ], [ -100.732998413045692, 20.097775091311391 ], [ -100.727678789065877, 20.097816574093876 ], [ -100.727843581601945, 20.097193348661545 ], [ -100.724792955804674, 20.096578756804416 ], [ -100.725307020761491, 20.075219982797684 ], [ -100.735098979743668, 20.0735532627812 ], [ -100.73604124745151, 20.074285504261706 ], [ -100.742231151363882, 20.076983665503843 ], [ -100.747249677567581, 20.079884281184054 ], [ -100.753211995407383, 20.083266451674117 ], [ -100.764137373038835, 20.089673503112309 ], [ -100.763336974326208, 20.094113445170461 ], [ -100.762485933793542, 20.099009327831709 ], [ -100.762387571115511, 20.100086676224098 ], [ -100.762562919437627, 20.100083912831867 ], [ -100.762857305719649, 20.100203403620764 ], [ -100.763270730892174, 20.100445147918276 ], [ -100.763625707660381, 20.100687812682914 ], [ -100.764158888220038, 20.101093173898327 ], [ -100.764690644362148, 20.101415802158197 ], [ -100.765042770778351, 20.101493001506928 ], [ -100.765509655941116, 20.101444259190167 ], [ -100.766036418340875, 20.101477324378664 ], [ -100.76650758715158, 20.101676772554509 ], [ -100.766861143022311, 20.10183669917506 ], [ -100.767100656410335, 20.102163932494729 ], [ -100.767340885106535, 20.102532530894425 ], [ -100.768425144488688, 20.104377362971807 ], [ -100.768259081509541, 20.104917883519487 ], [ -100.768432881353917, 20.104996495760755 ], [ -100.770734050047722, 20.10603732403273 ], [ -100.774924209386896, 20.108288125337253 ], [ -100.774237109600435, 20.109126535664966 ], [ -100.773609887628282, 20.110046749321029 ], [ -100.772922773512519, 20.110885155473976 ], [ -100.772349695709096, 20.111556248699916 ], [ -100.771552102051274, 20.112768787884622 ], [ -100.770811519896512, 20.113897669250846 ], [ -100.770245576326786, 20.114982410534051 ], [ -100.769737365280378, 20.116024861120149 ], [ -100.769120818645249, 20.117565542808116 ], [ -100.766270675198371, 20.127030172261861 ], [ -100.76394552640042, 20.134750664590726 ], [ -100.761967389862775, 20.137978428678263 ], [ -100.761761594736967, 20.138189391658969 ], [ -100.760408911926532, 20.136488918899374 ] ] ] ] } },
{ "type": "Feature", "properties": { "ID": 21, "ENTIDAD": 11, "MUNICIPIO": 2, "NOMBRE": "ACAMBARO", "CONTROL": 39, "GEOMETRY1_": null, "ID_2": 108, "ENTIDAD_2": 11, "DISTRITO_F": 14, "DISTRITO_L": 22, "MUNICIPIO_2": 2, "SECCION": 108, "TIPO": 3, "CONTROL_2": 4143, "GEOMETRY1__2": null }, "geometry": { "type": "MultiPolygon", "coordinates": [ [ [ [ -100.718283320427744, 20.095397121203305 ], [ -100.718343873302473, 20.095520314849569 ], [ -100.713889125173083, 20.0948445432931 ], [ -100.709083013474171, 20.0941327096279 ], [ -100.708864589311702, 20.095046394473414 ], [ -100.705235840650502, 20.094812789883775 ], [ -100.698092472870769, 20.094178086495909 ], [ -100.699068012659154, 20.093087244089308 ], [ -100.695843931184456, 20.092578255035864 ], [ -100.698972456291855, 20.08129864736291 ], [ -100.693836747192577, 20.080911723713818 ], [ -100.6890945070284, 20.080554308735007 ], [ -100.67958919091069, 20.08037642604106 ], [ -100.680682515930087, 20.079316661807862 ], [ -100.68225648015769, 20.077166444812473 ], [ -100.682466057730281, 20.075715003064325 ], [ -100.688325008911661, 20.074808163930161 ], [ -100.688454100925, 20.074788180993995 ], [ -100.688570734136761, 20.074778828293031 ], [ -100.693991035849194, 20.074342572597516 ], [ -100.693889561206902, 20.073477980446256 ], [ -100.693836274453361, 20.073107839562336 ], [ -100.693726642377356, 20.072464297362874 ], [ -100.693560037327913, 20.071962433957033 ], [ -100.693552622354161, 20.071922877257204 ], [ -100.693493537614984, 20.071932046652069 ], [ -100.693371180578595, 20.071951035245728 ], [ -100.6931092274218, 20.071163951253869 ], [ -100.692847277167303, 20.070376866617448 ], [ -100.694134716269787, 20.070080427166545 ], [ -100.695298445305426, 20.069812463706672 ], [ -100.695260178966222, 20.069705068336699 ], [ -100.695009056328558, 20.069000282492556 ], [ -100.694707437581698, 20.068153767348214 ], [ -100.696369838914919, 20.067767563108898 ], [ -100.697218750895132, 20.067570368856551 ], [ -100.697558167202487, 20.067491027229284 ], [ -100.697794371422574, 20.067435830727696 ], [ -100.698724377520037, 20.067218502335784 ], [ -100.70502564510997, 20.065745735822382 ], [ -100.705047506581451, 20.065742666611627 ], [ -100.706376774969627, 20.065554697697326 ], [ -100.70700952440265, 20.068262250812396 ], [ -100.708455540119004, 20.074281087036951 ], [ -100.711279128178575, 20.073811777979746 ], [ -100.715042639207638, 20.073186170549818 ], [ -100.716096677929642, 20.073293983276102 ], [ -100.721708411831685, 20.073289742540638 ], [ -100.725392289553866, 20.073356668799622 ], [ -100.725307020761491, 20.075219982797684 ], [ -100.724792955804674, 20.096578756804416 ], [ -100.718283320427744, 20.095397121203305 ] ] ] ] } },
{ "type": "Feature", "properties": { "ID": 21, "ENTIDAD": 11, "MUNICIPIO": 2, "NOMBRE": "ACAMBARO", "CONTROL": 39, "GEOMETRY1_": null, "ID_2": 109, "ENTIDAD_2": 11, "DISTRITO_F": 14, "DISTRITO_L": 22, "MUNICIPIO_2": 2, "SECCION": 109, "TIPO": 2, "CONTROL_2": 5110, "GEOMETRY1__2": null }, "geometry": { "type": "MultiPolygon", "coordinates": [ [ [ [ -100.68805310582124, 20.071666494249563 ], [ -100.688062082606564, 20.07155646041096 ], [ -100.68812397104729, 20.071430630897453 ], [ -100.688262426124624, 20.071366709462939 ], [ -100.688552074236895, 20.071268351548408 ], [ -100.688278231258934, 20.071204685258575 ], [ -100.688074585937414, 20.071188184064564 ], [ -100.687869510017848, 20.071181184667481 ], [ -100.687587083552174, 20.071174529491003 ], [ -100.687318825813449, 20.07118785719193 ], [ -100.687159832685353, 20.071217051873344 ], [ -100.68692491956169, 20.071237088556355 ], [ -100.686527505427023, 20.07125257228477 ], [ -100.686271339167334, 20.071242633002676 ], [ -100.686031042033974, 20.071253277562796 ], [ -100.685750491625996, 20.071222263608618 ], [ -100.68548867187944, 20.071192829419498 ], [ -100.685238944181819, 20.071140129505977 ], [ -100.684972186579202, 20.071086449735073 ], [ -100.684665715661765, 20.071011316699451 ], [ -100.684451479331514, 20.070951072650278 ], [ -100.684180533230389, 20.070928329153531 ], [ -100.683859075634246, 20.070835530617387 ], [ -100.683632747575516, 20.070798550784698 ], [ -100.683324131334984, 20.070737668362746 ], [ -100.683079342571276, 20.070709210163777 ], [ -100.682867182953103, 20.070692213037855 ], [ -100.682698313837818, 20.070672913941831 ], [ -100.682510983803169, 20.070662136962635 ], [ -100.68239742688111, 20.07067477268226 ], [ -100.681743627142211, 20.07065102043331 ], [ -100.679121841388294, 20.070252468038934 ], [ -100.678329665148482, 20.067459666373761 ], [ -100.678679581654336, 20.066999546175197 ], [ -100.67955754862416, 20.066530465181298 ], [ -100.680285978316405, 20.066119631336953 ], [ -100.682352199555339, 20.065176752221074 ], [ -100.686821185237108, 20.063587576363101 ], [ -100.686854004817846, 20.063575905162697 ], [ -100.689336443461343, 20.061590357910259 ], [ -100.690055553353432, 20.06031406156157 ], [ -100.690603852932682, 20.060611868231206 ], [ -100.690331289590375, 20.061945968749793 ], [ -100.690320465658715, 20.061998947658484 ], [ -100.690200266253115, 20.062358849282855 ], [ -100.690180597853839, 20.062417740351542 ], [ -100.690183555695484, 20.062831337041118 ], [ -100.690448172730882, 20.064018130805039 ], [ -100.690494939527525, 20.064128760679107 ], [ -100.691042095724725, 20.065423080127793 ], [ -100.691098438188945, 20.065471768688855 ], [ -100.691125159127878, 20.065494859675088 ], [ -100.691414499943861, 20.066266819615343 ], [ -100.691703843860225, 20.067038778812694 ], [ -100.69201187819047, 20.067860593457286 ], [ -100.691513950610982, 20.067984590976234 ], [ -100.691827286579681, 20.068783599299717 ], [ -100.69213519590555, 20.069638783111955 ], [ -100.692568613615862, 20.06954370079265 ], [ -100.692593186833989, 20.069617171768606 ], [ -100.692818359959944, 20.070290408618789 ], [ -100.692847277167303, 20.070376866617448 ], [ -100.6931092274218, 20.071163951253869 ], [ -100.693371180578595, 20.071951035245728 ], [ -100.693493537614984, 20.071932046652069 ], [ -100.693552622354161, 20.071922877257204 ], [ -100.693560037327913, 20.071962433957033 ], [ -100.693726642377356, 20.072464297362874 ], [ -100.693836274453361, 20.073107839562336 ], [ -100.693889561206902, 20.073477980446256 ], [ -100.693991035849194, 20.074342572597516 ], [ -100.688570734136761, 20.074778828293031 ], [ -100.688454100925, 20.074788180993995 ], [ -100.68805310582124, 20.071666494249563 ] ] ] ] } },
{ "type": "Feature", "properties": { "ID": 21, "ENTIDAD": 11, "MUNICIPIO": 2, "NOMBRE": "ACAMBARO", "CONTROL": 39, "GEOMETRY1_": null, "ID_2": 112, "ENTIDAD_2": 11, "DISTRITO_F": 14, "DISTRITO_L": 22, "MUNICIPIO_2": 2, "SECCION": 112, "TIPO": 4, "CONTROL_2": 6995, "GEOMETRY1__2": null }, "geometry": { "type": "MultiPolygon", "coordinates": [ [ [ [ -100.618959522380209, 20.084554989476185 ], [ -100.618836510727689, 20.083894664701766 ], [ -100.618536868668699, 20.0831116931436 ], [ -100.61824060697441, 20.082700652838586 ], [ -100.618235353705174, 20.082122091890081 ], [ -100.618229350219451, 20.081460879589887 ], [ -100.618516977734942, 20.080921427203542 ], [ -100.618861978177478, 20.080257553504332 ], [ -100.619380224622518, 20.079344393524064 ], [ -100.619727096065134, 20.078887147357026 ], [ -100.620130211784087, 20.078181502101412 ], [ -100.620766947044444, 20.077432753955765 ], [ -100.621580302413705, 20.07680664800996 ], [ -100.622274772155635, 20.075974799326506 ], [ -100.622739378427696, 20.075599310393088 ], [ -100.623200971516198, 20.074893214648167 ], [ -100.623722188461556, 20.07431065002978 ], [ -100.62383504368276, 20.073855177130817 ], [ -100.62406790699815, 20.073729419605055 ], [ -100.624358891437964, 20.073561890874785 ], [ -100.624470237802541, 20.072941114897986 ], [ -100.624470237778908, 20.072941114827756 ], [ -100.624470237819637, 20.072941114600706 ], [ -100.624289848318909, 20.072405216105288 ], [ -100.623992465142564, 20.071870207479797 ], [ -100.623756216432909, 20.071624033268421 ], [ -100.623753204985107, 20.071293427497245 ], [ -100.62340033943461, 20.071089468330896 ], [ -100.622873111785168, 20.071010819712633 ], [ -100.622580625614347, 20.071013042836661 ], [ -100.622169264881123, 20.070809525617065 ], [ -100.621701663301579, 20.070854406243647 ], [ -100.621467674467169, 20.070856183214119 ], [ -100.621176315612288, 20.070982381320192 ], [ -100.620647962111008, 20.070779748597371 ], [ -100.620356227104125, 20.070864619594609 ], [ -100.619539517361545, 20.071118786257113 ], [ -100.619364775807796, 20.07120276851003 ], [ -100.619307404190039, 20.071327189453996 ], [ -100.618084581604762, 20.071956386230653 ], [ -100.617793592528074, 20.07212390490562 ], [ -100.61715011676182, 20.072128776952624 ], [ -100.616332270793947, 20.072258951956535 ], [ -100.615865785243571, 20.072427795159822 ], [ -100.615575167009055, 20.072636636273398 ], [ -100.615106060059105, 20.072516196367676 ], [ -100.614636953737062, 20.072395755164745 ], [ -100.614461085780192, 20.072355755117332 ], [ -100.61381872957638, 20.072484592844916 ], [ -100.613412233280329, 20.072818291760107 ], [ -100.613124973969803, 20.07339906245214 ], [ -100.61295209431681, 20.073689668394511 ], [ -100.612837712671251, 20.07397983278571 ], [ -100.612605212466946, 20.074146902073593 ], [ -100.612138716733583, 20.074315736054015 ], [ -100.61166885995938, 20.074112635297048 ], [ -100.611258249381123, 20.073991744234903 ], [ -100.610906884237295, 20.073953063337878 ], [ -100.61049813959886, 20.074038800320743 ], [ -100.609912779607086, 20.074001879892993 ], [ -100.609795409359506, 20.073961434779104 ], [ -100.609441808015234, 20.073674794945141 ], [ -100.608678718381626, 20.073391235018082 ], [ -100.608151114517028, 20.073271216457421 ], [ -100.607682009796775, 20.073150756575313 ], [ -100.607213649971712, 20.073112947491342 ], [ -100.606864147398056, 20.073280888609549 ], [ -100.606280649635778, 20.073450586204395 ], [ -100.605871902940763, 20.07353631256494 ], [ -100.605637908333946, 20.073538068843018 ], [ -100.605344300075885, 20.073416285505594 ], [ -100.605049949099907, 20.073211849467221 ], [ -100.604754855896346, 20.072924760686661 ], [ -100.604402750970038, 20.072803414360685 ], [ -100.604054359550048, 20.073095328411611 ], [ -100.603884061678656, 20.073675209390405 ], [ -100.603657491112855, 20.074503485332585 ], [ -100.603429062524455, 20.075125130505501 ], [ -100.603260616478821, 20.075911641630359 ], [ -100.603260616503349, 20.075911641740987 ], [ -100.603260616463473, 20.075911641927167 ], [ -100.603443539615029, 20.076736849089585 ], [ -100.604037452001805, 20.07772429047639 ], [ -100.604395512127965, 20.078506854018499 ], [ -100.604867604436976, 20.078957930187705 ], [ -100.605457816581861, 20.079532104845686 ], [ -100.606048405023955, 20.080147603238196 ], [ -100.606459773135526, 20.080351157569801 ], [ -100.607751267526936, 20.08083739643801 ], [ -100.608043401498392, 20.080793870621722 ], [ -100.608395526996588, 20.080915208166644 ], [ -100.608747652541709, 20.081036544815589 ], [ -100.606938949496907, 20.081587421339407 ], [ -100.606591289323688, 20.081961993161379 ], [ -100.605425344445109, 20.08242536694106 ], [ -100.604553389650789, 20.083051843385295 ], [ -100.603567022764494, 20.083968475687374 ], [ -100.603102343775319, 20.084343918645271 ], [ -100.602579902018931, 20.08480245099792 ], [ -100.601767538529501, 20.085552455149344 ], [ -100.601303963127549, 20.086051872232989 ], [ -100.600723006837683, 20.08651083766074 ], [ -100.600374579676966, 20.086802746547271 ], [ -100.600085766798998, 20.087218195673859 ], [ -100.599915442736673, 20.087798073970536 ], [ -100.599860273487465, 20.088170446584712 ], [ -100.599804362968442, 20.088460166936372 ], [ -100.599804362970303, 20.088460167143467 ], [ -100.599804362953307, 20.08846016723146 ], [ -100.599806956730546, 20.088749449807132 ], [ -100.599340402667806, 20.088918253580729 ], [ -100.599282268537024, 20.088960017037227 ], [ -100.598981598627745, 20.088053028286254 ], [ -100.598507641847604, 20.087395306755848 ], [ -100.597686365969508, 20.087153466097284 ], [ -100.59727646856237, 20.087115196630062 ], [ -100.596868050231137, 20.087242230952405 ], [ -100.596521092456243, 20.087699437575029 ], [ -100.595061811244662, 20.088082276733779 ], [ -100.594536010319615, 20.088168851465003 ], [ -100.594184245797635, 20.088088812977926 ], [ -100.593184508124082, 20.08751764782355 ], [ -100.592359920895717, 20.086903845371847 ], [ -100.591829700869283, 20.086494496404896 ], [ -100.591301693096028, 20.086333103464135 ], [ -100.591009174046505, 20.086335276246963 ], [ -100.5906647769241, 20.087081756606619 ], [ -100.590437385526769, 20.087827367780932 ], [ -100.590269601007691, 20.088696523378005 ], [ -100.590099974918346, 20.089359047295073 ], [ -100.589588881765934, 20.091098660472394 ], [ -100.58930039992606, 20.091555420534931 ], [ -100.588953410498533, 20.092012614195355 ], [ -100.588661983661652, 20.092138762787389 ], [ -100.588077658313367, 20.092225753258411 ], [ -100.586897621232637, 20.091118611195022 ], [ -100.586020402437967, 20.091166434385467 ], [ -100.585610495290254, 20.091128138349671 ], [ -100.585548687864218, 20.090756633615147 ], [ -100.585197287427064, 20.090717903719572 ], [ -100.584788481457736, 20.09080358491347 ], [ -100.584667804012923, 20.090391185841732 ], [ -100.584198660523768, 20.090270666012486 ], [ -100.583732448564291, 20.090480756365391 ], [ -100.583325107199798, 20.090731739945262 ], [ -100.583091816952347, 20.090816120969063 ], [ -100.583032212686092, 20.090692573616142 ], [ -100.582968946879049, 20.090155761737783 ], [ -100.582733460655518, 20.089992183518014 ], [ -100.582207277916567, 20.090037395916642 ], [ -100.581507041456518, 20.090249207130192 ], [ -100.580453941591486, 20.090256970224601 ], [ -100.58033766140359, 20.090340485407157 ], [ -100.580276597645849, 20.090051631038381 ], [ -100.580387761024056, 20.089389545051947 ], [ -100.580499654666951, 20.088810111822077 ], [ -100.580671514510314, 20.088395553438932 ], [ -100.580726364098481, 20.08798185725346 ], [ -100.580726364086047, 20.087981857155452 ], [ -100.580726364112181, 20.087981856958379 ], [ -100.5806634734152, 20.08748637025235 ], [ -100.58083752479331, 20.087319770859523 ], [ -100.581245959061107, 20.087192772752918 ], [ -100.581711433915117, 20.086900036345686 ], [ -100.581884020363091, 20.086568130029239 ], [ -100.581938500664037, 20.086113107152098 ], [ -100.581938500649116, 20.086113107096192 ], [ -100.581938500677808, 20.086113106856658 ], [ -100.581817469311815, 20.085659378385451 ], [ -100.581757136793314, 20.085453177340966 ], [ -100.581520196426993, 20.085124290852178 ], [ -100.581283622676708, 20.084836730475828 ], [ -100.581223291265715, 20.084630529251399 ], [ -100.581279235543789, 20.084340812651362 ], [ -100.581511420679064, 20.084132455023177 ], [ -100.581625501836967, 20.08380098032347 ], [ -100.581625501834765, 20.083800980074109 ], [ -100.581625501850709, 20.08380098002776 ], [ -100.581622210899411, 20.083429041712847 ], [ -100.581736657085159, 20.083138893514569 ], [ -100.581909239955465, 20.082806987318609 ], [ -100.582082187895438, 20.082516407494801 ], [ -100.582549477244086, 20.082430302246085 ], [ -100.583192639695866, 20.082384226908708 ], [ -100.583952806653016, 20.082337285151276 ], [ -100.584595601519368, 20.082249878297585 ], [ -100.58517879339152, 20.08203892229864 ], [ -100.585410969819193, 20.081830560064752 ], [ -100.585410969778181, 20.081830559818151 ], [ -100.585410969833205, 20.081830559768772 ], [ -100.585349168179377, 20.081459054309924 ], [ -100.585112227315747, 20.081130172600918 ], [ -100.584874921017999, 20.080759964038528 ], [ -100.584756451510813, 20.080595522833836 ], [ -100.584753886626729, 20.080306237870282 ], [ -100.584868691490485, 20.080057414539699 ], [ -100.585339270593806, 20.080343240539985 ], [ -100.58581131812781, 20.080794370915765 ], [ -100.586456673289263, 20.080996242749698 ], [ -100.586926890886119, 20.081240737689249 ], [ -100.587630383945495, 20.081400845558747 ], [ -100.588152127427421, 20.080859702317753 ], [ -100.588152127424948, 20.080859702038893 ], [ -100.588152127441631, 20.080859702021591 ], [ -100.588147719772323, 20.080363785309618 ], [ -100.588144046828717, 20.079950521649184 ], [ -100.58831881670875, 20.079866568588745 ], [ -100.588670927889041, 20.079987946669618 ], [ -100.589137469826142, 20.079819171950803 ], [ -100.589366696782108, 20.079280194043285 ], [ -100.58948002305506, 20.078866062696591 ], [ -100.589655158640824, 20.078823434796274 ], [ -100.59018203594573, 20.078860855533648 ], [ -100.590647836881658, 20.078609424431498 ], [ -100.590995162563573, 20.078193555451737 ], [ -100.591283985813646, 20.077778120287991 ], [ -100.591573911984867, 20.077486663754872 ], [ -100.591982310825529, 20.07735964297558 ], [ -100.592218154144931, 20.077564536033687 ], [ -100.592986031100324, 20.078385409630123 ], [ -100.593576569368906, 20.079000953438044 ], [ -100.593757972366447, 20.079660868424906 ], [ -100.593819423818161, 20.079991043434166 ], [ -100.594112668413231, 20.080071519347701 ], [ -100.594404806472212, 20.080028015940545 ], [ -100.594695468310277, 20.079819206996948 ], [ -100.594868757900088, 20.079569942632737 ], [ -100.595042416042858, 20.079362004390557 ], [ -100.595275313049527, 20.079236282788422 ], [ -100.595508948073032, 20.079193213408942 ], [ -100.595801453239929, 20.079191034070966 ], [ -100.596211329785532, 20.079229308423312 ], [ -100.596735621859438, 20.078977425790299 ], [ -100.597027017669291, 20.078851265775672 ], [ -100.597898243645318, 20.078142173350017 ], [ -100.597898243627014, 20.078142173080561 ], [ -100.597898243660282, 20.078142173053479 ], [ -100.597830868397736, 20.077150780494986 ], [ -100.597653149442067, 20.076904132695947 ], [ -100.597359170235634, 20.076741009903543 ], [ -100.597122582937047, 20.076453471598771 ], [ -100.597061496180771, 20.076164624428294 ], [ -100.597292169199022, 20.075790943246812 ], [ -100.597522841225825, 20.075417261729502 ], [ -100.597577644236651, 20.075003563025724 ], [ -100.597801660043643, 20.073886009083402 ], [ -100.598029000771078, 20.073140391024232 ], [ -100.598142670420799, 20.072767581917102 ], [ -100.598142670367594, 20.072767581843262 ], [ -100.598142670435749, 20.07276758161975 ], [ -100.597964956534923, 20.072520933787473 ], [ -100.598078625936168, 20.07214812494 ], [ -100.598133426992973, 20.071734426093197 ], [ -100.598133426974414, 20.071734426048977 ], [ -100.598133427007951, 20.071734425795761 ], [ -100.597475904341835, 20.070168828549171 ], [ -100.596818395734473, 20.068603227698311 ], [ -100.596345619883806, 20.06806947339566 ], [ -100.596577761103106, 20.067861098696262 ], [ -100.597162729058269, 20.067856738852825 ], [ -100.598093872328363, 20.06731251775582 ], [ -100.598150151121544, 20.067064123832825 ], [ -100.59815015111954, 20.067064123609491 ], [ -100.59815015113648, 20.067064123534745 ], [ -100.598146454943873, 20.066650860956038 ], [ -100.598141280447692, 20.06607229354406 ], [ -100.598310854512562, 20.065409764287047 ], [ -100.598423780003657, 20.064954302588013 ], [ -100.598423780001596, 20.064954302358203 ], [ -100.598423780018621, 20.064954302289575 ], [ -100.598421562143713, 20.064706344718545 ], [ -100.598300874903501, 20.064293954858936 ], [ -100.598063936861564, 20.063965089998245 ], [ -100.597654100163879, 20.063926817211726 ], [ -100.5970687776462, 20.063889851397519 ], [ -100.596776670225879, 20.063933357204487 ], [ -100.596545272799773, 20.06422438458689 ], [ -100.596311290957075, 20.064226127572617 ], [ -100.595842220412663, 20.064105633690264 ], [ -100.5959566283003, 20.063815478621958 ], [ -100.596011433746298, 20.063401779876667 ], [ -100.596011433728123, 20.063401779826691 ], [ -100.596011433761063, 20.063401779578051 ], [ -100.595891491841542, 20.063072040157255 ], [ -100.595537201895041, 20.062702716091806 ], [ -100.595185494835775, 20.062622675549594 ], [ -100.59483378808325, 20.062542634282003 ], [ -100.594541313652869, 20.062544809921704 ], [ -100.594190712764046, 20.062588746407606 ], [ -100.593956364657274, 20.062549159750006 ], [ -100.593838638130435, 20.062467376811725 ], [ -100.59395304885696, 20.062177222787486 ], [ -100.594184817080219, 20.061927524975022 ], [ -100.594472867917005, 20.06142943374066 ], [ -100.594527676937858, 20.061015735139879 ], [ -100.594527676936281, 20.061015734963362 ], [ -100.594527676952495, 20.061015734840996 ], [ -100.594520674865578, 20.060230534181926 ], [ -100.594575115040854, 20.059775509321955 ], [ -100.594575115028562, 20.059775509248098 ], [ -100.594575115055505, 20.059775509022895 ], [ -100.594513304641737, 20.059404006757195 ], [ -100.5943930009919, 20.059032939386753 ], [ -100.594039092479065, 20.058704937675717 ], [ -100.593510809969047, 20.058502218299342 ], [ -100.593041390167528, 20.058340389179239 ], [ -100.592688957897934, 20.058177690068987 ], [ -100.592277665156146, 20.057974098013624 ], [ -100.591985566642364, 20.058017595271075 ], [ -100.591635342340396, 20.058102852499417 ], [ -100.591343243333057, 20.058146348722495 ], [ -100.591110740254734, 20.058313389962741 ], [ -100.590938200343672, 20.058645302912815 ], [ -100.590938200388905, 20.05864530309734 ], [ -100.590938200329276, 20.05864530321206 ], [ -100.590998899272392, 20.058892828040527 ], [ -100.591061803968728, 20.059388311212025 ], [ -100.590831504132851, 20.059803310748894 ], [ -100.590484949752693, 20.060301830403471 ], [ -100.590195418017032, 20.060634610132755 ], [ -100.589785590555223, 20.060596318358378 ], [ -100.589666031161343, 20.060307900037895 ], [ -100.58925363460861, 20.059980321704625 ], [ -100.588784213800892, 20.059818481300937 ], [ -100.588023424307963, 20.059782783549451 ], [ -100.587496611124294, 20.059745351941491 ], [ -100.587086053045084, 20.059624400678928 ], [ -100.586321967111914, 20.059216756775676 ], [ -100.58573409859882, 20.058890466240371 ], [ -100.585147696547622, 20.058729479790692 ], [ -100.58456495437575, 20.058981756964819 ], [ -100.584042532970187, 20.059440233689493 ], [ -100.583956620617869, 20.059647513827667 ], [ -100.583870708057219, 20.059854793934651 ], [ -100.583870708059521, 20.059854794194706 ], [ -100.583870708043349, 20.059854794233711 ], [ -100.583875462545393, 20.060392039679542 ], [ -100.583995377482694, 20.060721789150815 ], [ -100.583940906434165, 20.061176812674958 ], [ -100.583771274135643, 20.061839332293069 ], [ -100.583544973928284, 20.062708916083519 ], [ -100.583544973930387, 20.062708916320933 ], [ -100.583544973914442, 20.06270891638221 ], [ -100.583561065789823, 20.064527284888793 ], [ -100.582703000453691, 20.066724063330309 ], [ -100.582703000455965, 20.066724063587323 ], [ -100.582703000439906, 20.066724063628467 ], [ -100.58270702177775, 20.06717865583304 ], [ -100.582894213144939, 20.06849981141151 ], [ -100.581957888788907, 20.068465384342574 ], [ -100.581608730761857, 20.068674603261876 ], [ -100.580740030335377, 20.069672903592682 ], [ -100.580510784519333, 20.070211871912239 ], [ -100.580114802048442, 20.071743969901895 ], [ -100.579657394338767, 20.072945884934178 ], [ -100.579318438890837, 20.07431224486022 ], [ -100.578623371496235, 20.075102613045406 ], [ -100.578168496485858, 20.0765938114608 ], [ -100.577936681500717, 20.076843491024945 ], [ -100.577703772321968, 20.076969190480181 ], [ -100.577470498327742, 20.077053563031157 ], [ -100.577467582939462, 20.076722950329923 ], [ -100.577755347651177, 20.076183555181931 ], [ -100.578101975281811, 20.075685056294986 ], [ -100.57833050689824, 20.075063437109371 ], [ -100.578559766187396, 20.074524470928623 ], [ -100.578612795985151, 20.073904141666375 ], [ -100.578612795984043, 20.073904141540261 ], [ -100.578612795998666, 20.073904141369219 ], [ -100.578606961604166, 20.073242915544977 ], [ -100.578602950609834, 20.072788323012769 ], [ -100.578888152294311, 20.071959640236269 ], [ -100.579057083709429, 20.071214470689174 ], [ -100.579110840839078, 20.07067679449624 ], [ -100.579221636942748, 20.069973381617285 ], [ -100.579274663940041, 20.069353052127077 ], [ -100.579274663938918, 20.069353052000825 ], [ -100.579274663953584, 20.069353051829285 ], [ -100.579269193107166, 20.068733152498289 ], [ -100.579205225106222, 20.068113683274792 ], [ -100.579025357354155, 20.067619054027542 ], [ -100.578731413118888, 20.067455897581066 ], [ -100.57843929180973, 20.067499373832263 ], [ -100.576976497774382, 20.067468787956141 ], [ -100.576449658910207, 20.067431324986863 ], [ -100.575629606662005, 20.0673133519747 ], [ -100.574926913228765, 20.067235844418931 ], [ -100.574575566693426, 20.06719708957484 ], [ -100.574225310361271, 20.06728231420977 ], [ -100.574112675986413, 20.067779091886326 ], [ -100.574112675988459, 20.067779092117192 ], [ -100.57411267597324, 20.067779092184292 ], [ -100.574119943047108, 20.06860562659261 ], [ -100.574066532332623, 20.069184629051538 ], [ -100.573955713273861, 20.069888040264889 ], [ -100.573727533250278, 20.070550981517794 ], [ -100.573554944024494, 20.070882880414715 ], [ -100.573322402575059, 20.07104990054453 ], [ -100.573147996158198, 20.071175165460712 ], [ -100.572855502710581, 20.071177306286302 ], [ -100.572447100759646, 20.071304282867313 ], [ -100.572273056258595, 20.071470873729432 ], [ -100.572041601165267, 20.0717618725653 ], [ -100.571691333129706, 20.071847092903933 ], [ -100.571339976544493, 20.071808332277651 ], [ -100.570929395920956, 20.071687344897004 ], [ -100.570285907515228, 20.071692046133759 ], [ -100.569760503714576, 20.071819871247037 ], [ -100.569236909752377, 20.072154328878465 ], [ -100.569123170663858, 20.072527123980709 ], [ -100.568954552747385, 20.07331361396578 ], [ -100.568781950533733, 20.073645508972959 ], [ -100.568373538349306, 20.073772476745589 ], [ -100.568081763219354, 20.073857263627787 ], [ -100.567909158594432, 20.074189157924724 ], [ -100.567909158620608, 20.074189158146993 ], [ -100.567909158581656, 20.074189158221881 ], [ -100.567972362981436, 20.074725980303487 ], [ -100.568212516820765, 20.075426829589123 ], [ -100.568698286651909, 20.07732428580735 ], [ -100.569230932450523, 20.078147140866527 ], [ -100.569416944814733, 20.07934433585978 ], [ -100.569599698730585, 20.080169589477137 ], [ -100.570010663695868, 20.080331905179406 ], [ -100.570247935850915, 20.080702136131823 ], [ -100.570372918894378, 20.081610469408307 ], [ -100.570378721706902, 20.082271697197864 ], [ -100.570383436679691, 20.082808944586255 ], [ -100.570329648559792, 20.083346619542915 ], [ -100.569502990627768, 20.082484742058071 ], [ -100.569440500852139, 20.082030575229687 ], [ -100.569668712284923, 20.081367638137781 ], [ -100.56966871224094, 20.081367638006945 ], [ -100.569668712297812, 20.081367637841712 ], [ -100.569488493073408, 20.080831671841395 ], [ -100.568898397680982, 20.080257368472637 ], [ -100.568427121132117, 20.079888843051066 ], [ -100.568071402534727, 20.079354155593954 ], [ -100.568069592472469, 20.079147521621184 ], [ -100.567712067383596, 20.078406199182528 ], [ -100.567475528453969, 20.078118617722836 ], [ -100.566887982470035, 20.0778335940613 ], [ -100.566359662795833, 20.077630795851437 ], [ -100.565771036336798, 20.077221787658718 ], [ -100.565300859792401, 20.076977233250542 ], [ -100.564308868488226, 20.077273756496123 ], [ -100.563903690694119, 20.077772656692847 ], [ -100.563555207937782, 20.078064496460925 ], [ -100.563384032571832, 20.078561694682346 ], [ -100.563095131054027, 20.078977089195412 ], [ -100.56274736542079, 20.079351581402673 ], [ -100.562456658102931, 20.079560340534847 ], [ -100.56228187283098, 20.079644268900967 ], [ -100.561987560056906, 20.079439758221945 ], [ -100.561866952090924, 20.07902733853329 ], [ -100.561921850048734, 20.078613644918509 ], [ -100.561975666656693, 20.07807597029802 ], [ -100.56197566664359, 20.078075970256112 ], [ -100.561975666669071, 20.078075970001496 ], [ -100.561795117296313, 20.077498667033545 ], [ -100.561558950320091, 20.077252403737965 ], [ -100.56103027819907, 20.077008262038085 ], [ -100.560563348677988, 20.077135637032782 ], [ -100.559686189618759, 20.077183324725542 ], [ -100.559101176693503, 20.077187562799548 ], [ -100.558690948524841, 20.07710787432444 ], [ -100.558220781914997, 20.076863300303391 ], [ -100.557870133940128, 20.076907167425389 ], [ -100.557403201536388, 20.077034534213087 ], [ -100.55687884404594, 20.077286303864021 ], [ -100.556353049185248, 20.077372763936321 ], [ -100.55606018311461, 20.077333550681498 ], [ -100.555531518006006, 20.077089391969526 ], [ -100.555294643634255, 20.076760465483332 ], [ -100.555116629965156, 20.076472443299515 ], [ -100.554821973356866, 20.076226592526865 ], [ -100.554587252272654, 20.076145627307778 ], [ -100.554295463731023, 20.07623039217005 ], [ -100.553888822009114, 20.076563963036907 ], [ -100.553598464905122, 20.076814035170063 ], [ -100.553307748778636, 20.077022779787438 ], [ -100.553017389890371, 20.077272851069377 ], [ -100.552963542585005, 20.077810525015426 ], [ -100.552963542596643, 20.07781052507811 ], [ -100.552963542573224, 20.077810525312024 ], [ -100.553024908597848, 20.078140720357627 ], [ -100.553146209210993, 20.078635801947222 ], [ -100.553323147747349, 20.078799844875778 ], [ -100.553501161217298, 20.07908786883791 ], [ -100.553504384966161, 20.079459812336815 ], [ -100.553449106374686, 20.079832177846157 ], [ -100.553449106398674, 20.079832177901359 ], [ -100.553449106362876, 20.079832178142489 ], [ -100.553628196100718, 20.080244183067315 ], [ -100.55368813161229, 20.080409068990708 ], [ -100.553217961694997, 20.080164481948074 ], [ -100.551802809158488, 20.078893460006888 ], [ -100.55127414428847, 20.078649288496806 ], [ -100.550746553330839, 20.078529096694783 ], [ -100.55021967770017, 20.078491557552585 ], [ -100.549519438924349, 20.078703241561964 ], [ -100.548645119067899, 20.079081492562274 ], [ -100.548062950232634, 20.0794163120013 ], [ -100.547364843483948, 20.07987595106497 ], [ -100.546783738170305, 20.080334748236105 ], [ -100.546375287546795, 20.080461667349365 ], [ -100.546140919791583, 20.0804220182821 ], [ -100.545556959573858, 20.080550193963301 ], [ -100.544853500620803, 20.080389915290983 ], [ -100.544267404369464, 20.080270123265837 ], [ -100.544032325762785, 20.080147816831523 ], [ -100.543854327554442, 20.079859782291418 ], [ -100.543443741849501, 20.079738731088288 ], [ -100.542976431294889, 20.079824733723068 ], [ -100.542626481022936, 20.07995122583673 ], [ -100.542394246406417, 20.080159535413383 ], [ -100.542279017054327, 20.080367008325975 ], [ -100.542223711502018, 20.080739372143963 ], [ -100.542223711525168, 20.080739372209631 ], [ -100.542223711490919, 20.080739372440199 ], [ -100.54270346454291, 20.082099826301643 ], [ -100.543060174326584, 20.082758551802232 ], [ -100.544015804250876, 20.085024850999417 ], [ -100.544076799812956, 20.085313722655769 ], [ -100.544022921098133, 20.085851395359107 ], [ -100.544022921110084, 20.08585139542339 ], [ -100.544022921086906, 20.085851395654526 ], [ -100.544084272980427, 20.086181594547725 ], [ -100.544616514672555, 20.08683905861799 ], [ -100.545444138510049, 20.087825041355952 ], [ -100.545504425471975, 20.088031257581193 ], [ -100.543517721278519, 20.088334799019691 ], [ -100.543401776780641, 20.088459618315518 ], [ -100.543346472475193, 20.08883198216871 ], [ -100.543346472476983, 20.08883198237633 ], [ -100.543346472464009, 20.088831982463685 ], [ -100.543350741398058, 20.089327909208112 ], [ -100.543353943189331, 20.089699853976995 ], [ -100.543238709107086, 20.089907327651208 ], [ -100.543005038949914, 20.089950329794831 ], [ -100.542539475961647, 20.090242969375268 ], [ -100.54230829355744, 20.090575261333829 ], [ -100.542135972529167, 20.090948461868969 ], [ -100.542021446861668, 20.091238589397996 ], [ -100.541848769117379, 20.091570462472415 ], [ -100.54173530868654, 20.091984571599159 ], [ -100.541505188217471, 20.092440844466505 ], [ -100.5413321529211, 20.092731389899669 ], [ -100.541043167354076, 20.093146753227103 ], [ -100.540869420117119, 20.093354643778831 ], [ -100.540696382721521, 20.093645188702197 ], [ -100.540581852736722, 20.093935315513903 ], [ -100.540581852738967, 20.093935315774637 ], [ -100.540581852725694, 20.093935315808242 ], [ -100.540584338611822, 20.094224606348259 ], [ -100.540469097874393, 20.094432078568094 ], [ -100.540292508067751, 20.094309350569421 ], [ -100.540176556806841, 20.094434168120824 ], [ -100.540176556809243, 20.094434168400632 ], [ -100.540176556795828, 20.09443416841507 ], [ -100.540179042015211, 20.094723459263541 ], [ -100.540180817199001, 20.094930095293304 ], [ -100.53925035939325, 20.095598015271296 ], [ -100.538810302854699, 20.095456501100696 ], [ -100.538370247035999, 20.095314985778366 ], [ -100.538248307192134, 20.095080770588414 ], [ -100.538126367865289, 20.094846555543224 ], [ -100.53847678972329, 20.094761415684292 ], [ -100.538827211300315, 20.094676275117916 ], [ -100.539059541435506, 20.094468015523717 ], [ -100.539059541433119, 20.094468015241407 ], [ -100.539059541446434, 20.09446801522947 ], [ -100.539057790541605, 20.094261425893407 ], [ -100.538937949168243, 20.093931718075332 ], [ -100.538759238384173, 20.093561109742726 ], [ -100.538580178462226, 20.093149183276982 ], [ -100.538458939127025, 20.092654203428364 ], [ -100.538453689433084, 20.09203443510572 ], [ -100.538390970721409, 20.091539037731092 ], [ -100.53838712138382, 20.091084540894059 ], [ -100.538383972013875, 20.090712679827629 ], [ -100.538320904453229, 20.090175964407152 ], [ -100.538141500302913, 20.08972271911076 ], [ -100.538020965351194, 20.089310374334069 ], [ -100.537841563210549, 20.088857128568762 ], [ -100.537722078971399, 20.088568737213823 ], [ -100.537544426928349, 20.088322080620816 ], [ -100.537075234729684, 20.088201461779033 ], [ -100.536722729488147, 20.088038690399888 ], [ -100.536253189312177, 20.087876751322082 ], [ -100.536134756587884, 20.087712312485383 ], [ -100.536073095565769, 20.087340867334973 ], [ -100.536012133345423, 20.087052058048592 ], [ -100.536008990358638, 20.086680196403755 ], [ -100.535944885890686, 20.086019525366389 ], [ -100.535822963566531, 20.085441906546809 ], [ -100.535877290655719, 20.084945674808104 ], [ -100.535877290640798, 20.084945674747132 ], [ -100.535877290666463, 20.084945674512593 ], [ -100.535756067894738, 20.084450691394167 ], [ -100.535633449760994, 20.08379043618919 ], [ -100.535629610206712, 20.083335938635823 ], [ -100.535801318675254, 20.082880192205145 ], [ -100.535801318635549, 20.082880192043071 ], [ -100.535801318685955, 20.082880191909279 ], [ -100.535740708341308, 20.082632700228388 ], [ -100.535327258723584, 20.082181115297317 ], [ -100.534972327066356, 20.081729113295093 ], [ -100.534621233641161, 20.08173160855705 ], [ -100.53397860793811, 20.081860135461124 ], [ -100.533335981023086, 20.081988660092286 ], [ -100.53269195990589, 20.081951910264667 ], [ -100.532399729505087, 20.081995303999459 ], [ -100.532107498908857, 20.08203869726081 ], [ -100.531403570153259, 20.081837085428663 ], [ -100.53122663161021, 20.081673057304382 ], [ -100.530756420010107, 20.081428465711806 ], [ -100.5304627992044, 20.081306583848097 ], [ -100.530053537992458, 20.081350802488572 ], [ -100.529731702400298, 20.081353080824513 ], [ -100.529409866756069, 20.081355358574335 ], [ -100.528882184798803, 20.08123513016918 ], [ -100.528472228810941, 20.081196708900688 ], [ -100.527828557737323, 20.081201259182205 ], [ -100.527185233242207, 20.08124712527416 ], [ -100.526425570118832, 20.081376451607692 ], [ -100.525666251913009, 20.081547092933789 ], [ -100.525374712113177, 20.08167311149143 ], [ -100.524966486319684, 20.081841273072182 ], [ -100.524558259599118, 20.082009433762398 ], [ -100.524032307943259, 20.082095781821486 ], [ -100.523681557828326, 20.082139573604728 ], [ -100.523678790757828, 20.081809028121164 ], [ -100.523907665311143, 20.081187605976552 ], [ -100.52413688420225, 20.080607501793192 ], [ -100.524368177691429, 20.080275306667627 ], [ -100.524598778072544, 20.079860474869225 ], [ -100.524770516190273, 20.079404737129806 ], [ -100.525001806702292, 20.079072541331758 ], [ -100.525115720638084, 20.078699852309256 ], [ -100.525115720594357, 20.078699852188905 ], [ -100.525115720648174, 20.07869985201285 ], [ -100.5249959219841, 20.078370131492054 ], [ -100.524874047200129, 20.077792501558381 ], [ -100.524869201783005, 20.077214046527121 ], [ -100.524863664396207, 20.076552955015075 ], [ -100.524682932284449, 20.075934419020083 ], [ -100.524739023723853, 20.075644779234302 ], [ -100.524739023685299, 20.07564477918838 ], [ -100.524739023733886, 20.075644778937445 ], [ -100.524325277650334, 20.075151846408492 ], [ -100.523793816200879, 20.074577100376032 ], [ -100.523204882424025, 20.074126719108097 ], [ -100.522968411474494, 20.073839138483038 ], [ -100.522674119427393, 20.073634605702104 ], [ -100.522318897902082, 20.07314125593803 ], [ -100.522258313254724, 20.072893757742591 ], [ -100.522021500703119, 20.072564857285489 ], [ -100.521728938121583, 20.072566914162014 ], [ -100.521378553131086, 20.07265201838587 ], [ -100.521263253278136, 20.072859432308427 ], [ -100.521031272690692, 20.073108986734763 ], [ -100.520856769333406, 20.073234174912688 ], [ -100.519686168510944, 20.07320107378499 ], [ -100.519449360567364, 20.072872169571419 ], [ -100.518394754568874, 20.072714283414761 ], [ -100.517981723972895, 20.072303970820148 ], [ -100.517569039603657, 20.071934975482861 ], [ -100.517216933261722, 20.07181347957496 ], [ -100.516865171299003, 20.071733301323484 ], [ -100.516745739684097, 20.071444891891026 ], [ -100.516449397097162, 20.070992437438932 ], [ -100.516153056269289, 20.070539982357072 ], [ -100.515682556073415, 20.070254028225275 ], [ -100.515270225834755, 20.069926345171332 ], [ -100.514857897289644, 20.069598661032117 ], [ -100.514388088489596, 20.069395339992962 ], [ -100.514124786544727, 20.069397179485865 ], [ -100.513861484565297, 20.069399018586509 ], [ -100.513275340260819, 20.069279148651116 ], [ -100.51280690523312, 20.069241097136331 ], [ -100.512279958819065, 20.069203452491017 ], [ -100.512047282977548, 20.069370358793844 ], [ -100.511873118293593, 20.069536856838127 ], [ -100.511639756578774, 20.069621125651789 ], [ -100.511057378079627, 20.069955751943219 ], [ -100.510824357510529, 20.070081338259836 ], [ -100.510592020968105, 20.070289561331723 ], [ -100.510300145351209, 20.070374236060555 ], [ -100.51023992279525, 20.070168051012374 ], [ -100.510352498842906, 20.069630095393887 ], [ -100.510352498840888, 20.069630095150053 ], [ -100.510352498852157, 20.069630095096226 ], [ -100.510349419714231, 20.069258228339375 ], [ -100.5098748290754, 20.068476435290503 ], [ -100.509463540447058, 20.068272693188241 ], [ -100.508936255634694, 20.068193719742709 ], [ -100.508408288062199, 20.068032107545388 ], [ -100.508055171919196, 20.067786636566559 ], [ -100.50799392908074, 20.067456494815829 ], [ -100.508051757055611, 20.067373451060668 ], [ -100.508109585022154, 20.067290407216632 ], [ -100.508340896297199, 20.066958231682879 ], [ -100.508864759937424, 20.066624021515487 ], [ -100.509097435607245, 20.066457119399338 ], [ -100.510038313541699, 20.066650009284928 ], [ -100.510497926203982, 20.065992841928576 ], [ -100.51097148475337, 20.066650678209097 ], [ -100.511768812241868, 20.067170130806591 ], [ -100.511912791564086, 20.067263931426165 ], [ -100.512704743601049, 20.067506333310519 ], [ -100.513496697843252, 20.067748731480386 ], [ -100.515139810744159, 20.068315744532303 ], [ -100.516312438450342, 20.068596788747506 ], [ -100.516621695520271, 20.06878774788845 ], [ -100.517371142886219, 20.069250510106617 ], [ -100.518078097763734, 20.069824048416468 ], [ -100.51878540208709, 20.070438901892388 ], [ -100.519610425103366, 20.071135567690483 ], [ -100.520374529473287, 20.071543411677833 ], [ -100.521138292628635, 20.071909933771092 ], [ -100.522661165978533, 20.072085170500532 ], [ -100.522954245768332, 20.0721450895551 ], [ -100.523541097199157, 20.072347562692471 ], [ -100.524244974911568, 20.072549209496287 ], [ -100.525066225293045, 20.072791346773524 ], [ -100.525420415684309, 20.073160735844098 ], [ -100.526125684335014, 20.073527647592673 ], [ -100.526830956126005, 20.073894556296011 ], [ -100.52759509079651, 20.074302366832786 ], [ -100.528588770165797, 20.074171383318532 ], [ -100.528123442240442, 20.074505236792483 ], [ -100.527890777271907, 20.074672163294231 ], [ -100.527601679168257, 20.075087411913074 ], [ -100.527601679170601, 20.07508741219198 ], [ -100.527601679158025, 20.075087412210028 ], [ -100.527604800083267, 20.075459275784674 ], [ -100.52760757430508, 20.075789821170829 ], [ -100.527668862270048, 20.07611995317404 ], [ -100.52784648442406, 20.076366621942203 ], [ -100.528082621001971, 20.076612876969733 ], [ -100.528436480238057, 20.076940940665004 ], [ -100.52879068806898, 20.077310321686337 ], [ -100.529084647316537, 20.07747352509065 ], [ -100.529555886400402, 20.077842076558635 ], [ -100.529968613265979, 20.07821104081226 ], [ -100.530495937927398, 20.078289948509713 ], [ -100.53079024830781, 20.078494466922258 ], [ -100.531318617604015, 20.078697326339903 ], [ -100.531731698614522, 20.079107604101125 ], [ -100.532259722954819, 20.079269142406705 ], [ -100.532903036588593, 20.07922325843403 ], [ -100.533663030547203, 20.079135223259403 ], [ -100.534538657924116, 20.078881081350563 ], [ -100.534887303747894, 20.078589360528138 ], [ -100.535235599436305, 20.078256321076942 ], [ -100.536288506900803, 20.078207513055563 ], [ -100.536580379627708, 20.078122795404038 ], [ -100.536869807231611, 20.077748851388773 ], [ -100.53879937050128, 20.077569825620269 ], [ -100.539735942977643, 20.077604467438885 ], [ -100.541258355150887, 20.07771756185522 ], [ -100.542895691388793, 20.077581898877526 ], [ -100.544531969946291, 20.077322267374168 ], [ -100.546575022497009, 20.076729141429166 ], [ -100.547274367516053, 20.076393561807489 ], [ -100.549315985748507, 20.075635134514009 ], [ -100.551004037125196, 20.074589987575088 ], [ -100.55274987084151, 20.073461768841145 ], [ -100.553158394638416, 20.073334863927123 ], [ -100.553859123588495, 20.073164530750901 ], [ -100.554563034916356, 20.073366053894823 ], [ -100.555265885918075, 20.073443621153046 ], [ -100.556028311896441, 20.073644715777359 ], [ -100.556849251642205, 20.073845383995696 ], [ -100.557492529480513, 20.073799412326625 ], [ -100.558078358958667, 20.073877814530626 ], [ -100.560950422818692, 20.074435490321765 ], [ -100.561243339129391, 20.074474685796645 ], [ -100.561710724977928, 20.074388654444697 ], [ -100.562119242364915, 20.074261729130104 ], [ -100.562352578876641, 20.074177394970246 ], [ -100.562761095101152, 20.074050468238479 ], [ -100.562994430901867, 20.073966133272101 ], [ -100.563402589846476, 20.07379788763097 ], [ -100.563928127662606, 20.073670107964571 ], [ -100.564512532645125, 20.073583218750102 ], [ -100.565859372458874, 20.073697378963981 ], [ -100.566150146999703, 20.073488661669764 ], [ -100.566499432328555, 20.07327951778063 ], [ -100.566556159251903, 20.073072504429469 ], [ -100.566556159210492, 20.073072504329552 ], [ -100.56655615926455, 20.07307250413222 ], [ -100.566436638022054, 20.07278413440411 ], [ -100.566083428881029, 20.072538786217908 ], [ -100.565612841693806, 20.072252971536237 ], [ -100.56525820871488, 20.071842351662973 ], [ -100.56466882108117, 20.071350798215057 ], [ -100.564195033534446, 20.070693121903485 ], [ -100.563545006564894, 20.069954084424062 ], [ -100.562304548197503, 20.06859952885091 ], [ -100.561716248571699, 20.068231916604134 ], [ -100.560658097529867, 20.067661107788545 ], [ -100.560128669643646, 20.067334383212565 ], [ -100.559950655527757, 20.067046431740081 ], [ -100.559471577197399, 20.065768976217665 ], [ -100.558754926286966, 20.064080036153921 ], [ -100.558693580565432, 20.063749918484614 ], [ -100.558340403604603, 20.063504552420891 ], [ -100.557694687250702, 20.063261300861608 ], [ -100.557049681178995, 20.063100682135143 ], [ -100.556464246464557, 20.063063591411886 ], [ -100.555938381727316, 20.063150029379695 ], [ -100.55547137826116, 20.063277361251846 ], [ -100.554887003844172, 20.063364218437691 ], [ -100.554595877097938, 20.063531599456219 ], [ -100.554303335662127, 20.063533709166485 ], [ -100.554243413469663, 20.06336886037457 ], [ -100.554417170401464, 20.063161006198378 ], [ -100.554650495803841, 20.063076682930333 ], [ -100.554824959226579, 20.062951463723262 ], [ -100.555056869303016, 20.062701869126144 ], [ -100.555170701783013, 20.062329165497875 ], [ -100.555170701780838, 20.062329165245195 ], [ -100.555170701794893, 20.062329165199202 ], [ -100.555168225840177, 20.062039941253669 ], [ -100.5548728582569, 20.061711510018839 ], [ -100.554460476940918, 20.061383922021395 ], [ -100.554165465494293, 20.061096807131776 ], [ -100.553753440533612, 20.060810534997483 ], [ -100.553458784660549, 20.060564736500041 ], [ -100.553282203479029, 20.060442047783994 ], [ -100.553104563251253, 20.060195405691015 ], [ -100.553161657713758, 20.060029713459738 ], [ -100.553280084429474, 20.06019414157252 ], [ -100.553514819205063, 20.060275091020983 ], [ -100.553807708017885, 20.060314300757415 ], [ -100.55415910405813, 20.060353088240245 ], [ -100.55445234657968, 20.060433614616521 ], [ -100.554746650053772, 20.060638093652127 ], [ -100.554925707807882, 20.061050004832026 ], [ -100.555279581620042, 20.061378013922749 ], [ -100.55569125681231, 20.061622964498849 ], [ -100.556278102116025, 20.061825328905073 ], [ -100.556745454670363, 20.061739312886743 ], [ -100.557213160858169, 20.061694613334272 ], [ -100.557914896679279, 20.061648220544186 ], [ -100.558734356051119, 20.061683613686785 ], [ -100.559027957577001, 20.061805449770887 ], [ -100.560034654747312, 20.063203047679924 ], [ -100.560272237482565, 20.063614528411428 ], [ -100.560743854717742, 20.064024312725845 ], [ -100.560979664248975, 20.064229204342901 ], [ -100.5612140530381, 20.064268825283566 ], [ -100.561447020338335, 20.064143175604851 ], [ -100.561854445561565, 20.063892299806589 ], [ -100.562201939016646, 20.063476577415397 ], [ -100.562548719354211, 20.062978219325284 ], [ -100.563070664774102, 20.062437268898332 ], [ -100.563360356141828, 20.062104604435987 ], [ -100.56365253776309, 20.062061162368359 ], [ -100.564061022053437, 20.061934234624083 ], [ -100.564588301204495, 20.062013043129046 ], [ -100.565232239346429, 20.062049681599504 ], [ -100.565934328526211, 20.062044574506 ], [ -100.566403814428725, 20.062206438181555 ], [ -100.566637130867534, 20.062122099592976 ], [ -100.56692859764614, 20.061996017206845 ], [ -100.56704668283767, 20.062119117525935 ], [ -100.567281783132302, 20.06224136547436 ], [ -100.567691692275829, 20.062279699355379 ], [ -100.568042737003509, 20.062277141238035 ], [ -100.568157252146804, 20.061987066199578 ], [ -100.568157252144545, 20.061987065938805 ], [ -100.568157252159551, 20.061987065900801 ], [ -100.56815403826478, 20.061615208800749 ], [ -100.568151895715474, 20.061367304328282 ], [ -100.568324559972439, 20.061035485356239 ], [ -100.568498652224932, 20.060868936037526 ], [ -100.568615666050775, 20.060868082944765 ], [ -100.568672029690603, 20.060619751667208 ], [ -100.568672029688571, 20.060619751433475 ], [ -100.568672029703379, 20.06061975136825 ], [ -100.568669886468854, 20.060371846658807 ], [ -100.568608522274644, 20.060041733587735 ], [ -100.568490437732223, 20.059918634380324 ], [ -100.568548229847636, 20.059835573137285 ], [ -100.568724106635955, 20.059875610950261 ], [ -100.568958847319436, 20.059956539384682 ], [ -100.569134009688099, 20.059913941882233 ], [ -100.56930774252136, 20.059706074442808 ], [ -100.5695399812831, 20.059497780030473 ], [ -100.569654849400976, 20.059249021691219 ], [ -100.56965484939866, 20.059249021424794 ], [ -100.569654849413809, 20.059249021391977 ], [ -100.569652704818111, 20.059001117031485 ], [ -100.569767929889707, 20.058793676107179 ], [ -100.569826078528806, 20.058751931764803 ], [ -100.570061175486074, 20.058874176250931 ], [ -100.570236693874762, 20.058872895179615 ], [ -100.570410781751477, 20.058706344232341 ], [ -100.570585226925346, 20.058581110558201 ], [ -100.570818535497423, 20.058496766922314 ], [ -100.571052559369008, 20.058495057823276 ], [ -100.571286583212256, 20.058493348414661 ], [ -100.571461385293105, 20.058409431342017 ], [ -100.571461385290561, 20.058409431050141 ], [ -100.57146138530608, 20.058409431042698 ], [ -100.571459237983092, 20.058161526832411 ], [ -100.571515596415892, 20.05791319500501 ], [ -100.571572312617874, 20.05770618050677 ], [ -100.571688965995364, 20.057664008130722 ], [ -100.571865198864955, 20.057745360337254 ], [ -100.571983642246508, 20.057909774767541 ], [ -100.572159159403711, 20.05790849185923 ], [ -100.572333960330852, 20.057824573992484 ], [ -100.572451329825469, 20.057865035901845 ], [ -100.572570848408972, 20.058153402049303 ], [ -100.57257371384334, 20.05848394113195 ], [ -100.572575862961145, 20.058731845435535 ], [ -100.572869826060852, 20.058894975584849 ], [ -100.57316378974447, 20.059058105201427 ], [ -100.573632914029247, 20.059178632454955 ], [ -100.574336422306033, 20.059338762233352 ], [ -100.5750388552636, 20.059374937116395 ], [ -100.575271803247631, 20.059249270359658 ], [ -100.575503673955637, 20.058999651345818 ], [ -100.575939057939124, 20.05860392029615 ], [ -100.576374439732177, 20.058208188303258 ], [ -100.57672080362002, 20.05766848857543 ], [ -100.577069680558282, 20.057418009409886 ], [ -100.577828812459643, 20.057247158012327 ], [ -100.578708190797101, 20.057447299305682 ], [ -100.579178393005606, 20.057691763672036 ], [ -100.579768848165827, 20.058307221558675 ], [ -100.580124203984496, 20.058800446879662 ], [ -100.580301882750604, 20.059047059205984 ], [ -100.580477040218184, 20.059004450726711 ], [ -100.580477040215612, 20.059004450431505 ], [ -100.580477040231798, 20.059004450427569 ], [ -100.58047523892651, 20.058797864290984 ], [ -100.580473437646376, 20.058591278149347 ], [ -100.58035210356131, 20.058096332190786 ], [ -100.580232211029227, 20.057766655021972 ], [ -100.580051292918625, 20.057148187300104 ], [ -100.579812591474379, 20.056612783931364 ], [ -100.579103694021285, 20.055832916460016 ], [ -100.578511452958992, 20.055010868968033 ], [ -100.57762885381247, 20.05443886998221 ], [ -100.57674662006346, 20.053908183445547 ], [ -100.575865827788846, 20.053542761447673 ], [ -100.574984321933229, 20.053094700046408 ], [ -100.574158098365288, 20.052274349269275 ], [ -100.573218458848046, 20.051868023762591 ], [ -100.572513195168241, 20.051501300001849 ], [ -100.571926730320371, 20.051340305546393 ], [ -100.571398054350581, 20.051096246941395 ], [ -100.570868307220493, 20.05072823427756 ], [ -100.570456283345095, 20.050442000983232 ], [ -100.570220484399641, 20.050237121151628 ], [ -100.569693957984342, 20.050240961867697 ], [ -100.569285508769923, 20.050367900469006 ], [ -100.568760766734925, 20.050578325912518 ], [ -100.56841117583032, 20.050746153726806 ], [ -100.56806372518075, 20.051161885940871 ], [ -100.567775132999799, 20.051618509038434 ], [ -100.567309601500284, 20.051911139518737 ], [ -100.566843711677393, 20.052162451352956 ], [ -100.566085301090084, 20.052415889888692 ], [ -100.565149951511415, 20.052505330833156 ], [ -100.563804361185419, 20.05251510558784 ], [ -100.563101602542773, 20.052437566201949 ], [ -100.562046754902468, 20.052238616557464 ], [ -100.561166710895677, 20.051955753599373 ], [ -100.560520329788417, 20.05162987390489 ], [ -100.559755525327816, 20.051139567817348 ], [ -100.559108795727028, 20.050772364832866 ], [ -100.55863828767238, 20.050486525725507 ], [ -100.557641606092361, 20.050245807778019 ], [ -100.557055157487994, 20.050084762626501 ], [ -100.556586423947167, 20.050005506327953 ], [ -100.556233636024388, 20.049801451166232 ], [ -100.5559368766353, 20.049307748896261 ], [ -100.555463903785892, 20.048732676288385 ], [ -100.555167855777626, 20.04832160791759 ], [ -100.554871809354054, 20.047910538930161 ], [ -100.554398844738401, 20.047335462849222 ], [ -100.55375002455439, 20.046720331596312 ], [ -100.554099271323864, 20.046511214583418 ], [ -100.554214156605624, 20.046262464937307 ], [ -100.554329394686405, 20.046055033031649 ], [ -100.554329394684046, 20.046055032756087 ], [ -100.5543293946982, 20.046055032730628 ], [ -100.55432727588942, 20.045807126119389 ], [ -100.554381539899467, 20.045310891176463 ], [ -100.554439688284589, 20.045269151895329 ], [ -100.554917945691798, 20.046463995187491 ], [ -100.555315331424012, 20.046990857685017 ], [ -100.555568890091877, 20.047327028729214 ], [ -100.55609788569447, 20.04761245501458 ], [ -100.556626529352258, 20.047856561836017 ], [ -100.556980374819162, 20.048184569722313 ], [ -100.557392724395541, 20.048512154253434 ], [ -100.557804013343713, 20.048715784543859 ], [ -100.55838974881496, 20.048794192109742 ], [ -100.559386776416076, 20.049076224096101 ], [ -100.560324594771302, 20.049276038427408 ], [ -100.560969190773932, 20.049395331325965 ], [ -100.561907012432258, 20.049595136994022 ], [ -100.562610468849059, 20.049755317277622 ], [ -100.563313926496704, 20.049915494663317 ], [ -100.563900023567101, 20.050035201073179 ], [ -100.564485053739276, 20.050030952733486 ], [ -100.565129298826406, 20.050108912464118 ], [ -100.565711835525974, 20.049815437130913 ], [ -100.566058933739512, 20.049358391709177 ], [ -100.566464888902246, 20.048942237717984 ], [ -100.566636832380979, 20.048527785494944 ], [ -100.566925066536385, 20.048029846716684 ], [ -100.567094868904817, 20.047367488895176 ], [ -100.56738238657573, 20.04678691446491 ], [ -100.567551829448064, 20.046083238791855 ], [ -100.567780128870425, 20.045420454647033 ], [ -100.567891067985471, 20.044717204640545 ], [ -100.568063360537664, 20.044344068936741 ], [ -100.568405802775274, 20.04334989192807 ], [ -100.56863659310558, 20.042976329728805 ], [ -100.568809595952246, 20.042685828536715 ], [ -100.568862029518883, 20.041983004299617 ], [ -100.568915533403, 20.041404132632145 ], [ -100.568915533399803, 20.04140413250305 ], [ -100.568915533415762, 20.041404132330477 ], [ -100.568890139586813, 20.040374149442457 ], [ -100.569028250266243, 20.040907469814371 ], [ -100.569033246548869, 20.041485915294352 ], [ -100.569156313679684, 20.042187460799905 ], [ -100.569219454050952, 20.042724162330689 ], [ -100.569251024448249, 20.042992513065101 ], [ -100.569282594986717, 20.043260863778855 ], [ -100.569170948724988, 20.043881479248657 ], [ -100.569234090255236, 20.04441818062649 ], [ -100.569181658357792, 20.045121004730788 ], [ -100.569244800736129, 20.045657705996753 ], [ -100.569424232406945, 20.046110919271896 ], [ -100.569720668355373, 20.046563279158516 ], [ -100.570425546089311, 20.046888698694403 ], [ -100.571011277852364, 20.046967064484377 ], [ -100.571656584840611, 20.047168953440877 ], [ -100.572009026469175, 20.047331659490705 ], [ -100.572244822933072, 20.04753653713643 ], [ -100.572657199729733, 20.047864084075449 ], [ -100.573127364103598, 20.048108567347722 ], [ -100.573539744160598, 20.048436111983939 ], [ -100.574009194809776, 20.04859795788272 ], [ -100.574242845254247, 20.048554928146096 ], [ -100.57459493386574, 20.048676311237095 ], [ -100.575239892936352, 20.048836868918048 ], [ -100.575825274368157, 20.048873900725816 ], [ -100.576177005771925, 20.048953963172508 ], [ -100.576238379547533, 20.049284073240504 ], [ -100.576299753630309, 20.049614183257972 ], [ -100.576536635959442, 20.049943006565375 ], [ -100.57677244200211, 20.050147877455188 ], [ -100.577183756992824, 20.05035146065217 ], [ -100.577477708014356, 20.050514584013992 ], [ -100.577771659619401, 20.050677706843178 ], [ -100.578123395807481, 20.050757765063409 ], [ -100.578475491862832, 20.050879139863021 ], [ -100.578826509452142, 20.050876562032663 ], [ -100.57905944200651, 20.050750891213703 ], [ -100.579410459213662, 20.050748312243311 ], [ -100.579704053145079, 20.050870114409854 ], [ -100.580055790459383, 20.050950168687578 ], [ -100.580463870528661, 20.050781888419127 ], [ -100.580637938567435, 20.05061532857561 ], [ -100.580810565597318, 20.050283499540875 ], [ -100.580805883622503, 20.049746375133537 ], [ -100.580686718043168, 20.049499332143284 ], [ -100.580450908346094, 20.049294466738591 ], [ -100.580156597030935, 20.049090031074915 ], [ -100.579978930867824, 20.048843417563919 ], [ -100.580153717374955, 20.048759492834634 ], [ -100.580445507821352, 20.048674707628781 ], [ -100.5807957999465, 20.04858949168035 ], [ -100.580910282981648, 20.048299410188388 ], [ -100.580790758404191, 20.048011049895187 ], [ -100.58061309264032, 20.047764436977587 ], [ -100.580552430718313, 20.047516963508802 ], [ -100.580550270557168, 20.047269059832686 ], [ -100.580545590332235, 20.046731935176474 ], [ -100.580600131448676, 20.046277014897743 ], [ -100.580656472457321, 20.046028681021525 ], [ -100.580479169331127, 20.045823385039135 ], [ -100.580418508591478, 20.045575911407614 ], [ -100.580476289576509, 20.04549284672818 ], [ -100.580414549180091, 20.045121421200985 ], [ -100.580238327133031, 20.045040076755978 ], [ -100.580236167792705, 20.044792172973654 ], [ -100.580585731653272, 20.044624323395155 ], [ -100.580760513290272, 20.044540398364344 ], [ -100.580874994017819, 20.044250316961186 ], [ -100.580697332805372, 20.044003703750544 ], [ -100.580636672644204, 20.043756230120774 ], [ -100.580810373290234, 20.043548353222935 ], [ -100.580867793375347, 20.043423971169634 ], [ -100.580983353387381, 20.043257841600841 ], [ -100.58098191320093, 20.043092572438916 ], [ -100.580922333133458, 20.042969050767564 ], [ -100.580862393157503, 20.04280421177361 ], [ -100.580744313469864, 20.042681120180379 ], [ -100.580626233967607, 20.04255802849411 ], [ -100.580449654897109, 20.042435366747423 ], [ -100.580332655384396, 20.042436226754283 ], [ -100.580098296538978, 20.042396629224445 ], [ -100.580097576944681, 20.04231399460102 ], [ -100.580213496904278, 20.042189182826114 ], [ -100.580329416682304, 20.042064370985784 ], [ -100.580503475955339, 20.041897811755838 ], [ -100.580559816076132, 20.041649477887336 ], [ -100.580614716409428, 20.041235874780721 ], [ -100.580611477281664, 20.040864019012091 ], [ -100.580724876373523, 20.040449985827173 ], [ -100.58072127723301, 20.04003681273506 ], [ -100.580718038092598, 20.039664956935148 ], [ -100.580658099839724, 20.039500117713622 ], [ -100.580773297616389, 20.039292671077465 ], [ -100.581006571997193, 20.039208316100989 ], [ -100.581238766039959, 20.039000008919366 ], [ -100.581295464328534, 20.038792992190878 ], [ -100.581234085845921, 20.038462883939744 ], [ -100.581348202086758, 20.038131485087902 ], [ -100.581345321871638, 20.037800946627879 ], [ -100.581637811918327, 20.037798795370236 ], [ -100.581874685239285, 20.038127612393318 ], [ -100.582052340895558, 20.038374224900846 ], [ -100.582404411042717, 20.038495593698617 ], [ -100.582754679648289, 20.038410375371182 ], [ -100.582928732446462, 20.038243814132453 ], [ -100.582987230579349, 20.038243383385016 ], [ -100.583106389813025, 20.038490425457798 ], [ -100.583050775490406, 20.038821394416622 ], [ -100.58302314850485, 20.03900753752583 ], [ -100.58299552147048, 20.039193680631186 ], [ -100.582939546299372, 20.039483332293383 ], [ -100.582885012844429, 20.039938253016221 ], [ -100.582887175698517, 20.04018615662061 ], [ -100.582890780535891, 20.040599329278781 ], [ -100.582834804867119, 20.040888980910196 ], [ -100.582779549978454, 20.041261267056839 ], [ -100.582839851693279, 20.041467422594643 ], [ -100.582843817195126, 20.041921912462286 ], [ -100.582905921952602, 20.042334654225424 ], [ -100.582968027114731, 20.042747395926217 ], [ -100.583088272035496, 20.043118389411632 ], [ -100.583616575052645, 20.043321096608153 ], [ -100.583621986246968, 20.043940855153373 ], [ -100.583743316177134, 20.044435799671856 ], [ -100.583688423634911, 20.044849403127323 ], [ -100.583690949198754, 20.045138623727691 ], [ -100.583694557232732, 20.045551795996907 ], [ -100.583755944672504, 20.045881902605306 ], [ -100.583819136708044, 20.046418595262818 ], [ -100.583997527389442, 20.046747839187116 ], [ -100.584175196919276, 20.046994448450203 ], [ -100.584528371289963, 20.047239763101903 ], [ -100.584823045231246, 20.047485508572336 ], [ -100.585058857281467, 20.047690367983268 ], [ -100.585176221667282, 20.047730821773985 ], [ -100.585471620165535, 20.048059200379679 ], [ -100.585765574262112, 20.048222309707896 ], [ -100.585766297082685, 20.048304944052724 ], [ -100.585415286365631, 20.04830753527273 ], [ -100.58518164044402, 20.048350579549613 ], [ -100.584889492535126, 20.048394055175908 ], [ -100.584479257472239, 20.048314441788747 ], [ -100.584244167141108, 20.048192216036608 ], [ -100.583894239181575, 20.04831875584685 ], [ -100.583838263713176, 20.048608407613305 ], [ -100.583782648984098, 20.048939376575323 ], [ -100.583785897182153, 20.049311231443216 ], [ -100.583554414337655, 20.049602176954696 ], [ -100.583438492184925, 20.049726991009173 ], [ -100.583441378886988, 20.050057528695348 ], [ -100.583618690814177, 20.050262821030138 ], [ -100.583913369454521, 20.050508567650493 ], [ -100.584382834985689, 20.050670384825604 ], [ -100.58473421232118, 20.050709112481453 ], [ -100.585086312353425, 20.050830473775086 ], [ -100.58543841288116, 20.050951834328973 ], [ -100.58572984233426, 20.050825723175215 ], [ -100.586081943248814, 20.050947082414325 ], [ -100.58614189227751, 20.051111918914479 ], [ -100.586144423304191, 20.051401138971702 ], [ -100.586088089784894, 20.051649473998054 ], [ -100.586091343951537, 20.052021328342629 ], [ -100.586211604768963, 20.052392318354165 ], [ -100.586449958112183, 20.052886395151365 ], [ -100.586628724160079, 20.053256952454547 ], [ -100.586806043901618, 20.053462240996023 ], [ -100.587042229708473, 20.053708413970984 ], [ -100.587219912424672, 20.053955019133848 ], [ -100.587633421540559, 20.054406478994121 ], [ -100.587928114152788, 20.054652217861971 ], [ -100.587871782711247, 20.054900553257561 ], [ -100.587756584776969, 20.055108004307233 ], [ -100.58752401587283, 20.055275003602276 ], [ -100.587584330403487, 20.055481156425241 ], [ -100.587879025079701, 20.055726895215376 ], [ -100.588348147555706, 20.055847383350692 ], [ -100.588991696986483, 20.055842619495355 ], [ -100.589867088149845, 20.055588217216396 ], [ -100.590099292073859, 20.055379897926432 ], [ -100.590560432788621, 20.054591405117396 ], [ -100.590790457211753, 20.054135182785224 ], [ -100.59084605808043, 20.053804212676962 ], [ -100.591076443587838, 20.05338930711137 ], [ -100.591367509196402, 20.053221869655321 ], [ -100.591715988323159, 20.052930046654684 ], [ -100.592181835753891, 20.052678671790432 ], [ -100.592589178520356, 20.052427730090486 ], [ -100.593055749773356, 20.052258987125196 ], [ -100.593407131493933, 20.052297697145764 ], [ -100.593875519433624, 20.052335537070366 ], [ -100.59440241055195, 20.052372940860401 ], [ -100.594930757408704, 20.052575610946562 ], [ -100.595282868011665, 20.052696951084865 ], [ -100.595751985461078, 20.052817419831662 ], [ -100.596162600332548, 20.052938322776434 ], [ -100.596690586620468, 20.053099670371385 ], [ -100.597161528600822, 20.05342671983523 ], [ -100.597397000306572, 20.053590244042137 ], [ -100.597515830156638, 20.053795956755959 ], [ -100.597459878839857, 20.054085611097836 ], [ -100.59734615280513, 20.054458335176236 ], [ -100.597173922415237, 20.054831495079 ], [ -100.597118699308581, 20.055203783178037 ], [ -100.597122344710272, 20.055616952317134 ], [ -100.597126354769543, 20.056071438347175 ], [ -100.59742361676733, 20.056606378442769 ], [ -100.597370217167025, 20.057185251056076 ], [ -100.597433462584476, 20.057721934732655 ], [ -100.597671129746601, 20.058133359389977 ], [ -100.598133697512992, 20.057510116619881 ], [ -100.598246693552611, 20.057054758367862 ], [ -100.598534472661783, 20.056515457307516 ], [ -100.598531918142513, 20.056226239138354 ], [ -100.599579153194284, 20.055557311884087 ], [ -100.599868386251416, 20.055183276505215 ], [ -100.600214660416924, 20.054643536446882 ], [ -100.600619070391133, 20.054062042011246 ], [ -100.601024208516762, 20.053563180506647 ], [ -100.601198256157872, 20.053396601728082 ], [ -100.601546715985236, 20.053104760559357 ], [ -100.601661528169714, 20.052855984973291 ], [ -100.60160009992947, 20.05252588756726 ], [ -100.60177378016958, 20.052317991487016 ], [ -100.60224326592342, 20.052479759571721 ], [ -100.602653883716812, 20.052600647158041 ], [ -100.603240743029488, 20.052802853980335 ], [ -100.603769100699154, 20.053005496758505 ], [ -100.604237857488258, 20.053084625685088 ], [ -100.604529639785852, 20.052999801090973 ], [ -100.604703682885983, 20.052833219145239 ], [ -100.604995097878628, 20.052707077059377 ], [ -100.605288345458632, 20.052787518341045 ], [ -100.605698232405018, 20.052825765124137 ], [ -100.605874841413055, 20.052948399380966 ], [ -100.606172125250481, 20.053483323314833 ], [ -100.606467943389802, 20.053852979642819 ], [ -100.607179528197548, 20.054921945910326 ], [ -100.607477187773981, 20.055498183682907 ], [ -100.607597501036295, 20.05586915538931 ], [ -100.607600072108568, 20.056158372301827 ], [ -100.607603745155956, 20.056571539302837 ], [ -100.607781829358828, 20.056859437994447 ], [ -100.608017683811951, 20.057064263572325 ], [ -100.60842831720079, 20.057185136558832 ], [ -100.608838215855414, 20.057223375203904 ], [ -100.60918961019425, 20.057262052798166 ], [ -100.609423627951742, 20.057260293026459 ], [ -100.60960098050144, 20.057465556271449 ], [ -100.609836838096484, 20.057670379183001 ], [ -100.610189337571754, 20.057833004628975 ], [ -100.610657374524635, 20.057829482012977 ], [ -100.610831415627004, 20.057662894197286 ], [ -100.610828470226323, 20.057332361156728 ], [ -100.610884029190714, 20.057001387654729 ], [ -100.610999933162645, 20.056876556811584 ], [ -100.611292822667366, 20.056915670725587 ], [ -100.611586817367325, 20.057078733995304 ], [ -100.61193931700889, 20.057241355927168 ], [ -100.612292923007402, 20.057527926905262 ], [ -100.612530995689099, 20.057980645540617 ], [ -100.612592818163179, 20.058352053826724 ], [ -100.612359904933754, 20.058477767690082 ], [ -100.612070329092731, 20.058810505168704 ], [ -100.611781120509093, 20.059184558847935 ], [ -100.611609657893112, 20.059640363854122 ], [ -100.611497436622003, 20.060178361218103 ], [ -100.611500383935805, 20.060508894045238 ], [ -100.611447036096521, 20.061087767220332 ], [ -100.611625869691593, 20.061458294256237 ], [ -100.611688060550122, 20.061871019364087 ], [ -100.611633607841284, 20.062325942721014 ], [ -100.61146508978041, 20.063112280428378 ], [ -100.611469511466311, 20.063608079508271 ], [ -100.61106585840065, 20.064272230302272 ], [ -100.610894020910564, 20.064686718289089 ], [ -100.610662938678189, 20.065019013556768 ], [ -100.610316681782422, 20.065558772597214 ], [ -100.610145577499878, 20.066055893237031 ], [ -100.609973367786623, 20.066429063941964 ], [ -100.60997631303276, 20.066759596781306 ], [ -100.609863346628984, 20.067214960213743 ], [ -100.609809992367502, 20.067793833040817 ], [ -100.609639620779944, 20.068373586552269 ], [ -100.609525916413929, 20.068746316628019 ], [ -100.609703283155639, 20.068951578618123 ], [ -100.609998772692506, 20.069279909261155 ], [ -100.610293158557738, 20.06948428955922 ], [ -100.610819738975835, 20.069480323552845 ], [ -100.611404459561996, 20.069434598476665 ], [ -100.611752563436511, 20.069101419992354 ], [ -100.611984017315095, 20.068810439747569 ], [ -100.612333225051287, 20.068601209922459 ], [ -100.612740940298721, 20.068391538112618 ], [ -100.613208269908029, 20.068305373525728 ], [ -100.613266040220196, 20.068222298938569 ], [ -100.613788923798396, 20.067805159145326 ], [ -100.61408109562673, 20.067761633911275 ], [ -100.614429190016949, 20.067428450733225 ], [ -100.614717297376629, 20.066930442922249 ], [ -100.614829510535472, 20.06639244433277 ], [ -100.614942461946228, 20.065937078709801 ], [ -100.614996905475294, 20.06548215508241 ], [ -100.615169841028219, 20.065191613343931 ], [ -100.615460159724506, 20.064941503663679 ], [ -100.615751586374216, 20.064815343054825 ], [ -100.616043751934058, 20.064771814978567 ], [ -100.616452931309723, 20.0647274014716 ], [ -100.616685479837813, 20.064560365406567 ], [ -100.616917288016694, 20.064310696114948 ], [ -100.617264628917624, 20.063894875218498 ], [ -100.61737979210109, 20.063687407342901 ], [ -100.617671584833573, 20.0636025602793 ], [ -100.618140377655507, 20.063681649582563 ], [ -100.61849363897737, 20.063926889730102 ], [ -100.619025014875035, 20.064460014204624 ], [ -100.619320142919378, 20.064747012229109 ], [ -100.619439750945745, 20.065035340250141 ], [ -100.619559730081448, 20.06536498456866 ], [ -100.619794870781448, 20.065487159478185 ], [ -100.620145913898682, 20.065484497383515 ], [ -100.62055360962502, 20.065274808738096 ], [ -100.620959820231249, 20.064899853657082 ], [ -100.621364173455504, 20.064318315832207 ], [ -100.62141674266681, 20.063656809524559 ], [ -100.621583355200542, 20.062663883807392 ], [ -100.621633696859035, 20.061754479065613 ], [ -100.621625161848343, 20.060804201983981 ], [ -100.62161551423327, 20.059729975590585 ], [ -100.621492197060675, 20.059028484802504 ], [ -100.621486632168953, 20.058408738658539 ], [ -100.621595479109558, 20.057498889573043 ], [ -100.621821332869672, 20.056588152321421 ], [ -100.622049781921746, 20.05596662975373 ], [ -100.622223065988265, 20.055717398836876 ], [ -100.622514841084836, 20.055632544899026 ], [ -100.622866233101874, 20.055671195312552 ], [ -100.62316023585656, 20.05583423868093 ], [ -100.623513114223854, 20.056038153294093 ], [ -100.623748614641002, 20.056201640190856 ], [ -100.624044105663927, 20.05652994742389 ], [ -100.624219988564136, 20.056569929296909 ], [ -100.624335881016648, 20.056445090450026 ], [ -100.624567665376702, 20.056195412561358 ], [ -100.624506559707967, 20.055906642991317 ], [ -100.624386579220413, 20.055577001911402 ], [ -100.624325474205648, 20.055288232219873 ], [ -100.624322500980043, 20.054957701268165 ], [ -100.62437580093885, 20.054378827225648 ], [ -100.624372084491753, 20.05396566350198 ], [ -100.624192860227623, 20.053553834168344 ], [ -100.623780369905816, 20.053226416010801 ], [ -100.623545245542218, 20.053104245192404 ], [ -100.623136470629007, 20.053189989362437 ], [ -100.622845071586056, 20.053316160420806 ], [ -100.622612545862665, 20.05348320320163 ], [ -100.622437408991814, 20.053525852278096 ], [ -100.622144895556048, 20.05352807300012 ], [ -100.621793137464792, 20.053448104372524 ], [ -100.621557272315968, 20.053243297962247 ], [ -100.62126179283085, 20.052914985668831 ], [ -100.620847085733246, 20.052339661399881 ], [ -100.620431640631338, 20.051681702985562 ], [ -100.619901047503504, 20.05123121230957 ], [ -100.619488571755369, 20.050903783014842 ], [ -100.618959464469455, 20.050618555097525 ], [ -100.618372227386615, 20.050375084742086 ], [ -100.617843863395123, 20.050172486250553 ], [ -100.617608008188967, 20.049967673803618 ], [ -100.617256259773953, 20.049887695406913 ], [ -100.616787139175869, 20.049767284234171 ], [ -100.616433544187942, 20.049480721371872 ], [ -100.616021818557385, 20.049235916237681 ], [ -100.61572820434823, 20.049114176087528 ], [ -100.615492722559438, 20.048950677071073 ], [ -100.615374612674216, 20.048827610852687 ], [ -100.615490507361457, 20.048702777611297 ], [ -100.615313158333393, 20.048497519931203 ], [ -100.615429422023681, 20.048414003318996 ], [ -100.615604924979039, 20.04841267800138 ], [ -100.61607293277973, 20.04840914297019 ], [ -100.616424677423936, 20.048489124003709 ], [ -100.616950447091483, 20.048402511450348 ], [ -100.61753582612981, 20.048439404556817 ], [ -100.618002724031612, 20.048311914825806 ], [ -100.618412970032026, 20.048391449246736 ], [ -100.618997608782152, 20.048345704472506 ], [ -100.61934935431438, 20.048425679593411 ], [ -100.619992493525771, 20.048379488489442 ], [ -100.620577872409569, 20.048416371477277 ], [ -100.62104476716533, 20.048288873884413 ], [ -100.621512402600317, 20.048244008024639 ], [ -100.621803793827937, 20.048117839669079 ], [ -100.622387687747221, 20.047989450932953 ], [ -100.622620948173832, 20.047905041766899 ], [ -100.622911595536195, 20.047696238819888 ], [ -100.623204840445212, 20.04777665042884 ], [ -100.62344032758152, 20.047940138759486 ], [ -100.62367544387061, 20.048062310324852 ], [ -100.623968689765007, 20.048142720589126 ], [ -100.624378194231781, 20.04813960818564 ], [ -100.62484657085858, 20.048177366383506 ], [ -100.625197946344215, 20.048216013302763 ], [ -100.625959570241889, 20.048334176162967 ], [ -100.62619357286178, 20.048332395108684 ], [ -100.626603449471887, 20.048370593873479 ], [ -100.627013326207148, 20.048408791673761 ], [ -100.627305084905331, 20.048323930875231 ], [ -100.627711982499122, 20.048031596385673 ], [ -100.628060750641055, 20.047781023296366 ], [ -100.628467272814973, 20.047447370923887 ], [ -100.628758283534992, 20.047279875263712 ], [ -100.629107048287025, 20.047029300320329 ], [ -100.629396939135034, 20.046737854785793 ], [ -100.629627583377768, 20.046364222636836 ], [ -100.629801218416034, 20.046156301892076 ], [ -100.62997485300491, 20.045948381003797 ], [ -100.630383977551134, 20.045903938799199 ], [ -100.630793474929987, 20.045900811944151 ], [ -100.631085973002499, 20.045898577896185 ], [ -100.632023460363271, 20.046056690714394 ], [ -100.63254958346441, 20.046011349138055 ], [ -100.633016085409508, 20.045842504818722 ], [ -100.633423339179373, 20.045591474513412 ], [ -100.633889838803981, 20.045422628032192 ], [ -100.634707332979374, 20.045251092500099 ], [ -100.635293448448834, 20.045370559717767 ], [ -100.635702943459364, 20.045367421592125 ], [ -100.636289059862989, 20.045486885424193 ], [ -100.636640055678697, 20.045484193666326 ], [ -100.636931802677921, 20.045399317687785 ], [ -100.637398672123055, 20.045271778394358 ], [ -100.637689293465201, 20.04506295278691 ], [ -100.637804041992965, 20.044814157854574 ], [ -100.637625170886011, 20.044443659598802 ], [ -100.637562548442943, 20.043989630918237 ], [ -100.637442177553453, 20.043618683388246 ], [ -100.63755617591849, 20.043287256314201 ], [ -100.637494678852022, 20.042957175980096 ], [ -100.637200313431549, 20.042752839426022 ], [ -100.636788577719685, 20.042508083503936 ], [ -100.636259847011686, 20.04226422351654 ], [ -100.635846990815153, 20.041895516612342 ], [ -100.635608132952754, 20.041360199145057 ], [ -100.635663262027833, 20.040987905069205 ], [ -100.635544021118633, 20.040740904277669 ], [ -100.635307411441488, 20.04045348342752 ], [ -100.635244798080038, 20.039999453152923 ], [ -100.635181811040283, 20.039504106587927 ], [ -100.635294315336054, 20.039007415817437 ], [ -100.635464941600972, 20.038468960672226 ], [ -100.635460825590016, 20.038014482240758 ], [ -100.635279349920211, 20.037354766820769 ], [ -100.635158616476502, 20.036942500507852 ], [ -100.634980883789879, 20.036695946917334 ], [ -100.634980135749004, 20.036613314440796 ], [ -100.634979387712235, 20.03653068196347 ], [ -100.635154501729971, 20.036488021929578 ], [ -100.635388859874027, 20.036527546163136 ], [ -100.635567341310278, 20.036856731767926 ], [ -100.635569960585272, 20.037145945340495 ], [ -100.635631450466605, 20.037476026991492 ], [ -100.635633695741731, 20.037723924314911 ], [ -100.63569481183535, 20.038012689680752 ], [ -100.635755553931872, 20.038260138786001 ], [ -100.63611926233564, 20.039662200158443 ], [ -100.636356246562968, 20.0399909361212 ], [ -100.636358118857842, 20.040197517092171 ], [ -100.63624411964058, 20.040528943524563 ], [ -100.636599224352764, 20.040980730673237 ], [ -100.636777713976471, 20.041309914369137 ], [ -100.637950292895567, 20.041590151151592 ], [ -100.638243531933668, 20.041670538122247 ], [ -100.638652266570531, 20.041584761556152 ], [ -100.639354615256366, 20.041620685302764 ], [ -100.639940343909544, 20.041698821742145 ], [ -100.641694901194612, 20.041644006628538 ], [ -100.642452738923353, 20.041348939216988 ], [ -100.64280410065399, 20.041387551927741 ], [ -100.643097341147254, 20.041467930702293 ], [ -100.643740062056651, 20.041380339584094 ], [ -100.644088035407307, 20.041047105432661 ], [ -100.644907376093869, 20.041082105096962 ], [ -100.645434983446791, 20.041201990584998 ], [ -100.646315461839123, 20.041525744056155 ], [ -100.647078570949759, 20.041809081033822 ], [ -100.647959810632813, 20.042215457716448 ], [ -100.64825343226947, 20.042337143579473 ], [ -100.648545165835898, 20.042252249251312 ], [ -100.648776890325621, 20.042002543363488 ], [ -100.648951627699205, 20.041918553597537 ], [ -100.649536603820451, 20.041914025995293 ], [ -100.649945330888173, 20.041828223708325 ], [ -100.650470674281053, 20.041700198325437 ], [ -100.650997908325138, 20.041778750873387 ], [ -100.651524007379649, 20.041733354185279 ], [ -100.652752832797162, 20.041765142074986 ], [ -100.653688033772028, 20.041675245272497 ], [ -100.654214889407726, 20.041712472298084 ], [ -100.65428097063652, 20.042538334230482 ], [ -100.654517616277673, 20.042825726973817 ], [ -100.655163368573071, 20.043068620766718 ], [ -100.655573992258866, 20.043189384415008 ], [ -100.655925359272203, 20.043227970524278 ], [ -100.65650957861746, 20.043140787985489 ], [ -100.657092277376933, 20.042888340540909 ], [ -100.657614196075002, 20.042388452380358 ], [ -100.658080655602902, 20.042219544486787 ], [ -100.658022538308174, 20.042261315906568 ], [ -100.658316926977349, 20.042465615966126 ], [ -100.658554340069614, 20.042835634248028 ], [ -100.658733256505144, 20.043206108059103 ], [ -100.659085765260429, 20.043368634968001 ], [ -100.659437513552746, 20.04344852971148 ], [ -100.660020588680837, 20.043237388568418 ], [ -100.660428549853648, 20.04306893084415 ], [ -100.661535051699815, 20.042523150431773 ], [ -100.662233971091212, 20.042187141740101 ], [ -100.663258489122924, 20.041852262497841 ], [ -100.663496291732031, 20.04226368365304 ], [ -100.663789877460943, 20.042385371676346 ], [ -100.664200048211086, 20.042464818976612 ], [ -100.664607900550919, 20.042296315189777 ], [ -100.664784516205643, 20.042418916936203 ], [ -100.664493248344215, 20.042545180744064 ], [ -100.664144267137161, 20.042754551757699 ], [ -100.66373718555829, 20.043005704652092 ], [ -100.663154259202031, 20.043216903580866 ], [ -100.662892810360518, 20.043404923866277 ], [ -100.662631360883324, 20.043592943805379 ], [ -100.662283146474991, 20.043884961578016 ], [ -100.662051903081846, 20.044176064904114 ], [ -100.66188030250423, 20.04459068629091 ], [ -100.661943804442032, 20.045127455187981 ], [ -100.66200692110219, 20.045622898943773 ], [ -100.662245884821445, 20.046158296591635 ], [ -100.66265953940389, 20.046609672156716 ], [ -100.663187081234597, 20.046729531606513 ], [ -100.663594945498261, 20.046561029375116 ], [ -100.663827734410859, 20.046435224121655 ], [ -100.664239075233013, 20.046638645568052 ], [ -100.664768937609864, 20.047006450171985 ], [ -100.665474650925418, 20.047414203591305 ], [ -100.666353507665363, 20.047572628883142 ], [ -100.667326151008169, 20.047601709038222 ], [ -100.66815314372829, 20.048127056264992 ], [ -100.667929025904343, 20.048709763062099 ], [ -100.6677076536931, 20.049457941880679 ], [ -100.667368724755192, 20.05016652916612 ], [ -100.667438833357636, 20.050868897785428 ], [ -100.667390013393174, 20.051448938922022 ], [ -100.667758994078184, 20.052550203447886 ], [ -100.667788125689896, 20.052544588176286 ], [ -100.667664945444386, 20.052841981867893 ], [ -100.667574778777308, 20.053059670285457 ], [ -100.667173876255546, 20.053972030896176 ], [ -100.667059608586769, 20.054262223027226 ], [ -100.66694534053434, 20.054552415105253 ], [ -100.666834945444506, 20.055255856255606 ], [ -100.666725324271624, 20.056041947174208 ], [ -100.666674580355519, 20.056868904150495 ], [ -100.666680390509285, 20.05748877773873 ], [ -100.666688137753695, 20.058315275786217 ], [ -100.666869422919405, 20.058933772589977 ], [ -100.666992217978844, 20.059552728053863 ], [ -100.667290877553711, 20.060211631006627 ], [ -100.667529884669108, 20.06074701781786 ], [ -100.667945146038477, 20.061363675947977 ], [ -100.66818648447007, 20.062147010636497 ], [ -100.66842782558291, 20.062930344758218 ], [ -100.668432868841819, 20.063467567695763 ], [ -100.668201223713766, 20.063717354842296 ], [ -100.667619393435075, 20.06405254760308 ], [ -100.667038335801081, 20.064470388340219 ], [ -100.666922220792017, 20.064564287498836 ], [ -100.666806105643019, 20.064658186589995 ], [ -100.666573874925291, 20.064845984569981 ], [ -100.666311428194206, 20.064930699538607 ], [ -100.666048981153679, 20.065015414136564 ], [ -100.665758448770788, 20.065224332387871 ], [ -100.665554494775421, 20.065308587572325 ], [ -100.665350540546953, 20.065392842535857 ], [ -100.665059619375796, 20.065560434844397 ], [ -100.664768697562295, 20.065728026714471 ], [ -100.664303453481111, 20.06602096774337 ], [ -100.66630421535875, 20.067303572736929 ], [ -100.66662811791744, 20.067511208888337 ], [ -100.666542895001712, 20.067780509058359 ], [ -100.666372835920825, 20.068360434173865 ], [ -100.66637864890842, 20.06898030705398 ], [ -100.666499902691626, 20.069433962357326 ], [ -100.666679265178573, 20.069845833520883 ], [ -100.666741637310551, 20.070258622811512 ], [ -100.666803622162689, 20.070630087197976 ], [ -100.666809437636942, 20.07124995978506 ], [ -100.666697485408207, 20.071788101103035 ], [ -100.666294213050634, 20.072452512562737 ], [ -100.665312554869132, 20.07382403463507 ], [ -100.664733005495009, 20.074407169796995 ], [ -100.663919074744726, 20.074950812069357 ], [ -100.663105525065021, 20.075535775849993 ], [ -100.661941367803564, 20.076164807990732 ], [ -100.661375393852239, 20.076405360226424 ], [ -100.6609507641856, 20.076585836188645 ], [ -100.659785229349367, 20.076985572867148 ], [ -100.658857536955551, 20.077187858969314 ], [ -100.658337674820757, 20.077207631223864 ], [ -100.657488613023759, 20.077394281945068 ], [ -100.657080152431803, 20.077517235052213 ], [ -100.656631521652074, 20.077652758278916 ], [ -100.655493713423837, 20.07819894366083 ], [ -100.655229197304521, 20.078325918688972 ], [ -100.65377668941683, 20.079023150910452 ], [ -100.653743385859741, 20.079039137073657 ], [ -100.653707181144071, 20.079056515824444 ], [ -100.639740317361372, 20.085759983267856 ], [ -100.636600678030263, 20.081668012929796 ], [ -100.632550654225568, 20.080908848937199 ], [ -100.631431967859768, 20.080699136830869 ], [ -100.631386405544944, 20.08057563439068 ], [ -100.631340843308195, 20.080452131932006 ], [ -100.631249719068805, 20.080205126959616 ], [ -100.630888006846604, 20.079423822167271 ], [ -100.629293978120003, 20.078409201798856 ], [ -100.626658219160532, 20.07827539545659 ], [ -100.626307080792301, 20.078279601357305 ], [ -100.625261432862004, 20.078871020938681 ], [ -100.623300464842842, 20.081044682876087 ], [ -100.622227847787585, 20.083993356269481 ], [ -100.622004274686873, 20.084781678304363 ], [ -100.622150697708108, 20.086971475001103 ], [ -100.620592636608265, 20.088644095593988 ], [ -100.620423147209522, 20.089100970187005 ], [ -100.620141585821884, 20.089931333156152 ], [ -100.620017886008682, 20.089436611291994 ], [ -100.61556445094422, 20.090821333351702 ], [ -100.615676588811681, 20.090283212450785 ], [ -100.615901237431061, 20.089248296296116 ], [ -100.616248513946616, 20.088832381053873 ], [ -100.616593913978733, 20.088209836296855 ], [ -100.617056318512425, 20.087586404707494 ], [ -100.617461341583009, 20.087087392742809 ], [ -100.617692353420026, 20.086755013244016 ], [ -100.617865986907219, 20.086547054228056 ], [ -100.618215129099212, 20.086337764587693 ], [ -100.618445762923074, 20.08596405849908 ], [ -100.618959522363568, 20.084554989771839 ], [ -100.618959522332744, 20.084554989606374 ], [ -100.618959522380209, 20.084554989476185 ] ] ] ] } },
{ "type": "Feature", "properties": { "ID": 21, "ENTIDAD": 11, "MUNICIPIO": 2, "NOMBRE": "ACAMBARO", "CONTROL": 39, "GEOMETRY1_": null, "ID_2": 113, "ENTIDAD_2": 11, "DISTRITO_F": 14, "DISTRITO_L": 22, "MUNICIPIO_2": 2, "SECCION": 113, "TIPO": 4, "CONTROL_2": 4148, "GEOMETRY1__2": null }, "geometry": { "type": "MultiPolygon", "coordinates": [ [ [ [ -100.6778395320203, 20.06735024401414 ], [ -100.676350785549701, 20.066999327039881 ], [ -100.674450868466167, 20.066583847586255 ], [ -100.672388208765497, 20.06611794966599 ], [ -100.670784137924898, 20.065755615427353 ], [ -100.667590397899687, 20.065999358854889 ], [ -100.667398065238572, 20.066014035657535 ], [ -100.667339968851564, 20.066035608403041 ], [ -100.667245348129669, 20.066217760685184 ], [ -100.666979345166169, 20.066729834840739 ], [ -100.666713340575313, 20.067241908689937 ], [ -100.66662811791744, 20.067511208888337 ], [ -100.66630421535875, 20.067303572736929 ], [ -100.664303453481111, 20.06602096774337 ], [ -100.664768697562295, 20.065728026714471 ], [ -100.665059619375796, 20.065560434844397 ], [ -100.665350540546953, 20.065392842535857 ], [ -100.665554494775421, 20.065308587572325 ], [ -100.665758448770788, 20.065224332387871 ], [ -100.666048981153679, 20.065015414136564 ], [ -100.666311428194206, 20.064930699538607 ], [ -100.666573874925291, 20.064845984569981 ], [ -100.666806105643019, 20.064658186589995 ], [ -100.666922220792017, 20.064564287498836 ], [ -100.667038335801081, 20.064470388340219 ], [ -100.667619393435075, 20.06405254760308 ], [ -100.668201223713766, 20.063717354842296 ], [ -100.668432868841819, 20.063467567695763 ], [ -100.66842782558291, 20.062930344758218 ], [ -100.66818648447007, 20.062147010636497 ], [ -100.667945146038477, 20.061363675947977 ], [ -100.667529884669108, 20.06074701781786 ], [ -100.667290877553711, 20.060211631006627 ], [ -100.666992217978844, 20.059552728053863 ], [ -100.666869422919405, 20.058933772589977 ], [ -100.666688137753695, 20.058315275786217 ], [ -100.666680390509285, 20.05748877773873 ], [ -100.666674580355519, 20.056868904150495 ], [ -100.666725324271624, 20.056041947174208 ], [ -100.666834945444506, 20.055255856255606 ], [ -100.66694534053434, 20.054552415105253 ], [ -100.667059608586769, 20.054262223027226 ], [ -100.667173876255546, 20.053972030896176 ], [ -100.667574778777308, 20.053059670285457 ], [ -100.667664945444386, 20.052841981867893 ], [ -100.667788125689896, 20.052544588176286 ], [ -100.667817257299134, 20.05253897290013 ], [ -100.66787552051035, 20.052527742333655 ], [ -100.667933783711788, 20.052516511748642 ], [ -100.668501643503774, 20.051514792321601 ], [ -100.668907936626667, 20.051343098546184 ], [ -100.669433846686701, 20.051335097878749 ], [ -100.670426544328834, 20.051278613261303 ], [ -100.672349033246519, 20.051351994483955 ], [ -100.673526317237034, 20.051396920912907 ], [ -100.673815046733893, 20.051185629111881 ], [ -100.674448183119225, 20.050596681973346 ], [ -100.675139748541142, 20.05000684197708 ], [ -100.675542585266001, 20.049628294317849 ], [ -100.676120031452072, 20.049205704473593 ], [ -100.679551043766722, 20.048160263023338 ], [ -100.679722893119873, 20.047950747061861 ], [ -100.680008847744148, 20.047573974959302 ], [ -100.680467338460531, 20.04702905369496 ], [ -100.680751909467475, 20.046569545049294 ], [ -100.681038549453859, 20.046234139350936 ], [ -100.681209014366857, 20.045941886658003 ], [ -100.681321736972862, 20.045691894437429 ], [ -100.681487368849346, 20.045110067186449 ], [ -100.681538897716194, 20.044695496666861 ], [ -100.681588355548755, 20.04415682283328 ], [ -100.68386372395311, 20.043915147514038 ], [ -100.683763442005173, 20.044909759907753 ], [ -100.683882377916987, 20.045032075777684 ], [ -100.684646826876701, 20.045310030487645 ], [ -100.685081424813717, 20.046834376723517 ], [ -100.684732559066916, 20.046943160172475 ], [ -100.684383692789794, 20.047051942966288 ], [ -100.684152727378816, 20.047220989084447 ], [ -100.683923834392729, 20.047514138027445 ], [ -100.6836935587271, 20.047724551322361 ], [ -100.683666069696244, 20.047828417407668 ], [ -100.68363858063438, 20.047932283490233 ], [ -100.683758900821886, 20.048137334644871 ], [ -100.683936272202288, 20.048258756552208 ], [ -100.684229818517295, 20.04833702289547 ], [ -100.684521291618196, 20.048291185689305 ], [ -100.684754331707012, 20.048246242051782 ], [ -100.685044421843841, 20.048117668664794 ], [ -100.687455078184556, 20.052466854563072 ], [ -100.68671964718537, 20.053926354595944 ], [ -100.689431636477821, 20.058808804002879 ], [ -100.690004818808916, 20.060191661033898 ], [ -100.690055553353432, 20.06031406156157 ], [ -100.689336443461343, 20.061590357910259 ], [ -100.686854004817846, 20.063575905162697 ], [ -100.686821185237108, 20.063587576363101 ], [ -100.682352199555339, 20.065176752221074 ], [ -100.680285978316405, 20.066119631336953 ], [ -100.67955754862416, 20.066530465181298 ], [ -100.678679581654336, 20.066999546175197 ], [ -100.678329665148482, 20.067459666373761 ], [ -100.6778395320203, 20.06735024401414 ] ] ] ] } },
{ "type": "Feature", "properties": { "ID": 21, "ENTIDAD": 11, "MUNICIPIO": 2, "NOMBRE": "ACAMBARO", "CONTROL": 39, "GEOMETRY1_": null, "ID_2": 114, "ENTIDAD_2": 11, "DISTRITO_F": 14, "DISTRITO_L": 22, "MUNICIPIO_2": 2, "SECCION": 114, "TIPO": 3, "CONTROL_2": 4145, "GEOMETRY1__2": null }, "geometry": { "type": "MultiPolygon", "coordinates": [ [ [ [ -100.725392289553866, 20.073356668799622 ], [ -100.721708411831685, 20.073289742540638 ], [ -100.716096677929642, 20.073293983276102 ], [ -100.715042639207638, 20.073186170549818 ], [ -100.711279128178575, 20.073811777979746 ], [ -100.708455540119004, 20.074281087036951 ], [ -100.70700952440265, 20.068262250812396 ], [ -100.706376774969627, 20.065554697697326 ], [ -100.70619053989617, 20.064757770899078 ], [ -100.706689008132656, 20.064853524760824 ], [ -100.707187476864661, 20.064949277170655 ], [ -100.70766335462703, 20.06543846630883 ], [ -100.707727374456724, 20.065768500771288 ], [ -100.708322227419444, 20.066379984705716 ], [ -100.7106153340101, 20.05678629030546 ], [ -100.710726618404735, 20.056453548354256 ], [ -100.710894940729517, 20.056037169415568 ], [ -100.710888656445746, 20.055664866059107 ], [ -100.710821843040748, 20.055169364388835 ], [ -100.710698690363898, 20.054798866561601 ], [ -100.710517104075549, 20.054429271302762 ], [ -100.71039395281683, 20.054058773139026 ], [ -100.710327840090102, 20.053604638096104 ], [ -100.710202596054174, 20.053110038482945 ], [ -100.710251955706681, 20.052571364017815 ], [ -100.710242881794471, 20.052033592088367 ], [ -100.710320229342699, 20.051526783824116 ], [ -100.710617318621559, 20.051180808820313 ], [ -100.711017813849949, 20.050804424042731 ], [ -100.711921319144622, 20.050881984312948 ], [ -100.712250400083704, 20.050910232675303 ], [ -100.712644926373187, 20.050653706440443 ], [ -100.712942406376527, 20.050607503669603 ], [ -100.71304086133128, 20.050527128229245 ], [ -100.713567532889172, 20.050478703599111 ], [ -100.71372773215073, 20.050455490441426 ], [ -100.713937485858906, 20.050407067196129 ], [ -100.714437262776357, 20.05022176669074 ], [ -100.715028679777689, 20.050129163441564 ], [ -100.715976978295018, 20.049944739277798 ], [ -100.71646104772428, 20.049699109066168 ], [ -100.717486344238864, 20.050015869507817 ], [ -100.717767703753736, 20.050102792887209 ], [ -100.717842313692287, 20.050125842833395 ], [ -100.719554133874738, 20.050654680694095 ], [ -100.721693259343382, 20.044895326075249 ], [ -100.722361335863397, 20.044602940595428 ], [ -100.724013000283122, 20.043865240211243 ], [ -100.724737353344423, 20.043418282518161 ], [ -100.724909599530605, 20.043209539981738 ], [ -100.72639240429001, 20.044682046281153 ], [ -100.726843479302232, 20.044971986832042 ], [ -100.727177301474825, 20.045362592368445 ], [ -100.727464570562489, 20.045927685558574 ], [ -100.72755520220818, 20.046238228733817 ], [ -100.727966987849641, 20.046345424786949 ], [ -100.729190829303946, 20.045781540425086 ], [ -100.729549846506458, 20.046272488117069 ], [ -100.729967999801644, 20.046803892621348 ], [ -100.730268590914221, 20.047295747371248 ], [ -100.730819787066309, 20.048776763436059 ], [ -100.73082611670894, 20.049149062924592 ], [ -100.730891581550424, 20.049561819713269 ], [ -100.730904944996681, 20.050347785176378 ], [ -100.731039394082018, 20.051380131385287 ], [ -100.73110556432529, 20.051834254475448 ], [ -100.731171735055554, 20.052288377490544 ], [ -100.73123860977455, 20.052783867012277 ], [ -100.731479377310237, 20.053193894605592 ], [ -100.730874050360313, 20.05336617221926 ], [ -100.731239733743294, 20.054600858744202 ], [ -100.732189328632387, 20.055911245722264 ], [ -100.733836217380713, 20.057048181278155 ], [ -100.736527977606954, 20.057842329648633 ], [ -100.736668059527915, 20.059657873030307 ], [ -100.737510783957362, 20.061712892139081 ], [ -100.738466895538195, 20.063518761292304 ], [ -100.740254044213046, 20.066471163839619 ], [ -100.739847715968295, 20.071101579881184 ], [ -100.737523632832634, 20.071707340530253 ], [ -100.737777121879702, 20.073273734895377 ], [ -100.735098979743668, 20.0735532627812 ], [ -100.725307020761491, 20.075219982797684 ], [ -100.725392289553866, 20.073356668799622 ] ] ] ] } },
{ "type": "Feature", "properties": { "ID": 21, "ENTIDAD": 11, "MUNICIPIO": 2, "NOMBRE": "ACAMBARO", "CONTROL": 39, "GEOMETRY1_": null, "ID_2": 115, "ENTIDAD_2": 11, "DISTRITO_F": 14, "DISTRITO_L": 22, "MUNICIPIO_2": 2, "SECCION": 115, "TIPO": 4, "CONTROL_2": 4137, "GEOMETRY1__2": null }, "geometry": { "type": "MultiPolygon", "coordinates": [ [ [ [ -100.753211995407383, 20.083266451674117 ], [ -100.747249677567581, 20.079884281184054 ], [ -100.742231151363882, 20.076983665503843 ], [ -100.73604124745151, 20.074285504261706 ], [ -100.735098979743668, 20.0735532627812 ], [ -100.737777121879702, 20.073273734895377 ], [ -100.737523632832634, 20.071707340530253 ], [ -100.739847715968295, 20.071101579881184 ], [ -100.740254044213046, 20.066471163839619 ], [ -100.738466895538195, 20.063518761292304 ], [ -100.737510783957362, 20.061712892139081 ], [ -100.736668059527915, 20.059657873030307 ], [ -100.736527977606954, 20.057842329648633 ], [ -100.733836217380713, 20.057048181278155 ], [ -100.732189328632387, 20.055911245722264 ], [ -100.731239733743294, 20.054600858744202 ], [ -100.730874050360313, 20.05336617221926 ], [ -100.731479377310237, 20.053193894605592 ], [ -100.73123860977455, 20.052783867012277 ], [ -100.731171735055554, 20.052288377490544 ], [ -100.73110556432529, 20.051834254475448 ], [ -100.731039394082018, 20.051380131385287 ], [ -100.730904944996681, 20.050347785176378 ], [ -100.730891581550424, 20.049561819713269 ], [ -100.73082611670894, 20.049149062924592 ], [ -100.730819787066309, 20.048776763436059 ], [ -100.731086748158404, 20.048597384099569 ], [ -100.731166507432192, 20.048543791248534 ], [ -100.7315132267466, 20.048310818450531 ], [ -100.731914506665646, 20.047849419214241 ], [ -100.732374918865432, 20.047428476078704 ], [ -100.732779712853073, 20.047173908060358 ], [ -100.733359797673984, 20.046916609165695 ], [ -100.734059558024526, 20.046822954188396 ], [ -100.73475861305451, 20.046687929972268 ], [ -100.735461893354511, 20.046801102152337 ], [ -100.735989882537609, 20.046917004274995 ], [ -100.737228204184092, 20.047559734407475 ], [ -100.73817155945288, 20.048041547877776 ], [ -100.738817826918094, 20.048238350570951 ], [ -100.739464095819088, 20.048435150776879 ], [ -100.740401110213853, 20.048544653891117 ], [ -100.741043146129428, 20.048493249827509 ], [ -100.741854825142227, 20.048108174039765 ], [ -100.742201172911322, 20.047854498328093 ], [ -100.743184604870706, 20.04725984619045 ], [ -100.74376537682474, 20.047043880698162 ], [ -100.744464421320842, 20.046908818638943 ], [ -100.745048724723091, 20.046899680593786 ], [ -100.745926593785299, 20.046968702444467 ], [ -100.746806585540014, 20.04716181860891 ], [ -100.74745356505332, 20.04739995543769 ], [ -100.748047070247893, 20.047928568146396 ], [ -100.748528673257667, 20.048748572129881 ], [ -100.748891295031882, 20.049446306331106 ], [ -100.749367950267924, 20.049976744022672 ], [ -100.749666481168774, 20.050344462181059 ], [ -100.750254337633265, 20.050542136746504 ], [ -100.750958349921959, 20.050696611235473 ], [ -100.751831987343508, 20.050517405280541 ], [ -100.752414174669326, 20.050384143626108 ], [ -100.753110386817809, 20.050083582529226 ], [ -100.753573580977772, 20.049828052284102 ], [ -100.754153635598811, 20.049570687006725 ], [ -100.754911819328839, 20.049476032544064 ], [ -100.755441956328028, 20.049715972875216 ], [ -100.755973514646925, 20.050038643516263 ], [ -100.756450194045101, 20.050569060155038 ], [ -100.756699541894619, 20.051475440752817 ], [ -100.756769336087288, 20.052136378650104 ], [ -100.757015847936316, 20.0528772944221 ], [ -100.757374964974929, 20.053368177557456 ], [ -100.757729111065416, 20.053569498089463 ], [ -100.758023404504627, 20.05368900433032 ], [ -100.758373288262533, 20.053642127807034 ], [ -100.75883932569397, 20.053552047436266 ], [ -100.759244086807712, 20.053297420975735 ], [ -100.759705856756867, 20.052959142955814 ], [ -100.760110614864587, 20.05270451471316 ], [ -100.761105380676881, 20.052771620092425 ], [ -100.761753112586803, 20.053051066947496 ], [ -100.761906574033929, 20.053167783793356 ], [ -100.762286117322446, 20.053456448369378 ], [ -100.762763539591504, 20.054028211246759 ], [ -100.763237405750559, 20.054393143439363 ], [ -100.763768282530151, 20.054674422278367 ], [ -100.766698462558253, 20.055124772131926 ], [ -100.767282075880118, 20.055074192666904 ], [ -100.767917702770902, 20.054650398269796 ], [ -100.768381595737466, 20.05443619582622 ], [ -100.768782061549189, 20.053933354377666 ], [ -100.769416966098632, 20.053468189505125 ], [ -100.769766844084415, 20.053421290709732 ], [ -100.770406739862366, 20.053245682239567 ], [ -100.770936909654012, 20.053485573256822 ], [ -100.771352359117401, 20.053851405035189 ], [ -100.77147279348624, 20.05405638756956 ], [ -100.771716519802766, 20.05463181477846 ], [ -100.771900387121775, 20.055125433269016 ], [ -100.772025108802509, 20.05557860891081 ], [ -100.772094255662637, 20.056198169887519 ], [ -100.77233655940492, 20.056690864499885 ], [ -100.772695731171908, 20.057181712044919 ], [ -100.773111194824153, 20.057547538497083 ], [ -100.773642812534689, 20.057870150995051 ], [ -100.774462310167522, 20.057939949099154 ], [ -100.775159935380572, 20.057722033058528 ], [ -100.775918852991197, 20.057668652035439 ], [ -100.776912933889349, 20.057694300017772 ], [ -100.777557846776176, 20.057808223277501 ], [ -100.778090189284541, 20.05817218707675 ], [ -100.778333230606023, 20.058706237151192 ], [ -100.778639004001917, 20.059487553984564 ], [ -100.77876661371775, 20.060106184619464 ], [ -100.778832925624798, 20.060560278825402 ], [ -100.778959104870523, 20.061096178299184 ], [ -100.778847965554334, 20.061428952571536 ], [ -100.778562237872265, 20.061805868451021 ], [ -100.778334943723664, 20.062181858646898 ], [ -100.77816608354911, 20.06255692335295 ], [ -100.778176108409369, 20.063136039283687 ], [ -100.778358575285964, 20.06354691748486 ], [ -100.778828206894886, 20.063663610158113 ], [ -100.779180251905458, 20.063740787459185 ], [ -100.780352542916901, 20.063929097590851 ], [ -100.780996766267918, 20.064001640741278 ], [ -100.782048603881279, 20.063984965120543 ], [ -100.782223910076738, 20.063982185242953 ], [ -100.782395630269392, 20.063772578605089 ], [ -100.782482378639799, 20.062033381730387 ], [ -100.78253651022078, 20.061784263094765 ], [ -100.782998965653547, 20.061487291711209 ], [ -100.783635287342548, 20.061104807595623 ], [ -100.784392062243427, 20.060927293309177 ], [ -100.785092554540171, 20.060874799229385 ], [ -100.785503029373956, 20.060951036663546 ], [ -100.786035399405051, 20.061314974193792 ], [ -100.786450903034378, 20.061680765930053 ], [ -100.786579263671683, 20.062340753533672 ], [ -100.786706907309849, 20.062959375697108 ], [ -100.786714808696885, 20.063414393084418 ], [ -100.786486814624254, 20.063749027185992 ], [ -100.786377844943203, 20.064205900695832 ], [ -100.786447772659443, 20.064866816124805 ], [ -100.786573982014289, 20.065402707679571 ], [ -100.786760065131944, 20.066020401254129 ], [ -100.78539493991758, 20.068193664738313 ], [ -100.791467901762061, 20.071200377266621 ], [ -100.786774049750832, 20.075246652627715 ], [ -100.783209648718213, 20.082309839949112 ], [ -100.783036084298203, 20.082743822029357 ], [ -100.768144649464475, 20.076687302666173 ], [ -100.765665107099977, 20.083761401536343 ], [ -100.764137373038835, 20.089673503112309 ], [ -100.753211995407383, 20.083266451674117 ] ] ] ] } },
{ "type": "Feature", "properties": { "ID": 21, "ENTIDAD": 11, "MUNICIPIO": 2, "NOMBRE": "ACAMBARO", "CONTROL": 39, "GEOMETRY1_": null, "ID_2": 133, "ENTIDAD_2": 11, "DISTRITO_F": 14, "DISTRITO_L": 22, "MUNICIPIO_2": 2, "SECCION": 133, "TIPO": 4, "CONTROL_2": 4427, "GEOMETRY1__2": null }, "geometry": { "type": "MultiPolygon", "coordinates": [ [ [ [ -100.715506720479496, 19.981947318162423 ], [ -100.713816285936431, 19.979796475732211 ], [ -100.70893440012577, 19.981222716780856 ], [ -100.707896772524705, 19.981626750145974 ], [ -100.706635912593399, 19.980653801590762 ], [ -100.705082643393439, 19.981555325985727 ], [ -100.700005056099783, 19.983270175908807 ], [ -100.699515778544409, 19.981578241243867 ], [ -100.69838542700937, 19.980059164227157 ], [ -100.697309378830454, 19.978208249769352 ], [ -100.696117463983754, 19.976441439643676 ], [ -100.695719373673214, 19.974727853383772 ], [ -100.694658268737086, 19.973748910125476 ], [ -100.693486919834754, 19.973266847896074 ], [ -100.69219802716232, 19.972703533789367 ], [ -100.691366851105627, 19.971474104053268 ], [ -100.691000677059037, 19.970156696973493 ], [ -100.686535959389246, 19.967854996822808 ], [ -100.690839432723848, 19.966606658842288 ], [ -100.691068280322, 19.966273606641668 ], [ -100.690472237458394, 19.965206658481556 ], [ -100.69023195087361, 19.96463121577192 ], [ -100.689751383366072, 19.963480328889183 ], [ -100.689860608389523, 19.962900851480498 ], [ -100.691014185595392, 19.961978908340612 ], [ -100.692054370732166, 19.96130607549054 ], [ -100.692273842111533, 19.960229709294389 ], [ -100.692141732658229, 19.958992200036224 ], [ -100.691659091535271, 19.957676136624482 ], [ -100.689533029979202, 19.955387808297509 ], [ -100.68743505410356, 19.955329395754852 ], [ -100.686727773811796, 19.954676724572717 ], [ -100.687641058195126, 19.953179355135877 ], [ -100.68762964069397, 19.952270858453392 ], [ -100.688080045795374, 19.951026628882488 ], [ -100.688063436730232, 19.949705179112925 ], [ -100.687577749925666, 19.948141326828246 ], [ -100.686633373139486, 19.947160973961871 ], [ -100.683473626462785, 19.94604089678338 ], [ -100.686251757028387, 19.944604685670331 ], [ -100.68648058674539, 19.94427164020103 ], [ -100.688263570969639, 19.942497491310583 ], [ -100.688677979966585, 19.942906854247259 ], [ -100.689745324403546, 19.944095512822233 ], [ -100.69045463833568, 19.944708563894281 ], [ -100.691108626734433, 19.945570647076547 ], [ -100.69152305119772, 19.945980002119008 ], [ -100.691879018859908, 19.946390014384193 ], [ -100.692229250923987, 19.946344667724528 ], [ -100.692523632135959, 19.946506959868934 ], [ -100.692583656142475, 19.946630489828362 ], [ -100.692587307936407, 19.946920263077715 ], [ -100.696024969578389, 19.950607680347463 ], [ -100.700145798523437, 19.948201211860326 ], [ -100.700385921033643, 19.948695319205584 ], [ -100.701035786978522, 19.949226192445504 ], [ -100.701162138178219, 19.949969997103633 ], [ -100.70122531432645, 19.950341899344135 ], [ -100.701698760832514, 19.950791962005614 ], [ -100.702057386255007, 19.951408930686981 ], [ -100.702301190602626, 19.952192806066183 ], [ -100.702194755709883, 19.953022048707819 ], [ -100.702025139837389, 19.953479389750306 ], [ -100.70191503308331, 19.954018860709095 ], [ -100.701980310653838, 19.954556346015938 ], [ -100.702800347030404, 19.954671265313007 ], [ -100.70361881002222, 19.954661993035845 ], [ -100.704379335962685, 19.954694775571703 ], [ -100.705555396331036, 19.955219664011423 ], [ -100.70614579370941, 19.955668386357484 ], [ -100.706910529265073, 19.956032324229835 ], [ -100.707497778469957, 19.956232666692905 ], [ -100.708549569590247, 19.956179320124814 ], [ -100.709476540852719, 19.955506359773715 ], [ -100.710289740129951, 19.955083098926671 ], [ -100.710809574603346, 19.954580367450614 ], [ -100.711328879037382, 19.954036238935181 ], [ -100.711797621969836, 19.954113710070139 ], [ -100.712273216330757, 19.954729324142953 ], [ -100.712343799666769, 19.955680760022886 ], [ -100.71258449917589, 19.956216242539082 ], [ -100.713465119288585, 19.956496028581942 ], [ -100.71376217628044, 19.956865260670821 ], [ -100.713830133038329, 19.957609716719453 ], [ -100.714131941368507, 19.958351508785302 ], [ -100.714729761701605, 19.959379738648771 ], [ -100.716261419375044, 19.960273113367901 ], [ -100.717262165098404, 19.960799918166821 ], [ -100.717558710743759, 19.961127746920702 ], [ -100.71814969088318, 19.961617820459637 ], [ -100.718625333402059, 19.962233413529798 ], [ -100.719509699664954, 19.962802934716947 ], [ -100.720689040737099, 19.963576087148965 ], [ -100.721280039441268, 19.9640661487397 ], [ -100.721872101284347, 19.964638998960034 ], [ -100.723768557673338, 19.965545163188203 ], [ -100.723825440348705, 19.965572342361064 ], [ -100.723828807930573, 19.965669797746532 ], [ -100.723840666340578, 19.96601296945266 ], [ -100.723905390960482, 19.966206413139417 ], [ -100.723824850822794, 19.966525258309311 ], [ -100.72387784057814, 19.967879499254689 ], [ -100.724148452249565, 19.968174820199991 ], [ -100.724291443828932, 19.968694663818226 ], [ -100.724282773800795, 19.968871062870885 ], [ -100.724426294002811, 19.969139098593001 ], [ -100.724472311784865, 19.969420319110942 ], [ -100.725084031232498, 19.970526126796894 ], [ -100.725158641174716, 19.970803802025319 ], [ -100.725706381358989, 19.972079582807073 ], [ -100.726082143520699, 19.972611192639345 ], [ -100.727262559333411, 19.973688214171457 ], [ -100.727629306627549, 19.973926130377471 ], [ -100.728468508707863, 19.975083766143815 ], [ -100.728753775152398, 19.975851761468103 ], [ -100.729385694489025, 19.976135258716955 ], [ -100.729544716772367, 19.976206600169881 ], [ -100.729598080050536, 19.976242627593297 ], [ -100.72963805420963, 19.976269454832533 ], [ -100.730057048876546, 19.976551610097157 ], [ -100.731196377401702, 19.977318834943123 ], [ -100.734606653850435, 19.977750416503905 ], [ -100.735803500849215, 19.978817733235569 ], [ -100.737673224253172, 19.979789925969968 ], [ -100.736036402934886, 19.983852199936194 ], [ -100.735520836853837, 19.98468616535888 ], [ -100.73541937405696, 19.985887969218208 ], [ -100.73548104928814, 19.98613566569729 ], [ -100.715506720479496, 19.981947318162423 ] ] ] ] } },
{ "type": "Feature", "properties": { "ID": 21, "ENTIDAD": 11, "MUNICIPIO": 2, "NOMBRE": "ACAMBARO", "CONTROL": 39, "GEOMETRY1_": null, "ID_2": 116, "ENTIDAD_2": 11, "DISTRITO_F": 14, "DISTRITO_L": 22, "MUNICIPIO_2": 2, "SECCION": 116, "TIPO": 4, "CONTROL_2": 4138, "GEOMETRY1__2": null }, "geometry": { "type": "MultiPolygon", "coordinates": [ [ [ [ -100.806087035572986, 20.078207987308208 ], [ -100.791467901762061, 20.071200377266621 ], [ -100.78539493991758, 20.068193664738313 ], [ -100.786760065131944, 20.066020401254129 ], [ -100.786573982014289, 20.065402707679571 ], [ -100.786447772659443, 20.064866816124805 ], [ -100.786377844943203, 20.064205900695832 ], [ -100.786486814624254, 20.063749027185992 ], [ -100.786714808696885, 20.063414393084418 ], [ -100.786706907309849, 20.062959375697108 ], [ -100.786579263671683, 20.062340753533672 ], [ -100.786450903034378, 20.061680765930053 ], [ -100.786035399405051, 20.061314974193792 ], [ -100.785503029373956, 20.060951036663546 ], [ -100.785092554540171, 20.060874799229385 ], [ -100.784392062243427, 20.060927293309177 ], [ -100.783635287342548, 20.061104807595623 ], [ -100.782998965653547, 20.061487291711209 ], [ -100.78253651022078, 20.061784263094765 ], [ -100.782482378639799, 20.062033381730387 ], [ -100.782395630269392, 20.063772578605089 ], [ -100.782223910076738, 20.063982185242953 ], [ -100.782048603881279, 20.063984965120543 ], [ -100.780996766267918, 20.064001640741278 ], [ -100.780352542916901, 20.063929097590851 ], [ -100.779180251905458, 20.063740787459185 ], [ -100.778828206894886, 20.063663610158113 ], [ -100.778358575285964, 20.06354691748486 ], [ -100.778176108409369, 20.063136039283687 ], [ -100.77816608354911, 20.06255692335295 ], [ -100.778334943723664, 20.062181858646898 ], [ -100.778562237872265, 20.061805868451021 ], [ -100.778847965554334, 20.061428952571536 ], [ -100.778959104870523, 20.061096178299184 ], [ -100.778832925624798, 20.060560278825402 ], [ -100.77876661371775, 20.060106184619464 ], [ -100.778639004001917, 20.059487553984564 ], [ -100.778333230606023, 20.058706237151192 ], [ -100.778090189284541, 20.05817218707675 ], [ -100.777557846776176, 20.057808223277501 ], [ -100.776912933889349, 20.057694300017772 ], [ -100.775918852991197, 20.057668652035439 ], [ -100.775159935380572, 20.057722033058528 ], [ -100.774462310167522, 20.057939949099154 ], [ -100.773642812534689, 20.057870150995051 ], [ -100.773111194824153, 20.057547538497083 ], [ -100.772695731171908, 20.057181712044919 ], [ -100.77233655940492, 20.056690864499885 ], [ -100.772094255662637, 20.056198169887519 ], [ -100.772025108802509, 20.05557860891081 ], [ -100.771900387121775, 20.055125433269016 ], [ -100.771716519802766, 20.05463181477846 ], [ -100.77147279348624, 20.05405638756956 ], [ -100.771352359117401, 20.053851405035189 ], [ -100.770936909654012, 20.053485573256822 ], [ -100.770406739862366, 20.053245682239567 ], [ -100.769766844084415, 20.053421290709732 ], [ -100.769416966098632, 20.053468189505125 ], [ -100.768782061549189, 20.053933354377666 ], [ -100.768381595737466, 20.05443619582622 ], [ -100.767917702770902, 20.054650398269796 ], [ -100.767282075880118, 20.055074192666904 ], [ -100.766698462558253, 20.055124772131926 ], [ -100.763768282530151, 20.054674422278367 ], [ -100.763237405750559, 20.054393143439363 ], [ -100.762763539591504, 20.054028211246759 ], [ -100.762286117322446, 20.053456448369378 ], [ -100.761906574033929, 20.053167783793356 ], [ -100.761753112586803, 20.053051066947496 ], [ -100.761105380676881, 20.052771620092425 ], [ -100.760110614864587, 20.05270451471316 ], [ -100.760097234742773, 20.048525638536052 ], [ -100.763365379837879, 20.04897505000924 ], [ -100.766307236240266, 20.049379538130072 ], [ -100.76698629559624, 20.044693232131365 ], [ -100.768432002310533, 20.045103842100467 ], [ -100.769746713098613, 20.045477234168843 ], [ -100.770079450243344, 20.044437559160503 ], [ -100.768618961350612, 20.044245677011261 ], [ -100.767267748742142, 20.044068139889479 ], [ -100.76783029517928, 20.041027261094776 ], [ -100.768764710689169, 20.035976017438934 ], [ -100.77693567714995, 20.035350441935591 ], [ -100.779094537826481, 20.035150774695158 ], [ -100.783117586599488, 20.037983423134662 ], [ -100.784531276971222, 20.038623034532989 ], [ -100.784628661114496, 20.038644771534106 ], [ -100.78799276303647, 20.039395631497584 ], [ -100.788925425689882, 20.039256687297819 ], [ -100.789623664095046, 20.039080086790513 ], [ -100.790441626929322, 20.039067087329236 ], [ -100.791901554691506, 20.039002499409655 ], [ -100.793717071139241, 20.039221877558859 ], [ -100.793943096138108, 20.039376402433209 ], [ -100.794012798213032, 20.039424054330514 ], [ -100.795544110850159, 20.040103078536369 ], [ -100.796793389097658, 20.041365853826907 ], [ -100.796737123599627, 20.041490879885536 ], [ -100.800149982844729, 20.044764656655328 ], [ -100.800497113712453, 20.053471110999165 ], [ -100.800519903173878, 20.054042627522616 ], [ -100.804129328342043, 20.054972996394334 ], [ -100.804263471069376, 20.054449873621536 ], [ -100.80612884440329, 20.047175079381713 ], [ -100.811720096873046, 20.049402677528445 ], [ -100.81242704195661, 20.04972236159308 ], [ -100.81471085135297, 20.049975386264261 ], [ -100.816449208679117, 20.049119976681002 ], [ -100.816789619814855, 20.048535247307658 ], [ -100.817551367991967, 20.048647150046691 ], [ -100.818093199587409, 20.049548727784718 ], [ -100.818627774516784, 20.05003665824459 ], [ -100.818984159634567, 20.050361944162553 ], [ -100.819132048487972, 20.050463009302948 ], [ -100.819279937525678, 20.050564074303754 ], [ -100.820051143630295, 20.051213703455222 ], [ -100.82082162909208, 20.051821964258242 ], [ -100.821649823006581, 20.052387917437468 ], [ -100.821527616989485, 20.055410337849036 ], [ -100.82182704430862, 20.055819284636325 ], [ -100.821301165099825, 20.055827739418536 ], [ -100.821064272706252, 20.058976131130571 ], [ -100.8173289639129, 20.05928439673222 ], [ -100.816373363766431, 20.061451296612539 ], [ -100.822236779053924, 20.069261235531076 ], [ -100.825950008377887, 20.074206635374789 ], [ -100.825957901701543, 20.074654573199275 ], [ -100.825998847060319, 20.076978036988418 ], [ -100.825407171743478, 20.0765738088439 ], [ -100.824814770733212, 20.076128214233265 ], [ -100.824282268281038, 20.075764404962403 ], [ -100.823516743715331, 20.075445720807277 ], [ -100.822929448888175, 20.075289669013522 ], [ -100.822163928937982, 20.074970978583345 ], [ -100.821341429244796, 20.07473595311993 ], [ -100.820691335534491, 20.074332647356037 ], [ -100.820294636290868, 20.075042418419581 ], [ -100.820129505266038, 20.075624337858081 ], [ -100.82013677937374, 20.076037981310485 ], [ -100.821729904221016, 20.076881257387758 ], [ -100.820443288057888, 20.08017065580604 ], [ -100.814537198040711, 20.080058649612951 ], [ -100.813222101283799, 20.081734793320415 ], [ -100.806087035572986, 20.078207987308208 ] ] ] ] } },
{ "type": "Feature", "properties": { "ID": 21, "ENTIDAD": 11, "MUNICIPIO": 2, "NOMBRE": "ACAMBARO", "CONTROL": 39, "GEOMETRY1_": null, "ID_2": 117, "ENTIDAD_2": 11, "DISTRITO_F": 14, "DISTRITO_L": 22, "MUNICIPIO_2": 2, "SECCION": 117, "TIPO": 2, "CONTROL_2": 4135, "GEOMETRY1__2": null }, "geometry": { "type": "MultiPolygon", "coordinates": [ [ [ [ -100.829545213280795, 20.089126744817253 ], [ -100.827433964090815, 20.088747039846712 ], [ -100.827146126658008, 20.088999935801315 ], [ -100.826322817082854, 20.088723576053283 ], [ -100.825793183391411, 20.088525231990523 ], [ -100.82532199384616, 20.088325944643785 ], [ -100.824500877037764, 20.088173668377561 ], [ -100.823623504611405, 20.088146421800225 ], [ -100.823391190120873, 20.088232914172359 ], [ -100.823104803565315, 20.08856853239902 ], [ -100.822759244122835, 20.088863726799669 ], [ -100.822531298449718, 20.089198403483394 ], [ -100.822071034497242, 20.08961957077144 ], [ -100.82155450890707, 20.090165770163519 ], [ -100.820974439549971, 20.090423358750005 ], [ -100.820394368165736, 20.090680945569019 ], [ -100.820043704292658, 20.090686585419707 ], [ -100.819693040333988, 20.090692224575239 ], [ -100.817428541723075, 20.08824606237074 ], [ -100.817248123257912, 20.087959328732893 ], [ -100.816893103438289, 20.087716775670504 ], [ -100.812867442592307, 20.084843691247723 ], [ -100.809167932663399, 20.080558490689086 ], [ -100.806087035572986, 20.078207987308208 ], [ -100.813222101283799, 20.081734793320415 ], [ -100.814537198040711, 20.080058649612951 ], [ -100.820443288057888, 20.08017065580604 ], [ -100.821729904221016, 20.076881257387758 ], [ -100.82013677937374, 20.076037981310485 ], [ -100.820129505266038, 20.075624337858081 ], [ -100.820294636290868, 20.075042418419581 ], [ -100.820691335534491, 20.074332647356037 ], [ -100.821341429244796, 20.07473595311993 ], [ -100.822163928937982, 20.074970978583345 ], [ -100.822929448888175, 20.075289669013522 ], [ -100.823516743715331, 20.075445720807277 ], [ -100.824282268281038, 20.075764404962403 ], [ -100.824814770733212, 20.076128214233265 ], [ -100.825407171743478, 20.0765738088439 ], [ -100.825998847060319, 20.076978036988418 ], [ -100.825957901701543, 20.074654573199275 ], [ -100.825950008377887, 20.074206635374789 ], [ -100.827207150626208, 20.074768413892699 ], [ -100.828300420351098, 20.075256951869278 ], [ -100.832163952845278, 20.073132958000446 ], [ -100.834093754390167, 20.072071995418952 ], [ -100.833933713411085, 20.076294726288022 ], [ -100.834350337854929, 20.078396623078532 ], [ -100.833626791369198, 20.078474540125399 ], [ -100.833392152571676, 20.078499807186965 ], [ -100.832954240475189, 20.078546962870451 ], [ -100.832459326003061, 20.078574739850943 ], [ -100.832138628556677, 20.078472411797989 ], [ -100.831864549907337, 20.078564060676587 ], [ -100.830857584219785, 20.078900774442534 ], [ -100.830671058334929, 20.079021171324985 ], [ -100.831513928857703, 20.080398869266027 ], [ -100.831677682606326, 20.080844702199649 ], [ -100.831858476680949, 20.081226535182026 ], [ -100.832052919763441, 20.081662499855046 ], [ -100.832145435068924, 20.081869929220037 ], [ -100.832273613813868, 20.082157318795606 ], [ -100.832606389958642, 20.082903430283142 ], [ -100.832853494457666, 20.083467103486662 ], [ -100.832897540251636, 20.084286572454729 ], [ -100.832935884340245, 20.085114728342962 ], [ -100.832980037051072, 20.086042352318248 ], [ -100.833569519655612, 20.086165058648437 ], [ -100.83394563731305, 20.086047854366278 ], [ -100.834280181441073, 20.085841440692988 ], [ -100.83454773563831, 20.085565478102939 ], [ -100.835500303344133, 20.090103970798761 ], [ -100.834724334718132, 20.090529841144608 ], [ -100.833729039773132, 20.091003847367887 ], [ -100.83163115177274, 20.090637677910532 ], [ -100.831559315737849, 20.090625139029886 ], [ -100.83135125495032, 20.090864607753058 ], [ -100.831158248604453, 20.091086748661247 ], [ -100.829545213280795, 20.089126744817253 ] ] ] ] } },
{ "type": "Feature", "properties": { "ID": 21, "ENTIDAD": 11, "MUNICIPIO": 2, "NOMBRE": "ACAMBARO", "CONTROL": 39, "GEOMETRY1_": null, "ID_2": 118, "ENTIDAD_2": 11, "DISTRITO_F": 14, "DISTRITO_L": 22, "MUNICIPIO_2": 2, "SECCION": 118, "TIPO": 4, "CONTROL_2": 4128, "GEOMETRY1__2": null }, "geometry": { "type": "MultiPolygon", "coordinates": [ [ [ [ -100.888677665954731, 20.058372759595116 ], [ -100.888677665939198, 20.058372759852126 ], [ -100.888677665900374, 20.058372759894862 ], [ -100.888632644170102, 20.059118250527739 ], [ -100.889046123239993, 20.059359694610087 ], [ -100.889232589041825, 20.059977249601307 ], [ -100.889409369606952, 20.0600570891439 ], [ -100.888720126587117, 20.060730434370264 ], [ -100.885378395328615, 20.066660658785715 ], [ -100.885378395411308, 20.066660658842181 ], [ -100.885378395274927, 20.066660659084196 ], [ -100.885615103649855, 20.066822266687502 ], [ -100.885851812496455, 20.066983873931651 ], [ -100.885970911518996, 20.067106040167261 ], [ -100.886564175637218, 20.067592781702274 ], [ -100.887218855733195, 20.068244010310583 ], [ -100.888393481982035, 20.06855567840352 ], [ -100.890212371153609, 20.068939477427524 ], [ -100.88894636584034, 20.076531935685306 ], [ -100.887288219891971, 20.078586604620352 ], [ -100.885781513798676, 20.079314770864407 ], [ -100.885781513852649, 20.079314771109079 ], [ -100.88578151374486, 20.079314771161172 ], [ -100.885908815210939, 20.079891925820441 ], [ -100.884387946603837, 20.079834189931589 ], [ -100.88409650240078, 20.079880356840366 ], [ -100.883575027776828, 20.080137179632537 ], [ -100.882003899169334, 20.080535374492818 ], [ -100.880850750825573, 20.081423191976747 ], [ -100.876419075035471, 20.082033795998186 ], [ -100.876182350732591, 20.081872177400786 ], [ -100.87606176203974, 20.081667279183538 ], [ -100.875881992893241, 20.081421976048844 ], [ -100.875705192852621, 20.081342124437004 ], [ -100.875529135065804, 20.081303635576532 ], [ -100.875355303477107, 20.081389235376726 ], [ -100.875124517031097, 20.081558518802936 ], [ -100.874893730078341, 20.081727801963829 ], [ -100.874836775180569, 20.081811485671157 ], [ -100.874603761951036, 20.081856679614063 ], [ -100.874428445562586, 20.081859552649892 ], [ -100.874072620693738, 20.081575757354052 ], [ -100.874008248495528, 20.081245811277221 ], [ -100.874240519230142, 20.081159255237687 ], [ -100.874298957775991, 20.081158297661279 ], [ -100.8742989577011, 20.081158297366883 ], [ -100.874298957827421, 20.081158297364819 ], [ -100.874236068832914, 20.080911077077726 ], [ -100.873881729846246, 20.080710007142446 ], [ -100.873119064776276, 20.080557000137038 ], [ -100.872359365838321, 20.080569441823478 ], [ -100.871656622812992, 20.080498197473581 ], [ -100.871479084614677, 20.080376978316977 ], [ -100.871245331172105, 20.080380804685085 ], [ -100.870894700935054, 20.080386543658307 ], [ -100.870602509003803, 20.080391325605341 ], [ -100.870489335927985, 20.08060005361985 ], [ -100.870262248233274, 20.080976146411292 ], [ -100.870262248265377, 20.080976146570752 ], [ -100.870262248182655, 20.080976146707751 ], [ -100.870968051336916, 20.08448148626784 ], [ -100.871391211457436, 20.08526068729816 ], [ -100.87168415345964, 20.085297266350675 ], [ -100.871863921413052, 20.085542573829198 ], [ -100.87209990634426, 20.085662835061587 ], [ -100.872216045582604, 20.085619558033571 ], [ -100.872332184751329, 20.085576280933996 ], [ -100.872624385979506, 20.085571495362732 ], [ -100.872801189673723, 20.085651349771261 ], [ -100.872862595986021, 20.085815844495446 ], [ -100.872981701268401, 20.0859380189166 ], [ -100.873218429155315, 20.086099641512153 ], [ -100.873572780155428, 20.086300711763307 ], [ -100.873866466090988, 20.086378649955819 ], [ -100.874102453581898, 20.086498908256356 ], [ -100.87404698053102, 20.086665317471923 ], [ -100.873873142348501, 20.086750916299373 ], [ -100.873699303965864, 20.086836514969711 ], [ -100.873290960873319, 20.086884580357392 ], [ -100.872938833485804, 20.086807598576257 ], [ -100.872587447852624, 20.086771979055534 ], [ -100.872295985787758, 20.086818127741033 ], [ -100.872240510603007, 20.086984536819259 ], [ -100.872240510628103, 20.086984536886472 ], [ -100.872240510551947, 20.086984537114901 ], [ -100.872301916940231, 20.087149032016011 ], [ -100.872307106814702, 20.087438572986461 ], [ -100.872367772054446, 20.087561704843868 ], [ -100.871553304127872, 20.08778191792457 ], [ -100.870423011444743, 20.089951929399287 ], [ -100.868001024427457, 20.091812063856903 ], [ -100.867716214201053, 20.092230473582944 ], [ -100.867433623373344, 20.092772972226861 ], [ -100.867089626578107, 20.09315097371902 ], [ -100.866744147899283, 20.093446248445012 ], [ -100.866281780929484, 20.093743433236032 ], [ -100.86570030531017, 20.093918437838404 ], [ -100.862666409377638, 20.0942576202733 ], [ -100.861618853178911, 20.09452297074607 ], [ -100.86091309388172, 20.09428623528969 ], [ -100.859788631627254, 20.09351844687297 ], [ -100.859259686110761, 20.093361571265689 ], [ -100.858325326082181, 20.093418179631165 ], [ -100.857569246944593, 20.093637379286648 ], [ -100.856360362815536, 20.094691459875996 ], [ -100.855781081722981, 20.094990523018318 ], [ -100.855317950049624, 20.09524631763351 ], [ -100.854798583394995, 20.095627152892252 ], [ -100.854052066949379, 20.096384062935059 ], [ -100.852481418277407, 20.096823376412768 ], [ -100.851200041796716, 20.097092470820691 ], [ -100.850910759709919, 20.097262676571813 ], [ -100.850119752481248, 20.098806428639275 ], [ -100.849159276764638, 20.100683935784989 ], [ -100.847842564775974, 20.098967558672499 ], [ -100.84363150362006, 20.098870407567777 ], [ -100.841809964765076, 20.102897650810178 ], [ -100.839850309452572, 20.103234759694793 ], [ -100.839614317814323, 20.103114455671797 ], [ -100.841276112968075, 20.102331387843737 ], [ -100.84117288177778, 20.101852860828693 ], [ -100.841072727165155, 20.100802465395297 ], [ -100.838446730995699, 20.101561090519944 ], [ -100.838400696730616, 20.101437708937421 ], [ -100.838354662545143, 20.101314327335789 ], [ -100.834724334718132, 20.090529841144608 ], [ -100.835500303344133, 20.090103970798761 ], [ -100.83454773563831, 20.085565478102939 ], [ -100.834280181441073, 20.085841440692988 ], [ -100.83394563731305, 20.086047854366278 ], [ -100.833569519655612, 20.086165058648437 ], [ -100.832980037051072, 20.086042352318248 ], [ -100.832935884340245, 20.085114728342962 ], [ -100.832897540251636, 20.084286572454729 ], [ -100.832853494457666, 20.083467103486662 ], [ -100.832606389958642, 20.082903430283142 ], [ -100.832273613813868, 20.082157318795606 ], [ -100.832145435068924, 20.081869929220037 ], [ -100.832052919763441, 20.081662499855046 ], [ -100.831858476680949, 20.081226535182026 ], [ -100.831677682606326, 20.080844702199649 ], [ -100.831513928857703, 20.080398869266027 ], [ -100.830671058334929, 20.079021171324985 ], [ -100.830857584219785, 20.078900774442534 ], [ -100.831864549907337, 20.078564060676587 ], [ -100.832138628556677, 20.078472411797989 ], [ -100.832459326003061, 20.078574739850943 ], [ -100.832954240475189, 20.078546962870451 ], [ -100.833392152571676, 20.078499807186965 ], [ -100.833626791369198, 20.078474540125399 ], [ -100.834350337854929, 20.078396623078532 ], [ -100.833933713411085, 20.076294726288022 ], [ -100.834093754390167, 20.072071995418952 ], [ -100.832163952845278, 20.073132958000446 ], [ -100.828300420351098, 20.075256951869278 ], [ -100.827207150626208, 20.074768413892699 ], [ -100.825950008377887, 20.074206635374789 ], [ -100.822236779053924, 20.069261235531076 ], [ -100.816373363766431, 20.061451296612539 ], [ -100.8173289639129, 20.05928439673222 ], [ -100.821064272706252, 20.058976131130571 ], [ -100.821301165099825, 20.055827739418536 ], [ -100.82182704430862, 20.055819284636325 ], [ -100.821527616989485, 20.055410337849036 ], [ -100.821649823006581, 20.052387917437468 ], [ -100.82082162909208, 20.051821964258242 ], [ -100.820051143630295, 20.051213703455222 ], [ -100.819279937525678, 20.050564074303754 ], [ -100.820529765299355, 20.048516563698694 ], [ -100.821620273623793, 20.047381881759225 ], [ -100.822315590660992, 20.047039694578931 ], [ -100.824053869301991, 20.046184215630479 ], [ -100.827132306254114, 20.045100262429735 ], [ -100.830501370135693, 20.043928820371526 ], [ -100.830335485153228, 20.047779462624131 ], [ -100.831095045609345, 20.047767213883695 ], [ -100.832613435403516, 20.047701342462009 ], [ -100.834131092488107, 20.047594093955418 ], [ -100.83599711867069, 20.047357076964261 ], [ -100.836697516199763, 20.047304384189953 ], [ -100.838275785016052, 20.047320248549266 ], [ -100.838798704527051, 20.047146289429293 ], [ -100.839263927262223, 20.047014637881983 ], [ -100.840253529006944, 20.046791749959581 ], [ -100.842109277980668, 20.045975574518135 ], [ -100.844274727462818, 20.046147381738503 ], [ -100.844800567227551, 20.046138861193572 ], [ -100.845909939415534, 20.046079504399955 ], [ -100.846551898017154, 20.046027720434683 ], [ -100.847017109270709, 20.045896049229256 ], [ -100.846382740452356, 20.049671527189471 ], [ -100.849344935339317, 20.048630452678726 ], [ -100.849825574420109, 20.049367412323221 ], [ -100.851107308105924, 20.049139720645265 ], [ -100.851036010576735, 20.051706168308005 ], [ -100.852146151045972, 20.051688133169289 ], [ -100.853782145939093, 20.051661542392424 ], [ -100.861136724754985, 20.051128062483922 ], [ -100.861085671456109, 20.051542649327398 ], [ -100.870538469641687, 20.057222238139495 ], [ -100.872065789642903, 20.057652379650097 ], [ -100.873687748877515, 20.056839700761589 ], [ -100.875206916713992, 20.056814820919012 ], [ -100.875734265021805, 20.056888931742442 ], [ -100.876376989473613, 20.056878399793373 ], [ -100.877252689582676, 20.056822671269103 ], [ -100.877785974283114, 20.057227679931557 ], [ -100.877968683476496, 20.057638435718633 ], [ -100.878211307821346, 20.058130959011226 ], [ -100.878276417120247, 20.058502267666395 ], [ -100.878520528444724, 20.059077516257574 ], [ -100.878796348788939, 20.058162739031687 ], [ -100.879364313953175, 20.057243169015699 ], [ -100.879828779826596, 20.057070048166942 ], [ -100.884988491345652, 20.051482430092964 ], [ -100.887518362935495, 20.055661086071726 ], [ -100.889237984106799, 20.057756097853552 ], [ -100.888677665954731, 20.058372759595116 ] ] ] ] } },
{ "type": "Feature", "properties": { "ID": 21, "ENTIDAD": 11, "MUNICIPIO": 2, "NOMBRE": "ACAMBARO", "CONTROL": 39, "GEOMETRY1_": null, "ID_2": 119, "ENTIDAD_2": 11, "DISTRITO_F": 14, "DISTRITO_L": 22, "MUNICIPIO_2": 2, "SECCION": 119, "TIPO": 4, "CONTROL_2": 4127, "GEOMETRY1__2": null }, "geometry": { "type": "MultiPolygon", "coordinates": [ [ [ [ -100.921641212404964, 20.042311735212003 ], [ -100.921502309957816, 20.042707103927839 ], [ -100.921363406895765, 20.043102472574745 ], [ -100.921363406854923, 20.043102472817498 ], [ -100.921363406834146, 20.043102472876654 ], [ -100.920888800015319, 20.045923833754987 ], [ -100.920853718184176, 20.047207026324386 ], [ -100.920684777925786, 20.050768041482169 ], [ -100.920516278173494, 20.051143214790649 ], [ -100.920293116566938, 20.051726169746313 ], [ -100.919721654676835, 20.052439041141394 ], [ -100.919204850674603, 20.052944129638473 ], [ -100.918747975294977, 20.053530969384603 ], [ -100.918524804380269, 20.054113922769634 ], [ -100.918524804342368, 20.054113923009659 ], [ -100.918524804319262, 20.054113923070005 ], [ -100.918419991423008, 20.054777657263422 ], [ -100.918251482645829, 20.055152829113865 ], [ -100.912245323756224, 20.052687352283741 ], [ -100.911417591845904, 20.052163212059046 ], [ -100.9114175918521, 20.052163212401172 ], [ -100.911417591786559, 20.052163212359666 ], [ -100.911425098471653, 20.052576834066478 ], [ -100.911486527872455, 20.052741313724596 ], [ -100.911547957415081, 20.05290579334811 ], [ -100.911729243787093, 20.053233783377614 ], [ -100.91173675159547, 20.053647404952976 ], [ -100.911745761148254, 20.054143750814664 ], [ -100.911873127359769, 20.054720882554832 ], [ -100.912174275582402, 20.05521238184382 ], [ -100.91178255228364, 20.056170495790571 ], [ -100.911504677901704, 20.056961222517295 ], [ -100.911504677931831, 20.056961222562446 ], [ -100.911504677842302, 20.056961222817193 ], [ -100.911805079008886, 20.057411360280664 ], [ -100.911211918726408, 20.060151922458417 ], [ -100.908452230482922, 20.059452931917789 ], [ -100.907696399134423, 20.059672328407608 ], [ -100.907106107174741, 20.059351109316594 ], [ -100.906998994911305, 20.059890754077401 ], [ -100.90635701988306, 20.059942760544615 ], [ -100.906070868077023, 20.06027849621945 ], [ -100.905893330712971, 20.060157311707016 ], [ -100.905660361544889, 20.060202543447854 ], [ -100.905250604600113, 20.06016795198051 ], [ -100.905250604668566, 20.060167952290701 ], [ -100.905250604542147, 20.060167952280032 ], [ -100.905505305147003, 20.061322227258749 ], [ -100.905455118151011, 20.061778179331714 ], [ -100.904343444837238, 20.061713830082567 ], [ -100.903461748641334, 20.061438795678502 ], [ -100.903050491009225, 20.061321474653056 ], [ -100.902639233909966, 20.061204152618718 ], [ -100.901990514654415, 20.06088388245178 ], [ -100.901753052571138, 20.060680934954767 ], [ -100.901397982993061, 20.060438556591745 ], [ -100.901099099733159, 20.060071124416339 ], [ -100.900618944570894, 20.05937568934511 ], [ -100.900487125575211, 20.058550372215844 ], [ -100.900531343102983, 20.057763520635969 ], [ -100.900290896180124, 20.057395120853602 ], [ -100.900168055652415, 20.057066152276274 ], [ -100.899917141919047, 20.056118677584248 ], [ -100.899799537471196, 20.05607924571294 ], [ -100.8994497149978, 20.056126399435811 ], [ -100.899154582842584, 20.055965775100944 ], [ -100.898856461358861, 20.055639700319148 ], [ -100.898495428822983, 20.055066414824907 ], [ -100.897831052454549, 20.053877513824681 ], [ -100.895124655141288, 20.055179666036196 ], [ -100.889371370300637, 20.057947591198648 ], [ -100.88931107829498, 20.057845146299375 ], [ -100.889237984264724, 20.057756097679746 ], [ -100.889237984106799, 20.057756097853552 ], [ -100.887518362935495, 20.055661086071726 ], [ -100.884988491345652, 20.051482430092964 ], [ -100.879828779826596, 20.057070048166942 ], [ -100.879364313953175, 20.057243169015699 ], [ -100.878796348788939, 20.058162739031687 ], [ -100.878520528444724, 20.059077516257574 ], [ -100.878276417120247, 20.058502267666395 ], [ -100.878211307821346, 20.058130959011226 ], [ -100.877968683476496, 20.057638435718633 ], [ -100.877785974283114, 20.057227679931557 ], [ -100.877252689582676, 20.056822671269103 ], [ -100.876376989473613, 20.056878399793373 ], [ -100.875734265021805, 20.056888931742442 ], [ -100.875206916713992, 20.056814820919012 ], [ -100.873687748877515, 20.056839700761589 ], [ -100.872065789642903, 20.057652379650097 ], [ -100.870538469641687, 20.057222238139495 ], [ -100.861085671456109, 20.051542649327398 ], [ -100.861136724754985, 20.051128062483922 ], [ -100.853782145939093, 20.051661542392424 ], [ -100.852146151045972, 20.051688133169289 ], [ -100.85243461711319, 20.051476567602005 ], [ -100.852663918889263, 20.051224587529102 ], [ -100.853009340865214, 20.050929344264581 ], [ -100.853063356897138, 20.050680212676177 ], [ -100.858300039181088, 20.039369260237557 ], [ -100.859085270053825, 20.037673065369741 ], [ -100.860453523525806, 20.036017329981416 ], [ -100.861698799961857, 20.034510373143362 ], [ -100.862519028121895, 20.033892590708415 ], [ -100.863254659079104, 20.033029210452177 ], [ -100.863405215436131, 20.032917212000601 ], [ -100.863730867104607, 20.032804922414865 ], [ -100.863979493952868, 20.032719191645722 ], [ -100.862854152588199, 20.032002672758647 ], [ -100.862411513231464, 20.031720834836445 ], [ -100.862924372559988, 20.030928884446222 ], [ -100.862948390875403, 20.030505367673811 ], [ -100.862842185604521, 20.030263151961275 ], [ -100.863016838971959, 20.029851758135994 ], [ -100.863179720297524, 20.029210863192343 ], [ -100.863249373931353, 20.029121021559085 ], [ -100.86346092996186, 20.028764074628977 ], [ -100.863616774180159, 20.028445913885307 ], [ -100.863653031058291, 20.028371894173763 ], [ -100.863872695418436, 20.027582177603257 ], [ -100.865197887603472, 20.026526176919155 ], [ -100.865068507676625, 20.025824903819188 ], [ -100.864645563052548, 20.025045667492254 ], [ -100.86410947460395, 20.024475152403969 ], [ -100.863690225565819, 20.023902730591164 ], [ -100.863497276820382, 20.0229128631347 ], [ -100.863545371984273, 20.02233282145507 ], [ -100.86371177553464, 20.021833602163348 ], [ -100.863820498702964, 20.021376698671979 ], [ -100.863991324849351, 20.02112566035715 ], [ -100.864336662844579, 20.020830400919941 ], [ -100.864739678453049, 20.020492824760552 ], [ -100.865201108633656, 20.020154295032061 ], [ -100.865368242828907, 20.019696438161073 ], [ -100.865595267603865, 20.019320355290471 ], [ -100.865881445001023, 20.018984682720347 ], [ -100.866341392517754, 20.018563423554873 ], [ -100.867779635484069, 20.017298686402125 ], [ -100.867716213743506, 20.017837603126157 ], [ -100.867652791732752, 20.018376519830902 ], [ -100.867525946900471, 20.019454353182581 ], [ -100.868463556093502, 20.019604547887525 ], [ -100.867793492585704, 20.024621920471645 ], [ -100.868740736434034, 20.02530983520488 ], [ -100.872952751141355, 20.025571996033062 ], [ -100.873950298010087, 20.025803929233195 ], [ -100.875260593967397, 20.023920594941426 ], [ -100.882219662641049, 20.024220299803002 ], [ -100.883273399432156, 20.024327132436365 ], [ -100.885266270289364, 20.024666786533221 ], [ -100.888248522623201, 20.024783276776656 ], [ -100.884954974192652, 20.033360683551905 ], [ -100.885599360708312, 20.03340277933879 ], [ -100.895076597866506, 20.034021622556342 ], [ -100.912279091102135, 20.03522669447656 ], [ -100.925211751042596, 20.03621162301836 ], [ -100.925033098247511, 20.039234933194283 ], [ -100.924854443940418, 20.042258242475771 ], [ -100.921641212404964, 20.042311735212003 ] ] ] ] } },
{ "type": "Feature", "properties": { "ID": 21, "ENTIDAD": 11, "MUNICIPIO": 2, "NOMBRE": "ACAMBARO", "CONTROL": 39, "GEOMETRY1_": null, "ID_2": 120, "ENTIDAD_2": 11, "DISTRITO_F": 14, "DISTRITO_L": 22, "MUNICIPIO_2": 2, "SECCION": 120, "TIPO": 4, "CONTROL_2": 4136, "GEOMETRY1__2": null }, "geometry": { "type": "MultiPolygon", "coordinates": [ [ [ [ -100.851107308105924, 20.049139720645265 ], [ -100.849825574420109, 20.049367412323221 ], [ -100.849344935339317, 20.048630452678726 ], [ -100.846382740452356, 20.049671527189471 ], [ -100.847017109270709, 20.045896049229256 ], [ -100.846551898017154, 20.046027720434683 ], [ -100.845909939415534, 20.046079504399955 ], [ -100.844800567227551, 20.046138861193572 ], [ -100.844274727462818, 20.046147381738503 ], [ -100.842109277980668, 20.045975574518135 ], [ -100.840253529006944, 20.046791749959581 ], [ -100.839263927262223, 20.047014637881983 ], [ -100.838798704527051, 20.047146289429293 ], [ -100.838275785016052, 20.047320248549266 ], [ -100.836697516199763, 20.047304384189953 ], [ -100.83599711867069, 20.047357076964261 ], [ -100.834131092488107, 20.047594093955418 ], [ -100.832613435403516, 20.047701342462009 ], [ -100.831095045609345, 20.047767213883695 ], [ -100.830335485153228, 20.047779462624131 ], [ -100.830501370135693, 20.043928820371526 ], [ -100.827132306254114, 20.045100262429735 ], [ -100.826926435940123, 20.043365783333414 ], [ -100.826554032905037, 20.042130497591966 ], [ -100.822841207869303, 20.040369686313245 ], [ -100.824223771161101, 20.039230295922497 ], [ -100.826776984673486, 20.038196180462268 ], [ -100.829032942081341, 20.036877187427507 ], [ -100.830599446601056, 20.036231300036579 ], [ -100.831117236568645, 20.035767815763652 ], [ -100.831881844679245, 20.03604511791243 ], [ -100.832551554166926, 20.034255147316955 ], [ -100.830896762600517, 20.033206056369103 ], [ -100.830711289541966, 20.032629781752775 ], [ -100.83146275601797, 20.03216253004733 ], [ -100.83203603542951, 20.031532645050405 ], [ -100.832325226265255, 20.031362476882489 ], [ -100.832794787554903, 20.031479030859288 ], [ -100.833258512419036, 20.0312646696452 ], [ -100.833548430990433, 20.031135863845222 ], [ -100.833775549150531, 20.030759814997836 ], [ -100.834121698124093, 20.030505972960665 ], [ -100.834468575872151, 20.030293494538 ], [ -100.834643109315522, 20.030249301408869 ], [ -100.835284281185267, 20.030156198846029 ], [ -100.833713637273462, 20.020623688197997 ], [ -100.836516218623402, 20.020495701622988 ], [ -100.838268740975408, 20.020467392854354 ], [ -100.840250543482583, 20.020187103954473 ], [ -100.843641665338637, 20.020297743283432 ], [ -100.844731818050789, 20.019162943645849 ], [ -100.847070681525778, 20.019249179823351 ], [ -100.84745467632824, 20.017836177702531 ], [ -100.848508365129931, 20.017943222760529 ], [ -100.849609468048541, 20.017428855396481 ], [ -100.849895678626979, 20.01709320619225 ], [ -100.852967474496452, 20.015677947689387 ], [ -100.855394447735208, 20.014148993047272 ], [ -100.857657163337166, 20.013243314703328 ], [ -100.858239096541425, 20.013109721670837 ], [ -100.85865093721236, 20.013268523988721 ], [ -100.859877630711054, 20.013248560841404 ], [ -100.860276958000611, 20.012704177071214 ], [ -100.861145799860381, 20.012276274406126 ], [ -100.862489310803014, 20.012254391319505 ], [ -100.863094622089008, 20.016713091980602 ], [ -100.863917594108173, 20.016989307048593 ], [ -100.866609117849919, 20.017193663165941 ], [ -100.867779635484069, 20.017298686402125 ], [ -100.866341392517754, 20.018563423554873 ], [ -100.865881445001023, 20.018984682720347 ], [ -100.865595267603865, 20.019320355290471 ], [ -100.865368242828907, 20.019696438161073 ], [ -100.865201108633656, 20.020154295032061 ], [ -100.864739678453049, 20.020492824760552 ], [ -100.864336662844579, 20.020830400919941 ], [ -100.863991324849351, 20.02112566035715 ], [ -100.863820498702964, 20.021376698671979 ], [ -100.86371177553464, 20.021833602163348 ], [ -100.863545371984273, 20.02233282145507 ], [ -100.863497276820382, 20.0229128631347 ], [ -100.863690225565819, 20.023902730591164 ], [ -100.86410947460395, 20.024475152403969 ], [ -100.864645563052548, 20.025045667492254 ], [ -100.865068507676625, 20.025824903819188 ], [ -100.865197887603472, 20.026526176919155 ], [ -100.863872695418436, 20.027582177603257 ], [ -100.863653031058291, 20.028371894173763 ], [ -100.863616774180159, 20.028445913885307 ], [ -100.86346092996186, 20.028764074628977 ], [ -100.863249373931353, 20.029121021559085 ], [ -100.863179720297524, 20.029210863192343 ], [ -100.863016838971959, 20.029851758135994 ], [ -100.862842185604521, 20.030263151961275 ], [ -100.862948390875403, 20.030505367673811 ], [ -100.862924372559988, 20.030928884446222 ], [ -100.862411513231464, 20.031720834836445 ], [ -100.862854152588199, 20.032002672758647 ], [ -100.863979493952868, 20.032719191645722 ], [ -100.863730867104607, 20.032804922414865 ], [ -100.863405215436131, 20.032917212000601 ], [ -100.863254659079104, 20.033029210452177 ], [ -100.862519028121895, 20.033892590708415 ], [ -100.861698799961857, 20.034510373143362 ], [ -100.860453523525806, 20.036017329981416 ], [ -100.859085270053825, 20.037673065369741 ], [ -100.858300039181088, 20.039369260237557 ], [ -100.853063356897138, 20.050680212676177 ], [ -100.853009340865214, 20.050929344264581 ], [ -100.852663918889263, 20.051224587529102 ], [ -100.85243461711319, 20.051476567602005 ], [ -100.852146151045972, 20.051688133169289 ], [ -100.851036010576735, 20.051706168308005 ], [ -100.851107308105924, 20.049139720645265 ] ] ] ] } },
{ "type": "Feature", "properties": { "ID": 21, "ENTIDAD": 11, "MUNICIPIO": 2, "NOMBRE": "ACAMBARO", "CONTROL": 39, "GEOMETRY1_": null, "ID_2": 123, "ENTIDAD_2": 11, "DISTRITO_F": 14, "DISTRITO_L": 22, "MUNICIPIO_2": 2, "SECCION": 123, "TIPO": 4, "CONTROL_2": 4161, "GEOMETRY1__2": null }, "geometry": { "type": "MultiPolygon", "coordinates": [ [ [ [ -100.659085765260429, 20.043368634968001 ], [ -100.658733256505144, 20.043206108059103 ], [ -100.658554340069614, 20.042835634248028 ], [ -100.658316926977349, 20.042465615966126 ], [ -100.658022538308174, 20.042261315906568 ], [ -100.658080655602902, 20.042219544486787 ], [ -100.657614196075002, 20.042388452380358 ], [ -100.657092277376933, 20.042888340540909 ], [ -100.65650957861746, 20.043140787985489 ], [ -100.655925359272203, 20.043227970524278 ], [ -100.655573992258866, 20.043189384415008 ], [ -100.655163368573071, 20.043068620766718 ], [ -100.654517616277673, 20.042825726973817 ], [ -100.65428097063652, 20.042538334230482 ], [ -100.654214889407726, 20.041712472298084 ], [ -100.653688033772028, 20.041675245272497 ], [ -100.652752832797162, 20.041765142074986 ], [ -100.651524007379649, 20.041733354185279 ], [ -100.650997908325138, 20.041778750873387 ], [ -100.650470674281053, 20.041700198325437 ], [ -100.649945330888173, 20.041828223708325 ], [ -100.649536603820451, 20.041914025995293 ], [ -100.648951627699205, 20.041918553597537 ], [ -100.648776890325621, 20.042002543363488 ], [ -100.648545165835898, 20.042252249251312 ], [ -100.64825343226947, 20.042337143579473 ], [ -100.647959810632813, 20.042215457716448 ], [ -100.647078570949759, 20.041809081033822 ], [ -100.646315461839123, 20.041525744056155 ], [ -100.645434983446791, 20.041201990584998 ], [ -100.644907376093869, 20.041082105096962 ], [ -100.644088035407307, 20.041047105432661 ], [ -100.643740062056651, 20.041380339584094 ], [ -100.643097341147254, 20.041467930702293 ], [ -100.64280410065399, 20.041387551927741 ], [ -100.642452738923353, 20.041348939216988 ], [ -100.641694901194612, 20.041644006628538 ], [ -100.639940343909544, 20.041698821742145 ], [ -100.63935461525638, 20.041620685302764 ], [ -100.638652266570531, 20.041584761556152 ], [ -100.638243531933668, 20.041670538122247 ], [ -100.637950292895567, 20.041590151151592 ], [ -100.636777713976471, 20.041309914369137 ], [ -100.636599224352764, 20.040980730673329 ], [ -100.63624411964058, 20.040528943524563 ], [ -100.636358118857842, 20.040197517092171 ], [ -100.636356246562968, 20.0399909361212 ], [ -100.63611926233564, 20.039662200158443 ], [ -100.635755553931872, 20.038260138786001 ], [ -100.63569481183535, 20.038012689680752 ], [ -100.635633695741731, 20.037723924314911 ], [ -100.635631450466605, 20.037476026991492 ], [ -100.635569960585272, 20.037145945340495 ], [ -100.635567341310278, 20.036856731767926 ], [ -100.635388859874027, 20.036527546163136 ], [ -100.635154501729971, 20.036488021929578 ], [ -100.634979387712235, 20.03653068196347 ], [ -100.634980135749004, 20.036613314440796 ], [ -100.634980883789879, 20.036695946917334 ], [ -100.634601967895293, 20.036843464773973 ], [ -100.634223051240056, 20.036990981865689 ], [ -100.630584902759608, 20.036386125370672 ], [ -100.625669206375093, 20.03556874360341 ], [ -100.62502537953138, 20.03553231880003 ], [ -100.624674403829033, 20.035534985975747 ], [ -100.6250660491053, 20.033548684630688 ], [ -100.62511563165593, 20.032556645141 ], [ -100.625143965456147, 20.032509027643403 ], [ -100.625288516436697, 20.03226609624711 ], [ -100.625461772036005, 20.03201686367262 ], [ -100.625690178347881, 20.031395338201822 ], [ -100.625803080666557, 20.03093996780828 ], [ -100.625740871733711, 20.030527247989276 ], [ -100.625614969440122, 20.029536542317146 ], [ -100.625607541440701, 20.028710213042672 ], [ -100.625547191177347, 20.028504075300599 ], [ -100.625542363465485, 20.027966961201038 ], [ -100.629904358937509, 20.028058510463982 ], [ -100.636462448978008, 20.028195948247312 ], [ -100.644323454952669, 20.028360369975363 ], [ -100.648490168757434, 20.027289460982825 ], [ -100.656753904198482, 20.025165227608611 ], [ -100.65716296296101, 20.025120727661527 ], [ -100.657455798398516, 20.025159768553625 ], [ -100.657686345890781, 20.024786105814123 ], [ -100.659186969255643, 20.022584529137436 ], [ -100.659360539423275, 20.022376583409326 ], [ -100.659592219027715, 20.022126866083568 ], [ -100.659999747785264, 20.021917097004739 ], [ -100.660174837207435, 20.021874413750634 ], [ -100.663092851423997, 20.021149229722287 ], [ -100.663326428435767, 20.021106086662723 ], [ -100.663737379617729, 20.02126815097057 ], [ -100.6656170595422, 20.0221211459701 ], [ -100.666794439797343, 20.022308432688799 ], [ -100.667141226318947, 20.022363594670111 ], [ -100.667845056405909, 20.022518415629136 ], [ -100.6680787517612, 20.022514864402584 ], [ -100.668486345939229, 20.02242591268033 ], [ -100.668835515843682, 20.022337848150659 ], [ -100.669126261605669, 20.022250671152058 ], [ -100.669415633934904, 20.022080757401685 ], [ -100.669759309453852, 20.021661745992606 ], [ -100.670100236411457, 20.021077261478304 ], [ -100.670324314938952, 20.020494553553828 ], [ -100.670316760927435, 20.020039504051876 ], [ -100.670127759099131, 20.019214806643824 ], [ -100.670060410381893, 20.018677909136091 ], [ -100.670052171028132, 20.018181491320451 ], [ -100.669922281977307, 20.017397273058435 ], [ -100.67008930854503, 20.016898190136885 ], [ -100.670314069049198, 20.016356850538692 ], [ -100.670428508727639, 20.016210285123464 ], [ -100.670457118614877, 20.016173643760052 ], [ -100.670485728489155, 20.016137002392909 ], [ -100.670542948198829, 20.016063719646972 ], [ -100.671002764371991, 20.015601561561009 ], [ -100.671406904402318, 20.015305763751545 ], [ -100.671870150835275, 20.015050444356412 ], [ -100.672512094068196, 20.014999297190698 ], [ -100.673098365107037, 20.015114509431474 ], [ -100.673684636851419, 20.01522971966746 ], [ -100.674391877298376, 20.015591356868715 ], [ -100.674639316534609, 20.016415158925671 ], [ -100.674702552360642, 20.01670384545498 ], [ -100.674830400491743, 20.017363954466582 ], [ -100.674903955180426, 20.018273161506979 ], [ -100.675088852343606, 20.018849643985661 ], [ -100.675509161005849, 20.01952598549553 ], [ -100.675929473416915, 20.020202325699739 ], [ -100.676225716671269, 20.020446081608828 ], [ -100.676754963951282, 20.02064490648014 ], [ -100.677459481212608, 20.020841057070637 ], [ -100.678045776548672, 20.020956251036139 ], [ -100.678514537769345, 20.021031857585605 ], [ -100.678870587331289, 20.021357453261455 ], [ -100.679052057884888, 20.021727090449183 ], [ -100.679237663992097, 20.022344934927613 ], [ -100.679245933425605, 20.022841350009454 ], [ -100.679141490161413, 20.023587755657392 ], [ -100.679031533347228, 20.024003217889117 ], [ -100.678623626404601, 20.025209056152708 ], [ -100.678458806149195, 20.025766263262383 ], [ -100.678402965609322, 20.026138889767878 ], [ -100.678522527463329, 20.026510358827068 ], [ -100.678700557602738, 20.026881441851202 ], [ -100.678995524211757, 20.027251752628498 ], [ -100.67934837586391, 20.027538956561656 ], [ -100.679701228784225, 20.02782615968993 ], [ -100.67999532257366, 20.028072388354893 ], [ -100.680406353555824, 20.028317843476842 ], [ -100.68087526886093, 20.028480190848917 ], [ -100.681226663258911, 20.028560590505212 ], [ -100.682040181230619, 20.028607689972755 ], [ -100.682435362362753, 20.028553758192022 ], [ -100.682595285038445, 20.02851648584241 ], [ -100.682863838110165, 20.028453895210376 ], [ -100.683199816763477, 20.028307996066172 ], [ -100.683191798190151, 20.028395634869195 ], [ -100.683126598282371, 20.029108233631316 ], [ -100.681158448321341, 20.028894779347159 ], [ -100.680749467873497, 20.028901025171489 ], [ -100.680457338915858, 20.028905485897056 ], [ -100.679873080834682, 20.028914405904239 ], [ -100.679172660108108, 20.028966475266152 ], [ -100.678647516396595, 20.029015867465553 ], [ -100.678008276218094, 20.029232512432657 ], [ -100.677600671907101, 20.029321486901743 ], [ -100.676900247914958, 20.029373547445747 ], [ -100.676373724524552, 20.02934019713199 ], [ -100.675732414160279, 20.029432730281332 ], [ -100.675148152612053, 20.029441634839184 ], [ -100.674882086808836, 20.029408205445591 ], [ -100.674461349824881, 20.029355047072137 ], [ -100.674269695900023, 20.029330884055231 ], [ -100.673830467920325, 20.029275506373835 ], [ -100.673391240076285, 20.029220128818924 ], [ -100.672221341924583, 20.029155184347239 ], [ -100.671168296448201, 20.029088454032308 ], [ -100.670466495343703, 20.029057753000934 ], [ -100.66976538109482, 20.029068417272367 ], [ -100.669181805632491, 20.029118670167399 ], [ -100.668656655920415, 20.029168032962243 ], [ -100.668014653136638, 20.02921917025979 ], [ -100.667310792566809, 20.029064352227412 ], [ -100.665635925040945, 20.029235691523141 ], [ -100.663961052633098, 20.029407015214499 ], [ -100.66384190286864, 20.029386267947679 ], [ -100.663684472630109, 20.031103629726505 ], [ -100.663576386589881, 20.032055021021272 ], [ -100.663584105744874, 20.032881522725866 ], [ -100.663590281374852, 20.033542724031907 ], [ -100.663715738328492, 20.034450961311922 ], [ -100.663485668119222, 20.034866040869364 ], [ -100.663313307685613, 20.035198012924251 ], [ -100.663084007249111, 20.035695742238495 ], [ -100.662970128286688, 20.036027256975704 ], [ -100.66274236907617, 20.036690286296249 ], [ -100.662514993944512, 20.037394640496217 ], [ -100.662520395161692, 20.037973191658999 ], [ -100.662349958622286, 20.038511788462163 ], [ -100.662380936686944, 20.038697522881872 ], [ -100.662411914841442, 20.038883257287146 ], [ -100.662650481996906, 20.039377330332886 ], [ -100.662772467582911, 20.039913642162038 ], [ -100.662835969383295, 20.040450410928798 ], [ -100.663016055647603, 20.040944940240351 ], [ -100.663080331037833, 20.041564358878404 ], [ -100.663258489122924, 20.041852262497841 ], [ -100.662233971091212, 20.042187141740101 ], [ -100.661535051699815, 20.042523150431773 ], [ -100.660428549853648, 20.04306893084415 ], [ -100.660020588680837, 20.043237388568418 ], [ -100.659437513552746, 20.04344852971148 ], [ -100.659085765260429, 20.043368634968001 ] ] ] ] } },
{ "type": "Feature", "properties": { "ID": 21, "ENTIDAD": 11, "MUNICIPIO": 2, "NOMBRE": "ACAMBARO", "CONTROL": 39, "GEOMETRY1_": null, "ID_2": 124, "ENTIDAD_2": 11, "DISTRITO_F": 14, "DISTRITO_L": 22, "MUNICIPIO_2": 2, "SECCION": 124, "TIPO": 4, "CONTROL_2": 4162, "GEOMETRY1__2": null }, "geometry": { "type": "MultiPolygon", "coordinates": [ [ [ [ -100.568890139577249, 20.040374149054493 ], [ -100.568846685885987, 20.040206349854987 ], [ -100.568664409837453, 20.039422594750338 ], [ -100.568600203361214, 20.038761939952291 ], [ -100.568242792005435, 20.038020779553964 ], [ -100.568003806691493, 20.037444036919084 ], [ -100.567760545909906, 20.036371482843929 ], [ -100.567637847769817, 20.035711252790758 ], [ -100.567573291878631, 20.035009279447564 ], [ -100.567626443689392, 20.034389090207121 ], [ -100.567737379430099, 20.033685839925717 ], [ -100.567964594779482, 20.032899103119082 ], [ -100.568019527075009, 20.032485501516422 ], [ -100.568190382309126, 20.031947095731677 ], [ -100.568190382306909, 20.03194709547563 ], [ -100.568190382321816, 20.031947095428652 ], [ -100.568186104932536, 20.031451284387309 ], [ -100.568237828414311, 20.030665824548386 ], [ -100.568289551687243, 20.029880364456005 ], [ -100.568343413348842, 20.029342809936356 ], [ -100.568453274655496, 20.028515606457866 ], [ -100.568854182096629, 20.027521003637126 ], [ -100.569252588613892, 20.026237176947305 ], [ -100.569539708784333, 20.025615283185978 ], [ -100.569655626347242, 20.025490478367789 ], [ -100.569708412862965, 20.024828970797188 ], [ -100.569937749230419, 20.024290137787339 ], [ -100.570284427217189, 20.023791769788129 ], [ -100.570455624251849, 20.023294680044788 ], [ -100.570508407358631, 20.022633172351537 ], [ -100.570737381392803, 20.022053020983343 ], [ -100.570790520194024, 20.021432830815638 ], [ -100.570790520183806, 20.021432830780622 ], [ -100.570790520206884, 20.021432830511166 ], [ -100.570730243523954, 20.021226668841997 ], [ -100.570669967016855, 20.021020507137202 ], [ -100.570610761220948, 20.02093829819 ], [ -100.57043100346236, 20.020443765584115 ], [ -100.570365376323366, 20.01961783992974 ], [ -100.57095243354776, 20.019861483309349 ], [ -100.571655047575263, 20.019939001222031 ], [ -100.572124052564376, 20.02005954087474 ], [ -100.572768533382373, 20.020178798532875 ], [ -100.573236824688067, 20.020216700027834 ], [ -100.573645551522418, 20.020131074874961 ], [ -100.574348167273456, 20.020208581922731 ], [ -100.575107843191134, 20.020120388386729 ], [ -100.575985575893, 20.020155288195799 ], [ -100.57692287571615, 20.0203137077634 ], [ -100.577803478942187, 20.020679138136458 ], [ -100.578860997649628, 20.021208546773543 ], [ -100.579505845627622, 20.021369096642424 ], [ -100.58021206174358, 20.021859753902184 ], [ -100.580683953389155, 20.022310809177814 ], [ -100.580802735692743, 20.022516536896209 ], [ -100.581212182260813, 20.022513528927938 ], [ -100.581621268984364, 20.022469202639147 ], [ -100.581855238301628, 20.022467482839023 ], [ -100.585325762698361, 20.024673213880074 ], [ -100.590559886051523, 20.027857501462847 ], [ -100.593187072416626, 20.027924144982418 ], [ -100.594971950122272, 20.027969398804007 ], [ -100.604426956094088, 20.028208823692854 ], [ -100.625607541440701, 20.028710213042672 ], [ -100.625614969440122, 20.029536542317146 ], [ -100.625740871733711, 20.030527247989276 ], [ -100.625803080666557, 20.03093996780828 ], [ -100.625690178347881, 20.031395338201822 ], [ -100.625461772036005, 20.03201686367262 ], [ -100.625288516436697, 20.03226609624711 ], [ -100.625143965456147, 20.032509027643403 ], [ -100.62511563165593, 20.032556645141 ], [ -100.6250660491053, 20.033548684630688 ], [ -100.624674403829033, 20.035534985975747 ], [ -100.62502537953138, 20.03553231880003 ], [ -100.625669206375093, 20.03556874360341 ], [ -100.630584902759608, 20.036386125370672 ], [ -100.634223051240056, 20.036990981865689 ], [ -100.634601967895293, 20.036843464773973 ], [ -100.634980883789879, 20.036695946917334 ], [ -100.635158616476502, 20.036942500507852 ], [ -100.635279349920211, 20.037354766820769 ], [ -100.635460825590016, 20.038014482240758 ], [ -100.635464941600972, 20.038468960672226 ], [ -100.635294315336054, 20.039007415817437 ], [ -100.635181811040283, 20.039504106587927 ], [ -100.635244798080038, 20.039999453152923 ], [ -100.635307411441488, 20.04045348342752 ], [ -100.635544021118633, 20.040740904277669 ], [ -100.635663262027833, 20.040987905069205 ], [ -100.635608132952754, 20.041360199145057 ], [ -100.635846990815153, 20.041895516612342 ], [ -100.636259847011686, 20.04226422351654 ], [ -100.636788577719685, 20.042508083503936 ], [ -100.637200313431549, 20.042752839426022 ], [ -100.637494678852022, 20.042957175980096 ], [ -100.63755617591849, 20.043287256314201 ], [ -100.637442177553453, 20.043618683388246 ], [ -100.637562548442943, 20.043989630918237 ], [ -100.637625170886011, 20.044443659598802 ], [ -100.637804041992965, 20.044814157854574 ], [ -100.637689293465201, 20.04506295278691 ], [ -100.637398672123055, 20.045271778394358 ], [ -100.636931802677921, 20.045399317687785 ], [ -100.636640055678697, 20.045484193666326 ], [ -100.636289059862989, 20.045486885424193 ], [ -100.635702943459364, 20.045367421592125 ], [ -100.635293448448834, 20.045370559717767 ], [ -100.634707332979374, 20.045251092500099 ], [ -100.633889838803981, 20.045422628032192 ], [ -100.633423339179373, 20.045591474513412 ], [ -100.633016085409508, 20.045842504818722 ], [ -100.63254958346441, 20.046011349138055 ], [ -100.632023460363271, 20.046056690714394 ], [ -100.631085973002499, 20.045898577896185 ], [ -100.630793474929987, 20.045900811944151 ], [ -100.630383977551134, 20.045903938799199 ], [ -100.62997485300491, 20.045948381003797 ], [ -100.629801218416034, 20.046156301892076 ], [ -100.629627583377768, 20.046364222636836 ], [ -100.629396939135034, 20.046737854785793 ], [ -100.629107048287025, 20.047029300320329 ], [ -100.628758283534992, 20.047279875263712 ], [ -100.628467272814973, 20.047447370923887 ], [ -100.628060750641055, 20.047781023296366 ], [ -100.627711982499122, 20.048031596385673 ], [ -100.627305084905331, 20.048323930875231 ], [ -100.627013326207148, 20.048408791673761 ], [ -100.626603449471887, 20.048370593873479 ], [ -100.62619357286178, 20.048332395108684 ], [ -100.625959570241889, 20.048334176162967 ], [ -100.625197946344215, 20.048216013302763 ], [ -100.62484657085858, 20.048177366383506 ], [ -100.624378194231781, 20.04813960818564 ], [ -100.623968689765007, 20.048142720589126 ], [ -100.62367544387061, 20.048062310324852 ], [ -100.62344032758152, 20.047940138759486 ], [ -100.623204840445212, 20.04777665042884 ], [ -100.622911595536195, 20.047696238819888 ], [ -100.622620948173832, 20.047905041766899 ], [ -100.622387687747221, 20.047989450933045 ], [ -100.621803793827937, 20.048117839669079 ], [ -100.621512402600317, 20.048244008024639 ], [ -100.62104476716533, 20.048288873884413 ], [ -100.620577872409569, 20.048416371477277 ], [ -100.619992493525771, 20.048379488489442 ], [ -100.61934935431438, 20.048425679593411 ], [ -100.618997608782152, 20.048345704472506 ], [ -100.618412970032026, 20.048391449246736 ], [ -100.618002724031612, 20.048311914825806 ], [ -100.61753582612981, 20.048439404556817 ], [ -100.616950447091483, 20.048402511450348 ], [ -100.616424677423936, 20.048489124003709 ], [ -100.61607293277973, 20.04840914297019 ], [ -100.615604924979039, 20.04841267800138 ], [ -100.615429422023681, 20.048414003318996 ], [ -100.615313158333393, 20.048497519931203 ], [ -100.615490507361457, 20.048702777611297 ], [ -100.615374612674216, 20.048827610852687 ], [ -100.615492722559438, 20.048950677071073 ], [ -100.61572820434823, 20.049114176087528 ], [ -100.616021818557385, 20.049235916237681 ], [ -100.616433544187942, 20.049480721371872 ], [ -100.616787139175869, 20.049767284234171 ], [ -100.617256259773953, 20.049887695406913 ], [ -100.617608008188967, 20.049967673803618 ], [ -100.617843863395123, 20.050172486250553 ], [ -100.618372227386615, 20.050375084742086 ], [ -100.618959464469455, 20.050618555097525 ], [ -100.619488571755369, 20.050903783014842 ], [ -100.619901047503504, 20.05123121230957 ], [ -100.620431640631338, 20.051681702985562 ], [ -100.620847085733246, 20.052339661399881 ], [ -100.62126179283085, 20.052914985668831 ], [ -100.621557272315968, 20.053243297962247 ], [ -100.621793137464792, 20.053448104372524 ], [ -100.622144895556048, 20.05352807300012 ], [ -100.622437408991814, 20.053525852278096 ], [ -100.622612545862665, 20.05348320320163 ], [ -100.622845071586056, 20.053316160420806 ], [ -100.623136470629007, 20.053189989362437 ], [ -100.623545245542218, 20.053104245192404 ], [ -100.623780369905816, 20.053226416010801 ], [ -100.624192860227623, 20.053553834168344 ], [ -100.624372084491753, 20.05396566350198 ], [ -100.62437580093885, 20.054378827225648 ], [ -100.624322500980043, 20.054957701268165 ], [ -100.624325474205648, 20.055288232219873 ], [ -100.624386579220413, 20.055577001911402 ], [ -100.624506559707967, 20.055906642991317 ], [ -100.624567665376702, 20.056195412561358 ], [ -100.624335881016648, 20.056445090450026 ], [ -100.624219988564136, 20.056569929296909 ], [ -100.624044105663927, 20.05652994742389 ], [ -100.623748614641002, 20.056201640190856 ], [ -100.623513114223854, 20.056038153294093 ], [ -100.62316023585656, 20.05583423868093 ], [ -100.622866233101874, 20.055671195312552 ], [ -100.622514841084836, 20.055632544899026 ], [ -100.622223065988265, 20.055717398836876 ], [ -100.622049781921746, 20.05596662975373 ], [ -100.621821332869672, 20.056588152321421 ], [ -100.621595479109558, 20.057498889573043 ], [ -100.621486632168953, 20.058408738658624 ], [ -100.621492197060675, 20.059028484802504 ], [ -100.62161551423327, 20.059729975590585 ], [ -100.621625161848343, 20.060804201983981 ], [ -100.621633696859035, 20.061754479065613 ], [ -100.621583355200542, 20.062663883807392 ], [ -100.62141674266681, 20.063656809524559 ], [ -100.621364173455504, 20.064318315832207 ], [ -100.620959820231249, 20.064899853657082 ], [ -100.62055360962502, 20.065274808738096 ], [ -100.620145913898682, 20.065484497383515 ], [ -100.619794870781448, 20.065487159478185 ], [ -100.619559730081448, 20.06536498456866 ], [ -100.619439750945745, 20.065035340250141 ], [ -100.619320142919378, 20.064747012229109 ], [ -100.619025014875035, 20.064460014204624 ], [ -100.61849363897737, 20.063926889730102 ], [ -100.618140377655507, 20.063681649582563 ], [ -100.617671584833573, 20.0636025602793 ], [ -100.617379792101104, 20.063687407342993 ], [ -100.617264628917624, 20.063894875218498 ], [ -100.616917288016694, 20.064310696114948 ], [ -100.616685479837813, 20.064560365406567 ], [ -100.616452931309723, 20.0647274014716 ], [ -100.616043751934058, 20.064771814978567 ], [ -100.615751586374216, 20.064815343054825 ], [ -100.615460159724506, 20.064941503663679 ], [ -100.615169841028219, 20.065191613343931 ], [ -100.614996905475294, 20.065482155082499 ], [ -100.614942461946228, 20.065937078709801 ], [ -100.614829510535472, 20.06639244433277 ], [ -100.614717297376629, 20.066930442922249 ], [ -100.614429190016949, 20.067428450733225 ], [ -100.61408109562673, 20.067761633911367 ], [ -100.613788923798396, 20.067805159145326 ], [ -100.613266040220196, 20.068222298938569 ], [ -100.613208269908029, 20.068305373525728 ], [ -100.612740940298721, 20.068391538112618 ], [ -100.612333225051287, 20.068601209922459 ], [ -100.611984017315095, 20.068810439747569 ], [ -100.611752563436511, 20.069101419992354 ], [ -100.611404459561996, 20.069434598476665 ], [ -100.610819738975835, 20.069480323552845 ], [ -100.610293158557738, 20.06948428955922 ], [ -100.609998772692506, 20.069279909261155 ], [ -100.609703283155639, 20.068951578618123 ], [ -100.609525916413929, 20.068746316628019 ], [ -100.609639620779944, 20.068373586552269 ], [ -100.609809992367502, 20.067793833040817 ], [ -100.609863346628984, 20.067214960213743 ], [ -100.60997631303276, 20.066759596781306 ], [ -100.609973367786623, 20.066429063941964 ], [ -100.610145577499878, 20.066055893237031 ], [ -100.610316681782422, 20.065558772597214 ], [ -100.610662938678189, 20.065019013556768 ], [ -100.61089402091055, 20.064686718289092 ], [ -100.61106585840065, 20.064272230302272 ], [ -100.611469511466311, 20.063608079508271 ], [ -100.61146508978041, 20.063112280428378 ], [ -100.611633607841284, 20.062325942721014 ], [ -100.611688060550122, 20.061871019364087 ], [ -100.611625869691593, 20.061458294256237 ], [ -100.611447036096521, 20.061087767220332 ], [ -100.611500383935805, 20.060508894045238 ], [ -100.611497436622003, 20.060178361218103 ], [ -100.611609657893112, 20.059640363854122 ], [ -100.611781120509093, 20.059184558847935 ], [ -100.612070329092731, 20.058810505168704 ], [ -100.612359904933754, 20.058477767690082 ], [ -100.612592818163179, 20.058352053826724 ], [ -100.612530995689099, 20.057980645540617 ], [ -100.612292923007402, 20.057527926905262 ], [ -100.61193931700889, 20.057241355927168 ], [ -100.611586817367325, 20.057078733995304 ], [ -100.611292822667366, 20.056915670725672 ], [ -100.610999933162645, 20.056876556811584 ], [ -100.610884029190714, 20.057001387654729 ], [ -100.610828470226323, 20.057332361156728 ], [ -100.610831415627004, 20.057662894197286 ], [ -100.610657374524635, 20.057829482012977 ], [ -100.610189337571754, 20.057833004628975 ], [ -100.609836838096484, 20.057670379183001 ], [ -100.60960098050144, 20.057465556271449 ], [ -100.609423627951742, 20.057260293026459 ], [ -100.60918961019425, 20.057262052798166 ], [ -100.608838215855414, 20.057223375203904 ], [ -100.60842831720079, 20.057185136558832 ], [ -100.608017683811951, 20.057064263572325 ], [ -100.607781829358828, 20.056859437994447 ], [ -100.607603745155956, 20.056571539302837 ], [ -100.607600072108568, 20.056158372301827 ], [ -100.607597501036295, 20.05586915538931 ], [ -100.607477187773981, 20.055498183682907 ], [ -100.607179528197548, 20.054921945910326 ], [ -100.606467943389802, 20.053852979642819 ], [ -100.606172125250481, 20.053483323314833 ], [ -100.605874841413041, 20.052948399380966 ], [ -100.605698232405018, 20.052825765124137 ], [ -100.605288345458632, 20.052787518341045 ], [ -100.604995097878628, 20.052707077059377 ], [ -100.604703682885983, 20.052833219145239 ], [ -100.604529639785852, 20.052999801090973 ], [ -100.604237857488258, 20.053084625685088 ], [ -100.603769100699154, 20.053005496758505 ], [ -100.603240743029488, 20.052802853980335 ], [ -100.602653883716812, 20.052600647158041 ], [ -100.60224326592342, 20.052479759571721 ], [ -100.60177378016958, 20.052317991487016 ], [ -100.60160009992947, 20.05252588756726 ], [ -100.601661528169714, 20.052855984973291 ], [ -100.601546715985236, 20.053104760559357 ], [ -100.601198256157872, 20.053396601728082 ], [ -100.601024208516762, 20.053563180506647 ], [ -100.600619070391133, 20.054062042011246 ], [ -100.600214660416924, 20.054643536446882 ], [ -100.599868386251416, 20.055183276505215 ], [ -100.599579153194284, 20.055557311884087 ], [ -100.598531918142513, 20.056226239138354 ], [ -100.598534472661783, 20.056515457307516 ], [ -100.598246693552611, 20.057054758367862 ], [ -100.598133697512992, 20.057510116619881 ], [ -100.597671129746601, 20.058133359389977 ], [ -100.597433462584476, 20.057721934732655 ], [ -100.597370217167025, 20.057185251056076 ], [ -100.59742361676733, 20.056606378442769 ], [ -100.597126354769543, 20.056071438347175 ], [ -100.597122344710272, 20.05561695231723 ], [ -100.597118699308581, 20.055203783178037 ], [ -100.597173922415237, 20.054831495079 ], [ -100.59734615280513, 20.054458335176236 ], [ -100.597459878839857, 20.054085611097836 ], [ -100.597515830156638, 20.053795956755959 ], [ -100.597397000306572, 20.053590244042137 ], [ -100.597161528600822, 20.05342671983523 ], [ -100.596690586620468, 20.053099670371385 ], [ -100.596162600332548, 20.052938322776434 ], [ -100.595751985461078, 20.052817419831662 ], [ -100.595282868011665, 20.052696951084865 ], [ -100.594930757408704, 20.052575610946562 ], [ -100.59440241055195, 20.052372940860401 ], [ -100.593875519433624, 20.052335537070366 ], [ -100.593407131493933, 20.052297697145764 ], [ -100.593055749773356, 20.052258987125196 ], [ -100.592589178520356, 20.052427730090486 ], [ -100.592181835753891, 20.052678671790432 ], [ -100.591715988323159, 20.052930046654684 ], [ -100.591367509196402, 20.053221869655321 ], [ -100.591076443587838, 20.05338930711137 ], [ -100.59084605808043, 20.053804212676962 ], [ -100.590790457211753, 20.054135182785224 ], [ -100.590560432788621, 20.054591405117396 ], [ -100.590099292073859, 20.055379897926432 ], [ -100.589867088149845, 20.055588217216396 ], [ -100.588991696986483, 20.055842619495355 ], [ -100.588348147555706, 20.055847383350692 ], [ -100.587879025079701, 20.055726895215376 ], [ -100.587584330403487, 20.055481156425241 ], [ -100.58752401587283, 20.055275003602276 ], [ -100.587756584776969, 20.055108004307233 ], [ -100.587871782711247, 20.054900553257561 ], [ -100.587928114152788, 20.054652217861971 ], [ -100.587633421540559, 20.054406478994121 ], [ -100.587219912424672, 20.053955019133848 ], [ -100.587042229708473, 20.053708413970984 ], [ -100.586806043901618, 20.053462240996023 ], [ -100.586628724160065, 20.053256952454547 ], [ -100.586449958112183, 20.052886395151365 ], [ -100.586211604768963, 20.052392318354165 ], [ -100.586091343951537, 20.052021328342629 ], [ -100.586088089784894, 20.051649473998054 ], [ -100.586144423304191, 20.051401138971702 ], [ -100.58614189227751, 20.051111918914479 ], [ -100.586081943248814, 20.050947082414325 ], [ -100.58572984233426, 20.050825723175215 ], [ -100.58543841288116, 20.050951834328973 ], [ -100.585086312353425, 20.050830473775086 ], [ -100.58473421232118, 20.050709112481453 ], [ -100.584382834985689, 20.050670384825604 ], [ -100.583913369454521, 20.050508567650493 ], [ -100.583618690814177, 20.050262821030138 ], [ -100.583441378886988, 20.050057528695348 ], [ -100.583438492184925, 20.049726991009173 ], [ -100.583554414337655, 20.049602176954696 ], [ -100.583785897182153, 20.049311231443216 ], [ -100.583782648984098, 20.048939376575323 ], [ -100.583838263713176, 20.048608407613305 ], [ -100.583894239181575, 20.04831875584685 ], [ -100.584244167141108, 20.048192216036608 ], [ -100.584479257472239, 20.048314441788747 ], [ -100.584889492535126, 20.048394055175908 ], [ -100.58518164044402, 20.048350579549613 ], [ -100.585415286365631, 20.04830753527273 ], [ -100.585766297082685, 20.048304944052724 ], [ -100.585765574262112, 20.048222309707896 ], [ -100.585471620165535, 20.048059200379679 ], [ -100.585176221667282, 20.047730821773985 ], [ -100.585058857281467, 20.047690367983268 ], [ -100.584823045231246, 20.047485508572336 ], [ -100.584528371289963, 20.047239763101903 ], [ -100.584175196919276, 20.046994448450203 ], [ -100.583997527389442, 20.046747839187116 ], [ -100.583819136708044, 20.046418595262818 ], [ -100.583755944672504, 20.045881902605306 ], [ -100.583694557232732, 20.045551795996907 ], [ -100.583690949198754, 20.045138623727691 ], [ -100.583688423634911, 20.044849403127323 ], [ -100.583743316177134, 20.044435799671856 ], [ -100.583621986246968, 20.043940855153373 ], [ -100.583616575052645, 20.043321096608153 ], [ -100.583088272035496, 20.043118389411632 ], [ -100.582968027114731, 20.042747395926217 ], [ -100.582905921952602, 20.042334654225424 ], [ -100.582843817195126, 20.041921912462286 ], [ -100.582839851693279, 20.041467422594643 ], [ -100.582779549978454, 20.041261267056839 ], [ -100.582834804867119, 20.040888980910196 ], [ -100.582890780535891, 20.040599329278781 ], [ -100.582887175698517, 20.04018615662061 ], [ -100.582885012844429, 20.039938253016221 ], [ -100.582939546299372, 20.039483332293383 ], [ -100.58299552147048, 20.039193680631186 ], [ -100.58302314850485, 20.03900753752583 ], [ -100.583050775490406, 20.038821394416622 ], [ -100.583106389813025, 20.038490425457798 ], [ -100.582987230579349, 20.038243383385016 ], [ -100.582928732446462, 20.038243814132453 ], [ -100.582754679648289, 20.038410375371274 ], [ -100.582404411042717, 20.038495593698617 ], [ -100.582052340895558, 20.038374224900846 ], [ -100.581874685239285, 20.038127612393318 ], [ -100.581637811918327, 20.037798795370236 ], [ -100.581345321871638, 20.037800946627879 ], [ -100.581348202086758, 20.038131485087902 ], [ -100.581234085845921, 20.038462883939744 ], [ -100.581295464328534, 20.038792992190878 ], [ -100.581238766039959, 20.039000008919366 ], [ -100.581006571997193, 20.039208316100989 ], [ -100.580773297616389, 20.039292671077465 ], [ -100.580658099839724, 20.039500117713622 ], [ -100.580718038092598, 20.039664956935148 ], [ -100.58072127723301, 20.04003681273506 ], [ -100.580724876373523, 20.040449985827173 ], [ -100.580611477281664, 20.040864019012091 ], [ -100.580614716409428, 20.041235874780721 ], [ -100.580559816076132, 20.041649477887336 ], [ -100.580503475955339, 20.041897811755838 ], [ -100.580329416682304, 20.042064370985784 ], [ -100.580213496904278, 20.042189182826114 ], [ -100.580097576944681, 20.04231399460102 ], [ -100.580098296538978, 20.042396629224445 ], [ -100.580332655384396, 20.042436226754283 ], [ -100.580449654897109, 20.042435366747423 ], [ -100.580626233967607, 20.04255802849411 ], [ -100.580744313469864, 20.042681120180379 ], [ -100.580862393157503, 20.04280421177361 ], [ -100.580922333133458, 20.042969050767564 ], [ -100.58098191320093, 20.043092572438916 ], [ -100.580983353387381, 20.043257841600841 ], [ -100.580867793375347, 20.043423971169634 ], [ -100.580810373290234, 20.043548353222935 ], [ -100.580636672644204, 20.043756230120774 ], [ -100.580697332805372, 20.044003703750544 ], [ -100.580874994017819, 20.044250316961186 ], [ -100.580760513290272, 20.044540398364344 ], [ -100.580585731653272, 20.044624323395155 ], [ -100.580236167792705, 20.044792172973654 ], [ -100.580238327133031, 20.045040076755978 ], [ -100.580414549180091, 20.045121421200985 ], [ -100.580476289576509, 20.04549284672818 ], [ -100.580418508591478, 20.045575911407614 ], [ -100.580479169331127, 20.045823385039135 ], [ -100.580656472457321, 20.046028681021525 ], [ -100.580600131448676, 20.046277014897743 ], [ -100.580545590332235, 20.046731935176474 ], [ -100.580550270557168, 20.047269059832686 ], [ -100.580552430718313, 20.047516963508802 ], [ -100.58061309264032, 20.047764436977587 ], [ -100.580790758404191, 20.04801104989528 ], [ -100.580910282981648, 20.048299410188388 ], [ -100.5807957999465, 20.04858949168035 ], [ -100.580445507821352, 20.048674707628781 ], [ -100.580153717374955, 20.048759492834634 ], [ -100.57997893086781, 20.048843417563919 ], [ -100.580156597030935, 20.049090031074915 ], [ -100.580450908346094, 20.049294466738591 ], [ -100.580686718043168, 20.049499332143284 ], [ -100.580805883622503, 20.049746375133537 ], [ -100.580810565597318, 20.050283499540875 ], [ -100.580637938567435, 20.05061532857561 ], [ -100.580463870528661, 20.050781888419127 ], [ -100.580055790459383, 20.050950168687578 ], [ -100.579704053145079, 20.050870114409854 ], [ -100.579410459213662, 20.050748312243311 ], [ -100.57905944200651, 20.050750891213703 ], [ -100.578826509452142, 20.050876562032663 ], [ -100.578475491862832, 20.050879139863021 ], [ -100.578123395807481, 20.050757765063409 ], [ -100.577771659619401, 20.050677706843178 ], [ -100.577477708014356, 20.050514584013992 ], [ -100.577183756992824, 20.05035146065217 ], [ -100.57677244200211, 20.050147877455188 ], [ -100.576536635959442, 20.049943006565375 ], [ -100.576299753630309, 20.049614183257972 ], [ -100.576238379547533, 20.049284073240504 ], [ -100.576177005771925, 20.048953963172508 ], [ -100.575825274368157, 20.048873900725816 ], [ -100.575239892936352, 20.048836868918048 ], [ -100.57459493386574, 20.048676311237095 ], [ -100.574242845254247, 20.048554928146096 ], [ -100.574009194809776, 20.04859795788272 ], [ -100.573539744160584, 20.048436111983943 ], [ -100.573127364103598, 20.048108567347722 ], [ -100.572657199729733, 20.047864084075449 ], [ -100.572244822933072, 20.04753653713643 ], [ -100.572009026469175, 20.047331659490705 ], [ -100.571656584840611, 20.047168953440877 ], [ -100.571011277852364, 20.046967064484377 ], [ -100.570425546089311, 20.046888698694403 ], [ -100.569720668355373, 20.046563279158516 ], [ -100.569424232406945, 20.046110919271896 ], [ -100.569244800736129, 20.045657705996753 ], [ -100.569181658357792, 20.045121004730788 ], [ -100.569234090255236, 20.04441818062649 ], [ -100.569170948724988, 20.043881479248657 ], [ -100.569282594986717, 20.043260863778855 ], [ -100.569251024448249, 20.042992513065101 ], [ -100.569219454050952, 20.042724162330689 ], [ -100.569156313679684, 20.042187460799905 ], [ -100.569033246548869, 20.041485915294352 ], [ -100.569028250266243, 20.040907469814371 ], [ -100.568890139586813, 20.040374149442457 ], [ -100.568890139577249, 20.040374149054493 ] ] ] ] } },
{ "type": "Feature", "properties": { "ID": 21, "ENTIDAD": 11, "MUNICIPIO": 2, "NOMBRE": "ACAMBARO", "CONTROL": 39, "GEOMETRY1_": null, "ID_2": 121, "ENTIDAD_2": 11, "DISTRITO_F": 14, "DISTRITO_L": 22, "MUNICIPIO_2": 2, "SECCION": 121, "TIPO": 3, "CONTROL_2": 4139, "GEOMETRY1__2": null }, "geometry": { "type": "MultiPolygon", "coordinates": [ [ [ [ -100.800519903211892, 20.054042627222504 ], [ -100.800497113750438, 20.053471110699057 ], [ -100.800149982882658, 20.044764656353959 ], [ -100.796737123636973, 20.041490879583726 ], [ -100.796793389135019, 20.041365853525093 ], [ -100.795544110887334, 20.040103078234367 ], [ -100.794012798249952, 20.039424054028334 ], [ -100.793943096175028, 20.03937640213103 ], [ -100.793717071176118, 20.039221877256772 ], [ -100.791901554728085, 20.039002499107479 ], [ -100.790441626965716, 20.039067087027064 ], [ -100.789623664131298, 20.039080086488351 ], [ -100.788925425725992, 20.039256686995653 ], [ -100.787992763072467, 20.039395631195507 ], [ -100.784628661149981, 20.038644771231855 ], [ -100.784531277006693, 20.038623034230739 ], [ -100.783117586634731, 20.037983422832411 ], [ -100.779094537861127, 20.03515077439247 ], [ -100.776935677184269, 20.035350441632904 ], [ -100.768764710722309, 20.035976017136434 ], [ -100.76689509370155, 20.036005492946149 ], [ -100.766349100927258, 20.036014097174291 ], [ -100.765785007474889, 20.036022984879121 ], [ -100.761057501351033, 20.036387039481564 ], [ -100.756447524930508, 20.036790500639999 ], [ -100.754696156020884, 20.036900745735537 ], [ -100.752231620362664, 20.036318742276947 ], [ -100.748125510236576, 20.035431389608988 ], [ -100.742440529451471, 20.034485855207592 ], [ -100.742047077554076, 20.035402304745542 ], [ -100.739561441742595, 20.033579125380971 ], [ -100.737479258490453, 20.03485293072287 ], [ -100.735864292411193, 20.034911757266507 ], [ -100.735493472958311, 20.034925262605288 ], [ -100.734936927520437, 20.03515437991296 ], [ -100.734816886947115, 20.035203797623641 ], [ -100.734928422454715, 20.033677403894345 ], [ -100.734956504832979, 20.033526033214859 ], [ -100.734019721300214, 20.032812282426104 ], [ -100.734497216883483, 20.032258203803938 ], [ -100.735420247706344, 20.031113900275813 ], [ -100.734555502220203, 20.030507119223863 ], [ -100.734598073320711, 20.03045062076826 ], [ -100.734845766589743, 20.030121892423999 ], [ -100.735128767753324, 20.029746302916347 ], [ -100.735394191717546, 20.029394039355537 ], [ -100.735673161236306, 20.029023796501871 ], [ -100.735961803982406, 20.028640713377516 ], [ -100.73622722433258, 20.02828844880009 ], [ -100.736695689081529, 20.027666700180554 ], [ -100.737185352402051, 20.027025530648515 ], [ -100.73814501966686, 20.025768915843226 ], [ -100.741479557026267, 20.025962573256482 ], [ -100.741850490128968, 20.023787407533227 ], [ -100.741929645952908, 20.023323228816761 ], [ -100.741927227063172, 20.022984127761166 ], [ -100.741889525912242, 20.017703841690672 ], [ -100.741494747231712, 20.017698319509655 ], [ -100.741297553929897, 20.017695560831001 ], [ -100.741096119907482, 20.017972187683437 ], [ -100.740771165181627, 20.01778211399137 ], [ -100.739292176222762, 20.019322460952583 ], [ -100.738061940222934, 20.018307972113533 ], [ -100.735679115840128, 20.016200398743251 ], [ -100.733740919020491, 20.016285636821312 ], [ -100.731242148267086, 20.018518333227963 ], [ -100.731309913505925, 20.013862607310674 ], [ -100.731403357134482, 20.008495293877097 ], [ -100.731355875528948, 20.006153732946274 ], [ -100.731641319744398, 20.005907247767986 ], [ -100.732337907514463, 20.005814426395791 ], [ -100.733186130748592, 20.005720118639317 ], [ -100.733943841949241, 20.005669697870463 ], [ -100.736924659340787, 20.005500071759069 ], [ -100.738227622835538, 20.005397606129058 ], [ -100.73997691080551, 20.005424181465099 ], [ -100.741045009139214, 20.004639599647533 ], [ -100.741158518799793, 20.004370426017399 ], [ -100.742849530237976, 20.00511207365772 ], [ -100.743793836728742, 20.003164176860633 ], [ -100.742040510003747, 20.002448483584136 ], [ -100.742254651272646, 20.001560031234614 ], [ -100.74215641593122, 20.00090159043976 ], [ -100.741981855563012, 20.000520125133992 ], [ -100.742432313920631, 20.000516695276207 ], [ -100.744472303124724, 20.000211473535021 ], [ -100.745810892124197, 19.99978743864591 ], [ -100.746392281892156, 19.999534706904424 ], [ -100.746914581757167, 19.999199660740114 ], [ -100.747293797909606, 20.000439102845235 ], [ -100.747980146932932, 20.002993773614719 ], [ -100.747583965343026, 20.003744764600309 ], [ -100.747009004624928, 20.004291662934985 ], [ -100.747409566678826, 20.00608633417681 ], [ -100.747446500565317, 20.006251809602649 ], [ -100.748021370209756, 20.008827351631318 ], [ -100.746948906116003, 20.011037131226246 ], [ -100.747010149268021, 20.011201683321843 ], [ -100.746950965226446, 20.011608466367704 ], [ -100.746931708423801, 20.011740817004476 ], [ -100.746853267195547, 20.012279950660986 ], [ -100.747471363799306, 20.014256401021719 ], [ -100.747883825309856, 20.014456835812187 ], [ -100.748788820212965, 20.012704823228081 ], [ -100.748798718900602, 20.013283952277121 ], [ -100.749502561156405, 20.013438445703716 ], [ -100.753704388267991, 20.013124358034151 ], [ -100.75907311658456, 20.01270909171669 ], [ -100.759260434594509, 20.013409562799993 ], [ -100.761552922717669, 20.014201080330398 ], [ -100.7664301419547, 20.014085072065548 ], [ -100.766692959440107, 20.014078816943314 ], [ -100.766747818084468, 20.013871067146251 ], [ -100.769574651171311, 20.015150585521059 ], [ -100.771530194122789, 20.01334052647718 ], [ -100.772839546225285, 20.0113337640393 ], [ -100.774263659641335, 20.012593967096151 ], [ -100.775397138195601, 20.01394150347344 ], [ -100.775762656510508, 20.01380548298302 ], [ -100.775977738550509, 20.013725443959125 ], [ -100.77632824071874, 20.013719904502654 ], [ -100.776678742803341, 20.013714364353831 ], [ -100.776915268484544, 20.013876133292619 ], [ -100.777094806470501, 20.014121556813436 ], [ -100.777042819506292, 20.014494771519836 ], [ -100.777114097737254, 20.015238430178293 ], [ -100.777698273168539, 20.015229193196621 ], [ -100.777691126620866, 20.014815536552511 ], [ -100.785317268354589, 20.013163833296311 ], [ -100.78560935087674, 20.013159201815675 ], [ -100.786078116382853, 20.013234521390807 ], [ -100.786490616434691, 20.013434862721354 ], [ -100.789381732902527, 20.015044049674369 ], [ -100.790611362887503, 20.01519002639078 ], [ -100.790612798959117, 20.015272757097055 ], [ -100.792191496914384, 20.015330423281231 ], [ -100.792140264263011, 20.015745004996024 ], [ -100.79232054543678, 20.016031776361356 ], [ -100.79244384695285, 20.016402206786765 ], [ -100.792623410902308, 20.016647612425132 ], [ -100.79280369408022, 20.016934383124322 ], [ -100.79298254052506, 20.017138423007566 ], [ -100.793102250910053, 20.017302026329332 ], [ -100.793105844638575, 20.01750885274253 ], [ -100.792994758728256, 20.017841632852701 ], [ -100.79300050860148, 20.018172555111224 ], [ -100.793006977308679, 20.018544842635524 ], [ -100.793007696060414, 20.018586207914858 ], [ -100.793071864491012, 20.018916201185199 ], [ -100.793135314443532, 20.019204829126878 ], [ -100.79314034609294, 20.019494386034243 ], [ -100.793203796491156, 20.019783013906082 ], [ -100.793037166006897, 20.020282184184651 ], [ -100.793610570397234, 20.019652414413699 ], [ -100.79412986626528, 20.019271763916443 ], [ -100.794532322965154, 20.01889297100514 ], [ -100.794879236544119, 20.018680567807454 ], [ -100.795402842285768, 20.018548105360193 ], [ -100.795981987017598, 20.018249250690832 ], [ -100.795404432497961, 20.015279322554299 ], [ -100.797857222239656, 20.01519889582687 ], [ -100.798136346506169, 20.014449670271226 ], [ -100.798821501609837, 20.013528469230479 ], [ -100.799389817319451, 20.012609127841273 ], [ -100.800424009367418, 20.011599605903594 ], [ -100.801000956941792, 20.011176641903258 ], [ -100.80117331991795, 20.011008387260986 ], [ -100.801282222511276, 20.010551508113693 ], [ -100.801808678251874, 20.01058448951045 ], [ -100.802871685689212, 20.01122955863875 ], [ -100.80386618645646, 20.011296442308169 ], [ -100.806506781909363, 20.011936991185486 ], [ -100.80649389305762, 20.012035466322192 ], [ -100.806481004195035, 20.012133941458156 ], [ -100.806455226437365, 20.012330891727981 ], [ -100.8063081409841, 20.013946925580779 ], [ -100.806345692083156, 20.016097904220334 ], [ -100.806914062288428, 20.01853003606972 ], [ -100.807496072066087, 20.018396605122053 ], [ -100.809363990609413, 20.018283986848797 ], [ -100.812698855793457, 20.018520252941642 ], [ -100.816556583456702, 20.018582566990201 ], [ -100.824269118247273, 20.018541483960568 ], [ -100.825818626636647, 20.018599316241914 ], [ -100.827368134975487, 20.018657134863759 ], [ -100.827663131641572, 20.01881789102395 ], [ -100.828962871383325, 20.019624486252138 ], [ -100.830020940140187, 20.01997982769776 ], [ -100.830616772900029, 20.020632244606414 ], [ -100.833713637316947, 20.020623687893135 ], [ -100.835284281229065, 20.030156198542521 ], [ -100.83464310935922, 20.030249301105439 ], [ -100.834468575915807, 20.030293494234574 ], [ -100.834121698167664, 20.030505972657149 ], [ -100.833775549194058, 20.030759814694413 ], [ -100.833548431033904, 20.031135863541895 ], [ -100.833258512462464, 20.031264669341866 ], [ -100.83279478759826, 20.031479030555957 ], [ -100.832325226308527, 20.031362476579254 ], [ -100.832036035472711, 20.031532644747074 ], [ -100.8314627560611, 20.032162529744088 ], [ -100.830711289584968, 20.032629781449632 ], [ -100.830896762643519, 20.033206056066049 ], [ -100.832551554210241, 20.034255147014076 ], [ -100.83188184472246, 20.036045117609731 ], [ -100.831117236611703, 20.035767815460868 ], [ -100.830599446644044, 20.036231299733892 ], [ -100.829032942124044, 20.036877187124908 ], [ -100.826776984715792, 20.038196180159854 ], [ -100.824223771202995, 20.039230295620275 ], [ -100.82284120791094, 20.040369686011203 ], [ -100.826554032947328, 20.042130497290177 ], [ -100.8269264359825, 20.04336578303181 ], [ -100.827132306296519, 20.045100262128315 ], [ -100.824053869343885, 20.046184215329237 ], [ -100.822315590702573, 20.047039694277792 ], [ -100.821620273665246, 20.047381881458175 ], [ -100.820529765340652, 20.048516563397826 ], [ -100.819279937566762, 20.050564074003162 ], [ -100.819132048529013, 20.050463009002353 ], [ -100.81898415967558, 20.050361943861958 ], [ -100.818627774557754, 20.05003665794391 ], [ -100.818093199628265, 20.04954872748403 ], [ -100.817551368032738, 20.048647149745833 ], [ -100.816789619855498, 20.048535247006704 ], [ -100.816449208719689, 20.049119976380233 ], [ -100.814710851393272, 20.049975385963585 ], [ -100.812427041996528, 20.049722361292321 ], [ -100.81172009691285, 20.049402677227686 ], [ -100.806128844442156, 20.047175079080699 ], [ -100.804263471107959, 20.054449873321513 ], [ -100.804129328380611, 20.054972996094396 ], [ -100.800519903211892, 20.054042627222504 ] ] ] ] } },
{ "type": "Feature", "properties": { "ID": 21, "ENTIDAD": 11, "MUNICIPIO": 2, "NOMBRE": "ACAMBARO", "CONTROL": 39, "GEOMETRY1_": null, "ID_2": 122, "ENTIDAD_2": 11, "DISTRITO_F": 14, "DISTRITO_L": 22, "MUNICIPIO_2": 2, "SECCION": 122, "TIPO": 4, "CONTROL_2": 4149, "GEOMETRY1__2": null }, "geometry": { "type": "MultiPolygon", "coordinates": [ [ [ [ -100.667390013393174, 20.051448938922022 ], [ -100.667438833357636, 20.050868897785428 ], [ -100.667368724755178, 20.05016652916612 ], [ -100.6677076536931, 20.049457941880679 ], [ -100.667929025904343, 20.048709763062099 ], [ -100.66815314372829, 20.048127056264992 ], [ -100.667326151008169, 20.047601709038222 ], [ -100.666353507665363, 20.047572628883142 ], [ -100.665474650925418, 20.047414203591394 ], [ -100.664768937609864, 20.047006450171985 ], [ -100.664239075233013, 20.046638645568052 ], [ -100.663827734410859, 20.046435224121655 ], [ -100.663594945498261, 20.046561029375116 ], [ -100.663187081234597, 20.046729531606513 ], [ -100.66265953940389, 20.046609672156716 ], [ -100.662245884821445, 20.046158296591635 ], [ -100.66200692110219, 20.045622898943773 ], [ -100.661943804442032, 20.045127455187981 ], [ -100.66188030250423, 20.04459068629091 ], [ -100.662051903081846, 20.044176064904114 ], [ -100.662283146474991, 20.043884961578016 ], [ -100.662631360883324, 20.043592943805379 ], [ -100.662892810360518, 20.043404923866277 ], [ -100.663154259202045, 20.043216903580962 ], [ -100.66373718555829, 20.043005704652092 ], [ -100.664144267137161, 20.042754551757699 ], [ -100.664493248344215, 20.042545180744064 ], [ -100.664784516205643, 20.042418916936203 ], [ -100.664607900550919, 20.042296315189777 ], [ -100.664200048211086, 20.042464818976612 ], [ -100.663789877460943, 20.042385371676346 ], [ -100.663496291732031, 20.04226368365304 ], [ -100.663258489122924, 20.041852262497841 ], [ -100.663080331037833, 20.041564358878404 ], [ -100.663016055647603, 20.040944940240351 ], [ -100.662835969383295, 20.040450410928798 ], [ -100.662772467582911, 20.039913642162038 ], [ -100.662650481996906, 20.039377330332886 ], [ -100.662411914841442, 20.038883257287146 ], [ -100.662380936686944, 20.038697522881872 ], [ -100.662349958622286, 20.038511788462163 ], [ -100.662520395161692, 20.037973191658999 ], [ -100.662514993944512, 20.037394640496217 ], [ -100.66274236907617, 20.036690286296249 ], [ -100.662970128286688, 20.036027256975704 ], [ -100.663084007249111, 20.035695742238495 ], [ -100.663313307685613, 20.035198012924251 ], [ -100.663485668119222, 20.034866040869364 ], [ -100.663715738328492, 20.034450961311922 ], [ -100.663590281374852, 20.033542724031907 ], [ -100.663584105744874, 20.032881522725866 ], [ -100.663576386589881, 20.032055021021272 ], [ -100.663684472630109, 20.031103629726505 ], [ -100.66384190286864, 20.029386267947679 ], [ -100.663961052633098, 20.029407015214499 ], [ -100.665635925040945, 20.029235691523141 ], [ -100.667310792566809, 20.029064352227412 ], [ -100.668014653136638, 20.02921917025979 ], [ -100.668656655920415, 20.029168032962243 ], [ -100.669181805632491, 20.029118670167399 ], [ -100.66976538109482, 20.029068417272367 ], [ -100.670466495343703, 20.029057753000934 ], [ -100.671168296448201, 20.029088454032308 ], [ -100.672221341924583, 20.029155184347239 ], [ -100.673391240076285, 20.029220128818924 ], [ -100.673830467920325, 20.029275506373835 ], [ -100.674269695900023, 20.029330884055231 ], [ -100.674461349824881, 20.029355047072137 ], [ -100.674882086808836, 20.029408205445591 ], [ -100.675148152612053, 20.029441634839184 ], [ -100.675732414160279, 20.029432730281332 ], [ -100.676373724524552, 20.02934019713199 ], [ -100.676900247914958, 20.029373547445747 ], [ -100.677600671907101, 20.029321486901743 ], [ -100.678008276218094, 20.029232512432657 ], [ -100.678647516396595, 20.029015867465553 ], [ -100.679172660108108, 20.028966475266152 ], [ -100.679873080834682, 20.028914405904239 ], [ -100.680457338915858, 20.028905485897056 ], [ -100.680749467873497, 20.028901025171489 ], [ -100.681158448321341, 20.028894779347159 ], [ -100.683126598282371, 20.029108233631316 ], [ -100.683085417537143, 20.02995291092024 ], [ -100.685248331929955, 20.030183372512866 ], [ -100.685319159468932, 20.030182697945268 ], [ -100.68894222708829, 20.030962326997567 ], [ -100.688454697878271, 20.031943609530749 ], [ -100.688214307383674, 20.032648835392031 ], [ -100.68907739593574, 20.033042273308077 ], [ -100.689116111778731, 20.033025822991533 ], [ -100.689218427205802, 20.032982349230032 ], [ -100.689810010816245, 20.033654526960728 ], [ -100.689951668667732, 20.033653173922055 ], [ -100.690632779190068, 20.034416543821425 ], [ -100.690668193809671, 20.034416205395416 ], [ -100.692332124647422, 20.033521633226709 ], [ -100.692579487620506, 20.033469057622305 ], [ -100.694081781378856, 20.034843803449736 ], [ -100.694041235855423, 20.035191472699442 ], [ -100.694027516399345, 20.035729735178226 ], [ -100.693991683305697, 20.037135603443893 ], [ -100.692019472475351, 20.036910893751664 ], [ -100.690065034254388, 20.038056470666298 ], [ -100.689542626751219, 20.038597656858059 ], [ -100.689255283258888, 20.039302722183823 ], [ -100.689088126640854, 20.040461965576252 ], [ -100.688978556106122, 20.041496739782183 ], [ -100.687646057343557, 20.043242809841704 ], [ -100.685775494284727, 20.043337977238835 ], [ -100.684898096986714, 20.043302445456618 ], [ -100.68267023330769, 20.042489992152724 ], [ -100.682199221222618, 20.042038133418348 ], [ -100.68167003189528, 20.041628020443436 ], [ -100.681552499754375, 20.041546075080895 ], [ -100.680077798247083, 20.039735911037027 ], [ -100.679724331332565, 20.039365991007923 ], [ -100.678903965923055, 20.039123241157093 ], [ -100.678495244972368, 20.039208664819302 ], [ -100.678028927435705, 20.039418553668735 ], [ -100.677976588441751, 20.040287500187461 ], [ -100.678214568975562, 20.040864996159282 ], [ -100.678627678275944, 20.041399972921678 ], [ -100.679113631019732, 20.042130852673445 ], [ -100.681588355548755, 20.04415682283328 ], [ -100.681538897716194, 20.044695496666861 ], [ -100.681487368849346, 20.045110067186449 ], [ -100.681321736972862, 20.045691894437429 ], [ -100.681209014366857, 20.045941886658003 ], [ -100.681038549453859, 20.046234139350936 ], [ -100.680751909467475, 20.046569545049294 ], [ -100.680467338460531, 20.04702905369496 ], [ -100.680008847744148, 20.047573974959302 ], [ -100.679722893119873, 20.047950747061861 ], [ -100.679551043766722, 20.048160263023338 ], [ -100.676120031452072, 20.049205704473593 ], [ -100.675542585266001, 20.049628294317849 ], [ -100.675139748541142, 20.05000684197708 ], [ -100.674448183119225, 20.050596681973346 ], [ -100.673815046733893, 20.051185629111881 ], [ -100.673526317237034, 20.051396920912907 ], [ -100.672349033246519, 20.051351994483955 ], [ -100.670426544328834, 20.051278613261303 ], [ -100.669433846686701, 20.051335097878749 ], [ -100.668907936626667, 20.051343098546184 ], [ -100.668501643503774, 20.051514792321601 ], [ -100.667933783711788, 20.052516511748642 ], [ -100.66787552051035, 20.052527742333655 ], [ -100.667817257299134, 20.05253897290013 ], [ -100.667788125689896, 20.052544588176286 ], [ -100.667758994078184, 20.052550203447886 ], [ -100.667390013393174, 20.051448938922022 ] ] ] ] } },
{ "type": "Feature", "properties": { "ID": 21, "ENTIDAD": 11, "MUNICIPIO": 2, "NOMBRE": "ACAMBARO", "CONTROL": 39, "GEOMETRY1_": null, "ID_2": 125, "ENTIDAD_2": 11, "DISTRITO_F": 14, "DISTRITO_L": 22, "MUNICIPIO_2": 2, "SECCION": 125, "TIPO": 4, "CONTROL_2": 4163, "GEOMETRY1__2": null }, "geometry": { "type": "MultiPolygon", "coordinates": [ [ [ [ -100.573645551535463, 20.020131074570308 ], [ -100.573637684104497, 20.019222088908968 ], [ -100.57773601986446, 20.019646630201496 ], [ -100.577764917087322, 20.019004119248986 ], [ -100.577886940587007, 20.016290996434126 ], [ -100.578128266176023, 20.010925213791221 ], [ -100.578888253337709, 20.010878324574424 ], [ -100.579175219671484, 20.007279426779672 ], [ -100.579204734300191, 20.006909273407231 ], [ -100.58371468027994, 20.007619917648857 ], [ -100.585297426749889, 20.008021468058093 ], [ -100.588814224693451, 20.008863250708981 ], [ -100.589519685018814, 20.00927123876453 ], [ -100.589638105722301, 20.009435643452967 ], [ -100.589872778120522, 20.009516548909708 ], [ -100.590224425410369, 20.009596589216027 ], [ -100.590459098294389, 20.009677493857527 ], [ -100.590751535060051, 20.009675331066038 ], [ -100.591102821069768, 20.009714052325396 ], [ -100.591395981868786, 20.009794522946294 ], [ -100.591807204138775, 20.009998078872304 ], [ -100.592159577674437, 20.010160749638249 ], [ -100.592569352395302, 20.010199034794205 ], [ -100.59414960228284, 20.010311282368644 ], [ -100.59450089003424, 20.010349996729222 ], [ -100.594853629690675, 20.010553979052322 ], [ -100.595031633343069, 20.010841897158866 ], [ -100.595265947032246, 20.010881477965455 ], [ -100.595965982701898, 20.010669681323272 ], [ -100.596725957525337, 20.010622715968299 ], [ -100.597952012757247, 20.010365682409219 ], [ -100.598887082971714, 20.01027608573758 ], [ -100.600292236139026, 20.010430901026336 ], [ -100.600936326067469, 20.010508740416654 ], [ -100.60269313637707, 20.010743554078715 ], [ -100.604508803515756, 20.01101922974221 ], [ -100.60418126565051, 20.013666138790313 ], [ -100.604007541329523, 20.015070019905135 ], [ -100.60385372017754, 20.016313047224617 ], [ -100.603562369036723, 20.016439183388616 ], [ -100.603625608409743, 20.016975866903614 ], [ -100.603333525261178, 20.017019368842956 ], [ -100.602434201029666, 20.021158055234441 ], [ -100.601987810122964, 20.023599249919659 ], [ -100.603572215687237, 20.024165889859823 ], [ -100.605156631679677, 20.024732514796927 ], [ -100.604479596307669, 20.027547315771653 ], [ -100.604477804075813, 20.027569838060103 ], [ -100.604426956094088, 20.028208823692854 ], [ -100.594971950122272, 20.027969398804007 ], [ -100.593187072416626, 20.027924144982418 ], [ -100.590559886051523, 20.027857501462847 ], [ -100.585325762698361, 20.024673213880074 ], [ -100.581855238301628, 20.022467482839023 ], [ -100.581621268984364, 20.022469202639147 ], [ -100.581212182260813, 20.022513528927938 ], [ -100.580802735692743, 20.022516536896209 ], [ -100.580683953389155, 20.022310809177814 ], [ -100.58021206174358, 20.021859753902184 ], [ -100.579505845627622, 20.021369096642424 ], [ -100.578860997649628, 20.021208546773543 ], [ -100.577803478942187, 20.020679138136458 ], [ -100.57692287571615, 20.0203137077634 ], [ -100.575985575893, 20.020155288195799 ], [ -100.575107843191134, 20.020120388386729 ], [ -100.574348167273456, 20.020208581922731 ], [ -100.573645551522418, 20.020131074874961 ], [ -100.573645551519817, 20.020131074573584 ], [ -100.573645551535463, 20.020131074570308 ] ] ] ] } },
{ "type": "Feature", "properties": { "ID": 21, "ENTIDAD": 11, "MUNICIPIO": 2, "NOMBRE": "ACAMBARO", "CONTROL": 39, "GEOMETRY1_": null, "ID_2": 126, "ENTIDAD_2": 11, "DISTRITO_F": 14, "DISTRITO_L": 22, "MUNICIPIO_2": 2, "SECCION": 126, "TIPO": 4, "CONTROL_2": 4429, "GEOMETRY1__2": null }, "geometry": { "type": "MultiPolygon", "coordinates": [ [ [ [ -100.596830875832225, 19.994955303654493 ], [ -100.596814067143171, 19.993878340455446 ], [ -100.596711156597024, 19.993600220281138 ], [ -100.596600582203934, 19.993301386939446 ], [ -100.59638709896204, 19.992724433023675 ], [ -100.595463659094193, 19.991577684660381 ], [ -100.594540232870642, 19.990430930426594 ], [ -100.594416311897902, 19.989976975610993 ], [ -100.594821297414327, 19.989722551082025 ], [ -100.596158878364719, 19.989330382599462 ], [ -100.597496451990779, 19.988938204455664 ], [ -100.598366107305722, 19.988511341447854 ], [ -100.599406452147193, 19.987791992417748 ], [ -100.60020927442568, 19.986827483482955 ], [ -100.600209274421204, 19.986827483196979 ], [ -100.600209274440601, 19.98682748317367 ], [ -100.600201508250336, 19.986330423957568 ], [ -100.601067904504561, 19.985696440993834 ], [ -100.601372548827939, 19.985642041228555 ], [ -100.601446578101658, 19.985628821876375 ], [ -100.601502601397897, 19.98561880855571 ], [ -100.601825251315461, 19.985561201971397 ], [ -100.602402842228912, 19.985138542237568 ], [ -100.602920079979739, 19.984592460726851 ], [ -100.603725457046323, 19.983793624376382 ], [ -100.605464021635186, 19.982898417434257 ], [ -100.606730781328267, 19.981720011325251 ], [ -100.607647742346487, 19.980588095646521 ], [ -100.608220755320204, 19.979875468641033 ], [ -100.608220755334287, 19.979875468332583 ], [ -100.608220755335751, 19.979875468330754 ], [ -100.60825806841919, 19.979057075289958 ], [ -100.608264230189036, 19.978921928204798 ], [ -100.608546513545903, 19.978296374494889 ], [ -100.60950450012308, 19.977264317586755 ], [ -100.609638004018962, 19.977120489926737 ], [ -100.60963800389014, 19.977120489771739 ], [ -100.609638004034608, 19.977120489616095 ], [ -100.609399844761882, 19.976833925924584 ], [ -100.609975434923228, 19.976286980446957 ], [ -100.610372564551852, 19.975535466571397 ], [ -100.610711937674836, 19.974826220414634 ], [ -100.610820297230902, 19.974286047590791 ], [ -100.611400422301045, 19.974029048291083 ], [ -100.611742387472475, 19.973485486347258 ], [ -100.611847493449233, 19.97273820592569 ], [ -100.611847493436557, 19.972738205816956 ], [ -100.611847493465049, 19.972738205614419 ], [ -100.611779993590929, 19.97215915294208 ], [ -100.612240056498877, 19.971696738748534 ], [ -100.613108275089402, 19.971186969020962 ], [ -100.613982341483677, 19.971049988020912 ], [ -100.614738302772693, 19.97083185642629 ], [ -100.614954339476554, 19.969710086234496 ], [ -100.61511522675751, 19.968796271039878 ], [ -100.615215110083653, 19.967717618439888 ], [ -100.616577341260481, 19.968600749345121 ], [ -100.617027645111506, 19.968892675498552 ], [ -100.617460958600361, 19.969173539565091 ], [ -100.619105151515541, 19.970229083333216 ], [ -100.620164796582728, 19.971125920611694 ], [ -100.621331927147835, 19.971278111267203 ], [ -100.622256991419846, 19.970689556353097 ], [ -100.623066542502244, 19.970184891356606 ], [ -100.637160806252339, 19.969946997131771 ], [ -100.637629388747769, 19.96993906879344 ], [ -100.638549312408003, 19.968937470737 ], [ -100.639473279091803, 19.968266238752289 ], [ -100.640288841737828, 19.968257054731506 ], [ -100.641581601705909, 19.969151131961983 ], [ -100.642409350786252, 19.970133046673059 ], [ -100.64323203167659, 19.970701994954023 ], [ -100.644175294189665, 19.971599993241423 ], [ -100.645815603449776, 19.972324905883553 ], [ -100.646985807582141, 19.972724701837798 ], [ -100.648270492210372, 19.972957987681383 ], [ -100.649443763292012, 19.973605542814973 ], [ -100.650624181759156, 19.974831233454694 ], [ -100.651748334018905, 19.976205989194437 ], [ -100.653095461730487, 19.976785714452834 ], [ -100.653793526572471, 19.976695194508999 ], [ -100.654491590402756, 19.976604671871868 ], [ -100.655072116974921, 19.976432877194171 ], [ -100.656350702445692, 19.976170550950144 ], [ -100.657278719188014, 19.975829595888502 ], [ -100.657740678936307, 19.975493933267259 ], [ -100.657760126182197, 19.977063175152185 ], [ -100.657888924548075, 19.978052950841249 ], [ -100.65755268541524, 19.979130615148865 ], [ -100.657335005945114, 19.980372138291298 ], [ -100.657001829499507, 19.981697576877405 ], [ -100.657140864702157, 19.983513269095173 ], [ -100.657038675134274, 19.984670876083509 ], [ -100.657053005563967, 19.985827158821348 ], [ -100.657066313179683, 19.986900849791333 ], [ -100.657424069102689, 19.987557609396259 ], [ -100.65743123658163, 19.988135750479955 ], [ -100.657556975270921, 19.988877750028518 ], [ -100.657802311606332, 19.989866199152829 ], [ -100.658164175920191, 19.990853322469057 ], [ -100.658642570324588, 19.991839119109333 ], [ -100.659011620242367, 19.993404380069197 ], [ -100.659369400764049, 19.99406113366592 ], [ -100.659610657215111, 19.994719212656193 ], [ -100.659966392318822, 19.995210781752444 ], [ -100.660141696471072, 19.99525008747263 ], [ -100.665413990350871, 20.006462947919665 ], [ -100.665944923547812, 20.006954621443587 ], [ -100.666126098302001, 20.007572985271739 ], [ -100.666306130010526, 20.008067401594779 ], [ -100.667228963778598, 20.010031426177395 ], [ -100.6674694980683, 20.010441559564757 ], [ -100.667594566135122, 20.01093620379973 ], [ -100.667898323726831, 20.011635026636043 ], [ -100.668081128417683, 20.01208741455131 ], [ -100.668320296361188, 20.012414809870467 ], [ -100.668619943819351, 20.012865421659686 ], [ -100.668800693755955, 20.013193703907326 ], [ -100.668802752218724, 20.013317808520522 ], [ -100.669035061435579, 20.013231520599792 ], [ -100.669103775397303, 20.01385115561833 ], [ -100.669349125227683, 20.014550862832476 ], [ -100.669593104628802, 20.01516783314414 ], [ -100.670428508727639, 20.016210285123464 ], [ -100.670314069049198, 20.016356850538692 ], [ -100.67008930854503, 20.016898190136885 ], [ -100.669922281977307, 20.017397273058435 ], [ -100.670052171028132, 20.018181491320451 ], [ -100.670060410381893, 20.018677909136091 ], [ -100.670127759099131, 20.019214806643824 ], [ -100.670316760927435, 20.020039504051876 ], [ -100.670324314938952, 20.020494553553828 ], [ -100.670100236411457, 20.021077261478304 ], [ -100.669759309453852, 20.021661745992606 ], [ -100.669415633934904, 20.022080757401685 ], [ -100.669126261605669, 20.022250671152058 ], [ -100.668835515843682, 20.022337848150659 ], [ -100.668486345939229, 20.02242591268033 ], [ -100.6680787517612, 20.022514864402584 ], [ -100.667845056405909, 20.022518415629136 ], [ -100.667141226318947, 20.022363594670111 ], [ -100.666794439797343, 20.022308432688799 ], [ -100.6656170595422, 20.0221211459701 ], [ -100.663737379617729, 20.02126815097057 ], [ -100.663326428435767, 20.021106086662723 ], [ -100.663092851423997, 20.021149229722287 ], [ -100.660174837207435, 20.021874413750634 ], [ -100.659999747785264, 20.021917097004739 ], [ -100.659592219027715, 20.022126866083568 ], [ -100.659360539423275, 20.022376583409326 ], [ -100.659186969255643, 20.022584529137436 ], [ -100.657686345890781, 20.024786105814123 ], [ -100.657455798398516, 20.025159768553625 ], [ -100.65716296296101, 20.025120727661527 ], [ -100.656753904198482, 20.025165227608611 ], [ -100.648490168757434, 20.027289460982825 ], [ -100.644323454952669, 20.028360369975363 ], [ -100.636462448978008, 20.028195948247312 ], [ -100.629904358937509, 20.028058510463982 ], [ -100.625542363465485, 20.027966961201038 ], [ -100.625547191177347, 20.028504075300599 ], [ -100.625607541440701, 20.028710213042672 ], [ -100.604426956094088, 20.028208823692854 ], [ -100.604477804075813, 20.027569838060103 ], [ -100.604479596307669, 20.027547315771653 ], [ -100.605156631679677, 20.024732514796927 ], [ -100.603572215687237, 20.024165889859823 ], [ -100.601987810122964, 20.023599249919659 ], [ -100.602434201029666, 20.021158055234441 ], [ -100.603333525261178, 20.017019368842956 ], [ -100.603625608409743, 20.016975866903614 ], [ -100.603562369036723, 20.016439183388616 ], [ -100.60385372017754, 20.016313047224617 ], [ -100.604007541329523, 20.015070019905135 ], [ -100.60418126565051, 20.013666138790313 ], [ -100.604508803515756, 20.01101922974221 ], [ -100.60269313637707, 20.010743554078715 ], [ -100.600936326067469, 20.010508740416654 ], [ -100.600292236139026, 20.010430901026336 ], [ -100.598887082971714, 20.01027608573758 ], [ -100.597952012757247, 20.010365682409219 ], [ -100.596725957525337, 20.010622715968299 ], [ -100.595965982701898, 20.010669681323272 ], [ -100.595265947032246, 20.010881477965455 ], [ -100.595031633343069, 20.010841897158866 ], [ -100.594853629690675, 20.010553979052322 ], [ -100.59450089003424, 20.010349996729222 ], [ -100.59414960228284, 20.010311282368644 ], [ -100.592569352395302, 20.010199034794205 ], [ -100.592159577674437, 20.010160749638249 ], [ -100.591807204138775, 20.009998078872304 ], [ -100.591395981868786, 20.009794522946294 ], [ -100.591102821069768, 20.009714052325396 ], [ -100.590751535060051, 20.009675331066038 ], [ -100.590459098294389, 20.009677493857527 ], [ -100.590224425410369, 20.009596589216027 ], [ -100.589872778120522, 20.009516548909708 ], [ -100.589638105722301, 20.009435643452967 ], [ -100.589519685018814, 20.00927123876453 ], [ -100.588814224693451, 20.008863250708981 ], [ -100.585297426749889, 20.008021468058093 ], [ -100.58371468027994, 20.007619917648857 ], [ -100.579204734300191, 20.006909273407231 ], [ -100.579219646547756, 20.006583266356145 ], [ -100.579253892545012, 20.005834589792421 ], [ -100.580595484629114, 20.005411549535445 ], [ -100.580709224490533, 20.005038833954671 ], [ -100.581585434927831, 20.004908441793322 ], [ -100.58222841955812, 20.004862399112991 ], [ -100.584041118732699, 20.004807752602837 ], [ -100.585993360172594, 20.003987639016977 ], [ -100.587945580060818, 20.003167505208978 ], [ -100.588235838823067, 20.002917443382312 ], [ -100.588349558966527, 20.002544724136044 ], [ -100.588523207720883, 20.002336842492198 ], [ -100.588872309871761, 20.002127665401531 ], [ -100.589163649086601, 20.002001554218172 ], [ -100.58939578064394, 20.001793239925721 ], [ -100.590446692882679, 20.001578875022386 ], [ -100.591553914794702, 20.001116167760653 ], [ -100.592311312200437, 20.000780003498623 ], [ -100.592641564997265, 20.000781044118604 ], [ -100.594159209862269, 19.999716972773946 ], [ -100.594501285468141, 19.999173437743885 ], [ -100.595249010903032, 19.998416897072648 ], [ -100.595759851907076, 19.997456615883817 ], [ -100.596210336883843, 19.996372911279963 ], [ -100.596830875817545, 19.994955303962691 ], [ -100.596830875813396, 19.994955303697488 ], [ -100.596830875832225, 19.994955303654493 ] ] ] ] } },
{ "type": "Feature", "properties": { "ID": 21, "ENTIDAD": 11, "MUNICIPIO": 2, "NOMBRE": "ACAMBARO", "CONTROL": 39, "GEOMETRY1_": null, "ID_2": 127, "ENTIDAD_2": 11, "DISTRITO_F": 14, "DISTRITO_L": 22, "MUNICIPIO_2": 2, "SECCION": 127, "TIPO": 4, "CONTROL_2": 4428, "GEOMETRY1__2": null }, "geometry": { "type": "MultiPolygon", "coordinates": [ [ [ [ -100.678045776548672, 20.020956251036139 ], [ -100.677459481212608, 20.020841057070637 ], [ -100.676754963951282, 20.02064490648014 ], [ -100.676225716671269, 20.020446081608828 ], [ -100.675929473416915, 20.020202325699739 ], [ -100.675509161005849, 20.01952598549553 ], [ -100.675088852343606, 20.018849643985661 ], [ -100.674903955180426, 20.018273161506979 ], [ -100.674830400491743, 20.017363954466582 ], [ -100.674702552360642, 20.01670384545498 ], [ -100.674639316534609, 20.016415158925671 ], [ -100.674391877298376, 20.015591356868715 ], [ -100.673684636851419, 20.01522971966746 ], [ -100.673098365107037, 20.015114509431474 ], [ -100.672512094068196, 20.014999297190698 ], [ -100.671870150835275, 20.015050444356412 ], [ -100.671406904402318, 20.015305763751545 ], [ -100.671002764371991, 20.015601561561009 ], [ -100.670542948198829, 20.016063719646972 ], [ -100.670485728489155, 20.016137002392909 ], [ -100.670457118614877, 20.016173643760052 ], [ -100.670428508727639, 20.016210285123464 ], [ -100.669593104628802, 20.01516783314414 ], [ -100.669349125227683, 20.014550862832476 ], [ -100.669103775397303, 20.01385115561833 ], [ -100.669035061435579, 20.013231520599792 ], [ -100.668802752218724, 20.013317808520522 ], [ -100.668800693755955, 20.013193703907326 ], [ -100.668619943819351, 20.012865421659686 ], [ -100.668320296361188, 20.012414809870467 ], [ -100.668081128417683, 20.01208741455131 ], [ -100.667898323726831, 20.011635026636043 ], [ -100.667594566135122, 20.01093620379973 ], [ -100.6674694980683, 20.010441559564757 ], [ -100.667228963778598, 20.010031426177395 ], [ -100.666306130010526, 20.008067401594779 ], [ -100.666126098302001, 20.007572985271739 ], [ -100.665944923547812, 20.006954621443587 ], [ -100.665413990350871, 20.006462947919665 ], [ -100.660141696471072, 19.99525008747263 ], [ -100.660317000697347, 19.99528939301296 ], [ -100.662411415196857, 19.995017723780514 ], [ -100.662282566583571, 19.994027956188088 ], [ -100.667842883842454, 19.991321206487299 ], [ -100.669120528866387, 19.990976190410517 ], [ -100.670168212663924, 19.990881604798918 ], [ -100.670988003209246, 19.99120263529414 ], [ -100.672159432686641, 19.991684840678108 ], [ -100.673097819801995, 19.99216970806437 ], [ -100.674267196118521, 19.992486716844308 ], [ -100.67543554300137, 19.992721126796283 ], [ -100.675893371842946, 19.99205505369569 ], [ -100.676118149481525, 19.991391653813601 ], [ -100.676344993290854, 19.990893435215579 ], [ -100.674950845138852, 19.991239838495815 ], [ -100.674582679997897, 19.989757212104518 ], [ -100.674801262596674, 19.988598268605372 ], [ -100.67525908370969, 19.98793219751165 ], [ -100.681890858231483, 19.987930633781801 ], [ -100.682600943828291, 19.987930451636085 ], [ -100.686637603822604, 19.984579853312585 ], [ -100.687716414744813, 19.986962876705174 ], [ -100.692951457470329, 19.986241580949155 ], [ -100.69331561023553, 19.987393797769858 ], [ -100.695864428024066, 19.986207862102098 ], [ -100.698883457656919, 19.985346845741837 ], [ -100.700005056099783, 19.983270175908807 ], [ -100.705082643393439, 19.981555325985727 ], [ -100.706635912593399, 19.980653801590762 ], [ -100.707896772524705, 19.981626750145974 ], [ -100.70893440012577, 19.981222716780856 ], [ -100.713816285936431, 19.979796475732211 ], [ -100.715506720479496, 19.981947318162423 ], [ -100.73548104928814, 19.98613566569729 ], [ -100.735542724742743, 19.98638336213395 ], [ -100.735959506762185, 19.986958175327885 ], [ -100.735506675581689, 19.988122627456054 ], [ -100.734470171566514, 19.989376605283962 ], [ -100.734074730384762, 19.990457591086198 ], [ -100.733387979818659, 19.991624732894174 ], [ -100.732638846207976, 19.992834690177304 ], [ -100.732245482403229, 19.992737437972004 ], [ -100.731402087334558, 19.992528920124801 ], [ -100.730260886862794, 19.992065992921486 ], [ -100.727362388951647, 19.987998909759821 ], [ -100.717331698636883, 19.988562093744797 ], [ -100.716816829210458, 20.000849180555111 ], [ -100.715009851716204, 20.000857143385488 ], [ -100.714077945101451, 20.001041536337205 ], [ -100.712714270289894, 20.001311352211076 ], [ -100.713133465205658, 20.002670997806792 ], [ -100.712648948080627, 20.003949041142473 ], [ -100.711903447141466, 20.00363238039327 ], [ -100.710326591391151, 20.003294596400067 ], [ -100.709545031828156, 20.003069376022463 ], [ -100.70779631479067, 20.002565436747037 ], [ -100.707774234475366, 20.002565649607345 ], [ -100.707768422334667, 20.002851768657756 ], [ -100.707755195886236, 20.003018242632276 ], [ -100.707750992946686, 20.003071142666588 ], [ -100.707732705699925, 20.003301313743325 ], [ -100.707728743043347, 20.003471171742579 ], [ -100.707743346378535, 20.003750411911447 ], [ -100.707774624659649, 20.003963754618052 ], [ -100.707817433329438, 20.004171508086412 ], [ -100.707847943485248, 20.004313643421089 ], [ -100.707806779457997, 20.004404196018651 ], [ -100.705718829882514, 20.005103026398153 ], [ -100.702142666879624, 20.006531765059535 ], [ -100.701882901095786, 20.006610403206579 ], [ -100.701648193608733, 20.00695591958047 ], [ -100.701110396014784, 20.007747622711481 ], [ -100.700667767474755, 20.00839921876134 ], [ -100.699268102633596, 20.009593735236272 ], [ -100.697868416482748, 20.010788242027242 ], [ -100.697112315590886, 20.011206300908817 ], [ -100.693545742177562, 20.012986395524745 ], [ -100.688458025557296, 20.014780935008876 ], [ -100.683896021918954, 20.015557247750461 ], [ -100.678514537769345, 20.021031857585605 ], [ -100.678045776548672, 20.020956251036139 ] ] ] ] } },
{ "type": "Feature", "properties": { "ID": 21, "ENTIDAD": 11, "MUNICIPIO": 2, "NOMBRE": "ACAMBARO", "CONTROL": 39, "GEOMETRY1_": null, "ID_2": 132, "ENTIDAD_2": 11, "DISTRITO_F": 14, "DISTRITO_L": 22, "MUNICIPIO_2": 2, "SECCION": 132, "TIPO": 4, "CONTROL_2": 6213, "GEOMETRY1__2": null }, "geometry": { "type": "MultiPolygon", "coordinates": [ [ [ [ -100.735803500849215, 19.978817733235569 ], [ -100.734606653850435, 19.977750416503905 ], [ -100.731196377401702, 19.977318834943123 ], [ -100.730057048876546, 19.976551610097157 ], [ -100.72963805420963, 19.976269454832533 ], [ -100.729598080050536, 19.976242627593297 ], [ -100.729544716772367, 19.976206600169881 ], [ -100.729385694489025, 19.976135258716955 ], [ -100.728753775152398, 19.975851761468103 ], [ -100.728468508707863, 19.975083766143815 ], [ -100.727629306627549, 19.973926130377471 ], [ -100.727262559333411, 19.973688214171457 ], [ -100.726082143520699, 19.972611192639345 ], [ -100.725706381358989, 19.972079582807073 ], [ -100.725158641174716, 19.970803802025319 ], [ -100.725084031232498, 19.970526126796894 ], [ -100.724472311784865, 19.969420319110942 ], [ -100.724426294002811, 19.969139098593001 ], [ -100.724282773800795, 19.968871062870885 ], [ -100.724291443828932, 19.968694663818226 ], [ -100.724148452249565, 19.968174820199991 ], [ -100.72387784057814, 19.967879499254689 ], [ -100.723824850822794, 19.966525258309311 ], [ -100.723905390960482, 19.966206413139417 ], [ -100.723840666340578, 19.96601296945266 ], [ -100.723828807930573, 19.965669797746532 ], [ -100.723825440348705, 19.965572342361064 ], [ -100.723768557673338, 19.965545163188203 ], [ -100.721872101284347, 19.964638998960034 ], [ -100.721280039441268, 19.9640661487397 ], [ -100.720689040737099, 19.963576087148965 ], [ -100.719509699664954, 19.962802934716947 ], [ -100.718625333402059, 19.962233413529798 ], [ -100.71814969088318, 19.961617820459637 ], [ -100.717558710743759, 19.961127746920702 ], [ -100.717262165098404, 19.960799918166821 ], [ -100.716261419375044, 19.960273113367901 ], [ -100.714729761701605, 19.959379738648771 ], [ -100.714131941368507, 19.958351508785302 ], [ -100.713830133038329, 19.957609716719453 ], [ -100.71376217628044, 19.956865260670821 ], [ -100.713465119288585, 19.956496028581942 ], [ -100.71258449917589, 19.956216242539082 ], [ -100.712343799666769, 19.955680760022886 ], [ -100.712273216330757, 19.954729324142953 ], [ -100.711797621969836, 19.954113710070139 ], [ -100.711328879037382, 19.954036238935181 ], [ -100.710809574603346, 19.954580367450614 ], [ -100.710289740129951, 19.955083098926671 ], [ -100.709476540852719, 19.955506359773715 ], [ -100.708549569590247, 19.956179320124814 ], [ -100.707497778469957, 19.956232666692905 ], [ -100.706910529265073, 19.956032324229835 ], [ -100.70614579370941, 19.955668386357484 ], [ -100.705555396331036, 19.955219664011423 ], [ -100.704379335962685, 19.954694775571703 ], [ -100.70361881002222, 19.954661993035845 ], [ -100.702800347030404, 19.954671265313007 ], [ -100.701980310653838, 19.954556346015938 ], [ -100.70191503308331, 19.954018860709095 ], [ -100.702025139837389, 19.953479389750306 ], [ -100.702194755709883, 19.953022048707819 ], [ -100.702301190602626, 19.952192806066183 ], [ -100.702057386255007, 19.951408930686981 ], [ -100.701698760832514, 19.950791962005614 ], [ -100.70122531432645, 19.950341899344135 ], [ -100.701162138178219, 19.949969997103633 ], [ -100.701035786978522, 19.949226192445504 ], [ -100.700385921033643, 19.948695319205584 ], [ -100.700145798523437, 19.948201211860326 ], [ -100.702562812207674, 19.946849124498119 ], [ -100.723957682614426, 19.935716861414218 ], [ -100.724608093341402, 19.936289042723637 ], [ -100.725023631336896, 19.936781106414969 ], [ -100.725322792840103, 19.93731590267658 ], [ -100.725451892521619, 19.938266660767695 ], [ -100.725870089458738, 19.9389656991975 ], [ -100.726468429508571, 19.940035286898048 ], [ -100.726599130762594, 19.941110229562707 ], [ -100.726430127422759, 19.94160898384413 ], [ -100.726616634852604, 19.942476279377289 ], [ -100.726862662497467, 19.943425695580338 ], [ -100.726994432287668, 19.944583428012191 ], [ -100.72712355140446, 19.945534182962835 ], [ -100.727605542979006, 19.946646498893251 ], [ -100.727623342353638, 19.946894703780405 ], [ -100.727641141816065, 19.947142908654943 ], [ -100.727676741004174, 19.947639318366519 ], [ -100.727694408014344, 19.947877174354449 ], [ -100.727712075106879, 19.948115030330619 ], [ -100.72774740953929, 19.948590742247664 ], [ -100.728051384316089, 19.94949808933821 ], [ -100.728123649957979, 19.950573698774004 ], [ -100.728310712212661, 19.951482385587337 ], [ -100.728382450466853, 19.952516599131474 ], [ -100.728631696524076, 19.953714382010638 ], [ -100.729048890450969, 19.954330617053238 ], [ -100.729233838358709, 19.955073720491836 ], [ -100.729534116138211, 19.955691295627069 ], [ -100.730062393502621, 19.955850837074575 ], [ -100.730587480908923, 19.955762005105626 ], [ -100.731464930510938, 19.955793327990087 ], [ -100.732283918944063, 19.955825318426978 ], [ -100.733049238408853, 19.95623053436811 ], [ -100.733638644737496, 19.956596368694889 ], [ -100.734110065139177, 19.956880755548163 ], [ -100.733410657466081, 19.957054405530474 ], [ -100.733003023836659, 19.957183296953552 ], [ -100.73259219523986, 19.957063816032051 ], [ -100.732123970107764, 19.957027796515476 ], [ -100.732070830870072, 19.95744242093614 ], [ -100.73248485431661, 19.957810274472816 ], [ -100.732837222921091, 19.957930427653597 ], [ -100.733243793473591, 19.957718746018347 ], [ -100.733708291946968, 19.95746499589676 ], [ -100.733768884411518, 19.957629904322825 ], [ -100.733715749444514, 19.958044528904409 ], [ -100.733782202031918, 19.958664784611873 ], [ -100.734255227670744, 19.959073356133523 ], [ -100.734857307743468, 19.963856799023201 ], [ -100.734828779338699, 19.964590554076015 ], [ -100.735165878486825, 19.965332254168331 ], [ -100.736407746664696, 19.965391193983645 ], [ -100.737231441465113, 19.965578197842223 ], [ -100.737754669508305, 19.965815175921854 ], [ -100.737877502980851, 19.965870796305101 ], [ -100.740991346393528, 19.966572932469099 ], [ -100.741212292038369, 19.969253899863947 ], [ -100.741127132134352, 19.971287248018715 ], [ -100.740612060623988, 19.973324815421645 ], [ -100.739957761730878, 19.975736374991666 ], [ -100.739864781380049, 19.977058420044472 ], [ -100.739847916454806, 19.9787862205037 ], [ -100.737673224253172, 19.979789925969968 ], [ -100.735803500849215, 19.978817733235569 ] ] ] ] } },
{ "type": "Feature", "properties": { "ID": 21, "ENTIDAD": 11, "MUNICIPIO": 2, "NOMBRE": "ACAMBARO", "CONTROL": 39, "GEOMETRY1_": null, "ID_2": 128, "ENTIDAD_2": 11, "DISTRITO_F": 14, "DISTRITO_L": 22, "MUNICIPIO_2": 2, "SECCION": 128, "TIPO": 4, "CONTROL_2": 4426, "GEOMETRY1__2": null }, "geometry": { "type": "MultiPolygon", "coordinates": [ [ [ [ -100.793203796454435, 20.019783014210873 ], [ -100.793140346056219, 20.019494386339218 ], [ -100.793135314406811, 20.019204829431764 ], [ -100.793071864454319, 20.018916201490175 ], [ -100.793007696023736, 20.018586208219926 ], [ -100.793006977271972, 20.018544842940504 ], [ -100.793000508564788, 20.018172555416296 ], [ -100.792994758691577, 20.017841633157857 ], [ -100.793105844601868, 20.017508853047691 ], [ -100.793102250873346, 20.017302026634582 ], [ -100.792982540488367, 20.017138423312804 ], [ -100.79280369404357, 20.016934383429646 ], [ -100.792623410865673, 20.01664761273047 ], [ -100.792443846916242, 20.016402207092099 ], [ -100.792320545400202, 20.016031776666789 ], [ -100.792140264226461, 20.015745005301444 ], [ -100.792191496877834, 20.01533042358674 ], [ -100.790612798922794, 20.015272757402567 ], [ -100.790611362851195, 20.015190026696292 ], [ -100.789381732866417, 20.015044049979878 ], [ -100.786490616399021, 20.01343486302714 ], [ -100.786078116347255, 20.013234521696575 ], [ -100.785609350841199, 20.01315920212145 ], [ -100.785317268319091, 20.013163833602082 ], [ -100.777691126586504, 20.014815536858006 ], [ -100.777698273134177, 20.015229193502105 ], [ -100.777114097702963, 20.015238430483787 ], [ -100.77704281947203, 20.014494771825408 ], [ -100.777094806436224, 20.014121557119108 ], [ -100.77691526845031, 20.013876133598298 ], [ -100.77667874276915, 20.013714364659499 ], [ -100.776328240684563, 20.013719904808323 ], [ -100.775977738516403, 20.013725444264786 ], [ -100.775762656476431, 20.0138054832886 ], [ -100.775397138161566, 20.013941503779098 ], [ -100.77426365960747, 20.012593967401905 ], [ -100.772839546191634, 20.011333764345324 ], [ -100.771530194089323, 20.013340526782834 ], [ -100.769574651138115, 20.015150585826539 ], [ -100.766747818051684, 20.013871067451905 ], [ -100.766692959407337, 20.014078817248969 ], [ -100.766430141921944, 20.014085072371198 ], [ -100.761552922685595, 20.014201080635956 ], [ -100.759260434562776, 20.013409563105721 ], [ -100.759073116552855, 20.012709092022511 ], [ -100.753704388237011, 20.013124358339883 ], [ -100.749502561125993, 20.013438446009438 ], [ -100.74879871887029, 20.013283952582832 ], [ -100.748788820182654, 20.012704823533884 ], [ -100.747883825279644, 20.014456836117724 ], [ -100.747471363769165, 20.014256401327255 ], [ -100.746853267165491, 20.012279950966796 ], [ -100.746931708393731, 20.011740817310375 ], [ -100.74695096519639, 20.011608466673604 ], [ -100.747010149237951, 20.011201683627828 ], [ -100.746948906085947, 20.011037131532234 ], [ -100.748021370179544, 20.008827351937587 ], [ -100.74744650053519, 20.006251809909266 ], [ -100.747409566648699, 20.006086334483527 ], [ -100.747009004594887, 20.004291663241968 ], [ -100.747583965312899, 20.003744764907285 ], [ -100.747980146902748, 20.002993773921883 ], [ -100.74729379787955, 20.000439103152669 ], [ -100.74691458172714, 19.999199661047818 ], [ -100.747261076241713, 19.998783192978092 ], [ -100.74772099627117, 19.997993418939046 ], [ -100.748123651068298, 19.997328227929046 ], [ -100.748810776018274, 19.995833219678509 ], [ -100.749494598191063, 19.993965796438374 ], [ -100.750184989856621, 19.992843197376384 ], [ -100.751106229518726, 19.99142915378529 ], [ -100.751511417667388, 19.99105361132624 ], [ -100.752558502406828, 19.990673146879072 ], [ -100.753316009786218, 19.990543190445965 ], [ -100.753812021511436, 19.990539384027716 ], [ -100.754308033095981, 19.990535576222367 ], [ -100.754774867399973, 19.99053199113855 ], [ -100.76073915442052, 19.99185168055336 ], [ -100.763544603295102, 19.992326595431638 ], [ -100.764350316836698, 19.992466631078919 ], [ -100.764346592323349, 19.993252816308949 ], [ -100.76436608973566, 19.994743012936109 ], [ -100.763422374671677, 19.998604306065907 ], [ -100.764288679735657, 19.997766166982085 ], [ -100.764922700042447, 19.997054942599185 ], [ -100.765321730776279, 19.996263663501711 ], [ -100.765837165163092, 19.995429621346918 ], [ -100.766471169569627, 19.994718392475924 ], [ -100.767047778835433, 19.994090634718464 ], [ -100.767228082442699, 19.99446112992338 ], [ -100.767410556615744, 19.994997201972897 ], [ -100.767762488442813, 19.995075882765619 ], [ -100.768108451967493, 19.994699225965419 ], [ -100.768453871190999, 19.994281174343282 ], [ -100.768857762635633, 19.993862437164839 ], [ -100.769144704273387, 19.993445069436383 ], [ -100.769432187348343, 19.993069095578377 ], [ -100.769958993569134, 19.993104322413593 ], [ -100.770368309366987, 19.993099524465137 ], [ -100.770837185253129, 19.993176828352794 ], [ -100.770893062782093, 19.993085257066642 ], [ -100.771066190097415, 19.992801537798808 ], [ -100.771470070682213, 19.992382795407309 ], [ -100.771816562920236, 19.992047526561009 ], [ -100.772283261564368, 19.991959250092094 ], [ -100.772459768461104, 19.992039980090169 ], [ -100.772928641715865, 19.992117278610969 ], [ -100.773277305570886, 19.991947583807388 ], [ -100.773565319781653, 19.991612998284356 ], [ -100.773967558408131, 19.991070068440674 ], [ -100.774429899370915, 19.990650633524552 ], [ -100.774891693625463, 19.990189803441591 ], [ -100.775296645964133, 19.989853841725452 ], [ -100.775475873692741, 19.990141539374896 ], [ -100.775364372610824, 19.990556854676331 ], [ -100.775137014226473, 19.991056332211009 ], [ -100.774853358660394, 19.991722072955973 ], [ -100.778791350149476, 19.988777734622158 ], [ -100.779665699768984, 19.988560440152462 ], [ -100.780944435733787, 19.987965774125605 ], [ -100.78578949410084, 19.99614729548183 ], [ -100.788491670843811, 19.995331477013529 ], [ -100.788643772572328, 19.99528555429638 ], [ -100.788415356180494, 19.995702258362059 ], [ -100.788187486531072, 19.996160355999631 ], [ -100.788194061144111, 19.996657081500611 ], [ -100.788138326129001, 19.996864741915605 ], [ -100.788461892448098, 19.996680032417647 ], [ -100.790285976314863, 19.995638726300001 ], [ -100.789694657510367, 19.995148921489783 ], [ -100.790330191584488, 19.994561796707 ], [ -100.794012923365301, 19.994435367995141 ], [ -100.796285135243139, 19.993787409464296 ], [ -100.802404933824789, 19.996612666263609 ], [ -100.804469189046003, 19.997912878175878 ], [ -100.803971627620797, 20.00007160673869 ], [ -100.805664649085926, 20.000509824810159 ], [ -100.808722974504732, 20.001660888368811 ], [ -100.808084874525733, 20.0052708445014 ], [ -100.807701263378974, 20.006725153167448 ], [ -100.807430140679273, 20.007929404683914 ], [ -100.807046519057408, 20.00938371248083 ], [ -100.806610975453836, 20.01121123784905 ], [ -100.80655833716925, 20.011543090937106 ], [ -100.806506781870539, 20.011936991491382 ], [ -100.803866186418077, 20.011296442614238 ], [ -100.80287168565097, 20.011229558944816 ], [ -100.801808678213817, 20.010584489816615 ], [ -100.801282222473318, 20.010551508419859 ], [ -100.801173319879993, 20.011008387567145 ], [ -100.801000956903863, 20.011176642209335 ], [ -100.800424009329575, 20.011599606209661 ], [ -100.799389817281778, 20.012609128147165 ], [ -100.798821501572249, 20.013528469536183 ], [ -100.798136346468681, 20.014449670576845 ], [ -100.797857222202211, 20.015198896132301 ], [ -100.795404432460913, 20.015279322859818 ], [ -100.795981986980436, 20.018249250995897 ], [ -100.795402842248691, 20.018548105665172 ], [ -100.794879236507128, 20.018680568112426 ], [ -100.79453232292822, 20.01889297131012 ], [ -100.794129866228403, 20.019271764221415 ], [ -100.793610570360457, 20.019652414718582 ], [ -100.79303716597019, 20.020282184489435 ], [ -100.793203796454435, 20.019783014210873 ] ] ] ] } },
{ "type": "Feature", "properties": { "ID": 21, "ENTIDAD": 11, "MUNICIPIO": 2, "NOMBRE": "ACAMBARO", "CONTROL": 39, "GEOMETRY1_": null, "ID_2": 131, "ENTIDAD_2": 11, "DISTRITO_F": 14, "DISTRITO_L": 22, "MUNICIPIO_2": 2, "SECCION": 131, "TIPO": 4, "CONTROL_2": 6214, "GEOMETRY1__2": null }, "geometry": { "type": "MultiPolygon", "coordinates": [ [ [ [ -100.74209175222866, 19.934775864481747 ], [ -100.742114679158192, 19.934448371670552 ], [ -100.742172621138963, 19.933620714453383 ], [ -100.741674085273701, 19.932330962610806 ], [ -100.742053164923462, 19.930809530350874 ], [ -100.742371625604591, 19.929410906290826 ], [ -100.742371625580716, 19.929410906206613 ], [ -100.742371625633794, 19.929410905973455 ], [ -100.741936148134215, 19.927874463353984 ], [ -100.741983958207015, 19.925438136455206 ], [ -100.741835348385166, 19.924113521610966 ], [ -100.741752216108793, 19.922418335436447 ], [ -100.741261021966224, 19.92075693482812 ], [ -100.745390127497345, 19.920915631081634 ], [ -100.759425156777354, 19.921110242901939 ], [ -100.763718151689048, 19.921169548410862 ], [ -100.772746177821787, 19.918538930184482 ], [ -100.774445059074182, 19.919280044071741 ], [ -100.775219567123031, 19.91994352473623 ], [ -100.775406100932244, 19.920103317118574 ], [ -100.775592635113554, 19.920263109273655 ], [ -100.775779169666976, 19.92042290120148 ], [ -100.775872437083279, 19.920502797080157 ], [ -100.775965704592579, 19.920582692902023 ], [ -100.77611962801835, 19.920876137354888 ], [ -100.776273552047513, 19.921169581621626 ], [ -100.776670357946301, 19.921926055240004 ], [ -100.777117448735424, 19.922778381693345 ], [ -100.777851150957488, 19.924177074985252 ], [ -100.778404841642129, 19.925232583161169 ], [ -100.778750265937546, 19.925891061490827 ], [ -100.779014647925138, 19.926395045260666 ], [ -100.779743014016319, 19.927783488167758 ], [ -100.779869703765101, 19.928527212127499 ], [ -100.780055932905725, 19.929353037557178 ], [ -100.780299526282761, 19.930095387012873 ], [ -100.780537680297869, 19.930423793124081 ], [ -100.781008548179031, 19.930666661469932 ], [ -100.781769491380359, 19.930740514197627 ], [ -100.784099326474063, 19.930092086110069 ], [ -100.784154505806001, 19.929843032673361 ], [ -100.784265954303876, 19.929427714163893 ], [ -100.784673466964222, 19.929298713180135 ], [ -100.785550212416922, 19.92928838488999 ], [ -100.786311695062693, 19.929403612663116 ], [ -100.786387061326835, 19.930686142222669 ], [ -100.786426355910123, 19.933666519951636 ], [ -100.787390517908534, 19.935849379094574 ], [ -100.790608931591592, 19.936080489713312 ], [ -100.790551299986305, 19.936143271286895 ], [ -100.786567785304598, 19.9399577359586 ], [ -100.790673297811693, 19.945374132732358 ], [ -100.790441664685247, 19.945542471840106 ], [ -100.791170619611435, 19.952033722081559 ], [ -100.791350373703608, 19.952362799844757 ], [ -100.791183760273483, 19.953027176379901 ], [ -100.79163021075253, 19.955837123253357 ], [ -100.790420754139404, 19.961647478987665 ], [ -100.788947817404761, 19.965225321997398 ], [ -100.78865769220549, 19.965394351611074 ], [ -100.788368113495153, 19.965604774727247 ], [ -100.78801842981791, 19.965691706154423 ], [ -100.787497731887285, 19.966111859713564 ], [ -100.787030573260978, 19.966158776070049 ], [ -100.786680340718405, 19.966204311035668 ], [ -100.78633065453559, 19.966291239301313 ], [ -100.785921411567301, 19.966296068809196 ], [ -100.785630187972956, 19.966382305865434 ], [ -100.785280500652362, 19.966469232132688 ], [ -100.784930812893236, 19.966556157738875 ], [ -100.784580032353006, 19.966560294653121 ], [ -100.784172972554487, 19.966730696276411 ], [ -100.783705264438126, 19.96673621005046 ], [ -100.783235918715533, 19.966617540454994 ], [ -100.78259009189135, 19.966418147838102 ], [ -100.783064894461745, 19.96695075972606 ], [ -100.783712361843499, 19.967274332488355 ], [ -100.784241265758482, 19.967475099346991 ], [ -100.784890376260478, 19.967922849454762 ], [ -100.785246077200043, 19.968291257634579 ], [ -100.785250994745851, 19.968663803555621 ], [ -100.785197448068587, 19.96903703917058 ], [ -100.785027518646288, 19.969453048115135 ], [ -100.78479639222212, 19.969662776571894 ], [ -100.784567450200797, 19.970038080769424 ], [ -100.78428277325888, 19.97062104420645 ], [ -100.78411502468289, 19.971202628537519 ], [ -100.783948913469729, 19.971908394783942 ], [ -100.783956559596888, 19.972487910834641 ], [ -100.784136326178938, 19.972816994557739 ], [ -100.7845494106638, 19.973101925784011 ], [ -100.785078881981775, 19.973344082421853 ], [ -100.785549888827603, 19.973586927303195 ], [ -100.785964071139986, 19.973954642761665 ], [ -100.786086470942834, 19.974367201990368 ], [ -100.785743326902363, 19.974950857820968 ], [ -100.785338980761423, 19.97532823330393 ], [ -100.78493408619407, 19.975664214032157 ], [ -100.784356520938587, 19.976209232779581 ], [ -100.784011727976164, 19.976668703996424 ], [ -100.783727585313088, 19.977293061179363 ], [ -100.78321339272199, 19.978209933327751 ], [ -100.783279506419078, 19.978788759866639 ], [ -100.783227592098555, 19.979286177059805 ], [ -100.783291521931261, 19.979699427555499 ], [ -100.783472389114081, 19.98011129913348 ], [ -100.783655988771812, 19.980730140290813 ], [ -100.783782760183982, 19.981473852590725 ], [ -100.780468677635511, 19.978490673769812 ], [ -100.775766506571486, 19.98111280946793 ], [ -100.766263221317729, 19.992236786577934 ], [ -100.765779731092806, 19.992159641182283 ], [ -100.765398307792253, 19.992098780523033 ], [ -100.765296241230601, 19.99208249443058 ], [ -100.764329262594487, 19.991928196859174 ], [ -100.764350316836698, 19.992466631078919 ], [ -100.763544603295102, 19.992326595431638 ], [ -100.76073915442052, 19.99185168055336 ], [ -100.754774867399973, 19.99053199113855 ], [ -100.754308033095981, 19.990535576222367 ], [ -100.753812021511436, 19.990539384027716 ], [ -100.753316009786218, 19.990543190445965 ], [ -100.752558502406828, 19.990673146879072 ], [ -100.751511417667388, 19.99105361132624 ], [ -100.751106229518726, 19.99142915378529 ], [ -100.750184989856621, 19.992843197376384 ], [ -100.749494598191063, 19.993965796438374 ], [ -100.748810776018274, 19.995833219678509 ], [ -100.748123651068298, 19.997328227929046 ], [ -100.74772099627117, 19.997993418939046 ], [ -100.747261076241713, 19.998783192978092 ], [ -100.74691458172714, 19.999199661047818 ], [ -100.746392281862214, 19.999534707212032 ], [ -100.745810892094326, 19.999787438953433 ], [ -100.744472303095023, 20.00021147384254 ], [ -100.742432313891186, 20.000516695583638 ], [ -100.741981855533638, 20.000520125441511 ], [ -100.741531397060925, 20.000523554154885 ], [ -100.742126101130694, 19.998545716053847 ], [ -100.739525459841673, 19.998080560021112 ], [ -100.738764729723556, 20.00047946232597 ], [ -100.73671318777231, 20.000560156830527 ], [ -100.736535575359412, 20.00027182801329 ], [ -100.736470331808974, 19.999486060303216 ], [ -100.735876608837927, 19.998331857654758 ], [ -100.735227795637797, 19.997550509888072 ], [ -100.734543587189862, 19.997673092173802 ], [ -100.733510633132099, 19.998284603703365 ], [ -100.732673836211745, 19.998388133147099 ], [ -100.732176651580929, 19.998060548207544 ], [ -100.733314195434843, 19.996761311717222 ], [ -100.733254533258801, 19.996574297918066 ], [ -100.732407103280423, 19.993917933104342 ], [ -100.732463280397468, 19.993655343844374 ], [ -100.732500149055852, 19.993483007914492 ], [ -100.732638846207976, 19.992834690177304 ], [ -100.733387979818659, 19.991624732894174 ], [ -100.734074730384762, 19.990457591086198 ], [ -100.734470171566514, 19.989376605283962 ], [ -100.735506675581689, 19.988122627456054 ], [ -100.735959506762185, 19.986958175327885 ], [ -100.735542724742743, 19.98638336213395 ], [ -100.73548104928814, 19.98613566569729 ], [ -100.73541937405696, 19.985887969218208 ], [ -100.735520836853837, 19.98468616535888 ], [ -100.736036402934886, 19.983852199936194 ], [ -100.737673224253172, 19.979789925969968 ], [ -100.739847916454806, 19.9787862205037 ], [ -100.739864781380049, 19.977058420044472 ], [ -100.739957761730878, 19.975736374991666 ], [ -100.740612060623988, 19.973324815421645 ], [ -100.741127132134352, 19.971287248018715 ], [ -100.741212292038369, 19.969253899863947 ], [ -100.740991346393528, 19.966572932469099 ], [ -100.737877502980851, 19.965870796305101 ], [ -100.737754669508305, 19.965815175921854 ], [ -100.737231441465113, 19.965578197842223 ], [ -100.736407746664696, 19.965391193983645 ], [ -100.735165878486825, 19.965332254168331 ], [ -100.734828779338699, 19.964590554076015 ], [ -100.734857307743468, 19.963856799023201 ], [ -100.734255227670744, 19.959073356133523 ], [ -100.733782202031918, 19.958664784611873 ], [ -100.733715749444514, 19.958044528904409 ], [ -100.733768884411518, 19.957629904322825 ], [ -100.733708291946968, 19.95746499589676 ], [ -100.733243793473591, 19.957718746018347 ], [ -100.732837222921091, 19.957930427653597 ], [ -100.73248485431661, 19.957810274472816 ], [ -100.732070830870072, 19.95744242093614 ], [ -100.732123970107764, 19.957027796515476 ], [ -100.73259219523986, 19.957063816032051 ], [ -100.733003023836659, 19.957183296953552 ], [ -100.733410657466081, 19.957054405530474 ], [ -100.734110065139177, 19.956880755548163 ], [ -100.733638644737496, 19.956596368694889 ], [ -100.733049238408853, 19.95623053436811 ], [ -100.732283918944063, 19.955825318426978 ], [ -100.731464930510938, 19.955793327990087 ], [ -100.730587480908923, 19.955762005105626 ], [ -100.730062393502621, 19.955850837074575 ], [ -100.729534116138211, 19.955691295627069 ], [ -100.729233838358709, 19.955073720491836 ], [ -100.729048890450969, 19.954330617053238 ], [ -100.728631696524076, 19.953714382010638 ], [ -100.728382450466853, 19.952516599131474 ], [ -100.728310712212661, 19.951482385587337 ], [ -100.728123649957979, 19.950573698774004 ], [ -100.728051384316089, 19.94949808933821 ], [ -100.72774740953929, 19.948590742247664 ], [ -100.727712075106879, 19.948115030330619 ], [ -100.727694408014344, 19.947877174354449 ], [ -100.727676741004174, 19.947639318366519 ], [ -100.727641141816065, 19.947142908654943 ], [ -100.727623342353638, 19.946894703780405 ], [ -100.727605542979006, 19.946646498893251 ], [ -100.72712355140446, 19.945534182962835 ], [ -100.726994432287668, 19.944583428012191 ], [ -100.726862662497467, 19.943425695580338 ], [ -100.726616634852604, 19.942476279377289 ], [ -100.726430127422759, 19.94160898384413 ], [ -100.726599130762594, 19.941110229562707 ], [ -100.726468429508571, 19.940035286898048 ], [ -100.725870089458738, 19.9389656991975 ], [ -100.725451892521619, 19.938266660767695 ], [ -100.725322792840103, 19.93731590267658 ], [ -100.725023631336896, 19.936781106414969 ], [ -100.724608093341402, 19.936289042723637 ], [ -100.723957682614426, 19.935716861414218 ], [ -100.726959716759495, 19.934702973756604 ], [ -100.730107380294143, 19.934472044160135 ], [ -100.730917897951258, 19.934693574181665 ], [ -100.731792292202712, 19.934627119132792 ], [ -100.73278630474347, 19.934397634821757 ], [ -100.734417904958832, 19.934303847203246 ], [ -100.735408662813825, 19.934239523592762 ], [ -100.736503613516902, 19.934796748083052 ], [ -100.737959848227874, 19.934740999953174 ], [ -100.73923909498339, 19.934805902350107 ], [ -100.742091752199443, 19.934775864798294 ], [ -100.742091752221597, 19.934775864481818 ], [ -100.74209175222866, 19.934775864481747 ] ] ] ] } },
{ "type": "Feature", "properties": { "ID": 21, "ENTIDAD": 11, "MUNICIPIO": 2, "NOMBRE": "ACAMBARO", "CONTROL": 39, "GEOMETRY1_": null, "ID_2": 129, "ENTIDAD_2": 11, "DISTRITO_F": 14, "DISTRITO_L": 22, "MUNICIPIO_2": 2, "SECCION": 129, "TIPO": 4, "CONTROL_2": 6216, "GEOMETRY1__2": null }, "geometry": { "type": "MultiPolygon", "coordinates": [ [ [ [ -100.936201012887395, 20.017202935860844 ], [ -100.936201012955152, 20.017202936020368 ], [ -100.936201012822323, 20.017202936166502 ], [ -100.936211198235739, 20.017226922077764 ], [ -100.936323131314253, 20.017490515792954 ], [ -100.936269255603889, 20.01773966181517 ], [ -100.93626925560261, 20.017739661825555 ], [ -100.936269255538789, 20.017739662120743 ], [ -100.936249116458185, 20.017903857322306 ], [ -100.93621840428267, 20.018154255222075 ], [ -100.936224453659733, 20.018485148779501 ], [ -100.93612426297878, 20.019397058323456 ], [ -100.9360794606675, 20.020142544903461 ], [ -100.935971707229754, 20.020640837172078 ], [ -100.935806295212231, 20.021181467500849 ], [ -100.935522541353862, 20.021641326423069 ], [ -100.935299468549701, 20.022224294157489 ], [ -100.935299468533742, 20.02222429433456 ], [ -100.935299468484814, 20.022224294462429 ], [ -100.935250882441778, 20.022762972513501 ], [ -100.935257686925908, 20.023135227791418 ], [ -100.935264491523284, 20.023507483051592 ], [ -100.93544502942315, 20.023794086823006 ], [ -100.935623299464311, 20.023956605298796 ], [ -100.935738617379442, 20.02387192965756 ], [ -100.935857716360019, 20.0239940623377 ], [ -100.935917644049638, 20.024075809478887 ], [ -100.93594949859515, 20.024220087223881 ], [ -100.935981353210494, 20.024364364956114 ], [ -100.935985134652682, 20.024571173312761 ], [ -100.935988916129858, 20.024777981663959 ], [ -100.935997991815498, 20.025274321564723 ], [ -100.935831064001903, 20.025732228522713 ], [ -100.935831064012746, 20.025732228618967 ], [ -100.935831063936874, 20.025732228827099 ], [ -100.935900824418781, 20.026351677564762 ], [ -100.935994877458498, 20.026701787235204 ], [ -100.936088930982365, 20.027051896808089 ], [ -100.936283091212474, 20.028083008837505 ], [ -100.936359663971928, 20.029074711772918 ], [ -100.936430943426416, 20.029776868805317 ], [ -100.936081463766357, 20.029793979981889 ], [ -100.936033751141466, 20.029796316027468 ], [ -100.936009326389566, 20.029797509182256 ], [ -100.935882644521854, 20.029803709777621 ], [ -100.935504957253883, 20.029822192321255 ], [ -100.935466866379983, 20.029824055443271 ], [ -100.935146517662162, 20.029839724192339 ], [ -100.935026658170827, 20.029676229757353 ], [ -100.934612444446572, 20.029393530199091 ], [ -100.934261185140898, 20.029358023880715 ], [ -100.933617084023297, 20.029286033498881 ], [ -100.932913054825292, 20.029132292662712 ], [ -100.932913054914735, 20.02913229300022 ], [ -100.932913054760974, 20.029132292966647 ], [ -100.93316410443984, 20.030079710544634 ], [ -100.932726728711501, 20.030128387940564 ], [ -100.932289352474186, 20.030177064292264 ], [ -100.932219602945651, 20.029557613351464 ], [ -100.930237185884408, 20.029797566955693 ], [ -100.930237185863533, 20.02979756725426 ], [ -100.930237185820729, 20.02979756725944 ], [ -100.930190847303919, 20.0304603301791 ], [ -100.930015594026372, 20.030463253673823 ], [ -100.929665087318767, 20.030469100145137 ], [ -100.929374507798443, 20.03055669530238 ], [ -100.929374507743347, 20.030556695603597 ], [ -100.929374507734977, 20.030556695606123 ], [ -100.929321372985981, 20.030847202555517 ], [ -100.929326656140631, 20.031136735184628 ], [ -100.929272011801089, 20.031344518255899 ], [ -100.929040603284477, 20.031472500559833 ], [ -100.92898671308923, 20.031721645639017 ], [ -100.928986713089415, 20.031721645648734 ], [ -100.92898671302585, 20.031721645942575 ], [ -100.928996523841008, 20.032259349251884 ], [ -100.927536061183091, 20.032283697937835 ], [ -100.927351000280922, 20.031748914812546 ], [ -100.924727446948182, 20.03208224215177 ], [ -100.924727447004528, 20.032082242440236 ], [ -100.924727446885811, 20.032082242455321 ], [ -100.92479189414793, 20.032412165060158 ], [ -100.924917775094372, 20.032906562431531 ], [ -100.925101322304911, 20.033358624784054 ], [ -100.925226451479944, 20.033811659838801 ], [ -100.925235496537994, 20.034308002680522 ], [ -100.925211751042596, 20.03621162301836 ], [ -100.912279091102135, 20.03522669447656 ], [ -100.895076597866506, 20.034021622556342 ], [ -100.885599360708312, 20.03340277933879 ], [ -100.884954974192652, 20.033360683551905 ], [ -100.888248522623201, 20.024783276776656 ], [ -100.885266270289364, 20.024666786533221 ], [ -100.883273399432156, 20.024327132436365 ], [ -100.882219662641049, 20.024220299803002 ], [ -100.875260593967397, 20.023920594941426 ], [ -100.873950298010087, 20.025803929233195 ], [ -100.872952751141355, 20.025571996033062 ], [ -100.868740736434034, 20.02530983520488 ], [ -100.867793492585704, 20.024621920471645 ], [ -100.868463556093502, 20.019604547887525 ], [ -100.867525946900471, 20.019454353182581 ], [ -100.867652791732752, 20.018376519830902 ], [ -100.867716213743506, 20.017837603126157 ], [ -100.867779635484069, 20.017298686402125 ], [ -100.866609117849919, 20.017193663165941 ], [ -100.863917594108173, 20.016989307048593 ], [ -100.863094622089008, 20.016713091980602 ], [ -100.862489310803014, 20.012254391319505 ], [ -100.861145799860381, 20.012276274406126 ], [ -100.860276958000611, 20.012704177071214 ], [ -100.859877630711054, 20.013248560841319 ], [ -100.85865093721236, 20.013268523988721 ], [ -100.858239096541425, 20.013109721670837 ], [ -100.857657163337166, 20.013243314703328 ], [ -100.855394447735208, 20.014148993047272 ], [ -100.852967474496452, 20.015677947689387 ], [ -100.849895678626979, 20.01709320619225 ], [ -100.849609468048541, 20.017428855396481 ], [ -100.848508365129931, 20.017943222760529 ], [ -100.84745467632824, 20.017836177702531 ], [ -100.847070681525778, 20.019249179823351 ], [ -100.844731818050789, 20.019162943645849 ], [ -100.843641665338637, 20.020297743283432 ], [ -100.840250543482583, 20.020187103954473 ], [ -100.838268740975408, 20.020467392854354 ], [ -100.836516218623402, 20.020495701622988 ], [ -100.833713637273462, 20.020623688197997 ], [ -100.830616772857127, 20.020632244911273 ], [ -100.830020940097356, 20.019979828002615 ], [ -100.828962871340678, 20.019624486557078 ], [ -100.827663131599181, 20.018817891328986 ], [ -100.827368134933138, 20.018657135168791 ], [ -100.825818626594582, 20.018599316546943 ], [ -100.824269118205464, 20.01854148426569 ], [ -100.816556583416201, 20.018582567295308 ], [ -100.812698855753581, 20.018520253246638 ], [ -100.80936399057012, 20.018283987153879 ], [ -100.807496072027092, 20.018396605427139 ], [ -100.806914062249504, 20.018530036374813 ], [ -100.806345692044346, 20.016097904525779 ], [ -100.806308140945305, 20.013946925886497 ], [ -100.806455226398569, 20.012330892033965 ], [ -100.806481004156211, 20.012133941764148 ], [ -100.806493893018796, 20.012035466628181 ], [ -100.806506781870539, 20.011936991491382 ], [ -100.80655833716925, 20.011543090937106 ], [ -100.806610975453836, 20.01121123784905 ], [ -100.807046519057408, 20.00938371248083 ], [ -100.807430140679273, 20.007929404683821 ], [ -100.807701263378974, 20.006725153167448 ], [ -100.808084874525733, 20.0052708445014 ], [ -100.808722974504732, 20.001660888368811 ], [ -100.805664649085926, 20.000509824810159 ], [ -100.803971627620797, 20.00007160673869 ], [ -100.804469189046003, 19.997912878175878 ], [ -100.802404933824789, 19.996612666263609 ], [ -100.803086205531898, 19.995072753438571 ], [ -100.803905935964735, 19.995145789723704 ], [ -100.804845374538175, 19.995424395406598 ], [ -100.805719713259194, 19.995206972410241 ], [ -100.80642249794731, 19.995281391278706 ], [ -100.807240571172812, 19.995230231854869 ], [ -100.807995193122395, 19.994807226621013 ], [ -100.808574945314405, 19.994427706256008 ], [ -100.809040515481797, 19.994256547356841 ], [ -100.809450932079471, 19.994334445568764 ], [ -100.809573965435845, 19.994788375037214 ], [ -100.809991026143706, 19.995362991369568 ], [ -100.810988947242762, 19.995640864889314 ], [ -100.811609994676743, 19.993977445029721 ], [ -100.812083316509842, 19.994385783952318 ], [ -100.812792749529123, 19.994956896349759 ], [ -100.813267186108988, 19.995448018029169 ], [ -100.814217177542105, 19.996513043181441 ], [ -100.814753980872624, 19.99729321221519 ], [ -100.815408292810304, 19.99811337136294 ], [ -100.816000250856177, 19.998644476283015 ], [ -100.816944170198497, 19.999254159309622 ], [ -100.817356824607003, 19.99949761024379 ], [ -100.818641595304385, 19.999358000661356 ], [ -100.82009622295098, 19.998802345468249 ], [ -100.821610983407012, 19.998370155571045 ], [ -100.822769879522752, 19.997569634356012 ], [ -100.824280717857491, 19.996847672399724 ], [ -100.825557649652367, 19.996128513838194 ], [ -100.825981855267031, 19.996006714909882 ], [ -100.827363613788009, 19.995609972943168 ], [ -100.82835206638002, 19.995184067499668 ], [ -100.828635494458538, 19.994518258249219 ], [ -100.829379435085187, 19.993308702565255 ], [ -100.829949068202509, 19.992184045574632 ], [ -100.831162991989345, 19.991134413769956 ], [ -100.832087902045515, 19.990336660569572 ], [ -100.832787871291828, 19.990204011688803 ], [ -100.833952804566636, 19.989858746022787 ], [ -100.835232432627265, 19.989346488675597 ], [ -100.836921901576545, 19.988870664668237 ], [ -100.839543507353056, 19.98813514136944 ], [ -100.839194504215897, 19.9839580249023 ], [ -100.840068718979225, 19.983740440738448 ], [ -100.84053702354646, 19.983776167115838 ], [ -100.841297106371144, 19.983766956820144 ], [ -100.841645106138316, 19.983555741830354 ], [ -100.842227537443918, 19.983383083350276 ], [ -100.842694717372197, 19.983336018920657 ], [ -100.842985932084687, 19.983249688257697 ], [ -100.843980443882003, 19.983279022450876 ], [ -100.844514524026948, 19.983852131767037 ], [ -100.845387041126685, 19.983510344449098 ], [ -100.845496663846774, 19.982970821913302 ], [ -100.846249988355979, 19.982464880765225 ], [ -100.846512528199298, 19.982420292164587 ], [ -100.846775067861429, 19.982375703186435 ], [ -100.847293993605788, 19.982287489371483 ], [ -100.847313510531947, 19.982283310669253 ], [ -100.850564155062614, 19.981501640315741 ], [ -100.853070321105889, 19.98089153109774 ], [ -100.853975985962904, 19.980839094172747 ], [ -100.854881649810011, 19.9807866526662 ], [ -100.855785617273099, 19.980610029757788 ], [ -100.856689582326922, 19.980433402394905 ], [ -100.859317160412033, 19.980152918406247 ], [ -100.861415700967228, 19.979671872408197 ], [ -100.862289526401469, 19.97942231128561 ], [ -100.86368735446294, 19.979023086705361 ], [ -100.865959554701334, 19.978415665364395 ], [ -100.867183344787762, 19.978110868834658 ], [ -100.868465025881079, 19.977763954859434 ], [ -100.869340291301327, 19.977629015991354 ], [ -100.870215554852919, 19.977494072917906 ], [ -100.871732218559188, 19.977227048104872 ], [ -100.872316293620358, 19.97717847076343 ], [ -100.872608330952275, 19.977154181381572 ], [ -100.872900368151718, 19.977129891525585 ], [ -100.87307633081339, 19.977169126820016 ], [ -100.873252293547395, 19.977208361932565 ], [ -100.873604788917632, 19.977328223471968 ], [ -100.873901099381357, 19.977614370851878 ], [ -100.87431889927791, 19.978230213754124 ], [ -100.874677667596103, 19.978805383020184 ], [ -100.874977403408963, 19.979339879089757 ], [ -100.875508721571805, 19.979705928315468 ], [ -100.875923681777493, 19.98011480739358 ], [ -100.876166099810916, 19.980732804327818 ], [ -100.876581064504322, 19.981141681468749 ], [ -100.876931288183997, 19.981095968385358 ], [ -100.877282082347506, 19.981091646378925 ], [ -100.877458050192828, 19.981130876864569 ], [ -100.877808273439641, 19.981085162070073 ], [ -100.878333322306091, 19.980995892746545 ], [ -100.878568326914845, 19.981075793093673 ], [ -100.879039479193352, 19.981318376212446 ], [ -100.879392558642508, 19.981479616798989 ], [ -100.879627564398859, 19.981559515636139 ], [ -100.879919321818193, 19.981514517813245 ], [ -100.880211650552951, 19.981510911203067 ], [ -100.880564159811883, 19.981630757649032 ], [ -100.880679948057022, 19.981546531294445 ], [ -100.881089779924295, 19.981582871802306 ], [ -100.881210142132417, 19.981829778369164 ], [ -100.881564368371102, 19.982073797640552 ], [ -100.881855553919848, 19.981987404961252 ], [ -100.882147311152437, 19.981942403459232 ], [ -100.882559432689433, 19.982144306942907 ], [ -100.883206563673014, 19.982426103212315 ], [ -100.882968693893346, 19.982139251331649 ], [ -100.882316415765786, 19.981484929404441 ], [ -100.881723180395568, 19.980871274403448 ], [ -100.881592524952907, 19.979879318426349 ], [ -100.882104983601863, 19.978879422204376 ], [ -100.882733792768406, 19.977836689131244 ], [ -100.883541991624881, 19.977081528831256 ], [ -100.884410363895412, 19.976449817623443 ], [ -100.884988129566139, 19.97594589156229 ], [ -100.885504564524709, 19.975235728931303 ], [ -100.886078885105192, 19.974483450459573 ], [ -100.886600467581019, 19.97414580936141 ], [ -100.887241265687237, 19.973972286199992 ], [ -100.887941098162244, 19.973839428682258 ], [ -100.888874779501293, 19.973703672677619 ], [ -100.889399221369985, 19.973572981484573 ], [ -100.890217122209464, 19.973521449863497 ], [ -100.891037892841766, 19.973676871778874 ], [ -100.891152521141066, 19.973509856528842 ], [ -100.891148502040551, 19.973220116366448 ], [ -100.891435645545158, 19.972843969472265 ], [ -100.891414875803889, 19.967131223138701 ], [ -100.891877388626042, 19.966752902279129 ], [ -100.892455670085994, 19.966290347602072 ], [ -100.893149718212243, 19.965743558119296 ], [ -100.894251826745588, 19.965108905348476 ], [ -100.895063356140341, 19.964602049610225 ], [ -100.89622620803749, 19.964132225509072 ], [ -100.897620008854517, 19.963452531479362 ], [ -100.898783995255073, 19.963065474484853 ], [ -100.900273908915807, 19.962182739684273 ], [ -100.900639674999923, 19.961966029579024 ], [ -100.90126138185785, 19.96042654907189 ], [ -100.902378413253643, 19.960868023063281 ], [ -100.903671399843674, 19.961348695606087 ], [ -100.904670950618197, 19.96175022014911 ], [ -100.905787999151826, 19.962191671376306 ], [ -100.90713541662393, 19.962381849819891 ], [ -100.908012282778344, 19.962370902635197 ], [ -100.908892040844023, 19.962566906462694 ], [ -100.909719256549565, 19.962667239061314 ], [ -100.90959254801318, 19.963310481753368 ], [ -100.909142782303221, 19.965593708451284 ], [ -100.910706961957501, 19.965726621146164 ], [ -100.91560317713359, 19.966422602169931 ], [ -100.917267590120829, 19.967398778801172 ], [ -100.918972825639401, 19.967457608551662 ], [ -100.919124845621056, 19.96745021129389 ], [ -100.919264524303756, 19.967443414445977 ], [ -100.921712757835678, 19.96739181607574 ], [ -100.923193716916771, 19.968098854959173 ], [ -100.922689667235943, 19.968545423854131 ], [ -100.922673257583924, 19.968626035672212 ], [ -100.925261026815576, 19.969712270048255 ], [ -100.92575390550094, 19.96898780164112 ], [ -100.926375749996311, 19.968075758175868 ], [ -100.927992849765943, 19.969205392905799 ], [ -100.927579733500252, 19.968195836945835 ], [ -100.930336298350738, 19.966813802315052 ], [ -100.930108897017519, 19.965958160161584 ], [ -100.930569665919592, 19.964865127299962 ], [ -100.931376507274663, 19.965050949514058 ], [ -100.933042315020643, 19.963066177010717 ], [ -100.934797305338847, 19.96306753369949 ], [ -100.934840382389481, 19.963046578234309 ], [ -100.935493744374597, 19.962435123680855 ], [ -100.935846783065742, 19.962445718178536 ], [ -100.936357974098186, 19.964781923681208 ], [ -100.935730355787896, 19.964957405747853 ], [ -100.935353927949521, 19.965181733850208 ], [ -100.934407763159641, 19.965325210041311 ], [ -100.934411394514228, 19.965385428103438 ], [ -100.934412973842058, 19.965411617770613 ], [ -100.934414553170797, 19.965437807437663 ], [ -100.935436541735584, 19.965293503991063 ], [ -100.935834570901903, 19.965063818577644 ], [ -100.937135993806592, 19.964737206545013 ], [ -100.937483853678955, 19.965721842405017 ], [ -100.937700831566545, 19.966190643344376 ], [ -100.936395834624491, 19.966225378124477 ], [ -100.936517924724555, 19.966464752341277 ], [ -100.936612271587364, 19.966460843426379 ], [ -100.93668575736335, 19.966457798778968 ], [ -100.936657489359646, 19.966360800340336 ], [ -100.936640928786218, 19.966335374011802 ], [ -100.937740307489875, 19.966318247675467 ], [ -100.937925166662254, 19.966818127547963 ], [ -100.937975163107026, 19.967141022283016 ], [ -100.938007498652624, 19.9673498557516 ], [ -100.936641540618368, 19.967272587705445 ], [ -100.93664329163505, 19.967415968420077 ], [ -100.937933802325233, 19.967524789115622 ], [ -100.935489353070508, 19.96962053210153 ], [ -100.935566575491748, 19.969702837356792 ], [ -100.935632046615453, 19.969772617735991 ], [ -100.93813544035828, 19.967668982088046 ], [ -100.938237849652396, 19.967582924325427 ], [ -100.938261161054825, 19.967993283176511 ], [ -100.938428173444592, 19.968967468851098 ], [ -100.938452369080053, 19.969108601049918 ], [ -100.93840798311021, 19.970102708446479 ], [ -100.938268577556329, 19.970580547350263 ], [ -100.938129171285496, 19.971058386189998 ], [ -100.938028669054759, 19.972218794852402 ], [ -100.937985454112138, 19.973295682695834 ], [ -100.937766269605689, 19.97433340061114 ], [ -100.937747855220962, 19.9755406268755 ], [ -100.937735954042168, 19.976320874684482 ], [ -100.933364657957696, 19.975956647008786 ], [ -100.929540175002458, 19.975637890705283 ], [ -100.92926480692455, 19.976841902153712 ], [ -100.928736309753461, 19.976682975900012 ], [ -100.927862878366255, 19.976942375162899 ], [ -100.927456560168693, 19.977154485942698 ], [ -100.927167749658949, 19.977406513018725 ], [ -100.926764347108801, 19.977825575134979 ], [ -100.926478451817999, 19.978284554047207 ], [ -100.926306563801319, 19.978535106891727 ], [ -100.926064543936974, 19.977958584676141 ], [ -100.926175635410445, 19.977543206212825 ], [ -100.925820192740872, 19.977216499635144 ], [ -100.925229735355416, 19.97680995544648 ], [ -100.924584899389316, 19.976693879160841 ], [ -100.924055823299696, 19.976493547893227 ], [ -100.92329522966601, 19.976461719312269 ], [ -100.922767903124367, 19.976385555967969 ], [ -100.921948265092368, 19.976313066095273 ], [ -100.920719390753973, 19.976245714771739 ], [ -100.919724948005708, 19.976216808803137 ], [ -100.918666809958012, 19.975816114259686 ], [ -100.918024305659998, 19.975865576468909 ], [ -100.916976049781525, 19.976168514896571 ], [ -100.916330058148446, 19.975969626217257 ], [ -100.915979864133433, 19.976015415341134 ], [ -100.91533851838777, 19.976147649631827 ], [ -100.915050268944086, 19.976441049272314 ], [ -100.91476375968135, 19.976858621087967 ], [ -100.915412656567085, 19.977264469508555 ], [ -100.915820155102367, 19.977135166649447 ], [ -100.916234041797267, 19.977461161890705 ], [ -100.916302959975326, 19.978205463382039 ], [ -100.916425695434569, 19.97861790507709 ], [ -100.916259018100178, 19.979240966769133 ], [ -100.916150222694881, 19.979821904408272 ], [ -100.915984124255502, 19.980486356762039 ], [ -100.916520758989407, 19.981224792085158 ], [ -100.917059723529349, 19.98212878840809 ], [ -100.916553877837487, 19.983584066821045 ], [ -100.916347325661718, 19.985532366958701 ], [ -100.915825198370939, 19.985828702305646 ], [ -100.915951426281865, 19.986489488298162 ], [ -100.915843789157378, 19.987153207361398 ], [ -100.915508093200302, 19.988233767149477 ], [ -100.915226794540857, 19.989023857917108 ], [ -100.914884702575918, 19.989649118296789 ], [ -100.914656639856815, 19.990065958282866 ], [ -100.91575764827337, 19.989348385072724 ], [ -100.916572123050429, 19.989048381401084 ], [ -100.917156795553481, 19.989041044614407 ], [ -100.917739141713156, 19.988868143005423 ], [ -100.918142013863942, 19.988407706929241 ], [ -100.918900338843684, 19.988273990159435 ], [ -100.919365164272932, 19.988061161492745 ], [ -100.919783744532168, 19.988718270528995 ], [ -100.920150265091053, 19.989831410300209 ], [ -100.920631397752715, 19.990777516263233 ], [ -100.920994435474341, 19.991642309371787 ], [ -100.921355147254616, 19.992341538857225 ], [ -100.921600090626015, 19.99312501927205 ], [ -100.921497719384121, 19.994161255189372 ], [ -100.921447407476734, 19.994741459032131 ], [ -100.927148116625602, 19.99673956121692 ], [ -100.926278662186235, 19.997288694766585 ], [ -100.925641330746032, 19.99771070584617 ], [ -100.925180574199175, 19.998213285883125 ], [ -100.924836755845149, 19.998714391771973 ], [ -100.924664845883186, 19.99896494452328 ], [ -100.924147362359875, 19.999592430460584 ], [ -100.923335935841237, 20.000577992492566 ], [ -100.923231158224397, 20.0012417290054 ], [ -100.922771421898119, 20.001663120396373 ], [ -100.922426994089847, 20.00199984434088 ], [ -100.922378363712141, 20.002538523123029 ], [ -100.922385884776219, 20.002952144396009 ], [ -100.922390397481323, 20.003200317149247 ], [ -100.922511726406114, 20.003446547581071 ], [ -100.922691463903789, 20.003691806658974 ], [ -100.922582169476144, 20.004107370272905 ], [ -100.922353801155779, 20.004400789842304 ], [ -100.922126184107341, 20.004735571302039 ], [ -100.921956222774114, 20.005028019376311 ], [ -100.921846925772812, 20.005443582712115 ], [ -100.921852942172947, 20.005774479730203 ], [ -100.922150251921707, 20.006059159169357 ], [ -100.922447562742036, 20.006343838012416 ], [ -100.922801026901013, 20.006503458606048 ], [ -100.923210643664277, 20.006538020675194 ], [ -100.923738584047996, 20.006653362618678 ], [ -100.923973726179383, 20.006732199889935 ], [ -100.924267277779734, 20.006810064981909 ], [ -100.924856640351223, 20.007089879760944 ], [ -100.925101571931165, 20.007706421895779 ], [ -100.925285836760636, 20.008199849664404 ], [ -100.9257606460597, 20.008605691307341 ], [ -100.926237717661635, 20.009135617450525 ], [ -100.927008350615992, 20.009743401975395 ], [ -100.927471110650671, 20.009487446793457 ], [ -100.928356308702149, 20.009969193007827 ], [ -100.929591974344504, 20.010445092342298 ], [ -100.930650906143427, 20.010841181003766 ], [ -100.931124981806676, 20.011205644486328 ], [ -100.931486011828099, 20.011778864546603 ], [ -100.93207766901449, 20.012182738050349 ], [ -100.932500136181773, 20.01292042816781 ], [ -100.932971201629158, 20.013119438533732 ], [ -100.93322523847408, 20.014232307177355 ], [ -100.933179666348494, 20.014936432659834 ], [ -100.933071905569278, 20.015434724200475 ], [ -100.932902711008836, 20.015768543525237 ], [ -100.932681144900528, 20.016434232025844 ], [ -100.932394368214418, 20.016728639010552 ], [ -100.932048422684076, 20.01698265854138 ], [ -100.931934617287865, 20.017150055210113 ], [ -100.933749190104237, 20.017326639170005 ], [ -100.934736916920727, 20.017020524102971 ], [ -100.936315569432537, 20.01707689881588 ], [ -100.936201012887395, 20.017202935860844 ] ] ] ] } },
{ "type": "Feature", "properties": { "ID": 21, "ENTIDAD": 11, "MUNICIPIO": 2, "NOMBRE": "ACAMBARO", "CONTROL": 39, "GEOMETRY1_": null, "ID_2": 130, "ENTIDAD_2": 11, "DISTRITO_F": 14, "DISTRITO_L": 22, "MUNICIPIO_2": 2, "SECCION": 130, "TIPO": 4, "CONTROL_2": 4425, "GEOMETRY1__2": null }, "geometry": { "type": "MultiPolygon", "coordinates": [ [ [ [ -100.801080327296489, 19.936598176435165 ], [ -100.801080327325764, 19.936598176501857 ], [ -100.801080327258802, 19.936598176751534 ], [ -100.801261180287341, 19.937010032321233 ], [ -100.80143928529705, 19.937214918805001 ], [ -100.801674193310802, 19.937294929580055 ], [ -100.801968653548471, 19.937457033209018 ], [ -100.802380018748096, 19.937617747404136 ], [ -100.802731832165051, 19.937696367716054 ], [ -100.803141547837868, 19.937732898869729 ], [ -100.803493361761213, 19.937811517622443 ], [ -100.803959328083209, 19.937681777191894 ], [ -100.804541096504678, 19.937467857902906 ], [ -100.805003756352477, 19.937089752784974 ], [ -100.805468617337695, 19.936877221299888 ], [ -100.805761427321585, 19.936915137413074 ], [ -100.806462849032272, 19.936906789317234 ], [ -100.806814110965675, 19.936944007870892 ], [ -100.807106369929485, 19.936940528098479 ], [ -100.807398628838669, 19.936937047845824 ], [ -100.80786624297977, 19.936931478442961 ], [ -100.808156847113594, 19.936803816119426 ], [ -100.808447450747607, 19.936676153354785 ], [ -100.809204562910438, 19.936460130141018 ], [ -100.80955196075486, 19.936207588257602 ], [ -100.810131506683277, 19.93582807735029 ], [ -100.810995573968384, 19.934865569096932 ], [ -100.81105015916819, 19.934575117015807 ], [ -100.811454343575889, 19.934197694043345 ], [ -100.811977084403878, 19.933943055891021 ], [ -100.812499823456719, 19.933688416323271 ], [ -100.813140014086997, 19.933473773112869 ], [ -100.813780202810563, 19.933259127724295 ], [ -100.814944780922218, 19.932914014310899 ], [ -100.815469724571784, 19.932824940436177 ], [ -100.815818764219145, 19.932696567936862 ], [ -100.81628857787446, 19.932856551096364 ], [ -100.816699942355825, 19.933017231991037 ], [ -100.817170311467521, 19.933218606083518 ], [ -100.817933486378791, 19.933457875155426 ], [ -100.817961603437851, 19.933374738633372 ], [ -100.817989720470877, 19.933291602108518 ], [ -100.818103296408935, 19.933041842765089 ], [ -100.818216872017715, 19.932792083370195 ], [ -100.818245127352739, 19.932719295165903 ], [ -100.818273382664387, 19.93264650695847 ], [ -100.818329893217495, 19.932500930534609 ], [ -100.818329893163707, 19.93250093046046 ], [ -100.818329893257982, 19.932500930217579 ], [ -100.818091662000469, 19.932172581163076 ], [ -100.817971440493523, 19.932006881740634 ], [ -100.81773431702031, 19.931680056816059 ], [ -100.817494980657656, 19.931268919936603 ], [ -100.817549553078123, 19.930978467062399 ], [ -100.81754955307683, 19.93097846696671 ], [ -100.817549553118468, 19.930978466745103 ], [ -100.817543460998053, 19.930523139167011 ], [ -100.817478366317616, 19.930027117369125 ], [ -100.817471167125092, 19.929489003192995 ], [ -100.817704961880509, 19.92948620624917 ], [ -100.817758979795641, 19.929154359622189 ], [ -100.817758979786802, 19.929154359607008 ], [ -100.817758979836015, 19.9291543593047 ], [ -100.817639313724399, 19.928948790861991 ], [ -100.81781133600623, 19.928698332726707 ], [ -100.818217705032268, 19.928486470195875 ], [ -100.818569502932746, 19.928565060169319 ], [ -100.818917422232275, 19.928353895656578 ], [ -100.81914844426737, 19.928144129989342 ], [ -100.819497470352772, 19.928015751231996 ], [ -100.819849821961071, 19.928135732080765 ], [ -100.822279522037775, 19.930412552499408 ], [ -100.822336278305073, 19.930465736345113 ], [ -100.822809421414135, 19.930874062055445 ], [ -100.8260224469619, 19.930711298768241 ], [ -100.82666538439139, 19.9307035751171 ], [ -100.827660127362421, 19.930774420352204 ], [ -100.82836429650132, 19.930972953755589 ], [ -100.829125802404576, 19.931087994872101 ], [ -100.829595064497497, 19.931206549042244 ], [ -100.830356571962852, 19.931321584719438 ], [ -100.831000624965043, 19.931396631390371 ], [ -100.831878474200522, 19.93146885986247 ], [ -100.832464636814294, 19.931585998165104 ], [ -100.833049126461972, 19.931578955324497 ], [ -100.833457711090418, 19.931532631156944 ], [ -100.833924744289902, 19.931485601412053 ], [ -100.834273762983628, 19.931357194020393 ], [ -100.835447765753841, 19.931715631563474 ], [ -100.835644338738092, 19.933286449231304 ], [ -100.834340937282761, 19.940671322998252 ], [ -100.83463543270021, 19.940833369280316 ], [ -100.834519645121034, 19.940917565517335 ], [ -100.834530257186458, 19.941704031866667 ], [ -100.834535842664337, 19.942117961494052 ], [ -100.834485768104983, 19.94273956108146 ], [ -100.834376123036165, 19.943279079892612 ], [ -100.834149570543815, 19.943820008894882 ], [ -100.833980353333189, 19.944277446722278 ], [ -100.833809459950871, 19.944610705542253 ], [ -100.833579553667775, 19.94490327622243 ], [ -100.833700928649662, 19.945233010044944 ], [ -100.833412567283091, 19.945526285564828 ], [ -100.833124204857086, 19.945819560690946 ], [ -100.832662711136607, 19.946280521476289 ], [ -100.83138590254076, 19.955652245365776 ], [ -100.830759604160164, 19.956901783568767 ], [ -100.830011916552422, 19.957821584555724 ], [ -100.83001861013264, 19.958318300481036 ], [ -100.830025861712798, 19.95885640936638 ], [ -100.829975769859757, 19.959478008375651 ], [ -100.830041481213129, 19.960015413 ], [ -100.829931256175897, 19.960513537213391 ], [ -100.830114445819049, 19.961090926255579 ], [ -100.83023582915537, 19.961420661470264 ], [ -100.830357213049524, 19.961750396550588 ], [ -100.830536499724772, 19.96203803410781 ], [ -100.830658442892016, 19.962409161832497 ], [ -100.830781502946806, 19.962863075320339 ], [ -100.830905121982781, 19.963358381593284 ], [ -100.831031533013984, 19.964060652403489 ], [ -100.831153479282293, 19.964431779494149 ], [ -100.831277101111908, 19.964927085237218 ], [ -100.8313433790575, 19.965505881469454 ], [ -100.831410774421641, 19.966167463448656 ], [ -100.831478170588923, 19.966829045311282 ], [ -100.83154445066809, 19.967407841230301 ], [ -100.831607939045398, 19.967779672501226 ], [ -100.831672544792269, 19.968234289525174 ], [ -100.831680363909982, 19.968813790199107 ], [ -100.831689300342674, 19.96947607663364 ], [ -100.831947172978758, 19.97125315065513 ], [ -100.834046269023744, 19.970813823861224 ], [ -100.837525503234403, 19.968660407787688 ], [ -100.837516542785124, 19.967998123506376 ], [ -100.83798312010731, 19.967909682128159 ], [ -100.838161307510632, 19.968114524640601 ], [ -100.838458661074142, 19.968483523502243 ], [ -100.838635729105548, 19.968605579945564 ], [ -100.838812797402369, 19.968727636188913 ], [ -100.839049449319958, 19.968931770264216 ], [ -100.839288343892619, 19.969301474856746 ], [ -100.83964192267824, 19.969504192908094 ], [ -100.840054525809435, 19.96974759509764 ], [ -100.84035132608696, 19.970075197437815 ], [ -100.840942686440059, 19.970564829600928 ], [ -100.841180465900038, 19.970851745697555 ], [ -100.841359221898756, 19.971097977007744 ], [ -100.841477831745138, 19.971220738426734 ], [ -100.841948905359132, 19.971463427265942 ], [ -100.842359832789398, 19.971582645441607 ], [ -100.842772445230111, 19.971826040493813 ], [ -100.843070378154607, 19.972236422693722 ], [ -100.843253070137095, 19.972772399983459 ], [ -100.843321729606942, 19.972981287301607 ], [ -100.843375052786442, 19.973143515535821 ], [ -100.843617896476061, 19.973802961015846 ], [ -100.843507709085472, 19.974301090325888 ], [ -100.843759976903726, 19.974720190899099 ], [ -100.846798079077914, 19.979767266166395 ], [ -100.847313510531947, 19.982283310669253 ], [ -100.847293993605788, 19.982287489371483 ], [ -100.846775067861429, 19.982375703186435 ], [ -100.846512528199298, 19.982420292164587 ], [ -100.846249988355979, 19.982464880765225 ], [ -100.845496663846774, 19.982970821913302 ], [ -100.845387041126685, 19.983510344449098 ], [ -100.844514524026948, 19.983852131767037 ], [ -100.843980443882003, 19.983279022450876 ], [ -100.842985932084687, 19.983249688257697 ], [ -100.842694717372197, 19.983336018920657 ], [ -100.842227537443918, 19.983383083350276 ], [ -100.841645106138316, 19.983555741830354 ], [ -100.841297106371144, 19.983766956820144 ], [ -100.84053702354646, 19.983776167115838 ], [ -100.840068718979225, 19.983740440738448 ], [ -100.839194504215897, 19.9839580249023 ], [ -100.839543507353056, 19.98813514136944 ], [ -100.836921901576545, 19.988870664668237 ], [ -100.835232432627265, 19.989346488675597 ], [ -100.833952804566636, 19.989858746022787 ], [ -100.832787871291828, 19.990204011688803 ], [ -100.832087902045515, 19.990336660569572 ], [ -100.831162991989345, 19.991134413769956 ], [ -100.829949068202509, 19.992184045574632 ], [ -100.829379435085187, 19.993308702565255 ], [ -100.828635494458538, 19.994518258249219 ], [ -100.82835206638002, 19.995184067499668 ], [ -100.827363613788009, 19.995609972943168 ], [ -100.825981855267031, 19.996006714909882 ], [ -100.825557649652367, 19.996128513838194 ], [ -100.824280717857491, 19.996847672399724 ], [ -100.822769879522752, 19.997569634356012 ], [ -100.821610983407012, 19.998370155571045 ], [ -100.82009622295098, 19.998802345468249 ], [ -100.818641595304385, 19.999358000661356 ], [ -100.817356824607003, 19.99949761024379 ], [ -100.816944170198497, 19.999254159309622 ], [ -100.816000250856177, 19.998644476283015 ], [ -100.815408292810304, 19.99811337136294 ], [ -100.814753980872624, 19.99729321221519 ], [ -100.814217177542105, 19.996513043181441 ], [ -100.813267186108988, 19.995448018029169 ], [ -100.812792749529123, 19.994956896349759 ], [ -100.812083316509842, 19.994385783952318 ], [ -100.811609994676743, 19.993977445029721 ], [ -100.810988947242762, 19.995640864889314 ], [ -100.809991026143706, 19.995362991369568 ], [ -100.809573965435845, 19.994788375037214 ], [ -100.809450932079471, 19.994334445568764 ], [ -100.809040515481797, 19.994256547356841 ], [ -100.808574945314405, 19.994427706256008 ], [ -100.807995193122395, 19.994807226621013 ], [ -100.807240571172812, 19.995230231854869 ], [ -100.80642249794731, 19.995281391278706 ], [ -100.805719713259194, 19.995206972410241 ], [ -100.804845374538175, 19.995424395406598 ], [ -100.803905935964735, 19.995145789723704 ], [ -100.803086205531898, 19.995072753438571 ], [ -100.802404933824789, 19.996612666263609 ], [ -100.796285135243139, 19.993787409464296 ], [ -100.794012923365301, 19.994435367995141 ], [ -100.790330191584488, 19.994561796707 ], [ -100.789694657510367, 19.995148921489783 ], [ -100.790285976314863, 19.995638726300001 ], [ -100.788461892448098, 19.996680032417647 ], [ -100.788138326129001, 19.996864741915605 ], [ -100.788194061144111, 19.996657081500611 ], [ -100.788187486531072, 19.996160355999631 ], [ -100.788415356180494, 19.995702258362059 ], [ -100.788643772572328, 19.99528555429638 ], [ -100.788491670843811, 19.995331477013529 ], [ -100.78578949410084, 19.99614729548183 ], [ -100.780944435733787, 19.987965774125605 ], [ -100.779665699768984, 19.988560440152462 ], [ -100.778791350149476, 19.988777734622158 ], [ -100.774853358660394, 19.991722072955973 ], [ -100.775137014226473, 19.991056332211009 ], [ -100.775364372610824, 19.990556854676331 ], [ -100.775475873692741, 19.990141539374896 ], [ -100.775296645964133, 19.989853841725452 ], [ -100.774891693625463, 19.990189803441591 ], [ -100.774429899370915, 19.990650633524552 ], [ -100.773967558408131, 19.991070068440674 ], [ -100.773565319781653, 19.991612998284356 ], [ -100.773277305570886, 19.991947583807388 ], [ -100.772928641715865, 19.992117278610969 ], [ -100.772459768461104, 19.992039980090169 ], [ -100.772283261564368, 19.991959250092094 ], [ -100.771816562920236, 19.992047526561009 ], [ -100.771470070682213, 19.992382795407309 ], [ -100.771066190097415, 19.992801537798808 ], [ -100.770893062782093, 19.993085257066642 ], [ -100.770837185253129, 19.993176828352794 ], [ -100.770368309366987, 19.993099524465137 ], [ -100.769958993569134, 19.993104322413593 ], [ -100.769432187348343, 19.993069095578377 ], [ -100.769144704273387, 19.993445069436383 ], [ -100.768857762635633, 19.993862437164839 ], [ -100.768453871190999, 19.994281174343282 ], [ -100.768108451967493, 19.994699225965419 ], [ -100.767762488442813, 19.995075882765619 ], [ -100.767410556615744, 19.994997201972897 ], [ -100.767228082442699, 19.99446112992338 ], [ -100.767047778835433, 19.994090634718464 ], [ -100.766471169569627, 19.994718392475924 ], [ -100.765837165163092, 19.995429621346918 ], [ -100.765321730776279, 19.996263663501711 ], [ -100.764922700042447, 19.997054942599185 ], [ -100.764288679735657, 19.997766166982085 ], [ -100.763422374671677, 19.998604306065907 ], [ -100.76436608973566, 19.994743012936109 ], [ -100.764346592323349, 19.993252816308949 ], [ -100.764350316836698, 19.992466631078919 ], [ -100.764329262594487, 19.991928196859174 ], [ -100.765296241230601, 19.99208249443058 ], [ -100.765398307792253, 19.992098780523033 ], [ -100.765779731092806, 19.992159641182283 ], [ -100.766263221317729, 19.992236786577934 ], [ -100.775766506571486, 19.98111280946793 ], [ -100.780468677635511, 19.978490673769812 ], [ -100.783782760183982, 19.981473852590725 ], [ -100.783655988771812, 19.980730140290813 ], [ -100.783472389114081, 19.98011129913348 ], [ -100.783291521931261, 19.979699427555499 ], [ -100.783227592098555, 19.979286177059805 ], [ -100.783279506419078, 19.978788759866639 ], [ -100.78321339272199, 19.978209933327751 ], [ -100.783727585313088, 19.977293061179363 ], [ -100.784011727976164, 19.976668703996424 ], [ -100.784356520938587, 19.976209232779581 ], [ -100.78493408619407, 19.975664214032157 ], [ -100.785338980761423, 19.97532823330393 ], [ -100.785743326902363, 19.974950857820968 ], [ -100.786086470942834, 19.974367201990368 ], [ -100.785964071139986, 19.973954642761665 ], [ -100.785549888827603, 19.973586927303195 ], [ -100.785078881981775, 19.973344082421853 ], [ -100.7845494106638, 19.973101925784011 ], [ -100.784136326178938, 19.972816994557739 ], [ -100.783956559596888, 19.972487910834641 ], [ -100.783948913469729, 19.971908394783942 ], [ -100.78411502468289, 19.971202628537519 ], [ -100.78428277325888, 19.97062104420645 ], [ -100.784567450200797, 19.970038080769424 ], [ -100.78479639222212, 19.969662776571894 ], [ -100.785027518646288, 19.969453048115135 ], [ -100.785197448068587, 19.96903703917058 ], [ -100.785250994745851, 19.968663803555621 ], [ -100.785246077200043, 19.968291257634579 ], [ -100.784890376260478, 19.967922849454762 ], [ -100.784241265758482, 19.967475099346991 ], [ -100.783712361843499, 19.967274332488355 ], [ -100.783064894461745, 19.96695075972606 ], [ -100.78259009189135, 19.966418147838102 ], [ -100.783235918715533, 19.966617540454994 ], [ -100.783705264438126, 19.96673621005046 ], [ -100.784172972554487, 19.966730696276411 ], [ -100.784580032353006, 19.966560294653121 ], [ -100.784930812893236, 19.966556157738875 ], [ -100.785280500652362, 19.966469232132688 ], [ -100.785630187972956, 19.966382305865434 ], [ -100.785921411567301, 19.966296068809196 ], [ -100.78633065453559, 19.966291239301313 ], [ -100.786680340718405, 19.966204311035668 ], [ -100.787030573260978, 19.966158776070049 ], [ -100.787497731887285, 19.966111859713564 ], [ -100.78801842981791, 19.965691706154423 ], [ -100.788368113495153, 19.965604774727247 ], [ -100.78865769220549, 19.965394351611074 ], [ -100.788947817404761, 19.965225321997398 ], [ -100.790420754139404, 19.961647478987757 ], [ -100.791630210752515, 19.955837123253357 ], [ -100.791183760273483, 19.953027176379901 ], [ -100.791350373703608, 19.952362799844842 ], [ -100.791170619611435, 19.952033722081559 ], [ -100.790441664685247, 19.945542471840106 ], [ -100.790673297811693, 19.945374132732358 ], [ -100.786567785304598, 19.9399577359586 ], [ -100.790551299986305, 19.936143271286895 ], [ -100.790608931591592, 19.936080489713312 ], [ -100.790666563151845, 19.936017708124101 ], [ -100.791135273165324, 19.936094970971187 ], [ -100.791482154887404, 19.935801068272855 ], [ -100.791768941832586, 19.935383673926875 ], [ -100.792115273514895, 19.935048376188838 ], [ -100.792811764903661, 19.934667536819337 ], [ -100.793220377202644, 19.934621303727578 ], [ -100.79357108550856, 19.934617155164386 ], [ -100.793862246846999, 19.934530909597893 ], [ -100.794270858283397, 19.934484674138545 ], [ -100.794681113320223, 19.9345626195548 ], [ -100.794916562700195, 19.934684033787626 ], [ -100.795037301928772, 19.934972407350649 ], [ -100.79521594506393, 19.935218694837555 ], [ -100.795511492026066, 19.935463597839849 ], [ -100.795922846643933, 19.935624327936239 ], [ -100.796218395403898, 19.935869229608706 ], [ -100.796335847342476, 19.935909238676096 ], [ -100.79645329933436, 19.935949247660947 ], [ -100.796920913450634, 19.935943707282565 ], [ -100.797271075262131, 19.935898157326438 ], [ -100.797738140208523, 19.935851220952792 ], [ -100.798148399844081, 19.935929157941427 ], [ -100.798559208826347, 19.936048487785506 ], [ -100.798822516182966, 19.936066065258984 ], [ -100.799085823564283, 19.936083642337316 ], [ -100.799379729935609, 19.936204356843721 ], [ -100.799846794671708, 19.936157414902855 ], [ -100.800371761234686, 19.936068384207061 ], [ -100.800660722240281, 19.935816552433188 ], [ -100.801129983924397, 19.935935182343286 ], [ -100.80119173376707, 19.936182850877792 ], [ -100.801080327296489, 19.936598176435165 ] ] ] ] } },
{ "type": "Feature", "properties": { "ID": 21, "ENTIDAD": 11, "MUNICIPIO": 2, "NOMBRE": "ACAMBARO", "CONTROL": 39, "GEOMETRY1_": null, "ID_2": 134, "ENTIDAD_2": 11, "DISTRITO_F": 14, "DISTRITO_L": 22, "MUNICIPIO_2": 2, "SECCION": 134, "TIPO": 4, "CONTROL_2": 6212, "GEOMETRY1__2": null }, "geometry": { "type": "MultiPolygon", "coordinates": [ [ [ [ -100.615554446821335, 19.967008364448773 ], [ -100.615368186853132, 19.966306745722044 ], [ -100.615541273077355, 19.962451162457914 ], [ -100.614743851575128, 19.959938650983215 ], [ -100.6329790961707, 19.950702334356286 ], [ -100.640654503106418, 19.945395186437349 ], [ -100.645984887719976, 19.943761272350809 ], [ -100.646803715980809, 19.943570241595655 ], [ -100.648090560773468, 19.943264143772456 ], [ -100.649958458019114, 19.943010352840471 ], [ -100.651596092219606, 19.942628252225951 ], [ -100.651891205192527, 19.942427284818983 ], [ -100.653348428846385, 19.942330928666269 ], [ -100.655333512652618, 19.942037989455855 ], [ -100.657435796761575, 19.941705932920794 ], [ -100.667376855693419, 19.947568567765625 ], [ -100.668941686014008, 19.948491316134557 ], [ -100.669945019550497, 19.947807930211546 ], [ -100.671001563633737, 19.947373401891934 ], [ -100.671938408042607, 19.947101856790155 ], [ -100.672360646764972, 19.946366216193034 ], [ -100.672595891134932, 19.946246710456673 ], [ -100.67301564075872, 19.945634952404284 ], [ -100.673264130454044, 19.944854732364035 ], [ -100.67356832354605, 19.944199490102147 ], [ -100.673568323551677, 19.944199489820761 ], [ -100.673568323567395, 19.944199489786932 ], [ -100.673577430132354, 19.943745249410277 ], [ -100.673645553472454, 19.943250808580377 ], [ -100.674005447675867, 19.942720543797478 ], [ -100.674314600479732, 19.941817533061013 ], [ -100.675372746839798, 19.941300393014306 ], [ -100.676181589695844, 19.94160476493396 ], [ -100.677219880801957, 19.942078683607324 ], [ -100.678199162533332, 19.942592797544265 ], [ -100.679474351880756, 19.942864600261696 ], [ -100.680634819624203, 19.94305162068266 ], [ -100.681797766727584, 19.943114749863458 ], [ -100.683321400911211, 19.942606295477866 ], [ -100.684612271535343, 19.942093466262364 ], [ -100.685729393912808, 19.941536063007248 ], [ -100.686848981413931, 19.940854769992576 ], [ -100.687490694889462, 19.940784169400608 ], [ -100.688124990471849, 19.941085216160026 ], [ -100.688263570969639, 19.942497491310583 ], [ -100.68648058674539, 19.94427164020103 ], [ -100.686251757028387, 19.944604685670331 ], [ -100.683473626462785, 19.94604089678338 ], [ -100.686633373139486, 19.947160973961871 ], [ -100.687577749925666, 19.948141326828246 ], [ -100.688063436730232, 19.949705179112925 ], [ -100.688080045795374, 19.951026628882488 ], [ -100.68762964069397, 19.952270858453392 ], [ -100.687641058195126, 19.953179355135877 ], [ -100.686727773811796, 19.954676724572717 ], [ -100.68743505410356, 19.955329395754852 ], [ -100.689533029979202, 19.955387808297509 ], [ -100.691659091535271, 19.957676136624482 ], [ -100.692141732658229, 19.958992200036224 ], [ -100.692273842111533, 19.960229709294389 ], [ -100.692054370732166, 19.961306075490452 ], [ -100.691014185595392, 19.961978908340612 ], [ -100.689860608389523, 19.962900851480498 ], [ -100.689751383366072, 19.963480328889183 ], [ -100.69023195087361, 19.96463121577192 ], [ -100.690472237458394, 19.965206658481556 ], [ -100.691068280322, 19.966273606641668 ], [ -100.690839432723848, 19.966606658842192 ], [ -100.686535959389246, 19.967854996822808 ], [ -100.691000677059037, 19.970156696973493 ], [ -100.691366851105627, 19.971474104053268 ], [ -100.69219802716232, 19.972703533789367 ], [ -100.693486919834754, 19.973266847896074 ], [ -100.694658268737086, 19.973748910125476 ], [ -100.695719373673214, 19.974727853383772 ], [ -100.696117463983754, 19.976441439643676 ], [ -100.697309378830454, 19.978208249769352 ], [ -100.69838542700937, 19.980059164227157 ], [ -100.699515778544409, 19.981578241243867 ], [ -100.700005056099783, 19.983270175908807 ], [ -100.698883457656919, 19.985346845741837 ], [ -100.695864428024066, 19.986207862102098 ], [ -100.69331561023553, 19.987393797769858 ], [ -100.692951457470329, 19.986241580949155 ], [ -100.687716414744813, 19.986962876705174 ], [ -100.686637603822604, 19.984579853312585 ], [ -100.682600943828291, 19.987930451636085 ], [ -100.681890858231483, 19.987930633781801 ], [ -100.67525908370969, 19.98793219751165 ], [ -100.674801262596674, 19.988598268605372 ], [ -100.674582679997897, 19.989757212104518 ], [ -100.674950845138852, 19.991239838495815 ], [ -100.676344993290854, 19.990893435215579 ], [ -100.676118149481525, 19.991391653813601 ], [ -100.675893371842946, 19.99205505369569 ], [ -100.67543554300137, 19.992721126796283 ], [ -100.674267196118521, 19.992486716844308 ], [ -100.673097819801995, 19.99216970806437 ], [ -100.672159432686641, 19.991684840678108 ], [ -100.67098800320926, 19.99120263529414 ], [ -100.670168212663924, 19.990881604798918 ], [ -100.669120528866387, 19.990976190410517 ], [ -100.667842883842454, 19.991321206487299 ], [ -100.662282566583571, 19.994027956188088 ], [ -100.662411415196857, 19.995017723780514 ], [ -100.660317000697347, 19.99528939301296 ], [ -100.660141696471072, 19.99525008747263 ], [ -100.659966392318822, 19.995210781752444 ], [ -100.659610657215111, 19.994719212656193 ], [ -100.659369400764049, 19.99406113366592 ], [ -100.659011620242367, 19.993404380069197 ], [ -100.658642570324588, 19.991839119109333 ], [ -100.658164175920191, 19.990853322469057 ], [ -100.657802311606332, 19.989866199152829 ], [ -100.657556975270921, 19.988877750028518 ], [ -100.65743123658163, 19.988135750479955 ], [ -100.657424069102689, 19.987557609396259 ], [ -100.657066313179683, 19.986900849791333 ], [ -100.657053005563967, 19.985827158821348 ], [ -100.657038675134274, 19.984670876083509 ], [ -100.657140864702157, 19.983513269095173 ], [ -100.657001829499507, 19.981697576877405 ], [ -100.657335005945114, 19.980372138291298 ], [ -100.65755268541524, 19.979130615148865 ], [ -100.657888924548075, 19.97805295084116 ], [ -100.657760126182197, 19.977063175152185 ], [ -100.657740678936307, 19.975493933267259 ], [ -100.657278719188014, 19.975829595888502 ], [ -100.656350702445692, 19.976170550950144 ], [ -100.655072116974921, 19.976432877194171 ], [ -100.65449159040277, 19.976604671871868 ], [ -100.653793526572471, 19.976695194508999 ], [ -100.653095461730487, 19.976785714452834 ], [ -100.651748334018905, 19.976205989194437 ], [ -100.650624181759156, 19.974831233454694 ], [ -100.649443763292012, 19.973605542814973 ], [ -100.648270492210372, 19.972957987681383 ], [ -100.646985807582141, 19.972724701837798 ], [ -100.64581560344979, 19.972324905883553 ], [ -100.644175294189665, 19.971599993241423 ], [ -100.64323203167659, 19.970701994954023 ], [ -100.642409350786252, 19.970133046673059 ], [ -100.641581601705909, 19.969151131961983 ], [ -100.640288841737828, 19.968257054731506 ], [ -100.639473279091803, 19.968266238752289 ], [ -100.638549312408003, 19.968937470737 ], [ -100.637629388747769, 19.96993906879344 ], [ -100.637160806252339, 19.969946997131771 ], [ -100.623066542502244, 19.970184891356606 ], [ -100.622256991419846, 19.970689556353097 ], [ -100.621331927147835, 19.971278111267203 ], [ -100.620164796582728, 19.971125920611694 ], [ -100.619105151515541, 19.970229083333216 ], [ -100.617460958600361, 19.969173539565091 ], [ -100.617027645111506, 19.968892675498552 ], [ -100.616577341260481, 19.968600749345121 ], [ -100.615215110083653, 19.967717618439888 ], [ -100.61555444680522, 19.967008364760858 ], [ -100.615554446757685, 19.967008364581815 ], [ -100.615554446821335, 19.967008364448773 ] ] ] ] } },
{ "type": "Feature", "properties": { "ID": 21, "ENTIDAD": 11, "MUNICIPIO": 2, "NOMBRE": "ACAMBARO", "CONTROL": 39, "GEOMETRY1_": null, "ID_2": 135, "ENTIDAD_2": 11, "DISTRITO_F": 14, "DISTRITO_L": 22, "MUNICIPIO_2": 2, "SECCION": 135, "TIPO": 4, "CONTROL_2": 6215, "GEOMETRY1__2": null }, "geometry": { "type": "MultiPolygon", "coordinates": [ [ [ [ -100.835447765797298, 19.931715631246316 ], [ -100.835251198137257, 19.930144812788406 ], [ -100.843922920685813, 19.92997243628206 ], [ -100.84463474602299, 19.929803538021481 ], [ -100.845571717324177, 19.929719721010233 ], [ -100.849871397913034, 19.929335027932282 ], [ -100.84973470008353, 19.930406545568832 ], [ -100.848744067432406, 19.930471501639623 ], [ -100.848214182120216, 19.930792503016093 ], [ -100.848085298800768, 19.931451100505043 ], [ -100.847902146852405, 19.931902200608384 ], [ -100.847597935149835, 19.932598977822767 ], [ -100.847289807020459, 19.933502214711307 ], [ -100.847289807061358, 19.93350221477478 ], [ -100.847289806974871, 19.933502215028302 ], [ -100.847855187905864, 19.934379720835103 ], [ -100.84865878124171, 19.934972328517322 ], [ -100.850105514291982, 19.935411166914651 ], [ -100.851616689836447, 19.935520693454016 ], [ -100.852728403751414, 19.935210038839497 ], [ -100.853250480560703, 19.935301942725545 ], [ -100.854120869953164, 19.935441348385499 ], [ -100.854217710755364, 19.936475715812907 ], [ -100.854199749361825, 19.937425429053242 ], [ -100.854589851930811, 19.938341095440958 ], [ -100.854685918431471, 19.939416753465835 ], [ -100.85445240311374, 19.939453905628362 ], [ -100.853641736959361, 19.939232954911251 ], [ -100.853115741032781, 19.939347512705865 ], [ -100.853115741026969, 19.939347513013139 ], [ -100.85311574098607, 19.93934751302206 ], [ -100.853101679995262, 19.94009076698563 ], [ -100.853373072643393, 19.941128240641937 ], [ -100.854430166657323, 19.94370800218169 ], [ -100.855009677044009, 19.943842225170727 ], [ -100.856053109939083, 19.944067304851938 ], [ -100.856215181574711, 19.944731076738819 ], [ -100.856492846213996, 19.945438208400521 ], [ -100.856940391475547, 19.946396192085924 ], [ -100.857623028081193, 19.947234433669625 ], [ -100.858418927023607, 19.948239905886073 ], [ -100.859453819623781, 19.948919171936645 ], [ -100.860556256657404, 19.94910396314776 ], [ -100.862008596968892, 19.949253649080767 ], [ -100.863174673626489, 19.949150414016348 ], [ -100.864398156992394, 19.949089494494331 ], [ -100.865042103062066, 19.94889438058437 ], [ -100.865512264727457, 19.948654879728938 ], [ -100.866166316270153, 19.94792297071432 ], [ -100.86676217564542, 19.947190029034935 ], [ -100.867532587448551, 19.946460177201491 ], [ -100.869003550630609, 19.945618809080262 ], [ -100.869947723503671, 19.944933329644801 ], [ -100.871528042069968, 19.944465626091468 ], [ -100.872808890216575, 19.944446972440932 ], [ -100.874203780561501, 19.944554240824171 ], [ -100.875366706725444, 19.944616094983953 ], [ -100.8768771937753, 19.944766689396452 ], [ -100.877981161283444, 19.944868790216166 ], [ -100.879320192802425, 19.944851116433448 ], [ -100.880718955903646, 19.944751875935236 ], [ -100.882054116624346, 19.944940638540672 ], [ -100.88298507717866, 19.944957047847215 ], [ -100.884033180516653, 19.944934211105561 ], [ -100.885130195309259, 19.945407888958822 ], [ -100.885752463321424, 19.946368860031505 ], [ -100.886083810090156, 19.947324706750667 ], [ -100.88659435352416, 19.948035877156542 ], [ -100.88711107882817, 19.948416715356327 ], [ -100.887983871747366, 19.94843207275667 ], [ -100.888672073426122, 19.948981141984387 ], [ -100.889246221385264, 19.949404287940396 ], [ -100.89005157626147, 19.949914106239234 ], [ -100.89102378586513, 19.950839900538018 ], [ -100.891885028069069, 19.951474605549432 ], [ -100.892747047623089, 19.95206801459619 ], [ -100.893842594191312, 19.952624214414644 ], [ -100.894651059603888, 19.952968844565298 ], [ -100.895567435607816, 19.953769715253195 ], [ -100.896250298173044, 19.954607788515293 ], [ -100.896817560488657, 19.955402526282864 ], [ -100.897499667750992, 19.956281884559115 ], [ -100.898182551877767, 19.957119948444813 ], [ -100.898807253953137, 19.957956989205762 ], [ -100.899373004346998, 19.95883429857448 ], [ -100.900342249231116, 19.959925196104326 ], [ -100.90126138185785, 19.96042654907189 ], [ -100.900639674999923, 19.961966029579024 ], [ -100.900273908915807, 19.962182739684273 ], [ -100.898783995255073, 19.963065474484853 ], [ -100.897620008854517, 19.963452531479362 ], [ -100.89622620803749, 19.964132225509072 ], [ -100.895063356140341, 19.964602049610225 ], [ -100.894251826745588, 19.965108905348476 ], [ -100.893149718212243, 19.965743558119296 ], [ -100.892455670085994, 19.966290347602072 ], [ -100.891877388626042, 19.966752902279129 ], [ -100.891414875803889, 19.967131223138701 ], [ -100.891435645545158, 19.972843969472265 ], [ -100.891148502040551, 19.973220116366448 ], [ -100.891152521141066, 19.973509856528842 ], [ -100.891037892841766, 19.973676871778874 ], [ -100.890217122209464, 19.973521449863497 ], [ -100.889399221369985, 19.973572981484573 ], [ -100.888874779501293, 19.973703672677619 ], [ -100.887941098162244, 19.973839428682258 ], [ -100.887241265687237, 19.973972286199992 ], [ -100.886600467581019, 19.97414580936141 ], [ -100.886078885105192, 19.974483450459573 ], [ -100.885504564524709, 19.975235728931303 ], [ -100.884988129566139, 19.97594589156229 ], [ -100.884410363895412, 19.976449817623443 ], [ -100.883541991624881, 19.977081528831256 ], [ -100.882733792768406, 19.977836689131244 ], [ -100.882104983601863, 19.978879422204376 ], [ -100.881592524952907, 19.979879318426349 ], [ -100.881723180395568, 19.980871274403448 ], [ -100.882316415765786, 19.981484929404441 ], [ -100.882968693893346, 19.982139251331649 ], [ -100.883206563673014, 19.982426103212315 ], [ -100.882559432689433, 19.982144306942907 ], [ -100.882147311152437, 19.981942403459232 ], [ -100.881855553919848, 19.981987404961252 ], [ -100.881564368371102, 19.982073797640552 ], [ -100.881210142132417, 19.981829778369164 ], [ -100.881089779924295, 19.981582871802306 ], [ -100.880679948057022, 19.981546531294445 ], [ -100.880564159811883, 19.981630757649032 ], [ -100.880211650552951, 19.981510911203067 ], [ -100.879919321818193, 19.981514517813245 ], [ -100.879627564398859, 19.981559515636139 ], [ -100.879392558642508, 19.981479616798989 ], [ -100.879039479193352, 19.981318376212446 ], [ -100.878568326914845, 19.981075793093673 ], [ -100.878333322306091, 19.980995892746545 ], [ -100.877808273439641, 19.981085162070073 ], [ -100.877458050192828, 19.981130876864569 ], [ -100.877282082347506, 19.981091646378925 ], [ -100.876931288183997, 19.981095968385358 ], [ -100.876581064504322, 19.981141681468749 ], [ -100.876166099810916, 19.980732804327818 ], [ -100.875923681777493, 19.98011480739358 ], [ -100.875508721571805, 19.979705928315468 ], [ -100.874977403408963, 19.979339879089757 ], [ -100.874677667596103, 19.978805383020184 ], [ -100.87431889927791, 19.978230213754124 ], [ -100.873901099381357, 19.977614370851878 ], [ -100.873604788917632, 19.977328223471968 ], [ -100.873252293547395, 19.977208361932565 ], [ -100.87307633081339, 19.977169126820016 ], [ -100.872900368151718, 19.977129891525585 ], [ -100.872608330952275, 19.977154181381572 ], [ -100.872316293620358, 19.97717847076343 ], [ -100.871732218559188, 19.977227048104872 ], [ -100.870215554852919, 19.977494072917906 ], [ -100.869340291301327, 19.977629015991354 ], [ -100.868465025881079, 19.977763954859434 ], [ -100.867183344787762, 19.978110868834658 ], [ -100.865959554701334, 19.978415665364395 ], [ -100.86368735446294, 19.979023086705361 ], [ -100.862289526401469, 19.97942231128561 ], [ -100.861415700967228, 19.979671872408197 ], [ -100.859317160412033, 19.980152918406247 ], [ -100.856689582326922, 19.980433402394905 ], [ -100.855785617273099, 19.980610029757788 ], [ -100.854881649810011, 19.9807866526662 ], [ -100.853975985962904, 19.980839094172747 ], [ -100.853070321105889, 19.98089153109774 ], [ -100.850564155062614, 19.981501640315741 ], [ -100.847313510531947, 19.982283310669253 ], [ -100.846798079077914, 19.979767266166395 ], [ -100.843759976903726, 19.974720190899099 ], [ -100.843507709085472, 19.974301090325888 ], [ -100.843617896476061, 19.973802961015846 ], [ -100.843375052786442, 19.973143515535821 ], [ -100.843321729606942, 19.972981287301607 ], [ -100.843253070137095, 19.972772399983459 ], [ -100.843070378154607, 19.972236422693722 ], [ -100.842772445230111, 19.971826040493813 ], [ -100.842359832789398, 19.971582645441607 ], [ -100.841948905359132, 19.971463427265942 ], [ -100.841477831745138, 19.971220738426734 ], [ -100.841359221898756, 19.971097977007744 ], [ -100.841180465900038, 19.970851745697555 ], [ -100.840942686440059, 19.970564829600928 ], [ -100.84035132608696, 19.970075197437815 ], [ -100.840054525809435, 19.96974759509764 ], [ -100.83964192267824, 19.969504192908094 ], [ -100.839288343892619, 19.969301474856746 ], [ -100.839049449319958, 19.968931770264216 ], [ -100.838812797402369, 19.968727636188913 ], [ -100.838635729105548, 19.968605579945564 ], [ -100.838458661074142, 19.968483523502243 ], [ -100.838161307510632, 19.968114524640601 ], [ -100.83798312010731, 19.967909682128159 ], [ -100.837516542785124, 19.967998123506376 ], [ -100.837525503234403, 19.968660407787688 ], [ -100.834046269023744, 19.970813823861224 ], [ -100.831947172978758, 19.97125315065513 ], [ -100.831689300342674, 19.96947607663364 ], [ -100.831680363909982, 19.968813790199107 ], [ -100.831672544792269, 19.968234289525174 ], [ -100.831607939045398, 19.967779672501226 ], [ -100.83154445066809, 19.967407841230301 ], [ -100.831478170588923, 19.966829045311282 ], [ -100.831410774421641, 19.966167463448656 ], [ -100.8313433790575, 19.965505881469454 ], [ -100.831277101111908, 19.964927085237218 ], [ -100.831153479282293, 19.964431779494149 ], [ -100.831031533013984, 19.964060652403489 ], [ -100.830905121982781, 19.963358381593284 ], [ -100.830781502946806, 19.962863075320339 ], [ -100.830658442892016, 19.962409161832497 ], [ -100.830536499724772, 19.962038034107721 ], [ -100.830357213049538, 19.961750396550588 ], [ -100.83023582915537, 19.961420661470264 ], [ -100.830114445819049, 19.961090926255579 ], [ -100.829931256175897, 19.960513537213391 ], [ -100.830041481213129, 19.960015413 ], [ -100.829975769859757, 19.959478008375651 ], [ -100.830025861712798, 19.95885640936638 ], [ -100.83001861013264, 19.958318300481036 ], [ -100.830011916552422, 19.957821584555724 ], [ -100.830759604160164, 19.956901783568767 ], [ -100.83138590254076, 19.955652245365776 ], [ -100.832662711136607, 19.946280521476289 ], [ -100.833124204857086, 19.945819560690946 ], [ -100.833412567283091, 19.945526285564828 ], [ -100.833700928649662, 19.945233010044856 ], [ -100.833579553667775, 19.94490327622243 ], [ -100.833809459950871, 19.944610705542253 ], [ -100.833980353333189, 19.944277446722278 ], [ -100.834149570543815, 19.943820008894882 ], [ -100.834376123036165, 19.943279079892612 ], [ -100.834485768104983, 19.94273956108146 ], [ -100.834535842664337, 19.942117961494052 ], [ -100.834530257186458, 19.941704031866667 ], [ -100.834519645121034, 19.940917565517335 ], [ -100.83463543270021, 19.940833369280316 ], [ -100.834340937282761, 19.940671322998252 ], [ -100.835644338738092, 19.933286449231304 ], [ -100.835447765753841, 19.931715631563474 ], [ -100.835447765710853, 19.931715631219923 ], [ -100.835447765797298, 19.931715631246316 ] ] ] ] } },
{ "type": "Feature", "properties": { "ID": 21, "ENTIDAD": 11, "MUNICIPIO": 2, "NOMBRE": "ACAMBARO", "CONTROL": 39, "GEOMETRY1_": null, "ID_2": 136, "ENTIDAD_2": 11, "DISTRITO_F": 14, "DISTRITO_L": 22, "MUNICIPIO_2": 2, "SECCION": 136, "TIPO": 3, "CONTROL_2": 6217, "GEOMETRY1__2": null }, "geometry": { "type": "MultiPolygon", "coordinates": [ [ [ [ -100.981774943422721, 19.952699745198906 ], [ -100.981613305999986, 19.952639734576227 ], [ -100.9814516685841, 19.952579723756983 ], [ -100.981128394083726, 19.952459701644269 ], [ -100.980369121430684, 19.952510887729524 ], [ -100.979546623397781, 19.952231709093706 ], [ -100.978970459389728, 19.952818691052961 ], [ -100.978622731176301, 19.953030155658016 ], [ -100.978272020426317, 19.95303467280457 ], [ -100.977513935185527, 19.953168625751648 ], [ -100.97687751993962, 19.953632186142876 ], [ -100.976065148320984, 19.954056611529623 ], [ -100.975605273681552, 19.954600690385686 ], [ -100.975207422089696, 19.955392353069829 ], [ -100.974986117144354, 19.956264538648494 ], [ -100.974703974773576, 19.956971918069922 ], [ -100.974303732026371, 19.957598021619312 ], [ -100.973669075522281, 19.958185740970588 ], [ -100.972866192851001, 19.959272385856988 ], [ -100.972524392040924, 19.959897735100547 ], [ -100.972244018257015, 19.960729280276965 ], [ -100.971796604618689, 19.962142530988846 ], [ -100.971407045189139, 19.963513640680286 ], [ -100.971365244334592, 19.964673297395802 ], [ -100.971321064224924, 19.965667396058528 ], [ -100.970923167790048, 19.966459052366435 ], [ -100.970404190411429, 19.966962482863522 ], [ -100.969827346847381, 19.967508052090103 ], [ -100.96948076325063, 19.967802281251053 ], [ -100.96907393765828, 19.967973091481905 ], [ -100.96671781923709, 19.966761397671554 ], [ -100.967299422622077, 19.966546954544189 ], [ -100.967350753687029, 19.966049529890213 ], [ -100.966757278648501, 19.96543618096835 ], [ -100.96622641937968, 19.965111807790787 ], [ -100.965695562196345, 19.964787432829073 ], [ -100.964931474324672, 19.96450744094896 ], [ -100.964112490104185, 19.964476532102211 ], [ -100.963351369639994, 19.964403481514925 ], [ -100.962412510016208, 19.964167112595494 ], [ -100.961938934556599, 19.963759198036414 ], [ -100.961050246955807, 19.962942617025689 ], [ -100.960520590500593, 19.962701004540353 ], [ -100.960350549764058, 19.963075754244546 ], [ -100.959824444411581, 19.963082478378084 ], [ -100.959299522169829, 19.963171980565171 ], [ -100.958600413337592, 19.96334650090294 ], [ -100.958014667557578, 19.963271186712934 ], [ -100.957553520383414, 19.963732446018984 ], [ -100.957733619928234, 19.964061325729002 ], [ -100.957209283869673, 19.964192211941846 ], [ -100.95668317380634, 19.964198927076367 ], [ -100.956272204286577, 19.964079979250531 ], [ -100.955745503543582, 19.964045301685779 ], [ -100.955276078299349, 19.963927097169464 ], [ -100.955041956461358, 19.963909384332148 ], [ -100.954807834646829, 19.963891671181166 ], [ -100.953744990903914, 19.963160066504592 ], [ -100.952863424784084, 19.962840120192581 ], [ -100.951862000941603, 19.962314708046577 ], [ -100.95121662494229, 19.962157335160892 ], [ -100.9502163886944, 19.961714692940792 ], [ -100.949392114241149, 19.961311204096127 ], [ -100.94844857716744, 19.960743637184709 ], [ -100.947564090606235, 19.960216711865947 ], [ -100.946918726145313, 19.960059322231238 ], [ -100.946272774598256, 19.959860539988995 ], [ -100.945626824474346, 19.959661755254249 ], [ -100.944337866712218, 19.95947112930882 ], [ -100.943688982642513, 19.959065386096153 ], [ -100.942984583005469, 19.958867332766875 ], [ -100.94268878375793, 19.958622697884426 ], [ -100.942575396493808, 19.958872521850253 ], [ -100.942931413202473, 19.959240586255323 ], [ -100.943345887046021, 19.959607908296466 ], [ -100.943759775289763, 19.959933838982369 ], [ -100.944000060908124, 19.96038616447251 ], [ -100.944354321328461, 19.960630054818136 ], [ -100.944768214290278, 19.960955982719248 ], [ -100.945238801152087, 19.961156996822297 ], [ -100.945708213002845, 19.961275229259471 ], [ -100.946234905081369, 19.961309937604305 ], [ -100.946763362244297, 19.961468814754276 ], [ -100.947291231857434, 19.961586300122811 ], [ -100.947761234634612, 19.961745916990225 ], [ -100.947999179689674, 19.962032675406885 ], [ -100.947826165613051, 19.962200465058437 ], [ -100.947357338410285, 19.962123628711986 ], [ -100.946712554480669, 19.962007629116655 ], [ -100.945891814517097, 19.961852464279207 ], [ -100.944835487584783, 19.96157609337633 ], [ -100.944247399995447, 19.961335171834147 ], [ -100.943717182518824, 19.961052116313571 ], [ -100.943244835337183, 19.960726927320486 ], [ -100.942775426376528, 19.960608688066689 ], [ -100.942480798296117, 19.960446833608568 ], [ -100.942180299770627, 19.959871076098828 ], [ -100.941765240652529, 19.959462360911797 ], [ -100.941409225886687, 19.959094293989988 ], [ -100.940531808773059, 19.959064014328611 ], [ -100.939538653579703, 19.959117991450665 ], [ -100.938716174269501, 19.958838620499851 ], [ -100.937952738778193, 19.95859989615996 ], [ -100.93730621576151, 19.958359689414955 ], [ -100.93701159681126, 19.958197825018686 ], [ -100.936362148987769, 19.95775066254199 ], [ -100.936271148350485, 19.957695857800587 ], [ -100.935981473960553, 19.957152414628695 ], [ -100.935575961029542, 19.957231752672961 ], [ -100.935257071462203, 19.957352488430192 ], [ -100.934878953068221, 19.957418497529623 ], [ -100.934711651606008, 19.957540836753981 ], [ -100.934598624901156, 19.957594183623154 ], [ -100.934441100063452, 19.9576708156625 ], [ -100.934169954658799, 19.957463503651109 ], [ -100.934012758892408, 19.957465216805172 ], [ -100.933895881581989, 19.957380426975153 ], [ -100.933789470750938, 19.957475473963495 ], [ -100.933625240844606, 19.957578974836348 ], [ -100.933535853327939, 19.957712955985844 ], [ -100.933331018173433, 19.957879490658541 ], [ -100.933141299852522, 19.957928501109553 ], [ -100.932942640769042, 19.957922841049193 ], [ -100.932745792290291, 19.95806581624224 ], [ -100.932557312243205, 19.958216524067026 ], [ -100.932286287210729, 19.958383778439067 ], [ -100.931819268728105, 19.958764413040985 ], [ -100.931223954608129, 19.958802188480096 ], [ -100.930694923617651, 19.958847064775906 ], [ -100.929999469427997, 19.958815509907787 ], [ -100.929270921048129, 19.958784312080734 ], [ -100.928800659882754, 19.958898959559907 ], [ -100.928515174152906, 19.959238493075308 ], [ -100.92786521276976, 19.959621143858556 ], [ -100.927167020560461, 19.959804431189131 ], [ -100.927234291337314, 19.960046982334596 ], [ -100.92720760097194, 19.960073282671594 ], [ -100.926577571494448, 19.960702865025638 ], [ -100.926107633796761, 19.961437812156454 ], [ -100.925432745448077, 19.962364201681329 ], [ -100.924912035481938, 19.96303887674506 ], [ -100.92404576945512, 19.962919873889767 ], [ -100.923809982559888, 19.963203919225432 ], [ -100.92339505096956, 19.963690435748099 ], [ -100.923341130151599, 19.963751969563052 ], [ -100.922949982598453, 19.96439148371412 ], [ -100.922508718989974, 19.965112536759214 ], [ -100.922254813181681, 19.96552753810635 ], [ -100.922441604367322, 19.965606608146704 ], [ -100.922700106273808, 19.965705174319641 ], [ -100.922901928152285, 19.965844901460038 ], [ -100.923046496510395, 19.965978491133157 ], [ -100.923171756026392, 19.966287993676399 ], [ -100.923225632836335, 19.96660502779935 ], [ -100.923180113991421, 19.966977202121392 ], [ -100.923167541707471, 19.967119252922242 ], [ -100.923226598791643, 19.967274042841982 ], [ -100.923457828987253, 19.967481028643764 ], [ -100.923510067787575, 19.967662923691488 ], [ -100.923448207419284, 19.967866329409592 ], [ -100.923398935524233, 19.967911348748594 ], [ -100.923330019345372, 19.967974316851262 ], [ -100.923288915563319, 19.968011734447263 ], [ -100.923193716916771, 19.968098854959173 ], [ -100.921712757835678, 19.96739181607574 ], [ -100.919264524303756, 19.967443414445977 ], [ -100.919124845621056, 19.96745021129389 ], [ -100.918972825639401, 19.967457608551662 ], [ -100.917267590120829, 19.967398778801172 ], [ -100.91560317713359, 19.966422602169931 ], [ -100.910706961957501, 19.965726621146164 ], [ -100.909142782303221, 19.965593708451284 ], [ -100.90959254801318, 19.963310481753368 ], [ -100.909719256549565, 19.962667239061314 ], [ -100.910414836471958, 19.962754868554647 ], [ -100.910881340646981, 19.962666239830817 ], [ -100.911922573270871, 19.961866651766854 ], [ -100.913666439421874, 19.961141059713292 ], [ -100.914128877660517, 19.960762686340228 ], [ -100.914413623890198, 19.960220944263906 ], [ -100.914817021169057, 19.959801910469299 ], [ -100.915280032842446, 19.959464925512787 ], [ -100.915802078960098, 19.959168597996047 ], [ -100.916089718162283, 19.95883380838379 ], [ -100.916376195517103, 19.958416236589891 ], [ -100.916433490814057, 19.958332722188217 ], [ -100.955720735897657, 19.937716819257254 ], [ -100.956821193138126, 19.936999033101181 ], [ -100.957178957493014, 19.937491241058979 ], [ -100.957597533140117, 19.938148262428907 ], [ -100.958011978046557, 19.938515552803057 ], [ -100.958716298104463, 19.93871355290182 ], [ -100.959650271399667, 19.938618835887766 ], [ -100.960625971765751, 19.938667280397571 ], [ -100.961380816973588, 19.938762860499352 ], [ -100.962197607508116, 19.938652986753759 ], [ -100.962784683976722, 19.93837395171181 ], [ -100.963257654570711, 19.937969046318038 ], [ -100.964090989524649, 19.936950784237609 ], [ -100.964913784579096, 19.936510578987086 ], [ -100.965617207558395, 19.936233533131542 ], [ -100.966257185834408, 19.936244516150502 ], [ -100.966956095379544, 19.936215205025412 ], [ -100.967763099027849, 19.936642076315135 ], [ -100.968270943056865, 19.937518144737442 ], [ -100.968483383400709, 19.938636963173817 ], [ -100.96905617829276, 19.939142416620165 ], [ -100.969525379158128, 19.938943945226573 ], [ -100.969811778251426, 19.939196670345787 ], [ -100.970794097682671, 19.939585227060082 ], [ -100.971431837073197, 19.939720059835132 ], [ -100.9721881897961, 19.939733013288429 ], [ -100.972834180226769, 19.939413652638745 ], [ -100.973248194944148, 19.939049016294327 ], [ -100.973960607529008, 19.93827645984604 ], [ -100.974908731534839, 19.937342723850715 ], [ -100.976677467272069, 19.936243261612773 ], [ -100.981774943484908, 19.952699745103679 ], [ -100.981774943422721, 19.952699745198906 ] ] ] ] } },
{ "type": "Feature", "properties": { "ID": 21, "ENTIDAD": 11, "MUNICIPIO": 2, "NOMBRE": "ACAMBARO", "CONTROL": 39, "GEOMETRY1_": null, "ID_2": 137, "ENTIDAD_2": 11, "DISTRITO_F": 14, "DISTRITO_L": 22, "MUNICIPIO_2": 2, "SECCION": 137, "TIPO": 2, "CONTROL_2": 6966, "GEOMETRY1__2": null }, "geometry": { "type": "MultiPolygon", "coordinates": [ [ [ [ -100.923667730358261, 19.968061291484059 ], [ -100.923549640836072, 19.968070649677326 ], [ -100.923440334121182, 19.96807931179239 ], [ -100.923398965385772, 19.968082590079707 ], [ -100.923193716916771, 19.968098854959173 ], [ -100.923288915563319, 19.968011734447263 ], [ -100.923330019345372, 19.967974316851262 ], [ -100.923398935524233, 19.967911348748594 ], [ -100.923448207419284, 19.967866329409592 ], [ -100.923510067787575, 19.967662923691488 ], [ -100.923457828987253, 19.967481028643764 ], [ -100.923226598791643, 19.967274042841982 ], [ -100.923167541707471, 19.967119252922242 ], [ -100.923180113991421, 19.966977202121392 ], [ -100.923225632836335, 19.96660502779935 ], [ -100.923171756026392, 19.966287993676399 ], [ -100.923046496510395, 19.965978491133249 ], [ -100.922901928152285, 19.965844901460038 ], [ -100.922700106273808, 19.965705174319641 ], [ -100.922441604367322, 19.965606608146704 ], [ -100.922254813181681, 19.96552753810635 ], [ -100.922508718989974, 19.965112536759214 ], [ -100.922949982598453, 19.96439148371412 ], [ -100.923341130151599, 19.963751969563052 ], [ -100.92339505096956, 19.963690435748099 ], [ -100.923809982559888, 19.963203919225432 ], [ -100.92404576945512, 19.962919873889767 ], [ -100.924912035481938, 19.96303887674506 ], [ -100.925432745448077, 19.962364201681329 ], [ -100.926107633796761, 19.961437812156454 ], [ -100.926973982708972, 19.961612391771769 ], [ -100.927791489967703, 19.961777124900017 ], [ -100.927867079641928, 19.961823595173477 ], [ -100.928952231713481, 19.962041503249711 ], [ -100.928614685685858, 19.962781569110966 ], [ -100.929624254309303, 19.962953002566245 ], [ -100.929527925728948, 19.963083463263708 ], [ -100.929270072737296, 19.963446977485191 ], [ -100.928931599481331, 19.963891080321549 ], [ -100.928628494480563, 19.964302609285856 ], [ -100.928577667909792, 19.964282814111066 ], [ -100.928357292930173, 19.964711017813997 ], [ -100.928619767047806, 19.964816682018068 ], [ -100.928463059318574, 19.965102696084124 ], [ -100.927194676137603, 19.964702172432165 ], [ -100.926606898758195, 19.96458381989553 ], [ -100.926478387827061, 19.964557943152514 ], [ -100.926182966438063, 19.964998019264332 ], [ -100.925770399595066, 19.96563070229297 ], [ -100.925242933192635, 19.966741088026673 ], [ -100.924581271993063, 19.966681770963532 ], [ -100.924026001653488, 19.966635097328918 ], [ -100.92388919106331, 19.967526888781123 ], [ -100.923724049234792, 19.968056828376568 ], [ -100.923667730358261, 19.968061291484059 ] ] ] ] } },
{ "type": "Feature", "properties": { "ID": 21, "ENTIDAD": 11, "MUNICIPIO": 2, "NOMBRE": "ACAMBARO", "CONTROL": 39, "GEOMETRY1_": null, "ID_2": 138, "ENTIDAD_2": 11, "DISTRITO_F": 14, "DISTRITO_L": 22, "MUNICIPIO_2": 2, "SECCION": 138, "TIPO": 3, "CONTROL_2": 6965, "GEOMETRY1__2": null }, "geometry": { "type": "MultiPolygon", "coordinates": [ [ [ [ -100.935566575491748, 19.969702837356792 ], [ -100.935489353070508, 19.96962053210153 ], [ -100.937933802325233, 19.967524789115622 ], [ -100.93664329163505, 19.967415968420077 ], [ -100.936641540618368, 19.967272587705445 ], [ -100.938007498652624, 19.9673498557516 ], [ -100.937975163107026, 19.967141022283016 ], [ -100.937925166662254, 19.966818127547963 ], [ -100.937740307489875, 19.966318247675467 ], [ -100.936640928786218, 19.966335374011802 ], [ -100.936657489359646, 19.966360800340336 ], [ -100.93668575736335, 19.966457798778968 ], [ -100.936612271587364, 19.966460843426379 ], [ -100.936517924724555, 19.966464752341277 ], [ -100.936395834624491, 19.966225378124477 ], [ -100.937700831566545, 19.966190643344376 ], [ -100.937483853678955, 19.965721842405017 ], [ -100.937135993806592, 19.964737206545013 ], [ -100.935834570901903, 19.965063818577644 ], [ -100.935436541735584, 19.965293503991063 ], [ -100.934414553170797, 19.965437807437663 ], [ -100.934412973842058, 19.965411617770613 ], [ -100.934411394514228, 19.965385428103438 ], [ -100.934407763159641, 19.965325210041311 ], [ -100.935353927949521, 19.965181733850208 ], [ -100.935730355787896, 19.964957405747853 ], [ -100.936357974098186, 19.964781923681208 ], [ -100.935846783065742, 19.962445718178536 ], [ -100.935493744374597, 19.962435123680855 ], [ -100.934840382389481, 19.963046578234309 ], [ -100.934797305338847, 19.96306753369949 ], [ -100.933042315020643, 19.963066177010717 ], [ -100.931376507274663, 19.965050949514058 ], [ -100.930569665919592, 19.964865127299962 ], [ -100.930108897017519, 19.965958160161584 ], [ -100.930336298350738, 19.966813802315052 ], [ -100.927579733500252, 19.968195836945835 ], [ -100.927992849765943, 19.969205392905799 ], [ -100.926375749996311, 19.968075758175868 ], [ -100.92575390550094, 19.96898780164112 ], [ -100.925261026815576, 19.969712270048255 ], [ -100.922673257583924, 19.968626035672212 ], [ -100.922689667235943, 19.968545423854131 ], [ -100.923193716916771, 19.968098854959173 ], [ -100.923398965385772, 19.968082590079707 ], [ -100.923440334121182, 19.96807931179239 ], [ -100.923549640836072, 19.968070649677326 ], [ -100.923667730358261, 19.968061291484059 ], [ -100.923724049234792, 19.968056828376568 ], [ -100.92388919106331, 19.967526888781123 ], [ -100.924026001653488, 19.966635097328918 ], [ -100.924581271993063, 19.966681770963532 ], [ -100.925242933192635, 19.966741088026673 ], [ -100.925770399595066, 19.96563070229297 ], [ -100.926182966438063, 19.964998019264332 ], [ -100.926478387827061, 19.964557943152514 ], [ -100.926606898758195, 19.96458381989553 ], [ -100.927194676137603, 19.964702172432165 ], [ -100.928463059318574, 19.965102696084124 ], [ -100.928619767047806, 19.964816682018068 ], [ -100.928357292930173, 19.964711017813997 ], [ -100.928577667909792, 19.964282814111066 ], [ -100.928628494480563, 19.964302609285856 ], [ -100.928931599481331, 19.963891080321549 ], [ -100.929270072737296, 19.963446977485191 ], [ -100.929527925728948, 19.963083463263708 ], [ -100.929624254309303, 19.962953002566245 ], [ -100.928614685685858, 19.962781569110966 ], [ -100.928952231713481, 19.962041503249711 ], [ -100.927867079641928, 19.961823595173477 ], [ -100.927791489967703, 19.961777124900017 ], [ -100.926973982708972, 19.961612391771769 ], [ -100.926107633796761, 19.961437812156454 ], [ -100.926577571494448, 19.960702865025638 ], [ -100.92720760097194, 19.960073282671594 ], [ -100.927234291337314, 19.960046982334596 ], [ -100.927167020560461, 19.959804431189131 ], [ -100.92786521276976, 19.959621143858556 ], [ -100.928515174152906, 19.959238493075308 ], [ -100.928800659882754, 19.958898959559907 ], [ -100.929270921048129, 19.958784312080734 ], [ -100.929999469427997, 19.958815509907787 ], [ -100.930694923617651, 19.958847064775906 ], [ -100.931223954608129, 19.958802188480096 ], [ -100.931819268728105, 19.958764413040985 ], [ -100.932286287210729, 19.958383778439067 ], [ -100.932557312243205, 19.958216524067026 ], [ -100.932745792290291, 19.95806581624224 ], [ -100.932942640769042, 19.957922841049289 ], [ -100.933141299852522, 19.957928501109553 ], [ -100.933331018173433, 19.957879490658541 ], [ -100.933535853327939, 19.957712955985844 ], [ -100.933625240844606, 19.957578974836348 ], [ -100.933789470750938, 19.957475473963495 ], [ -100.933895881581989, 19.957380426975153 ], [ -100.934012758892408, 19.957465216805172 ], [ -100.934169954658799, 19.957463503651109 ], [ -100.934441100063452, 19.9576708156625 ], [ -100.934598624901156, 19.957594183623154 ], [ -100.934711651606008, 19.957540836753981 ], [ -100.934878953068221, 19.957418497529623 ], [ -100.935257071462203, 19.957352488430192 ], [ -100.935575961029542, 19.957231752672961 ], [ -100.935981473960553, 19.957152414628695 ], [ -100.936271148350485, 19.957695857800587 ], [ -100.936362148987769, 19.95775066254199 ], [ -100.93701159681126, 19.958197825018686 ], [ -100.93730621576151, 19.958359689414955 ], [ -100.937952738778193, 19.95859989615996 ], [ -100.938716174269501, 19.958838620499851 ], [ -100.939538653579703, 19.959117991450665 ], [ -100.940531808773059, 19.959064014328611 ], [ -100.941409225886687, 19.959094293989988 ], [ -100.941765240652529, 19.959462360911797 ], [ -100.942180299770627, 19.959871076098828 ], [ -100.942480798296117, 19.960446833608568 ], [ -100.942775426376528, 19.960608688066689 ], [ -100.943244835337183, 19.960726927320486 ], [ -100.943717182518824, 19.961052116313571 ], [ -100.944247399995447, 19.961335171834147 ], [ -100.944835487584783, 19.96157609337633 ], [ -100.944876411281243, 19.961641017101226 ], [ -100.944918363261351, 19.961707572083835 ], [ -100.944491042663955, 19.963738360682573 ], [ -100.944261810291167, 19.964824287813478 ], [ -100.943851551726326, 19.966873284804333 ], [ -100.943834422168109, 19.966925047622162 ], [ -100.943813994404181, 19.966986779586101 ], [ -100.943693162900743, 19.967123846247805 ], [ -100.942978403093761, 19.967414661235349 ], [ -100.941231619412463, 19.967888201689597 ], [ -100.939485409456182, 19.967722931316541 ], [ -100.939485910491712, 19.967763897163938 ], [ -100.939434631304593, 19.968000042932363 ], [ -100.93917441200071, 19.96798240209225 ], [ -100.939083497788147, 19.967635139585191 ], [ -100.938237849652396, 19.967582924325427 ], [ -100.93813544035828, 19.967668982088046 ], [ -100.935632046615453, 19.969772617736073 ], [ -100.935566575491748, 19.969702837356792 ] ] ] ] } },
{ "type": "Feature", "properties": { "ID": 21, "ENTIDAD": 11, "MUNICIPIO": 2, "NOMBRE": "ACAMBARO", "CONTROL": 39, "GEOMETRY1_": null, "ID_2": 139, "ENTIDAD_2": 11, "DISTRITO_F": 14, "DISTRITO_L": 22, "MUNICIPIO_2": 2, "SECCION": 139, "TIPO": 4, "CONTROL_2": 4424, "GEOMETRY1__2": null }, "geometry": { "type": "MultiPolygon", "coordinates": [ [ [ [ -100.954597318786938, 20.007171669918979 ], [ -100.954597318789624, 20.00717167006475 ], [ -100.954597318717234, 20.007171670226043 ], [ -100.954601882627173, 20.00741983783799 ], [ -100.954665615724252, 20.007708384817988 ], [ -100.954673222604711, 20.008121997456417 ], [ -100.954738477675733, 20.008493266873657 ], [ -100.954802972382325, 20.00882317497058 ], [ -100.954982002992722, 20.00902703519894 ], [ -100.955219443084289, 20.009229913083303 ], [ -100.955578267765134, 20.009678993520513 ], [ -100.955761105540958, 20.010089658908193 ], [ -100.955944705446186, 20.010541685227462 ], [ -100.955951555383223, 20.010913936007892 ], [ -100.955838541661706, 20.011122706771562 ], [ -100.955318181074318, 20.011421076136081 ], [ -100.954970004750777, 20.011551052884471 ], [ -100.954677194542768, 20.011514601992292 ], [ -100.954382102277663, 20.011354066840617 ], [ -100.953380009527336, 20.0108744213024 ], [ -100.95286116502119, 20.011255506355489 ], [ -100.952677572612629, 20.01080347620336 ], [ -100.951106274737867, 20.011399418834532 ], [ -100.94571465873392, 20.01344414882001 ], [ -100.94554321831346, 20.013653893489657 ], [ -100.945192752263026, 20.013659767602899 ], [ -100.94461015843676, 20.013752279251513 ], [ -100.944143627893212, 20.013801470323148 ], [ -100.943388072870263, 20.014020998403797 ], [ -100.942401900839855, 20.014409882027419 ], [ -100.941587170904484, 20.014589019338256 ], [ -100.939558663041041, 20.015491824708715 ], [ -100.938801578430088, 20.015628611089365 ], [ -100.938283436905621, 20.016051019075437 ], [ -100.937823704902428, 20.016472449145983 ], [ -100.937296481074256, 20.016398514579713 ], [ -100.936886838499689, 20.016363987517028 ], [ -100.936655457890993, 20.016491977665087 ], [ -100.936546951441187, 20.016948908728303 ], [ -100.936315569703652, 20.017076898517583 ], [ -100.936315569432537, 20.01707689881588 ], [ -100.934736916920727, 20.017020524102971 ], [ -100.933749190104237, 20.017326639170005 ], [ -100.931934617287865, 20.017150055210113 ], [ -100.932048422684076, 20.01698265854138 ], [ -100.932394368214418, 20.016728639010552 ], [ -100.932681144900528, 20.016434232025844 ], [ -100.932902711008836, 20.015768543525237 ], [ -100.933071905569278, 20.015434724200475 ], [ -100.933179666348494, 20.014936432659834 ], [ -100.93322523847408, 20.014232307177355 ], [ -100.932971201629158, 20.013119438533732 ], [ -100.932500136181773, 20.01292042816781 ], [ -100.93207766901449, 20.012182738050349 ], [ -100.931486011828099, 20.011778864546603 ], [ -100.931124981806676, 20.011205644486328 ], [ -100.930650906143427, 20.010841181003766 ], [ -100.929591974344504, 20.010445092342298 ], [ -100.928356308702149, 20.009969193007827 ], [ -100.927471110650671, 20.009487446793457 ], [ -100.927008350615992, 20.009743401975395 ], [ -100.926237717661635, 20.009135617450525 ], [ -100.9257606460597, 20.008605691307341 ], [ -100.925285836760636, 20.008199849664404 ], [ -100.925101571931165, 20.007706421895779 ], [ -100.924856640351223, 20.007089879760944 ], [ -100.924267277779734, 20.006810064981909 ], [ -100.923973726179383, 20.006732199889935 ], [ -100.923738584047996, 20.006653362618678 ], [ -100.923210643664277, 20.006538020675194 ], [ -100.922801026901013, 20.006503458606048 ], [ -100.922447562742036, 20.006343838012416 ], [ -100.922150251921707, 20.006059159169357 ], [ -100.921852942172947, 20.005774479730203 ], [ -100.921846925772812, 20.005443582712115 ], [ -100.921956222774114, 20.005028019376404 ], [ -100.922126184107341, 20.004735571302039 ], [ -100.922353801155779, 20.004400789842304 ], [ -100.922582169476144, 20.004107370272905 ], [ -100.922691463903789, 20.003691806658974 ], [ -100.922511726406114, 20.003446547581071 ], [ -100.922390397481323, 20.003200317149247 ], [ -100.922385884776219, 20.002952144396009 ], [ -100.922378363712141, 20.002538523123029 ], [ -100.922426994089847, 20.00199984434088 ], [ -100.922771421898119, 20.001663120396373 ], [ -100.923231158224397, 20.0012417290054 ], [ -100.923335935841237, 20.000577992492566 ], [ -100.924147362359875, 19.999592430460584 ], [ -100.924664845883186, 19.99896494452328 ], [ -100.924836755845149, 19.998714391771973 ], [ -100.925180574199175, 19.998213285883125 ], [ -100.925641330746032, 19.99771070584617 ], [ -100.926278662186235, 19.997288694766585 ], [ -100.927148116625602, 19.99673956121692 ], [ -100.921447407476734, 19.994741459032131 ], [ -100.921497719384121, 19.994161255189372 ], [ -100.921600090626015, 19.99312501927205 ], [ -100.921355147254616, 19.992341538857225 ], [ -100.920994435474341, 19.991642309371787 ], [ -100.920631397752715, 19.990777516263233 ], [ -100.920150265091053, 19.989831410300209 ], [ -100.919783744532168, 19.988718270528995 ], [ -100.919365164272932, 19.988061161492745 ], [ -100.918900338843684, 19.988273990159435 ], [ -100.918142013863942, 19.988407706929241 ], [ -100.917739141713156, 19.988868143005423 ], [ -100.917156795553481, 19.989041044614407 ], [ -100.916572123050429, 19.989048381401084 ], [ -100.91575764827337, 19.989348385072724 ], [ -100.914656639856815, 19.990065958282866 ], [ -100.914884702575918, 19.989649118296789 ], [ -100.915226794540857, 19.989023857917108 ], [ -100.915508093200302, 19.988233767149477 ], [ -100.915843789157378, 19.987153207361398 ], [ -100.915951426281865, 19.986489488298162 ], [ -100.915825198370939, 19.985828702305646 ], [ -100.916347325661718, 19.985532366958701 ], [ -100.916553877837487, 19.983584066821045 ], [ -100.917059723529349, 19.98212878840809 ], [ -100.916520758989407, 19.981224792085158 ], [ -100.915984124255502, 19.980486356762039 ], [ -100.916150222694881, 19.979821904408272 ], [ -100.916259018100178, 19.979240966769133 ], [ -100.916425695434569, 19.97861790507709 ], [ -100.916302959975326, 19.978205463382039 ], [ -100.916234041797267, 19.977461161890705 ], [ -100.915820155102367, 19.977135166649447 ], [ -100.915412656567085, 19.977264469508555 ], [ -100.91476375968135, 19.976858621087967 ], [ -100.915050268944086, 19.976441049272314 ], [ -100.91533851838777, 19.976147649631827 ], [ -100.915979864133433, 19.976015415341134 ], [ -100.916330058148446, 19.975969626217257 ], [ -100.916976049781525, 19.976168514896571 ], [ -100.918024305659998, 19.975865576468909 ], [ -100.918666809958012, 19.975816114259686 ], [ -100.919724948005708, 19.976216808803137 ], [ -100.920719390753973, 19.976245714771739 ], [ -100.921948265092368, 19.976313066095273 ], [ -100.922767903124367, 19.976385555967969 ], [ -100.92329522966601, 19.976461719312361 ], [ -100.924055823299696, 19.976493547893227 ], [ -100.924584899389316, 19.976693879160841 ], [ -100.925229735355416, 19.97680995544648 ], [ -100.925820192740872, 19.977216499635144 ], [ -100.926175635410445, 19.977543206212825 ], [ -100.926064543936974, 19.977958584676141 ], [ -100.926306563801319, 19.978535106891727 ], [ -100.926478451817999, 19.978284554047207 ], [ -100.926764347108801, 19.977825575134979 ], [ -100.927167749658949, 19.977406513018725 ], [ -100.927456560168693, 19.977154485942698 ], [ -100.927862878366255, 19.976942375162899 ], [ -100.928736309753461, 19.976682975900012 ], [ -100.92926480692455, 19.976841902153712 ], [ -100.929540175002458, 19.975637890705283 ], [ -100.933364657957696, 19.975956647008875 ], [ -100.937735954042168, 19.976320874684482 ], [ -100.937747855220962, 19.9755406268755 ], [ -100.937766269605689, 19.97433340061114 ], [ -100.937985454112138, 19.973295682695834 ], [ -100.938028669054759, 19.972218794852402 ], [ -100.938129171285496, 19.971058386189998 ], [ -100.938268577556329, 19.970580547350263 ], [ -100.93840798311021, 19.970102708446479 ], [ -100.938452369080053, 19.969108601049918 ], [ -100.938428173444592, 19.968967468851098 ], [ -100.938261161054825, 19.967993283176511 ], [ -100.938237849652396, 19.967582924325427 ], [ -100.939083497788147, 19.967635139585191 ], [ -100.93917441200071, 19.96798240209225 ], [ -100.939434631304593, 19.968000042932363 ], [ -100.939485910491712, 19.967763897163938 ], [ -100.939485409456182, 19.967722931316541 ], [ -100.941231619412463, 19.967888201689597 ], [ -100.942978403093761, 19.967414661235349 ], [ -100.943693162900743, 19.967123846247805 ], [ -100.943813994404181, 19.966986779586101 ], [ -100.943834422168109, 19.966925047622162 ], [ -100.943851551726326, 19.966873284804333 ], [ -100.944261810291167, 19.964824287813478 ], [ -100.944491042663955, 19.963738360682573 ], [ -100.944918363261351, 19.961707572083835 ], [ -100.944876411281243, 19.961641017101226 ], [ -100.944835487584783, 19.96157609337633 ], [ -100.945891814517097, 19.961852464279207 ], [ -100.946712554480669, 19.962007629116655 ], [ -100.947357338410285, 19.962123628711986 ], [ -100.947826165613051, 19.962200465058437 ], [ -100.947999179689674, 19.962032675406885 ], [ -100.947761234634612, 19.961745916990225 ], [ -100.947291231857434, 19.961586300122811 ], [ -100.946763362244297, 19.961468814754276 ], [ -100.946234905081369, 19.961309937604305 ], [ -100.945708213002845, 19.961275229259471 ], [ -100.945238801152087, 19.961156996822297 ], [ -100.944768214290278, 19.960955982719248 ], [ -100.944354321328461, 19.960630054818136 ], [ -100.944000060908124, 19.96038616447251 ], [ -100.943759775289763, 19.959933838982369 ], [ -100.943345887046021, 19.959607908296466 ], [ -100.942931413202473, 19.959240586255323 ], [ -100.942575396493808, 19.958872521850253 ], [ -100.94268878375793, 19.958622697884426 ], [ -100.942984583005469, 19.958867332766875 ], [ -100.943688982642513, 19.959065386096153 ], [ -100.944337866712218, 19.95947112930882 ], [ -100.945626824474346, 19.959661755254249 ], [ -100.946272774598256, 19.959860539988995 ], [ -100.946918726145313, 19.960059322231238 ], [ -100.947564090606235, 19.960216711865947 ], [ -100.94844857716744, 19.960743637184709 ], [ -100.949392114241149, 19.961311204096127 ], [ -100.9502163886944, 19.961714692940792 ], [ -100.95121662494229, 19.962157335160892 ], [ -100.951862000941603, 19.962314708046577 ], [ -100.952863424784084, 19.962840120192581 ], [ -100.953744990903914, 19.963160066504592 ], [ -100.954807834646829, 19.963891671181166 ], [ -100.954637778876403, 19.964266416601312 ], [ -100.954291170806854, 19.9645606179452 ], [ -100.954001247510888, 19.964729903748392 ], [ -100.954530902928951, 19.964971535922167 ], [ -100.955413665294657, 19.965374252380759 ], [ -100.956408027678151, 19.965402963288184 ], [ -100.957694675432862, 19.965427936775654 ], [ -100.958981322715758, 19.965452900891417 ], [ -100.959803864345702, 19.965732171783305 ], [ -100.960277441220498, 19.966140091926381 ], [ -100.960516598811296, 19.966509610476482 ], [ -100.96052015122126, 19.966757949024892 ], [ -100.958898132136582, 19.967813613094535 ], [ -100.957974633816676, 19.968653357025083 ], [ -100.957222953810856, 19.969242518861432 ], [ -100.956469494818748, 19.969707508405779 ], [ -100.955897908634569, 19.970625545722484 ], [ -100.955325134450518, 19.971460801929545 ], [ -100.95475412664527, 19.972420226348717 ], [ -100.954467734289693, 19.972837853226736 ], [ -100.954181340484098, 19.973255479750154 ], [ -100.953898488487823, 19.973921445268935 ], [ -100.953966988605259, 19.974624327929561 ], [ -100.95333277802122, 19.975253375408773 ], [ -100.952935358697616, 19.976086390022516 ], [ -100.952659581055428, 19.977249033109498 ], [ -100.952093260331097, 19.978539570776729 ], [ -100.951293670693474, 19.97987447629707 ], [ -100.95095466341651, 19.98102924364488 ], [ -100.950903310452659, 19.981204166999287 ], [ -100.95011313589427, 19.983201307847235 ], [ -100.949661346792126, 19.984324791614853 ], [ -100.949207782977382, 19.985324104766327 ], [ -100.949450487634579, 19.985941976922291 ], [ -100.949694963803864, 19.986684018358542 ], [ -100.949355967061251, 19.987516283466437 ], [ -100.949093124399653, 19.989589502126876 ], [ -100.949219493432167, 19.990250252385504 ], [ -100.949582680433736, 19.991114974080606 ], [ -100.950009649352083, 19.992351459063144 ], [ -100.950084639041933, 19.993509631485015 ], [ -100.95109512072969, 19.994655883906045 ], [ -100.951582944075923, 19.996057177046996 ], [ -100.951945569147384, 19.9968805013362 ], [ -100.952654877221178, 19.997409621682078 ], [ -100.953541962196013, 19.998102059858258 ], [ -100.954603280493558, 19.998709474196026 ], [ -100.954799982961347, 20.00019726579 ], [ -100.954638568711133, 20.000416926426752 ], [ -100.954477154027444, 20.000636586948723 ], [ -100.954553810857519, 20.001628276510978 ], [ -100.954340717567433, 20.002748958167459 ], [ -100.953903878551444, 20.0044112628796 ], [ -100.953852314657212, 20.004784496128984 ], [ -100.953916044899671, 20.005073043662936 ], [ -100.953923649050608, 20.005486656624132 ], [ -100.954284742401427, 20.006059824735207 ], [ -100.954381386368993, 20.006318479940315 ], [ -100.954653444977993, 20.007046604468158 ], [ -100.954597318786938, 20.007171669918979 ] ] ] ] } },
{ "type": "Feature", "properties": { "ID": 21, "ENTIDAD": 11, "MUNICIPIO": 2, "NOMBRE": "ACAMBARO", "CONTROL": 39, "GEOMETRY1_": null, "ID_2": 140, "ENTIDAD_2": 11, "DISTRITO_F": 14, "DISTRITO_L": 22, "MUNICIPIO_2": 2, "SECCION": 140, "TIPO": 4, "CONTROL_2": 6218, "GEOMETRY1__2": null }, "geometry": { "type": "MultiPolygon", "coordinates": [ [ [ [ -100.98106919354413, 19.953780418599141 ], [ -100.980825560769361, 19.954398775105496 ], [ -100.98082556080179, 19.954398775143371 ], [ -100.980825560692807, 19.954398775419971 ], [ -100.981112305460073, 19.954733775323906 ], [ -100.982157098301187, 19.95516110236019 ], [ -100.982969570795788, 19.955502667341268 ], [ -100.984486334160266, 19.955645887047087 ], [ -100.985481359823453, 19.955534024379556 ], [ -100.986533469508231, 19.955505721573868 ], [ -100.98799712712605, 19.955316835398609 ], [ -100.989462106263986, 19.955045100702776 ], [ -100.990575937000798, 19.954810410045873 ], [ -100.991634000706895, 19.954409312539372 ], [ -100.992693383048291, 19.953925372537228 ], [ -100.993979128088014, 19.953899932395522 ], [ -100.995379051237805, 19.954041607269296 ], [ -100.996897785010745, 19.954060466411441 ], [ -100.997952519923743, 19.953866424033698 ], [ -100.998780207845371, 19.953255295768646 ], [ -100.999434634101078, 19.952517736730034 ], [ -101.000262969419254, 19.951865184377297 ], [ -101.001320324116136, 19.951505450908424 ], [ -101.00207175880368, 19.95201187543875 ], [ -101.002184778761546, 19.952204054965712 ], [ -101.002619647959406, 19.952943502535508 ], [ -101.002682174819427, 19.953840442825829 ], [ -101.002721933347274, 19.954239137420245 ], [ -101.002792979824079, 19.954951576994493 ], [ -101.003013110970727, 19.95568980545179 ], [ -101.003664409932526, 19.956353310974631 ], [ -101.004318989420256, 19.956570888417922 ], [ -101.004362411685122, 19.956607897707077 ], [ -101.004502391983678, 19.956727204302499 ], [ -101.004607788984671, 19.95706633820388 ], [ -101.004652584415211, 19.957210475062695 ], [ -101.004610373740192, 19.957253498125873 ], [ -101.004291082312463, 19.95757893362876 ], [ -101.004291082305826, 19.957578933864642 ], [ -101.004291082229003, 19.957578933942951 ], [ -101.004263316987164, 19.958567592324034 ], [ -101.004115796142386, 19.959109516816373 ], [ -101.003864751873351, 19.959786485364376 ], [ -101.003512461539458, 19.960288287148781 ], [ -101.002975906785423, 19.960750099112239 ], [ -101.002521654712467, 19.961173672480648 ], [ -101.002521654649883, 19.961173672775399 ], [ -101.002521654629518, 19.961173672794377 ], [ -101.002394201354463, 19.961773896613579 ], [ -101.002186371069598, 19.962752633673265 ], [ -101.002139291419454, 19.962974344968259 ], [ -101.0018858040699, 19.963980912202153 ], [ -101.001924246783048, 19.964330169823864 ], [ -101.002381396036512, 19.964572802212963 ], [ -101.002516852616964, 19.964607054222686 ], [ -101.003376592493595, 19.964824448135733 ], [ -101.004208663802814, 19.965091559104284 ], [ -101.004438856123215, 19.965413406506485 ], [ -101.004401363030837, 19.96578009065243 ], [ -101.004378404059167, 19.9658962786465 ], [ -101.004290472838093, 19.96634126914233 ], [ -101.003851261282406, 19.966889635518871 ], [ -101.003327628985303, 19.967198323810006 ], [ -101.002280197077184, 19.967765736537384 ], [ -101.001543416486072, 19.968126956360415 ], [ -101.000642215472197, 19.968435196533164 ], [ -101.000350465818826, 19.968570872345559 ], [ -100.999931975656907, 19.968765486603619 ], [ -100.998712938756313, 19.969355589455787 ], [ -100.998333722674147, 19.969583842593877 ], [ -100.997994329693014, 19.969788124700095 ], [ -100.997408060228054, 19.970586426068159 ], [ -100.997200139629996, 19.971160252705836 ], [ -100.997112858584757, 19.971390666058216 ], [ -100.99684477213097, 19.972156027570534 ], [ -100.996029944644377, 19.972186976453742 ], [ -100.995458228549495, 19.972253386043235 ], [ -100.994594489649316, 19.972352885712599 ], [ -100.99377966289309, 19.972383906549048 ], [ -100.993147037313676, 19.972484323675612 ], [ -100.992416542144653, 19.972779315641574 ], [ -100.991235758993795, 19.973209881737706 ], [ -100.99038330248689, 19.973630433013064 ], [ -100.989165351183061, 19.974312960548843 ], [ -100.988093897969733, 19.974778411066499 ], [ -100.987058888282334, 19.975255460524799 ], [ -100.98631561721038, 19.975768076878396 ], [ -100.985620737920058, 19.976384113677536 ], [ -100.984928386088754, 19.976792631209754 ], [ -100.98446351045682, 19.977066925351604 ], [ -100.983720127565533, 19.977625418805015 ], [ -100.982890798424705, 19.978470120141864 ], [ -100.982376573621153, 19.979174727063363 ], [ -100.982048515158695, 19.979624239268997 ], [ -100.981839747240514, 19.980334006365545 ], [ -100.981839747243569, 19.980334006404252 ], [ -100.981839747163519, 19.980334006676401 ], [ -100.981886759089747, 19.98093026512845 ], [ -100.981933771582263, 19.981526523500303 ], [ -100.982199162076512, 19.982295662879423 ], [ -100.981976429841907, 19.982734298450836 ], [ -100.981698347747582, 19.983061535269151 ], [ -100.981698347706043, 19.983061535538024 ], [ -100.981698347670601, 19.983061535579733 ], [ -100.981543536846019, 19.984063850425276 ], [ -100.981547337645338, 19.984883469030365 ], [ -100.981205317314547, 19.985420757269338 ], [ -100.980886752396927, 19.986267601188068 ], [ -100.980886752361229, 19.986267601389024 ], [ -100.980886752320174, 19.986267601498206 ], [ -100.98079626570177, 19.986777217847784 ], [ -100.98072608396005, 19.987172476404552 ], [ -100.980683886204432, 19.987681860176394 ], [ -100.980675776236993, 19.987779758248525 ], [ -100.980558829628407, 19.988138237702106 ], [ -100.980418119760557, 19.988569557357422 ], [ -100.980108149397324, 19.989039778620459 ], [ -100.979052012327685, 19.989516412971067 ], [ -100.97905201233111, 19.989516413244701 ], [ -100.979052012251429, 19.989516413280658 ], [ -100.979058052046682, 19.989999777170389 ], [ -100.979317870186421, 19.990593774541395 ], [ -100.979583936459647, 19.991156514570871 ], [ -100.980323716632199, 19.991916200811819 ], [ -100.980800324265331, 19.992626711642746 ], [ -100.981208127474531, 19.993146486503115 ], [ -100.981438465490896, 19.993411095106502 ], [ -100.981765652765063, 19.993848136266958 ], [ -100.982153709423699, 19.994239513480139 ], [ -100.982614725429698, 19.994665571404017 ], [ -100.98314874949682, 19.99509198503721 ], [ -100.983609864629898, 19.995472153331139 ], [ -100.98398551063589, 19.995978107546783 ], [ -100.984385289288298, 19.996541508499398 ], [ -100.982848716119648, 19.998013683685773 ], [ -100.982848716184577, 19.998013683857963 ], [ -100.98284871604227, 19.998013683994284 ], [ -100.983078116713585, 19.998622170416112 ], [ -100.982869337368186, 19.999354881485868 ], [ -100.982649700454758, 19.999617568375825 ], [ -100.982137559420423, 20.000085316000117 ], [ -100.981637931874744, 20.000392684312036 ], [ -100.98163793183538, 20.000392684597003 ], [ -100.981637931797692, 20.000392684620184 ], [ -100.981563546752923, 20.000931135848223 ], [ -100.980991240363949, 20.00113498919459 ], [ -100.980468193128914, 20.001144270078633 ], [ -100.980382238312956, 20.001453332655455 ], [ -100.980382238320047, 20.001453332662177 ], [ -100.98038223823626, 20.001453332963422 ], [ -100.980891770563233, 20.001936930988435 ], [ -100.981462130294148, 20.00238642630881 ], [ -100.982178510475094, 20.002836543684641 ], [ -100.983180371656772, 20.007204596859516 ], [ -100.98227940431876, 20.007498758292293 ], [ -100.9812326028337, 20.007769436426603 ], [ -100.980505760514305, 20.007989801702003 ], [ -100.979443072465003, 20.008311982932991 ], [ -100.977884030149852, 20.009038912674821 ], [ -100.976616877290965, 20.00980150223004 ], [ -100.97536213735161, 20.010449502002597 ], [ -100.974144180814832, 20.011005854161986 ], [ -100.972841017144219, 20.011596297596089 ], [ -100.972372883671383, 20.012147977239152 ], [ -100.971787743944077, 20.012423512113408 ], [ -100.971068966748859, 20.013244882052202 ], [ -100.96982820954851, 20.012500439265697 ], [ -100.968104821229943, 20.011722764746288 ], [ -100.967530361953436, 20.01146353584495 ], [ -100.967003913451251, 20.011431050444124 ], [ -100.966359118545057, 20.011317813352814 ], [ -100.965828851947151, 20.011078519629958 ], [ -100.964872163345717, 20.009894819577912 ], [ -100.963671935683067, 20.008177359438491 ], [ -100.96291262746405, 20.008190161285597 ], [ -100.962270135558924, 20.00820099108121 ], [ -100.961275668077121, 20.008135001286046 ], [ -100.960218981810343, 20.007863183994353 ], [ -100.959802503280628, 20.00745645836351 ], [ -100.959445196860443, 20.007090109253184 ], [ -100.959258544833418, 20.00647264230178 ], [ -100.959131063886787, 20.005895552842944 ], [ -100.958889054345619, 20.005444513148607 ], [ -100.958651616146639, 20.005241640024046 ], [ -100.958188164423731, 20.005456310429459 ], [ -100.955587215476001, 20.006989530526702 ], [ -100.955122232372233, 20.007121471134315 ], [ -100.954653445078648, 20.007046604243865 ], [ -100.954653444977993, 20.007046604468158 ], [ -100.954381386368993, 20.006318479940315 ], [ -100.954284742401427, 20.006059824735207 ], [ -100.953923649050608, 20.005486656624132 ], [ -100.953916044899671, 20.005073043662936 ], [ -100.953852314657212, 20.004784496128984 ], [ -100.953903878551444, 20.0044112628796 ], [ -100.954340717567433, 20.002748958167459 ], [ -100.954553810857519, 20.001628276510978 ], [ -100.954477154027444, 20.000636586948723 ], [ -100.954638568711133, 20.000416926426752 ], [ -100.954799982961347, 20.00019726579 ], [ -100.954603280493558, 19.998709474196026 ], [ -100.953541962196013, 19.998102059858258 ], [ -100.952654877221178, 19.997409621682078 ], [ -100.951945569147384, 19.9968805013362 ], [ -100.951582944075923, 19.996057177046996 ], [ -100.95109512072969, 19.994655883906045 ], [ -100.950084639041933, 19.993509631485015 ], [ -100.950009649352083, 19.992351459063144 ], [ -100.949582680433736, 19.991114974080606 ], [ -100.949219493432167, 19.990250252385504 ], [ -100.949093124399653, 19.989589502126876 ], [ -100.949355967061251, 19.987516283466437 ], [ -100.949694963803864, 19.986684018358542 ], [ -100.949450487634579, 19.985941976922291 ], [ -100.949207782977396, 19.985324104766327 ], [ -100.949661346792126, 19.984324791614853 ], [ -100.95011313589427, 19.983201307847235 ], [ -100.950903310452659, 19.981204166999287 ], [ -100.95095466341651, 19.98102924364488 ], [ -100.951293670693474, 19.97987447629707 ], [ -100.952093260331097, 19.978539570776729 ], [ -100.952659581055428, 19.977249033109498 ], [ -100.952935358697616, 19.976086390022516 ], [ -100.95333277802122, 19.975253375408773 ], [ -100.953966988605259, 19.974624327929561 ], [ -100.953898488487823, 19.973921445268935 ], [ -100.954181340484098, 19.973255479750154 ], [ -100.954467734289693, 19.972837853226736 ], [ -100.95475412664527, 19.972420226348717 ], [ -100.955325134450518, 19.971460801929545 ], [ -100.955897908634569, 19.970625545722484 ], [ -100.956469494818748, 19.969707508405779 ], [ -100.957222953810856, 19.969242518861432 ], [ -100.957974633816676, 19.968653357025083 ], [ -100.958898132136582, 19.967813613094535 ], [ -100.96052015122126, 19.966757949024892 ], [ -100.960516598811296, 19.966509610476482 ], [ -100.960277441220498, 19.966140091926381 ], [ -100.959803864345702, 19.965732171783305 ], [ -100.958981322715758, 19.965452900891417 ], [ -100.957694675432862, 19.965427936775654 ], [ -100.956408027678151, 19.965402963288184 ], [ -100.955413665294657, 19.965374252380759 ], [ -100.954530902928951, 19.964971535922167 ], [ -100.954001247510888, 19.964729903748392 ], [ -100.954291170806854, 19.9645606179452 ], [ -100.954637778876403, 19.964266416601312 ], [ -100.954807834646829, 19.963891671181166 ], [ -100.955041956461358, 19.963909384332148 ], [ -100.955276078299349, 19.963927097169464 ], [ -100.955745503543582, 19.964045301685779 ], [ -100.956272204286577, 19.964079979250531 ], [ -100.95668317380634, 19.964198927076367 ], [ -100.957209283869673, 19.964192211941846 ], [ -100.957733619928234, 19.964061325729002 ], [ -100.957553520383414, 19.963732446018984 ], [ -100.958014667557578, 19.963271186712934 ], [ -100.958600413337592, 19.96334650090294 ], [ -100.959299522169829, 19.963171980565171 ], [ -100.959824444411581, 19.963082478378084 ], [ -100.960350549764058, 19.963075754244546 ], [ -100.960520590500593, 19.962701004540353 ], [ -100.961050246955807, 19.962942617025689 ], [ -100.961938934556599, 19.963759198036414 ], [ -100.962412510016208, 19.964167112595494 ], [ -100.963351369639994, 19.964403481514925 ], [ -100.964112490104185, 19.964476532102211 ], [ -100.964931474324672, 19.96450744094896 ], [ -100.965695562196345, 19.964787432829073 ], [ -100.96622641937968, 19.965111807790787 ], [ -100.966757278648501, 19.96543618096835 ], [ -100.967350753687029, 19.966049529890213 ], [ -100.967299422622077, 19.966546954544189 ], [ -100.96671781923709, 19.966761397671554 ], [ -100.96907393765828, 19.967973091481905 ], [ -100.96948076325063, 19.967802281251053 ], [ -100.969827346847381, 19.967508052090103 ], [ -100.970404190411429, 19.966962482863522 ], [ -100.970923167790048, 19.966459052366435 ], [ -100.971321064224924, 19.965667396058528 ], [ -100.971365244334592, 19.964673297395802 ], [ -100.971407045189139, 19.963513640680286 ], [ -100.971796604618689, 19.962142530988846 ], [ -100.972244018257015, 19.960729280276965 ], [ -100.972524392040924, 19.959897735100547 ], [ -100.972866192851001, 19.959272385856988 ], [ -100.973669075522281, 19.958185740970588 ], [ -100.974303732026371, 19.957598021619312 ], [ -100.974703974773576, 19.956971918069922 ], [ -100.974986117144354, 19.956264538648494 ], [ -100.975207422089696, 19.955392353069829 ], [ -100.975605273681552, 19.954600690385686 ], [ -100.976065148320984, 19.954056611529623 ], [ -100.97687751993962, 19.953632186142876 ], [ -100.977513935185527, 19.953168625751648 ], [ -100.978272020426317, 19.95303467280457 ], [ -100.978622731176301, 19.953030155658016 ], [ -100.978970459389728, 19.952818691052961 ], [ -100.979546623397781, 19.952231709093706 ], [ -100.980369121430684, 19.952510887729524 ], [ -100.981128394083726, 19.952459701644269 ], [ -100.9814516685841, 19.952579723756983 ], [ -100.981613305999986, 19.952639734576227 ], [ -100.981774943422721, 19.952699745198906 ], [ -100.98106919354413, 19.953780418599141 ] ] ] ] } },
{ "type": "Feature", "properties": { "ID": 21, "ENTIDAD": 11, "MUNICIPIO": 2, "NOMBRE": "ACAMBARO", "CONTROL": 39, "GEOMETRY1_": null, "ID_2": 1230, "ENTIDAD_2": 11, "DISTRITO_F": 14, "DISTRITO_L": 22, "MUNICIPIO_2": 19, "SECCION": 1247, "TIPO": 4, "CONTROL_2": 4184, "GEOMETRY1__2": null }, "geometry": { "type": "MultiPolygon", "coordinates": [ [ [ [ -100.58225973751658, 20.148724242408949 ], [ -100.582298684481401, 20.148165874576144 ], [ -100.582311653794079, 20.147979938055816 ], [ -100.582311653799735, 20.147979938061535 ], [ -100.58229868446746, 20.148165874862819 ], [ -100.582259737522634, 20.148724242409116 ], [ -100.58225973751658, 20.148724242408949 ] ] ], [ [ [ -100.580418618389004, 20.145720846133056 ], [ -100.580444764348243, 20.145369356832823 ], [ -100.580470910249275, 20.14501786752307 ], [ -100.580522835162142, 20.144273562628609 ], [ -100.580691810589357, 20.143528392697199 ], [ -100.581035993104564, 20.142740598657493 ], [ -100.581267525202946, 20.142449584432168 ], [ -100.581267525230686, 20.1424495846674 ], [ -100.581035993090751, 20.142740598944993 ], [ -100.580691810575559, 20.143528392984599 ], [ -100.580522835148344, 20.144273562915913 ], [ -100.580470910235476, 20.145017867810292 ], [ -100.580444764334459, 20.14536935711995 ], [ -100.580418618394063, 20.145720846166682 ], [ -100.580418618389004, 20.145720846133056 ] ] ], [ [ [ -100.580909773675089, 20.141708307632346 ], [ -100.581141671497335, 20.141458619821925 ], [ -100.582477088970649, 20.140250204132904 ], [ -100.582477089034356, 20.140250204350515 ], [ -100.581141671483493, 20.141458620109603 ], [ -100.58090977386702, 20.141708307698487 ], [ -100.580909773675089, 20.141708307632346 ] ] ], [ [ [ -100.582235651291171, 20.139425411351642 ], [ -100.583229453638651, 20.139294070139634 ], [ -100.583229453641195, 20.139294070425404 ], [ -100.582235651371803, 20.139425411627087 ], [ -100.582235651291171, 20.139425411351642 ] ] ], [ [ [ -100.583209252824446, 20.137021127937238 ], [ -100.584085258323938, 20.136807996844503 ], [ -100.584299135812671, 20.134533321419919 ], [ -100.584299135825773, 20.13453332141982 ], [ -100.584085258309898, 20.136807997132813 ], [ -100.583209252826961, 20.137021128221534 ], [ -100.583209252824446, 20.137021127937238 ] ] ] ] } },
{ "type": "Feature", "properties": { "ID": 21, "ENTIDAD": 11, "MUNICIPIO": 2, "NOMBRE": "ACAMBARO", "CONTROL": 39, "GEOMETRY1_": null, "ID_2": 1215, "ENTIDAD_2": 11, "DISTRITO_F": 14, "DISTRITO_L": 22, "MUNICIPIO_2": 19, "SECCION": 1232, "TIPO": 4, "CONTROL_2": 4193, "GEOMETRY1__2": null }, "geometry": { "type": "MultiPolygon", "coordinates": [ [ [ [ -100.685311579250367, 20.19666036329674 ], [ -100.685762101100522, 20.195619003951567 ], [ -100.686158997430411, 20.194868110970042 ], [ -100.686158997539806, 20.19486811099917 ], [ -100.685762101077259, 20.195619004231645 ], [ -100.68531157933262, 20.196660363332839 ], [ -100.685311579250367, 20.19666036329674 ] ] ], [ [ [ -100.685324884112916, 20.193970613065474 ], [ -100.685490613098523, 20.193388781468066 ], [ -100.685490613123179, 20.193388781580346 ], [ -100.685324884093944, 20.193970613330897 ], [ -100.685324884112916, 20.193970613065474 ] ] ], [ [ [ -100.647346164690859, 20.199063644082727 ], [ -100.647869976913185, 20.198728941278876 ], [ -100.648215840458789, 20.198147658501092 ], [ -100.64832752710879, 20.197568200912038 ], [ -100.648733087666457, 20.197110434827923 ], [ -100.649074313401812, 20.196033255266908 ], [ -100.649074313382442, 20.196033255546165 ], [ -100.648733087646917, 20.197110435107785 ], [ -100.648327527089279, 20.197568201191807 ], [ -100.648215840439292, 20.198147658780769 ], [ -100.647869976893702, 20.198728941558556 ], [ -100.647346164693332, 20.19906364434831 ], [ -100.647346164690859, 20.199063644082727 ] ] ], [ [ [ -100.649177505138198, 20.194544655573686 ], [ -100.649344255211545, 20.193592819511537 ], [ -100.649344255229508, 20.193592819577503 ], [ -100.649177505118871, 20.194544655852503 ], [ -100.649177505138198, 20.194544655573686 ] ] ], [ [ [ -100.646025452296556, 20.195561075978542 ], [ -100.646025452256026, 20.195561076017349 ], [ -100.64595997752906, 20.194817687396657 ], [ -100.645959977558519, 20.194817687232259 ], [ -100.646025452296556, 20.195561075978542 ] ] ] ] } },
{ "type": "Feature", "properties": { "ID": 21, "ENTIDAD": 11, "MUNICIPIO": 2, "NOMBRE": "ACAMBARO", "CONTROL": 39, "GEOMETRY1_": null, "ID_2": 1221, "ENTIDAD_2": 11, "DISTRITO_F": 14, "DISTRITO_L": 22, "MUNICIPIO_2": 19, "SECCION": 1238, "TIPO": 4, "CONTROL_2": 4152, "GEOMETRY1__2": null }, "geometry": { "type": "MultiPolygon", "coordinates": [ [ [ [ -100.635982433701912, 20.19849056363357 ], [ -100.636036291741249, 20.197983881545603 ], [ -100.63609014952786, 20.197477199720034 ], [ -100.636090149539555, 20.197477199716911 ], [ -100.63603629172286, 20.197983881825273 ], [ -100.635982433711135, 20.198490563653575 ], [ -100.635982433701912, 20.19849056363357 ] ] ] ] } },
{ "type": "Feature", "properties": { "ID": 21, "ENTIDAD": 11, "MUNICIPIO": 2, "NOMBRE": "ACAMBARO", "CONTROL": 39, "GEOMETRY1_": null, "ID_2": 1222, "ENTIDAD_2": 11, "DISTRITO_F": 14, "DISTRITO_L": 22, "MUNICIPIO_2": 19, "SECCION": 1239, "TIPO": 4, "CONTROL_2": 6172, "GEOMETRY1__2": null }, "geometry": { "type": "MultiPolygon", "coordinates": [ [ [ [ -100.63609014955793, 20.197477199437149 ], [ -100.6361978644956, 20.196463835419671 ], [ -100.636197864504908, 20.196463835438923 ], [ -100.636090149539555, 20.197477199716911 ], [ -100.63609014952786, 20.197477199720034 ], [ -100.63609014955793, 20.197477199437149 ] ] ] ] } },
{ "type": "Feature", "properties": { "ID": 21, "ENTIDAD": 11, "MUNICIPIO": 2, "NOMBRE": "ACAMBARO", "CONTROL": 39, "GEOMETRY1_": null, "ID_2": 1225, "ENTIDAD_2": 11, "DISTRITO_F": 14, "DISTRITO_L": 22, "MUNICIPIO_2": 19, "SECCION": 1242, "TIPO": 4, "CONTROL_2": 4155, "GEOMETRY1__2": null }, "geometry": { "type": "MultiPolygon", "coordinates": [ [ [ [ -100.635365638021511, 20.195106443938435 ], [ -100.635884112077036, 20.194193227255656 ], [ -100.636508953643258, 20.192122007631962 ], [ -100.636946161251842, 20.191307593599436 ], [ -100.638580838533386, 20.1882624992122 ], [ -100.640919384956504, 20.18791376877514 ], [ -100.641266789346886, 20.187497798154109 ], [ -100.642374826380859, 20.187034599999034 ], [ -100.643427006432432, 20.18686112324859 ], [ -100.644301642363132, 20.186482380932212 ], [ -100.644650764831567, 20.18625236582287 ], [ -100.644999886247021, 20.186022350085391 ], [ -100.646226903443804, 20.185764842736376 ], [ -100.647626836172563, 20.185216686726154 ], [ -100.647974794383614, 20.184862691424616 ], [ -100.648322751030889, 20.184508695530205 ], [ -100.648666657755854, 20.183720789908556 ], [ -100.648666657772537, 20.183720790107387 ], [ -100.64832275101142, 20.184508695811786 ], [ -100.647974794364174, 20.184862691706194 ], [ -100.647626836153137, 20.185216687007639 ], [ -100.64622690342452, 20.185764843017854 ], [ -100.644999886227836, 20.186022350366787 ], [ -100.644650764812411, 20.186252366104174 ], [ -100.644301642344004, 20.186482381213608 ], [ -100.643427006413404, 20.186861123529802 ], [ -100.64237482636193, 20.187034600280342 ], [ -100.641266789328057, 20.18749779843532 ], [ -100.640919384937703, 20.187913769056255 ], [ -100.638580838514798, 20.188262499493234 ], [ -100.636946161233396, 20.191307593880111 ], [ -100.636508953624869, 20.192122007912449 ], [ -100.635884112058676, 20.194193227535873 ], [ -100.635365638100239, 20.19510644404755 ], [ -100.635365638021511, 20.195106443938435 ] ] ], [ [ [ -100.648600794412502, 20.182936076822926 ], [ -100.648826850114844, 20.182066433748105 ], [ -100.649346748043996, 20.181318483246152 ], [ -100.650804780627979, 20.180728524223351 ], [ -100.651916601754138, 20.180678517261974 ], [ -100.652386831613526, 20.180881482580176 ], [ -100.653200166384025, 20.180213884575529 ], [ -100.653777800073854, 20.179382815942883 ], [ -100.65406642126419, 20.178946618747712 ], [ -100.654355040905969, 20.178510421170312 ], [ -100.654520588865765, 20.177434608141514 ], [ -100.654520588880189, 20.17743460820018 ], [ -100.654355040885932, 20.178510421452803 ], [ -100.654066421244195, 20.178946619030118 ], [ -100.653777800053888, 20.179382816225189 ], [ -100.653200166364101, 20.180213884857739 ], [ -100.652386831593688, 20.180881482862304 ], [ -100.651916601734342, 20.180678517544095 ], [ -100.650804780608269, 20.180728524505572 ], [ -100.649346748024442, 20.181318483528273 ], [ -100.648826850095332, 20.182066434030045 ], [ -100.648600794425619, 20.182936076979274 ], [ -100.648600794412502, 20.182936076822926 ] ] ], [ [ [ -100.654398874157138, 20.176939628530938 ], [ -100.65468342646075, 20.176069522346264 ], [ -100.655030768384776, 20.175653528364681 ], [ -100.65513971057706, 20.174784796000154 ], [ -100.655139710590419, 20.174784796016372 ], [ -100.655030768364682, 20.17565352864753 ], [ -100.654683426440684, 20.176069522629028 ], [ -100.654398874188217, 20.176939628657333 ], [ -100.654398874157138, 20.176939628530938 ] ] ], [ [ [ -100.65256283082303, 20.168399151681726 ], [ -100.653139656675805, 20.167485437628404 ], [ -100.65313965671217, 20.167485437823292 ], [ -100.652562830888655, 20.168399151830215 ], [ -100.65256283082303, 20.168399151681726 ] ] ], [ [ [ -100.652109092519567, 20.163691334748655 ], [ -100.652554874837577, 20.162962738067314 ], [ -100.652554874913093, 20.162962738196065 ], [ -100.652109092598565, 20.163691334871693 ], [ -100.652109092519567, 20.163691334748655 ] ] ], [ [ [ -100.651913046253881, 20.161502494807163 ], [ -100.652085934854796, 20.161211851720427 ], [ -100.65254568136325, 20.160299053773915 ], [ -100.652863732937206, 20.15988329381176 ], [ -100.653181782866767, 20.159467533373963 ], [ -100.65387486135883, 20.158470255060926 ], [ -100.654453193196005, 20.157721837484932 ], [ -100.654681896050647, 20.157141462191969 ], [ -100.654681896052779, 20.157141462421233 ], [ -100.654453193176025, 20.157721837770307 ], [ -100.653874861338892, 20.158470255346135 ], [ -100.653181782846872, 20.159467533659072 ], [ -100.652863732917368, 20.159883294096872 ], [ -100.652545681343426, 20.160299054058928 ], [ -100.652085934835029, 20.161211852005259 ], [ -100.651913046256198, 20.16150249505489 ], [ -100.651913046253881, 20.161502494807163 ] ] ], [ [ [ -100.630106289852989, 20.158034405982331 ], [ -100.630289480529299, 20.158859561631715 ], [ -100.630765323367172, 20.159682469283553 ], [ -100.631356329702612, 20.160297849935141 ], [ -100.632298142380677, 20.160869202799589 ], [ -100.63376864224962, 20.161643120881994 ], [ -100.634240318377167, 20.162011441097309 ], [ -100.634240318347224, 20.162011441372901 ], [ -100.63376864223153, 20.161643121166808 ], [ -100.632298142362714, 20.160869203084587 ], [ -100.631356329684721, 20.160297850220132 ], [ -100.630765323349337, 20.159682469568637 ], [ -100.630289480511493, 20.158859561916895 ], [ -100.630106289835226, 20.158034406267696 ], [ -100.630097928542426, 20.157125252072714 ], [ -100.630097928562421, 20.157125252029367 ], [ -100.630106289852989, 20.158034405982331 ] ] ], [ [ [ -100.614863531153901, 20.161828981191032 ], [ -100.615334038569202, 20.162073378697585 ], [ -100.61609758077681, 20.162356876741043 ], [ -100.61668364789206, 20.162435079050535 ], [ -100.616743685913747, 20.162599935837743 ], [ -100.616743685800998, 20.162599935858541 ], [ -100.616683647875448, 20.162435079335257 ], [ -100.616097580760254, 20.162356877025758 ], [ -100.615334038552689, 20.162073378982388 ], [ -100.614863531137431, 20.161828981475836 ], [ -100.614626021498722, 20.161458829297995 ], [ -100.614626021536083, 20.161458829045731 ], [ -100.614863531153901, 20.161828981191032 ] ] ] ] } },
{ "type": "Feature", "properties": { "ID": 21, "ENTIDAD": 11, "MUNICIPIO": 2, "NOMBRE": "ACAMBARO", "CONTROL": 39, "GEOMETRY1_": null, "ID_2": 1226, "ENTIDAD_2": 11, "DISTRITO_F": 14, "DISTRITO_L": 22, "MUNICIPIO_2": 19, "SECCION": 1243, "TIPO": 4, "CONTROL_2": 6173, "GEOMETRY1__2": null }, "geometry": { "type": "MultiPolygon", "coordinates": [ [ [ [ -100.601440801247705, 20.166311192270566 ], [ -100.60166486989246, 20.16519363758276 ], [ -100.601664869880267, 20.16519363785088 ], [ -100.601440801282905, 20.166311192302345 ], [ -100.601440801247705, 20.166311192270566 ] ] ], [ [ [ -100.601475109525353, 20.163624579602267 ], [ -100.601643252403349, 20.162796745212084 ], [ -100.601643252439615, 20.162796745242311 ], [ -100.601475109555196, 20.163624579664056 ], [ -100.601475109525353, 20.163624579602267 ] ] ], [ [ [ -100.598380865299049, 20.158027118886373 ], [ -100.598495695355496, 20.157778286409698 ], [ -100.598495695357713, 20.157778286657344 ], [ -100.598380865301266, 20.158027119134058 ], [ -100.598380865299049, 20.158027118886373 ] ] ] ] } },
{ "type": "Feature", "properties": { "ID": 21, "ENTIDAD": 11, "MUNICIPIO": 2, "NOMBRE": "ACAMBARO", "CONTROL": 39, "GEOMETRY1_": null, "ID_2": 1227, "ENTIDAD_2": 11, "DISTRITO_F": 14, "DISTRITO_L": 22, "MUNICIPIO_2": 19, "SECCION": 1244, "TIPO": 4, "CONTROL_2": 6174, "GEOMETRY1__2": null }, "geometry": { "type": "MultiPolygon", "coordinates": [ [ [ [ -100.588801644483922, 20.15375914534232 ], [ -100.589034283645304, 20.153592099180401 ], [ -100.589266922301604, 20.153425052741252 ], [ -100.589499560452879, 20.153258006024881 ], [ -100.589789618739786, 20.152966545194928 ], [ -100.591870757849392, 20.150058025621643 ], [ -100.591870757908779, 20.150058025804686 ], [ -100.589789618725277, 20.152966545480989 ], [ -100.589499560438426, 20.153258006310939 ], [ -100.589266922287152, 20.153425053027217 ], [ -100.589034283630838, 20.153592099466362 ], [ -100.588801644501785, 20.153759145605108 ], [ -100.588801644483922, 20.15375914534232 ] ] ] ] } },
{ "type": "Feature", "properties": { "ID": 21, "ENTIDAD": 11, "MUNICIPIO": 2, "NOMBRE": "ACAMBARO", "CONTROL": 39, "GEOMETRY1_": null, "ID_2": 1233, "ENTIDAD_2": 11, "DISTRITO_F": 14, "DISTRITO_L": 22, "MUNICIPIO_2": 19, "SECCION": 1250, "TIPO": 4, "CONTROL_2": 4158, "GEOMETRY1__2": null }, "geometry": { "type": "MultiPolygon", "coordinates": [ [ [ [ -100.57678748232243, 20.13223304561415 ], [ -100.577021567394397, 20.13223132170581 ], [ -100.577255652437842, 20.132229597486706 ], [ -100.57784159640903, 20.132307938290186 ], [ -100.57854568118168, 20.132509393114713 ], [ -100.579543839261873, 20.132873991195353 ], [ -100.580365704123665, 20.133157227234371 ], [ -100.581070161878969, 20.133399997764538 ], [ -100.581714632806154, 20.133477892852291 ], [ -100.582240226326533, 20.133350019830672 ], [ -100.582240226329063, 20.133350020115522 ], [ -100.581714632792298, 20.133477893141052 ], [ -100.581070161865171, 20.133399998053292 ], [ -100.580365704109909, 20.13315722752322 ], [ -100.579543839248174, 20.132873991484196 ], [ -100.578545681168066, 20.132509393403648 ], [ -100.577841596395444, 20.132307938579125 ], [ -100.577255652424313, 20.132229597775645 ], [ -100.577021567380868, 20.132231321994745 ], [ -100.576787482608779, 20.132233045900875 ], [ -100.57678748232243, 20.13223304561415 ] ] ], [ [ [ -100.579872625605304, 20.130350494216021 ], [ -100.579927849875332, 20.129978125373682 ], [ -100.580043425481264, 20.129811956192828 ], [ -100.580334561487561, 20.129644490882303 ], [ -100.585606521372924, 20.130184094581267 ], [ -100.58607431556743, 20.130139297233555 ], [ -100.586541005459381, 20.129970520079144 ], [ -100.586890286032869, 20.129761284067797 ], [ -100.587181413799584, 20.129593807937479 ], [ -100.58741291640581, 20.129302787231406 ], [ -100.589513983764533, 20.127334668649379 ], [ -100.590161251959785, 20.126728343144496 ], [ -100.591438837118076, 20.125531551278186 ], [ -100.593064366340101, 20.124008780925674 ], [ -100.593064366436806, 20.124008781111439 ], [ -100.591438837103539, 20.125531551568123 ], [ -100.590161251945318, 20.126728343434259 ], [ -100.589513983750109, 20.127334668939049 ], [ -100.587412916391557, 20.129302787520707 ], [ -100.587181413785331, 20.12959380822678 ], [ -100.586890286018644, 20.129761284357102 ], [ -100.586541005445184, 20.129970520368349 ], [ -100.586074315553276, 20.13013929752276 ], [ -100.585606521358784, 20.130184094870476 ], [ -100.580334561473819, 20.1296444911716 ], [ -100.580043425467537, 20.129811956482122 ], [ -100.579927849861619, 20.129978125662987 ], [ -100.579872625628212, 20.130350494258302 ], [ -100.579872625605304, 20.130350494216021 ] ] ], [ [ [ -100.585592653091311, 20.109657018126999 ], [ -100.587230028682185, 20.10635447287336 ], [ -100.592898950431149, 20.102489511090692 ], [ -100.596363046582837, 20.100880052723998 ], [ -100.602072229315965, 20.0999326098475 ], [ -100.602358828755342, 20.099269200678943 ], [ -100.604469590449398, 20.099749310418634 ], [ -100.60505393016912, 20.099662264443953 ], [ -100.605053930196604, 20.099662264731105 ], [ -100.604469590433894, 20.099749310712106 ], [ -100.602358828740009, 20.099269200972497 ], [ -100.602072229300646, 20.099932610140968 ], [ -100.596363046567959, 20.100880053017377 ], [ -100.592898950416526, 20.102489511383798 ], [ -100.587230028667989, 20.106354473165919 ], [ -100.585592653158272, 20.109657018255639 ], [ -100.585592653091311, 20.109657018126999 ] ] ], [ [ [ -100.604472677994877, 20.093591298296314 ], [ -100.605108432617854, 20.092718620523758 ], [ -100.605243353854902, 20.09278951107969 ], [ -100.605733697784373, 20.093047147001258 ], [ -100.608204720882227, 20.09434543423205 ], [ -100.608753318954882, 20.094633662383753 ], [ -100.609298925709965, 20.094929470792682 ], [ -100.610612944578421, 20.095641872771964 ], [ -100.613339641666443, 20.097120111690849 ], [ -100.613807699137837, 20.097116573616795 ], [ -100.613977229589864, 20.096454033703662 ], [ -100.614146758755183, 20.095791493919183 ], [ -100.614146758800658, 20.09579149397182 ], [ -100.613977229573607, 20.096454033997592 ], [ -100.613807699121594, 20.097116573910721 ], [ -100.613339641650242, 20.097120111984687 ], [ -100.610612944562462, 20.095641873066072 ], [ -100.609298925694105, 20.094929471086878 ], [ -100.608753318939065, 20.094633662678035 ], [ -100.608204720866439, 20.094345434526328 ], [ -100.60573369776877, 20.093047147295721 ], [ -100.605243353839356, 20.092789511374253 ], [ -100.605108432602336, 20.092718620818225 ], [ -100.604472678017999, 20.093591298537795 ], [ -100.604472677994877, 20.093591298296314 ] ] ], [ [ [ -100.613969366711601, 20.095586191805452 ], [ -100.614082635540527, 20.095172049009633 ], [ -100.614429554481887, 20.094714810585351 ], [ -100.614717590791898, 20.094216688371823 ], [ -100.61477422391448, 20.094009616810645 ], [ -100.614887864306212, 20.09363679968925 ], [ -100.614887864363425, 20.093636799742246 ], [ -100.614774223898166, 20.094009617105023 ], [ -100.614717590775598, 20.094216688666112 ], [ -100.614429554465602, 20.094714810879552 ], [ -100.614082635524241, 20.095172049303745 ], [ -100.613969366760358, 20.095586191861866 ], [ -100.613969366711601, 20.095586191805452 ] ] ], [ [ [ -100.614708601233914, 20.093224869160245 ], [ -100.614882245344148, 20.09301691248756 ], [ -100.614882245346621, 20.093016912759545 ], [ -100.614708601236387, 20.09322486943223 ], [ -100.614708601233914, 20.093224869160245 ] ] ], [ [ [ -100.614758117606968, 20.092232607315715 ], [ -100.614870258902954, 20.091694486751276 ], [ -100.615217917837256, 20.091319898892174 ], [ -100.615452312462921, 20.091359453907945 ], [ -100.615564450960605, 20.090821333056965 ], [ -100.61567658882808, 20.090283212155956 ], [ -100.615901237447446, 20.089248296001095 ], [ -100.616248513963058, 20.08883238075877 ], [ -100.616593913995203, 20.088209836001752 ], [ -100.61705631852891, 20.087586404412203 ], [ -100.617461341599537, 20.087087392447515 ], [ -100.617692353436581, 20.086755012948732 ], [ -100.617865986923789, 20.08654705393268 ], [ -100.618215129115811, 20.086337764292235 ], [ -100.618445762939672, 20.085964058203704 ], [ -100.618959522332744, 20.084554989606374 ], [ -100.618959522363568, 20.084554989771839 ], [ -100.618445762923074, 20.08596405849908 ], [ -100.618215129099212, 20.086337764587693 ], [ -100.617865986907219, 20.086547054228056 ], [ -100.617692353420026, 20.086755013244016 ], [ -100.617461341583009, 20.087087392742809 ], [ -100.617056318512425, 20.087586404707494 ], [ -100.616593913978733, 20.088209836296855 ], [ -100.616248513946616, 20.088832381053873 ], [ -100.615901237431061, 20.089248296296116 ], [ -100.615676588811681, 20.090283212450785 ], [ -100.61556445094422, 20.090821333351702 ], [ -100.61545231244655, 20.091359454202589 ], [ -100.615217917820914, 20.091319899186917 ], [ -100.614870258886626, 20.091694487045924 ], [ -100.614758117634409, 20.092232607400295 ], [ -100.614758117606968, 20.092232607315715 ] ] ], [ [ [ -100.618229350217078, 20.08146087932932 ], [ -100.618516977751554, 20.080921426907437 ], [ -100.61886197819409, 20.080257553208053 ], [ -100.619380224639201, 20.079344393227686 ], [ -100.619727096081817, 20.078887147060655 ], [ -100.620130211800841, 20.078181501804949 ], [ -100.620766947061227, 20.077432753659121 ], [ -100.621580302430559, 20.076806647713312 ], [ -100.62227477217256, 20.075974799029677 ], [ -100.622739378444635, 20.075599310096173 ], [ -100.62320097153318, 20.07489321435116 ], [ -100.623722188478581, 20.074310649732681 ], [ -100.623835043699799, 20.073855176833625 ], [ -100.624067907015203, 20.073729419307867 ], [ -100.624358891455032, 20.073561890577604 ], [ -100.624470237778908, 20.072941114827756 ], [ -100.624470237802541, 20.072941114897986 ], [ -100.624358891437964, 20.073561890874785 ], [ -100.624067906998164, 20.073729419605055 ], [ -100.62383504368276, 20.073855177130817 ], [ -100.623722188461556, 20.07431065002978 ], [ -100.623200971516198, 20.074893214648167 ], [ -100.622739378427696, 20.075599310393088 ], [ -100.622274772155635, 20.075974799326506 ], [ -100.621580302413705, 20.07680664800996 ], [ -100.620766947044444, 20.077432753955765 ], [ -100.620130211784087, 20.078181502101412 ], [ -100.619727096065134, 20.078887147357026 ], [ -100.619380224622518, 20.079344393524064 ], [ -100.618861978177478, 20.080257553504332 ], [ -100.618516977734942, 20.080921427203542 ], [ -100.618229350219451, 20.081460879589887 ], [ -100.618229350217078, 20.08146087932932 ] ] ], [ [ [ -100.603443539630405, 20.076736848792773 ], [ -100.604037452017238, 20.077724290179763 ], [ -100.604395512143427, 20.078506853722054 ], [ -100.604867604452451, 20.078957929891249 ], [ -100.605457816597394, 20.079532104549322 ], [ -100.606048405039544, 20.080147602942017 ], [ -100.606459773151144, 20.080351157273533 ], [ -100.607751267542668, 20.08083739614192 ], [ -100.608043401514166, 20.08079387032554 ], [ -100.608395527012362, 20.080915207870454 ], [ -100.608747653006205, 20.081036544674106 ], [ -100.608747652541709, 20.081036544815589 ], [ -100.608395526996588, 20.080915208166644 ], [ -100.608043401498392, 20.080793870621722 ], [ -100.607751267526936, 20.08083739643801 ], [ -100.606459773135526, 20.080351157569801 ], [ -100.606048405023955, 20.080147603238284 ], [ -100.605457816581861, 20.079532104845686 ], [ -100.604867604436976, 20.078957930187705 ], [ -100.604395512127965, 20.078506854018499 ], [ -100.604037452001805, 20.07772429047639 ], [ -100.603443539615029, 20.076736849089585 ], [ -100.603260616463473, 20.075911641927167 ], [ -100.603260616503349, 20.075911641740987 ], [ -100.603443539630405, 20.076736848792773 ] ] ], [ [ [ -100.599806956748239, 20.08874944980073 ], [ -100.599806956730546, 20.088749449807132 ], [ -100.599804362953307, 20.08846016723146 ], [ -100.599804362970303, 20.088460167143467 ], [ -100.599806956748239, 20.08874944980073 ] ] ], [ [ [ -100.580276597625868, 20.090051630943954 ], [ -100.580387761037713, 20.089389544757047 ], [ -100.580499654680622, 20.088810111527078 ], [ -100.580671514524028, 20.088395553143854 ], [ -100.580726364086047, 20.087981857155452 ], [ -100.580726364098481, 20.08798185725346 ], [ -100.580671514510314, 20.088395553438932 ], [ -100.580499654666951, 20.088810111822077 ], [ -100.580387761024056, 20.089389545051947 ], [ -100.580276597645849, 20.090051631038381 ], [ -100.580276597625868, 20.090051630943954 ] ] ], [ [ [ -100.580663473383254, 20.087486370000754 ], [ -100.580837524807009, 20.087319770564253 ], [ -100.58124595907482, 20.087192772457659 ], [ -100.581711433928888, 20.086900036050423 ], [ -100.581884020376847, 20.086568129733887 ], [ -100.581938500649116, 20.086113107096192 ], [ -100.581938500664037, 20.086113107152098 ], [ -100.581884020363091, 20.086568130029239 ], [ -100.581711433915117, 20.086900036345686 ], [ -100.581245959061107, 20.087192772752918 ], [ -100.58083752479331, 20.087319770859523 ], [ -100.5806634734152, 20.08748637025235 ], [ -100.580663473383254, 20.087486370000754 ] ] ], [ [ [ -100.581223291239581, 20.084630529162087 ], [ -100.581279235557503, 20.084340812355737 ], [ -100.58151142069282, 20.08413245472747 ], [ -100.581625501834765, 20.083800980074109 ], [ -100.581625501836967, 20.08380098032347 ], [ -100.581511420679064, 20.084132455023177 ], [ -100.581279235543789, 20.084340812651362 ], [ -100.581223291265715, 20.084630529251399 ], [ -100.581223291239581, 20.084630529162087 ] ] ], [ [ [ -100.581622210897152, 20.083429041457705 ], [ -100.581736657098901, 20.083138893218763 ], [ -100.581909239969235, 20.082806987022721 ], [ -100.582082187909236, 20.082516407198813 ], [ -100.582549477257899, 20.08243030195019 ], [ -100.58319263970975, 20.082384226612717 ], [ -100.583952806666915, 20.082337284855292 ], [ -100.584595601533337, 20.08224987800169 ], [ -100.585178793405518, 20.082038922002656 ], [ -100.585410969778181, 20.081830559818151 ], [ -100.585410969819193, 20.081830560064752 ], [ -100.58517879339152, 20.08203892229864 ], [ -100.584595601519368, 20.082249878297585 ], [ -100.583952806653016, 20.082337285151276 ], [ -100.583192639695866, 20.082384226908708 ], [ -100.582549477244086, 20.082430302246085 ], [ -100.582082187895438, 20.082516407494801 ], [ -100.581909239955465, 20.082806987318609 ], [ -100.581736657085159, 20.083138893514569 ], [ -100.581622210899411, 20.083429041712847 ], [ -100.581622210897152, 20.083429041457705 ] ] ], [ [ [ -100.584753886624412, 20.080306237609381 ], [ -100.584868691504468, 20.080057414243434 ], [ -100.58533927060779, 20.080343240243817 ], [ -100.58581131814185, 20.080794370619589 ], [ -100.58645667330336, 20.080996242453534 ], [ -100.586926890900259, 20.081240737393177 ], [ -100.587630383959663, 20.08140084526266 ], [ -100.588152127424948, 20.080859702038893 ], [ -100.588152127427421, 20.080859702317753 ], [ -100.587630383945495, 20.081400845558747 ], [ -100.586926890886119, 20.081240737689249 ], [ -100.586456673289263, 20.080996242749698 ], [ -100.58581131812781, 20.080794370915765 ], [ -100.585339270593806, 20.080343240540078 ], [ -100.584868691490485, 20.080057414539699 ], [ -100.584753886626729, 20.080306237870282 ], [ -100.584753886624412, 20.080306237609381 ] ] ], [ [ [ -100.588144046826159, 20.079950521360981 ], [ -100.588318816722989, 20.079866568292395 ], [ -100.58867092790328, 20.079987946373361 ], [ -100.589137469840423, 20.079819171654449 ], [ -100.589366696796404, 20.07928019374684 ], [ -100.589480023069385, 20.078866062400145 ], [ -100.589655158655162, 20.078823434499835 ], [ -100.590182035960098, 20.078860855237203 ], [ -100.590647836896068, 20.078609424134964 ], [ -100.590995162577997, 20.078193555155206 ], [ -100.591283985828113, 20.077778119991375 ], [ -100.591573911999333, 20.077486663458252 ], [ -100.591982310840024, 20.077359642678953 ], [ -100.592218154159426, 20.077564535737061 ], [ -100.59298603111489, 20.078385409333681 ], [ -100.593576569383515, 20.079000953141602 ], [ -100.593757972381098, 20.079660868128549 ], [ -100.593819423832798, 20.079991043137902 ], [ -100.594112668427883, 20.080071519051444 ], [ -100.594404806486892, 20.080028015644281 ], [ -100.594695468324986, 20.079819206700687 ], [ -100.59486875791481, 20.079569942336384 ], [ -100.595042416057581, 20.079362004094204 ], [ -100.595275313064263, 20.079236282491973 ], [ -100.595508948087797, 20.079193213112585 ], [ -100.595801453254722, 20.079191033774521 ], [ -100.596211329800354, 20.079229308126862 ], [ -100.596735621874302, 20.078977425493857 ], [ -100.597027017684169, 20.078851265479226 ], [ -100.597898243627014, 20.078142173080561 ], [ -100.597898243645318, 20.078142173350017 ], [ -100.597027017669291, 20.078851265775672 ], [ -100.596735621859438, 20.078977425790299 ], [ -100.596211329785532, 20.079229308423312 ], [ -100.595801453239929, 20.079191034070966 ], [ -100.595508948073032, 20.079193213408942 ], [ -100.595275313049527, 20.079236282788422 ], [ -100.595042416042858, 20.079362004390557 ], [ -100.594868757900088, 20.079569942632737 ], [ -100.594695468310277, 20.079819206996948 ], [ -100.594404806472212, 20.080028015940545 ], [ -100.594112668413231, 20.080071519347701 ], [ -100.593819423818161, 20.079991043434166 ], [ -100.593757972366447, 20.079660868424906 ], [ -100.593576569368906, 20.079000953438044 ], [ -100.592986031100324, 20.078385409630123 ], [ -100.592218154144931, 20.077564536033687 ], [ -100.591982310825529, 20.07735964297558 ], [ -100.591573911984867, 20.077486663754872 ], [ -100.591283985813646, 20.077778120287991 ], [ -100.590995162563573, 20.078193555451737 ], [ -100.590647836881658, 20.078609424431498 ], [ -100.59018203594573, 20.078860855533648 ], [ -100.589655158640824, 20.078823434796274 ], [ -100.58948002305506, 20.078866062696591 ], [ -100.589366696782108, 20.079280194043285 ], [ -100.589137469826142, 20.079819171950803 ], [ -100.588670927889041, 20.079987946669618 ], [ -100.58831881670875, 20.079866568588745 ], [ -100.588144046828717, 20.079950521649184 ], [ -100.588144046826159, 20.079950521360981 ] ] ], [ [ [ -100.597061496137826, 20.076164624225179 ], [ -100.597292169213944, 20.07579094295 ], [ -100.597522841240732, 20.075417261432609 ], [ -100.597577644251558, 20.075003562728735 ], [ -100.597801660058565, 20.073886008786229 ], [ -100.598029000786028, 20.073140390726966 ], [ -100.598142670367594, 20.072767581843262 ], [ -100.598142670420799, 20.072767581917102 ], [ -100.598029000771078, 20.073140391024232 ], [ -100.597801660043643, 20.073886009083402 ], [ -100.597577644236651, 20.075003563025724 ], [ -100.597522841225825, 20.075417261729502 ], [ -100.597292169199022, 20.075790943246812 ], [ -100.597061496180771, 20.076164624428294 ], [ -100.597061496137826, 20.076164624225179 ] ] ], [ [ [ -100.597964956481732, 20.072520933713619 ], [ -100.598078625951104, 20.072148124642645 ], [ -100.5981334269744, 20.071734426048991 ], [ -100.598133426992973, 20.071734426093197 ], [ -100.598078625936168, 20.07214812494 ], [ -100.597964956534923, 20.072520933787473 ], [ -100.597964956481732, 20.072520933713619 ] ] ], [ [ [ -100.596345619743317, 20.068069473237063 ], [ -100.596577761117928, 20.067861098398271 ], [ -100.597162729073133, 20.067856738554845 ], [ -100.598093872343298, 20.067312517457754 ], [ -100.59815015111954, 20.067064123609487 ], [ -100.598150151121544, 20.06706412383291 ], [ -100.598093872328363, 20.06731251775582 ], [ -100.597162729058269, 20.067856738852825 ], [ -100.596577761103106, 20.067861098696262 ], [ -100.596345619883806, 20.068069473395667 ], [ -100.596345619743317, 20.068069473237063 ] ] ], [ [ [ -100.598141280445617, 20.066072293312256 ], [ -100.598310854527526, 20.065409763988701 ], [ -100.598423780001596, 20.064954302358203 ], [ -100.598423780003657, 20.064954302588013 ], [ -100.598310854512562, 20.065409764287047 ], [ -100.598141280447692, 20.06607229354406 ], [ -100.598141280445617, 20.066072293312256 ] ] ], [ [ [ -100.595842220319184, 20.064105633666252 ], [ -100.595956628315065, 20.063815478323431 ], [ -100.596011433728123, 20.063401779826691 ], [ -100.596011433746298, 20.063401779876667 ], [ -100.5959566283003, 20.063815478621958 ], [ -100.595842220412663, 20.064105633690264 ], [ -100.595842220319184, 20.064105633666252 ] ] ], [ [ [ -100.593838638049405, 20.062467376755439 ], [ -100.593953048871555, 20.062177222488696 ], [ -100.594184817094842, 20.061927524676229 ], [ -100.594472867931628, 20.061429433441777 ], [ -100.594527676936281, 20.061015734963362 ], [ -100.594527676937858, 20.061015735139879 ], [ -100.594472867917005, 20.06142943374066 ], [ -100.594184817080219, 20.061927524975022 ], [ -100.59395304885696, 20.062177222787486 ], [ -100.593838638130435, 20.062467376811725 ], [ -100.593838638049405, 20.062467376755439 ] ] ], [ [ [ -100.594520674864114, 20.060230534017617 ], [ -100.594575115028562, 20.059775509248098 ], [ -100.594575115040854, 20.059775509321955 ], [ -100.594520674865578, 20.060230534181926 ], [ -100.594520674864114, 20.060230534017617 ] ] ], [ [ [ -100.590998899286774, 20.058892827741285 ], [ -100.591061804011332, 20.05938831113523 ], [ -100.591061803968728, 20.059388311212025 ], [ -100.590998899272392, 20.058892828040527 ], [ -100.590938200329276, 20.05864530321206 ], [ -100.590938200388905, 20.05864530309734 ], [ -100.590998899286774, 20.058892827741285 ] ] ], [ [ [ -100.583875462559249, 20.060392039380481 ], [ -100.583995377513048, 20.060721788897215 ], [ -100.583995377482694, 20.060721789150815 ], [ -100.583875462545393, 20.060392039679542 ], [ -100.583870708043349, 20.059854794233711 ], [ -100.583870708059521, 20.059854794194706 ], [ -100.583875462559249, 20.060392039380481 ] ] ], [ [ [ -100.583561065805924, 20.064527284847532 ], [ -100.583561065789823, 20.064527284888793 ], [ -100.583544973914442, 20.06270891638221 ], [ -100.583544973930387, 20.062708916320933 ], [ -100.583561065805924, 20.064527284847532 ] ] ], [ [ [ -100.582707021791535, 20.067178655534974 ], [ -100.582894213201243, 20.068499811413584 ], [ -100.582894213144939, 20.06849981141151 ], [ -100.58270702177775, 20.06717865583304 ], [ -100.582703000439906, 20.066724063628467 ], [ -100.582703000455965, 20.066724063587323 ], [ -100.582707021791535, 20.067178655534974 ] ] ], [ [ [ -100.577467582937103, 20.076722950062823 ], [ -100.57775534766462, 20.076183554885137 ], [ -100.578101975295283, 20.075685055998097 ], [ -100.578330506911726, 20.075063436812393 ], [ -100.578559766200897, 20.074524470631559 ], [ -100.578612795984043, 20.073904141540261 ], [ -100.578612795985151, 20.073904141666375 ], [ -100.578559766187396, 20.074524470928623 ], [ -100.57833050689824, 20.075063437109371 ], [ -100.578101975281811, 20.075685056294986 ], [ -100.577755347651177, 20.076183555181931 ], [ -100.577467582939462, 20.076722950329923 ], [ -100.577467582937103, 20.076722950062823 ] ] ], [ [ [ -100.578602950607618, 20.072788322761191 ], [ -100.57888815230784, 20.071959639938839 ], [ -100.579057083722958, 20.071214470391752 ], [ -100.579110840852607, 20.070676794198629 ], [ -100.579221636956291, 20.069973381319674 ], [ -100.579274663938918, 20.069353052000825 ], [ -100.579274663940041, 20.069353052127077 ], [ -100.579221636942748, 20.069973381617285 ], [ -100.579110840839078, 20.07067679449624 ], [ -100.579057083709429, 20.071214470689174 ], [ -100.578888152294311, 20.071959640236269 ], [ -100.578602950609834, 20.072788323012741 ], [ -100.578602950607618, 20.072788322761191 ] ] ], [ [ [ -100.574119943061547, 20.068605626436284 ], [ -100.574119943047108, 20.06860562659261 ], [ -100.57411267597324, 20.067779092184292 ], [ -100.574112675988459, 20.067779092117192 ], [ -100.574119943061547, 20.068605626436284 ] ] ], [ [ [ -100.567972362994212, 20.07472598000642 ], [ -100.568212516833555, 20.07542682929224 ], [ -100.568698286664741, 20.077324285510649 ], [ -100.569230932463384, 20.07814714057001 ], [ -100.569416944827609, 20.079344335563441 ], [ -100.569599698743474, 20.080169589180802 ], [ -100.570010663708786, 20.08033190488316 ], [ -100.570247935863847, 20.080702135835669 ], [ -100.570372918907324, 20.081610469112231 ], [ -100.570378721719834, 20.082271696901888 ], [ -100.570383436693973, 20.082808944443435 ], [ -100.570383436679691, 20.082808944586255 ], [ -100.570378721706902, 20.082271697197864 ], [ -100.570372918894378, 20.081610469408307 ], [ -100.570247935850915, 20.080702136131823 ], [ -100.570010663695854, 20.080331905179406 ], [ -100.569599698730585, 20.080169589477137 ], [ -100.569416944814733, 20.07934433585978 ], [ -100.569230932450523, 20.078147140866527 ], [ -100.568698286651909, 20.07732428580735 ], [ -100.568212516820765, 20.075426829589123 ], [ -100.567972362981436, 20.074725980303487 ], [ -100.567909158581656, 20.074189158221881 ], [ -100.567909158620608, 20.074189158146993 ], [ -100.567972362994212, 20.07472598000642 ] ] ], [ [ [ -100.569440500826715, 20.082030575044936 ], [ -100.56966871224094, 20.081367638006945 ], [ -100.569668712284923, 20.081367638137781 ], [ -100.569440500852139, 20.082030575229687 ], [ -100.569440500826715, 20.082030575044936 ] ] ], [ [ [ -100.561866952072364, 20.079027338469821 ], [ -100.561921850061097, 20.078613644622088 ], [ -100.56197566664359, 20.078075970256112 ], [ -100.561975666656693, 20.07807597029802 ], [ -100.561921850048734, 20.078613644918509 ], [ -100.561866952090924, 20.07902733853329 ], [ -100.561866952072364, 20.079027338469821 ] ] ], [ [ [ -100.553024908609629, 20.078140720061025 ], [ -100.553146209222774, 20.078635801650801 ], [ -100.553323147759144, 20.078799844579354 ], [ -100.553501161229107, 20.079087868541492 ], [ -100.553504384979746, 20.079459812245339 ], [ -100.553504384966161, 20.079459812336815 ], [ -100.553501161217298, 20.07908786883791 ], [ -100.553323147747349, 20.078799844875778 ], [ -100.553146209210993, 20.078635801947222 ], [ -100.553024908597848, 20.078140720357627 ], [ -100.552963542573224, 20.077810525312024 ], [ -100.552963542596643, 20.07781052507811 ], [ -100.553024908609629, 20.078140720061025 ] ] ], [ [ [ -100.553628196112555, 20.080244182771072 ], [ -100.553688131759657, 20.080409069067368 ], [ -100.55368813161229, 20.080409068990708 ], [ -100.553628196100718, 20.080244183067315 ], [ -100.553449106362876, 20.079832178142489 ], [ -100.553449106398674, 20.079832177901359 ], [ -100.553628196112555, 20.080244182771072 ] ] ], [ [ [ -100.542703464554037, 20.082099826005681 ], [ -100.543060174337739, 20.082758551506355 ], [ -100.544015804262088, 20.08502485070381 ], [ -100.544076799836645, 20.085313722419308 ], [ -100.544076799812956, 20.085313722655769 ], [ -100.544015804250876, 20.085024850999417 ], [ -100.543060174326584, 20.082758551802232 ], [ -100.54270346454291, 20.082099826301643 ], [ -100.542223711490919, 20.080739372440199 ], [ -100.542223711525168, 20.080739372209631 ], [ -100.542703464554037, 20.082099826005681 ] ] ], [ [ [ -100.544084272991654, 20.086181594252302 ], [ -100.54461651468381, 20.086839058322656 ], [ -100.545444138521361, 20.08782504106081 ], [ -100.545504425565412, 20.088031257566922 ], [ -100.545504425471975, 20.088031257581193 ], [ -100.545444138510049, 20.087825041355952 ], [ -100.544616514672555, 20.08683905861799 ], [ -100.544084272980427, 20.086181594547725 ], [ -100.544022921086906, 20.085851395654526 ], [ -100.544022921110084, 20.08585139542339 ], [ -100.544084272991654, 20.086181594252302 ] ] ], [ [ [ -100.543350741409242, 20.089327908913141 ], [ -100.54335394320286, 20.089699853952659 ], [ -100.543353943189331, 20.089699853976995 ], [ -100.543350741398058, 20.089327909208112 ], [ -100.543346472464009, 20.088831982463685 ], [ -100.543346472476983, 20.08883198237633 ], [ -100.543350741409242, 20.089327908913141 ] ] ], [ [ [ -100.54058433862518, 20.094224606324193 ], [ -100.540584338611822, 20.094224606348259 ], [ -100.540581852725694, 20.093935315808242 ], [ -100.540581852738967, 20.093935315774637 ], [ -100.54058433862518, 20.094224606324193 ] ] ], [ [ [ -100.540179042026224, 20.094723458969298 ], [ -100.540180817212445, 20.094930095283654 ], [ -100.540180817199001, 20.094930095293304 ], [ -100.540179042015211, 20.094723459263541 ], [ -100.540176556795828, 20.09443416841507 ], [ -100.540176556809243, 20.094434168400632 ], [ -100.540179042026224, 20.094723458969298 ] ] ] ] } },
{ "type": "Feature", "properties": { "ID": 21, "ENTIDAD": 11, "MUNICIPIO": 2, "NOMBRE": "ACAMBARO", "CONTROL": 39, "GEOMETRY1_": null, "ID_2": 1234, "ENTIDAD_2": 11, "DISTRITO_F": 14, "DISTRITO_L": 22, "MUNICIPIO_2": 19, "SECCION": 1251, "TIPO": 4, "CONTROL_2": 4168, "GEOMETRY1__2": null }, "geometry": { "type": "MultiPolygon", "coordinates": [ [ [ [ -100.538126367730499, 20.094846555284366 ], [ -100.538476789734204, 20.094761415390046 ], [ -100.538827211311229, 20.094676274823765 ], [ -100.539059541433119, 20.094468015241407 ], [ -100.539059541435506, 20.094468015523717 ], [ -100.538827211300315, 20.094676275117916 ], [ -100.53847678972329, 20.094761415684292 ], [ -100.538126367865289, 20.094846555543224 ], [ -100.538126367730499, 20.094846555284366 ] ] ], [ [ [ -100.535822963552278, 20.085441906479314 ], [ -100.535877290640798, 20.084945674747161 ], [ -100.535877290655719, 20.084945674808104 ], [ -100.535822963566531, 20.085441906546809 ], [ -100.535822963552278, 20.085441906479314 ] ] ], [ [ [ -100.535629610204509, 20.083335938374301 ], [ -100.535801318635549, 20.082880192043071 ], [ -100.535801318675254, 20.082880192205145 ], [ -100.535629610206712, 20.083335938635823 ], [ -100.535629610204509, 20.083335938374301 ] ] ], [ [ [ -100.523678790755639, 20.081809027858242 ], [ -100.523907665321161, 20.081187605680501 ], [ -100.524136884212297, 20.080607501497056 ], [ -100.524368177701461, 20.080275306371405 ], [ -100.524598778082606, 20.079860474572907 ], [ -100.524770516200334, 20.0794047368334 ], [ -100.525001806712353, 20.079072541035341 ], [ -100.525115720594357, 20.078699852188905 ], [ -100.525115720638084, 20.078699852309256 ], [ -100.525001806702292, 20.079072541331758 ], [ -100.524770516190273, 20.079404737129806 ], [ -100.524598778072544, 20.079860474869225 ], [ -100.524368177691429, 20.080275306667627 ], [ -100.52413688420225, 20.080607501793192 ], [ -100.523907665311143, 20.081187605976552 ], [ -100.523678790757828, 20.081809028121164 ], [ -100.523678790755639, 20.081809027858242 ] ] ], [ [ [ -100.524682932255914, 20.075934418922415 ], [ -100.524739023685299, 20.07564477918838 ], [ -100.524739023723853, 20.075644779234302 ], [ -100.524682932284449, 20.075934419020083 ], [ -100.524682932255914, 20.075934418922415 ] ] ], [ [ [ -100.510239922764313, 20.07016805090651 ], [ -100.510352498840874, 20.069630095150092 ], [ -100.510352498842906, 20.069630095393887 ], [ -100.51023992279525, 20.070168051012374 ], [ -100.510239922764313, 20.07016805090651 ] ] ], [ [ [ -100.507993929039003, 20.067456494590814 ], [ -100.50805175706472, 20.067373450762545 ], [ -100.508109585031278, 20.067290406918602 ], [ -100.508340896306322, 20.06695823138476 ], [ -100.508864759946576, 20.066624021217283 ], [ -100.509097435616411, 20.066457119101223 ], [ -100.510038313550908, 20.066650008986812 ], [ -100.510497925983785, 20.065992841958408 ], [ -100.510497926203982, 20.065992841928576 ], [ -100.510038313541699, 20.066650009284928 ], [ -100.509097435607245, 20.066457119399338 ], [ -100.508864759937424, 20.066624021515487 ], [ -100.508340896297199, 20.066958231682879 ], [ -100.508109585022154, 20.067290407216632 ], [ -100.508051757055611, 20.067373451060668 ], [ -100.50799392908074, 20.067456494815829 ], [ -100.507993929039003, 20.067456494590814 ] ] ] ] } },
{ "type": "Feature", "properties": { "ID": 21, "ENTIDAD": 11, "MUNICIPIO": 2, "NOMBRE": "ACAMBARO", "CONTROL": 39, "GEOMETRY1_": null, "ID_2": 2696, "ENTIDAD_2": 11, "DISTRITO_F": 14, "DISTRITO_L": 22, "MUNICIPIO_2": 38, "SECCION": 2739, "TIPO": 4, "CONTROL_2": 4165, "GEOMETRY1__2": null }, "geometry": { "type": "MultiPolygon", "coordinates": [ [ [ [ -100.522661165988467, 20.072085170203135 ], [ -100.522954245778266, 20.072145089257788 ], [ -100.523541097209119, 20.072347562395169 ], [ -100.524244974921572, 20.072549209198979 ], [ -100.525066225303107, 20.072791346476212 ], [ -100.525420415694398, 20.073160735546885 ], [ -100.526125684345146, 20.073527647295549 ], [ -100.526830956136166, 20.073894555998887 ], [ -100.527595090806713, 20.074302366535743 ], [ -100.528588770670709, 20.07417138295629 ], [ -100.528588770165797, 20.074171383318532 ], [ -100.52759509079651, 20.074302366832786 ], [ -100.526830956126005, 20.073894556296011 ], [ -100.526125684335014, 20.073527647592673 ], [ -100.525420415684309, 20.073160735844098 ], [ -100.525066225293045, 20.072791346773524 ], [ -100.524244974911568, 20.072549209496287 ], [ -100.523541097199157, 20.072347562692471 ], [ -100.522954245768332, 20.0721450895551 ], [ -100.522661165978533, 20.072085170500532 ], [ -100.522661162638514, 20.072085169817672 ], [ -100.522661165988467, 20.072085170203135 ] ] ], [ [ [ -100.527604800093485, 20.075459275487727 ], [ -100.527607574315311, 20.075789820873968 ], [ -100.527668862280279, 20.076119952877182 ], [ -100.527846484434278, 20.07636662164543 ], [ -100.528082621012217, 20.076612876672964 ], [ -100.528436480248303, 20.076940940368328 ], [ -100.528790688079269, 20.077310321389653 ], [ -100.529084647326826, 20.077473524793973 ], [ -100.529555886410748, 20.077842076262129 ], [ -100.529968613276353, 20.078211040515676 ], [ -100.530495937937772, 20.078289948213214 ], [ -100.530790248318226, 20.078494466625756 ], [ -100.531318617614446, 20.078697326043493 ], [ -100.531731698624966, 20.079107603804715 ], [ -100.532259722965321, 20.079269142110292 ], [ -100.532903036599123, 20.07922325813762 ], [ -100.533663030557776, 20.079135222962989 ], [ -100.534538657934746, 20.078881081054149 ], [ -100.534887303758538, 20.078589360231639 ], [ -100.535235599446978, 20.078256320780351 ], [ -100.536288506911532, 20.078207512759064 ], [ -100.536580379638437, 20.078122795107539 ], [ -100.536869807242383, 20.077748851092185 ], [ -100.538799370512166, 20.077569825323682 ], [ -100.5397359429886, 20.07760446714229 ], [ -100.541258355161929, 20.077717561558625 ], [ -100.54289569139992, 20.077581898580927 ], [ -100.544531969957518, 20.077322267077481 ], [ -100.546575022508378, 20.076729141132482 ], [ -100.547274367527478, 20.076393561510802 ], [ -100.549315985760046, 20.075635134217045 ], [ -100.551004037136835, 20.074589987278042 ], [ -100.552749870853262, 20.073461768544 ], [ -100.553158394650211, 20.073334863629981 ], [ -100.553859123600333, 20.073164530453674 ], [ -100.554563034928222, 20.073366053597589 ], [ -100.55526588592997, 20.073443620855905 ], [ -100.556028311908378, 20.073644715480221 ], [ -100.556849251654228, 20.073845383698554 ], [ -100.557492529492563, 20.07379941202948 ], [ -100.558078358970775, 20.073877814233477 ], [ -100.560950422830999, 20.074435490024705 ], [ -100.561243339141683, 20.074474685499585 ], [ -100.561710724990263, 20.074388654147636 ], [ -100.562119242377278, 20.074261728833051 ], [ -100.562352578889048, 20.074177394673189 ], [ -100.562761095113544, 20.074050467941419 ], [ -100.562994430914287, 20.073966132975048 ], [ -100.563402589858953, 20.073797887333825 ], [ -100.563928127675084, 20.073670107667422 ], [ -100.564512532657659, 20.073583218452864 ], [ -100.565859372471493, 20.073697378666832 ], [ -100.566150147012337, 20.073488661372519 ], [ -100.566499432341217, 20.073279517483474 ], [ -100.566556159210492, 20.073072504329552 ], [ -100.566556159251903, 20.073072504429469 ], [ -100.566499432328555, 20.07327951778063 ], [ -100.566150146999703, 20.073488661669764 ], [ -100.565859372458874, 20.073697378963981 ], [ -100.564512532645125, 20.073583218750102 ], [ -100.563928127662606, 20.073670107964571 ], [ -100.563402589846476, 20.07379788763097 ], [ -100.562994430901867, 20.073966133272101 ], [ -100.562761095101152, 20.074050468238479 ], [ -100.562352578876641, 20.074177394970246 ], [ -100.562119242364915, 20.074261729130104 ], [ -100.561710724977928, 20.074388654444697 ], [ -100.561243339129391, 20.074474685796645 ], [ -100.560950422818692, 20.074435490321765 ], [ -100.558078358958667, 20.073877814530626 ], [ -100.557492529480513, 20.073799412326625 ], [ -100.556849251642205, 20.073845383995696 ], [ -100.556028311896441, 20.073644715777359 ], [ -100.555265885918075, 20.073443621153046 ], [ -100.554563034916356, 20.073366053894823 ], [ -100.553859123588495, 20.073164530750901 ], [ -100.553158394638416, 20.073334863927123 ], [ -100.55274987084151, 20.073461768841145 ], [ -100.551004037125196, 20.074589987575088 ], [ -100.549315985748507, 20.075635134514009 ], [ -100.547274367516053, 20.076393561807489 ], [ -100.546575022497009, 20.076729141429166 ], [ -100.544531969946291, 20.077322267374168 ], [ -100.542895691388793, 20.077581898877526 ], [ -100.541258355150887, 20.07771756185522 ], [ -100.539735942977643, 20.077604467438885 ], [ -100.53879937050128, 20.077569825620269 ], [ -100.536869807231611, 20.077748851388773 ], [ -100.536580379627708, 20.078122795404038 ], [ -100.536288506900803, 20.078207513055563 ], [ -100.535235599436305, 20.078256321076942 ], [ -100.534887303747894, 20.078589360528138 ], [ -100.534538657924116, 20.078881081350563 ], [ -100.533663030547203, 20.079135223259403 ], [ -100.532903036588593, 20.07922325843403 ], [ -100.532259722954819, 20.079269142406705 ], [ -100.531731698614522, 20.079107604101125 ], [ -100.531318617604015, 20.078697326339903 ], [ -100.53079024830781, 20.078494466922258 ], [ -100.530495937927398, 20.078289948509713 ], [ -100.529968613265979, 20.07821104081226 ], [ -100.529555886400402, 20.077842076558724 ], [ -100.529084647316537, 20.07747352509065 ], [ -100.52879068806898, 20.077310321686337 ], [ -100.528436480238057, 20.076940940665004 ], [ -100.528082621001971, 20.076612876969733 ], [ -100.52784648442406, 20.076366621942203 ], [ -100.527668862270048, 20.07611995317404 ], [ -100.52760757430508, 20.075789821170829 ], [ -100.527604800083267, 20.075459275784674 ], [ -100.527601679158025, 20.075087412210028 ], [ -100.527601679170601, 20.07508741219198 ], [ -100.527604800093485, 20.075459275487727 ] ] ], [ [ [ -100.554243413397614, 20.063368860176329 ], [ -100.554417170413302, 20.063161005899691 ], [ -100.554650495815707, 20.06307668263165 ], [ -100.554824959238431, 20.062951463424582 ], [ -100.555056869314896, 20.06270186882746 ], [ -100.555170701780838, 20.062329165245195 ], [ -100.555170701783013, 20.062329165497875 ], [ -100.555056869303016, 20.062701869126144 ], [ -100.554824959226579, 20.062951463723262 ], [ -100.554650495803841, 20.063076682930333 ], [ -100.554417170401464, 20.063161006198378 ], [ -100.554243413469663, 20.06336886037457 ], [ -100.554243413397614, 20.063368860176329 ] ] ], [ [ [ -100.553104563189493, 20.060195405605278 ], [ -100.553161657725511, 20.06002971316061 ], [ -100.553280084441241, 20.060194141273474 ], [ -100.553514819216829, 20.060275090721948 ], [ -100.553807708029694, 20.060314300458376 ], [ -100.554159104069953, 20.060353087941209 ], [ -100.554452346591518, 20.060433614317571 ], [ -100.554746650065624, 20.060638093353173 ], [ -100.554925707819763, 20.061050004533172 ], [ -100.555279581631936, 20.061378013623891 ], [ -100.555691256824232, 20.061622964199987 ], [ -100.55627810212799, 20.061825328606215 ], [ -100.556745454682328, 20.061739312587878 ], [ -100.557213160870205, 20.061694613035414 ], [ -100.557914896691344, 20.061648220245328 ], [ -100.558734356063241, 20.061683613387924 ], [ -100.559027957589137, 20.061805449472111 ], [ -100.560034654759519, 20.063203047381236 ], [ -100.560272237494814, 20.063614528112922 ], [ -100.560743854729992, 20.064024312427339 ], [ -100.560979664261225, 20.064229204044398 ], [ -100.561214053050406, 20.064268824985064 ], [ -100.561447020350627, 20.064143175306349 ], [ -100.561854445573886, 20.063892299507998 ], [ -100.562201939028995, 20.063476577116802 ], [ -100.562548719366589, 20.062978219026604 ], [ -100.563070664786508, 20.062437268599648 ], [ -100.563360356154263, 20.062104604137208 ], [ -100.563652537775525, 20.062061162069583 ], [ -100.5640610220659, 20.061934234325307 ], [ -100.564588301216986, 20.062013042830277 ], [ -100.565232239358977, 20.062049681300724 ], [ -100.565934328538788, 20.062044574207217 ], [ -100.566403814441358, 20.062206437882775 ], [ -100.566637130880181, 20.062122099294204 ], [ -100.566928597658801, 20.061996016908072 ], [ -100.567046682850346, 20.062119117227155 ], [ -100.567281783144992, 20.062241365175584 ], [ -100.567691692288548, 20.062279699056603 ], [ -100.56804273701627, 20.062277140939255 ], [ -100.568157252144545, 20.061987065938805 ], [ -100.568157252146804, 20.06198706619967 ], [ -100.568042737003509, 20.062277141238035 ], [ -100.567691692275829, 20.062279699355379 ], [ -100.567281783132302, 20.06224136547436 ], [ -100.56704668283767, 20.062119117525935 ], [ -100.56692859764614, 20.061996017206845 ], [ -100.566637130867534, 20.062122099592976 ], [ -100.566403814428725, 20.062206438181555 ], [ -100.565934328526211, 20.062044574506 ], [ -100.565232239346429, 20.062049681599504 ], [ -100.564588301204495, 20.062013043129046 ], [ -100.564061022053437, 20.061934234624083 ], [ -100.56365253776309, 20.062061162368359 ], [ -100.563360356141828, 20.062104604435987 ], [ -100.563070664774102, 20.062437268898332 ], [ -100.562548719354211, 20.062978219325284 ], [ -100.562201939016646, 20.063476577415397 ], [ -100.561854445561565, 20.063892299806589 ], [ -100.561447020338335, 20.064143175604851 ], [ -100.5612140530381, 20.064268825283566 ], [ -100.560979664248975, 20.064229204342901 ], [ -100.560743854717742, 20.064024312725845 ], [ -100.560272237482565, 20.063614528411428 ], [ -100.560034654747312, 20.063203047679924 ], [ -100.559027957577001, 20.061805449770887 ], [ -100.558734356051119, 20.061683613686785 ], [ -100.557914896679279, 20.061648220544186 ], [ -100.557213160858169, 20.061694613334272 ], [ -100.556745454670363, 20.061739312886743 ], [ -100.556278102116025, 20.061825328905073 ], [ -100.55569125681231, 20.061622964498849 ], [ -100.555279581620042, 20.061378013922749 ], [ -100.554925707807882, 20.061050004832026 ], [ -100.554746650053772, 20.060638093652127 ], [ -100.55445234657968, 20.060433614616521 ], [ -100.55415910405813, 20.060353088240245 ], [ -100.553807708017885, 20.060314300757415 ], [ -100.553514819205063, 20.060275091020983 ], [ -100.553280084429474, 20.06019414157252 ], [ -100.553161657713758, 20.060029713459738 ], [ -100.553104563251253, 20.060195405691015 ], [ -100.553104563189493, 20.060195405605278 ] ] ], [ [ [ -100.568151895713143, 20.061367304058397 ], [ -100.568324559985214, 20.061035485057371 ], [ -100.568498652237707, 20.060868935738561 ], [ -100.568615666063565, 20.060868082645808 ], [ -100.568672029688571, 20.060619751433517 ], [ -100.568672029690589, 20.060619751667208 ], [ -100.568615666050775, 20.060868082944765 ], [ -100.568498652224932, 20.060868936037526 ], [ -100.568324559972439, 20.061035485356328 ], [ -100.568151895715474, 20.061367304328282 ], [ -100.568151895713143, 20.061367304058397 ] ] ], [ [ [ -100.568490437618976, 20.059918634262285 ], [ -100.568548229860411, 20.059835572838239 ], [ -100.568724106648759, 20.059875610651208 ], [ -100.56895884733224, 20.059956539085547 ], [ -100.569134009700903, 20.059913941583183 ], [ -100.569307742534207, 20.059706074143666 ], [ -100.569539981295932, 20.059497779731334 ], [ -100.56965484939866, 20.059249021424794 ], [ -100.569654849400976, 20.059249021691219 ], [ -100.5695399812831, 20.059497780030473 ], [ -100.56930774252136, 20.059706074442808 ], [ -100.569134009688099, 20.059913941882233 ], [ -100.568958847319436, 20.059956539384682 ], [ -100.568724106635955, 20.059875610950261 ], [ -100.568548229847636, 20.059835573137285 ], [ -100.568490437732223, 20.059918634380324 ], [ -100.568490437618976, 20.059918634262285 ] ] ], [ [ [ -100.569652704815752, 20.059001116759653 ], [ -100.569767929902568, 20.058793675807948 ], [ -100.569826078541681, 20.058751931465565 ], [ -100.570061175498978, 20.058874175951701 ], [ -100.570236693887665, 20.058872894880388 ], [ -100.57041078176438, 20.058706343933025 ], [ -100.570585226938277, 20.058581110258878 ], [ -100.570818535510341, 20.058496766623087 ], [ -100.57105255938194, 20.058495057524038 ], [ -100.571286583225202, 20.058493348115338 ], [ -100.571461385290561, 20.058409431050141 ], [ -100.571461385293105, 20.058409431342017 ], [ -100.571286583212256, 20.058493348414661 ], [ -100.571052559369008, 20.058495057823276 ], [ -100.570818535497423, 20.058496766922314 ], [ -100.570585226925346, 20.058581110558201 ], [ -100.570410781751477, 20.058706344232341 ], [ -100.570236693874762, 20.058872895179615 ], [ -100.570061175486074, 20.058874176251027 ], [ -100.569826078528806, 20.058751931764803 ], [ -100.569767929889707, 20.058793676107179 ], [ -100.569652704818111, 20.059001117031485 ], [ -100.569652704815752, 20.059001116759653 ] ] ], [ [ [ -100.571459237981074, 20.058161526599033 ], [ -100.571515596428867, 20.057913194705691 ], [ -100.571572312630877, 20.057706180207358 ], [ -100.571688966008352, 20.057664007831313 ], [ -100.571865198877958, 20.057745360037927 ], [ -100.571983642259497, 20.057909774468225 ], [ -100.572159159416714, 20.057908491559811 ], [ -100.572333960343897, 20.057824573693075 ], [ -100.572451329838515, 20.057865035602521 ], [ -100.572570848422018, 20.05815340174998 ], [ -100.572573713856386, 20.05848394083263 ], [ -100.57257586297419, 20.058731845136215 ], [ -100.572869826073926, 20.058894975285618 ], [ -100.573163789757558, 20.059058104902199 ], [ -100.573632914042378, 20.059178632155731 ], [ -100.574336422319206, 20.059338761934214 ], [ -100.575038855276816, 20.059374936817253 ], [ -100.575271803260875, 20.059249270060423 ], [ -100.575503673968896, 20.058999651046587 ], [ -100.575939057952411, 20.05860391999682 ], [ -100.576374439745493, 20.058208188003928 ], [ -100.57672080363335, 20.057668488276008 ], [ -100.57706968057164, 20.057418009110471 ], [ -100.577828812473058, 20.057247157712819 ], [ -100.578708190810588, 20.057447299006267 ], [ -100.57917839301912, 20.057691763372702 ], [ -100.579768848179384, 20.058307221259344 ], [ -100.580124203998096, 20.058800446580424 ], [ -100.580301882764203, 20.059047058906749 ], [ -100.580477040215612, 20.059004450431505 ], [ -100.580477040218184, 20.059004450726711 ], [ -100.580301882750604, 20.059047059205984 ], [ -100.580124203984496, 20.058800446879662 ], [ -100.579768848165827, 20.058307221558675 ], [ -100.579178393005606, 20.057691763672036 ], [ -100.578708190797101, 20.057447299305682 ], [ -100.577828812459643, 20.057247158012327 ], [ -100.577069680558282, 20.057418009409886 ], [ -100.57672080362002, 20.05766848857543 ], [ -100.576374439732177, 20.058208188303258 ], [ -100.575939057939124, 20.05860392029615 ], [ -100.575503673955637, 20.058999651345818 ], [ -100.575271803247631, 20.059249270359658 ], [ -100.5750388552636, 20.059374937116395 ], [ -100.574336422306033, 20.059338762233352 ], [ -100.573632914029247, 20.059178632454955 ], [ -100.57316378974447, 20.059058105201427 ], [ -100.572869826060852, 20.058894975584849 ], [ -100.572575862961145, 20.058731845435535 ], [ -100.57257371384334, 20.05848394113195 ], [ -100.572570848408972, 20.058153402049303 ], [ -100.572451329825469, 20.057865035901845 ], [ -100.572333960330852, 20.057824573992484 ], [ -100.572159159403711, 20.05790849185923 ], [ -100.571983642246508, 20.057909774767541 ], [ -100.571865198864955, 20.057745360337254 ], [ -100.571688965995364, 20.057664008130722 ], [ -100.571572312617874, 20.05770618050677 ], [ -100.571515596415892, 20.057913195005099 ], [ -100.571459237983092, 20.058161526832411 ], [ -100.571459237981074, 20.058161526599033 ] ] ] ] } },
{ "type": "Feature", "properties": { "ID": 21, "ENTIDAD": 11, "MUNICIPIO": 2, "NOMBRE": "ACAMBARO", "CONTROL": 39, "GEOMETRY1_": null, "ID_2": 2697, "ENTIDAD_2": 11, "DISTRITO_F": 14, "DISTRITO_L": 22, "MUNICIPIO_2": 38, "SECCION": 2740, "TIPO": 4, "CONTROL_2": 4164, "GEOMETRY1__2": null }, "geometry": { "type": "MultiPolygon", "coordinates": [ [ [ [ -100.55375002436439, 20.046720331416186 ], [ -100.554099271335645, 20.046511214282479 ], [ -100.554214156617434, 20.046262464636278 ], [ -100.554329394684046, 20.046055032756087 ], [ -100.554329394686405, 20.046055033031649 ], [ -100.554214156605624, 20.046262464937307 ], [ -100.554099271323864, 20.046511214583418 ], [ -100.55375002455439, 20.046720331596312 ], [ -100.55375002436439, 20.046720331416186 ] ] ], [ [ [ -100.5543272758879, 20.04580712594024 ], [ -100.554381539911262, 20.045310890875346 ], [ -100.554439688296398, 20.045269151594205 ], [ -100.554917945703636, 20.046463994886462 ], [ -100.555315331435892, 20.046990857384081 ], [ -100.555568890103771, 20.04732702842837 ], [ -100.556097885706393, 20.047612454713818 ], [ -100.556626529364209, 20.047856561535262 ], [ -100.556980374831127, 20.048184569421551 ], [ -100.557392724407535, 20.048512153952757 ], [ -100.557804013355749, 20.048715784243193 ], [ -100.55838974882704, 20.048794191809069 ], [ -100.559386776428212, 20.04907622379552 ], [ -100.560324594783509, 20.04927603812683 ], [ -100.560969190786182, 20.049395331025472 ], [ -100.56190701244455, 20.049595136693544 ], [ -100.562610468861394, 20.049755316977137 ], [ -100.56331392650911, 20.049915494362835 ], [ -100.563900023579563, 20.050035200772683 ], [ -100.564485053751753, 20.05003095243309 ], [ -100.565129298838926, 20.050108912163626 ], [ -100.565711835538536, 20.049815436830418 ], [ -100.566058933752117, 20.0493583914086 ], [ -100.566464888914851, 20.048942237417403 ], [ -100.566636832393598, 20.048527785194263 ], [ -100.566925066549032, 20.048029846415922 ], [ -100.567094868917465, 20.047367488594318 ], [ -100.567382386588406, 20.04678691416396 ], [ -100.56755182946074, 20.046083238490823 ], [ -100.567780128883129, 20.045420454345908 ], [ -100.567891067998175, 20.044717204339328 ], [ -100.568063360550354, 20.044344068635429 ], [ -100.568405802788007, 20.043349891626765 ], [ -100.568636593118327, 20.042976329427326 ], [ -100.568809595965007, 20.042685828235228 ], [ -100.56886202953163, 20.041983003998041 ], [ -100.568915533399803, 20.04140413250305 ], [ -100.568915533403, 20.041404132632145 ], [ -100.568862029518883, 20.041983004299617 ], [ -100.568809595952246, 20.042685828536715 ], [ -100.56863659310558, 20.042976329728805 ], [ -100.56840580277526, 20.04334989192807 ], [ -100.568063360537664, 20.044344068936741 ], [ -100.567891067985471, 20.044717204640545 ], [ -100.567780128870425, 20.045420454647033 ], [ -100.567551829448064, 20.046083238791855 ], [ -100.56738238657573, 20.04678691446491 ], [ -100.567094868904817, 20.047367488895176 ], [ -100.566925066536385, 20.048029846716684 ], [ -100.566636832380979, 20.048527785494944 ], [ -100.566464888902246, 20.048942237717984 ], [ -100.566058933739512, 20.049358391709177 ], [ -100.565711835525974, 20.049815437130913 ], [ -100.565129298826406, 20.050108912464118 ], [ -100.564485053739261, 20.050030952733486 ], [ -100.563900023567101, 20.050035201073179 ], [ -100.563313926496704, 20.049915494663317 ], [ -100.562610468849059, 20.049755317277622 ], [ -100.561907012432258, 20.049595136994022 ], [ -100.560969190773932, 20.049395331325965 ], [ -100.560324594771302, 20.049276038427408 ], [ -100.559386776416076, 20.049076224096101 ], [ -100.55838974881496, 20.048794192109742 ], [ -100.557804013343713, 20.048715784543859 ], [ -100.557392724395541, 20.048512154253434 ], [ -100.556980374819162, 20.048184569722313 ], [ -100.556626529352258, 20.047856561836017 ], [ -100.55609788569447, 20.04761245501458 ], [ -100.555568890091877, 20.047327028729214 ], [ -100.555315331424012, 20.046990857685017 ], [ -100.554917945691798, 20.046463995187491 ], [ -100.554439688284589, 20.045269151895329 ], [ -100.554381539899467, 20.045310891176463 ], [ -100.55432727588942, 20.045807126119389 ], [ -100.5543272758879, 20.04580712594024 ] ] ], [ [ [ -100.567573291871781, 20.0350092793729 ], [ -100.567626443702054, 20.034389089904462 ], [ -100.567737379442761, 20.033685839622958 ], [ -100.567964594792173, 20.032899102816241 ], [ -100.568019527087685, 20.032485501213483 ], [ -100.568190382306909, 20.03194709547563 ], [ -100.568190382309126, 20.031947095731677 ], [ -100.568019527075009, 20.032485501516422 ], [ -100.567964594779482, 20.032899103119082 ], [ -100.567737379430099, 20.033685839925717 ], [ -100.567626443689392, 20.034389090207121 ], [ -100.567573291878631, 20.035009279447564 ], [ -100.567573291871781, 20.0350092793729 ] ] ], [ [ [ -100.568186104931698, 20.031451284289798 ], [ -100.568237828427016, 20.03066582424518 ], [ -100.568289551699948, 20.02988036415271 ], [ -100.568343413361546, 20.029342809632979 ], [ -100.568453274668187, 20.028515606154389 ], [ -100.568854182109376, 20.027521003333472 ], [ -100.56925258862664, 20.026237176643463 ], [ -100.569539708797109, 20.025615282882136 ], [ -100.569655626360031, 20.025490478063862 ], [ -100.569708412875755, 20.024828970493171 ], [ -100.569937749243223, 20.024290137483231 ], [ -100.570284427230007, 20.023791769484021 ], [ -100.570455624264696, 20.023294679740594 ], [ -100.570508407371477, 20.02263317204725 ], [ -100.570737381405678, 20.022053020679053 ], [ -100.570790520183806, 20.021432830780622 ], [ -100.570790520194024, 20.021432830815638 ], [ -100.570737381392803, 20.022053020983343 ], [ -100.570508407358631, 20.022633172351537 ], [ -100.570455624251849, 20.023294680044788 ], [ -100.570284427217189, 20.023791769788129 ], [ -100.569937749230419, 20.024290137787339 ], [ -100.569708412862965, 20.024828970797188 ], [ -100.569655626347242, 20.025490478367789 ], [ -100.569539708784333, 20.025615283185978 ], [ -100.569252588613892, 20.026237176947305 ], [ -100.568854182096629, 20.027521003637126 ], [ -100.568453274655496, 20.028515606457866 ], [ -100.568343413348842, 20.029342809936356 ], [ -100.568289551687243, 20.029880364456005 ], [ -100.568237828414311, 20.030665824548386 ], [ -100.568186104932536, 20.031451284387309 ], [ -100.568186104931698, 20.031451284289798 ] ] ] ] } },
{ "type": "Feature", "properties": { "ID": 21, "ENTIDAD": 11, "MUNICIPIO": 2, "NOMBRE": "ACAMBARO", "CONTROL": 39, "GEOMETRY1_": null, "ID_2": 2698, "ENTIDAD_2": 11, "DISTRITO_F": 14, "DISTRITO_L": 22, "MUNICIPIO_2": 38, "SECCION": 2741, "TIPO": 4, "CONTROL_2": 4166, "GEOMETRY1__2": null }, "geometry": { "type": "MultiPolygon", "coordinates": [ [ [ [ -100.510497926213219, 20.065992841630369 ], [ -100.510971484762635, 20.066650677910889 ], [ -100.511768812251162, 20.067170130508472 ], [ -100.511912791573394, 20.06726393112805 ], [ -100.512704743610399, 20.067506333012496 ], [ -100.513496697852659, 20.067748731182366 ], [ -100.515139810753652, 20.068315744234361 ], [ -100.516312438459906, 20.068596788449653 ], [ -100.516621695529849, 20.068787747590601 ], [ -100.51737114289584, 20.069250509808857 ], [ -100.518078097773397, 20.069824048118797 ], [ -100.518785402096796, 20.070438901594805 ], [ -100.519610425113115, 20.071135567392908 ], [ -100.520374529483078, 20.071543411380343 ], [ -100.521138292638469, 20.071909933473698 ], [ -100.522661162638514, 20.072085169817672 ], [ -100.522661165978533, 20.072085170500532 ], [ -100.521138292628635, 20.071909933771092 ], [ -100.520374529473287, 20.071543411677833 ], [ -100.519610425103366, 20.071135567690483 ], [ -100.51878540208709, 20.070438901892388 ], [ -100.518078097763734, 20.069824048416468 ], [ -100.517371142886219, 20.069250510106617 ], [ -100.516621695520271, 20.06878774788845 ], [ -100.516312438450342, 20.068596788747506 ], [ -100.515139810744159, 20.068315744532303 ], [ -100.513496697843252, 20.067748731480386 ], [ -100.512704743601049, 20.067506333310519 ], [ -100.511912791564086, 20.067263931426165 ], [ -100.511768812241868, 20.067170130806591 ], [ -100.51097148475337, 20.066650678209097 ], [ -100.510497926203982, 20.065992841928576 ], [ -100.510497925983785, 20.065992841958408 ], [ -100.510497926213219, 20.065992841630369 ] ] ] ] } },
{ "type": "Feature", "properties": { "ID": 21, "ENTIDAD": 11, "MUNICIPIO": 2, "NOMBRE": "ACAMBARO", "CONTROL": 39, "GEOMETRY1_": null, "ID_2": 2699, "ENTIDAD_2": 11, "DISTRITO_F": 14, "DISTRITO_L": 22, "MUNICIPIO_2": 38, "SECCION": 2742, "TIPO": 4, "CONTROL_2": 6211, "GEOMETRY1__2": null }, "geometry": { "type": "MultiPolygon", "coordinates": [ [ [ [ -100.570365376297886, 20.019617839609111 ], [ -100.57095243356062, 20.019861483004693 ], [ -100.571655047588166, 20.019939000917375 ], [ -100.572124052577308, 20.020059540570085 ], [ -100.572768533395362, 20.020178798228223 ], [ -100.573236824701098, 20.020216699723189 ], [ -100.573645551519817, 20.020131074573584 ], [ -100.573645551522418, 20.020131074874961 ], [ -100.573236824688067, 20.020216700027834 ], [ -100.572768533382373, 20.020178798532875 ], [ -100.572124052564376, 20.02005954087474 ], [ -100.571655047575263, 20.019939001222031 ], [ -100.57095243354776, 20.019861483309349 ], [ -100.570365376323366, 20.01961783992974 ], [ -100.570365376297886, 20.019617839609111 ] ] ], [ [ [ -100.57363768410184, 20.019222088602501 ], [ -100.57773601987779, 20.01964662989684 ], [ -100.577764917100652, 20.019004118944235 ], [ -100.577886940600337, 20.016290996129023 ], [ -100.578128266189367, 20.010925213485304 ], [ -100.57888825335111, 20.0108783242685 ], [ -100.579175219684885, 20.007279426473215 ], [ -100.579204734313606, 20.006909273100668 ], [ -100.579219646561171, 20.006583266049592 ], [ -100.579253892558413, 20.005834589485783 ], [ -100.580595484642615, 20.0054115492288 ], [ -100.580709224504034, 20.005038833647941 ], [ -100.581585434941417, 20.004908441486492 ], [ -100.582228419571734, 20.004862398806257 ], [ -100.584041118746455, 20.004807752296099 ], [ -100.585993360186507, 20.003987638710147 ], [ -100.587945580074859, 20.003167504901967 ], [ -100.588235838837107, 20.002917443075301 ], [ -100.58834955898061, 20.002544723828944 ], [ -100.588523207734966, 20.002336842185091 ], [ -100.588872309885872, 20.002127665094424 ], [ -100.589163649100698, 20.002001553910979 ], [ -100.589395780658066, 20.001793239618532 ], [ -100.59044669289689, 20.001578874715193 ], [ -100.591553914808998, 20.001116167453379 ], [ -100.59231131221479, 20.000780003191338 ], [ -100.592641565011647, 20.000781043811227 ], [ -100.59415920987675, 19.999716972466484 ], [ -100.594501285482664, 19.999173437436326 ], [ -100.595249010917598, 19.998416896765001 ], [ -100.595759851921684, 19.997456615576084 ], [ -100.596210336898494, 19.996372910971953 ], [ -100.596830875813396, 19.994955303697488 ], [ -100.596830875817545, 19.994955303962691 ], [ -100.596210336883843, 19.996372911279963 ], [ -100.595759851907076, 19.997456615883817 ], [ -100.595249010903032, 19.998416897072648 ], [ -100.594501285468141, 19.999173437743885 ], [ -100.594159209862269, 19.999716972773946 ], [ -100.592641564997265, 20.000781044118604 ], [ -100.592311312200437, 20.000780003498623 ], [ -100.591553914794702, 20.001116167760653 ], [ -100.590446692882679, 20.001578875022386 ], [ -100.58939578064394, 20.001793239925721 ], [ -100.589163649086601, 20.002001554218172 ], [ -100.588872309871761, 20.002127665401531 ], [ -100.588523207720883, 20.002336842492198 ], [ -100.588349558966527, 20.002544724136044 ], [ -100.588235838823067, 20.002917443382312 ], [ -100.587945580060818, 20.003167505208978 ], [ -100.585993360172594, 20.003987639016977 ], [ -100.584041118732699, 20.004807752602837 ], [ -100.58222841955812, 20.004862399112991 ], [ -100.581585434927831, 20.004908441793322 ], [ -100.580709224490533, 20.005038833954671 ], [ -100.580595484629114, 20.005411549535445 ], [ -100.579253892545012, 20.005834589792421 ], [ -100.579219646547756, 20.006583266356053 ], [ -100.579204734300191, 20.006909273407231 ], [ -100.579175219671484, 20.007279426779672 ], [ -100.578888253337709, 20.010878324574424 ], [ -100.578128266176023, 20.010925213791221 ], [ -100.577886940587007, 20.016290996434126 ], [ -100.577764917087322, 20.019004119248986 ], [ -100.57773601986446, 20.019646630201496 ], [ -100.573637684104497, 20.019222088908968 ], [ -100.57363768410184, 20.019222088602501 ] ] ] ] } },
{ "type": "Feature", "properties": { "ID": 21, "ENTIDAD": 11, "MUNICIPIO": 2, "NOMBRE": "ACAMBARO", "CONTROL": 39, "GEOMETRY1_": null, "ID_2": 2733, "ENTIDAD_2": 11, "DISTRITO_F": 14, "DISTRITO_L": 22, "MUNICIPIO_2": 39, "SECCION": 2776, "TIPO": 4, "CONTROL_2": 7015, "GEOMETRY1__2": null }, "geometry": { "type": "MultiPolygon", "coordinates": [ [ [ [ -100.735637788163913, 20.170143895188751 ], [ -100.735637788295605, 20.170143895382672 ], [ -100.730424960720072, 20.17305339192982 ], [ -100.730424960628596, 20.173053391713442 ], [ -100.735637788163913, 20.170143895188751 ] ] ], [ [ [ -100.722300566643767, 20.166648631971078 ], [ -100.723481699960971, 20.16731297789477 ], [ -100.724251749559883, 20.167880272351837 ], [ -100.724553995742795, 20.16845484708503 ], [ -100.724553995622117, 20.168454847192137 ], [ -100.724251749532257, 20.167880272635848 ], [ -100.723481699933444, 20.16731297817887 ], [ -100.722300566616383, 20.166648632255271 ], [ -100.721119442888792, 20.165984277621291 ], [ -100.721119443162763, 20.165984277475793 ], [ -100.722300566643767, 20.166648631971078 ] ] ], [ [ [ -100.723073761538501, 20.174270690163709 ], [ -100.72380932916343, 20.176245343566695 ], [ -100.723803005838576, 20.179307349409314 ], [ -100.723774834874447, 20.18108700404974 ], [ -100.723774834849664, 20.181087004153412 ], [ -100.72380300581095, 20.179307349691697 ], [ -100.723809329135833, 20.17624534384953 ], [ -100.723073761511003, 20.174270690446818 ], [ -100.721978194026519, 20.171763729739212 ], [ -100.721978194108175, 20.171763729579968 ], [ -100.723073761538501, 20.174270690163709 ] ] ], [ [ [ -100.722893402489319, 20.18428676357026 ], [ -100.722893402312835, 20.184286763648473 ], [ -100.722534054251085, 20.183795831529849 ], [ -100.722534054363834, 20.183795831364613 ], [ -100.722893402489319, 20.18428676357026 ] ] ], [ [ [ -100.715642869725926, 20.187916536658818 ], [ -100.716490470701629, 20.189599839890111 ], [ -100.717211976817538, 20.190747193507868 ], [ -100.717583990547368, 20.19198272857415 ], [ -100.717583990486219, 20.191982728741028 ], [ -100.717211976790722, 20.190747193788706 ], [ -100.71649047067487, 20.189599840171034 ], [ -100.715642869699295, 20.187916536940016 ], [ -100.715377307389801, 20.186058685058619 ], [ -100.715377307431638, 20.18605868488369 ], [ -100.715642869725926, 20.187916536658818 ] ] ], [ [ [ -100.716471957292683, 20.195392932146138 ], [ -100.716471957262641, 20.19539293223329 ], [ -100.716458594049129, 20.194606973837317 ], [ -100.716458594079612, 20.194606973776043 ], [ -100.716471957292683, 20.195392932146138 ] ] ], [ [ [ -100.706662704587572, 20.199972398128843 ], [ -100.706662704574015, 20.199972398153289 ], [ -100.706705773863121, 20.199061431267918 ], [ -100.706705773877147, 20.19906143123378 ], [ -100.706662704587572, 20.199972398128843 ] ] ] ] } }
]
}
