{
"type": "FeatureCollection",
"name": "CHIAPADECORZOSECCIONES",
"crs": { "type": "name", "properties": { "name": "urn:ogc:def:crs:OGC:1.3:CRS84" } },
"features": [
{ "type": "Feature", "properties": { "ID": 111, "ENTIDAD": 7, "MUNICIPIO": 27, "NOMBRE": "CHIAPA DE CORZO", "CONTROL": 179, "GEOMETRY1_": null, "ID_2": 387, "ENTIDAD_2": 7, "DISTRITO_F": 6, "DISTRITO_L": 3, "MUNICIPIO_2": 27, "SECCION": 407, "TIPO": 2, "CONTROL_2": 1906, "GEOMETRY1__2": null }, "geometry": { "type": "MultiPolygon", "coordinates": [ [ [ [ -93.010847484061713, 16.711843201147591 ], [ -93.010018791247603, 16.711121718287497 ], [ -93.010236311217028, 16.710851093033586 ], [ -93.010453830573454, 16.710580467544094 ], [ -93.009846688356902, 16.70996835030649 ], [ -93.009509206571053, 16.709554463278209 ], [ -93.009018338181363, 16.709199711406093 ], [ -93.008606731584578, 16.70902726942586 ], [ -93.009467443640006, 16.707904407385339 ], [ -93.00998462582271, 16.707232313127349 ], [ -93.009903472696308, 16.707069887298058 ], [ -93.010413357500596, 16.706785623846034 ], [ -93.010733912294143, 16.706502325272528 ], [ -93.011028201684439, 16.706183391934783 ], [ -93.011509048636981, 16.705611600504287 ], [ -93.011920538899176, 16.705676243780488 ], [ -93.012099542942678, 16.705759035300087 ], [ -93.0123716337215, 16.705952223666561 ], [ -93.012493365664952, 16.706145420808053 ], [ -93.012922991289201, 16.706552503793485 ], [ -93.013676243982019, 16.70704349479708 ], [ -93.014627152492068, 16.707663315807572 ], [ -93.014041619373444, 16.708544299670063 ], [ -93.013237691756899, 16.709617805727959 ], [ -93.012780896889993, 16.710260925459455 ], [ -93.012485903187255, 16.710647965656062 ], [ -93.011804531435672, 16.711530720517278 ], [ -93.011286497592252, 16.712250905954772 ], [ -93.010847484061713, 16.711843201147591 ] ] ] ] } },
{ "type": "Feature", "properties": { "ID": 111, "ENTIDAD": 7, "MUNICIPIO": 27, "NOMBRE": "CHIAPA DE CORZO", "CONTROL": 179, "GEOMETRY1_": null, "ID_2": 388, "ENTIDAD_2": 7, "DISTRITO_F": 6, "DISTRITO_L": 3, "MUNICIPIO_2": 27, "SECCION": 408, "TIPO": 2, "CONTROL_2": 230, "GEOMETRY1__2": null }, "geometry": { "type": "MultiPolygon", "coordinates": [ [ [ [ -93.015763744553681, 16.712824303872786 ], [ -93.014906190936415, 16.712287075579923 ], [ -93.014207599261013, 16.711853253420657 ], [ -93.013740686777396, 16.711563300534596 ], [ -93.013471683405825, 16.711396248425885 ], [ -93.013016380213458, 16.711113501959133 ], [ -93.012950480621541, 16.711055669959237 ], [ -93.012836386245354, 16.710955543167596 ], [ -93.012485903187255, 16.710647965656062 ], [ -93.012780896889993, 16.710260925459455 ], [ -93.013237691756899, 16.709617805727959 ], [ -93.014041619373444, 16.708544299670063 ], [ -93.014627152492068, 16.707663315807572 ], [ -93.015649479383413, 16.708343718302412 ], [ -93.015737876468435, 16.708402549896473 ], [ -93.016333587804766, 16.708799016323603 ], [ -93.016710841043277, 16.709050089614266 ], [ -93.016877299666774, 16.709251808303499 ], [ -93.017010672784053, 16.709324822035256 ], [ -93.01713150253417, 16.709356035822022 ], [ -93.017983082551936, 16.709918523809804 ], [ -93.017374272165256, 16.710867398239188 ], [ -93.01663725187143, 16.710402314974164 ], [ -93.01623695626796, 16.711407692782963 ], [ -93.016060009158494, 16.711861322003088 ], [ -93.016186426483742, 16.711966476862479 ], [ -93.016059036979613, 16.712228661104842 ], [ -93.015975183939815, 16.712612650336911 ], [ -93.015975187302658, 16.712653069571246 ], [ -93.015912292684192, 16.712885485016937 ], [ -93.015763744553681, 16.712824303872786 ] ] ] ] } },
{ "type": "Feature", "properties": { "ID": 111, "ENTIDAD": 7, "MUNICIPIO": 27, "NOMBRE": "CHIAPA DE CORZO", "CONTROL": 179, "GEOMETRY1_": null, "ID_2": 389, "ENTIDAD_2": 7, "DISTRITO_F": 6, "DISTRITO_L": 3, "MUNICIPIO_2": 27, "SECCION": 409, "TIPO": 2, "CONTROL_2": 229, "GEOMETRY1__2": null }, "geometry": { "type": "MultiPolygon", "coordinates": [ [ [ [ -93.022455543596806, 16.714592590320638 ], [ -93.021952220568267, 16.714532015539675 ], [ -93.021336710209752, 16.714301585726577 ], [ -93.021141477905005, 16.714157376981642 ], [ -93.020924557721216, 16.713986462538955 ], [ -93.020798696254289, 16.713683331022001 ], [ -93.020945478450884, 16.713521639284334 ], [ -93.021134200914815, 16.713339733541851 ], [ -93.021301942705193, 16.713076991323735 ], [ -93.021351883470828, 16.712927221933853 ], [ -93.021322871401921, 16.712693006457211 ], [ -93.021280913129644, 16.712551543462549 ], [ -93.021197005694845, 16.71234945591037 ], [ -93.02115505649688, 16.712288831354481 ], [ -93.021092124979887, 16.712127160842901 ], [ -93.021029197995574, 16.712005909545049 ], [ -93.021029173649751, 16.711783603746884 ], [ -93.021035892473648, 16.711577624391261 ], [ -93.021037986555612, 16.711513425915548 ], [ -93.021051290106598, 16.711435650686347 ], [ -93.021092022867165, 16.711197518393444 ], [ -93.021217823987726, 16.710965094894902 ], [ -93.021343624804032, 16.710732671314947 ], [ -93.021406531293252, 16.710672035950555 ], [ -93.021993654295912, 16.710085895324109 ], [ -93.022014625307762, 16.710085893092579 ], [ -93.0220145928742, 16.709802958388682 ], [ -93.021993617264357, 16.709762541376136 ], [ -93.021930690487906, 16.709641290324708 ], [ -93.021909717219003, 16.709621082925338 ], [ -93.021909712607822, 16.709580663680558 ], [ -93.021867766092114, 16.709540248875143 ], [ -93.021836309663726, 16.709540252199158 ], [ -93.021804853235324, 16.709540255518387 ], [ -93.021762911330768, 16.709540259936649 ], [ -93.021511259903207, 16.709540286267551 ], [ -93.021490288950872, 16.709540288447965 ], [ -93.021114969818029, 16.709917697226469 ], [ -93.020766641636513, 16.710513293565718 ], [ -93.020500795478398, 16.710646082012609 ], [ -93.019929108635125, 16.710661741488114 ], [ -93.019519751331885, 16.710701898933511 ], [ -93.019304432521352, 16.710739363421567 ], [ -93.019140904366978, 16.710690057553059 ], [ -93.018883564961655, 16.710513305504531 ], [ -93.017983082551936, 16.709918523809804 ], [ -93.01713150253417, 16.709356035822022 ], [ -93.017010672784053, 16.709324822035256 ], [ -93.016877299666774, 16.709251808303499 ], [ -93.016710841043277, 16.709050089614266 ], [ -93.016333587804766, 16.708799016323603 ], [ -93.015737876468435, 16.708402549896473 ], [ -93.015649479383413, 16.708343718302412 ], [ -93.014627152492068, 16.707663315807572 ], [ -93.015092846680929, 16.707002146489192 ], [ -93.015534085630875, 16.70636569023419 ], [ -93.016112342297532, 16.705509265896133 ], [ -93.016486594114212, 16.704952415029478 ], [ -93.016802104771941, 16.704541927478139 ], [ -93.017099425466071, 16.704231488742792 ], [ -93.018260164679134, 16.705270030121216 ], [ -93.018674699501332, 16.705456415768055 ], [ -93.019420862591119, 16.70577592874421 ], [ -93.020388132947829, 16.706361735397689 ], [ -93.021493612439158, 16.707213841206421 ], [ -93.022516140995549, 16.707586577647394 ], [ -93.023593992252927, 16.708358779717059 ], [ -93.024367809719976, 16.708678271578208 ], [ -93.025279899316573, 16.709716802194471 ], [ -93.02594327087661, 16.710675464645554 ], [ -93.026496015754404, 16.710968344281117 ], [ -93.025860237433776, 16.711217037330851 ], [ -93.024405723899463, 16.713258534780042 ], [ -93.024053088530522, 16.713633242039833 ], [ -93.023850175774584, 16.713814342992155 ], [ -93.023650819735849, 16.713784072497401 ], [ -93.023493109646481, 16.713405148844149 ], [ -93.023229948037653, 16.712597573115914 ], [ -93.023079597710733, 16.712358567696331 ], [ -93.022865369432296, 16.712188378675378 ], [ -93.022623025117298, 16.712126999006951 ], [ -93.022581099284437, 16.71226847091237 ], [ -93.02254663455146, 16.712488693749524 ], [ -93.022623096549893, 16.712733287509696 ], [ -93.022790919730951, 16.713177880629903 ], [ -93.022853896322985, 16.71370332366854 ], [ -93.02289589938735, 16.714208559371158 ], [ -93.022916897384619, 16.714430862790824 ], [ -93.022791079263015, 16.714521819957895 ], [ -93.022728170157507, 16.71456729851247 ], [ -93.022665261022155, 16.714612777047741 ], [ -93.022455543596806, 16.714592590320638 ] ] ] ] } },
{ "type": "Feature", "properties": { "ID": 111, "ENTIDAD": 7, "MUNICIPIO": 27, "NOMBRE": "CHIAPA DE CORZO", "CONTROL": 179, "GEOMETRY1_": null, "ID_2": 390, "ENTIDAD_2": 7, "DISTRITO_F": 6, "DISTRITO_L": 3, "MUNICIPIO_2": 27, "SECCION": 410, "TIPO": 2, "CONTROL_2": 228, "GEOMETRY1__2": null }, "geometry": { "type": "MultiPolygon", "coordinates": [ [ [ [ -93.013676243982019, 16.70704349479708 ], [ -93.012922991289201, 16.706552503793485 ], [ -93.012493365664952, 16.706145420808053 ], [ -93.0123716337215, 16.705952223666561 ], [ -93.012099542942678, 16.705759035300087 ], [ -93.011920538899176, 16.705676243780488 ], [ -93.011509048636981, 16.705611600504287 ], [ -93.011971213541614, 16.704918170209861 ], [ -93.012347102587754, 16.704349336040121 ], [ -93.013030547225597, 16.70333210844878 ], [ -93.013633683392143, 16.70242847998724 ], [ -93.013826243087337, 16.702186433859257 ], [ -93.014009762560875, 16.701865316522959 ], [ -93.014474008689618, 16.702127775773338 ], [ -93.01541361793646, 16.702793503303901 ], [ -93.016519070869819, 16.703832058723783 ], [ -93.017099425466071, 16.704231488742792 ], [ -93.016802104771941, 16.704541927478139 ], [ -93.016486594114212, 16.704952415029478 ], [ -93.016112342297532, 16.705509265896133 ], [ -93.015534085630875, 16.70636569023419 ], [ -93.015092846680929, 16.707002146489192 ], [ -93.014627152492068, 16.707663315807572 ], [ -93.013676243982019, 16.70704349479708 ] ] ] ] } },
{ "type": "Feature", "properties": { "ID": 111, "ENTIDAD": 7, "MUNICIPIO": 27, "NOMBRE": "CHIAPA DE CORZO", "CONTROL": 179, "GEOMETRY1_": null, "ID_2": 2258, "ENTIDAD_2": 7, "DISTRITO_F": 6, "DISTRITO_L": 3, "MUNICIPIO_2": 27, "SECCION": 2375, "TIPO": 2, "CONTROL_2": 3013, "GEOMETRY1__2": null }, "geometry": { "type": "MultiPolygon", "coordinates": [ [ [ [ -93.04978679999941, 16.752464489917497 ], [ -93.049752876999406, 16.752462012917448 ], [ -93.049370354078619, 16.752435726712243 ], [ -93.046159676999508, 16.752215074917455 ], [ -93.046096722999437, 16.752209012917394 ], [ -93.046036307999444, 16.752212043917414 ], [ -93.038188014999534, 16.751632043917166 ], [ -93.037501891999582, 16.751591213645412 ], [ -93.037501892135438, 16.751591214008013 ], [ -93.037501892, 16.751591213999948 ], [ -93.036658137, 16.747455434 ], [ -93.035190722, 16.744187552999986 ], [ -93.035155507, 16.744109128999973 ], [ -93.03507058, 16.743919996 ], [ -93.034562391769555, 16.742788297391339 ], [ -93.034581666666526, 16.742783332634428 ], [ -93.034805, 16.742728333 ], [ -93.03503, 16.74267 ], [ -93.035251667, 16.742613332999984 ], [ -93.035471666666538, 16.742556665967719 ], [ -93.035689999999875, 16.742499999301064 ], [ -93.035909999999873, 16.742446665967726 ], [ -93.036125, 16.742395 ], [ -93.036335, 16.742338332999953 ], [ -93.036435833, 16.742303332999988 ], [ -93.03648625, 16.742285832999954 ], [ -93.036536666666549, 16.742268332634382 ], [ -93.036726666666539, 16.742176665967669 ], [ -93.036898333333212, 16.742061665967743 ], [ -93.037048333333217, 16.741919999301093 ], [ -93.037171666666509, 16.741758332634326 ], [ -93.037185339812126, 16.741731718857359 ], [ -93.037264999999849, 16.741576665967653 ], [ -93.037328333333193, 16.741379999300932 ], [ -93.03737, 16.74117666600004 ], [ -93.037394999999876, 16.740966665967633 ], [ -93.03740717, 16.740823949 ], [ -93.037639871, 16.740643443000025 ], [ -93.03780805, 16.74065408999995 ], [ -93.038160724, 16.740777128000026 ], [ -93.038755526, 16.741013584000036 ], [ -93.0391252, 16.740938779000015 ], [ -93.039155448, 16.74107631599998 ], [ -93.039275222, 16.741289024000015 ], [ -93.039559595, 16.741493627999976 ], [ -93.0397225, 16.74162529499996 ], [ -93.03989862200001, 16.741799272999984 ], [ -93.040022378, 16.741920977000035 ], [ -93.040160045, 16.741966366000035 ], [ -93.040497811, 16.742134223000022 ], [ -93.040561645, 16.742203232000048 ], [ -93.040603557, 16.742295110999972 ], [ -93.040966857, 16.742662569000021 ], [ -93.041007284000017, 16.742718776 ], [ -93.041335032, 16.742548562 ], [ -93.041522433, 16.742516491999954 ], [ -93.041979548, 16.742492724000027 ], [ -93.042052015, 16.742560066 ], [ -93.042336878, 16.742920996000034 ], [ -93.042667124, 16.743310621000017 ], [ -93.042679994, 16.74332452700002 ], [ -93.042991526, 16.743661155999984 ], [ -93.043005619, 16.743676384000022 ], [ -93.043344267, 16.74403024700003 ], [ -93.042960154, 16.744326257 ], [ -93.042920568, 16.744356764000017 ], [ -93.043237051, 16.744710163999983 ], [ -93.043527062, 16.74505210699996 ], [ -93.043862505, 16.745421468999965 ], [ -93.044175229, 16.745757892999976 ], [ -93.044288344, 16.745889259999981 ], [ -93.044536254, 16.746138722999987 ], [ -93.04487433300001, 16.746537148 ], [ -93.045194806, 16.746910579999973 ], [ -93.045460157, 16.747219779 ], [ -93.045663116, 16.747456275999962 ], [ -93.045769506, 16.747572918000042 ], [ -93.045969713, 16.747794614999982 ], [ -93.046275954, 16.74811304 ], [ -93.046471946, 16.748349540999978 ], [ -93.046128717, 16.748467849 ], [ -93.045904834, 16.748664154 ], [ -93.046066201, 16.74881016699997 ], [ -93.046110934, 16.748852150000015 ], [ -93.046049395, 16.748965795000018 ], [ -93.046487193, 16.7493298 ], [ -93.046843278, 16.749062535999954 ], [ -93.049290783, 16.751690583 ], [ -93.049361659, 16.751652765999978 ], [ -93.049519633, 16.751829092999955 ], [ -93.049665449000017, 16.75201586 ], [ -93.04970903, 16.752076210000013 ], [ -93.049726355, 16.75214560999996 ], [ -93.049782472, 16.752216215999987 ], [ -93.049833178, 16.752280014000032 ], [ -93.049967277, 16.752420889 ], [ -93.050036997, 16.752482603000033 ], [ -93.04978679999941, 16.752464489917497 ] ] ] ] } },
{ "type": "Feature", "properties": { "ID": 111, "ENTIDAD": 7, "MUNICIPIO": 27, "NOMBRE": "CHIAPA DE CORZO", "CONTROL": 179, "GEOMETRY1_": null, "ID_2": 2259, "ENTIDAD_2": 7, "DISTRITO_F": 6, "DISTRITO_L": 3, "MUNICIPIO_2": 27, "SECCION": 2376, "TIPO": 2, "CONTROL_2": 3014, "GEOMETRY1__2": null }, "geometry": { "type": "MultiPolygon", "coordinates": [ [ [ [ -93.042920568, 16.744356764000017 ], [ -93.042960154, 16.744326257 ], [ -93.043344267, 16.74403024700003 ], [ -93.043005619, 16.743676384000022 ], [ -93.042991526, 16.743661155999984 ], [ -93.043892212, 16.742899071000036 ], [ -93.044672956, 16.742326929 ], [ -93.045428418, 16.741756029000015 ], [ -93.046176546, 16.741172997999964 ], [ -93.046383225000014, 16.741401535000033 ], [ -93.046502068, 16.741554140000012 ], [ -93.04687492, 16.742044233000019 ], [ -93.046979259, 16.742181379999959 ], [ -93.047088367, 16.742324795000037 ], [ -93.047468652, 16.742744444999989 ], [ -93.04771029, 16.743000045999981 ], [ -93.047844972, 16.743137382999969 ], [ -93.047852791, 16.743146564000011 ], [ -93.048134155, 16.743476921000024 ], [ -93.048361174, 16.743733382 ], [ -93.048747213, 16.744204316999966 ], [ -93.048983563, 16.744499549 ], [ -93.049039699, 16.744553746000012 ], [ -93.049042116, 16.744556009000043 ], [ -93.049378428, 16.744944905999976 ], [ -93.049555025, 16.745301079000033 ], [ -93.048966587, 16.745884079999961 ], [ -93.049009854, 16.745933262 ], [ -93.048738769, 16.746162896000037 ], [ -93.048396677, 16.746435037999987 ], [ -93.048223317, 16.746584329000019 ], [ -93.047978197, 16.746780815000022 ], [ -93.047563733, 16.747095038999976 ], [ -93.04702476, 16.747518960000036 ], [ -93.046871848, 16.747630958999956 ], [ -93.046275954, 16.74811304 ], [ -93.045969713, 16.747794614999982 ], [ -93.045769506, 16.747572918000042 ], [ -93.045663116, 16.747456275999962 ], [ -93.045460157, 16.747219779 ], [ -93.045194806, 16.746910579999973 ], [ -93.04487433300001, 16.746537148 ], [ -93.044536254, 16.746138722999987 ], [ -93.044288344, 16.745889259999981 ], [ -93.044175229, 16.745757892999976 ], [ -93.043862505, 16.745421468999965 ], [ -93.043527062, 16.74505210699996 ], [ -93.043237051, 16.744710163999983 ], [ -93.042920568, 16.744356764000017 ] ] ] ] } },
{ "type": "Feature", "properties": { "ID": 111, "ENTIDAD": 7, "MUNICIPIO": 27, "NOMBRE": "CHIAPA DE CORZO", "CONTROL": 179, "GEOMETRY1_": null, "ID_2": 598, "ENTIDAD_2": 7, "DISTRITO_F": 2, "DISTRITO_L": 3, "MUNICIPIO_2": 44, "SECCION": 635, "TIPO": 4, "CONTROL_2": 109, "GEOMETRY1__2": null }, "geometry": { "type": "MultiPolygon", "coordinates": [ [ [ [ -92.979652078933938, 16.805036163872234 ], [ -92.980532248881829, 16.804911794592439 ], [ -92.979652078933981, 16.80503616387232 ], [ -92.979652078933938, 16.805036163872234 ] ] ], [ [ [ -92.980727602584778, 16.799750184550771 ], [ -92.982154831453471, 16.79899574043203 ], [ -92.980727602584778, 16.799750184550863 ], [ -92.980662359027576, 16.800744769495061 ], [ -92.980727602584778, 16.799750184550771 ] ] ], [ [ [ -92.984911605594434, 16.790559643410543 ], [ -92.985306862081842, 16.78960337508499 ], [ -92.984911605594434, 16.790559643410624 ], [ -92.984690544154063, 16.791929795876968 ], [ -92.984911605594434, 16.790559643410543 ] ] ], [ [ [ -92.985929942416533, 16.78843844801407 ], [ -92.986097726310703, 16.78775305888794 ], [ -92.985929942416533, 16.788438448014166 ], [ -92.985306862081842, 16.78960337508499 ], [ -92.985929942416533, 16.78843844801407 ] ] ], [ [ [ -92.985855740382661, 16.785535019500713 ], [ -92.986265508999438, 16.787067669578558 ], [ -92.986265508999423, 16.787067669578608 ], [ -92.985855740382661, 16.785535019500713 ] ] ], [ [ [ -92.985395736223623, 16.785205658750506 ], [ -92.985277590633615, 16.784584052186794 ], [ -92.985395736223623, 16.785205658750417 ], [ -92.985855740382661, 16.785535019500713 ], [ -92.985395736223623, 16.785205658750506 ] ] ], [ [ [ -92.98742752976915, 16.770343537851566 ], [ -92.987529184060435, 16.770172987111284 ], [ -92.987427529769164, 16.770343537851566 ], [ -92.98708594382731, 16.770677268692538 ], [ -92.98742752976915, 16.770343537851566 ] ] ], [ [ [ -92.98562628014993, 16.765831668257739 ], [ -92.987971942878247, 16.765528491312562 ], [ -92.987971942878247, 16.765528491312566 ], [ -92.98562628014993, 16.765831668257739 ] ] ], [ [ [ -92.944894842711889, 16.756729010644751 ], [ -92.944894842711903, 16.756729010644751 ], [ -92.945026239870927, 16.756780706357485 ], [ -92.944894842711889, 16.756729010644751 ] ] ], [ [ [ -92.941232759255129, 16.758933188826433 ], [ -92.940183997799252, 16.758773169811771 ], [ -92.941232759255442, 16.758933188098641 ], [ -92.943411375711079, 16.756880629265954 ], [ -92.941232759255129, 16.758933188826433 ] ] ], [ [ [ -92.922971808215081, 16.752142136878021 ], [ -92.92205993709058, 16.752893526877639 ], [ -92.92205993709058, 16.752893526877546 ], [ -92.922971808215081, 16.752142136877932 ], [ -92.934780961509674, 16.754943393887192 ], [ -92.922971808215081, 16.752142136878021 ] ] ], [ [ [ -92.921793082981452, 16.756420983092212 ], [ -92.921793082981438, 16.756420983092184 ], [ -92.922076366209168, 16.75588024362489 ], [ -92.921793082981452, 16.756420983092212 ] ] ] ] } },
{ "type": "Feature", "properties": { "ID": 111, "ENTIDAD": 7, "MUNICIPIO": 27, "NOMBRE": "CHIAPA DE CORZO", "CONTROL": 179, "GEOMETRY1_": null, "ID_2": 594, "ENTIDAD_2": 7, "DISTRITO_F": 2, "DISTRITO_L": 3, "MUNICIPIO_2": 44, "SECCION": 631, "TIPO": 4, "CONTROL_2": 113, "GEOMETRY1__2": null }, "geometry": { "type": "MultiPolygon", "coordinates": [ [ [ [ -92.945826051101804, 16.866143498312031 ], [ -92.950603347826217, 16.860020362086754 ], [ -92.945826051101804, 16.86614349831212 ], [ -92.92671580854892, 16.870266793995373 ], [ -92.945826051101804, 16.866143498312031 ] ] ] ] } },
{ "type": "Feature", "properties": { "ID": 111, "ENTIDAD": 7, "MUNICIPIO": 27, "NOMBRE": "CHIAPA DE CORZO", "CONTROL": 179, "GEOMETRY1_": null, "ID_2": 595, "ENTIDAD_2": 7, "DISTRITO_F": 2, "DISTRITO_L": 3, "MUNICIPIO_2": 44, "SECCION": 632, "TIPO": 4, "CONTROL_2": 114, "GEOMETRY1__2": null }, "geometry": { "type": "MultiPolygon", "coordinates": [ [ [ [ -92.96174641284523, 16.865312591572167 ], [ -92.964166761791603, 16.867830141789351 ], [ -92.965539660280442, 16.867490941874017 ], [ -92.964166761791603, 16.86783014178944 ], [ -92.96174641284523, 16.865312591572255 ], [ -92.960147703825641, 16.866233729387254 ], [ -92.96174641284523, 16.865312591572167 ] ] ], [ [ [ -92.973385546418768, 16.867116976657538 ], [ -92.974018280780541, 16.866614914817859 ], [ -92.973385546418768, 16.86711697665762 ], [ -92.972872630606332, 16.867576050972282 ], [ -92.973385546418768, 16.867116976657538 ] ] ], [ [ [ -92.977589890076956, 16.861120739993268 ], [ -92.977187479622273, 16.860874016898151 ], [ -92.977589890076956, 16.861120739993179 ], [ -92.977877738829193, 16.861368081800141 ], [ -92.977589890076956, 16.861120739993268 ] ] ], [ [ [ -92.976900112840525, 16.860709637549341 ], [ -92.976553544733292, 16.86021371341409 ], [ -92.976378340972161, 16.859633897340753 ], [ -92.976553544733306, 16.86021371341409 ], [ -92.976900112840539, 16.860709637549341 ], [ -92.977187479622273, 16.860874016898151 ], [ -92.976900112840525, 16.860709637549341 ] ] ], [ [ [ -92.976260898998774, 16.859136735258478 ], [ -92.976469864964372, 16.857466645768834 ], [ -92.976260898998788, 16.859136735258389 ], [ -92.976378340972161, 16.859633897340753 ], [ -92.976260898998774, 16.859136735258478 ] ] ], [ [ [ -92.975805031154081, 16.85139423134261 ], [ -92.976795189929774, 16.854866536862112 ], [ -92.976795189929774, 16.854866536862176 ], [ -92.975805031154081, 16.85139423134261 ] ] ], [ [ [ -92.968260302134325, 16.838649107662345 ], [ -92.972170310651251, 16.835181570892246 ], [ -92.968260302134325, 16.838649107662345 ], [ -92.967922651406639, 16.839903195862441 ], [ -92.968260302134325, 16.838649107662345 ] ] ], [ [ [ -92.972507493756453, 16.834059712329307 ], [ -92.973016730650968, 16.832978409811727 ], [ -92.972507493756453, 16.834059712329399 ], [ -92.972170310651251, 16.835181570892246 ], [ -92.972507493756453, 16.834059712329307 ] ] ], [ [ [ -92.974096770685378, 16.831562165056386 ], [ -92.974949864094796, 16.830520486847274 ], [ -92.974096770685378, 16.831562165056475 ], [ -92.973016730650968, 16.832978409811727 ], [ -92.974096770685378, 16.831562165056386 ] ] ], [ [ [ -92.97527839049576, 16.827905276609762 ], [ -92.976358624951288, 16.826530501062894 ], [ -92.976787076202569, 16.826341512305401 ], [ -92.97721552660532, 16.826152522650069 ], [ -92.977843342192742, 16.825775779738866 ], [ -92.977215526605292, 16.826152522650158 ], [ -92.976787076202569, 16.826341512305401 ], [ -92.976358624951303, 16.826530501062894 ], [ -92.97527839049576, 16.827905276609851 ], [ -92.97516756405291, 16.828548863318733 ], [ -92.97527839049576, 16.827905276609762 ] ] ], [ [ [ -92.982318658273144, 16.827161954336979 ], [ -92.983866910511239, 16.827485406623154 ], [ -92.982318658273144, 16.827161954337075 ], [ -92.980883025296762, 16.826506014421245 ], [ -92.982318658273144, 16.827161954336979 ] ] ], [ [ [ -92.983010173136179, 16.820720619346158 ], [ -92.983570704657467, 16.817791302132054 ], [ -92.983010173136222, 16.820720619346194 ], [ -92.983010173136179, 16.820720619346158 ] ] ], [ [ [ -92.983657794637921, 16.816527709355768 ], [ -92.983662362245752, 16.817312294123457 ], [ -92.983662362245738, 16.817312294123518 ], [ -92.983657794637921, 16.816527709355768 ] ] ] ] } },
{ "type": "Feature", "properties": { "ID": 111, "ENTIDAD": 7, "MUNICIPIO": 27, "NOMBRE": "CHIAPA DE CORZO", "CONTROL": 179, "GEOMETRY1_": null, "ID_2": 597, "ENTIDAD_2": 7, "DISTRITO_F": 2, "DISTRITO_L": 3, "MUNICIPIO_2": 44, "SECCION": 634, "TIPO": 4, "CONTROL_2": 110, "GEOMETRY1__2": null }, "geometry": { "type": "MultiPolygon", "coordinates": [ [ [ [ -92.921503868561743, 16.755883185742295 ], [ -92.921094457252593, 16.754308921652729 ], [ -92.921503868561743, 16.755883185742206 ], [ -92.92168787894083, 16.75622535543566 ], [ -92.921503868561743, 16.755883185742295 ] ] ], [ [ [ -92.910859380979119, 16.746147531026601 ], [ -92.910220866504389, 16.74453292680294 ], [ -92.910859380979133, 16.746147531026601 ], [ -92.911380249338762, 16.747181964889069 ], [ -92.910859380979119, 16.746147531026601 ] ] ], [ [ [ -92.907231231618383, 16.74218355154926 ], [ -92.907231231618397, 16.74218355154926 ], [ -92.910220866504389, 16.74453292680294 ], [ -92.907231231618383, 16.74218355154926 ] ] ], [ [ [ -92.903619821913381, 16.741289193096183 ], [ -92.902183985332428, 16.74042529104479 ], [ -92.903619821913381, 16.741289193096183 ], [ -92.906773940836345, 16.742310319259328 ], [ -92.903619821913381, 16.741289193096183 ] ] ], [ [ [ -92.896619849276462, 16.738337635350369 ], [ -92.894612735086284, 16.737683963688301 ], [ -92.896619849276462, 16.738337635350369 ], [ -92.899547358853781, 16.739816325294431 ], [ -92.896619849276462, 16.738337635350369 ] ] ], [ [ [ -92.882951047388161, 16.729984654726351 ], [ -92.883677823505437, 16.726703868012741 ], [ -92.88295104738819, 16.729984654726351 ], [ -92.883137217876481, 16.730951356144146 ], [ -92.882951047388161, 16.729984654726351 ] ] ], [ [ [ -92.886161383296681, 16.720095684554611 ], [ -92.886324282522338, 16.718435538634491 ], [ -92.887806966368416, 16.71739107981124 ], [ -92.886324282522338, 16.71843553863458 ], [ -92.886161383296709, 16.720095684554703 ], [ -92.885089913956776, 16.723129293531169 ], [ -92.886161383296681, 16.720095684554611 ] ] ], [ [ [ -92.887898274006503, 16.713291604992392 ], [ -92.88652346982883, 16.712834285992127 ], [ -92.887898274006503, 16.713291604992303 ], [ -92.888243669273649, 16.713406496534752 ], [ -92.887898274006503, 16.713291604992392 ] ] ], [ [ [ -92.880529595081654, 16.715892281988303 ], [ -92.878987675711699, 16.716563630081581 ], [ -92.880529595081626, 16.715892281988303 ], [ -92.882412294196186, 16.714721434398047 ], [ -92.880529595081654, 16.715892281988303 ] ] ], [ [ [ -92.874539234574002, 16.719655301369258 ], [ -92.872589413391722, 16.718959652754705 ], [ -92.874539234574002, 16.719655301369173 ], [ -92.875559938045328, 16.717825015818253 ], [ -92.874539234574002, 16.719655301369258 ] ] ], [ [ [ -92.872961148312427, 16.713440538751776 ], [ -92.874220364202543, 16.713434358461623 ], [ -92.874220364202486, 16.713434358461711 ], [ -92.872961148312427, 16.713440538751776 ] ] ], [ [ [ -92.867799853633684, 16.711557554383848 ], [ -92.867218835400749, 16.709901053066648 ], [ -92.867799853633684, 16.711557554383759 ], [ -92.869121711979432, 16.712588184248169 ], [ -92.867799853633684, 16.711557554383848 ] ] ] ] } },
{ "type": "Feature", "properties": { "ID": 111, "ENTIDAD": 7, "MUNICIPIO": 27, "NOMBRE": "CHIAPA DE CORZO", "CONTROL": 179, "GEOMETRY1_": null, "ID_2": 409, "ENTIDAD_2": 7, "DISTRITO_F": 6, "DISTRITO_L": 3, "MUNICIPIO_2": 27, "SECCION": 431, "TIPO": 2, "CONTROL_2": 38, "GEOMETRY1__2": null }, "geometry": { "type": "MultiPolygon", "coordinates": [ [ [ [ -92.97061117346037, 16.4912708915686 ], [ -92.970522374343872, 16.491546129897237 ], [ -92.970192677132104, 16.49171735035484 ], [ -92.969856663174355, 16.491735652262225 ], [ -92.969381207439866, 16.491533732616205 ], [ -92.967768717589678, 16.490930879145075 ], [ -92.9678056155078, 16.490759829816319 ], [ -92.967828946194004, 16.490651674550513 ], [ -92.967871502950118, 16.490286198014839 ], [ -92.967845604307257, 16.490189408679036 ], [ -92.96786864866597, 16.490098959518669 ], [ -92.96792284730715, 16.490062622080888 ], [ -92.967965190708298, 16.490028718318758 ], [ -92.968029888984205, 16.489995267702845 ], [ -92.968107631442564, 16.489932667380288 ], [ -92.968057781274126, 16.48990022049362 ], [ -92.968001623903277, 16.489863668296035 ], [ -92.967478210317068, 16.489372898165875 ], [ -92.96793542734973, 16.488931909312718 ], [ -92.96673141045342, 16.487749514288058 ], [ -92.966705525689264, 16.487698252892379 ], [ -92.966660470694777, 16.487609027286279 ], [ -92.966325208158764, 16.487696573157272 ], [ -92.96278519061444, 16.48196447794842 ], [ -92.963389495857854, 16.481574279934179 ], [ -92.963405617278823, 16.481560981531263 ], [ -92.963421738697576, 16.481547683127179 ], [ -92.963476493018561, 16.481502516788616 ], [ -92.963358371732227, 16.481304868307092 ], [ -92.964898002931406, 16.47919872669441 ], [ -92.965938101057503, 16.479631754028837 ], [ -92.965996695566247, 16.479659104568416 ], [ -92.96717999703263, 16.480379618374638 ], [ -92.968000515239368, 16.481555496178668 ], [ -92.968059681014566, 16.481622324298435 ], [ -92.968118872612649, 16.481686248006678 ], [ -92.968218609522282, 16.481757794067644 ], [ -92.968335278541829, 16.481851075386462 ], [ -92.968491911442015, 16.481963884765001 ], [ -92.968598925800123, 16.482073014301022 ], [ -92.968691041379017, 16.482152427683541 ], [ -92.968766224913352, 16.482210105756277 ], [ -92.968831075850474, 16.482286292457822 ], [ -92.968878396018042, 16.482323263911731 ], [ -92.968911834687134, 16.482349389675214 ], [ -92.96894351244174, 16.4823741396179 ], [ -92.968996008823112, 16.482388573623631 ], [ -92.969120133635528, 16.482452591473891 ], [ -92.969237281690582, 16.482553533596814 ], [ -92.969257666380912, 16.482571098308913 ], [ -92.969304302374255, 16.482604076046165 ], [ -92.969346523893634, 16.482633932155142 ], [ -92.969486344338833, 16.482737377169794 ], [ -92.969525517699324, 16.482757621940316 ], [ -92.969597824100262, 16.482804545356394 ], [ -92.969652879770123, 16.482837935281928 ], [ -92.969743792454835, 16.482893071558347 ], [ -92.969846074732942, 16.482932580265715 ], [ -92.969946490637071, 16.483001465219246 ], [ -92.970048773013318, 16.483040973827304 ], [ -92.970150544483687, 16.483104538125552 ], [ -92.970218618073687, 16.483146027537106 ], [ -92.970283814035184, 16.483176762581756 ], [ -92.970338677468632, 16.483226006335101 ], [ -92.970441293650168, 16.483308305672782 ], [ -92.970527822030078, 16.48338760501596 ], [ -92.970578285658959, 16.483410019463818 ], [ -92.970621805335739, 16.483437641241018 ], [ -92.970698451527298, 16.483482919291358 ], [ -92.9707389873886, 16.483506865468055 ], [ -92.97083178222988, 16.483583617619626 ], [ -92.970937109650237, 16.483655275588717 ], [ -92.971025504646505, 16.483705198420999 ], [ -92.971109833437254, 16.483771082905896 ], [ -92.971208727917556, 16.483823892353563 ], [ -92.97128899058275, 16.483905738457654 ], [ -92.971370441820468, 16.483960868506387 ], [ -92.971432249712237, 16.48400490460407 ], [ -92.971525722767936, 16.484078996162516 ], [ -92.971589495772619, 16.484108574806054 ], [ -92.971646294040823, 16.48413491846356 ], [ -92.971747055007455, 16.484158351347247 ], [ -92.971874737313215, 16.484230461596315 ], [ -92.972006819855309, 16.484329400975806 ], [ -92.972145679498468, 16.484401737422456 ], [ -92.972296728089773, 16.484514430754597 ], [ -92.972411200611887, 16.484594295181576 ], [ -92.97251940696286, 16.484676706663258 ], [ -92.972593469512717, 16.484740263468055 ], [ -92.972643868486301, 16.484783513327081 ], [ -92.974076312501325, 16.485753765555813 ], [ -92.974168237070174, 16.48583726795172 ], [ -92.974226852806609, 16.485890513227638 ], [ -92.974340138818846, 16.485997092626867 ], [ -92.974618994642285, 16.486257472480553 ], [ -92.974738418647064, 16.486374167028004 ], [ -92.974826305472916, 16.486448143989708 ], [ -92.974146517020372, 16.488212600265697 ], [ -92.973721874050838, 16.490700821967163 ], [ -92.973708574384787, 16.49077875112657 ], [ -92.973698888742035, 16.490835503939714 ], [ -92.973667634645096, 16.491018636409368 ], [ -92.973475215480462, 16.491187985462293 ], [ -92.972986976169523, 16.49115460058071 ], [ -92.972896711241191, 16.491134054906887 ], [ -92.972784601946955, 16.491089000820629 ], [ -92.972628432188486, 16.490980196780143 ], [ -92.972563780108828, 16.490935153370316 ], [ -92.972507894118678, 16.490896217303636 ], [ -92.971589572653727, 16.490024611257816 ], [ -92.970586719634014, 16.490851957828767 ], [ -92.970545841727983, 16.490913204123483 ], [ -92.970493904248286, 16.490991020619632 ], [ -92.97061117346037, 16.4912708915686 ] ] ] ] } },
{ "type": "Feature", "properties": { "ID": 111, "ENTIDAD": 7, "MUNICIPIO": 27, "NOMBRE": "CHIAPA DE CORZO", "CONTROL": 179, "GEOMETRY1_": null, "ID_2": 410, "ENTIDAD_2": 7, "DISTRITO_F": 6, "DISTRITO_L": 3, "MUNICIPIO_2": 27, "SECCION": 432, "TIPO": 4, "CONTROL_2": 2615, "GEOMETRY1__2": null }, "geometry": { "type": "MultiPolygon", "coordinates": [ [ [ [ -92.805411816900474, 16.361975848538595 ], [ -92.805638221470687, 16.361560579206468 ], [ -92.806380983837869, 16.361184364436962 ], [ -92.8074648231743, 16.360392349036264 ], [ -92.808663629939673, 16.359641222363631 ], [ -92.809640484201552, 16.359926690008439 ], [ -92.811016643396556, 16.359920350521865 ], [ -92.811585587728587, 16.359296379207706 ], [ -92.812436768417555, 16.358049755565776 ], [ -92.812602841911072, 16.357220524872915 ], [ -92.812199387566892, 16.356932425128218 ], [ -92.811275725868953, 16.356066799406619 ], [ -92.810866932108468, 16.355033104198831 ], [ -92.810632828738136, 16.354371411984093 ], [ -92.810336343774978, 16.353005812425081 ], [ -92.810562133815324, 16.352507693546286 ], [ -92.810675028401889, 16.352258634002812 ], [ -92.811242466563158, 16.351427553709925 ], [ -92.81175523624006, 16.350969532980148 ], [ -92.812841078461247, 16.350467441308506 ], [ -92.813775654625715, 16.350585767153444 ], [ -92.814734992584377, 16.350707223613814 ], [ -92.816349377506555, 16.351942442572387 ], [ -92.816928120746425, 16.352685376951737 ], [ -92.817844333192269, 16.352515432162626 ], [ -92.818933453131109, 16.352468949457212 ], [ -92.820296709185655, 16.350681409117339 ], [ -92.820807363215053, 16.349933413090433 ], [ -92.821374452907662, 16.349060882973198 ], [ -92.822855928431323, 16.347769853097759 ], [ -92.823939927326236, 16.347019172406188 ], [ -92.825314497031115, 16.346805629265781 ], [ -92.826921711156359, 16.347046643085026 ], [ -92.828817414864929, 16.347534830061015 ], [ -92.830425241517062, 16.347858661004867 ], [ -92.831336300033882, 16.346984485267509 ], [ -92.832129966240458, 16.345738048781012 ], [ -92.832129966240444, 16.34573804878093 ], [ -92.832129966240458, 16.34573804878092 ], [ -92.832064795267797, 16.344661349909035 ], [ -92.832629709561601, 16.343498835220654 ], [ -92.833482799717785, 16.342542076029684 ], [ -92.833668308594568, 16.342427286629125 ], [ -92.833853817255701, 16.342312497062146 ], [ -92.834224833930989, 16.342082917428993 ], [ -92.834766042409399, 16.341603993270809 ], [ -92.835262229024124, 16.341164906380961 ], [ -92.835307248253685, 16.341125067677908 ], [ -92.835357424685256, 16.341109258903053 ], [ -92.836908986307108, 16.340620410897159 ], [ -92.838795267993589, 16.339824428968051 ], [ -92.839869163789459, 16.337706741629983 ], [ -92.840264133768329, 16.336834975249356 ], [ -92.840887522659955, 16.335837852278512 ], [ -92.841857632125141, 16.335211888210328 ], [ -92.842571408264831, 16.334814968795495 ], [ -92.843285181539287, 16.334418046925823 ], [ -92.844603526728918, 16.334370337734008 ], [ -92.84575382880233, 16.334861927029589 ], [ -92.84593167076153, 16.335106373546374 ], [ -92.846564705693211, 16.335976483680664 ], [ -92.847169443342082, 16.336346402064503 ], [ -92.847774183275135, 16.336716318721237 ], [ -92.848230411185781, 16.336382747671703 ], [ -92.861763327268534, 16.322550415330969 ], [ -92.864293592814249, 16.319963851758306 ], [ -92.86555870064754, 16.318670558175477 ], [ -92.866823791855523, 16.317377256731028 ], [ -92.870706153760068, 16.313408166978697 ], [ -92.872489645428416, 16.313187093765404 ], [ -92.885154483772226, 16.311616113436397 ], [ -92.894704240684064, 16.310431076876313 ], [ -92.894083308485335, 16.322494929852699 ], [ -92.893805030360426, 16.327916325631371 ], [ -92.893805030360426, 16.327916325631371 ], [ -92.893805030360426, 16.32791632563146 ], [ -92.894723265428524, 16.328035998805099 ], [ -92.89570250631634, 16.328304395218989 ], [ -92.895649635868509, 16.335133660168356 ], [ -92.894883669111849, 16.340162918564729 ], [ -92.895006797470074, 16.341930411828223 ], [ -92.903044693025848, 16.344314277212362 ], [ -92.904127146779587, 16.344388087422431 ], [ -92.907215634986528, 16.345506040070205 ], [ -92.902071311139835, 16.353494515183332 ], [ -92.90182172811457, 16.353829135928553 ], [ -92.900509418065155, 16.355817342456668 ], [ -92.900308467422548, 16.356031199505995 ], [ -92.900165966626162, 16.356346477798617 ], [ -92.89958742710148, 16.357226328759701 ], [ -92.89623575484535, 16.362367343467795 ], [ -92.893074356515228, 16.367200501784854 ], [ -92.893555883397099, 16.368577587087053 ], [ -92.893810757666486, 16.369306464209746 ], [ -92.906215722156631, 16.376201740145508 ], [ -92.907520907644965, 16.377438892377182 ], [ -92.911412430969492, 16.380962979534242 ], [ -92.914561040214792, 16.383729976048496 ], [ -92.916762602441239, 16.385869569019803 ], [ -92.917622518638481, 16.38651104776671 ], [ -92.917900872495622, 16.387145760861944 ], [ -92.921270261639322, 16.389006411483646 ], [ -92.921880419069751, 16.389759505400782 ], [ -92.922886826490796, 16.390593091329567 ], [ -92.930059473063451, 16.394563738711117 ], [ -92.931161186494194, 16.395496088377335 ], [ -92.933951757658278, 16.397985488701938 ], [ -92.936656796028345, 16.399270553237866 ], [ -92.938507547319404, 16.400467465321903 ], [ -92.941394407157318, 16.402811656099292 ], [ -92.944378601982365, 16.405571259806035 ], [ -92.945057783224541, 16.406529052406853 ], [ -92.946486683450956, 16.408571453739089 ], [ -92.94709162059543, 16.409609758532522 ], [ -92.947447216562892, 16.410052530506654 ], [ -92.94869703964423, 16.411680023073753 ], [ -92.949417350807167, 16.412750215269124 ], [ -92.950758263269307, 16.415275693129225 ], [ -92.950871964280267, 16.41584986276666 ], [ -92.951337729810632, 16.416315895665761 ], [ -92.952258387889302, 16.417462286510524 ], [ -92.953063253683382, 16.418641092128169 ], [ -92.954822717001491, 16.421203112582546 ], [ -92.960118180622615, 16.424834054757746 ], [ -92.961467180140986, 16.425038946272419 ], [ -92.965871380187053, 16.425826707966689 ], [ -92.967803219959492, 16.425930829047989 ], [ -92.976016487348744, 16.426943283485468 ], [ -92.977534371947556, 16.427470694159627 ], [ -92.979418648589117, 16.427690958291638 ], [ -92.981087222592549, 16.428207817279485 ], [ -92.989618647105402, 16.430826364977619 ], [ -92.993141964686586, 16.431378693746744 ], [ -93.003372429148641, 16.432012232747667 ], [ -93.003487689260467, 16.432019860661814 ], [ -93.011249028938025, 16.432533984784389 ], [ -93.016038548344483, 16.432682083810686 ], [ -93.017154523600666, 16.433067734227983 ], [ -93.020437913733403, 16.43346525629623 ], [ -93.023282094098519, 16.432178037493724 ], [ -93.026725866716404, 16.430619376621987 ], [ -93.028908348627695, 16.42951187161637 ], [ -93.031607549965415, 16.43315028154122 ], [ -93.029872648854038, 16.433908190315556 ], [ -93.032023824150755, 16.436102370180183 ], [ -93.036265832765139, 16.440428947203767 ], [ -93.038053913641406, 16.441194655964733 ], [ -93.03810116778925, 16.441221225090995 ], [ -93.039671853987045, 16.441519987316408 ], [ -93.042568033891058, 16.440629880127076 ], [ -93.04436546878398, 16.440436683728922 ], [ -93.049514118050496, 16.435088702239025 ], [ -93.049148817387916, 16.434328611171313 ], [ -93.049313187258448, 16.433055300959779 ], [ -93.049620461122643, 16.43257486785096 ], [ -93.051206956402979, 16.432741854066684 ], [ -93.052668195529307, 16.432547023066647 ], [ -93.0526956938468, 16.432535779392492 ], [ -93.055019428216568, 16.431410393972435 ], [ -93.061210362831503, 16.428184530467302 ], [ -93.066369255977122, 16.420797876835735 ], [ -93.082011126818813, 16.422400180048029 ], [ -93.084918069467449, 16.422697826446811 ], [ -93.087894233994092, 16.423002517919858 ], [ -93.096306680261392, 16.423863527397522 ], [ -93.088215496954859, 16.438586395682286 ], [ -93.053977740741487, 16.456759957504634 ], [ -93.042892612809723, 16.462642067990014 ], [ -93.041235981978588, 16.463521046344844 ], [ -93.038332145482983, 16.464503815176602 ], [ -93.037644388771454, 16.464590571642557 ], [ -93.036899950395195, 16.464760494234625 ], [ -93.036217706247982, 16.465509986076253 ], [ -93.03530356149146, 16.465970828726846 ], [ -93.034560148642655, 16.466265006755471 ], [ -93.033988158706038, 16.466475364497249 ], [ -93.033590689680082, 16.466974694642854 ], [ -93.033191842638772, 16.467308339005353 ], [ -93.032735622750053, 16.467642307334696 ], [ -93.032738717846186, 16.468015098597089 ], [ -93.032628101184187, 16.468512803019106 ], [ -93.032171877514244, 16.468846770088941 ], [ -93.031607094333282, 16.469926967464296 ], [ -93.02394350793692, 16.472911207514692 ], [ -93.025710665927591, 16.475390709609737 ], [ -93.026482806765671, 16.476474076910542 ], [ -93.027225976403358, 16.477516781415808 ], [ -93.028951684839129, 16.479937983759797 ], [ -93.030677436181819, 16.482359171248529 ], [ -93.03010951532471, 16.483066572518553 ], [ -93.02976972207972, 16.483606991867251 ], [ -93.029086355180169, 16.484232195714728 ], [ -93.028517393972152, 16.484815328982133 ], [ -93.027946714762408, 16.485191354717021 ], [ -93.026861355853299, 16.485777393604003 ], [ -93.026521206256106, 16.48627638636961 ], [ -93.025500404611492, 16.487731940034365 ], [ -93.0247640811765, 16.488895927694006 ], [ -93.024082732296392, 16.489769642021216 ], [ -93.023798236543968, 16.490061201917335 ], [ -93.023400009452303, 16.490477669346152 ], [ -93.02300417381548, 16.49118408425192 ], [ -93.022947137249844, 16.49122582749126 ], [ -93.022376770248144, 16.491643259021853 ], [ -93.021583034458729, 16.492807556983671 ], [ -93.020838815662813, 16.493018843369899 ], [ -93.020154363238788, 16.493519754048442 ], [ -93.019065865013843, 16.493732961564863 ], [ -93.018694093648065, 16.493880021781042 ], [ -93.018322321720134, 16.494027081335052 ], [ -93.0177196688809, 16.494009738132089 ], [ -93.017418342500847, 16.494001065879477 ], [ -93.017117016147211, 16.493992393192745 ], [ -93.015910689866033, 16.493833434563999 ], [ -93.014587226516909, 16.493385160240752 ], [ -93.013608722836068, 16.493017803223925 ], [ -93.012571485302075, 16.492485076064675 ], [ -93.011993282890955, 16.491949791838628 ], [ -93.010956055461463, 16.491417056608626 ], [ -93.010032912203144, 16.490800836807558 ], [ -93.009686268798177, 16.490512799165344 ], [ -93.008821189646099, 16.489979097949597 ], [ -93.008414800053089, 16.489401427876285 ], [ -93.008268691409597, 16.488650702433681 ], [ -93.008115378094814, 16.487870433066995 ], [ -93.00782205640931, 16.487085019618018 ], [ -93.00741567582071, 16.48650734744022 ], [ -93.006668081708469, 16.48630437129637 ], [ -93.006093973154975, 16.486266125167891 ], [ -93.005058820442528, 16.485981887770226 ], [ -93.004368945582897, 16.485820007477297 ], [ -93.003334135442159, 16.48557718276858 ], [ -93.002820782265744, 16.48595282331841 ], [ -93.002366491561745, 16.48653525236147 ], [ -93.001166813700564, 16.486962169484581 ], [ -93.000194133314935, 16.487274995281364 ], [ -92.999733829439577, 16.487397126110409 ], [ -92.999113373943601, 16.487561747565934 ], [ -92.998735102815857, 16.488369870692935 ], [ -92.998302788300549, 16.489386541021414 ], [ -92.998275763517185, 16.490012185913418 ], [ -92.999815997659368, 16.489860162157406 ], [ -92.99970952382759, 16.491437811060969 ], [ -92.999424315398102, 16.49164649535583 ], [ -92.999139106357319, 16.491855179257762 ], [ -92.998854906941403, 16.492188126415833 ], [ -92.998399579885131, 16.4926462828567 ], [ -92.997828146481439, 16.492939383789277 ], [ -92.997599976414463, 16.493106329180456 ], [ -92.9971426259564, 16.493315955565375 ], [ -92.996400059785586, 16.493734261075495 ], [ -92.994915009198039, 16.494560251320813 ], [ -92.993020163376656, 16.494634153127141 ], [ -92.991948542017155, 16.493763443668804 ], [ -92.992456227002279, 16.492212579774101 ], [ -92.993965289443963, 16.490682297090295 ], [ -92.993847176591004, 16.490268715065678 ], [ -92.993729399344375, 16.489896552053818 ], [ -92.993496194641367, 16.489442172439343 ], [ -92.993319699070483, 16.488904640278776 ], [ -92.993143203121747, 16.488367103826064 ], [ -92.992737198827655, 16.487830824456054 ], [ -92.992674790195196, 16.487209821796704 ], [ -92.99255601056511, 16.486713392064573 ], [ -92.992381196176538, 16.486382963162896 ], [ -92.992147999477666, 16.485928583967116 ], [ -92.992029222195384, 16.485432156120076 ], [ -92.991909775004871, 16.484852885670492 ], [ -92.991850386918969, 16.484604671665405 ], [ -92.992018157940819, 16.484065254663602 ], [ -92.992474486062022, 16.483731375510946 ], [ -92.992819079979029, 16.483770916330727 ], [ -92.992936515648125, 16.484101656752408 ], [ -92.993169040954186, 16.484473192637889 ], [ -92.993397540274358, 16.484347673194844 ], [ -92.99514706456732, 16.484234959669763 ], [ -92.994979830889477, 16.482286224090938 ], [ -92.998723133699258, 16.482174056830832 ], [ -92.999418194324406, 16.482159359900816 ], [ -92.999318448466667, 16.481369905037859 ], [ -92.998591468345182, 16.4813609804546 ], [ -92.996917718204131, 16.481401877306727 ], [ -92.994782249086612, 16.481888141513679 ], [ -92.994337934769788, 16.481171467682525 ], [ -92.995654683370418, 16.480179444859097 ], [ -92.994196141938104, 16.48002785482862 ], [ -92.993222302171787, 16.481262125104042 ], [ -92.992916387490354, 16.481616383276638 ], [ -92.99234095408174, 16.481412412068618 ], [ -92.99170848153544, 16.481250176308343 ], [ -92.991076680189536, 16.481170781178974 ], [ -92.990788127426597, 16.480965241191996 ], [ -92.990557285654589, 16.48080080891328 ], [ -92.990156327380873, 16.480885843283211 ], [ -92.989355413906907, 16.48118017354026 ], [ -92.988839368589254, 16.481224409763584 ], [ -92.988380364110569, 16.481226910871172 ], [ -92.987749567300554, 16.481271769527101 ], [ -92.987234189892121, 16.48139884434439 ], [ -92.986489309207499, 16.481527166245005 ], [ -92.985916554614306, 16.481654549863137 ], [ -92.985459552370415, 16.48190557222647 ], [ -92.984888131030814, 16.482198638129319 ], [ -92.984318376167309, 16.482698808842812 ], [ -92.983632532107151, 16.483033915458535 ], [ -92.98288861668928, 16.483286504279448 ], [ -92.982546050260879, 16.483495462988763 ], [ -92.982261836524629, 16.483828385731847 ], [ -92.981576651073055, 16.484246328112192 ], [ -92.981120969013233, 16.484663026017188 ], [ -92.980609572569591, 16.485287139717638 ], [ -92.98004013042862, 16.485828719885653 ], [ -92.979757569785676, 16.486368749606733 ], [ -92.979532718987016, 16.486949886064856 ], [ -92.979192778660362, 16.48749022311388 ], [ -92.978627979992822, 16.488611699193168 ], [ -92.978574259198936, 16.489067640700252 ], [ -92.978514701996048, 16.489296570704347 ], [ -92.97835006573726, 16.489731620229751 ], [ -92.978238300789371, 16.490105031142669 ], [ -92.978126535412073, 16.490478441982049 ], [ -92.977786916558188, 16.491060199829239 ], [ -92.977506336776173, 16.491848749702228 ], [ -92.977338518852449, 16.4923881546259 ], [ -92.97733984752989, 16.492553839611727 ], [ -92.977229075254428, 16.493051515859648 ], [ -92.977176345727031, 16.493631722645969 ], [ -92.976953471155284, 16.494461383211878 ], [ -92.976842697004912, 16.494959056915523 ], [ -92.976732254330955, 16.4954981517714 ], [ -92.976565094708704, 16.496120400534693 ], [ -92.976454983005524, 16.49670091422389 ], [ -92.976286826017457, 16.497198896815537 ], [ -92.976119995836839, 16.49786256415522 ], [ -92.976065934419623, 16.498277085614863 ], [ -92.975726296498735, 16.498858837631541 ], [ -92.975387320073764, 16.499523431503956 ], [ -92.975219157906906, 16.500021413095713 ], [ -92.975105722495641, 16.50018771586068 ], [ -92.974935569015045, 16.500437169887299 ], [ -92.974822464764145, 16.500644893708568 ], [ -92.974537879359062, 16.500936386285805 ], [ -92.974480829065314, 16.500978118428726 ], [ -92.974370045343832, 16.501475788337153 ], [ -92.973971689180203, 16.501892161178844 ], [ -92.973686769270145, 16.502142231346209 ], [ -92.973342810147315, 16.502185503506958 ], [ -92.973170830528858, 16.502207139374978 ], [ -92.972998850871775, 16.502228777362163 ], [ -92.972740964116923, 16.502271585989856 ], [ -92.972490903992309, 16.502170117219393 ], [ -92.971902405851623, 16.501931316318515 ], [ -92.971448347438582, 16.501747066863633 ], [ -92.970401857267262, 16.501323731783664 ], [ -92.969372066838972, 16.500777718801924 ], [ -92.968946894242436, 16.500507826571173 ], [ -92.968045526703222, 16.49993564865165 ], [ -92.967440714654103, 16.49964892258523 ], [ -92.967138309298733, 16.499505558894217 ], [ -92.966835904389455, 16.499362194764807 ], [ -92.966028614087904, 16.498869431649407 ], [ -92.965337737278659, 16.498583159123605 ], [ -92.96464752145917, 16.49837972678942 ], [ -92.964187817555398, 16.49829933228677 ], [ -92.963383501246412, 16.498179350096535 ], [ -92.962751656658497, 16.498099869506671 ], [ -92.962236876413456, 16.498309724940555 ], [ -92.961492243507223, 16.498479378761839 ], [ -92.96074859525163, 16.498773293652036 ], [ -92.960119706454464, 16.499066596281878 ], [ -92.959662958574143, 16.499358983003859 ], [ -92.959434091566422, 16.49944304412594 ], [ -92.959034066254361, 16.499652282344556 ], [ -92.958749130477017, 16.499902332181815 ], [ -92.958674695404014, 16.500930107684663 ], [ -92.95963731037412, 16.501580468625001 ], [ -92.959925925887688, 16.502602224340649 ], [ -92.959989931514798, 16.503469133660417 ], [ -92.959985996611934, 16.503913794782335 ], [ -92.960274550768773, 16.504119376806447 ], [ -92.960620487935145, 16.504324653486314 ], [ -92.960737553297733, 16.504613992086458 ], [ -92.960912330267305, 16.504944446808164 ], [ -92.961144490508616, 16.505274596288036 ], [ -92.961204174455119, 16.505564239689779 ], [ -92.961436664732346, 16.505935810041176 ], [ -92.961610457551956, 16.506142000507744 ], [ -92.961785895128159, 16.506555296876964 ], [ -92.961846238200835, 16.506927782479501 ], [ -92.962078073447245, 16.507216509661212 ], [ -92.962309909381418, 16.507505236579174 ], [ -92.962870460995461, 16.508388064132678 ], [ -92.958813437229594, 16.507230362744981 ], [ -92.958946944921593, 16.508831527191592 ], [ -92.962001368642177, 16.510411033625811 ], [ -92.956522822904859, 16.513653834789864 ], [ -92.9547760448785, 16.514743644276979 ], [ -92.953029247294978, 16.51583343899873 ], [ -92.946434020587674, 16.517079041846536 ], [ -92.946032300165456, 16.517024534972286 ], [ -92.945934192281527, 16.516977465610449 ], [ -92.945737397934082, 16.516623346144844 ], [ -92.945687976610813, 16.516434370837814 ], [ -92.945614001616008, 16.516221803846854 ], [ -92.945515527341044, 16.516009293717879 ], [ -92.945416841802043, 16.515702234444735 ], [ -92.945170524438097, 16.515111868975815 ], [ -92.945023363919333, 16.515041273340934 ], [ -92.944954701473407, 16.514984737371002 ], [ -92.945522889654001, 16.513716442828002 ], [ -92.942346646678175, 16.511298121349533 ], [ -92.94229067194118, 16.511217930381051 ], [ -92.940725769894996, 16.510266559533044 ], [ -92.940556740506338, 16.509718264243386 ], [ -92.940457382596207, 16.509044676526855 ], [ -92.940141171218528, 16.507947928772115 ], [ -92.939613271683271, 16.507281666324147 ], [ -92.938389358923629, 16.506362006865221 ], [ -92.938119074424037, 16.506050454634096 ], [ -92.937234730001094, 16.504965032128318 ], [ -92.936791839698657, 16.504091428908541 ], [ -92.936815617679585, 16.503760491529754 ], [ -92.936888857341785, 16.503642162253051 ], [ -92.93708464231608, 16.50354722916865 ], [ -92.937427576039312, 16.5035228879869 ], [ -92.93764796328135, 16.503475168504188 ], [ -92.93789279677803, 16.503403771307447 ], [ -92.938235523088267, 16.503284897676462 ], [ -92.939631389118077, 16.503022052156769 ], [ -92.9409044976573, 16.502641281298668 ], [ -92.940632982532279, 16.501720066536738 ], [ -92.940387372447489, 16.501436945813431 ], [ -92.940926134779986, 16.501341302045443 ], [ -92.941219858592405, 16.501222518111849 ], [ -92.941815809900802, 16.500839660781189 ], [ -92.941962007973686, 16.500801652129127 ], [ -92.943861992051225, 16.500307756164794 ], [ -92.94576196560385, 16.499813833843064 ], [ -92.947155268448086, 16.499451614942227 ], [ -92.947160350877283, 16.499334060279359 ], [ -92.946347205431763, 16.496797712643982 ], [ -92.945846356566818, 16.49532031410412 ], [ -92.947541186053883, 16.494680579423235 ], [ -92.94518465977913, 16.490096140000073 ], [ -92.943102348065835, 16.48604250324739 ], [ -92.941624003659797, 16.483304468266507 ], [ -92.940638925354349, 16.483662573533408 ], [ -92.939978937344094, 16.484125422935907 ], [ -92.934222026798849, 16.486215980537544 ], [ -92.929861105033169, 16.477783113539818 ], [ -92.928452444579406, 16.4784871938196 ], [ -92.925368712352721, 16.480028461556781 ], [ -92.924750320174724, 16.480329941024944 ], [ -92.920413661127569, 16.482916189331554 ], [ -92.915240329095496, 16.486239319393555 ], [ -92.914262327434031, 16.484796564119442 ], [ -92.912014664396082, 16.481469031698637 ], [ -92.90782154692036, 16.475463332459721 ], [ -92.907412996442133, 16.474880235059452 ], [ -92.907079423859614, 16.473293585606221 ], [ -92.906814165458272, 16.472248299121652 ], [ -92.906609464993295, 16.471036884002991 ], [ -92.906638437966151, 16.470929248585996 ], [ -92.907391872482336, 16.470224752245258 ], [ -92.908454135419035, 16.469791859617334 ], [ -92.909274066407633, 16.469411541870841 ], [ -92.909648325840237, 16.469212913980314 ], [ -92.910126432417698, 16.468819671597988 ], [ -92.910477638658278, 16.468487475290939 ], [ -92.911016625350854, 16.468245089321496 ], [ -92.912992076799839, 16.467257738153528 ], [ -92.911106985771596, 16.464886720257766 ], [ -92.909111149434707, 16.46237634859725 ], [ -92.907630289932541, 16.460784596030486 ], [ -92.905966143641365, 16.459111725084522 ], [ -92.905739545338122, 16.458898414616144 ], [ -92.905402279952483, 16.458545445166049 ], [ -92.903840935319096, 16.456911380066909 ], [ -92.902849777843244, 16.455303699029049 ], [ -92.902187451089915, 16.454159485360474 ], [ -92.902684835589582, 16.453496713425128 ], [ -92.903285248495806, 16.452696639517836 ], [ -92.90342660318791, 16.452508277590326 ], [ -92.904195827142061, 16.451483230439155 ], [ -92.904855166092204, 16.450604614948706 ], [ -92.905514496291715, 16.449725988238995 ], [ -92.906234258514388, 16.448766839806684 ], [ -92.90689357065601, 16.447888217579766 ], [ -92.907552884344213, 16.44700960221925 ], [ -92.908102303202739, 16.446277403007393 ], [ -92.908453692328678, 16.445809120779359 ], [ -92.908453692090376, 16.445809120370125 ], [ -92.908453692329019, 16.445809120052097 ], [ -92.906180386322404, 16.441905129981691 ], [ -92.901629908183452, 16.430362108906813 ], [ -92.901456159969484, 16.430488569813019 ], [ -92.897201062706145, 16.431961563993628 ], [ -92.896670258611238, 16.432174620969736 ], [ -92.893863101869286, 16.426486795249737 ], [ -92.893494310710992, 16.425630652583511 ], [ -92.89182432452931, 16.421215059677664 ], [ -92.891165645717479, 16.419289958945523 ], [ -92.890888374545014, 16.418412768240199 ], [ -92.890028969179568, 16.415157795698772 ], [ -92.883382810079098, 16.402276489412692 ], [ -92.888835152345877, 16.399295148804597 ], [ -92.888674337381119, 16.399146625948667 ], [ -92.888542891189303, 16.399057710608087 ], [ -92.888367621309968, 16.39895183989076 ], [ -92.88828435466219, 16.39892641117758 ], [ -92.888170418931665, 16.398875581635611 ], [ -92.88811347861072, 16.398803619592986 ], [ -92.888082851564207, 16.398706287057603 ], [ -92.888065402445278, 16.398558192561378 ], [ -92.888069878205542, 16.398397417491843 ], [ -92.888017339421609, 16.398291620822015 ], [ -92.88791658633869, 16.398185789401499 ], [ -92.887821061706191, 16.398077203503771 ], [ -92.887793950660992, 16.398020715785695 ], [ -92.88762308690346, 16.397876770065398 ], [ -92.887443433203828, 16.397775126979482 ], [ -92.887294438749507, 16.397715816695822 ], [ -92.887197995272544, 16.397736918716397 ], [ -92.886987586242739, 16.397762190215715 ], [ -92.886715832701412, 16.397753582479044 ], [ -92.886553653488775, 16.397753495036852 ], [ -92.886404658387917, 16.397694184123747 ], [ -92.886256807948826, 16.397545919539525 ], [ -92.886146191494362, 16.397448642871261 ], [ -92.886159390413582, 16.397364026019979 ], [ -92.886194541785855, 16.397215959830802 ], [ -92.886159542836253, 16.397101710689157 ], [ -92.8860105803561, 16.396987390749931 ], [ -92.885887875574696, 16.396945007673526 ], [ -92.885568067925917, 16.396661364711321 ], [ -92.885274508533371, 16.396466572254713 ], [ -92.884753028387507, 16.396263202137373 ], [ -92.884538310040369, 16.396165768098086 ], [ -92.884389275261313, 16.396178378455694 ], [ -92.884183353011707, 16.396030179912401 ], [ -92.883854734949736, 16.395826913706873 ], [ -92.883635619558831, 16.395754860807969 ], [ -92.883528606502765, 16.395777022030654 ], [ -92.883365174751475, 16.39584805863862 ], [ -92.883272232563542, 16.395906758417205 ], [ -92.883182468330091, 16.396008761806971 ], [ -92.883070280886514, 16.396104569288262 ], [ -92.882929266274857, 16.396191076519255 ], [ -92.882736999497951, 16.396265188277436 ], [ -92.882477434484045, 16.396373280000201 ], [ -92.882237078248593, 16.396503033100409 ], [ -92.881990295398126, 16.396663699317855 ], [ -92.881884510950997, 16.396765693148655 ], [ -92.881772306581567, 16.396889334255825 ], [ -92.881618400714885, 16.397099537508698 ], [ -92.881400412861325, 16.397322071306746 ], [ -92.881211282626083, 16.397504420037983 ], [ -92.881105487937702, 16.397621871956932 ], [ -92.881044533022504, 16.397761000132565 ], [ -92.880973965507991, 16.397900122846615 ], [ -92.880877802723404, 16.397983571400005 ], [ -92.880723988233711, 16.398042235533353 ], [ -92.880627829046531, 16.398119491532913 ], [ -92.880557252612121, 16.398274081632831 ], [ -92.880568026570302, 16.398339926490415 ], [ -92.880591203177175, 16.398549904022612 ], [ -92.880598864288061, 16.398726126205059 ], [ -92.88057545357735, 16.39889857911346 ], [ -92.880559835155807, 16.399033547328308 ], [ -92.880594701681417, 16.399183541672382 ], [ -92.880641245746659, 16.399292292861212 ], [ -92.880668334691435, 16.399457280227914 ], [ -92.880633278432185, 16.399618480690346 ], [ -92.880497224843637, 16.399790869588955 ], [ -92.880345656770558, 16.399925760454156 ], [ -92.880240686189239, 16.400083178455308 ], [ -92.880190057897636, 16.400300608145429 ], [ -92.880147198086277, 16.400518042247317 ], [ -92.880065531890338, 16.400675473434166 ], [ -92.879946730944425, 16.400879982068837 ], [ -92.879797996330467, 16.400975567977909 ], [ -92.879679008531738, 16.401052042052036 ], [ -92.879302355444509, 16.401061390513398 ], [ -92.878856397409479, 16.400946325303053 ], [ -92.878608633184555, 16.400898351451104 ], [ -92.878182475894008, 16.400821562797578 ], [ -92.877984258997316, 16.400792745671431 ], [ -92.877795929693818, 16.400802200656805 ], [ -92.877528145691997, 16.401069937788034 ], [ -92.87730006758062, 16.401242017816454 ], [ -92.877002564120446, 16.401481025700097 ], [ -92.876804184257367, 16.401710526891193 ], [ -92.876701797042614, 16.401870240762644 ], [ -92.876750939023594, 16.402010878566692 ], [ -92.876807879415139, 16.402134109786143 ], [ -92.876830350765829, 16.402341375206223 ], [ -92.876834005520465, 16.402519538706272 ], [ -92.876773657073514, 16.402643126056134 ], [ -92.876683210745213, 16.40270852299447 ], [ -92.876592742799374, 16.402806644869813 ], [ -92.876521114321733, 16.402897500530521 ], [ -92.875948292316835, 16.403297122269677 ], [ -92.875861520037844, 16.403507957364511 ], [ -92.875857627814838, 16.403704304982433 ], [ -92.876102285188921, 16.404060717758341 ], [ -92.876032268535468, 16.404252551556635 ], [ -92.875769184506623, 16.404462749164733 ], [ -92.875287978247854, 16.40461377655561 ], [ -92.875127493043138, 16.404760916568172 ], [ -92.874893968764439, 16.404953846045053 ], [ -92.874698946176792, 16.405151010876423 ], [ -92.874395173680142, 16.405175273849263 ], [ -92.874238846403344, 16.405557529257123 ], [ -92.874179636477706, 16.405715522918509 ], [ -92.874055370207032, 16.406199091102316 ], [ -92.873023163529368, 16.407053531973855 ], [ -92.872730848630425, 16.407386245855712 ], [ -92.872489351273231, 16.407802312266789 ], [ -92.872455229028276, 16.408048198909942 ], [ -92.872554253597102, 16.408423032195639 ], [ -92.872560674029145, 16.408694662357405 ], [ -92.872912156724382, 16.409214460907194 ], [ -92.872881308557439, 16.409784173033927 ], [ -92.872975400854813, 16.410192216211254 ], [ -92.873020750214394, 16.410442191821126 ], [ -92.873131200661064, 16.410591527758733 ], [ -92.873166628833758, 16.41077096691194 ], [ -92.873444392221586, 16.411019735622475 ], [ -92.873664523527665, 16.411507415763829 ], [ -92.87370114656143, 16.411667898561905 ], [ -92.873760297546696, 16.411982301632449 ], [ -92.873850522433358, 16.412278842132825 ], [ -92.873991246379646, 16.412652054368181 ], [ -92.872119468907002, 16.410837761873445 ], [ -92.869777859332629, 16.408567986662234 ], [ -92.869134661021462, 16.407830525057452 ], [ -92.868437719714237, 16.407063656716087 ], [ -92.867419377395464, 16.407714614184087 ], [ -92.866595401794243, 16.408392972237593 ], [ -92.866351502878928, 16.408430343213496 ], [ -92.865930731190517, 16.408689352685965 ], [ -92.865128056767333, 16.409217618302332 ], [ -92.862282929132576, 16.405517680705064 ], [ -92.860223831743042, 16.402881410090565 ], [ -92.854726834247543, 16.406316217283297 ], [ -92.854716485369181, 16.406226352107126 ], [ -92.854637410225891, 16.405928518424108 ], [ -92.854579327574086, 16.405726360965367 ], [ -92.854413069055155, 16.405361932127793 ], [ -92.854193303818818, 16.404945621388908 ], [ -92.854080773893756, 16.404814137221145 ], [ -92.853735571424551, 16.404417608885861 ], [ -92.853628918936991, 16.404198503419018 ], [ -92.853588183755079, 16.403996366784419 ], [ -92.853617314291625, 16.403767194834337 ], [ -92.853805282698133, 16.403307937714537 ], [ -92.854144697899329, 16.402270132230377 ], [ -92.854241045391063, 16.401938908498234 ], [ -92.854177185858063, 16.401683862587436 ], [ -92.854106843604654, 16.401308290253553 ], [ -92.853917708200896, 16.400736502512473 ], [ -92.853735902647173, 16.40030345728448 ], [ -92.853424836994861, 16.399765583815977 ], [ -92.853164231991641, 16.399329572221053 ], [ -92.852919238158989, 16.398903650868942 ], [ -92.852546666371964, 16.398433388750334 ], [ -92.852291683482676, 16.398113897176945 ], [ -92.851925271803253, 16.397692680537059 ], [ -92.851815930062216, 16.397568338992599 ], [ -92.851750770944761, 16.397441406933062 ], [ -92.851639279740809, 16.397137022160322 ], [ -92.851502569417519, 16.396551998293461 ], [ -92.851447234048564, 16.396354578760292 ], [ -92.851279363202579, 16.396171760689057 ], [ -92.851035884788317, 16.395892919763387 ], [ -92.850757913585511, 16.395597763905617 ], [ -92.850444441937171, 16.395147898129515 ], [ -92.849886817010827, 16.394405547690837 ], [ -92.849751904815349, 16.394227886662652 ], [ -92.849537586673534, 16.393808329297514 ], [ -92.849305480604116, 16.393490983863028 ], [ -92.8489182649312, 16.393083840445431 ], [ -92.848642953041747, 16.392845699285765 ], [ -92.848000409565444, 16.392485993264877 ], [ -92.847613974347254, 16.392196450045557 ], [ -92.847251674793213, 16.391948905649343 ], [ -92.84703431367997, 16.391776127882011 ], [ -92.846686449690338, 16.391612584138006 ], [ -92.846440079935789, 16.391453769571815 ], [ -92.846304804767129, 16.391383691720488 ], [ -92.844001201807416, 16.393512762105352 ], [ -92.843329962903482, 16.392882380320035 ], [ -92.842658701153894, 16.392252004679658 ], [ -92.84198747557906, 16.391621608840556 ], [ -92.841651868149995, 16.391306419160568 ], [ -92.841316244951116, 16.390991219892342 ], [ -92.840980632182251, 16.390676038175798 ], [ -92.840949043139091, 16.390646344844281 ], [ -92.840649995354113, 16.390355969025027 ], [ -92.840319878810334, 16.39003542062574 ], [ -92.839989755869126, 16.389714853622362 ], [ -92.839659642421239, 16.389394304187206 ], [ -92.839329521632024, 16.389073745187336 ], [ -92.838999401922493, 16.388753185669238 ], [ -92.83866929358642, 16.388432634680886 ], [ -92.83833917697261, 16.388112074127164 ], [ -92.838009063318822, 16.387791504016704 ], [ -92.83767894979313, 16.38747095146752 ], [ -92.83734884765569, 16.387150389368198 ], [ -92.837018737232995, 16.386829826743629 ], [ -92.836688628818749, 16.386509272641835 ], [ -92.836358522435475, 16.386188699942718 ], [ -92.836028416180085, 16.385868144805034 ], [ -92.835698303519919, 16.385547580103559 ], [ -92.835368200367341, 16.385227014890805 ], [ -92.835038099230587, 16.384906449160944 ], [ -92.834708000102026, 16.38458589195417 ], [ -92.834377903004452, 16.38426531615011 ], [ -92.834047806034434, 16.383944757907763 ], [ -92.833717693302759, 16.383624181054309 ], [ -92.833387599427695, 16.38330362177733 ], [ -92.833057507568256, 16.382983061983563 ], [ -92.832727416787932, 16.382662501672016 ], [ -92.832397310253867, 16.382341913709528 ], [ -92.832067222568298, 16.382021352363715 ], [ -92.831590044291289, 16.381557956754431 ], [ -92.830265456993416, 16.383055940538572 ], [ -92.829300387398732, 16.38414731666176 ], [ -92.828614639285632, 16.384744324714756 ], [ -92.827908637958643, 16.385333693135614 ], [ -92.827208719742274, 16.385922711551558 ], [ -92.826504026681448, 16.386526838593696 ], [ -92.825797977429417, 16.387124173003684 ], [ -92.825102454210835, 16.387737641168012 ], [ -92.824404981803653, 16.388347715314261 ], [ -92.823708439956931, 16.388949136530172 ], [ -92.823008979088314, 16.389553084123872 ], [ -92.82234264294793, 16.390140685778299 ], [ -92.821811577020014, 16.390611909890978 ], [ -92.821687921354624, 16.390721632587788 ], [ -92.820582681201984, 16.391635508871758 ], [ -92.819997976738151, 16.391119555124323 ], [ -92.819310581965055, 16.39052003581202 ], [ -92.819102682831186, 16.390335675290423 ], [ -92.818648745828952, 16.389933120033994 ], [ -92.818007971339966, 16.389320085635891 ], [ -92.81687557145321, 16.388301383871472 ], [ -92.818052122901349, 16.387447379305389 ], [ -92.817889490692465, 16.387300428261561 ], [ -92.817729283444123, 16.387154283757077 ], [ -92.817571733346909, 16.387000945559212 ], [ -92.81741760302252, 16.386846100523901 ], [ -92.817259285215883, 16.38669307782741 ], [ -92.817116279322235, 16.386529618030728 ], [ -92.816937195564435, 16.386401907245901 ], [ -92.816789926643693, 16.386241200731632 ], [ -92.81664713891233, 16.386075544074714 ], [ -92.81650019641809, 16.385916781251353 ], [ -92.816345505480044, 16.38576239598369 ], [ -92.816187272183598, 16.385610954562438 ], [ -92.816043604540141, 16.385445938569415 ], [ -92.81589109591998, 16.385291952637658 ], [ -92.815736451587867, 16.385138832569254 ], [ -92.815581731661865, 16.384986688645895 ], [ -92.815431103360197, 16.384835560683257 ], [ -92.815283723135579, 16.384676272302805 ], [ -92.815133144724385, 16.384522386956576 ], [ -92.814984969719859, 16.384362320224351 ], [ -92.814828592339083, 16.384211358535769 ], [ -92.814677842943212, 16.384050882519414 ], [ -92.814535561599243, 16.383897953257605 ], [ -92.814390130600387, 16.383738702128728 ], [ -92.81421546293538, 16.383590110422272 ], [ -92.814053198815358, 16.383426785216727 ], [ -92.813889939020939, 16.383266939423311 ], [ -92.813731318671799, 16.383103165189972 ], [ -92.813568169952745, 16.382945244775346 ], [ -92.813419374106459, 16.382771010636716 ], [ -92.813259074199067, 16.382601711089507 ], [ -92.81308393148727, 16.382452412900079 ], [ -92.812900780034767, 16.382315401908492 ], [ -92.812720118083334, 16.382180182903078 ], [ -92.812536263646606, 16.382044382336169 ], [ -92.81235855966213, 16.38190116521508 ], [ -92.812176640723862, 16.381759200748984 ], [ -92.811996562983211, 16.381621269632074 ], [ -92.811814606043072, 16.381480416746118 ], [ -92.811641146955949, 16.381335367687623 ], [ -92.811455393176544, 16.381199465039703 ], [ -92.81128054618928, 16.381056990855011 ], [ -92.811111107872406, 16.380918905803163 ], [ -92.810921509875371, 16.38078877582565 ], [ -92.810731314958076, 16.380666121260489 ], [ -92.810533243004215, 16.380545330722647 ], [ -92.810339963236785, 16.380417583481606 ], [ -92.810154572315312, 16.380285946919976 ], [ -92.808987204077553, 16.379412598407235 ], [ -92.807556333564492, 16.37822788040036 ], [ -92.804957318548972, 16.38110393801006 ], [ -92.803083374271708, 16.379169067603637 ], [ -92.802872853794952, 16.379227076308744 ], [ -92.801587388816614, 16.377951506751728 ], [ -92.801568166803008, 16.376457856140011 ], [ -92.80132199060786, 16.374875732366998 ], [ -92.801196790184292, 16.374167573553112 ], [ -92.801071590635132, 16.373459414626986 ], [ -92.800233733690007, 16.372609492604411 ], [ -92.800307912886552, 16.37194765930175 ], [ -92.800932555717651, 16.372170236472186 ], [ -92.801508388119373, 16.372059806316322 ], [ -92.801892140323829, 16.370492997979763 ], [ -92.802220734245083, 16.368841893147199 ], [ -92.802599191533332, 16.367482341222079 ], [ -92.805494886026409, 16.365579281675032 ], [ -92.805479508010478, 16.363425347847002 ], [ -92.805357433399138, 16.362390329317513 ], [ -92.805411816900474, 16.361975848538595 ] ], [ [ -92.970545841727983, 16.490913204123483 ], [ -92.970586719634014, 16.490851957828767 ], [ -92.971589572653727, 16.490024611257816 ], [ -92.972507894118678, 16.490896217303636 ], [ -92.972563780108828, 16.490935153370316 ], [ -92.972628432188486, 16.490980196780143 ], [ -92.972784601946955, 16.491089000820629 ], [ -92.972896711241191, 16.491134054906887 ], [ -92.972986976169523, 16.49115460058071 ], [ -92.973475215480462, 16.491187985462293 ], [ -92.973667634645096, 16.491018636409368 ], [ -92.973698888742035, 16.490835503939714 ], [ -92.973708574384787, 16.49077875112657 ], [ -92.973721874050838, 16.490700821967163 ], [ -92.974146517020372, 16.488212600265697 ], [ -92.974826305472916, 16.486448143989708 ], [ -92.974738418647064, 16.486374167028004 ], [ -92.974618994642285, 16.486257472480553 ], [ -92.974340138818846, 16.485997092626867 ], [ -92.974226852806609, 16.485890513227638 ], [ -92.974168237070174, 16.48583726795172 ], [ -92.974076312501325, 16.485753765555813 ], [ -92.972643868486301, 16.484783513327081 ], [ -92.972593469512717, 16.484740263468055 ], [ -92.97251940696286, 16.484676706663258 ], [ -92.972411200611887, 16.484594295181576 ], [ -92.972296728089773, 16.484514430754597 ], [ -92.972145679498468, 16.484401737422456 ], [ -92.972006819855309, 16.484329400975806 ], [ -92.971874737313215, 16.484230461596315 ], [ -92.971747055007455, 16.484158351347247 ], [ -92.971646294040823, 16.48413491846356 ], [ -92.971589495772619, 16.484108574806054 ], [ -92.971525722767936, 16.484078996162516 ], [ -92.971432249712237, 16.48400490460407 ], [ -92.971370441820468, 16.483960868506387 ], [ -92.97128899058275, 16.483905738457654 ], [ -92.971208727917556, 16.483823892353563 ], [ -92.971109833437254, 16.483771082905896 ], [ -92.971025504646505, 16.483705198420999 ], [ -92.970937109650237, 16.483655275588717 ], [ -92.97083178222988, 16.483583617619626 ], [ -92.9707389873886, 16.483506865468055 ], [ -92.970698451527298, 16.483482919291358 ], [ -92.970621805335739, 16.483437641241018 ], [ -92.970578285658959, 16.483410019463818 ], [ -92.970527822030078, 16.48338760501596 ], [ -92.970441293650168, 16.483308305672782 ], [ -92.970338677468632, 16.483226006335101 ], [ -92.970283814035184, 16.483176762581756 ], [ -92.970218618073687, 16.483146027537106 ], [ -92.970150544483687, 16.483104538125552 ], [ -92.970048773013318, 16.483040973827304 ], [ -92.969946490637071, 16.483001465219246 ], [ -92.969846074732942, 16.482932580265715 ], [ -92.969743792454835, 16.482893071558347 ], [ -92.969652879770123, 16.482837935281928 ], [ -92.969597824100262, 16.482804545356394 ], [ -92.969525517699324, 16.482757621940316 ], [ -92.969486344338833, 16.482737377169794 ], [ -92.969346523893634, 16.482633932155142 ], [ -92.969304302374255, 16.482604076046165 ], [ -92.969257666380912, 16.482571098308913 ], [ -92.969237281690582, 16.482553533596814 ], [ -92.969120133635528, 16.482452591473891 ], [ -92.968996008823112, 16.482388573623631 ], [ -92.96894351244174, 16.4823741396179 ], [ -92.968911834687134, 16.482349389675214 ], [ -92.968878396018042, 16.482323263911731 ], [ -92.968831075850474, 16.482286292457822 ], [ -92.968766224913352, 16.482210105756277 ], [ -92.968691041379017, 16.482152427683541 ], [ -92.968598925800123, 16.482073014301022 ], [ -92.968491911442015, 16.481963884765001 ], [ -92.968335278541829, 16.481851075386462 ], [ -92.968218609522282, 16.481757794067644 ], [ -92.968118872612649, 16.481686248006678 ], [ -92.968059681014566, 16.481622324298435 ], [ -92.968000515239368, 16.481555496178668 ], [ -92.96717999703263, 16.480379618374638 ], [ -92.965996695566247, 16.479659104568416 ], [ -92.965938101057503, 16.479631754028837 ], [ -92.964898002931406, 16.47919872669441 ], [ -92.963358371732227, 16.481304868307092 ], [ -92.963476493018561, 16.481502516788616 ], [ -92.963421738697576, 16.481547683127179 ], [ -92.963405617278823, 16.481560981531263 ], [ -92.963389495857854, 16.481574279934179 ], [ -92.96278519061444, 16.48196447794842 ], [ -92.966325208158764, 16.487696573157272 ], [ -92.966660470694777, 16.487609027286279 ], [ -92.966705525689264, 16.487698252892379 ], [ -92.96673141045342, 16.487749514288058 ], [ -92.96793542734973, 16.488931909312718 ], [ -92.967478210317068, 16.489372898165875 ], [ -92.968001623903277, 16.489863668296035 ], [ -92.968057781274126, 16.48990022049362 ], [ -92.968107631442564, 16.489932667380288 ], [ -92.968029888984205, 16.489995267702845 ], [ -92.967965190708298, 16.490028718318758 ], [ -92.96792284730715, 16.490062622080888 ], [ -92.96786864866597, 16.490098959518669 ], [ -92.967845604307257, 16.490189408679036 ], [ -92.967871502950118, 16.490286198014839 ], [ -92.967828946194004, 16.490651674550513 ], [ -92.9678056155078, 16.490759829816319 ], [ -92.967768717589678, 16.490930879145075 ], [ -92.969381207439866, 16.491533732616205 ], [ -92.969856663174355, 16.491735652262225 ], [ -92.970192677132104, 16.49171735035484 ], [ -92.970522374343872, 16.491546129897237 ], [ -92.97061117346037, 16.4912708915686 ], [ -92.970493904248286, 16.490991020619632 ], [ -92.970545841727983, 16.490913204123483 ] ] ] ] } },
{ "type": "Feature", "properties": { "ID": 111, "ENTIDAD": 7, "MUNICIPIO": 27, "NOMBRE": "CHIAPA DE CORZO", "CONTROL": 179, "GEOMETRY1_": null, "ID_2": 1162, "ENTIDAD_2": 7, "DISTRITO_F": 6, "DISTRITO_L": 3, "MUNICIPIO_2": 87, "SECCION": 1245, "TIPO": 3, "CONTROL_2": 260, "GEOMETRY1__2": null }, "geometry": { "type": "MultiPolygon", "coordinates": [ [ [ [ -93.101870440013187, 16.501659040249848 ], [ -93.100894308233791, 16.50244800986215 ], [ -93.101870440013187, 16.501659040249756 ], [ -93.10409542445143, 16.50089892795436 ], [ -93.101870440013187, 16.501659040249848 ] ] ], [ [ [ -93.090130581745299, 16.507703074041185 ], [ -93.088754404877108, 16.507088999061914 ], [ -93.090130581745328, 16.507703074041185 ], [ -93.090210092857205, 16.507718172877624 ], [ -93.090130581745299, 16.507703074041185 ] ] ], [ [ [ -93.088426567063323, 16.507236145313861 ], [ -93.088098728751461, 16.507383291051763 ], [ -93.088426567063323, 16.507236145313765 ], [ -93.088754404877108, 16.507088999061914 ], [ -93.088426567063323, 16.507236145313861 ] ] ], [ [ [ -93.087770889941595, 16.507530436275882 ], [ -93.087443050633681, 16.507677580986115 ], [ -93.086247882582981, 16.508555856396423 ], [ -93.087443050633667, 16.507677580986115 ], [ -93.087770889941595, 16.507530436275882 ], [ -93.088098728751461, 16.507383291051763 ], [ -93.087770889941595, 16.507530436275882 ] ] ], [ [ [ -93.084593978336144, 16.509229423189108 ], [ -93.082998288968511, 16.510068570119916 ], [ -93.084593978336144, 16.509229423189012 ], [ -93.086247882582981, 16.508555856396423 ], [ -93.084593978336144, 16.509229423189108 ] ] ], [ [ [ -93.08146710230838, 16.512068889456401 ], [ -93.081467102308366, 16.512068889456341 ], [ -93.08185790305113, 16.510573135129711 ], [ -93.08146710230838, 16.512068889456401 ] ] ], [ [ [ -93.081724389820437, 16.516589177496805 ], [ -93.081547873157717, 16.515802016473934 ], [ -93.081547873157717, 16.515802016473852 ], [ -93.081724389820437, 16.516589177496805 ] ] ], [ [ [ -93.081903005832203, 16.517708201760232 ], [ -93.082767249435591, 16.518740198073257 ], [ -93.081903005832203, 16.517708201760321 ], [ -93.081724389820437, 16.516589177496805 ], [ -93.081903005832203, 16.517708201760232 ] ] ], [ [ [ -93.08237539020314, 16.520070021290824 ], [ -93.081929492735767, 16.521897976973904 ], [ -93.081929492735767, 16.52189797697385 ], [ -93.08237539020314, 16.520070021290739 ], [ -93.082767249435591, 16.518740198073257 ], [ -93.08237539020314, 16.520070021290824 ] ] ], [ [ [ -93.078663108189275, 16.538925896598467 ], [ -93.078156548233494, 16.540214901709284 ], [ -93.078663108189275, 16.538925896598375 ], [ -93.079340953941212, 16.537594394347312 ], [ -93.078663108189275, 16.538925896598467 ] ] ], [ [ [ -93.074312769152897, 16.547372853927389 ], [ -93.074312769152883, 16.547372853927378 ], [ -93.075566199673574, 16.546618760669986 ], [ -93.074312769152897, 16.547372853927389 ] ] ], [ [ [ -93.073684226360072, 16.547459517916366 ], [ -93.073679924543484, 16.547459097694791 ], [ -93.073684226360072, 16.547459517916366 ], [ -93.073684226360072, 16.547459517916366 ] ] ], [ [ [ -93.071065033756753, 16.549300207728127 ], [ -93.070607528123844, 16.549302890502865 ], [ -93.071065033756724, 16.549300207728127 ], [ -93.071082863518541, 16.549135942442813 ], [ -93.071065033756753, 16.549300207728127 ] ] ], [ [ [ -93.070037724277299, 16.549638105200888 ], [ -93.069361271925786, 16.549682975146069 ], [ -93.070037724277327, 16.549638105200799 ], [ -93.070607528123844, 16.549302890502865 ], [ -93.070037724277299, 16.549638105200888 ] ] ], [ [ [ -93.067750710422359, 16.549734463453774 ], [ -93.067465027944749, 16.549777618598206 ], [ -93.067465027944735, 16.549777618598206 ], [ -93.067750710422359, 16.549734463453774 ], [ -93.068379782151965, 16.549730782991439 ], [ -93.067750710422359, 16.549734463453774 ] ] ], [ [ [ -93.063808074117603, 16.550296783637485 ], [ -93.063695247622562, 16.550546347482449 ], [ -93.063524973785277, 16.550754761774797 ], [ -93.063468947823594, 16.550941767881017 ], [ -93.063524973785263, 16.550754761774797 ], [ -93.063695247622547, 16.550546347482356 ], [ -93.063808074117603, 16.550296783637396 ], [ -93.063921288029917, 16.55010944398656 ], [ -93.063808074117603, 16.550296783637485 ] ] ], [ [ [ -93.06285859491625, 16.553952938917934 ], [ -93.062865826030375, 16.555114458001327 ], [ -93.06285859491625, 16.553952938918027 ], [ -93.062858405184585, 16.553922462464577 ], [ -93.06285859491625, 16.553952938917934 ] ] ], [ [ [ -93.062352526664412, 16.564534385477341 ], [ -93.062352526664412, 16.564534385477355 ], [ -93.062348137859416, 16.563829178099581 ], [ -93.062352526664412, 16.564534385477341 ] ] ], [ [ [ -93.06230359494468, 16.565862167560311 ], [ -93.062252081086058, 16.566775121705007 ], [ -93.06230359494468, 16.565862167560219 ], [ -93.062328060884212, 16.565198276541093 ], [ -93.06230359494468, 16.565862167560311 ] ] ], [ [ [ -93.06192027627506, 16.568602361529599 ], [ -93.06189671182662, 16.569411441975117 ], [ -93.06192027627506, 16.568602361529507 ], [ -93.061973340702352, 16.567938304259219 ], [ -93.06192027627506, 16.568602361529599 ] ] ], [ [ [ -93.061884760740824, 16.57208724655764 ], [ -93.06188476074081, 16.572087246557647 ], [ -93.061873147193651, 16.570220522355982 ], [ -93.061873147193651, 16.570220522355967 ], [ -93.061884760740824, 16.57208724655764 ] ] ], [ [ [ -93.061378337553165, 16.582627189940162 ], [ -93.061276840164979, 16.584701991043676 ], [ -93.061115046014933, 16.586279332014875 ], [ -93.06127684016495, 16.584701991043676 ], [ -93.061378337553165, 16.58262718994008 ], [ -93.061378337553165, 16.582627189940162 ] ] ] ] } },
{ "type": "Feature", "properties": { "ID": 111, "ENTIDAD": 7, "MUNICIPIO": 27, "NOMBRE": "CHIAPA DE CORZO", "CONTROL": 179, "GEOMETRY1_": null, "ID_2": 2260, "ENTIDAD_2": 7, "DISTRITO_F": 6, "DISTRITO_L": 3, "MUNICIPIO_2": 27, "SECCION": 2377, "TIPO": 2, "CONTROL_2": 3011, "GEOMETRY1__2": null }, "geometry": { "type": "MultiPolygon", "coordinates": [ [ [ [ -93.044938891999294, 16.736761628213294 ], [ -93.045282045999457, 16.73701772091286 ], [ -93.045486446, 16.73725096700003 ], [ -93.045979984999477, 16.737829735913127 ], [ -93.04663692299944, 16.738598228913322 ], [ -93.046869046000012, 16.738892166999989 ], [ -93.047130908, 16.739189874999962 ], [ -93.048611307999437, 16.740898597914025 ], [ -93.049762708, 16.742259583000013 ], [ -93.049969677, 16.742568936000037 ], [ -93.050228545322128, 16.742874639759126 ], [ -93.050889599999209, 16.743655289215955 ], [ -93.051783276999203, 16.744763566216506 ], [ -93.052716876999199, 16.745952643216917 ], [ -93.053100937999176, 16.746454720217177 ], [ -93.053270932, 16.746624899 ], [ -93.053200533, 16.746689300000043 ], [ -93.052860304, 16.746957640000023 ], [ -93.052812253, 16.747021779999969 ], [ -93.052546082, 16.747221355 ], [ -93.052100071, 16.747313638000044 ], [ -93.051636947, 16.747430343000026 ], [ -93.051218741, 16.747561957000023 ], [ -93.050846736, 16.747813832 ], [ -93.050401999, 16.747326568000034 ], [ -93.049761676, 16.746613814000042 ], [ -93.049087497, 16.745865146 ], [ -93.049009854, 16.745933262 ], [ -93.048966587, 16.745884079999961 ], [ -93.049555025, 16.745301079000033 ], [ -93.049378428, 16.744944905999976 ], [ -93.049042116, 16.744556009000043 ], [ -93.049039699, 16.744553746000012 ], [ -93.048983563, 16.744499549 ], [ -93.048747213, 16.744204316999966 ], [ -93.048361174, 16.743733382 ], [ -93.048134155, 16.743476921000024 ], [ -93.047852791, 16.743146564000011 ], [ -93.047844972, 16.743137382999969 ], [ -93.04771029, 16.743000045999981 ], [ -93.047468652, 16.742744444999989 ], [ -93.047088367, 16.742324795000037 ], [ -93.046979259, 16.742181379999959 ], [ -93.04687492, 16.742044233000019 ], [ -93.046502068, 16.741554140000012 ], [ -93.046383225000014, 16.741401535000033 ], [ -93.046176546, 16.741172997999964 ], [ -93.046169317, 16.741165004999964 ], [ -93.045839225, 16.740764820000045 ], [ -93.045832603, 16.740756791 ], [ -93.045745452, 16.740646152 ], [ -93.045487978, 16.74038673599998 ], [ -93.045177523, 16.740010473 ], [ -93.044869871, 16.73965949900002 ], [ -93.044517472, 16.739257474999974 ], [ -93.044438247, 16.739165913000036 ], [ -93.044026279, 16.738677581 ], [ -93.044007445, 16.738664113 ], [ -93.043939212, 16.738615320999973 ], [ -93.043780565, 16.738414650999989 ], [ -93.043745037, 16.738360930999971 ], [ -93.043479645, 16.738002129 ], [ -93.043309278, 16.737727602000017 ], [ -93.042808487, 16.73705277500002 ], [ -93.042899999999847, 16.737034999300487 ], [ -93.043018333, 16.737017500000039 ], [ -93.043136667, 16.737 ], [ -93.043376667, 16.73697 ], [ -93.043618333, 16.73694 ], [ -93.043863333333164, 16.736911665967195 ], [ -93.044106666666522, 16.73687999930053 ], [ -93.044351666666486, 16.736848332633819 ], [ -93.044594999999831, 16.736816665967208 ], [ -93.044833333333173, 16.736776665967199 ], [ -93.044938892, 16.736761628000046 ], [ -93.04493889223491, 16.736761628175344 ], [ -93.044938891999294, 16.736761628213294 ] ] ] ] } },
{ "type": "Feature", "properties": { "ID": 111, "ENTIDAD": 7, "MUNICIPIO": 27, "NOMBRE": "CHIAPA DE CORZO", "CONTROL": 179, "GEOMETRY1_": null, "ID_2": 391, "ENTIDAD_2": 7, "DISTRITO_F": 6, "DISTRITO_L": 3, "MUNICIPIO_2": 27, "SECCION": 411, "TIPO": 2, "CONTROL_2": 224, "GEOMETRY1__2": null }, "geometry": { "type": "MultiPolygon", "coordinates": [ [ [ [ -93.008814864778685, 16.70733019090008 ], [ -93.008703680848626, 16.707157837966292 ], [ -93.008365315396134, 16.707074002264136 ], [ -93.007676098595184, 16.707106012262731 ], [ -93.006812567320452, 16.707138528504817 ], [ -93.006922937332519, 16.706946100717964 ], [ -93.006118488505578, 16.706397251485107 ], [ -93.005455305125153, 16.705944778330807 ], [ -93.005794491966284, 16.705455054276612 ], [ -93.006053561575911, 16.705081002848782 ], [ -93.00524742858768, 16.704434491923227 ], [ -93.004743218807263, 16.704286799182352 ], [ -93.004442158145054, 16.704198612029519 ], [ -93.003929958433261, 16.704203818383302 ], [ -93.003106220171119, 16.704374581736786 ], [ -93.001591001349198, 16.704021506324654 ], [ -93.000607354326405, 16.703870699108375 ], [ -93.00033660357596, 16.70400355830742 ], [ -93.000062596051677, 16.703300883409838 ], [ -92.999767315356607, 16.702503867484172 ], [ -92.999472317384075, 16.70178713238872 ], [ -92.999575338276472, 16.701755275008882 ], [ -93.000952544919315, 16.701200356787993 ], [ -93.00121770668035, 16.701806288934442 ], [ -93.001325333715229, 16.70202310985913 ], [ -93.001643022683254, 16.702663109564455 ], [ -93.001705281842248, 16.702788533073004 ], [ -93.001756079034323, 16.702890865865037 ], [ -93.001815321491918, 16.703010211797061 ], [ -93.003357518061406, 16.702769789399447 ], [ -93.003552659900365, 16.702739366689272 ], [ -93.003917290203148, 16.702682520123393 ], [ -93.006109500821367, 16.700137710065835 ], [ -93.006187448580377, 16.70004722335737 ], [ -93.006551080612013, 16.699625094678552 ], [ -93.006561149078394, 16.699212766922663 ], [ -93.00661265537002, 16.697103433483662 ], [ -93.006655257319409, 16.697065723517721 ], [ -93.006679934959635, 16.697043879600994 ], [ -93.006704612594262, 16.697022035681382 ], [ -93.006813513733334, 16.697027085840809 ], [ -93.006888996492762, 16.697015469362061 ], [ -93.006957468516404, 16.69700856670417 ], [ -93.007053370221882, 16.696997897049751 ], [ -93.007149476317508, 16.696982197873965 ], [ -93.007266614550446, 16.696952357078015 ], [ -93.007349107967755, 16.696936026572466 ], [ -93.007425203839503, 16.696909321466432 ], [ -93.00756997603402, 16.696870683994394 ], [ -93.007645458686184, 16.696859067239561 ], [ -93.007789413263012, 16.696840547524005 ], [ -93.007872519732956, 16.696809128376611 ], [ -93.007928809678646, 16.69676638785575 ], [ -93.008020561806376, 16.696690018944189 ], [ -93.008161388641113, 16.696580652772134 ], [ -93.008205087706529, 16.696512133606142 ], [ -93.008275603211644, 16.696454935729463 ], [ -93.008339925480314, 16.696382333810188 ], [ -93.008384033172618, 16.696303755648241 ], [ -93.008435560223504, 16.696210404620494 ], [ -93.00847966783725, 16.696131826436982 ], [ -93.00851696912531, 16.696052932666323 ], [ -93.008554883471618, 16.695958950451839 ], [ -93.008592797780864, 16.695864968229571 ], [ -93.008617508215622, 16.695760295894186 ], [ -93.008630996024692, 16.695428350274174 ], [ -93.008630933650025, 16.695262061886449 ], [ -93.008609021983503, 16.6951300331298 ], [ -93.008643399603656, 16.69495526364673 ], [ -93.008676755368796, 16.694805641552644 ], [ -93.008704326629896, 16.694630556481929 ], [ -93.008759327130775, 16.694451704203765 ], [ -93.008794726267766, 16.694251787284841 ], [ -93.00884598565645, 16.69399717720886 ], [ -93.01001726834437, 16.694036362885736 ], [ -93.010480486785127, 16.694617841376857 ], [ -93.010908878594719, 16.696055938326744 ], [ -93.011212920624345, 16.697387513643854 ], [ -93.011489317445978, 16.698452771611947 ], [ -93.011655042004662, 16.699228985828899 ], [ -93.012014456547845, 16.700103914918223 ], [ -93.012484279699095, 16.700876209927063 ], [ -93.013092267187616, 16.701515336017852 ], [ -93.013432410213241, 16.70168871897766 ], [ -93.014009762560875, 16.701865316522959 ], [ -93.013826243087337, 16.702186433859257 ], [ -93.013324160434777, 16.702120346894869 ], [ -93.012865124788519, 16.701864129890904 ], [ -93.01209778011193, 16.701437280213408 ], [ -93.011195639673815, 16.700939416570989 ], [ -93.010875414491451, 16.700614472630821 ], [ -93.010406853140537, 16.700313815824654 ], [ -93.009942279202704, 16.700015715593871 ], [ -93.00987653146548, 16.700092913889165 ], [ -93.009716580310439, 16.700280721623848 ], [ -93.009325054182071, 16.70074043260119 ], [ -93.008402123175117, 16.70169785503407 ], [ -93.007976806996254, 16.702259372275485 ], [ -93.007535708814189, 16.70283802818108 ], [ -93.007143591257886, 16.70259792644238 ], [ -93.006729257056023, 16.702364693432873 ], [ -93.006618234658504, 16.702483408291023 ], [ -93.006411930804674, 16.702704005864913 ], [ -93.006301673199374, 16.702821902351726 ], [ -93.00679106880294, 16.703027888668345 ], [ -93.007267078962457, 16.703230225723114 ], [ -93.007737002275363, 16.703395226613964 ], [ -93.008116320098779, 16.703609265801873 ], [ -93.008419238032971, 16.7037650715605 ], [ -93.008483678189535, 16.703792669571055 ], [ -93.008677000016789, 16.703903064124553 ], [ -93.008777243480282, 16.704013462466659 ], [ -93.009314246361384, 16.704241144282584 ], [ -93.009822615468494, 16.704558528144727 ], [ -93.010646033970801, 16.705075999411299 ], [ -93.011390696639154, 16.70557967140477 ], [ -93.011449872633179, 16.70559563596305 ], [ -93.011509048636981, 16.705611600504287 ], [ -93.011028201684439, 16.706183391934783 ], [ -93.010733912294143, 16.706502325272528 ], [ -93.010413357500596, 16.706785623846034 ], [ -93.009903472696308, 16.707069887298058 ], [ -93.00998462582271, 16.707232313127349 ], [ -93.009467443640006, 16.707904407385339 ], [ -93.008814864778685, 16.70733019090008 ] ] ] ] } },
{ "type": "Feature", "properties": { "ID": 111, "ENTIDAD": 7, "MUNICIPIO": 27, "NOMBRE": "CHIAPA DE CORZO", "CONTROL": 179, "GEOMETRY1_": null, "ID_2": 392, "ENTIDAD_2": 7, "DISTRITO_F": 6, "DISTRITO_L": 3, "MUNICIPIO_2": 27, "SECCION": 412, "TIPO": 2, "CONTROL_2": 227, "GEOMETRY1__2": null }, "geometry": { "type": "MultiPolygon", "coordinates": [ [ [ [ -93.011449872633179, 16.70559563596305 ], [ -93.011390696639154, 16.70557967140477 ], [ -93.010646033970801, 16.705075999411299 ], [ -93.009822615468494, 16.704558528144727 ], [ -93.009314246361384, 16.704241144282584 ], [ -93.008777243480282, 16.704013462466659 ], [ -93.008677000016789, 16.703903064124553 ], [ -93.008483678189535, 16.703792669571055 ], [ -93.008419238032971, 16.7037650715605 ], [ -93.008116320098779, 16.703609265801873 ], [ -93.007737002275363, 16.703395226613964 ], [ -93.007267078962457, 16.703230225723114 ], [ -93.00679106880294, 16.703027888668345 ], [ -93.006301673199374, 16.702821902351726 ], [ -93.006411930804674, 16.702704005864913 ], [ -93.006618234658504, 16.702483408291023 ], [ -93.006729257056023, 16.702364693432873 ], [ -93.007143591257886, 16.70259792644238 ], [ -93.007535708814189, 16.70283802818108 ], [ -93.007976806996254, 16.702259372275485 ], [ -93.008402123175117, 16.70169785503407 ], [ -93.009325054182071, 16.70074043260119 ], [ -93.009716580310439, 16.700280721623848 ], [ -93.00987653146548, 16.700092913889165 ], [ -93.009942279202704, 16.700015715593871 ], [ -93.010406853140537, 16.700313815824654 ], [ -93.010875414491451, 16.700614472630821 ], [ -93.011195639673815, 16.700939416570989 ], [ -93.01209778011193, 16.701437280213408 ], [ -93.012865124788519, 16.701864129890904 ], [ -93.013324160434777, 16.702120346894869 ], [ -93.013826243087337, 16.702186433859257 ], [ -93.013633683392143, 16.70242847998724 ], [ -93.013030547225597, 16.70333210844878 ], [ -93.012347102587754, 16.704349336040121 ], [ -93.011971213541614, 16.704918170209861 ], [ -93.011509048636981, 16.705611600504287 ], [ -93.011449872633179, 16.70559563596305 ] ] ] ] } },
{ "type": "Feature", "properties": { "ID": 111, "ENTIDAD": 7, "MUNICIPIO": 27, "NOMBRE": "CHIAPA DE CORZO", "CONTROL": 179, "GEOMETRY1_": null, "ID_2": 1154, "ENTIDAD_2": 7, "DISTRITO_F": 2, "DISTRITO_L": 11, "MUNICIPIO_2": 86, "SECCION": 1237, "TIPO": 3, "CONTROL_2": 635, "GEOMETRY1__2": null }, "geometry": { "type": "MultiPolygon", "coordinates": [ [ [ [ -92.980731578437272, 16.908892059166789 ], [ -92.979450366866416, 16.905331475286378 ], [ -92.977217070456092, 16.89789643639854 ], [ -92.979450366866416, 16.905331475286289 ], [ -92.980731578437258, 16.908892059166696 ], [ -92.981947028039912, 16.909346820899732 ], [ -92.980731578437272, 16.908892059166789 ] ] ] ] } },
{ "type": "Feature", "properties": { "ID": 111, "ENTIDAD": 7, "MUNICIPIO": 27, "NOMBRE": "CHIAPA DE CORZO", "CONTROL": 179, "GEOMETRY1_": null, "ID_2": 1156, "ENTIDAD_2": 7, "DISTRITO_F": 2, "DISTRITO_L": 11, "MUNICIPIO_2": 86, "SECCION": 1239, "TIPO": 4, "CONTROL_2": 103, "GEOMETRY1__2": null }, "geometry": { "type": "MultiPolygon", "coordinates": [ [ [ [ -93.000841484761409, 16.898950643375354 ], [ -92.999638828950722, 16.899040242031695 ], [ -92.996816813160052, 16.896566804720983 ], [ -92.999638828950722, 16.899040242031603 ], [ -93.000841484761409, 16.898950643375265 ], [ -93.00192832579674, 16.8986542629045 ], [ -93.000841484761409, 16.898950643375354 ] ] ] ] } },
{ "type": "Feature", "properties": { "ID": 111, "ENTIDAD": 7, "MUNICIPIO": 27, "NOMBRE": "CHIAPA DE CORZO", "CONTROL": 179, "GEOMETRY1_": null, "ID_2": 1155, "ENTIDAD_2": 7, "DISTRITO_F": 2, "DISTRITO_L": 11, "MUNICIPIO_2": 86, "SECCION": 1238, "TIPO": 4, "CONTROL_2": 102, "GEOMETRY1__2": null }, "geometry": { "type": "MultiPolygon", "coordinates": [ [ [ [ -93.029570382262236, 16.884277427957322 ], [ -93.030158784961969, 16.883595298209158 ], [ -93.030158784961998, 16.883595298209169 ], [ -93.029570382262236, 16.884277427957322 ] ] ], [ [ [ -93.02082489256982, 16.889315423541337 ], [ -93.020188417134051, 16.889120720313183 ], [ -93.02082489256982, 16.889315423541245 ], [ -93.02166299863876, 16.889571803655976 ], [ -93.02082489256982, 16.889315423541337 ] ] ], [ [ [ -93.019172058032794, 16.888809802515976 ], [ -93.017555994364301, 16.886827676995672 ], [ -93.019172058032808, 16.888809802515976 ], [ -93.020188417134051, 16.889120720313183 ], [ -93.019172058032794, 16.888809802515976 ] ] ], [ [ [ -93.008902536211082, 16.896612431553582 ], [ -93.008775700916885, 16.896687190387794 ], [ -93.008902536211068, 16.896612431553582 ], [ -93.008965271323348, 16.896575454382887 ], [ -93.008902536211082, 16.896612431553582 ] ] ] ] } },
{ "type": "Feature", "properties": { "ID": 111, "ENTIDAD": 7, "MUNICIPIO": 27, "NOMBRE": "CHIAPA DE CORZO", "CONTROL": 179, "GEOMETRY1_": null, "ID_2": 397, "ENTIDAD_2": 7, "DISTRITO_F": 6, "DISTRITO_L": 3, "MUNICIPIO_2": 27, "SECCION": 419, "TIPO": 4, "CONTROL_2": 14, "GEOMETRY1__2": null }, "geometry": { "type": "MultiPolygon", "coordinates": [ [ [ [ -93.009462865291084, 16.682195687012765 ], [ -93.008774961949058, 16.681331085961418 ], [ -93.008243714439644, 16.680698829640527 ], [ -93.007712470422035, 16.680066571916875 ], [ -93.006234808991991, 16.679499921169693 ], [ -93.00512296970831, 16.679251234753835 ], [ -93.004011133296913, 16.679002542362799 ], [ -93.002363417993493, 16.678349736450688 ], [ -93.000127895321228, 16.678433097017805 ], [ -92.998699890825065, 16.678240805592043 ], [ -92.99646097315744, 16.678490063983311 ], [ -92.995971327365467, 16.678626291291927 ], [ -92.995481680880403, 16.67876251744114 ], [ -92.993930674624991, 16.678982925960284 ], [ -92.992376266606598, 16.679369260139556 ], [ -92.990938064563352, 16.679674727051292 ], [ -92.990522400789715, 16.67977941056823 ], [ -92.989095662826344, 16.680138722482408 ], [ -92.987541235781791, 16.680525020322257 ], [ -92.985868885536078, 16.681075127843396 ], [ -92.984042041002127, 16.680997372404086 ], [ -92.982274496864505, 16.680386184347178 ], [ -92.980397818855479, 16.679728968088309 ], [ -92.978807433517559, 16.679077034278418 ], [ -92.977668283344372, 16.678765444169471 ], [ -92.974108106790723, 16.67641698830549 ], [ -92.973640873306479, 16.676159327731188 ], [ -92.973173641074368, 16.675901666098405 ], [ -92.973837600871192, 16.674897034517066 ], [ -92.974149073324895, 16.674425743969294 ], [ -92.974498574374906, 16.674141720699762 ], [ -92.975189894293351, 16.673947030779502 ], [ -92.975090744041921, 16.673198192202033 ], [ -92.975559868599518, 16.672667383201809 ], [ -92.975568400059714, 16.672252540449524 ], [ -92.975179567829784, 16.67166433495419 ], [ -92.975535034372186, 16.671089919901611 ], [ -92.975903294746288, 16.669893239918547 ], [ -92.976416014898234, 16.670027238056434 ], [ -92.977382498512128, 16.670377138867508 ], [ -92.97836092113549, 16.670146255025234 ], [ -92.979039008809977, 16.66962157052847 ], [ -92.97940852694245, 16.669335646007386 ], [ -92.981356835612942, 16.669288697640972 ], [ -92.982468490108374, 16.668147257669801 ], [ -92.982986319363604, 16.668032333638504 ], [ -92.983573320264611, 16.667337686247965 ], [ -92.984258647867165, 16.667433356224347 ], [ -92.984951636055357, 16.667155664905714 ], [ -92.985130821511902, 16.664004971027023 ], [ -92.987077964681617, 16.661218943159948 ], [ -92.987549578536957, 16.660563653228031 ], [ -92.988181034972399, 16.660492315337873 ], [ -92.98824196331185, 16.663107945325187 ], [ -92.988213900855555, 16.664476929360863 ], [ -92.989001821022057, 16.665155479206405 ], [ -92.989155722823028, 16.666029821838801 ], [ -92.989922951403656, 16.664923483583486 ], [ -92.990316064784096, 16.665304239992757 ], [ -92.990442467364744, 16.664725572142363 ], [ -92.990976428668063, 16.663822425023959 ], [ -92.992009504490426, 16.663716986179658 ], [ -92.993203292572346, 16.664154006887802 ], [ -92.993016249476611, 16.664897558060673 ], [ -92.993703271514477, 16.664910228068141 ], [ -92.993937373797436, 16.664665544589678 ], [ -92.994526022991053, 16.663887897148857 ], [ -92.995101934022173, 16.663732513902811 ], [ -92.996119730925145, 16.664373773642346 ], [ -92.996455603629954, 16.664753463352493 ], [ -92.996729982974372, 16.665339519583302 ], [ -92.997028970237608, 16.664722527952883 ], [ -92.997617607124965, 16.663944871734266 ], [ -92.998601909861947, 16.663423501326061 ], [ -92.999586207270525, 16.662902126217546 ], [ -93.000620121157269, 16.662755160034511 ], [ -93.001489907512337, 16.662231668163948 ], [ -93.002242645218985, 16.661830519182306 ], [ -93.003109034343083, 16.661472958202669 ], [ -93.003968644445806, 16.661447269110258 ], [ -93.004133621518747, 16.661782303266257 ], [ -93.004751526863856, 16.662374665914033 ], [ -93.005201068904995, 16.662797931308468 ], [ -93.005718870227213, 16.662682950418354 ], [ -93.006017824571941, 16.662065945667848 ], [ -93.006539652641493, 16.662046472816545 ], [ -93.00676293481196, 16.66203814028184 ], [ -93.007175540279391, 16.661464722509663 ], [ -93.007477872943454, 16.660681777763966 ], [ -93.008057994400033, 16.660318936192681 ], [ -93.010719177968241, 16.661820308540779 ], [ -93.011172958966611, 16.662036138685782 ], [ -93.011744201848231, 16.662108873743637 ], [ -93.01236443507635, 16.662129659343837 ], [ -93.012984668437014, 16.662150443088297 ], [ -93.011948271066032, 16.663336868392626 ], [ -93.011411873296581, 16.664364522936175 ], [ -93.010869551252156, 16.665682567146632 ], [ -93.010632932565926, 16.666051723064445 ], [ -93.010396312972844, 16.666420878699419 ], [ -93.009865491588954, 16.667198486805681 ], [ -93.009379021372638, 16.66814945437973 ], [ -93.009311490244926, 16.668996189190842 ], [ -93.009243960401577, 16.66988200383377 ], [ -93.009244001056075, 16.670728735456247 ], [ -93.009446755151515, 16.671445191478348 ], [ -93.009649516634198, 16.672278886992927 ], [ -93.009879324110059, 16.673399166959339 ], [ -93.009987491042864, 16.674337079555837 ], [ -93.010474061059284, 16.674988387270631 ], [ -93.010965056869026, 16.675379631405104 ], [ -93.011639955960902, 16.675656695814673 ], [ -93.011859677782269, 16.67611722735743 ], [ -93.012406873871896, 16.677372266125328 ], [ -93.012903582083922, 16.678294377611547 ], [ -93.013238667125393, 16.678715523995599 ], [ -93.012794879217125, 16.679412880874938 ], [ -93.012351088093283, 16.680110236758601 ], [ -93.011818872647538, 16.680930468747587 ], [ -93.011097971274154, 16.68257723429846 ], [ -93.010774177925526, 16.68300703994662 ], [ -93.010450383130319, 16.683436845071409 ], [ -93.009462865291084, 16.682195687012765 ] ] ] ] } },
{ "type": "Feature", "properties": { "ID": 111, "ENTIDAD": 7, "MUNICIPIO": 27, "NOMBRE": "CHIAPA DE CORZO", "CONTROL": 179, "GEOMETRY1_": null, "ID_2": 2261, "ENTIDAD_2": 7, "DISTRITO_F": 6, "DISTRITO_L": 3, "MUNICIPIO_2": 27, "SECCION": 2378, "TIPO": 2, "CONTROL_2": 3012, "GEOMETRY1__2": null }, "geometry": { "type": "MultiPolygon", "coordinates": [ [ [ [ -93.046176546, 16.741172997999964 ], [ -93.045428418, 16.741756029000015 ], [ -93.044672956, 16.742326929 ], [ -93.043892212, 16.742899071000036 ], [ -93.042991526, 16.743661155999984 ], [ -93.042679994, 16.74332452700002 ], [ -93.042667124, 16.743310621000017 ], [ -93.042336878, 16.742920996000034 ], [ -93.042052015, 16.742560066 ], [ -93.041979548, 16.742492724000027 ], [ -93.041522433, 16.742516491999954 ], [ -93.041335032, 16.742548562 ], [ -93.041007284000017, 16.742718776 ], [ -93.040966857, 16.742662569000021 ], [ -93.040603557, 16.742295110999972 ], [ -93.040561645, 16.742203232000048 ], [ -93.040497811, 16.742134223000022 ], [ -93.040160045, 16.741966366000035 ], [ -93.040022378, 16.741920977000035 ], [ -93.03989862200001, 16.741799272999984 ], [ -93.0397225, 16.74162529499996 ], [ -93.039559595, 16.741493627999976 ], [ -93.039275222, 16.741289024000015 ], [ -93.039155448, 16.74107631599998 ], [ -93.0391252, 16.740938779000015 ], [ -93.038755526, 16.741013584000036 ], [ -93.038160724, 16.740777128000026 ], [ -93.03780805, 16.74065408999995 ], [ -93.037639871, 16.740643443000025 ], [ -93.03740717, 16.740823949 ], [ -93.03741333333322, 16.740751665967569 ], [ -93.03743, 16.740533333000037 ], [ -93.037445, 16.740309999000036 ], [ -93.037458333, 16.740083333000044 ], [ -93.037488333333187, 16.739858332634132 ], [ -93.03753666666654, 16.739634999300737 ], [ -93.037544086154355, 16.739611655083181 ], [ -93.037605, 16.739419999000027 ], [ -93.037696666666534, 16.739216665967426 ], [ -93.037803333333201, 16.739029999300794 ], [ -93.037875948167155, 16.738935694367164 ], [ -93.037931667, 16.738863332999987 ], [ -93.038075, 16.738718333 ], [ -93.038231667, 16.738593333 ], [ -93.038403333, 16.738485 ], [ -93.038530011, 16.738416881 ], [ -93.03858, 16.73839 ], [ -93.038763333, 16.73831 ], [ -93.03893666666653, 16.738239999300657 ], [ -93.039109999999852, 16.738176665967334 ], [ -93.03928166666654, 16.738123332633887 ], [ -93.039456666666496, 16.738079999300663 ], [ -93.039509441063103, 16.738067294371586 ], [ -93.039636666666496, 16.738036665967307 ], [ -93.039816666666496, 16.737988332633954 ], [ -93.040001667, 16.737935 ], [ -93.040189999999882, 16.737874999300583 ], [ -93.040376666666518, 16.737811665967296 ], [ -93.040412247650039, 16.737798361790915 ], [ -93.040568333333212, 16.737739999300633 ], [ -93.04075999999985, 16.737664999300595 ], [ -93.040963255192352, 16.73759115461274 ], [ -93.041158333333158, 16.737526665967259 ], [ -93.041364999999871, 16.737459999300626 ], [ -93.041574999999852, 16.73739499930058 ], [ -93.041785, 16.73732833300004 ], [ -93.042001667, 16.73726 ], [ -93.042155186, 16.737213943999986 ], [ -93.042218333, 16.737195 ], [ -93.042441667, 16.737133332999964 ], [ -93.042668333333197, 16.737079999300466 ], [ -93.042808487, 16.73705277500002 ], [ -93.043309278, 16.737727602000017 ], [ -93.043479645, 16.738002129 ], [ -93.043745037, 16.738360930999971 ], [ -93.043780565, 16.738414650999989 ], [ -93.043939212, 16.738615320999973 ], [ -93.044007445, 16.738664113 ], [ -93.044026279, 16.738677581 ], [ -93.044438247, 16.739165913000036 ], [ -93.044517472, 16.739257474999974 ], [ -93.044869871, 16.73965949900002 ], [ -93.045177523, 16.740010473 ], [ -93.045487978, 16.74038673599998 ], [ -93.045745452, 16.740646152 ], [ -93.045832603, 16.740756791 ], [ -93.045839225, 16.740764820000045 ], [ -93.046169317, 16.741165004999964 ], [ -93.046176546, 16.741172997999964 ] ] ] ] } },
{ "type": "Feature", "properties": { "ID": 111, "ENTIDAD": 7, "MUNICIPIO": 27, "NOMBRE": "CHIAPA DE CORZO", "CONTROL": 179, "GEOMETRY1_": null, "ID_2": 398, "ENTIDAD_2": 7, "DISTRITO_F": 6, "DISTRITO_L": 3, "MUNICIPIO_2": 27, "SECCION": 420, "TIPO": 4, "CONTROL_2": 16, "GEOMETRY1__2": null }, "geometry": { "type": "MultiPolygon", "coordinates": [ [ [ [ -93.058806395016106, 16.665900623645857 ], [ -93.059155658407377, 16.66685272527258 ], [ -93.05916132772046, 16.667765337646273 ], [ -93.059452599412978, 16.668593323707007 ], [ -93.059973026643576, 16.669461461860003 ], [ -93.060778030541073, 16.670079041100905 ], [ -93.062326436900605, 16.670609323064028 ], [ -93.061011572282311, 16.670824392721219 ], [ -93.060441652083071, 16.671201060884705 ], [ -93.059527867511363, 16.67149675719001 ], [ -93.055019209012187, 16.67347263554516 ], [ -93.054104892019652, 16.673685343201463 ], [ -93.052446646218925, 16.673902343433952 ], [ -93.05090105553883, 16.673828293886864 ], [ -93.050672922699462, 16.673954060785963 ], [ -93.050444789561453, 16.674079827433051 ], [ -93.049188646369132, 16.674543386455102 ], [ -93.048101875579192, 16.674632608966128 ], [ -93.046612995946063, 16.674475233485524 ], [ -93.045410754611609, 16.674399169937111 ], [ -93.044209786654434, 16.674530511306951 ], [ -93.043009325502481, 16.674744810478263 ], [ -93.042094480982072, 16.674874500394314 ], [ -93.041177350689267, 16.674630844822655 ], [ -93.040087785969462, 16.67426371906798 ], [ -93.039228139728451, 16.674061210229635 ], [ -93.037852203253678, 16.673654223866141 ], [ -93.036707448338788, 16.673619265800095 ], [ -93.035509005319867, 16.674165380692855 ], [ -93.035195529132238, 16.674374583932668 ], [ -93.034882052262645, 16.674583786695134 ], [ -93.034198375634034, 16.675085480950074 ], [ -93.033403270018525, 16.676085611222319 ], [ -93.033433900293318, 16.676417307769359 ], [ -93.033464530674834, 16.676749004300984 ], [ -93.034117482662239, 16.680603287832227 ], [ -93.034294968543662, 16.681556406220988 ], [ -93.034420781116225, 16.683422461763648 ], [ -93.034539401961851, 16.684106269795226 ], [ -93.032427194541569, 16.684337116903848 ], [ -93.030951951475686, 16.68364618948797 ], [ -93.027998138530506, 16.685252229116038 ], [ -93.02656549206597, 16.685817711267713 ], [ -93.025495006208018, 16.685655368396411 ], [ -93.024576300417493, 16.685956062781464 ], [ -93.022839976661388, 16.686134986807499 ], [ -93.021592484271423, 16.685956395467318 ], [ -93.020387140168864, 16.68579404020511 ], [ -93.019948369133829, 16.687265637441786 ], [ -93.019676106099112, 16.687440614844576 ], [ -93.016544770967073, 16.689453005539772 ], [ -93.016885187081726, 16.68983571492782 ], [ -93.013079041363895, 16.69227596452054 ], [ -93.010987808622289, 16.690792189794763 ], [ -93.011032624403995, 16.68859351902012 ], [ -93.010965338822501, 16.687679286657357 ], [ -93.010898053883494, 16.686765054191625 ], [ -93.010425659428421, 16.685544525361255 ], [ -93.010299502833576, 16.685218570862173 ], [ -93.010374943330092, 16.684327708018699 ], [ -93.010450383130319, 16.683436845071409 ], [ -93.010774177925526, 16.68300703994662 ], [ -93.011097971274154, 16.68257723429846 ], [ -93.011818872647538, 16.680930468747587 ], [ -93.012351088093283, 16.680110236758601 ], [ -93.012794879217125, 16.679412880874938 ], [ -93.013238667125393, 16.678715523995599 ], [ -93.012903582083922, 16.678294377611547 ], [ -93.012406873871896, 16.677372266125328 ], [ -93.011859677782269, 16.67611722735743 ], [ -93.011639955960902, 16.675656695814673 ], [ -93.010965056869026, 16.675379631405104 ], [ -93.010474061059284, 16.674988387270631 ], [ -93.009987491042864, 16.674337079555837 ], [ -93.009879324110059, 16.673399166959339 ], [ -93.009649516634198, 16.672278886992927 ], [ -93.009446755151515, 16.671445191478348 ], [ -93.009244001056075, 16.670728735456247 ], [ -93.009243960401577, 16.66988200383377 ], [ -93.009311490244926, 16.668996189190842 ], [ -93.009379021372638, 16.66814945437973 ], [ -93.009865491588954, 16.667198486805681 ], [ -93.010396312972844, 16.666420878699419 ], [ -93.010632932565926, 16.666051723064445 ], [ -93.010869551252156, 16.665682567146632 ], [ -93.011411873296581, 16.664364522936175 ], [ -93.011948271066032, 16.663336868392626 ], [ -93.012984668437014, 16.662150443088297 ], [ -93.015557017157036, 16.661972981205782 ], [ -93.015813676241748, 16.661955272970864 ], [ -93.017756837311666, 16.662156889322844 ], [ -93.019436524878955, 16.661233162989692 ], [ -93.020887193855003, 16.660305230178349 ], [ -93.023135982423796, 16.659557893345276 ], [ -93.026001872383006, 16.659444316057503 ], [ -93.028020788501848, 16.658734223345583 ], [ -93.030052309904903, 16.657401842621681 ], [ -93.030609665912223, 16.658159020893695 ], [ -93.031502958511538, 16.659295830685043 ], [ -93.033029382387937, 16.660278192905896 ], [ -93.034044765619328, 16.661043720227646 ], [ -93.035052594358291, 16.662182603513436 ], [ -93.036531887297002, 16.662666080646297 ], [ -93.037443710848081, 16.662890204007894 ], [ -93.039037518426881, 16.663375750490577 ], [ -93.039539353839714, 16.664048891869854 ], [ -93.04056233476804, 16.664441025842578 ], [ -93.04175036522102, 16.665168158761396 ], [ -93.042745681406089, 16.666929272474697 ], [ -93.046629924743613, 16.661770964562365 ], [ -93.048985280536996, 16.658576797004127 ], [ -93.050538231220855, 16.655409527412978 ], [ -93.051838232495285, 16.656263137175351 ], [ -93.053001999197718, 16.658193260562015 ], [ -93.058861943169902, 16.665630655964964 ], [ -93.058806395016106, 16.665900623645857 ] ] ] ] } },
{ "type": "Feature", "properties": { "ID": 111, "ENTIDAD": 7, "MUNICIPIO": 27, "NOMBRE": "CHIAPA DE CORZO", "CONTROL": 179, "GEOMETRY1_": null, "ID_2": 399, "ENTIDAD_2": 7, "DISTRITO_F": 6, "DISTRITO_L": 3, "MUNICIPIO_2": 27, "SECCION": 421, "TIPO": 4, "CONTROL_2": 18, "GEOMETRY1__2": null }, "geometry": { "type": "MultiPolygon", "coordinates": [ [ [ [ -92.989001821022057, 16.665155479206405 ], [ -92.988213900855555, 16.664476929360863 ], [ -92.98824196331185, 16.663107945325187 ], [ -92.988181034972399, 16.660492315337873 ], [ -92.987549578536957, 16.660563653228031 ], [ -92.987077964681617, 16.661218943159948 ], [ -92.985130821511902, 16.664004971027023 ], [ -92.976481282327853, 16.659544093944739 ], [ -92.976006817855747, 16.659299379161954 ], [ -92.982988971685543, 16.645580819709178 ], [ -92.975618076336644, 16.637808335383532 ], [ -92.968247774804496, 16.630035584306885 ], [ -92.971753118696682, 16.62665611313879 ], [ -92.992841041758666, 16.626641901520379 ], [ -92.993398510995817, 16.626641496781584 ], [ -92.993658393109243, 16.627932796246625 ], [ -92.993759290427391, 16.628598660202087 ], [ -92.994594138623611, 16.629776061122719 ], [ -92.995318756988141, 16.630743925366456 ], [ -92.995481681523714, 16.631059390276647 ], [ -92.995535989820581, 16.631164545216183 ], [ -92.995604779917869, 16.631284345491654 ], [ -92.995924655744247, 16.631917099398649 ], [ -92.996519531948067, 16.633629570308852 ], [ -92.997008416151317, 16.634925084443246 ], [ -92.997823803203758, 16.637056615410259 ], [ -92.998659560798913, 16.638192514529091 ], [ -92.999215042193342, 16.639032747689804 ], [ -93.000395979018862, 16.64009199561734 ], [ -93.001234307341676, 16.641103430519109 ], [ -93.001615530952165, 16.642064949478765 ], [ -93.002686244554567, 16.642914654403359 ], [ -93.003748498115726, 16.644179198816097 ], [ -93.004359571268338, 16.645103439686665 ], [ -93.004448659217573, 16.646350080379101 ], [ -93.004933395372873, 16.647852996731583 ], [ -93.005015714723072, 16.649431512783799 ], [ -93.005387660801446, 16.650849353388516 ], [ -93.006451668610865, 16.652030914012453 ], [ -93.007911352003291, 16.653468739063644 ], [ -93.009253176026178, 16.65507038871829 ], [ -93.011164981003333, 16.656806992859853 ], [ -93.012117938192162, 16.657820483907326 ], [ -93.012157438864833, 16.658692708733607 ], [ -93.012022653141443, 16.659686234945756 ], [ -93.012984668437014, 16.662150443088297 ], [ -93.01236443507635, 16.662129659343837 ], [ -93.011744201848231, 16.662108873743637 ], [ -93.011172958966611, 16.662036138685782 ], [ -93.010719177968241, 16.661820308540779 ], [ -93.008057994400033, 16.660318936192681 ], [ -93.007477872943454, 16.660681777763966 ], [ -93.007175540279391, 16.661464722509663 ], [ -93.00676293481196, 16.66203814028184 ], [ -93.006539652641493, 16.662046472816545 ], [ -93.006017824571941, 16.662065945667848 ], [ -93.005718870227213, 16.662682950418354 ], [ -93.005201068904995, 16.662797931308468 ], [ -93.004751526863856, 16.662374665914033 ], [ -93.004133621518747, 16.661782303266257 ], [ -93.003968644445806, 16.661447269110258 ], [ -93.003109034343083, 16.661472958202669 ], [ -93.002242645218985, 16.661830519182306 ], [ -93.001489907512337, 16.662231668163948 ], [ -93.000620121157269, 16.662755160034511 ], [ -92.999586207270525, 16.662902126217546 ], [ -92.998601909861947, 16.663423501326061 ], [ -92.997617607124965, 16.663944871734266 ], [ -92.997028970237608, 16.664722527952883 ], [ -92.996729982974372, 16.665339519583302 ], [ -92.996455603629954, 16.664753463352493 ], [ -92.996119730925145, 16.664373773642346 ], [ -92.995101934022173, 16.663732513902811 ], [ -92.994526022991053, 16.663887897148857 ], [ -92.993937373797436, 16.664665544589678 ], [ -92.993703271514477, 16.664910228068141 ], [ -92.993016249476611, 16.664897558060673 ], [ -92.993203292572346, 16.664154006887802 ], [ -92.992009504490426, 16.663716986179658 ], [ -92.990976428668063, 16.663822425023959 ], [ -92.990442467364744, 16.664725572142363 ], [ -92.990316064784096, 16.665304239992757 ], [ -92.989922951403656, 16.664923483583486 ], [ -92.989155722823028, 16.666029821838801 ], [ -92.989001821022057, 16.665155479206405 ] ] ] ] } },
{ "type": "Feature", "properties": { "ID": 111, "ENTIDAD": 7, "MUNICIPIO": 27, "NOMBRE": "CHIAPA DE CORZO", "CONTROL": 179, "GEOMETRY1_": null, "ID_2": 864, "ENTIDAD_2": 7, "DISTRITO_F": 4, "DISTRITO_L": 2, "MUNICIPIO_2": 63, "SECCION": 924, "TIPO": 4, "CONTROL_2": 226, "GEOMETRY1__2": null }, "geometry": { "type": "MultiPolygon", "coordinates": [ [ [ [ -93.045140425852296, 16.835398247968644 ], [ -93.043483824932068, 16.83611295717499 ], [ -93.045140425852296, 16.835398247968552 ], [ -93.045881153140385, 16.834771750180206 ], [ -93.045140425852296, 16.835398247968644 ] ] ], [ [ [ -93.030023288137158, 16.850879016576609 ], [ -93.030023288137158, 16.850879016576624 ], [ -93.029942061970772, 16.848622455459346 ], [ -93.030023288137158, 16.850879016576609 ] ] ], [ [ [ -93.023436648401599, 16.864476800575531 ], [ -93.023273060981182, 16.865846662152173 ], [ -93.023436648401571, 16.86447680057562 ], [ -93.023370605593342, 16.863025265271013 ], [ -93.023436648401599, 16.864476800575531 ] ] ], [ [ [ -93.027534585451633, 16.869556106246311 ], [ -93.028972464520407, 16.870502088282652 ], [ -93.027534585451633, 16.869556106246399 ], [ -93.026998316233289, 16.869365385275245 ], [ -93.027534585451633, 16.869556106246311 ] ] ], [ [ [ -93.032324491983061, 16.875403300565505 ], [ -93.031649634012552, 16.877414593552292 ], [ -93.030966484305154, 16.878123676392089 ], [ -93.030571021710344, 16.879038542714508 ], [ -93.030290129079859, 16.879952759470466 ], [ -93.03057102171033, 16.879038542714419 ], [ -93.030966484305154, 16.878123676392001 ], [ -93.031649634012552, 16.877414593552199 ], [ -93.032324491983033, 16.875403300565491 ], [ -93.032324491983061, 16.875403300565505 ] ] ], [ [ [ -93.030158784961998, 16.883595298209158 ], [ -93.030158784961998, 16.883595298209169 ], [ -93.030158784961969, 16.883595298209158 ], [ -93.0307554784508, 16.881111647901363 ], [ -93.030158784961998, 16.883595298209158 ] ] ] ] } },
{ "type": "Feature", "properties": { "ID": 111, "ENTIDAD": 7, "MUNICIPIO": 27, "NOMBRE": "CHIAPA DE CORZO", "CONTROL": 179, "GEOMETRY1_": null, "ID_2": 1517, "ENTIDAD_2": 7, "DISTRITO_F": 6, "DISTRITO_L": 1, "MUNICIPIO_2": 102, "SECCION": 1622, "TIPO": 2, "CONTROL_2": 1837, "GEOMETRY1__2": null }, "geometry": { "type": "MultiPolygon", "coordinates": [ [ [ [ -93.05355734690427, 16.770220972121848 ], [ -93.05344848605003, 16.771134236549511 ], [ -93.053448485979359, 16.771134236414994 ], [ -93.053557346824846, 16.770220972060635 ], [ -93.05355734690427, 16.770220972121848 ] ] ], [ [ [ -93.055880680346078, 16.775558900842537 ], [ -93.055713800430397, 16.77634805153923 ], [ -93.05571380030068, 16.776348051425995 ], [ -93.055880680259364, 16.775558900525844 ], [ -93.055880680346078, 16.775558900842537 ] ] ] ] } },
{ "type": "Feature", "properties": { "ID": 111, "ENTIDAD": 7, "MUNICIPIO": 27, "NOMBRE": "CHIAPA DE CORZO", "CONTROL": 179, "GEOMETRY1_": null, "ID_2": 1812, "ENTIDAD_2": 7, "DISTRITO_F": 5, "DISTRITO_L": 22, "MUNICIPIO_2": 111, "SECCION": 1929, "TIPO": 4, "CONTROL_2": 837, "GEOMETRY1__2": null }, "geometry": { "type": "MultiPolygon", "coordinates": [ [ [ [ -92.86886096501685, 16.684588128065684 ], [ -92.868854250109706, 16.683298426361937 ], [ -92.868860965016879, 16.684588128065684 ], [ -92.868921660791344, 16.685251567552726 ], [ -92.86886096501685, 16.684588128065684 ] ] ], [ [ [ -92.866729674358197, 16.681939842470378 ], [ -92.864206260517804, 16.680918791375156 ], [ -92.866729674358197, 16.681939842470378 ], [ -92.868854250109706, 16.683298426361937 ], [ -92.866729674358197, 16.681939842470378 ] ] ], [ [ [ -92.86283065172185, 16.680506898016215 ], [ -92.862363930864731, 16.680172111369686 ], [ -92.86283065172185, 16.680506898016123 ], [ -92.864206260517804, 16.680918791375156 ], [ -92.86283065172185, 16.680506898016215 ] ] ] ] } },
{ "type": "Feature", "properties": { "ID": 111, "ENTIDAD": 7, "MUNICIPIO": 27, "NOMBRE": "CHIAPA DE CORZO", "CONTROL": 179, "GEOMETRY1_": null, "ID_2": 19, "ENTIDAD_2": 7, "DISTRITO_F": 6, "DISTRITO_L": 3, "MUNICIPIO_2": 122, "SECCION": 20, "TIPO": 4, "CONTROL_2": 2609, "GEOMETRY1__2": null }, "geometry": { "type": "MultiPolygon", "coordinates": [ [ [ [ -92.91524032909517, 16.486239320117026 ], [ -92.914262327434031, 16.484796564119442 ], [ -92.915240329095496, 16.486239319393555 ], [ -92.920413661127569, 16.482916189331554 ], [ -92.91524032909517, 16.486239320117026 ] ] ] ] } },
{ "type": "Feature", "properties": { "ID": 111, "ENTIDAD": 7, "MUNICIPIO": 27, "NOMBRE": "CHIAPA DE CORZO", "CONTROL": 179, "GEOMETRY1_": null, "ID_2": 13, "ENTIDAD_2": 7, "DISTRITO_F": 6, "DISTRITO_L": 3, "MUNICIPIO_2": 2, "SECCION": 14, "TIPO": 4, "CONTROL_2": 2603, "GEOMETRY1__2": null }, "geometry": { "type": "MultiPolygon", "coordinates": [ [ [ [ -92.850985602117291, 16.658457132889914 ], [ -92.851839864941866, 16.657664840792503 ], [ -92.853612845932943, 16.657490376928347 ], [ -92.851839864941866, 16.657664840792595 ], [ -92.850985602117291, 16.65845713289 ], [ -92.850419138862264, 16.659579908666856 ], [ -92.850985602117291, 16.658457132889914 ] ] ], [ [ [ -92.855326679326936, 16.656942830919693 ], [ -92.855668824634961, 16.656713020601646 ], [ -92.855326679326936, 16.656942830919785 ], [ -92.853612845932943, 16.657490376928347 ], [ -92.855326679326936, 16.656942830919693 ] ] ], [ [ [ -92.86381260717863, 16.649227255839413 ], [ -92.864181935587141, 16.648727655109383 ], [ -92.86381260717863, 16.649227255839506 ], [ -92.863329918198446, 16.649934825278834 ], [ -92.86381260717863, 16.649227255839413 ] ] ], [ [ [ -92.865577292266764, 16.647476350279963 ], [ -92.865890151679949, 16.647122214302065 ], [ -92.865577292266764, 16.647476350280048 ], [ -92.865064278169555, 16.647852202630208 ], [ -92.865577292266764, 16.647476350279963 ] ] ], [ [ [ -92.867402191821071, 16.646305906274893 ], [ -92.867658694794201, 16.646117977312109 ], [ -92.867402191821071, 16.646305906274982 ], [ -92.866802601594699, 16.646536992927583 ], [ -92.867402191821071, 16.646305906274893 ] ] ], [ [ [ -92.870138631788578, 16.644384279185772 ], [ -92.870353542226951, 16.644218552191639 ], [ -92.870138631788549, 16.644384279185857 ], [ -92.868997551986055, 16.645012117418631 ], [ -92.870138631788578, 16.644384279185772 ] ] ], [ [ [ -92.873159138484382, 16.642087867132744 ], [ -92.87372933729246, 16.641711713239946 ], [ -92.873159138484382, 16.642087867132744 ], [ -92.871221401722707, 16.643549301938002 ], [ -92.873159138484382, 16.642087867132744 ] ] ], [ [ [ -92.874640866121354, 16.640960526239034 ], [ -92.87538008757079, 16.640085732013461 ], [ -92.875835736710854, 16.639689393978628 ], [ -92.87538008757079, 16.640085732013549 ], [ -92.874640866121354, 16.640960526239127 ], [ -92.87372933729246, 16.641711713239946 ], [ -92.874640866121354, 16.640960526239034 ] ] ], [ [ [ -92.895429175486086, 16.655086173157585 ], [ -92.907006147904909, 16.64880100194652 ], [ -92.895429175486086, 16.655086173157674 ], [ -92.889518292295449, 16.651880016110773 ], [ -92.895429175486086, 16.655086173157585 ] ] ], [ [ [ -92.921353614441813, 16.642222694308874 ], [ -92.921676072526978, 16.64182332391735 ], [ -92.922301941504486, 16.64049524419562 ], [ -92.921676072526978, 16.641823323917443 ], [ -92.921353614441841, 16.642222694308874 ], [ -92.921220245704802, 16.643412183766952 ], [ -92.921220245704788, 16.643412183766944 ], [ -92.921353614441813, 16.642222694308874 ] ] ] ] } },
{ "type": "Feature", "properties": { "ID": 111, "ENTIDAD": 7, "MUNICIPIO": 27, "NOMBRE": "CHIAPA DE CORZO", "CONTROL": 179, "GEOMETRY1_": null, "ID_2": 14, "ENTIDAD_2": 7, "DISTRITO_F": 6, "DISTRITO_L": 3, "MUNICIPIO_2": 122, "SECCION": 15, "TIPO": 4, "CONTROL_2": 2604, "GEOMETRY1__2": null }, "geometry": { "type": "MultiPolygon", "coordinates": [ [ [ [ -92.902187450852281, 16.454159485677128 ], [ -92.902187451089915, 16.454159485360474 ], [ -92.902849777843244, 16.455303699029049 ], [ -92.902187450852281, 16.454159485677128 ] ] ], [ [ [ -92.906180386322063, 16.441905130709316 ], [ -92.901629908183097, 16.430362109635528 ], [ -92.901456159969115, 16.430488570541737 ], [ -92.897201062705776, 16.431961564722258 ], [ -92.896670258610854, 16.432174621698369 ], [ -92.893863101869286, 16.426486795249737 ], [ -92.896670258611238, 16.432174620969736 ], [ -92.897201062706145, 16.431961563993628 ], [ -92.901456159969484, 16.430488569813019 ], [ -92.901629908183452, 16.430362108906813 ], [ -92.906180386322404, 16.441905129981691 ], [ -92.908453692329019, 16.445809120052097 ], [ -92.908453692090376, 16.445809120370125 ], [ -92.906180386322063, 16.441905130709316 ] ] ], [ [ [ -92.844001201806833, 16.393512762837496 ], [ -92.843329962903482, 16.392882380320035 ], [ -92.844001201807416, 16.393512762105352 ], [ -92.846304804767129, 16.391383691720488 ], [ -92.844001201806833, 16.393512762837496 ] ] ], [ [ [ -92.831590044290678, 16.381557957487669 ], [ -92.830265456993416, 16.383055940538572 ], [ -92.831590044291289, 16.381557956754431 ], [ -92.832067222568298, 16.382021352363715 ], [ -92.831590044290678, 16.381557957487669 ] ] ] ] } },
{ "type": "Feature", "properties": { "ID": 111, "ENTIDAD": 7, "MUNICIPIO": 27, "NOMBRE": "CHIAPA DE CORZO", "CONTROL": 179, "GEOMETRY1_": null, "ID_2": 16, "ENTIDAD_2": 7, "DISTRITO_F": 6, "DISTRITO_L": 3, "MUNICIPIO_2": 122, "SECCION": 17, "TIPO": 3, "CONTROL_2": 2606, "GEOMETRY1__2": null }, "geometry": { "type": "MultiPolygon", "coordinates": [ [ [ [ -92.932366411672632, 16.622081794890324 ], [ -92.932225489140535, 16.621226820802498 ], [ -92.932098464131499, 16.620256836742939 ], [ -92.931521852314077, 16.619927017422569 ], [ -92.931521852836653, 16.619927017010525 ], [ -92.932098464131769, 16.620256836032127 ], [ -92.932225489140805, 16.621226820091785 ], [ -92.932366411672888, 16.622081794179703 ], [ -92.932600981895831, 16.623053467131861 ], [ -92.932600981797989, 16.623053467438183 ], [ -92.932366411672632, 16.622081794890324 ] ] ], [ [ [ -92.948598787131417, 16.525244228008191 ], [ -92.948524805626917, 16.5250316622082 ], [ -92.948598787131431, 16.525244228008191 ], [ -92.948697375965892, 16.525504006502903 ], [ -92.948598787131417, 16.525244228008191 ] ] ], [ [ [ -92.948764843673629, 16.522809454342916 ], [ -92.94886194879453, 16.522407461912746 ], [ -92.948764843673644, 16.522809454342916 ], [ -92.948667473226877, 16.523093285286009 ], [ -92.948764843673629, 16.522809454342916 ] ] ], [ [ [ -92.947701141457173, 16.51827372250396 ], [ -92.947480370359429, 16.518156011940139 ], [ -92.947701141457173, 16.51827372250396 ], [ -92.947799462126227, 16.518415331064588 ], [ -92.947701141457173, 16.51827372250396 ] ] ], [ [ [ -92.945846356349477, 16.495320314186163 ], [ -92.945846356566832, 16.49532031410412 ], [ -92.946347205431763, 16.496797712643982 ], [ -92.945846356349477, 16.495320314186163 ] ] ], [ [ [ -92.94162400365957, 16.483304468990344 ], [ -92.940638925354349, 16.483662573533408 ], [ -92.941624003659797, 16.483304468266507 ], [ -92.943102348065835, 16.48604250324739 ], [ -92.94162400365957, 16.483304468990344 ] ] ], [ [ [ -92.934222026798608, 16.486215981261015 ], [ -92.929861105032913, 16.477783114264106 ], [ -92.928452444579406, 16.4784871938196 ], [ -92.929861105033169, 16.477783113539818 ], [ -92.934222026798849, 16.486215980537544 ], [ -92.939978937344094, 16.484125422935907 ], [ -92.934222026798608, 16.486215981261015 ] ] ] ] } },
{ "type": "Feature", "properties": { "ID": 111, "ENTIDAD": 7, "MUNICIPIO": 27, "NOMBRE": "CHIAPA DE CORZO", "CONTROL": 179, "GEOMETRY1_": null, "ID_2": 386, "ENTIDAD_2": 7, "DISTRITO_F": 6, "DISTRITO_L": 3, "MUNICIPIO_2": 27, "SECCION": 406, "TIPO": 2, "CONTROL_2": 231, "GEOMETRY1__2": null }, "geometry": { "type": "MultiPolygon", "coordinates": [ [ [ [ -93.018327430229789, 16.7191105731284 ], [ -93.017317553385453, 16.718285495753474 ], [ -93.016591794412463, 16.717611007187841 ], [ -93.015381881907018, 16.716609720967803 ], [ -93.013954216680574, 16.715414159925658 ], [ -93.013320552218872, 16.714910095991176 ], [ -93.013258281793853, 16.714860561205469 ], [ -93.013137529699335, 16.714764505380849 ], [ -93.012502852308984, 16.714322392917779 ], [ -93.011575772334083, 16.713791031715999 ], [ -93.010518298626238, 16.713299899031512 ], [ -93.011286497592252, 16.712250905954772 ], [ -93.011804531435672, 16.711530720517278 ], [ -93.012485903187255, 16.710647965656062 ], [ -93.012836386245354, 16.710955543167596 ], [ -93.012950480621541, 16.711055669959237 ], [ -93.013016380213458, 16.711113501959133 ], [ -93.013471683405825, 16.711396248425885 ], [ -93.013740686777396, 16.711563300534596 ], [ -93.014207599261013, 16.711853253420657 ], [ -93.014906190936415, 16.712287075579923 ], [ -93.015763744553681, 16.712824303872786 ], [ -93.015912292684192, 16.712885485016937 ], [ -93.015765539089585, 16.713441260706595 ], [ -93.015427185920288, 16.713867299462024 ], [ -93.015218877630005, 16.714026817633375 ], [ -93.015418631072009, 16.714211304595821 ], [ -93.015738274278633, 16.714279783075579 ], [ -93.0158849921919, 16.714533812005225 ], [ -93.016031710493621, 16.714787840824169 ], [ -93.016097785816029, 16.715644859286865 ], [ -93.016616292901688, 16.714945966778622 ], [ -93.018961957634033, 16.717519608478021 ], [ -93.018927527100431, 16.718052772407887 ], [ -93.018897195274008, 16.718838108395428 ], [ -93.018885359215247, 16.719075246387526 ], [ -93.018857231721583, 16.719468096234966 ], [ -93.01880681657542, 16.71967263810701 ], [ -93.018327430229789, 16.7191105731284 ] ] ] ] } },
{ "type": "Feature", "properties": { "ID": 111, "ENTIDAD": 7, "MUNICIPIO": 27, "NOMBRE": "CHIAPA DE CORZO", "CONTROL": 179, "GEOMETRY1_": null, "ID_2": 384, "ENTIDAD_2": 7, "DISTRITO_F": 6, "DISTRITO_L": 3, "MUNICIPIO_2": 27, "SECCION": 403, "TIPO": 2, "CONTROL_2": 1668, "GEOMETRY1__2": null }, "geometry": { "type": "MultiPolygon", "coordinates": [ [ [ [ -93.008284954901285, 16.712373900516631 ], [ -93.008590345495634, 16.712572125540657 ], [ -93.008923306340762, 16.712778523663015 ], [ -93.008966783109244, 16.71282552654538 ], [ -93.008971026585073, 16.712869465596555 ], [ -93.00894770051616, 16.712907274786382 ], [ -93.008923313131902, 16.712924647165888 ], [ -93.00886075249025, 16.712932824597882 ], [ -93.00873351010631, 16.712941004753485 ], [ -93.008676783379244, 16.71308509192469 ], [ -93.008606791625041, 16.71302258079691 ], [ -93.008006019311836, 16.712658803708525 ], [ -93.007735651047255, 16.712497040532025 ], [ -93.007451438700002, 16.712353061468818 ], [ -93.00721115922542, 16.712378109651493 ], [ -93.007026454595263, 16.712473605818001 ], [ -93.006856187159528, 16.712755633732673 ], [ -93.006711463576721, 16.712960558757072 ], [ -93.006545501272171, 16.713184654627575 ], [ -93.006360753387014, 16.71336756767305 ], [ -93.006126047695233, 16.713437307020879 ], [ -93.005859965189799, 16.713440084704956 ], [ -93.00571307574539, 16.713362727499767 ], [ -93.005486139368244, 16.713241346351701 ], [ -93.005205566041155, 16.713097321607826 ], [ -93.004973868161215, 16.712925329535576 ], [ -93.004761568922262, 16.712779431636609 ], [ -93.004553214082605, 16.712704261759708 ], [ -93.004361540500881, 16.712554281099518 ], [ -93.004133787949115, 16.71245301632398 ], [ -93.003873023853828, 16.712325025321213 ], [ -93.003673317281837, 16.71220490508604 ], [ -93.003377701523462, 16.712095452637801 ], [ -93.003138381559921, 16.711943260609655 ], [ -93.002903823537864, 16.711841678719448 ], [ -93.002639584007071, 16.711799187068749 ], [ -93.002402003902773, 16.711680081873631 ], [ -93.002383559777741, 16.711670835327915 ], [ -93.002270300643602, 16.711614125078189 ], [ -93.002204077904892, 16.711561303882171 ], [ -93.00215086933764, 16.711514455878824 ], [ -93.002090347327695, 16.711448552643787 ], [ -93.002023433497669, 16.71138195829543 ], [ -93.001951049444841, 16.711333036953096 ], [ -93.001885287682597, 16.711289397716431 ], [ -93.001826608989887, 16.711260222654836 ], [ -93.001729118397691, 16.711217718890541 ], [ -93.001664969458659, 16.711206216805273 ], [ -93.001594659062292, 16.711198614623484 ], [ -93.001518417592052, 16.711199503370917 ], [ -93.001436014652626, 16.711204292008897 ], [ -93.001361155478833, 16.711232726890501 ], [ -93.001287678572169, 16.711288707937854 ], [ -93.001267409914391, 16.711391537204065 ], [ -93.001245758949892, 16.711466820274545 ], [ -93.001197158234234, 16.711511792667849 ], [ -93.001122068527238, 16.711535636429829 ], [ -93.001042199569909, 16.711590926265181 ], [ -93.000969413556447, 16.711660680294379 ], [ -93.000892308974926, 16.711771062458947 ], [ -93.000844629585956, 16.711834398897476 ], [ -93.000804493893781, 16.711921381619831 ], [ -93.000718463176668, 16.71198057122745 ], [ -93.000643603593971, 16.71200900584715 ], [ -93.000569435085055, 16.71205121353751 ], [ -93.000463307145125, 16.712089965486445 ], [ -93.000350787281931, 16.712128026233913 ], [ -93.000225483611644, 16.712164704618878 ], [ -93.00009902812215, 16.712178427762318 ], [ -93.000023246960751, 16.712188498024499 ], [ -92.999895409344774, 16.712174674844416 ], [ -92.999787208079198, 16.712172107145957 ], [ -92.999641346570826, 16.712179165482144 ], [ -92.99950049489145, 16.712159368686137 ], [ -92.999384980413325, 16.712137745468876 ], [ -92.999255991207008, 16.712100966723764 ], [ -92.999140707122748, 16.712083934403886 ], [ -92.9989797586354, 16.712043699562194 ], [ -92.998869714858472, 16.712004403108399 ], [ -92.998726560174958, 16.711938695439287 ], [ -92.998571543127753, 16.711889969406798 ], [ -92.998480905430995, 16.711857337385293 ], [ -92.998370631550458, 16.711813449630135 ], [ -92.998241182137676, 16.711767488180335 ], [ -92.998086856268628, 16.711732534889798 ], [ -92.9979206048436, 16.711643090216246 ], [ -92.997450948662788, 16.711671372482634 ], [ -92.997148413444066, 16.711747461714431 ], [ -92.996143402341886, 16.712015702751913 ], [ -92.996052708442377, 16.712039908998662 ], [ -92.995552740885387, 16.712331382544875 ], [ -92.994985233162751, 16.712519953030633 ], [ -92.994486222134114, 16.712501081978452 ], [ -92.994071133888596, 16.712631730529491 ], [ -92.993797821772418, 16.712342315755265 ], [ -92.99376977590596, 16.712416906685899 ], [ -92.993708213044144, 16.712583761342081 ], [ -92.993668994767063, 16.712689106832293 ], [ -92.993635477724055, 16.712781370548534 ], [ -92.99359833116354, 16.712928035382738 ], [ -92.993509819250264, 16.713064578307847 ], [ -92.993462367301902, 16.713132504075617 ], [ -92.993307404142897, 16.713211631862929 ], [ -92.993177317859093, 16.713279751888511 ], [ -92.993078500393736, 16.713337555571346 ], [ -92.992952043621955, 16.713351274341761 ], [ -92.992876031440474, 16.713356750942502 ], [ -92.992717154812055, 16.713357830595971 ], [ -92.992622197117157, 16.713365823994835 ], [ -92.992535702881469, 16.713415828107156 ], [ -92.992437115325615, 16.71347822252336 ], [ -92.992376418755384, 16.71353558317368 ], [ -92.992321423539266, 16.71357986207769 ], [ -92.992222145326636, 16.71362848326725 ], [ -92.992926754081097, 16.714645824541627 ], [ -92.992676025657644, 16.714903533095736 ], [ -92.992357352851499, 16.71509319336786 ], [ -92.992297459082735, 16.715141379469348 ], [ -92.992050667452574, 16.715287384367606 ], [ -92.991992125306126, 16.715379419189645 ], [ -92.991823549745376, 16.715644438293111 ], [ -92.991773607780914, 16.71576173482816 ], [ -92.991556087559417, 16.716272613348771 ], [ -92.991400210457229, 16.716422813210357 ], [ -92.991317084912225, 16.716502911073032 ], [ -92.991121485616418, 16.716691385656315 ], [ -92.991029540938172, 16.71698131357283 ], [ -92.990995577415177, 16.717088410058711 ], [ -92.990937595981976, 16.717271241440276 ], [ -92.990619992718351, 16.717722232399023 ], [ -92.990524090845369, 16.717965673387077 ], [ -92.990491292500735, 16.718225975895809 ], [ -92.990329753359546, 16.718427676613224 ], [ -92.990207205166428, 16.718519441395038 ], [ -92.990117077399233, 16.718623845503163 ], [ -92.989915804423617, 16.718793850860344 ], [ -92.989844162221743, 16.718886556128897 ], [ -92.989834650923243, 16.719077305454373 ], [ -92.989788116651397, 16.719163594503346 ], [ -92.98970253952092, 16.719231961565939 ], [ -92.989599626981317, 16.719334982489059 ], [ -92.989543069697859, 16.71947498102033 ], [ -92.989480350350519, 16.719618879093268 ], [ -92.989408707630247, 16.719711584203292 ], [ -92.989313107193681, 16.719833660629437 ], [ -92.989233001280056, 16.719884354814234 ], [ -92.989114312624579, 16.719926308966087 ], [ -92.98896798463997, 16.719924177680269 ], [ -92.98889289012466, 16.719948016979352 ], [ -92.988738149672415, 16.72003173232746 ], [ -92.988634545917719, 16.720120979635119 ], [ -92.988557660933353, 16.720235948147426 ], [ -92.98846707129114, 16.720331169433244 ], [ -92.988338128878937, 16.720422241574653 ], [ -92.988209876583838, 16.720527086762342 ], [ -92.988118826476111, 16.720613125807656 ], [ -92.98799972695592, 16.720773754897689 ], [ -92.987910977367704, 16.720905704275165 ], [ -92.987812384461648, 16.720968096437595 ], [ -92.987767919450832, 16.721095704399588 ], [ -92.987672087213269, 16.721213189006491 ], [ -92.987580576407481, 16.721290045722942 ], [ -92.987482673386808, 16.721366210854104 ], [ -92.98736697422197, 16.721467847553672 ], [ -92.987308344144736, 16.721566526056222 ], [ -92.987282364938025, 16.721682435425162 ], [ -92.987200926820435, 16.72183344020776 ], [ -92.987124730457495, 16.721962181295925 ], [ -92.987040301398537, 16.722053502451558 ], [ -92.986936005608925, 16.722128975759617 ], [ -92.986838331953422, 16.722209731622048 ], [ -92.986729529000087, 16.722322808886748 ], [ -92.986669473264726, 16.722392373659119 ], [ -92.986575680916758, 16.722455023306484 ], [ -92.982246400327043, 16.721242736476572 ], [ -92.982108683198987, 16.721194035748603 ], [ -92.981910197642549, 16.721651889171003 ], [ -92.981870139590768, 16.721642390886643 ], [ -92.981830081542938, 16.721632892594414 ], [ -92.979831834059951, 16.721218448199494 ], [ -92.978698119526243, 16.720506971618402 ], [ -92.978486447695602, 16.72034251075663 ], [ -92.978385969687722, 16.720240312329146 ], [ -92.978140959065101, 16.720044845658254 ], [ -92.978042320084356, 16.719979375491331 ], [ -92.977906894393612, 16.719814033942448 ], [ -92.977863261847844, 16.719772141256822 ], [ -92.977826742277486, 16.719736866029589 ], [ -92.977718264094975, 16.719601838049414 ], [ -92.977677383717477, 16.719547185369048 ], [ -92.97760748781549, 16.719420899464914 ], [ -92.977528078629305, 16.71925537619687 ], [ -92.977388268074321, 16.71906823576958 ], [ -92.979044397275615, 16.714471434395723 ], [ -92.98325349650662, 16.710530355027469 ], [ -92.983378159409241, 16.710413626398648 ], [ -92.983572524096687, 16.71033330781076 ], [ -92.984707685028255, 16.7097555896333 ], [ -92.984796886243601, 16.709710191850917 ], [ -92.987230684023487, 16.708471519348986 ], [ -92.991095990268178, 16.706583587380806 ], [ -92.99192338898591, 16.706179810770323 ], [ -92.993301363361454, 16.705511280143188 ], [ -92.995953294270777, 16.704224644566853 ], [ -92.999616255612182, 16.704410512427817 ], [ -92.998826376272802, 16.702120702971548 ], [ -92.999369406798024, 16.70184372521636 ], [ -92.999472317384075, 16.70178713238872 ], [ -92.999767315356607, 16.702503867484172 ], [ -93.000062596051677, 16.703300883409838 ], [ -93.00033660357596, 16.70400355830742 ], [ -93.000607354326405, 16.703870699108375 ], [ -93.001591001349198, 16.704021506324654 ], [ -93.003106220171119, 16.704374581736786 ], [ -93.003929958433261, 16.704203818383302 ], [ -93.004442158145054, 16.704198612029519 ], [ -93.004743218807263, 16.704286799182352 ], [ -93.00524742858768, 16.704434491923227 ], [ -93.006053561575911, 16.705081002848782 ], [ -93.005794491966284, 16.705455054276612 ], [ -93.005455305125153, 16.705944778330807 ], [ -93.006118488505578, 16.706397251485107 ], [ -93.005475927064268, 16.707293825664035 ], [ -93.003435606606061, 16.707779756381711 ], [ -93.003405183283192, 16.708109660254234 ], [ -93.003904398130487, 16.708564497203351 ], [ -93.004280041769121, 16.708930736782744 ], [ -93.007208965882072, 16.711562550591289 ], [ -93.008284954901285, 16.712373900516631 ] ] ] ] } },
{ "type": "Feature", "properties": { "ID": 111, "ENTIDAD": 7, "MUNICIPIO": 27, "NOMBRE": "CHIAPA DE CORZO", "CONTROL": 179, "GEOMETRY1_": null, "ID_2": 385, "ENTIDAD_2": 7, "DISTRITO_F": 6, "DISTRITO_L": 3, "MUNICIPIO_2": 27, "SECCION": 404, "TIPO": 2, "CONTROL_2": 232, "GEOMETRY1__2": null }, "geometry": { "type": "MultiPolygon", "coordinates": [ [ [ [ -93.00873351010631, 16.712941004753485 ], [ -93.00886075249025, 16.712932824597882 ], [ -93.008923313131902, 16.712924647165888 ], [ -93.00894770051616, 16.712907274786382 ], [ -93.008971026585073, 16.712869465596555 ], [ -93.008966783109244, 16.71282552654538 ], [ -93.008923306340762, 16.712778523663015 ], [ -93.008590345495634, 16.712572125540657 ], [ -93.008284954901285, 16.712373900516631 ], [ -93.007208965882072, 16.711562550591289 ], [ -93.004280041769121, 16.708930736782744 ], [ -93.003904398130487, 16.708564497203351 ], [ -93.003405183283192, 16.708109660254234 ], [ -93.003435606606061, 16.707779756381711 ], [ -93.005475927064268, 16.707293825664035 ], [ -93.006118488505578, 16.706397251485107 ], [ -93.006922937332519, 16.706946100717964 ], [ -93.006812567320452, 16.707138528504817 ], [ -93.007676098595184, 16.707106012262731 ], [ -93.008365315396134, 16.707074002264136 ], [ -93.008703680848626, 16.707157837966292 ], [ -93.008814864778685, 16.70733019090008 ], [ -93.009467443640006, 16.707904407385339 ], [ -93.008606731584578, 16.70902726942586 ], [ -93.009018338181363, 16.709199711406093 ], [ -93.009509206571053, 16.709554463278209 ], [ -93.009846688356902, 16.70996835030649 ], [ -93.010453830573454, 16.710580467544094 ], [ -93.010236311217028, 16.710851093033586 ], [ -93.010018791247603, 16.711121718287497 ], [ -93.010847484061713, 16.711843201147591 ], [ -93.011286497592252, 16.712250905954772 ], [ -93.010518298626238, 16.713299899031512 ], [ -93.011575772334083, 16.713791031715999 ], [ -93.012502852308984, 16.714322392917779 ], [ -93.013137529699335, 16.714764505380849 ], [ -93.013258281793853, 16.714860561205469 ], [ -93.013320552218872, 16.714910095991176 ], [ -93.013954216680574, 16.715414159925658 ], [ -93.015381881907018, 16.716609720967803 ], [ -93.016591794412463, 16.717611007187841 ], [ -93.017317553385453, 16.718285495753474 ], [ -93.018327430229789, 16.7191105731284 ], [ -93.01880681657542, 16.71967263810701 ], [ -93.0186783363214, 16.721284134659211 ], [ -93.018632713196666, 16.722101843448652 ], [ -93.018572588848414, 16.723245634523476 ], [ -93.018557494284167, 16.723653975827943 ], [ -93.018467311857833, 16.724946125862296 ], [ -93.018406342959778, 16.725630062799855 ], [ -93.018413967474856, 16.72622798833051 ], [ -93.018240187273804, 16.729006172636741 ], [ -93.018225083247287, 16.729327012323871 ], [ -93.018035810488641, 16.729590134516179 ], [ -93.017783780796194, 16.730520735073672 ], [ -93.017405422955605, 16.7314986625342 ], [ -93.017173094033993, 16.732098310885949 ], [ -93.016972375846279, 16.732980979461377 ], [ -93.016929311054199, 16.733407773368867 ], [ -93.016939261417818, 16.733774182501591 ], [ -93.017068444138403, 16.734585096974399 ], [ -93.017257504658346, 16.735150594345715 ], [ -93.017476946282017, 16.735674564713165 ], [ -93.017682248260584, 16.736049380095793 ], [ -93.017876284631612, 16.736431548559544 ], [ -93.018074856791372, 16.736730360573667 ], [ -93.01832625676262, 16.737020905563995 ], [ -93.018536117572864, 16.737375296403155 ], [ -93.018625069579073, 16.73769611449725 ], [ -93.018708409765168, 16.737781901116051 ], [ -93.01887538773417, 16.738105631890889 ], [ -93.019087666152686, 16.738475295140525 ], [ -93.019316266975196, 16.738797763089494 ], [ -93.01947138874381, 16.739010119455529 ], [ -93.019650997995953, 16.739198876600888 ], [ -93.019838767538815, 16.739356170442694 ], [ -93.020067354206532, 16.739521325737517 ], [ -93.020353082039662, 16.739670743971626 ], [ -93.020728605646397, 16.739820152811376 ], [ -93.021128611688511, 16.739898768156429 ], [ -93.021504122225608, 16.739922326152801 ], [ -93.02196941742217, 16.739851486858349 ], [ -93.022291780130999, 16.739796081880765 ], [ -93.022378326038421, 16.739987317245369 ], [ -93.022467916171351, 16.740119914619115 ], [ -93.022539117887092, 16.740211047756166 ], [ -93.022623097253003, 16.740286878424804 ], [ -93.022757260490692, 16.740371635018622 ], [ -93.022911077210225, 16.740443426240908 ], [ -93.023053246516341, 16.740487876017262 ], [ -93.023293885286336, 16.740527360974617 ], [ -93.023402115363709, 16.740526810370735 ], [ -93.023453535937534, 16.74088982993452 ], [ -93.022460167484226, 16.74108409131162 ], [ -93.022445310182846, 16.741161547715706 ], [ -93.022469894634071, 16.741327520932451 ], [ -93.022499748003554, 16.741640434899566 ], [ -93.022633236743502, 16.742306796993145 ], [ -93.022698814952548, 16.742541731169247 ], [ -93.022783440291775, 16.743107777515934 ], [ -93.021517861116251, 16.743297358212288 ], [ -93.02085760670218, 16.743433048169052 ], [ -93.019722071831538, 16.743314085046791 ], [ -93.019202008082303, 16.743283301164464 ], [ -93.019246036055762, 16.74378504921755 ], [ -93.019349418591688, 16.745350378522353 ], [ -93.019380624176918, 16.745914438278472 ], [ -93.019521238944435, 16.74731768658031 ], [ -93.019546000726976, 16.748278489696645 ], [ -93.019526984696299, 16.7491589234507 ], [ -93.019371093832277, 16.749844985353352 ], [ -93.019681989936771, 16.750896020826005 ], [ -93.019459039617075, 16.751444725370309 ], [ -93.019340484263608, 16.751815205886253 ], [ -93.019416676155942, 16.752375739922808 ], [ -93.019579851595523, 16.752768825199869 ], [ -93.019704474418674, 16.752942973053695 ], [ -93.019750199967106, 16.753306941078435 ], [ -93.019735903723927, 16.75367392486492 ], [ -93.019473332294865, 16.753832005277616 ], [ -93.018823109503685, 16.753622022111049 ], [ -93.017849792649969, 16.753559678746424 ], [ -93.017607269675167, 16.753320125394108 ], [ -93.017327608852824, 16.75311893290392 ], [ -93.015953539580011, 16.752854998480672 ], [ -93.014438024216972, 16.752642034162033 ], [ -93.013320291522973, 16.752449979413882 ], [ -93.013114609450952, 16.752195045388586 ], [ -93.013000133519483, 16.752107546166506 ], [ -93.013032599977066, 16.751765462388118 ], [ -93.01254022270065, 16.751692889421154 ], [ -93.012077122666952, 16.751555790441863 ], [ -93.012130781877488, 16.751034407894789 ], [ -93.011698437760828, 16.7507578414249 ], [ -93.011629175238141, 16.750670568061139 ], [ -93.011089839524587, 16.750566866234447 ], [ -93.01061376511953, 16.750647895075964 ], [ -93.010387822893165, 16.750618453675106 ], [ -93.01029915104526, 16.75031338078125 ], [ -93.010218703076006, 16.7499157297643 ], [ -93.009782028958114, 16.749767933751642 ], [ -93.009871507840955, 16.749313298511776 ], [ -93.009470901884981, 16.748870263780471 ], [ -93.009959256767061, 16.747884693313338 ], [ -93.010005329564379, 16.747826978840266 ], [ -93.01075168324752, 16.746503999047395 ], [ -93.010780688552529, 16.746458880254714 ], [ -93.011137841490907, 16.745785606705883 ], [ -93.011101477149325, 16.745767548991076 ], [ -93.011119389506931, 16.745734853070388 ], [ -93.011223960010952, 16.74556737638979 ], [ -93.011037368512689, 16.745433723940074 ], [ -93.010937352493173, 16.745422564281423 ], [ -93.010830048182484, 16.745361441972992 ], [ -93.01077477937497, 16.745291862914407 ], [ -93.010849304142369, 16.745197944805874 ], [ -93.010767549775849, 16.74510337148892 ], [ -93.010591680649853, 16.745012293209786 ], [ -93.010739576607151, 16.744916521226134 ], [ -93.010821181863506, 16.744850207646124 ], [ -93.01164656154846, 16.743404685330663 ], [ -93.010929911591433, 16.743134831253172 ], [ -93.010391017903373, 16.742840644270448 ], [ -93.010167445324711, 16.742614644410587 ], [ -93.010116792802563, 16.742563441856007 ], [ -93.010066140307501, 16.742512239288818 ], [ -93.009999775170684, 16.74245567863715 ], [ -93.009960772512756, 16.742422429642939 ], [ -93.009831505769128, 16.742312259962212 ], [ -93.009731793673126, 16.742269565427108 ], [ -93.009569431858367, 16.742121265467425 ], [ -93.009558647098231, 16.742081368706998 ], [ -93.009480391857807, 16.742015808746562 ], [ -93.009435712132216, 16.741999136615043 ], [ -93.009305237936758, 16.741879962727229 ], [ -93.009338464361505, 16.741671802323655 ], [ -93.009183353386476, 16.741522361861932 ], [ -93.009200288046529, 16.741412647267275 ], [ -93.008849790139038, 16.741061366035403 ], [ -93.008715090640763, 16.740926364994426 ], [ -93.00877894631823, 16.740876553078646 ], [ -93.008193002233696, 16.740431923950041 ], [ -93.008142731496491, 16.740405208152026 ], [ -93.008688537689821, 16.739593635333581 ], [ -93.009306650107732, 16.739078117014515 ], [ -93.009682563132756, 16.738499913418597 ], [ -93.009810872116233, 16.738280470987622 ], [ -93.009557008413267, 16.738151413127508 ], [ -93.009860360688833, 16.737591387305095 ], [ -93.010973266730204, 16.734954887768062 ], [ -93.011432864456722, 16.733851070387136 ], [ -93.011561562041479, 16.733409206337821 ], [ -93.011573905719999, 16.733273083420563 ], [ -93.011461248955172, 16.733150375012698 ], [ -93.011385620581279, 16.732958773471861 ], [ -93.011554054212354, 16.732848474531039 ], [ -93.011698880372862, 16.732775041120711 ], [ -93.011805552006507, 16.732702969012621 ], [ -93.011881051844384, 16.732613442004233 ], [ -93.011877029841813, 16.732497862334071 ], [ -93.011803160011937, 16.732325948250164 ], [ -93.01190254571469, 16.732362731342562 ], [ -93.012087381972563, 16.732370720907802 ], [ -93.012039094597398, 16.732282027896886 ], [ -93.011270235800453, 16.731836304240055 ], [ -93.010664584344866, 16.731444240841117 ], [ -93.010020545320714, 16.730949158059978 ], [ -93.009424722270822, 16.73043921362515 ], [ -93.00912021347925, 16.730215857304714 ], [ -93.008805365955709, 16.729903009596132 ], [ -93.008431121686229, 16.729569421765618 ], [ -93.008109071156298, 16.729294139180311 ], [ -93.007750068100037, 16.728962160940128 ], [ -93.007166888068213, 16.728575452623257 ], [ -93.007199715029017, 16.728445522821836 ], [ -93.007254560510503, 16.728268310744209 ], [ -93.007552874372664, 16.727774060844222 ], [ -93.008057235164458, 16.727149807637627 ], [ -93.008372972740119, 16.726740334138899 ], [ -93.008730621593386, 16.726370845596502 ], [ -93.009126260792712, 16.725875164764357 ], [ -93.009237755619367, 16.725603975509223 ], [ -93.009423587505381, 16.725312316069427 ], [ -93.010331519753535, 16.724237768735865 ], [ -93.010538593096385, 16.72403820753652 ], [ -93.010798767317183, 16.723889810215763 ], [ -93.011090800176547, 16.723741410857929 ], [ -93.011207611280909, 16.72364930420893 ], [ -93.011382823781034, 16.723444627192698 ], [ -93.011828802666841, 16.722682215900619 ], [ -93.011924361774021, 16.722400792653573 ], [ -93.011998682059897, 16.722129603962472 ], [ -93.012269370404383, 16.720389914461158 ], [ -93.012279979749607, 16.720231296517035 ], [ -93.012249808229484, 16.720042301072908 ], [ -93.012035703010469, 16.719775925681841 ], [ -93.011706474442207, 16.719361492870799 ], [ -93.011361316961924, 16.71892659364114 ], [ -93.011399164901988, 16.718852693685427 ], [ -93.010389573004986, 16.717678172763154 ], [ -93.009699272925516, 16.716833952608042 ], [ -93.008685075774082, 16.715636692340631 ], [ -93.007786761110154, 16.714592261466759 ], [ -93.008676783379244, 16.71308509192469 ], [ -93.00873351010631, 16.712941004753485 ] ] ] ] } },
{ "type": "Feature", "properties": { "ID": 111, "ENTIDAD": 7, "MUNICIPIO": 27, "NOMBRE": "CHIAPA DE CORZO", "CONTROL": 179, "GEOMETRY1_": null, "ID_2": 393, "ENTIDAD_2": 7, "DISTRITO_F": 6, "DISTRITO_L": 3, "MUNICIPIO_2": 27, "SECCION": 413, "TIPO": 4, "CONTROL_2": 4, "GEOMETRY1__2": null }, "geometry": { "type": "MultiPolygon", "coordinates": [ [ [ [ -93.029704871262453, 16.852199742392997 ], [ -93.027262217061434, 16.852667057224902 ], [ -93.025024767722087, 16.85716454388632 ], [ -93.022667965087237, 16.860498752185034 ], [ -93.022528013952993, 16.861038819367863 ], [ -93.022388062025883, 16.861578886427601 ], [ -93.022879331940686, 16.862302076465419 ], [ -93.023370605593342, 16.863025265271013 ], [ -93.023436648401571, 16.86447680057562 ], [ -93.023273060981182, 16.865846662152173 ], [ -93.023917444259638, 16.868207567891027 ], [ -93.025007582653728, 16.868491807110917 ], [ -93.026501218880412, 16.86918859394785 ], [ -93.026998316233289, 16.869365385275245 ], [ -93.027534585451633, 16.869556106246399 ], [ -93.028972464520407, 16.870502088282652 ], [ -93.028810672382505, 16.872162324679195 ], [ -93.032203422299133, 16.875291634652307 ], [ -93.032324491983033, 16.875403300565491 ], [ -93.031649634012552, 16.877414593552199 ], [ -93.030966484305154, 16.878123676392001 ], [ -93.03057102171033, 16.879038542714419 ], [ -93.030290129079859, 16.879952759470466 ], [ -93.0307554784508, 16.881111647901363 ], [ -93.030158784961969, 16.883595298209158 ], [ -93.029570382262236, 16.884277427957322 ], [ -93.027921778106361, 16.886188604046442 ], [ -93.025790564046318, 16.891510848195562 ], [ -93.022501106967226, 16.889828180332429 ], [ -93.02166299863876, 16.889571803655976 ], [ -93.02082489256982, 16.889315423541245 ], [ -93.020188417134051, 16.889120720313183 ], [ -93.019172058032808, 16.888809802515976 ], [ -93.017555994364301, 16.886827676995672 ], [ -93.013385313308731, 16.88875920641798 ], [ -93.013175259831854, 16.891954564798183 ], [ -93.01187145612036, 16.894284877977071 ], [ -93.009876653332157, 16.896038266104707 ], [ -93.008965271323348, 16.896575454382887 ], [ -93.008902536211068, 16.896612431553582 ], [ -93.008775700916885, 16.896687190387794 ], [ -93.006679415261559, 16.897922756070859 ], [ -93.00325195813204, 16.899642537080506 ], [ -93.00221847470452, 16.89927490348531 ], [ -93.00192832579674, 16.8986542629045 ], [ -93.000841484761409, 16.898950643375265 ], [ -92.999638828950722, 16.899040242031603 ], [ -92.996816813160052, 16.896566804720983 ], [ -92.996085214767987, 16.898810902282595 ], [ -92.994833565008619, 16.900311159913624 ], [ -92.993294208782061, 16.901605572371221 ], [ -92.990291448828145, 16.907388126074579 ], [ -92.987443420216692, 16.910265990140644 ], [ -92.987038711009333, 16.909645953891946 ], [ -92.986634004447524, 16.909025916807217 ], [ -92.984119520149974, 16.910159637622915 ], [ -92.981947028039912, 16.909346820899732 ], [ -92.980731578437258, 16.908892059166696 ], [ -92.979450366866416, 16.905331475286289 ], [ -92.977217070456092, 16.89789643639854 ], [ -92.968593390493808, 16.890497616789851 ], [ -92.967359632793887, 16.887959775722607 ], [ -92.966622205977387, 16.886442851714705 ], [ -92.962943856236691, 16.884388358555597 ], [ -92.961222766118723, 16.884578807454073 ], [ -92.951606865522194, 16.885527066619581 ], [ -92.92671580854892, 16.870266793995373 ], [ -92.945826051101804, 16.86614349831212 ], [ -92.950603347826217, 16.860020362086754 ], [ -92.951421190456585, 16.860500933516761 ], [ -92.955431199089688, 16.862857166857648 ], [ -92.956693285732158, 16.863182340479117 ], [ -92.957677461508155, 16.86500236887343 ], [ -92.959399008691605, 16.865532501128829 ], [ -92.960147703825641, 16.866233729387254 ], [ -92.96174641284523, 16.865312591572255 ], [ -92.964166761791603, 16.86783014178944 ], [ -92.965539660280442, 16.867490941874017 ], [ -92.966223253616604, 16.866823558047084 ], [ -92.966794180202214, 16.866488638830287 ], [ -92.967998789260378, 16.866772567788427 ], [ -92.969145880353537, 16.867015315274287 ], [ -92.969549963291243, 16.867552425882447 ], [ -92.969612495278653, 16.868464715751596 ], [ -92.970533329653037, 16.869206465328872 ], [ -92.97190503140051, 16.868659814385477 ], [ -92.972416995705927, 16.868034815778888 ], [ -92.972872630606332, 16.867576050972282 ], [ -92.973385546418768, 16.86711697665762 ], [ -92.974018280780541, 16.866614914817859 ], [ -92.974069829567753, 16.866574011700202 ], [ -92.974926676366863, 16.866154562859421 ], [ -92.975669193905219, 16.865777210384451 ], [ -92.976240580799015, 16.865525228207858 ], [ -92.976869008571143, 16.86523145328578 ], [ -92.977610797693146, 16.86472964863291 ], [ -92.978809156694666, 16.863934989889373 ], [ -92.980066714435026, 16.863471867370318 ], [ -92.980558181362909, 16.863023261705809 ], [ -92.981049645972575, 16.862574654841758 ], [ -92.982821515738337, 16.862994784460906 ], [ -92.983276594772647, 16.863169188341402 ], [ -92.983527999525137, 16.86209485070275 ], [ -92.983885500077065, 16.86143746513428 ], [ -92.98395303728725, 16.860940720998951 ], [ -92.98368523505944, 16.860022790332373 ], [ -92.98434035866191, 16.858831410048161 ], [ -92.984752603802534, 16.858299531791886 ], [ -92.984879151135331, 16.857720878290845 ], [ -92.985003993760259, 16.857225191821637 ], [ -92.98495605619317, 16.85676781435226 ], [ -92.985195516093285, 16.856274244051299 ], [ -92.985653988531197, 16.856282708458121 ], [ -92.986576043261636, 16.856050732704389 ], [ -92.987948053989911, 16.856242047951788 ], [ -92.988981319339018, 16.856178110404642 ], [ -92.989163459160608, 16.855683478371731 ], [ -92.989464470468178, 16.854983542036212 ], [ -92.98971497850556, 16.853950679530325 ], [ -92.989966334687509, 16.852876333002765 ], [ -92.990203224254188, 16.852507207495741 ], [ -92.991195321980314, 16.851654013365778 ], [ -92.992178056684907, 16.85125713426444 ], [ -92.99320959325388, 16.85127614263703 ], [ -92.99406835725479, 16.851333462621547 ], [ -92.994924572436247, 16.851515229924111 ], [ -92.995667023405872, 16.851653399663324 ], [ -92.996932889466166, 16.851427708113771 ], [ -92.998093477295285, 16.850743579578101 ], [ -92.998406252995395, 16.850777697248901 ], [ -92.99900869896436, 16.850843417054286 ], [ -93.000158243539943, 16.850698564360961 ], [ -93.001590930186381, 16.850724907778837 ], [ -93.002577878958064, 16.850120560497444 ], [ -93.003687066456521, 16.849144961238544 ], [ -93.004397638648527, 16.848037535938552 ], [ -93.004987656909449, 16.847218388793152 ], [ -93.005796726218207, 16.846901253874506 ], [ -93.006329428836366, 16.846081050413655 ], [ -93.007194102925681, 16.845847929576415 ], [ -93.008375431973846, 16.845997354351855 ], [ -93.010376477455438, 16.846264213802645 ], [ -93.011053376273708, 16.846354480451918 ], [ -93.011558307844737, 16.84632819780261 ], [ -93.012228153698672, 16.846376020460831 ], [ -93.012913713817269, 16.84649233545429 ], [ -93.013831459708371, 16.846467655701307 ], [ -93.014371641591111, 16.846685049805526 ], [ -93.014911824706502, 16.84690244248285 ], [ -93.015593584701662, 16.847205425330401 ], [ -93.016018312406729, 16.847462199530884 ], [ -93.016443041256949, 16.847718972845335 ], [ -93.016895579640362, 16.848017753648122 ], [ -93.017348119443696, 16.848316533443338 ], [ -93.017972581446742, 16.84861845919464 ], [ -93.018545650752543, 16.848628948033575 ], [ -93.019056346131393, 16.848887289094122 ], [ -93.019851045364163, 16.849275322509573 ], [ -93.020479735485139, 16.849369821870617 ], [ -93.021401714232638, 16.849137689525733 ], [ -93.022429867060083, 16.849322486075319 ], [ -93.023160518742671, 16.850041328954575 ], [ -93.023837242241811, 16.850593186832096 ], [ -93.024516499650019, 16.851020591172329 ], [ -93.024911933744065, 16.851512073245516 ], [ -93.025533807508026, 16.852199456623449 ], [ -93.026224013852442, 16.852371899833951 ], [ -93.026762531592837, 16.85200096602901 ], [ -93.027323155037635, 16.851190933177005 ], [ -93.028549737569193, 16.850988276479391 ], [ -93.03002328813713, 16.850879016576702 ], [ -93.029704871262453, 16.852199742392997 ] ] ] ] } },
{ "type": "Feature", "properties": { "ID": 111, "ENTIDAD": 7, "MUNICIPIO": 27, "NOMBRE": "CHIAPA DE CORZO", "CONTROL": 179, "GEOMETRY1_": null, "ID_2": 394, "ENTIDAD_2": 7, "DISTRITO_F": 6, "DISTRITO_L": 3, "MUNICIPIO_2": 27, "SECCION": 414, "TIPO": 4, "CONTROL_2": 2539, "GEOMETRY1__2": null }, "geometry": { "type": "MultiPolygon", "coordinates": [ [ [ [ -93.045210522999483, 16.759700966919628 ], [ -93.045813772263145, 16.760281585895051 ], [ -93.047552376035341, 16.762041851589938 ], [ -93.047440171356797, 16.76241584798256 ], [ -93.049746607727826, 16.76505752044028 ], [ -93.052809455164137, 16.769644523360203 ], [ -93.053557346824846, 16.770220972060631 ], [ -93.053448485979459, 16.771134237141517 ], [ -93.054317572570326, 16.772788552667581 ], [ -93.055529176439549, 16.774274948613474 ], [ -93.055880680346078, 16.775558900842537 ], [ -93.055713800300794, 16.776348052152066 ], [ -93.058074167969792, 16.778408548518424 ], [ -93.058478828801142, 16.779028452754883 ], [ -93.058942812003679, 16.779979879290298 ], [ -93.059407315810915, 16.781014268524007 ], [ -93.060734817914451, 16.782707377075191 ], [ -93.070347342299002, 16.790699062243217 ], [ -93.071239856217019, 16.796045186792583 ], [ -93.071138881233566, 16.798199167934207 ], [ -93.06658568142629, 16.802668274964606 ], [ -93.066019273178455, 16.803667182297584 ], [ -93.065276658252913, 16.803961899429481 ], [ -93.065342220612095, 16.80528898343918 ], [ -93.065575428032403, 16.80595135588398 ], [ -93.065181577219064, 16.807073703486019 ], [ -93.065357521212178, 16.807736410108333 ], [ -93.065247140067726, 16.80840078712275 ], [ -93.064847320050944, 16.808569052482643 ], [ -93.064796535146087, 16.809606431408262 ], [ -93.064521091656445, 16.811350336309754 ], [ -93.06452705243457, 16.812304417437012 ], [ -93.064536382503547, 16.813797761631477 ], [ -93.064660247449595, 16.815290437796477 ], [ -93.064269999844953, 16.816993527477052 ], [ -93.06342388705032, 16.828240419848367 ], [ -93.063373866414977, 16.829402241639166 ], [ -93.063498768781528, 16.831060843083968 ], [ -93.063281332577333, 16.832928854320258 ], [ -93.06357546617329, 16.834243645565017 ], [ -93.064106211316485, 16.836616053948628 ], [ -93.056794484258106, 16.839769775327412 ], [ -93.056273985846659, 16.841188632273791 ], [ -93.054096102115082, 16.841200327903394 ], [ -93.052245046102513, 16.838284095253908 ], [ -93.051000429907177, 16.837110733427302 ], [ -93.045881153140385, 16.834771750180206 ], [ -93.045140425852296, 16.835398247968644 ], [ -93.043483824932068, 16.83611295717499 ], [ -93.039953675138747, 16.839534766614971 ], [ -93.038180187506512, 16.839876751478311 ], [ -93.036122090229625, 16.840510723240605 ], [ -93.035038921418845, 16.841346548621882 ], [ -93.029942061970772, 16.848622455459346 ], [ -93.030023288137158, 16.850879016576609 ], [ -93.028549737569193, 16.850988276479391 ], [ -93.027323155037635, 16.851190933177094 ], [ -93.026762531592837, 16.852000966029099 ], [ -93.026224013852442, 16.852371899833951 ], [ -93.025533807508026, 16.852199456623449 ], [ -93.024911933744065, 16.851512073245516 ], [ -93.024516499650019, 16.851020591172329 ], [ -93.023837242241811, 16.850593186832096 ], [ -93.023160518742685, 16.850041328954575 ], [ -93.022429867060083, 16.849322486075401 ], [ -93.021401714232638, 16.849137689525733 ], [ -93.020479735485139, 16.849369821870617 ], [ -93.019851045364163, 16.849275322509573 ], [ -93.019056346131379, 16.848887289094122 ], [ -93.018545650752543, 16.848628948033575 ], [ -93.017972581446742, 16.84861845919464 ], [ -93.017348119443696, 16.848316533443338 ], [ -93.016895579640362, 16.848017753648033 ], [ -93.016443041256963, 16.847718972845335 ], [ -93.016018312406729, 16.847462199530884 ], [ -93.015593584701648, 16.847205425330309 ], [ -93.014911824706502, 16.84690244248285 ], [ -93.014371641591111, 16.846685049805526 ], [ -93.013831459708371, 16.846467655701307 ], [ -93.012913713817269, 16.846492335454375 ], [ -93.012228153698686, 16.846376020460927 ], [ -93.011558307844737, 16.84632819780261 ], [ -93.011053376273708, 16.846354480451918 ], [ -93.010376477455438, 16.846264213802645 ], [ -93.008375431973832, 16.845997354351855 ], [ -93.007194102925681, 16.845847929576415 ], [ -93.006329428836366, 16.846081050413655 ], [ -93.005796726218207, 16.846901253874506 ], [ -93.004987656909449, 16.847218388793152 ], [ -93.004397638648527, 16.84803753593846 ], [ -93.003687066456521, 16.849144961238636 ], [ -93.002577878958064, 16.850120560497537 ], [ -93.001590930186353, 16.850724907778837 ], [ -93.000158243539943, 16.850698564360961 ], [ -92.99900869896436, 16.850843417054286 ], [ -92.998406252995395, 16.850777697248809 ], [ -92.998093477295271, 16.850743579578101 ], [ -92.996932889466166, 16.851427708113771 ], [ -92.995667023405872, 16.851653399663324 ], [ -92.994924572436247, 16.851515229924111 ], [ -92.99406835725479, 16.851333462621639 ], [ -92.99320959325388, 16.851276142637118 ], [ -92.992178056684907, 16.85125713426444 ], [ -92.991195321980314, 16.851654013365778 ], [ -92.990203224254188, 16.852507207495741 ], [ -92.989966334687509, 16.852876333002857 ], [ -92.98971497850556, 16.853950679530325 ], [ -92.989464470468178, 16.854983542036212 ], [ -92.989163459160608, 16.855683478371731 ], [ -92.988981319339018, 16.856178110404642 ], [ -92.987948053989911, 16.856242047951696 ], [ -92.986576043261636, 16.856050732704389 ], [ -92.985653988531197, 16.856282708458028 ], [ -92.985195516093285, 16.856274244051203 ], [ -92.984956056193184, 16.856767814352356 ], [ -92.985003993760259, 16.857225191821545 ], [ -92.984879151135331, 16.857720878290845 ], [ -92.984752603802534, 16.858299531791886 ], [ -92.98434035866191, 16.858831410048161 ], [ -92.983685235059426, 16.860022790332462 ], [ -92.983953037287264, 16.860940720999043 ], [ -92.983885500077065, 16.86143746513428 ], [ -92.983527999525137, 16.86209485070275 ], [ -92.983276594772647, 16.863169188341402 ], [ -92.982821515738337, 16.862994784460998 ], [ -92.981049645972575, 16.862574654841758 ], [ -92.980948559274111, 16.862430012431371 ], [ -92.980847472729309, 16.862285369969282 ], [ -92.980746386338197, 16.862140727455408 ], [ -92.979942517265087, 16.861813219734252 ], [ -92.97948402449228, 16.861774220017839 ], [ -92.979083775950357, 16.861900836057959 ], [ -92.978165588330171, 16.861615423198046 ], [ -92.977589890076956, 16.861120739993268 ], [ -92.977187479622273, 16.860874016898151 ], [ -92.976900112840525, 16.860709637549341 ], [ -92.976553544733292, 16.86021371341409 ], [ -92.976378340972161, 16.859633897340753 ], [ -92.976260898998774, 16.859136735258478 ], [ -92.976795189929774, 16.8548665368622 ], [ -92.97483793412546, 16.84800267141544 ], [ -92.971078940635294, 16.844419508012432 ], [ -92.967386954493236, 16.84189282345346 ], [ -92.96758499621825, 16.841157283346831 ], [ -92.968260302134325, 16.838649107662345 ], [ -92.972170310651251, 16.835181570892246 ], [ -92.972507493756453, 16.834059712329307 ], [ -92.973016730650968, 16.832978409811727 ], [ -92.974096770685378, 16.831562165056386 ], [ -92.974949864094796, 16.830520486847274 ], [ -92.975056736858591, 16.829192449926683 ], [ -92.97527839049576, 16.827905276609762 ], [ -92.976358624951288, 16.826530501062894 ], [ -92.976787076202569, 16.826341512305401 ], [ -92.97721552660532, 16.826152522650069 ], [ -92.977843342192742, 16.825775779738866 ], [ -92.978617425911352, 16.825730046952785 ], [ -92.979389168838466, 16.825684447197162 ], [ -92.980883025296762, 16.826506014421245 ], [ -92.982318658273144, 16.827161954336979 ], [ -92.983866910511239, 16.827485406623154 ], [ -92.984609743103164, 16.827190983906377 ], [ -92.984951918314408, 16.82694022278331 ], [ -92.985294092625651, 16.826689461083689 ], [ -92.986206310901778, 16.825979278549873 ], [ -92.985743788191627, 16.82523510128258 ], [ -92.98550986617812, 16.824406711826509 ], [ -92.984873363173079, 16.823290131309193 ], [ -92.984811981851905, 16.822585251326338 ], [ -92.983010173136179, 16.820720619346158 ], [ -92.983662362245738, 16.81731229412355 ], [ -92.983657794637921, 16.816527709355768 ], [ -92.983151239013935, 16.815183345931437 ], [ -92.982615623339711, 16.813831874817151 ], [ -92.982202222269919, 16.812998577956812 ], [ -92.982810631722316, 16.811585633455106 ], [ -92.982721319553534, 16.810034776204866 ], [ -92.981701673992603, 16.808931861390242 ], [ -92.979652078933938, 16.805036163872234 ], [ -92.980532248881829, 16.804911794592439 ], [ -92.980804183412459, 16.802865409863713 ], [ -92.980378164345709, 16.801907667180775 ], [ -92.980662359027576, 16.800744769495061 ], [ -92.980727602584778, 16.799750184550771 ], [ -92.982154831453471, 16.79899574043203 ], [ -92.983697298580964, 16.798365109513149 ], [ -92.984549465685731, 16.797198941993823 ], [ -92.985227660006686, 16.795660368549679 ], [ -92.985161448315054, 16.794125847232682 ], [ -92.984812319571645, 16.793173632105301 ], [ -92.984690544154063, 16.791929795876968 ], [ -92.984911605594434, 16.790559643410543 ], [ -92.985306862081842, 16.78960337508499 ], [ -92.985929942416533, 16.78843844801407 ], [ -92.986265508999438, 16.787067669578654 ], [ -92.985855740382661, 16.785535019500713 ], [ -92.985395736223623, 16.785205658750506 ], [ -92.988395910144462, 16.78412428574023 ], [ -92.990181175210793, 16.783700728962618 ], [ -92.992254568283826, 16.783199469798628 ], [ -92.994215075738921, 16.78261311074985 ], [ -92.995715578132518, 16.782101259925412 ], [ -92.997789788204543, 16.781558461037889 ], [ -92.998217106194375, 16.780279840861869 ], [ -92.999168477054866, 16.778595868800252 ], [ -92.999930159768383, 16.777779893233689 ], [ -93.000738943117199, 16.777462776107281 ], [ -93.001498070568829, 16.776771246544318 ], [ -93.001518422853607, 16.775775631313234 ], [ -93.002860561008703, 16.774596823774857 ], [ -93.003838637134422, 16.774407305841518 ], [ -93.004378434988467, 16.776035709636719 ], [ -93.005586504127947, 16.775808910408742 ], [ -93.006543410828584, 16.77665647928465 ], [ -93.007636910927445, 16.776427563678752 ], [ -93.008635306852213, 16.775242407133359 ], [ -93.009037147153762, 16.775208283857886 ], [ -93.009730488802958, 16.774930512387165 ], [ -93.010229975472484, 16.775728169430348 ], [ -93.011323465840832, 16.775499234245835 ], [ -93.011748142454309, 16.774345037332051 ], [ -93.012397722764547, 16.773402461830475 ], [ -93.013430531335302, 16.773338400967589 ], [ -93.014161703211514, 16.774015797415775 ], [ -93.015250108946873, 16.774035745536754 ], [ -93.015982134795294, 16.774671651443885 ], [ -93.01707392295873, 16.774525653798388 ], [ -93.018230593475053, 16.774007342911879 ], [ -93.01961133078656, 16.773742124091413 ], [ -93.020592761329738, 16.773386590438925 ], [ -93.02149496873993, 16.774108589618677 ], [ -93.021989440917991, 16.775155122495516 ], [ -93.022317967384978, 16.775908122427634 ], [ -93.022997798678034, 16.776294051177107 ], [ -93.024547872294278, 16.77615639420554 ], [ -93.025808146871697, 16.776179427966582 ], [ -93.027588200588525, 16.776004451191017 ], [ -93.028878789158085, 16.774534039504704 ], [ -93.029930960514847, 16.773515762020835 ], [ -93.031612404754853, 16.772550461372649 ], [ -93.033525490660807, 16.771464873426403 ], [ -93.034803391491707, 16.770616685862716 ], [ -93.035060718914494, 16.770516608893065 ], [ -93.036536186216352, 16.769942778035446 ], [ -93.036757266469792, 16.768930070130661 ], [ -93.036978344393731, 16.767917361893758 ], [ -93.037696822769902, 16.766394971973501 ], [ -93.038413609812125, 16.764955547660175 ], [ -93.039694804222833, 16.763941392732267 ], [ -93.040810017130383, 16.762633712665441 ], [ -93.041402133510559, 16.761690002312839 ], [ -93.041473682327762, 16.760985813708139 ], [ -93.041663148648539, 16.760117773154835 ], [ -93.04168161181893, 16.759205120995919 ], [ -93.042163668654212, 16.759452515046522 ], [ -93.042645726733397, 16.759699907961636 ], [ -93.043609846623482, 16.760194690385237 ], [ -93.043846307978001, 16.759862225139152 ], [ -93.043964538347552, 16.75969599241116 ], [ -93.044082768511998, 16.759529759613194 ], [ -93.044319228225447, 16.759197293807272 ], [ -93.044351112063396, 16.759152464556397 ], [ -93.044511091999425, 16.759187197919431 ], [ -93.045210522999483, 16.759700966919628 ] ] ] ] } },
{ "type": "Feature", "properties": { "ID": 111, "ENTIDAD": 7, "MUNICIPIO": 27, "NOMBRE": "CHIAPA DE CORZO", "CONTROL": 179, "GEOMETRY1_": null, "ID_2": 395, "ENTIDAD_2": 7, "DISTRITO_F": 6, "DISTRITO_L": 3, "MUNICIPIO_2": 27, "SECCION": 417, "TIPO": 4, "CONTROL_2": 12, "GEOMETRY1__2": null }, "geometry": { "type": "MultiPolygon", "coordinates": [ [ [ [ -92.959917258474505, 16.714582534847374 ], [ -92.960276276760382, 16.713842212455379 ], [ -92.959379724723831, 16.712871037591608 ], [ -92.95761905422485, 16.71213277879561 ], [ -92.955909659714109, 16.711685959400413 ], [ -92.954159308913418, 16.710449862737438 ], [ -92.951647368800053, 16.710029556904434 ], [ -92.950803849641076, 16.709266832114597 ], [ -92.95037321170642, 16.707930802186997 ], [ -92.948320286138156, 16.707477513309165 ], [ -92.947010084619663, 16.707121066075729 ], [ -92.945459654415316, 16.707299626270057 ], [ -92.944072412868991, 16.707896223221194 ], [ -92.942250280513619, 16.707364183949387 ], [ -92.940937508792459, 16.707132150221781 ], [ -92.939553698875301, 16.707562780942318 ], [ -92.938158684667357, 16.708532693812984 ], [ -92.938314559006699, 16.706543605888584 ], [ -92.938757607825295, 16.704518388425363 ], [ -92.939840007938301, 16.702048623816534 ], [ -92.940567618336118, 16.700111722542633 ], [ -92.941403712365087, 16.698467346845121 ], [ -92.943027199602895, 16.694762674294154 ], [ -92.945003288971449, 16.693388579351861 ], [ -92.947094728752006, 16.691975118506676 ], [ -92.949061312008041, 16.691057309074342 ], [ -92.952078034323407, 16.69198506140194 ], [ -92.953406814014841, 16.69110418233689 ], [ -92.954674785756666, 16.689430311929492 ], [ -92.956592326706627, 16.687834441430287 ], [ -92.954216695717577, 16.684139981717859 ], [ -92.953636829657825, 16.683238237210073 ], [ -92.94817377751788, 16.67479020662838 ], [ -92.943809783800361, 16.668041113671975 ], [ -92.942811424541162, 16.666497030846433 ], [ -92.943520809168447, 16.665431279269292 ], [ -92.943938769523157, 16.664609082889161 ], [ -92.944076489465857, 16.663491149395298 ], [ -92.943576709275845, 16.662734808775685 ], [ -92.944103145706904, 16.662205140156129 ], [ -92.944515078076307, 16.661673331551597 ], [ -92.944646774291741, 16.66084578660373 ], [ -92.944835719457117, 16.660019310742673 ], [ -92.944447005841013, 16.659431047164741 ], [ -92.944746151221679, 16.658814130856076 ], [ -92.945615211665839, 16.658332357595956 ], [ -92.946209192638207, 16.657305941980052 ], [ -92.947310675883742, 16.656662499967755 ], [ -92.947829354081875, 16.656506179396459 ], [ -92.948984641092352, 16.656029733671417 ], [ -92.950310810306775, 16.655597968923015 ], [ -92.951462652763709, 16.655287446239939 ], [ -92.950993536228594, 16.656209790571285 ], [ -92.950589243271239, 16.657557591253926 ], [ -92.951110821998711, 16.65863152108199 ], [ -92.951632406527338, 16.659705449502024 ], [ -92.952204219099812, 16.660882780759771 ], [ -92.953701968668298, 16.660506202994512 ], [ -92.955199712408529, 16.660129614381074 ], [ -92.955670477689395, 16.66090613627328 ], [ -92.956141246760168, 16.661682657047336 ], [ -92.956742718149243, 16.663063362930885 ], [ -92.9576894209915, 16.664367492853387 ], [ -92.958187547206805, 16.66520676793688 ], [ -92.95907787490583, 16.666468341516058 ], [ -92.960478348366848, 16.667988401380438 ], [ -92.961316588176786, 16.668999994812918 ], [ -92.961935240885637, 16.669551000354165 ], [ -92.962790612929695, 16.669732903226905 ], [ -92.963645986597243, 16.669914802569014 ], [ -92.964503928441673, 16.669972245673897 ], [ -92.965294353440669, 16.67052643250776 ], [ -92.966248847216931, 16.671457164490409 ], [ -92.967203350222164, 16.672387892009297 ], [ -92.967670138493602, 16.672666309286786 ], [ -92.96813692811655, 16.672944725507598 ], [ -92.969070511416831, 16.673501554778642 ], [ -92.972239180366586, 16.675386339657788 ], [ -92.973173641074368, 16.675901666098405 ], [ -92.973640873306479, 16.676159327731188 ], [ -92.974108106790723, 16.67641698830549 ], [ -92.977668283344372, 16.678765444169471 ], [ -92.978807433517559, 16.679077034278418 ], [ -92.980397818855479, 16.679728968088309 ], [ -92.982274496864505, 16.680386184347178 ], [ -92.984042041002127, 16.680997372404086 ], [ -92.985868885536078, 16.681075127843396 ], [ -92.987541235781791, 16.680525020322257 ], [ -92.989095662826344, 16.680138722482408 ], [ -92.990522400789715, 16.67977941056823 ], [ -92.990938064563352, 16.679674727051292 ], [ -92.992376266606598, 16.679369260139556 ], [ -92.993930674624991, 16.678982925960284 ], [ -92.995481680880403, 16.67876251744114 ], [ -92.995971327365467, 16.678626291291927 ], [ -92.99646097315744, 16.678490063983311 ], [ -92.998699890825065, 16.678240805592043 ], [ -93.000127895321228, 16.678433097017805 ], [ -93.002363417993493, 16.678349736450688 ], [ -93.004011133296913, 16.679002542362799 ], [ -93.00512296970831, 16.679251234753835 ], [ -93.006234808991991, 16.679499921169693 ], [ -93.007712470422035, 16.680066571916875 ], [ -93.008243714439644, 16.680698829640527 ], [ -93.008774961949058, 16.681331085961418 ], [ -93.009462865291084, 16.682195687012765 ], [ -93.010450383130319, 16.683436845071409 ], [ -93.010374943330092, 16.684327708018699 ], [ -93.010299502833576, 16.685218570862173 ], [ -93.010425659428421, 16.685544525361255 ], [ -93.010898053883494, 16.686765054191625 ], [ -93.010965338822501, 16.687679286657357 ], [ -93.011032624403995, 16.68859351902012 ], [ -93.010987808622289, 16.690792189794763 ], [ -93.010951357022108, 16.691175394540664 ], [ -93.010914905277104, 16.69155859926607 ], [ -93.010842001352657, 16.692325008655356 ], [ -93.010704075326572, 16.692768600542635 ], [ -93.010635112075065, 16.692990396444923 ], [ -93.01056614866458, 16.693212192319475 ], [ -93.01001726834437, 16.694036362885736 ], [ -93.00884598565645, 16.69399717720886 ], [ -93.008794726267766, 16.694251787284841 ], [ -93.008759327130775, 16.694451704203765 ], [ -93.008704326629896, 16.694630556481929 ], [ -93.008676755368796, 16.694805641552644 ], [ -93.008643399603656, 16.69495526364673 ], [ -93.008609021983503, 16.6951300331298 ], [ -93.008630933650025, 16.695262061886449 ], [ -93.008630996024692, 16.695428350274174 ], [ -93.008617508215622, 16.695760295894186 ], [ -93.008592797780864, 16.695864968229571 ], [ -93.008554883471618, 16.695958950451839 ], [ -93.00851696912531, 16.696052932666323 ], [ -93.00847966783725, 16.696131826436982 ], [ -93.008435560223504, 16.696210404620494 ], [ -93.008384033172618, 16.696303755648241 ], [ -93.008339925480314, 16.696382333810188 ], [ -93.008275603211644, 16.696454935729463 ], [ -93.008205087706529, 16.696512133606142 ], [ -93.008161388641113, 16.696580652772134 ], [ -93.008020561806376, 16.696690018944189 ], [ -93.007928809678646, 16.69676638785575 ], [ -93.007872519732956, 16.696809128376611 ], [ -93.007789413263012, 16.696840547524005 ], [ -93.007645458686184, 16.696859067239561 ], [ -93.00756997603402, 16.696870683994394 ], [ -93.007425203839503, 16.696909321466432 ], [ -93.007349107967755, 16.696936026572466 ], [ -93.007266614550446, 16.696952357078015 ], [ -93.007149476317508, 16.696982197873965 ], [ -93.007053370221882, 16.696997897049751 ], [ -93.006957468516404, 16.69700856670417 ], [ -93.006888996492762, 16.697015469362061 ], [ -93.006813513733334, 16.697027085840809 ], [ -93.006704612594262, 16.697022035681382 ], [ -93.006679934959635, 16.697043879600994 ], [ -93.006655257319409, 16.697065723517721 ], [ -93.00661265537002, 16.697103433483662 ], [ -93.006561149078394, 16.699212766922663 ], [ -93.006551080612013, 16.699625094678552 ], [ -93.006187448580377, 16.70004722335737 ], [ -93.006109500821367, 16.700137710065835 ], [ -93.003917290203148, 16.702682520123393 ], [ -93.003552659900365, 16.702739366689272 ], [ -93.003357518061406, 16.702769789399447 ], [ -93.001815321491918, 16.703010211797061 ], [ -93.001756079034323, 16.702890865865037 ], [ -93.001705281842248, 16.702788533073004 ], [ -93.001643022683254, 16.702663109564455 ], [ -93.001325333715229, 16.70202310985913 ], [ -93.00121770668035, 16.701806288934442 ], [ -93.000952544919315, 16.701200356787993 ], [ -92.999575338276472, 16.701755275008882 ], [ -92.999472317384075, 16.70178713238872 ], [ -92.999369406798024, 16.70184372521636 ], [ -92.998826376272802, 16.702120702971548 ], [ -92.999616255612182, 16.704410512427817 ], [ -92.995953294270777, 16.704224644566853 ], [ -92.993301363361454, 16.705511280143188 ], [ -92.99192338898591, 16.706179810770323 ], [ -92.991095990268178, 16.706583587380806 ], [ -92.987230684023487, 16.708471519348986 ], [ -92.984796886243601, 16.709710191850917 ], [ -92.984707685028255, 16.7097555896333 ], [ -92.983572524096687, 16.71033330781076 ], [ -92.983378159409241, 16.710413626398648 ], [ -92.98325349650662, 16.710530355027469 ], [ -92.983005190211429, 16.710396701853806 ], [ -92.978772168027206, 16.708665869934745 ], [ -92.975751641243534, 16.707904444120974 ], [ -92.972612340144977, 16.707348271655764 ], [ -92.971171334687924, 16.707778052495524 ], [ -92.969841422578412, 16.708519916699888 ], [ -92.968795284317295, 16.709103473398752 ], [ -92.967042277452904, 16.710772434730675 ], [ -92.966608920115362, 16.712341387456718 ], [ -92.966310616417701, 16.712916848057631 ], [ -92.964824268280083, 16.712764744027023 ], [ -92.962957516736694, 16.714390058445037 ], [ -92.96127281148614, 16.715520741494938 ], [ -92.959917258474505, 16.714582534847374 ] ] ] ] } },
{ "type": "Feature", "properties": { "ID": 111, "ENTIDAD": 7, "MUNICIPIO": 27, "NOMBRE": "CHIAPA DE CORZO", "CONTROL": 179, "GEOMETRY1_": null, "ID_2": 396, "ENTIDAD_2": 7, "DISTRITO_F": 6, "DISTRITO_L": 3, "MUNICIPIO_2": 27, "SECCION": 418, "TIPO": 4, "CONTROL_2": 13, "GEOMETRY1__2": null }, "geometry": { "type": "MultiPolygon", "coordinates": [ [ [ [ -92.884522818605348, 16.713342022016128 ], [ -92.882412294196186, 16.714721434398047 ], [ -92.880529595081626, 16.715892281988303 ], [ -92.878987675711699, 16.716563630081581 ], [ -92.877333235738092, 16.717608871385004 ], [ -92.875559938045328, 16.717825015818253 ], [ -92.874539234574002, 16.719655301369173 ], [ -92.872589413391722, 16.718959652754705 ], [ -92.872635994997452, 16.716926738554598 ], [ -92.873372472807091, 16.715471207386781 ], [ -92.873824277340631, 16.714307454770825 ], [ -92.874220364202543, 16.713434358461711 ], [ -92.874220364202486, 16.713434358461711 ], [ -92.874220364202543, 16.713434358461623 ], [ -92.872961148312427, 16.713440538751776 ], [ -92.871414443581941, 16.713199219157481 ], [ -92.869121711979432, 16.712588184248169 ], [ -92.867799853633684, 16.711557554383759 ], [ -92.867218835400749, 16.709901053066648 ], [ -92.866692684290157, 16.707787965007206 ], [ -92.866971507971883, 16.706376169499872 ], [ -92.866390296080866, 16.704678182821102 ], [ -92.866557675782062, 16.703847698516746 ], [ -92.867693702963678, 16.702182820427335 ], [ -92.867116823216946, 16.701314482798498 ], [ -92.866766070482598, 16.699905756387661 ], [ -92.867044016565004, 16.698328030046106 ], [ -92.867324986947551, 16.697331056640568 ], [ -92.867720418350828, 16.696333524100268 ], [ -92.869487671569431, 16.69499742017074 ], [ -92.870739604952149, 16.693618594913151 ], [ -92.871359807096084, 16.691831768060375 ], [ -92.869344377052514, 16.689477072372117 ], [ -92.86899601026181, 16.688528400633547 ], [ -92.868763408214321, 16.687824317925916 ], [ -92.868921660791344, 16.685251567552726 ], [ -92.868860965016879, 16.684588128065684 ], [ -92.868854250109706, 16.683298426361937 ], [ -92.866729674358197, 16.681939842470378 ], [ -92.864206260517804, 16.680918791375156 ], [ -92.86283065172185, 16.680506898016123 ], [ -92.862363930864731, 16.680172111369686 ], [ -92.862150049384496, 16.679978214917309 ], [ -92.861897211635508, 16.679837323672757 ], [ -92.860916250883378, 16.679133652289334 ], [ -92.86045902434816, 16.678805667187003 ], [ -92.859096930445872, 16.677828575434926 ], [ -92.858750353849416, 16.677208000016225 ], [ -92.854237402692476, 16.672578955370469 ], [ -92.849059774723557, 16.66726773979261 ], [ -92.846151498340816, 16.664284241813899 ], [ -92.847974337248786, 16.662661410750491 ], [ -92.848657603043392, 16.661994401726826 ], [ -92.849568687591642, 16.661118880242427 ], [ -92.850419138862264, 16.659579908666856 ], [ -92.850985602117291, 16.65845713289 ], [ -92.851839864941866, 16.657664840792595 ], [ -92.853612845932943, 16.657490376928347 ], [ -92.855326679326936, 16.656942830919785 ], [ -92.855668824634961, 16.656713020601646 ], [ -92.856010969129315, 16.656483209707584 ], [ -92.856805627511321, 16.655234864792931 ], [ -92.857434402092878, 16.655107375635538 ], [ -92.857831939448914, 16.654524683283437 ], [ -92.85908926724187, 16.654228214202259 ], [ -92.859657811463592, 16.653520239337126 ], [ -92.860569665743697, 16.652810598387507 ], [ -92.860627529595348, 16.652934768639856 ], [ -92.862110059427408, 16.651931967280611 ], [ -92.862847225663018, 16.650642393520599 ], [ -92.863329918198446, 16.649934825278834 ], [ -92.86381260717863, 16.649227255839506 ], [ -92.864181935587141, 16.648727655109383 ], [ -92.864551262076446, 16.648228053683614 ], [ -92.865064278169555, 16.647852202630208 ], [ -92.865577292266764, 16.647476350280048 ], [ -92.865890151679949, 16.647122214302065 ], [ -92.866203009942438, 16.646768077831947 ], [ -92.866802601594699, 16.646536992927583 ], [ -92.867402191821071, 16.646305906274982 ], [ -92.867658694794201, 16.646117977312109 ], [ -92.867915197268374, 16.645930048025225 ], [ -92.868997551986055, 16.645012117418631 ], [ -92.870138631788549, 16.644384279185857 ], [ -92.870353542226951, 16.644218552191639 ], [ -92.870680017925736, 16.643966791284836 ], [ -92.871221401722707, 16.643549301938002 ], [ -92.873159138484382, 16.642087867132744 ], [ -92.87372933729246, 16.641711713239946 ], [ -92.874640866121354, 16.640960526239127 ], [ -92.87538008757079, 16.640085732013549 ], [ -92.875835736710854, 16.639689393978628 ], [ -92.876291383979961, 16.639293054915747 ], [ -92.883607606493783, 16.648673690810131 ], [ -92.889518292295449, 16.651880016110773 ], [ -92.895429175486086, 16.655086173157674 ], [ -92.907006147904909, 16.64880100194652 ], [ -92.918582367832769, 16.642515177097188 ], [ -92.921220245704788, 16.643412183766952 ], [ -92.921220245704788, 16.643412183766944 ], [ -92.921220245704802, 16.643412183766952 ], [ -92.921353614441841, 16.642222694308874 ], [ -92.921676072526978, 16.641823323917443 ], [ -92.922301941504486, 16.64049524419562 ], [ -92.92332457893103, 16.639939876468446 ], [ -92.924581995904759, 16.639256994736886 ], [ -92.926282162129851, 16.637884282654458 ], [ -92.927044458071251, 16.637027079687876 ], [ -92.927687081831195, 16.636416631147512 ], [ -92.92911901932078, 16.636401990562124 ], [ -92.930139040129802, 16.636919122326155 ], [ -92.930678968143766, 16.637115996577556 ], [ -92.931218897264472, 16.637312869425056 ], [ -92.931966509142228, 16.637160879837754 ], [ -92.932460145248967, 16.637620596452461 ], [ -92.932921538909852, 16.638050283061219 ], [ -92.933716052014816, 16.63839717025817 ], [ -92.934510567986379, 16.638744054412562 ], [ -92.935532338903656, 16.63917819121955 ], [ -92.93699289774078, 16.639990698887146 ], [ -92.937230707430942, 16.640122990595884 ], [ -92.937912901112085, 16.640364008490721 ], [ -92.938595096505082, 16.640605024143408 ], [ -92.939498093917521, 16.641244420655259 ], [ -92.940269396118055, 16.642711356968647 ], [ -92.940684534690149, 16.643403874940333 ], [ -92.941099676237911, 16.64409639204494 ], [ -92.941177799116844, 16.6446810141444 ], [ -92.940890546905877, 16.64538085121174 ], [ -92.941396769211906, 16.646422734175673 ], [ -92.942663026533367, 16.646748631500557 ], [ -92.942966952041118, 16.646748715267272 ], [ -92.943662706850915, 16.646855581119507 ], [ -92.944148766715841, 16.647155966180783 ], [ -92.94516177058415, 16.647449225576853 ], [ -92.946681165154317, 16.648312311931459 ], [ -92.947322755341034, 16.648442693231814 ], [ -92.948268314119829, 16.648426653990924 ], [ -92.949264484613195, 16.648573394577792 ], [ -92.950907857049188, 16.648886062677736 ], [ -92.951975810306607, 16.64986048123108 ], [ -92.951966371020148, 16.650316808065622 ], [ -92.952036796029802, 16.651065125534132 ], [ -92.952107221578174, 16.651813442926063 ], [ -92.952011910739316, 16.652268168830577 ], [ -92.951964255150202, 16.652495531758497 ], [ -92.951916599447927, 16.652722894670209 ], [ -92.951670872766726, 16.653527568215669 ], [ -92.951425144025052, 16.654332241402162 ], [ -92.951462652763709, 16.655287446239939 ], [ -92.950310810306775, 16.655597968923015 ], [ -92.948984641092352, 16.656029733671417 ], [ -92.947829354081875, 16.656506179396459 ], [ -92.947310675883742, 16.656662499967755 ], [ -92.946209192638207, 16.657305941980052 ], [ -92.945615211665839, 16.658332357595956 ], [ -92.944746151221679, 16.658814130856076 ], [ -92.944447005841013, 16.659431047164741 ], [ -92.944835719457117, 16.660019310742673 ], [ -92.944646774291741, 16.66084578660373 ], [ -92.944515078076307, 16.661673331551597 ], [ -92.944103145706904, 16.662205140156129 ], [ -92.943576709275845, 16.662734808775685 ], [ -92.944076489465857, 16.663491149395298 ], [ -92.943938769523157, 16.664609082889161 ], [ -92.943520809168447, 16.665431279269292 ], [ -92.942811424541162, 16.666497030846433 ], [ -92.943809783800361, 16.668041113671975 ], [ -92.94817377751788, 16.67479020662838 ], [ -92.953636829657825, 16.683238237210073 ], [ -92.954216695717577, 16.684139981717859 ], [ -92.956592326706627, 16.687834441430287 ], [ -92.954674785756666, 16.689430311929492 ], [ -92.953406814014841, 16.69110418233689 ], [ -92.952078034323407, 16.69198506140194 ], [ -92.949061312008041, 16.691057309074342 ], [ -92.947094728752006, 16.691975118506676 ], [ -92.945003288971449, 16.693388579351861 ], [ -92.943027199602895, 16.694762674294154 ], [ -92.941403712365087, 16.698467346845121 ], [ -92.940567618336118, 16.700111722542633 ], [ -92.939840007938301, 16.702048623816534 ], [ -92.938757607825295, 16.704518388425363 ], [ -92.938314559006699, 16.706543605888584 ], [ -92.938158684667357, 16.708532693812984 ], [ -92.938308944036493, 16.709573005975638 ], [ -92.936861813974659, 16.710292935062853 ], [ -92.934519122487444, 16.710000087474512 ], [ -92.932742185697123, 16.710049811730233 ], [ -92.931078051997275, 16.710184634735942 ], [ -92.930012608676208, 16.710455167383387 ], [ -92.928947162374101, 16.710725694522647 ], [ -92.926152406227601, 16.710133775007165 ], [ -92.924150728932048, 16.709971708074992 ], [ -92.922662708490037, 16.709902268863011 ], [ -92.922748701907864, 16.71127338740844 ], [ -92.922660305378301, 16.712765731156797 ], [ -92.921598383965616, 16.714239789852453 ], [ -92.920543368139221, 16.715381972094018 ], [ -92.918740409572351, 16.716676090862666 ], [ -92.917066683109965, 16.717267122783724 ], [ -92.915435485460293, 16.718564443150388 ], [ -92.914481945957903, 16.720331005454742 ], [ -92.912717962094277, 16.722497307759326 ], [ -92.910959119140529, 16.721675684998896 ], [ -92.908912215919869, 16.720931618825357 ], [ -92.906755134386799, 16.719977954021768 ], [ -92.905284414534705, 16.719078714444688 ], [ -92.904216315989444, 16.718104061013879 ], [ -92.903192460142847, 16.717752738972113 ], [ -92.902238043820617, 16.71682172062409 ], [ -92.900657184232642, 16.715712867196661 ], [ -92.89963856625775, 16.715112625157545 ], [ -92.898908024488449, 16.714434820817239 ], [ -92.898050775093623, 16.71433562164453 ], [ -92.897600479284762, 16.713953609747715 ], [ -92.896929825740372, 16.713152429568186 ], [ -92.896188855202979, 16.712972420300151 ], [ -92.895385396653907, 16.713040227730254 ], [ -92.89463484899197, 16.713316533781992 ], [ -92.893767154766692, 16.713715121405034 ], [ -92.892972404167026, 16.713368082374462 ], [ -92.892231436595907, 16.713188058943807 ], [ -92.891884357598229, 16.713347490391417 ], [ -92.891711689340497, 16.713385722198549 ], [ -92.891090483552375, 16.71295896044532 ], [ -92.890640204897053, 16.71257693343577 ], [ -92.889831515031318, 16.712893621434141 ], [ -92.888243669273649, 16.713406496534752 ], [ -92.887898274006503, 16.713291604992303 ], [ -92.88652346982883, 16.712834285992127 ], [ -92.884522818605348, 16.713342022016128 ] ] ] ] } },
{ "type": "Feature", "properties": { "ID": 111, "ENTIDAD": 7, "MUNICIPIO": 27, "NOMBRE": "CHIAPA DE CORZO", "CONTROL": 179, "GEOMETRY1_": null, "ID_2": 400, "ENTIDAD_2": 7, "DISTRITO_F": 6, "DISTRITO_L": 3, "MUNICIPIO_2": 27, "SECCION": 422, "TIPO": 4, "CONTROL_2": 2612, "GEOMETRY1__2": null }, "geometry": { "type": "MultiPolygon", "coordinates": [ [ [ [ -92.924055631261893, 16.637185518171417 ], [ -92.923361976678152, 16.635903094783195 ], [ -92.923529963243695, 16.635238487867564 ], [ -92.924037116059168, 16.633825423273894 ], [ -92.924258875393505, 16.63335663103177 ], [ -92.924457648320455, 16.633146897797506 ], [ -92.925927977626628, 16.631729587979528 ], [ -92.926496012290585, 16.630655302277798 ], [ -92.926666624548929, 16.630462081204712 ], [ -92.927539487492965, 16.629738303275897 ], [ -92.929191796671432, 16.628865441161413 ], [ -92.930264665242788, 16.628329179480662 ], [ -92.931184718369181, 16.627640693494129 ], [ -92.931635360320087, 16.626437789187413 ], [ -92.931894221747768, 16.625266442424266 ], [ -92.932600981895575, 16.623053467842393 ], [ -92.932600981797989, 16.623053467438183 ], [ -92.932600981895831, 16.623053467131861 ], [ -92.932366411672874, 16.622081794179703 ], [ -92.932225489140805, 16.621226820091785 ], [ -92.932098464131769, 16.620256836032127 ], [ -92.931521852836653, 16.619927017010525 ], [ -92.931748893984633, 16.619747994082811 ], [ -92.931822180836591, 16.619629677110442 ], [ -92.932042396126107, 16.619440155904794 ], [ -92.9322870228482, 16.619203318657775 ], [ -92.932335794819934, 16.619085038704863 ], [ -92.932874990941642, 16.61903668753364 ], [ -92.935470719897921, 16.614908390930367 ], [ -92.936148498463467, 16.613830395400129 ], [ -92.938933366876682, 16.60954238528323 ], [ -92.943740140110449, 16.602140486792404 ], [ -92.944700442696103, 16.600661617466073 ], [ -92.946669334836912, 16.601911558007956 ], [ -92.946884522889604, 16.60257958341878 ], [ -92.948061514771624, 16.603805069427111 ], [ -92.949194165035848, 16.604407214288273 ], [ -92.950071279901906, 16.606291099366313 ], [ -92.949421959653918, 16.607233494824388 ], [ -92.949252547694257, 16.609886361277677 ], [ -92.949897311113062, 16.611931911717672 ], [ -92.950571268104525, 16.612566990235564 ], [ -92.95159207905418, 16.613042533223865 ], [ -92.953166389668368, 16.614441397922494 ], [ -92.954695489060072, 16.615258402362826 ], [ -92.956094700072256, 16.616819982780761 ], [ -92.956267085664848, 16.619562217826775 ], [ -92.957673194461719, 16.620791911910434 ], [ -92.959212640211689, 16.621111069972709 ], [ -92.963291927177082, 16.625670927083199 ], [ -92.968247774804496, 16.630035584306885 ], [ -92.975618076336644, 16.637808335383532 ], [ -92.982988971685543, 16.645580819709178 ], [ -92.976006817855747, 16.659299379161954 ], [ -92.976481282327853, 16.659544093944739 ], [ -92.985130821511902, 16.664004971027023 ], [ -92.984951636055357, 16.667155664905714 ], [ -92.984258647867165, 16.667433356224347 ], [ -92.983573320264611, 16.667337686247965 ], [ -92.982986319363604, 16.668032333638504 ], [ -92.982468490108374, 16.668147257669801 ], [ -92.981356835612942, 16.669288697640972 ], [ -92.97940852694245, 16.669335646007386 ], [ -92.979039008809977, 16.66962157052847 ], [ -92.97836092113549, 16.670146255025234 ], [ -92.977382498512128, 16.670377138867508 ], [ -92.976416014898234, 16.670027238056434 ], [ -92.975903294746288, 16.669893239918547 ], [ -92.975535034372186, 16.671089919901611 ], [ -92.975179567829784, 16.67166433495419 ], [ -92.975568400059714, 16.672252540449524 ], [ -92.975559868599518, 16.672667383201809 ], [ -92.975090744041921, 16.673198192202033 ], [ -92.975189894293351, 16.673947030779502 ], [ -92.974498574374906, 16.674141720699762 ], [ -92.974149073324895, 16.674425743969294 ], [ -92.973837600871192, 16.674897034517066 ], [ -92.973173641074368, 16.675901666098405 ], [ -92.972239180366586, 16.675386339657788 ], [ -92.969070511416831, 16.673501554778642 ], [ -92.96813692811655, 16.672944725507598 ], [ -92.967670138493602, 16.672666309286786 ], [ -92.967203350222164, 16.672387892009297 ], [ -92.966248847216931, 16.671457164490409 ], [ -92.965294353440669, 16.67052643250776 ], [ -92.964503928441673, 16.669972245673897 ], [ -92.963645986597243, 16.669914802569014 ], [ -92.962790612929695, 16.669732903226905 ], [ -92.961935240885637, 16.669551000354165 ], [ -92.961316588176786, 16.668999994812918 ], [ -92.960478348366848, 16.667988401380438 ], [ -92.95907787490583, 16.666468341516058 ], [ -92.958187547206805, 16.66520676793688 ], [ -92.9576894209915, 16.664367492853387 ], [ -92.956742718149243, 16.663063362930885 ], [ -92.956141246760168, 16.661682657047336 ], [ -92.955670477689395, 16.66090613627328 ], [ -92.955199712408529, 16.660129614381074 ], [ -92.953701968668298, 16.660506202994512 ], [ -92.952204219099812, 16.660882780759771 ], [ -92.951632406527338, 16.659705449502024 ], [ -92.951110821998711, 16.65863152108199 ], [ -92.950589243271239, 16.657557591253926 ], [ -92.950993536228594, 16.656209790571285 ], [ -92.951462652763709, 16.655287446239939 ], [ -92.951425144025052, 16.654332241402162 ], [ -92.951670872766726, 16.653527568215669 ], [ -92.951916599447927, 16.652722894670209 ], [ -92.951964255150202, 16.652495531758497 ], [ -92.952011910739316, 16.652268168830577 ], [ -92.952107221578174, 16.651813442926063 ], [ -92.952036796029802, 16.651065125534132 ], [ -92.951966371020148, 16.650316808065622 ], [ -92.951975810306607, 16.64986048123108 ], [ -92.950907857049188, 16.648886062677736 ], [ -92.949264484613195, 16.648573394577792 ], [ -92.948268314119829, 16.648426653990924 ], [ -92.947322755341034, 16.648442693231814 ], [ -92.946681165154317, 16.648312311931459 ], [ -92.94516177058415, 16.647449225576853 ], [ -92.944148766715841, 16.647155966180783 ], [ -92.943662706850915, 16.646855581119507 ], [ -92.942966952041118, 16.646748715267272 ], [ -92.942663026533367, 16.646748631500557 ], [ -92.941396769211906, 16.646422734175673 ], [ -92.940890546905877, 16.64538085121174 ], [ -92.941177799116844, 16.6446810141444 ], [ -92.941099676237911, 16.64409639204494 ], [ -92.940684534690149, 16.643403874940333 ], [ -92.940269396118055, 16.642711356968647 ], [ -92.939498093917521, 16.641244420655259 ], [ -92.938595096505082, 16.640605024143408 ], [ -92.937912901112085, 16.640364008490721 ], [ -92.937230707430942, 16.640122990595884 ], [ -92.93699289774078, 16.639990698887146 ], [ -92.935532338903656, 16.63917819121955 ], [ -92.934510567986379, 16.638744054412562 ], [ -92.933716052014816, 16.63839717025817 ], [ -92.932921538909852, 16.638050283061219 ], [ -92.932460145248967, 16.637620596452461 ], [ -92.931966509142228, 16.637160879837754 ], [ -92.931218897264472, 16.637312869425056 ], [ -92.930678968143766, 16.637115996577556 ], [ -92.930139040129802, 16.636919122326155 ], [ -92.92911901932078, 16.636401990562124 ], [ -92.927687081831195, 16.636416631147512 ], [ -92.927044458071251, 16.637027079687876 ], [ -92.926282162129851, 16.637884282654458 ], [ -92.924581995904759, 16.639256994736886 ], [ -92.924055631261893, 16.637185518171417 ] ] ] ] } },
{ "type": "Feature", "properties": { "ID": 111, "ENTIDAD": 7, "MUNICIPIO": 27, "NOMBRE": "CHIAPA DE CORZO", "CONTROL": 179, "GEOMETRY1_": null, "ID_2": 401, "ENTIDAD_2": 7, "DISTRITO_F": 6, "DISTRITO_L": 3, "MUNICIPIO_2": 27, "SECCION": 423, "TIPO": 4, "CONTROL_2": 2613, "GEOMETRY1__2": null }, "geometry": { "type": "MultiPolygon", "coordinates": [ [ [ [ -92.946647764546654, 16.59766265325419 ], [ -92.950610086646918, 16.5915600709993 ], [ -92.955512249290223, 16.580843071441855 ], [ -92.955104063466081, 16.5801580566296 ], [ -92.954273226557959, 16.579417235590675 ], [ -92.955243616595013, 16.577831357014517 ], [ -92.955705442438159, 16.57676244939428 ], [ -92.956210357361769, 16.575482793028097 ], [ -92.957210891187032, 16.572935000098923 ], [ -92.958020218940263, 16.573302095184225 ], [ -92.958173499076196, 16.572962981688988 ], [ -92.980494124890726, 16.588662415931203 ], [ -92.986700874673843, 16.593027113880765 ], [ -92.991009586315968, 16.597393449913838 ], [ -92.992563416406512, 16.597688457350426 ], [ -92.993051265468324, 16.597781074947822 ], [ -92.993710378407727, 16.598323661436091 ], [ -92.992926479459058, 16.599056373268997 ], [ -92.99106435676326, 16.600796852575385 ], [ -92.993126620965242, 16.602914774700658 ], [ -92.993606249909433, 16.603165140100998 ], [ -92.993095405939556, 16.603308590349986 ], [ -92.992995180643916, 16.604573043781976 ], [ -92.996265798167471, 16.605318187148796 ], [ -92.99819227591648, 16.606400095225741 ], [ -92.998816397505678, 16.608107765568832 ], [ -92.998376746904924, 16.6100086776664 ], [ -92.997867978513156, 16.612489318464924 ], [ -92.996668110899265, 16.615164722477282 ], [ -92.996323384608672, 16.618021884215928 ], [ -92.995378724133431, 16.619415477477251 ], [ -92.994780028886936, 16.620690945502428 ], [ -92.993841287089396, 16.621794139490714 ], [ -92.992609543750504, 16.623223925491029 ], [ -92.992702791888291, 16.624263151139267 ], [ -92.993138632355581, 16.625350196831914 ], [ -92.993398510995817, 16.626641496781584 ], [ -92.992841041758666, 16.626641901520379 ], [ -92.971753118696682, 16.62665611313879 ], [ -92.968247774804496, 16.630035584306885 ], [ -92.963291927177082, 16.625670927083199 ], [ -92.959212640211689, 16.621111069972709 ], [ -92.957673194461719, 16.620791911910434 ], [ -92.956267085664848, 16.619562217826775 ], [ -92.956094700072256, 16.616819982780761 ], [ -92.954695489060072, 16.615258402362826 ], [ -92.953166389668368, 16.614441397922494 ], [ -92.95159207905418, 16.613042533223865 ], [ -92.950571268104525, 16.612566990235564 ], [ -92.949897311113062, 16.611931911717672 ], [ -92.949252547694257, 16.609886361277677 ], [ -92.949421959653918, 16.607233494824388 ], [ -92.950071279901906, 16.606291099366313 ], [ -92.949194165035848, 16.604407214288273 ], [ -92.948061514771624, 16.603805069427111 ], [ -92.946884522889604, 16.60257958341878 ], [ -92.946669334836912, 16.601911558007956 ], [ -92.944700442696103, 16.600661617466073 ], [ -92.946647764546654, 16.59766265325419 ] ] ] ] } },
{ "type": "Feature", "properties": { "ID": 111, "ENTIDAD": 7, "MUNICIPIO": 27, "NOMBRE": "CHIAPA DE CORZO", "CONTROL": 179, "GEOMETRY1_": null, "ID_2": 402, "ENTIDAD_2": 7, "DISTRITO_F": 6, "DISTRITO_L": 3, "MUNICIPIO_2": 27, "SECCION": 424, "TIPO": 4, "CONTROL_2": 21, "GEOMETRY1__2": null }, "geometry": { "type": "MultiPolygon", "coordinates": [ [ [ [ -93.044105160567881, 16.611969087762201 ], [ -93.044813004277628, 16.614105933018539 ], [ -93.046304151335136, 16.614906042255857 ], [ -93.04435293559807, 16.618569616323335 ], [ -93.043197270034184, 16.61908807928727 ], [ -93.042827847228153, 16.620367853723796 ], [ -93.043143613805483, 16.621743103390664 ], [ -93.042720299891727, 16.622855896231087 ], [ -93.04367744603212, 16.623661822016228 ], [ -93.04489482192858, 16.625758978543601 ], [ -93.044415106699674, 16.626829248033275 ], [ -93.050182029855591, 16.633325115518989 ], [ -93.05019826371138, 16.635358906991328 ], [ -93.051309663458795, 16.637039095743042 ], [ -93.052666788153886, 16.637893742008679 ], [ -93.052661351527917, 16.638163392651904 ], [ -93.052655914887907, 16.638433043288124 ], [ -93.052645041565768, 16.638972344539102 ], [ -93.052046664512346, 16.640247974802772 ], [ -93.051498831413085, 16.641856520575864 ], [ -93.05164044831298, 16.643353088829979 ], [ -93.050940110881669, 16.644004365592906 ], [ -93.050932579696791, 16.644377727747496 ], [ -93.051434406935741, 16.64505084159882 ], [ -93.0512442600687, 16.6459603850465 ], [ -93.050028691639881, 16.646602299196505 ], [ -93.048256556746423, 16.646445591473583 ], [ -93.046431366990333, 16.646080404119363 ], [ -93.045241760737156, 16.6454362657581 ], [ -93.043817309609466, 16.64507834558939 ], [ -93.042664838367941, 16.645430866026306 ], [ -93.041536688876761, 16.644580325297724 ], [ -93.04043558913591, 16.645224268444522 ], [ -93.039411031994149, 16.644915102179098 ], [ -93.03837976211841, 16.644937807937566 ], [ -93.037746696071437, 16.645092267971499 ], [ -93.036951968066404, 16.644745779139626 ], [ -93.035802006345904, 16.644973807598635 ], [ -93.035304434586394, 16.644093232667608 ], [ -93.034474318097352, 16.642667089577419 ], [ -93.035841488653546, 16.643024029932352 ], [ -93.03692747475759, 16.643126834543857 ], [ -93.036944270846021, 16.6422971417364 ], [ -93.037240574442947, 16.641804544866222 ], [ -93.036846576594826, 16.641465361215481 ], [ -93.037555349179144, 16.640399285252965 ], [ -93.03762476885467, 16.639798801416646 ], [ -93.03769418810208, 16.639198317523292 ], [ -93.038395392439696, 16.638505600428505 ], [ -93.038753127586361, 16.637806621320173 ], [ -93.039445091393816, 16.637570231953319 ], [ -93.039515763028717, 16.636907520326602 ], [ -93.039640320957432, 16.63641179041586 ], [ -93.039189086423477, 16.636071567940956 ], [ -93.040290977223222, 16.635386146262434 ], [ -93.028202147600126, 16.635243751098024 ], [ -93.025993635398819, 16.635217602830991 ], [ -93.023997228144978, 16.63519394561164 ], [ -93.018548360294361, 16.633297422996812 ], [ -93.014990699830889, 16.629238155564543 ], [ -93.010855321802765, 16.615799220363598 ], [ -93.006439465548809, 16.613750217512663 ], [ -92.998376746904924, 16.6100086776664 ], [ -92.998816397505678, 16.608107765568832 ], [ -92.99819227591648, 16.606400095225741 ], [ -92.996265798167471, 16.605318187148796 ], [ -92.992995180643916, 16.604573043781976 ], [ -92.993095405939556, 16.603308590349986 ], [ -92.993606249909433, 16.603165140100998 ], [ -92.99411709312173, 16.603021688594865 ], [ -92.993910948177586, 16.601760235874494 ], [ -92.993028999450786, 16.601708522148868 ], [ -92.993275382638231, 16.600370919921126 ], [ -92.994504397235232, 16.599901644018981 ], [ -92.995900157735122, 16.596173935326014 ], [ -92.994789049726691, 16.592263425299855 ], [ -92.995004867783265, 16.590109388009537 ], [ -92.995072280350684, 16.589612627113372 ], [ -92.995699259822359, 16.58974868922752 ], [ -92.996522528634216, 16.588684858209913 ], [ -92.99888079719895, 16.588147312555293 ], [ -92.998775664475005, 16.587688872059719 ], [ -92.998477967830382, 16.587548511220472 ], [ -92.997584880487381, 16.587127426136792 ], [ -92.996400889603422, 16.586234095704526 ], [ -92.996006228404212, 16.58593631738049 ], [ -92.995442428797475, 16.585510918462479 ], [ -92.994882874634428, 16.584878094461388 ], [ -92.994394131166615, 16.583582569118803 ], [ -92.993385254701209, 16.582526448952013 ], [ -92.99254807054615, 16.581473492033709 ], [ -92.992523313147174, 16.580411166639841 ], [ -92.992443540923745, 16.5800404404308 ], [ -92.992320239727249, 16.579907535100265 ], [ -92.992298487010459, 16.579725670015023 ], [ -92.992160683185375, 16.579501831905873 ], [ -92.992131679074504, 16.579277997840585 ], [ -92.992001126444976, 16.579117112915345 ], [ -92.991950364193798, 16.578858304076174 ], [ -92.991856080707464, 16.578641462205834 ], [ -92.991761794159075, 16.578501562879026 ], [ -92.991740046300777, 16.578221770775862 ], [ -92.991529713575375, 16.577955960640328 ], [ -92.991261356505674, 16.577669163514379 ], [ -92.991268621091066, 16.577417351682097 ], [ -92.991168341528748, 16.57701136358925 ], [ -92.991111272671588, 16.576780315956505 ], [ -92.991123601825535, 16.576431081289559 ], [ -92.990940833094172, 16.576090274891282 ], [ -92.994792537111124, 16.578383731029575 ], [ -92.99876394660329, 16.578140422036142 ], [ -93.001207135335164, 16.574761203679483 ], [ -93.002525964937902, 16.575142413515653 ], [ -93.015124972872712, 16.577922493316077 ], [ -93.01913257462131, 16.579679169428754 ], [ -93.021864615902913, 16.579861884745078 ], [ -93.025668811003726, 16.580116243998162 ], [ -93.027325662919779, 16.580122858607723 ], [ -93.027198883341114, 16.582409621309576 ], [ -93.027775348127889, 16.584059066764908 ], [ -93.02684743310725, 16.585294362964042 ], [ -93.025055385615275, 16.587679987523106 ], [ -93.02577245077272, 16.588137714114783 ], [ -93.025672056656788, 16.588182085312486 ], [ -93.02557549828451, 16.588286656742358 ], [ -93.025244005556985, 16.588817342532955 ], [ -93.025168083724992, 16.588980418692255 ], [ -93.024997589735449, 16.589218600373187 ], [ -93.024745502717593, 16.589570766931157 ], [ -93.024666102022849, 16.589663371864372 ], [ -93.024433577950063, 16.590005912092959 ], [ -93.024272985762522, 16.590242485806897 ], [ -93.024416107340301, 16.590821498691298 ], [ -93.024491497920906, 16.592884712465946 ], [ -93.024601026315736, 16.595882094969287 ], [ -93.027049356634976, 16.596549383541692 ], [ -93.028176320025068, 16.597441492302188 ], [ -93.029407663410851, 16.598833504188573 ], [ -93.031495835700639, 16.600324160012129 ], [ -93.032962038022177, 16.601429938134583 ], [ -93.034860739713665, 16.602331618367248 ], [ -93.038350186070545, 16.602512876410064 ], [ -93.041367998771875, 16.602239489621404 ], [ -93.045828809588244, 16.602712446546892 ], [ -93.045046765342121, 16.605421489093562 ], [ -93.043821458385537, 16.608604513801652 ], [ -93.044105160567881, 16.611969087762201 ] ] ] ] } },
{ "type": "Feature", "properties": { "ID": 111, "ENTIDAD": 7, "MUNICIPIO": 27, "NOMBRE": "CHIAPA DE CORZO", "CONTROL": 179, "GEOMETRY1_": null, "ID_2": 403, "ENTIDAD_2": 7, "DISTRITO_F": 6, "DISTRITO_L": 3, "MUNICIPIO_2": 27, "SECCION": 425, "TIPO": 4, "CONTROL_2": 17, "GEOMETRY1__2": null }, "geometry": { "type": "MultiPolygon", "coordinates": [ [ [ [ -93.04746080302219, 16.616932113568399 ], [ -93.048561802087207, 16.619207402845227 ], [ -93.049548663507977, 16.621524827464551 ], [ -93.050157034351685, 16.622765843515101 ], [ -93.050765413033204, 16.624006857614699 ], [ -93.052158180935677, 16.627193092620864 ], [ -93.053548943634524, 16.630047456859121 ], [ -93.055172707694496, 16.633564206911029 ], [ -93.057330912075486, 16.638704230280215 ], [ -93.057379477585158, 16.63881989143141 ], [ -93.057593904088961, 16.638797906058322 ], [ -93.057808330543168, 16.638775920463829 ], [ -93.058237183302694, 16.638731948610676 ], [ -93.060124494067921, 16.638596537427325 ], [ -93.062236269420524, 16.637754574553021 ], [ -93.063435961448747, 16.63745719907131 ], [ -93.065377621491677, 16.636865099340824 ], [ -93.068519723362598, 16.636100024080907 ], [ -93.069948510353655, 16.635842754130163 ], [ -93.07189013394229, 16.635250593528824 ], [ -93.072415458072385, 16.634832775423479 ], [ -93.073091619684647, 16.635243539669261 ], [ -93.074243196147719, 16.636398324578764 ], [ -93.075794502732478, 16.637426298223538 ], [ -93.075542242518779, 16.63855611414947 ], [ -93.075516266058187, 16.638672456019883 ], [ -93.075068991476556, 16.640334447791492 ], [ -93.074731703579417, 16.641290563664498 ], [ -93.073940599282892, 16.642871606604679 ], [ -93.073426699354201, 16.643040562521129 ], [ -93.072104482918263, 16.642052711251328 ], [ -93.071588240687845, 16.641848320519635 ], [ -93.071071999547073, 16.641643928495466 ], [ -93.071071999547058, 16.641643928495469 ], [ -93.071071999547058, 16.641643928495466 ], [ -93.069700126829176, 16.641859388602978 ], [ -93.068782340167701, 16.641491406585793 ], [ -93.068262208936247, 16.640664770539352 ], [ -93.067059911122342, 16.640547349154662 ], [ -93.066030555822365, 16.640636330873185 ], [ -93.064947867590732, 16.641347878439078 ], [ -93.064554088396633, 16.642428759101328 ], [ -93.064679132040396, 16.644128872743824 ], [ -93.065719387126251, 16.64578216090332 ], [ -93.067735726605363, 16.647969029355224 ], [ -93.067686812931242, 16.649296801982533 ], [ -93.067010054701811, 16.650877148410903 ], [ -93.067702123309672, 16.651744265410116 ], [ -93.067764013110647, 16.652490614446261 ], [ -93.067710686964773, 16.653113185379077 ], [ -93.068401987810461, 16.653855852564668 ], [ -93.06835100019876, 16.654851765290466 ], [ -93.068126016464277, 16.655475340449033 ], [ -93.06807736337332, 16.656844594608472 ], [ -93.067168068468519, 16.657845525576462 ], [ -93.066257986500588, 16.658722005292375 ], [ -93.065346860203093, 16.659432551370738 ], [ -93.064949162761039, 16.659891195060528 ], [ -93.064580765933044, 16.660258048115757 ], [ -93.064543175432462, 16.660295480976931 ], [ -93.064152985926157, 16.660684032919285 ], [ -93.062959096142436, 16.66193550749562 ], [ -93.061993820266935, 16.663144160703418 ], [ -93.061801864238006, 16.663408241307351 ], [ -93.061483212215663, 16.663852358007386 ], [ -93.060626170298576, 16.664064761566184 ], [ -93.059597717487492, 16.664319641161821 ], [ -93.058917491169211, 16.66536068826267 ], [ -93.058861943169902, 16.665630655964964 ], [ -93.053001999197718, 16.658193260562015 ], [ -93.051838232495285, 16.656263137175351 ], [ -93.050538231220855, 16.655409527412978 ], [ -93.048985280536996, 16.658576797004127 ], [ -93.046629924743613, 16.661770964562365 ], [ -93.042745681406089, 16.666929272474697 ], [ -93.04175036522102, 16.665168158761396 ], [ -93.04056233476804, 16.664441025842578 ], [ -93.039539353839714, 16.664048891869854 ], [ -93.039037518426881, 16.663375750490577 ], [ -93.037443710848081, 16.662890204007894 ], [ -93.036531887297002, 16.662666080646297 ], [ -93.035052594358291, 16.662182603513436 ], [ -93.034044765619328, 16.661043720227646 ], [ -93.033029382387937, 16.660278192905896 ], [ -93.031502958511538, 16.659295830685043 ], [ -93.030609665912223, 16.658159020893695 ], [ -93.030052309904903, 16.657401842621681 ], [ -93.028020788501848, 16.658734223345583 ], [ -93.026001872383006, 16.659444316057503 ], [ -93.023135982423796, 16.659557893345276 ], [ -93.020887193855003, 16.660305230178349 ], [ -93.019436524878955, 16.661233162989692 ], [ -93.017756837311666, 16.662156889322844 ], [ -93.015813676241748, 16.661955272970864 ], [ -93.015557017157036, 16.661972981205782 ], [ -93.012984668437014, 16.662150443088297 ], [ -93.012022653141443, 16.659686234945756 ], [ -93.012157438864833, 16.658692708733607 ], [ -93.012117938192162, 16.657820483907326 ], [ -93.011164981003333, 16.656806992859853 ], [ -93.009253176026178, 16.65507038871829 ], [ -93.007911352003291, 16.653468739063644 ], [ -93.006451668610865, 16.652030914012453 ], [ -93.005387660801446, 16.650849353388516 ], [ -93.005015714723072, 16.649431512783799 ], [ -93.004933395372873, 16.647852996731583 ], [ -93.004448659217573, 16.646350080379101 ], [ -93.004359571268338, 16.645103439686665 ], [ -93.003748498115726, 16.644179198816097 ], [ -93.002686244554567, 16.642914654403359 ], [ -93.001615530952165, 16.642064949478765 ], [ -93.001234307341676, 16.641103430519109 ], [ -93.000395979018862, 16.64009199561734 ], [ -92.999215042193342, 16.639032747689804 ], [ -92.998659560798913, 16.638192514529091 ], [ -92.997823803203758, 16.637056615410259 ], [ -92.997008416151317, 16.634925084443246 ], [ -92.996519531948067, 16.633629570308852 ], [ -92.995924655744247, 16.631917099398649 ], [ -92.995604779917869, 16.631284345491654 ], [ -92.995535989820581, 16.631164545216183 ], [ -92.995481681523714, 16.631059390276647 ], [ -92.995318756988141, 16.630743925366456 ], [ -92.994594138623611, 16.629776061122719 ], [ -92.993759290427391, 16.628598660202087 ], [ -92.993658393109243, 16.627932796246625 ], [ -92.993398510995817, 16.626641496781584 ], [ -92.993138632355581, 16.625350196831914 ], [ -92.992702791888291, 16.624263151139267 ], [ -92.992609543750504, 16.623223925491029 ], [ -92.993841287089396, 16.621794139490714 ], [ -92.994780028886936, 16.620690945502428 ], [ -92.995378724133431, 16.619415477477251 ], [ -92.996323384608672, 16.618021884215928 ], [ -92.996668110899265, 16.615164722477282 ], [ -92.997867978513156, 16.612489318464924 ], [ -92.998376746904924, 16.6100086776664 ], [ -93.006439465548809, 16.613750217512663 ], [ -93.010855321802765, 16.615799220363598 ], [ -93.014990699830889, 16.629238155564543 ], [ -93.018548360294361, 16.633297422996812 ], [ -93.023997228144978, 16.63519394561164 ], [ -93.025993635398819, 16.635217602830991 ], [ -93.028202147600126, 16.635243751098024 ], [ -93.040290977223222, 16.635386146262434 ], [ -93.039189086423477, 16.636071567940956 ], [ -93.039640320957432, 16.63641179041586 ], [ -93.039515763028717, 16.636907520326602 ], [ -93.039445091393816, 16.637570231953319 ], [ -93.038753127586361, 16.637806621320173 ], [ -93.038395392439696, 16.638505600428505 ], [ -93.03769418810208, 16.639198317523292 ], [ -93.03762476885467, 16.639798801416646 ], [ -93.037555349179144, 16.640399285252965 ], [ -93.036846576594826, 16.641465361215481 ], [ -93.037240574442947, 16.641804544866222 ], [ -93.036944270846021, 16.6422971417364 ], [ -93.03692747475759, 16.643126834543857 ], [ -93.035841488653546, 16.643024029932352 ], [ -93.034474318097352, 16.642667089577419 ], [ -93.035304434586394, 16.644093232667608 ], [ -93.035802006345904, 16.644973807598635 ], [ -93.036951968066404, 16.644745779139626 ], [ -93.037746696071437, 16.645092267971499 ], [ -93.03837976211841, 16.644937807937566 ], [ -93.039411031994149, 16.644915102179098 ], [ -93.04043558913591, 16.645224268444522 ], [ -93.041536688876761, 16.644580325297724 ], [ -93.042664838367941, 16.645430866026306 ], [ -93.043817309609466, 16.64507834558939 ], [ -93.045241760737156, 16.6454362657581 ], [ -93.046431366990333, 16.646080404119363 ], [ -93.048256556746423, 16.646445591473583 ], [ -93.050028691639881, 16.646602299196505 ], [ -93.0512442600687, 16.6459603850465 ], [ -93.051434406935741, 16.64505084159882 ], [ -93.050932579696791, 16.644377727747496 ], [ -93.050940110881669, 16.644004365592906 ], [ -93.05164044831298, 16.643353088829979 ], [ -93.051498831413085, 16.641856520575864 ], [ -93.052046664512346, 16.640247974802772 ], [ -93.052645041565768, 16.638972344539102 ], [ -93.052655914887907, 16.638433043288124 ], [ -93.052661351527917, 16.638163392651904 ], [ -93.052666788153886, 16.637893742008679 ], [ -93.051309663458795, 16.637039095743042 ], [ -93.05019826371138, 16.635358906991328 ], [ -93.050182029855591, 16.633325115518989 ], [ -93.044415106699674, 16.626829248033275 ], [ -93.04489482192858, 16.625758978543601 ], [ -93.04367744603212, 16.623661822016228 ], [ -93.042720299891727, 16.622855896231087 ], [ -93.043143613805483, 16.621743103390664 ], [ -93.042827847228153, 16.620367853723796 ], [ -93.043197270034184, 16.61908807928727 ], [ -93.04435293559807, 16.618569616323335 ], [ -93.046304151335136, 16.614906042255857 ], [ -93.04746080302219, 16.616932113568399 ] ] ] ] } },
{ "type": "Feature", "properties": { "ID": 111, "ENTIDAD": 7, "MUNICIPIO": 27, "NOMBRE": "CHIAPA DE CORZO", "CONTROL": 179, "GEOMETRY1_": null, "ID_2": 404, "ENTIDAD_2": 7, "DISTRITO_F": 6, "DISTRITO_L": 3, "MUNICIPIO_2": 27, "SECCION": 426, "TIPO": 4, "CONTROL_2": 22, "GEOMETRY1__2": null }, "geometry": { "type": "MultiPolygon", "coordinates": [ [ [ [ -93.061724788071444, 16.573954969110485 ], [ -93.061620718269566, 16.575614944665976 ], [ -93.061517936807618, 16.577482333590055 ], [ -93.061471060481139, 16.579141975692014 ], [ -93.061369049797804, 16.581133812084605 ], [ -93.061378337553165, 16.58262718994008 ], [ -93.06127684016495, 16.584701991043676 ], [ -93.061115046014933, 16.586279332014875 ], [ -93.061066616735062, 16.587690076470256 ], [ -93.061075902653315, 16.589183453404384 ], [ -93.061313216533875, 16.590551051097023 ], [ -93.061775981735124, 16.591378042016526 ], [ -93.062182066384821, 16.592288330201423 ], [ -93.061272527537554, 16.593206275287436 ], [ -93.060647955930023, 16.593956622878402 ], [ -93.060500965253723, 16.594377903603537 ], [ -93.060198335383916, 16.595245245898916 ], [ -93.060144226681359, 16.595743370358722 ], [ -93.060148350839199, 16.596407092981149 ], [ -93.059925211971475, 16.597321041242669 ], [ -93.059988599879404, 16.598316292608853 ], [ -93.059651567452391, 16.59931387052886 ], [ -93.058798414478588, 16.600107024043552 ], [ -93.057599718637206, 16.60052882103702 ], [ -93.056519793405414, 16.601655153271512 ], [ -93.055722793889132, 16.602282032003512 ], [ -93.05509637467047, 16.602741983912324 ], [ -93.054414800665455, 16.603534125985068 ], [ -93.053272765747394, 16.603872601807634 ], [ -93.052071217945183, 16.603838057786813 ], [ -93.05104051614083, 16.60367806905527 ], [ -93.050237866157829, 16.60339230841025 ], [ -93.048863943090055, 16.6032342870345 ], [ -93.047146032406943, 16.6029537822177 ], [ -93.045828809588244, 16.602712446546892 ], [ -93.041367998771875, 16.602239489621404 ], [ -93.038350186070545, 16.602512876410064 ], [ -93.034860739713665, 16.602331618367248 ], [ -93.032962038022177, 16.601429938134583 ], [ -93.031495835700639, 16.600324160012129 ], [ -93.029407663410851, 16.598833504188573 ], [ -93.028176320025068, 16.597441492302188 ], [ -93.027049356634976, 16.596549383541692 ], [ -93.024601026315736, 16.595882094969287 ], [ -93.024491497920906, 16.592884712465946 ], [ -93.024416107340301, 16.590821498691298 ], [ -93.024272985762522, 16.590242485806897 ], [ -93.024433577950063, 16.590005912092959 ], [ -93.024666102022849, 16.589663371864372 ], [ -93.024745502717593, 16.589570766931157 ], [ -93.024997589735449, 16.589218600373187 ], [ -93.025168083724992, 16.588980418692255 ], [ -93.025244005556985, 16.588817342532955 ], [ -93.02557549828451, 16.588286656742358 ], [ -93.025672056656788, 16.588182085312486 ], [ -93.02577245077272, 16.588137714114783 ], [ -93.025055385615275, 16.587679987523106 ], [ -93.02684743310725, 16.585294362964042 ], [ -93.027775348127889, 16.584059066764908 ], [ -93.027198883341114, 16.582409621309576 ], [ -93.027325662919779, 16.580122858607723 ], [ -93.027547608844344, 16.57763439550931 ], [ -93.0286121591175, 16.573130330974422 ], [ -93.029849204811185, 16.571409931028207 ], [ -93.029917362535727, 16.570871673129606 ], [ -93.030805154447251, 16.569435386478965 ], [ -93.031629825330981, 16.568288444984024 ], [ -93.032059808822467, 16.566843789583004 ], [ -93.033087221434684, 16.564165035092401 ], [ -93.035450013994179, 16.560556143473594 ], [ -93.038911976917944, 16.562030304265214 ], [ -93.043689261644317, 16.563569862682137 ], [ -93.046210678852233, 16.557764228437605 ], [ -93.046934447707244, 16.558773404645823 ], [ -93.047333317938751, 16.558863662172211 ], [ -93.047438549795203, 16.559322079292336 ], [ -93.048153122936498, 16.560787586134683 ], [ -93.049136764087322, 16.560265972166146 ], [ -93.049930329567147, 16.560653903045043 ], [ -93.051205925730045, 16.559847085527892 ], [ -93.051078100399224, 16.560508765891118 ], [ -93.050263617431185, 16.561157964736829 ], [ -93.050368857472535, 16.561616380254694 ], [ -93.051999849039618, 16.563057029367794 ], [ -93.051643972061683, 16.563673065812122 ], [ -93.052125992467992, 16.563808340268526 ], [ -93.053067001402837, 16.564072421738278 ], [ -93.054605317083158, 16.564432360964325 ], [ -93.054863016440692, 16.56584804625318 ], [ -93.055320798855035, 16.56585635729823 ], [ -93.055827449490693, 16.566280556136434 ], [ -93.055814082024696, 16.566944316285344 ], [ -93.05684075741263, 16.567128950044925 ], [ -93.057509063342778, 16.568054079945551 ], [ -93.059088781678156, 16.56920323912021 ], [ -93.061873147193651, 16.570220522355982 ], [ -93.06188476074081, 16.572087246557647 ], [ -93.061724788071444, 16.573954969110485 ] ] ] ] } },
{ "type": "Feature", "properties": { "ID": 111, "ENTIDAD": 7, "MUNICIPIO": 27, "NOMBRE": "CHIAPA DE CORZO", "CONTROL": 179, "GEOMETRY1_": null, "ID_2": 407, "ENTIDAD_2": 7, "DISTRITO_F": 6, "DISTRITO_L": 3, "MUNICIPIO_2": 27, "SECCION": 429, "TIPO": 4, "CONTROL_2": 1728, "GEOMETRY1__2": null }, "geometry": { "type": "MultiPolygon", "coordinates": [ [ [ [ -92.994588928671462, 16.513668773243662 ], [ -92.995632277834801, 16.512390436672192 ], [ -92.995972840545591, 16.511981816007001 ], [ -92.997189439929343, 16.511257239858033 ], [ -92.998047536376419, 16.511273059868646 ], [ -92.998343738885694, 16.51078051222381 ], [ -92.999064109291197, 16.509133763775907 ], [ -93.000340426218187, 16.508285768257121 ], [ -93.002193865445506, 16.507199389546301 ], [ -93.003074799920427, 16.506095092585273 ], [ -93.006296885268497, 16.505241374281706 ], [ -93.008887157430053, 16.504500495038439 ], [ -93.010704183973161, 16.505197899172732 ], [ -93.011561410092284, 16.50525514880945 ], [ -93.012300004570434, 16.50551771913608 ], [ -93.015022206036321, 16.506729715176128 ], [ -93.01593833288328, 16.506705026547721 ], [ -93.017296075126794, 16.507476945668653 ], [ -93.018891082082234, 16.507838200325278 ], [ -93.020675409681999, 16.507331400485086 ], [ -93.022869429821569, 16.506375583669829 ], [ -93.023870547163156, 16.504982898608311 ], [ -93.024458591097257, 16.504205154929807 ], [ -93.026552437759079, 16.505363994276578 ], [ -93.027976670787623, 16.505680554214688 ], [ -93.029133383879412, 16.505079200914373 ], [ -93.03028672706489, 16.504643781854455 ], [ -93.030162193140853, 16.502317475097094 ], [ -93.031417318810313, 16.502506418835885 ], [ -93.033268849132966, 16.501502734613595 ], [ -93.033184763554416, 16.502829215643935 ], [ -93.034184203448277, 16.504341488596104 ], [ -93.035482277827839, 16.505236700553557 ], [ -93.037077299949985, 16.505597816500192 ], [ -93.039175430534485, 16.50654910319534 ], [ -93.040148758539289, 16.506525351755787 ], [ -93.04048276633317, 16.506987946779766 ], [ -93.040734282795825, 16.507232765867595 ], [ -93.041829710561743, 16.508299013808323 ], [ -93.042349591398903, 16.508059485111083 ], [ -93.04354923576777, 16.508164342987023 ], [ -93.04474385569948, 16.508518105188113 ], [ -93.044266103526198, 16.50950541529086 ], [ -93.044646443118552, 16.510508352900594 ], [ -93.045467432758073, 16.509527291727853 ], [ -93.045945178880018, 16.508539978896135 ], [ -93.046469241521663, 16.508093013933127 ], [ -93.049220974472135, 16.507852581647395 ], [ -93.050320429006447, 16.507250070797589 ], [ -93.050567651275912, 16.506341556616718 ], [ -93.051213633667231, 16.505523292934942 ], [ -93.053966159873241, 16.505241313006319 ], [ -93.051532615070329, 16.506732604470702 ], [ -93.050935472670744, 16.507966761394972 ], [ -93.049289213397813, 16.508725332036555 ], [ -93.047642941256385, 16.50948388969131 ], [ -93.046739640322684, 16.511708474140068 ], [ -93.045889074764716, 16.511319487322993 ], [ -93.045088181174989, 16.511304905435662 ], [ -93.044382433782502, 16.512246563551422 ], [ -93.043462933045888, 16.512437317611322 ], [ -93.042232250091459, 16.513867410820325 ], [ -93.04013402560436, 16.512916155682966 ], [ -93.038172202699045, 16.513710386875019 ], [ -93.03737046055717, 16.513737260592041 ], [ -93.036383665330561, 16.514424761556615 ], [ -93.035527231245325, 16.514326128696798 ], [ -93.032116694234588, 16.516006863917632 ], [ -93.028772558351434, 16.51723225324389 ], [ -93.026492623572764, 16.519597577658089 ], [ -93.025433398717979, 16.521030711450283 ], [ -93.02371458907038, 16.521123748173856 ], [ -93.021596066138372, 16.523989981691145 ], [ -93.019130964910246, 16.52419380926197 ], [ -93.016978751023061, 16.525897365380263 ], [ -93.014199707450615, 16.527464893617562 ], [ -93.011763889422909, 16.529038689689543 ], [ -93.010370527041943, 16.530009106001589 ], [ -93.009174146644511, 16.529738118028366 ], [ -93.006398368691734, 16.531139602006057 ], [ -93.004740903968838, 16.531026109948186 ], [ -93.002294932835795, 16.532932985565772 ], [ -93.001331016532134, 16.534487085104342 ], [ -92.999899085522983, 16.535502023493429 ], [ -92.999034102049876, 16.535818090490441 ], [ -92.997947890239118, 16.535756571465281 ], [ -92.996759971475214, 16.535070663310449 ], [ -92.995697514074493, 16.533847554892802 ], [ -92.994836773019841, 16.533956179975092 ], [ -92.993168257507534, 16.534381899893905 ], [ -92.991896831952829, 16.534980940052652 ], [ -92.991572517862053, 16.533936490867156 ], [ -92.990500269278414, 16.532653863549534 ], [ -92.989856942912866, 16.531578119836482 ], [ -92.988870478265483, 16.530709224022679 ], [ -92.988329347986635, 16.530096396999404 ], [ -92.987884037926065, 16.529592081861555 ], [ -92.987678078001153, 16.529031018896987 ], [ -92.987155013850739, 16.527606105114529 ], [ -92.985011128484373, 16.526267573924851 ], [ -92.984091977480276, 16.524835057018599 ], [ -92.982644502746311, 16.522857743746918 ], [ -92.980777864294609, 16.521785673408758 ], [ -92.978839557907662, 16.521417769713395 ], [ -92.975521418935003, 16.52135627437055 ], [ -92.974278163804314, 16.520586207007746 ], [ -92.969443571023064, 16.519126960047302 ], [ -92.96919995721143, 16.518370660613723 ], [ -92.96901322464943, 16.517790944901524 ], [ -92.969031777145048, 16.517784777231498 ], [ -92.970683235421319, 16.517864646302932 ], [ -92.971561098571044, 16.517661329940406 ], [ -92.972512938952448, 16.517491111425873 ], [ -92.972843370587469, 16.517424915296374 ], [ -92.972951870527311, 16.517363447441525 ], [ -92.97306530228262, 16.517207413568311 ], [ -92.973267506715985, 16.517103390916205 ], [ -92.973588074720098, 16.517018281431838 ], [ -92.973869188200609, 16.516970998368848 ], [ -92.97423414254375, 16.516857518970308 ], [ -92.974480733316142, 16.516961541754853 ], [ -92.974717460457654, 16.517046651264138 ], [ -92.974959119414578, 16.517023009737517 ], [ -92.975225437448756, 16.516980454982392 ], [ -92.975787664409808, 16.516838605730797 ], [ -92.97639920952534, 16.516748767817564 ], [ -92.976704982083106, 16.516673114805624 ], [ -92.977103500994772, 16.516610364717625 ], [ -92.97753567311311, 16.516537271607504 ], [ -92.977889499228795, 16.516466607326478 ], [ -92.978137177549101, 16.516415435372096 ], [ -92.978316617009625, 16.516386198061259 ], [ -92.978771412755748, 16.516275936007013 ], [ -92.979271992023712, 16.5162050111356 ], [ -92.979597491843236, 16.516219196111994 ], [ -92.980917217835852, 16.515979305611086 ], [ -92.981402536297139, 16.51587875639192 ], [ -92.981581900710353, 16.515850151205246 ], [ -92.981761339591912, 16.515816034930911 ], [ -92.982019013228111, 16.515774733024507 ], [ -92.982438217541187, 16.515751091342295 ], [ -92.982588321906462, 16.51575275909202 ], [ -92.98278457279207, 16.515733190754705 ], [ -92.982940217509721, 16.515746259922 ], [ -92.983143467150214, 16.515751091342249 ], [ -92.983370330660833, 16.515803103039335 ], [ -92.983572535094183, 16.515878756391949 ], [ -92.983814194051121, 16.515978051372194 ], [ -92.984085443900767, 16.51600642135719 ], [ -92.984307375595904, 16.515996964696029 ], [ -92.984524375475601, 16.515992236365197 ], [ -92.984770966248007, 16.515954409714872 ], [ -92.984963307050464, 16.515864571390594 ], [ -92.985155647852935, 16.515751091342295 ], [ -92.985367715917192, 16.515618697868387 ], [ -92.985515670380622, 16.515486304303717 ], [ -92.985658693028611, 16.515297170482658 ], [ -92.985701280314316, 16.515198098298292 ], [ -92.985781988414828, 16.515027654467701 ], [ -92.986142010942487, 16.514909445570666 ], [ -92.986383669899439, 16.514857433633036 ], [ -92.986640124302738, 16.514777051520134 ], [ -92.986822601474302, 16.514682484285633 ], [ -92.986865274101135, 16.514656334053818 ], [ -92.986891646890555, 16.514531176614202 ], [ -92.986912658819648, 16.514440906394746 ], [ -92.986990283199518, 16.514252202784384 ], [ -92.987075094250173, 16.514088393643039 ], [ -92.987163071566187, 16.51402311705354 ], [ -92.987305919388177, 16.514015783969281 ], [ -92.987478532928861, 16.514029969106296 ], [ -92.987606760130532, 16.514015783969302 ], [ -92.987704445383045, 16.513997036807012 ], [ -92.987838555456548, 16.514006327210662 ], [ -92.988171382388245, 16.513938309949989 ], [ -92.988356396078586, 16.513892846071158 ], [ -92.988553668696497, 16.513831377092728 ], [ -92.989007395717707, 16.516814964178685 ], [ -92.989091236580336, 16.516791322623735 ], [ -92.989204668335603, 16.516701484688532 ], [ -92.989401940953513, 16.516554906915207 ], [ -92.98953820812379, 16.516510493898821 ], [ -92.989569622678729, 16.516502895420491 ], [ -92.989776758927562, 16.516507623738732 ], [ -92.99004307696174, 16.516507623738782 ], [ -92.990412963120335, 16.516446155592096 ], [ -92.990620099369124, 16.516379959104626 ], [ -92.991127883089945, 16.515632382513967 ], [ -92.991331130836016, 16.515219797111815 ], [ -92.991648982160399, 16.514615866475186 ], [ -92.991765, 16.514623333333304 ], [ -92.991765051149216, 16.514623675263376 ], [ -92.994588928671462, 16.513668773243662 ] ] ] ] } },
{ "type": "Feature", "properties": { "ID": 111, "ENTIDAD": 7, "MUNICIPIO": 27, "NOMBRE": "CHIAPA DE CORZO", "CONTROL": 179, "GEOMETRY1_": null, "ID_2": 405, "ENTIDAD_2": 7, "DISTRITO_F": 6, "DISTRITO_L": 3, "MUNICIPIO_2": 27, "SECCION": 427, "TIPO": 4, "CONTROL_2": 23, "GEOMETRY1__2": null }, "geometry": { "type": "MultiPolygon", "coordinates": [ [ [ [ -93.08185790305113, 16.510573135129711 ], [ -93.081467102308366, 16.512068889456341 ], [ -93.08146710230838, 16.512068889456401 ], [ -93.081467102308366, 16.512068889456426 ], [ -93.081647285604845, 16.513436812145709 ], [ -93.081547873157717, 16.515802016473842 ], [ -93.081547873157717, 16.515802016473852 ], [ -93.081547873157717, 16.515802016473934 ], [ -93.081724389820437, 16.516589177496805 ], [ -93.081903005832203, 16.517708201760321 ], [ -93.082767249435591, 16.518740198073257 ], [ -93.08237539020314, 16.520070021290739 ], [ -93.081929492735767, 16.52189797697385 ], [ -93.081929492735767, 16.521897976973904 ], [ -93.081929492735767, 16.521897976973943 ], [ -93.082166344613952, 16.523182593690926 ], [ -93.08148830592819, 16.524472623743986 ], [ -93.081039769458727, 16.525885747846377 ], [ -93.081277931086731, 16.527377779558915 ], [ -93.081459438612626, 16.528953114786564 ], [ -93.081411956406484, 16.530488319740194 ], [ -93.080962619486542, 16.531776994296493 ], [ -93.080685088832666, 16.533106136615871 ], [ -93.0804610706342, 16.533854180287491 ], [ -93.079895518743214, 16.534853148033882 ], [ -93.079213760665482, 16.535562409405905 ], [ -93.079505440250855, 16.53647334407583 ], [ -93.079340953941212, 16.537594394347312 ], [ -93.078663108189275, 16.538925896598375 ], [ -93.078156548233494, 16.540214901709284 ], [ -93.077822062089268, 16.541585859462877 ], [ -93.076800813046376, 16.542877895662173 ], [ -93.076293186099406, 16.544000964505255 ], [ -93.075386027318018, 16.54525083703307 ], [ -93.075162757471418, 16.546123322789438 ], [ -93.075566199673574, 16.546618760669986 ], [ -93.074312769152883, 16.547372853927378 ], [ -93.074255320852714, 16.54733170738761 ], [ -93.074141466925042, 16.547415345580145 ], [ -93.073684226360072, 16.547459517916366 ], [ -93.073679924543484, 16.547459097694791 ], [ -93.073283652315823, 16.547420387580051 ], [ -93.072596879945451, 16.5473414529739 ], [ -93.071795212627123, 16.547180221679398 ], [ -93.071396980092757, 16.54751443323309 ], [ -93.071115201771221, 16.548179835879559 ], [ -93.071119101862564, 16.548802078356324 ], [ -93.071092067843708, 16.549051143046764 ], [ -93.071082863518541, 16.549135942442813 ], [ -93.071065033756724, 16.549300207728127 ], [ -93.070607528123844, 16.549302890502865 ], [ -93.070037724277327, 16.549638105200799 ], [ -93.069361271925786, 16.549682975146069 ], [ -93.069351724222514, 16.54968360844153 ], [ -93.068665723836816, 16.549729109426739 ], [ -93.068379782151965, 16.549730782991439 ], [ -93.067750710422359, 16.549734463453774 ], [ -93.067465027944735, 16.549777618598206 ], [ -93.067064450317886, 16.549738476339691 ], [ -93.066721061182733, 16.549698999099924 ], [ -93.066263295540125, 16.549660189512156 ], [ -93.065920165598953, 16.549662193789683 ], [ -93.06551907088722, 16.549540082883762 ], [ -93.0651749061945, 16.549376154575995 ], [ -93.064888706304544, 16.549336340511836 ], [ -93.06454712853359, 16.549587239573732 ], [ -93.064376597884149, 16.549754171734321 ], [ -93.064119123832043, 16.549880563968618 ], [ -93.064034501724038, 16.549922104271566 ], [ -93.063921288029917, 16.55010944398656 ], [ -93.063808074117603, 16.550296783637396 ], [ -93.063695247622547, 16.550546347482356 ], [ -93.063524973785263, 16.550754761774797 ], [ -93.063468947823594, 16.550941767881017 ], [ -93.063412921754519, 16.551128773969207 ], [ -93.063129044366036, 16.551462303033436 ], [ -93.063074438434398, 16.551877464615266 ], [ -93.063018540858863, 16.552085211999888 ], [ -93.062850072675843, 16.552584005545647 ], [ -93.062851622162498, 16.552832902535865 ], [ -93.062858405184585, 16.553922462464577 ], [ -93.06285859491625, 16.553952938918027 ], [ -93.062865826030375, 16.555114458001327 ], [ -93.062755319640033, 16.555737366620001 ], [ -93.062760226107443, 16.556525540166579 ], [ -93.062822323215329, 16.557313380503771 ], [ -93.062598983142848, 16.558185852061552 ], [ -93.062606212953312, 16.559347370686602 ], [ -93.06249621974105, 16.560053244532096 ], [ -93.062501899900255, 16.560965866160494 ], [ -93.062564513858675, 16.561836671829507 ], [ -93.062339102214523, 16.562377280405826 ], [ -93.06234374909576, 16.563123970673697 ], [ -93.062348137859416, 16.563829178099581 ], [ -93.062352526664412, 16.564534385477355 ], [ -93.062328060884212, 16.565198276541093 ], [ -93.06230359494468, 16.565862167560219 ], [ -93.062252081086058, 16.566775121705007 ], [ -93.061973340702352, 16.567938304259219 ], [ -93.06192027627506, 16.568602361529507 ], [ -93.06189671182662, 16.569411441975117 ], [ -93.061873147193651, 16.570220522355893 ], [ -93.061873147193651, 16.570220522355967 ], [ -93.061873147193651, 16.570220522355982 ], [ -93.059088781678156, 16.56920323912021 ], [ -93.057509063342778, 16.568054079945551 ], [ -93.05684075741263, 16.567128950044925 ], [ -93.055814082024696, 16.566944316285344 ], [ -93.055827449490693, 16.566280556136434 ], [ -93.055320798855035, 16.56585635729823 ], [ -93.054863016440692, 16.56584804625318 ], [ -93.054605317083158, 16.564432360964325 ], [ -93.053067001402837, 16.564072421738278 ], [ -93.052125992467992, 16.563808340268526 ], [ -93.051643972061683, 16.563673065812122 ], [ -93.051999849039618, 16.563057029367794 ], [ -93.050368857472535, 16.561616380254694 ], [ -93.050263617431185, 16.561157964736829 ], [ -93.051078100399224, 16.560508765891118 ], [ -93.051205925730045, 16.559847085527892 ], [ -93.049930329567147, 16.560653903045043 ], [ -93.049136764087322, 16.560265972166146 ], [ -93.048153122936498, 16.560787586134683 ], [ -93.047438549795203, 16.559322079292336 ], [ -93.047333317938751, 16.558863662172211 ], [ -93.046934447707244, 16.558773404645823 ], [ -93.046210678852233, 16.557764228437605 ], [ -93.043689261644317, 16.563569862682137 ], [ -93.038911976917944, 16.562030304265214 ], [ -93.035450013994179, 16.560556143473594 ], [ -93.033087221434684, 16.564165035092401 ], [ -93.032059808822467, 16.566843789583004 ], [ -93.031629825330981, 16.568288444984024 ], [ -93.030805154447251, 16.569435386478965 ], [ -93.029917362535727, 16.570871673129606 ], [ -93.029849204811185, 16.571409931028207 ], [ -93.0286121591175, 16.573130330974422 ], [ -93.027547608844344, 16.57763439550931 ], [ -93.027325662919779, 16.580122858607723 ], [ -93.025668811003726, 16.580116243998162 ], [ -93.021864615902913, 16.579861884745078 ], [ -93.01913257462131, 16.579679169428754 ], [ -93.015124972872712, 16.577922493316077 ], [ -93.002525964937902, 16.575142413515653 ], [ -93.001207135335164, 16.574761203679483 ], [ -92.99876394660329, 16.578140422036142 ], [ -92.994792537111124, 16.578383731029575 ], [ -92.990940833094172, 16.576090274891282 ], [ -92.991828937955347, 16.574654154925391 ], [ -92.993226958276011, 16.57347644290661 ], [ -92.993913655238984, 16.573489112214176 ], [ -92.994840282489847, 16.572966699294099 ], [ -92.997397173608476, 16.571104823447897 ], [ -92.997597676096589, 16.569697505128484 ], [ -92.996371835948125, 16.568056392247737 ], [ -92.995768679386742, 16.566758758000145 ], [ -92.995861530848671, 16.565017452069746 ], [ -92.996109081204253, 16.564109007055368 ], [ -92.996356629238576, 16.563200561667163 ], [ -92.996899133023703, 16.562070231278476 ], [ -92.997173935151238, 16.560656837304141 ], [ -92.996715996214888, 16.559066757746301 ], [ -92.995891688743825, 16.557918357035899 ], [ -92.995445838021155, 16.556107722662951 ], [ -92.992554231492363, 16.555269238592608 ], [ -92.991799986254733, 16.553695891927475 ], [ -92.992225989198005, 16.552458740653236 ], [ -92.992995295741636, 16.551227924242042 ], [ -92.993968853442055, 16.551204388001739 ], [ -92.995364994948432, 16.550109628611896 ], [ -92.996133424096229, 16.548920285191532 ], [ -92.996566173448329, 16.547351245573282 ], [ -92.996649679979328, 16.546066269622187 ], [ -92.99547188221176, 16.544882536314692 ], [ -92.994294098811608, 16.543698796226632 ], [ -92.99252889341679, 16.543251217161821 ], [ -92.991468116193118, 16.541945118426156 ], [ -92.990981202117212, 16.540566610047488 ], [ -92.991132147621357, 16.538784873457022 ], [ -92.991865418387604, 16.536515881043051 ], [ -92.991896831952829, 16.534980940052652 ], [ -92.993168257507534, 16.534381899893905 ], [ -92.994836773019841, 16.533956179975092 ], [ -92.995697514074493, 16.533847554892802 ], [ -92.996759971475214, 16.535070663310449 ], [ -92.997947890239118, 16.535756571465281 ], [ -92.999034102049876, 16.535818090490441 ], [ -92.999899085522983, 16.535502023493429 ], [ -93.001331016532134, 16.534487085104342 ], [ -93.002294932835795, 16.532932985565772 ], [ -93.004740903968838, 16.531026109948186 ], [ -93.006398368691734, 16.531139602006057 ], [ -93.009174146644511, 16.529738118028366 ], [ -93.010370527041943, 16.530009106001589 ], [ -93.011763889422909, 16.529038689689543 ], [ -93.014199707450615, 16.527464893617562 ], [ -93.016978751023061, 16.525897365380263 ], [ -93.019130964910246, 16.52419380926197 ], [ -93.021596066138372, 16.523989981691145 ], [ -93.02371458907038, 16.521123748173856 ], [ -93.025433398717979, 16.521030711450283 ], [ -93.026492623572764, 16.519597577658089 ], [ -93.028772558351434, 16.51723225324389 ], [ -93.032116694234588, 16.516006863917632 ], [ -93.035527231245325, 16.514326128696798 ], [ -93.036383665330561, 16.514424761556615 ], [ -93.03737046055717, 16.513737260592041 ], [ -93.038172202699045, 16.513710386875019 ], [ -93.04013402560436, 16.512916155682966 ], [ -93.042232250091459, 16.513867410820325 ], [ -93.043462933045888, 16.512437317611322 ], [ -93.044382433782502, 16.512246563551422 ], [ -93.045088181174989, 16.511304905435662 ], [ -93.045889074764716, 16.511319487322993 ], [ -93.046739640322684, 16.511708474140068 ], [ -93.047642941256385, 16.50948388969131 ], [ -93.049289213397813, 16.508725332036555 ], [ -93.050935472670744, 16.507966761394972 ], [ -93.051532615070329, 16.506732604470702 ], [ -93.053966159873241, 16.505241313006319 ], [ -93.070243363574207, 16.512549945697888 ], [ -93.070447865557682, 16.512410039214494 ], [ -93.073434659931493, 16.510366629811799 ], [ -93.074401351900505, 16.510674601133868 ], [ -93.074709828412992, 16.509559666239646 ], [ -93.075968367079028, 16.509582400908144 ], [ -93.077041995290671, 16.51026579413071 ], [ -93.078261602715699, 16.509374805403912 ], [ -93.083599203005321, 16.508599577112797 ], [ -93.087018276988459, 16.506461663681709 ], [ -93.088754404877108, 16.507088999061914 ], [ -93.088426567063323, 16.507236145313765 ], [ -93.088098728751461, 16.507383291051763 ], [ -93.087770889941595, 16.507530436275882 ], [ -93.087443050633667, 16.507677580986115 ], [ -93.086247882582981, 16.508555856396423 ], [ -93.084593978336144, 16.509229423189012 ], [ -93.082998288968511, 16.510068570119916 ], [ -93.08185790305113, 16.510573135129711 ] ] ] ] } },
{ "type": "Feature", "properties": { "ID": 111, "ENTIDAD": 7, "MUNICIPIO": 27, "NOMBRE": "CHIAPA DE CORZO", "CONTROL": 179, "GEOMETRY1_": null, "ID_2": 406, "ENTIDAD_2": 7, "DISTRITO_F": 6, "DISTRITO_L": 3, "MUNICIPIO_2": 27, "SECCION": 428, "TIPO": 4, "CONTROL_2": 2614, "GEOMETRY1__2": null }, "geometry": { "type": "MultiPolygon", "coordinates": [ [ [ [ -92.958214482705316, 16.572872313118566 ], [ -92.957472177962543, 16.569777697946979 ], [ -92.957211860782579, 16.564655875633036 ], [ -92.957151380247851, 16.56318131519474 ], [ -92.95690259650091, 16.556448728980147 ], [ -92.954603210482162, 16.558273512175855 ], [ -92.952303765272191, 16.560098269577047 ], [ -92.951883572833665, 16.556966586508729 ], [ -92.951668843207386, 16.555366160968511 ], [ -92.951446433824756, 16.553441579111212 ], [ -92.951280484100323, 16.55187540728938 ], [ -92.951009439278195, 16.55121418976659 ], [ -92.950688747536248, 16.550269458563609 ], [ -92.949988672232905, 16.549136831385283 ], [ -92.948820026588379, 16.547437165411782 ], [ -92.947025916115081, 16.544999684378997 ], [ -92.947883953773854, 16.544163651392033 ], [ -92.947294809412185, 16.54333799364991 ], [ -92.950135091243624, 16.539608954130784 ], [ -92.950452136979919, 16.538944403524702 ], [ -92.945566516189487, 16.535031789305709 ], [ -92.945746528293668, 16.534565564447551 ], [ -92.94298220911503, 16.532216735766312 ], [ -92.946985303276335, 16.525730057001731 ], [ -92.947031471824445, 16.525602026711528 ], [ -92.947398786922335, 16.525506720852729 ], [ -92.947643803601608, 16.525506203871245 ], [ -92.947864476798472, 16.525576653260703 ], [ -92.94845294163207, 16.525764505106316 ], [ -92.948673297700779, 16.525693143693715 ], [ -92.948697375965892, 16.525504006502903 ], [ -92.948598787131417, 16.525244228008191 ], [ -92.948524805626917, 16.5250316622082 ], [ -92.948205014559576, 16.524465093924185 ], [ -92.948130875588987, 16.524181618467352 ], [ -92.94844791445874, 16.523519176187715 ], [ -92.948569945079882, 16.523306206665733 ], [ -92.948667473226877, 16.523093285286009 ], [ -92.948764843673629, 16.522809454342916 ], [ -92.94886194879453, 16.522407461912746 ], [ -92.948910580445215, 16.522241906873298 ], [ -92.9489101040744, 16.522029196398996 ], [ -92.948811198886347, 16.521627598880499 ], [ -92.948491147743354, 16.520942851334471 ], [ -92.948417061510753, 16.520683015408711 ], [ -92.948367583799524, 16.520470410315426 ], [ -92.948342607112295, 16.520257738947461 ], [ -92.9482684685876, 16.519974272469057 ], [ -92.948243332897718, 16.519690700585254 ], [ -92.948144535727124, 16.519336381719725 ], [ -92.948045633472901, 16.518934792783636 ], [ -92.947799462126227, 16.518415331064588 ], [ -92.947701141457173, 16.51827372250396 ], [ -92.947480370359429, 16.518156011940139 ], [ -92.947259389029938, 16.517943752068234 ], [ -92.947209965894515, 16.517754777139793 ], [ -92.947037881259504, 16.517495141865737 ], [ -92.946718528283682, 16.517117641990584 ], [ -92.946434020587674, 16.517079041846536 ], [ -92.953029247294978, 16.51583343899873 ], [ -92.9547760448785, 16.514743644276979 ], [ -92.956522822904859, 16.513653834789864 ], [ -92.962001368642177, 16.510411033625811 ], [ -92.958946944921593, 16.508831527191592 ], [ -92.958813437229594, 16.507230362744981 ], [ -92.962870460995461, 16.508388064132678 ], [ -92.967486110136932, 16.510356693681189 ], [ -92.96901322464943, 16.517790944901524 ], [ -92.96919995721143, 16.518370660613723 ], [ -92.969443571023064, 16.519126960047302 ], [ -92.974278163804314, 16.520586207007746 ], [ -92.975521418935003, 16.52135627437055 ], [ -92.978839557907662, 16.521417769713395 ], [ -92.980777864294609, 16.521785673408758 ], [ -92.982644502746311, 16.522857743746918 ], [ -92.984091977480276, 16.524835057018599 ], [ -92.985011128484373, 16.526267573924851 ], [ -92.987155013850739, 16.527606105114529 ], [ -92.987678078001153, 16.529031018896987 ], [ -92.987884037926065, 16.529592081861555 ], [ -92.988329347986635, 16.530096396999404 ], [ -92.988870478265483, 16.530709224022679 ], [ -92.989856942912866, 16.531578119836482 ], [ -92.990500269278414, 16.532653863549534 ], [ -92.991572517862053, 16.533936490867156 ], [ -92.991896831952829, 16.534980940052652 ], [ -92.991865418387604, 16.536515881043051 ], [ -92.991132147621357, 16.538784873457022 ], [ -92.990981202117212, 16.540566610047488 ], [ -92.991468116193118, 16.541945118426156 ], [ -92.99252889341679, 16.543251217161821 ], [ -92.994294098811608, 16.543698796226632 ], [ -92.99547188221176, 16.544882536314692 ], [ -92.996649679979328, 16.546066269622187 ], [ -92.996566173448329, 16.547351245573282 ], [ -92.996133424096229, 16.548920285191532 ], [ -92.995364994948432, 16.550109628611896 ], [ -92.993968853442055, 16.551204388001739 ], [ -92.992995295741636, 16.551227924242042 ], [ -92.992225989198005, 16.552458740653236 ], [ -92.991799986254733, 16.553695891927475 ], [ -92.992554231492363, 16.555269238592608 ], [ -92.995445838021155, 16.556107722662951 ], [ -92.995891688743825, 16.557918357035899 ], [ -92.996715996214888, 16.559066757746301 ], [ -92.997173935151238, 16.560656837304141 ], [ -92.996899133023703, 16.562070231278476 ], [ -92.996356629238576, 16.563200561667163 ], [ -92.996109081204253, 16.564109007055368 ], [ -92.995861530848671, 16.565017452069746 ], [ -92.995768679386742, 16.566758758000145 ], [ -92.996371835948125, 16.568056392247737 ], [ -92.997597676096589, 16.569697505128484 ], [ -92.997397173608476, 16.571104823447897 ], [ -92.994840282489847, 16.572966699294099 ], [ -92.993913655238984, 16.573489112214176 ], [ -92.993226958276011, 16.57347644290661 ], [ -92.991828937955347, 16.574654154925391 ], [ -92.990940833094172, 16.576090274891282 ], [ -92.991123601825535, 16.576431081289559 ], [ -92.991111272671588, 16.576780315956505 ], [ -92.991168341528748, 16.57701136358925 ], [ -92.991268621091066, 16.577417351682097 ], [ -92.991261356505674, 16.577669163514379 ], [ -92.991529713575375, 16.577955960640328 ], [ -92.991740046300777, 16.578221770775862 ], [ -92.991761794159075, 16.578501562879026 ], [ -92.991856080707464, 16.578641462205834 ], [ -92.991950364193798, 16.578858304076174 ], [ -92.992001126444976, 16.579117112915345 ], [ -92.992131679074504, 16.579277997840585 ], [ -92.992160683185375, 16.579501831905873 ], [ -92.992298487010459, 16.579725670015023 ], [ -92.992320239727249, 16.579907535100265 ], [ -92.992443540923745, 16.5800404404308 ], [ -92.992523313147174, 16.580411166639841 ], [ -92.99254807054615, 16.581473492033709 ], [ -92.993385254701209, 16.582526448952013 ], [ -92.994394131166615, 16.583582569118803 ], [ -92.994882874634428, 16.584878094461388 ], [ -92.995442428797475, 16.585510918462479 ], [ -92.996006228404212, 16.58593631738049 ], [ -92.996400889603422, 16.586234095704526 ], [ -92.997584880487381, 16.587127426136792 ], [ -92.998477967830382, 16.587548511220472 ], [ -92.998775664475005, 16.587688872059719 ], [ -92.99888079719895, 16.588147312555293 ], [ -92.996522528634216, 16.588684858209913 ], [ -92.995699259822359, 16.58974868922752 ], [ -92.995072280350684, 16.589612627113372 ], [ -92.995004867783265, 16.590109388009537 ], [ -92.994789049726691, 16.592263425299855 ], [ -92.995900157735122, 16.596173935326014 ], [ -92.994504397235232, 16.599901644018981 ], [ -92.993275382638231, 16.600370919921126 ], [ -92.993028999450786, 16.601708522148868 ], [ -92.993910948177586, 16.601760235874494 ], [ -92.99411709312173, 16.603021688594865 ], [ -92.993606249909433, 16.603165140100998 ], [ -92.993126620965242, 16.602914774700658 ], [ -92.99106435676326, 16.600796852575385 ], [ -92.992926479459058, 16.599056373268997 ], [ -92.993710378407727, 16.598323661436091 ], [ -92.993051265468324, 16.597781074947822 ], [ -92.992563416406512, 16.597688457350426 ], [ -92.991009586315968, 16.597393449913838 ], [ -92.986700874673843, 16.593027113880765 ], [ -92.980494124890726, 16.588662415931203 ], [ -92.958173499076196, 16.572962981688988 ], [ -92.958214482705316, 16.572872313118566 ] ] ] ] } },
{ "type": "Feature", "properties": { "ID": 111, "ENTIDAD": 7, "MUNICIPIO": 27, "NOMBRE": "CHIAPA DE CORZO", "CONTROL": 179, "GEOMETRY1_": null, "ID_2": 408, "ENTIDAD_2": 7, "DISTRITO_F": 6, "DISTRITO_L": 3, "MUNICIPIO_2": 27, "SECCION": 430, "TIPO": 4, "CONTROL_2": 1731, "GEOMETRY1__2": null }, "geometry": { "type": "MultiPolygon", "coordinates": [ [ [ [ -93.049928544078497, 16.463935700094567 ], [ -93.070177688033382, 16.46490022171605 ], [ -93.05047068439336, 16.488915532659686 ], [ -93.074291582003639, 16.48985434149585 ], [ -93.093228132598554, 16.496618788860168 ], [ -93.096337011394056, 16.497801542168581 ], [ -93.096974495198765, 16.497902183266948 ], [ -93.09886531973676, 16.49820068021749 ], [ -93.102601138570577, 16.498882515675348 ], [ -93.106316112987898, 16.499475064912115 ], [ -93.10409542445143, 16.50089892795436 ], [ -93.101870440013187, 16.501659040249756 ], [ -93.100894308233791, 16.50244800986215 ], [ -93.100732814929927, 16.502578537603419 ], [ -93.099827335966808, 16.504035934264873 ], [ -93.098292915999394, 16.50549709870301 ], [ -93.097707214907416, 16.505999104866849 ], [ -93.096586945997217, 16.506959278897774 ], [ -93.094193248114877, 16.508176648874947 ], [ -93.092248734144761, 16.508105291409798 ], [ -93.090210092857205, 16.507718172877624 ], [ -93.090130581745328, 16.507703074041185 ], [ -93.088754404877108, 16.507088999061914 ], [ -93.087018276988459, 16.506461663681709 ], [ -93.083599203005321, 16.508599577112797 ], [ -93.078261602715699, 16.509374805403912 ], [ -93.077041995290671, 16.51026579413071 ], [ -93.075968367079028, 16.509582400908144 ], [ -93.074709828412992, 16.509559666239646 ], [ -93.074401351900505, 16.510674601133868 ], [ -93.073434659931493, 16.510366629811799 ], [ -93.070447865557682, 16.512410039214494 ], [ -93.070243363574207, 16.512549945697888 ], [ -93.053966159873241, 16.505241313006319 ], [ -93.051213633667231, 16.505523292934942 ], [ -93.050567651275912, 16.506341556616718 ], [ -93.050320429006447, 16.507250070797589 ], [ -93.049220974472135, 16.507852581647395 ], [ -93.046469241521663, 16.508093013933127 ], [ -93.045945178880018, 16.508539978896135 ], [ -93.045467432758073, 16.509527291727853 ], [ -93.044646443118552, 16.510508352900594 ], [ -93.044266103526198, 16.50950541529086 ], [ -93.04474385569948, 16.508518105188113 ], [ -93.04354923576777, 16.508164342987023 ], [ -93.042349591398903, 16.508059485111083 ], [ -93.041829710561743, 16.508299013808323 ], [ -93.040734282795825, 16.507232765867595 ], [ -93.04048276633317, 16.506987946779766 ], [ -93.040148758539289, 16.506525351755787 ], [ -93.039175430534485, 16.50654910319534 ], [ -93.037077299949985, 16.505597816500192 ], [ -93.035482277827839, 16.505236700553557 ], [ -93.034184203448277, 16.504341488596104 ], [ -93.033184763554416, 16.502829215643935 ], [ -93.033268849132966, 16.501502734613595 ], [ -93.031417318810313, 16.502506418835885 ], [ -93.030162193140853, 16.502317475097094 ], [ -93.03028672706489, 16.504643781854455 ], [ -93.029133383879412, 16.505079200914373 ], [ -93.027976670787623, 16.505680554214688 ], [ -93.026552437759079, 16.505363994276578 ], [ -93.024458591097257, 16.504205154929807 ], [ -93.023870547163156, 16.504982898608311 ], [ -93.022869429821569, 16.506375583669829 ], [ -93.020675409681999, 16.507331400485086 ], [ -93.018891082082234, 16.507838200325278 ], [ -93.017296075126794, 16.507476945668653 ], [ -93.01593833288328, 16.506705026547721 ], [ -93.015022206036321, 16.506729715176128 ], [ -93.012300004570434, 16.50551771913608 ], [ -93.011561410092284, 16.50525514880945 ], [ -93.010704183973161, 16.505197899172732 ], [ -93.008887157430053, 16.504500495038439 ], [ -93.006296885268497, 16.505241374281706 ], [ -93.003074799920427, 16.506095092585273 ], [ -93.002193865445506, 16.507199389546301 ], [ -93.000340426218187, 16.508285768257121 ], [ -92.999064109291197, 16.509133763775907 ], [ -92.998343738885694, 16.51078051222381 ], [ -92.998047536376419, 16.511273059868646 ], [ -92.997189439929343, 16.511257239858033 ], [ -92.995972840545591, 16.511981816007001 ], [ -92.995632277834801, 16.512390436672192 ], [ -92.994588928671462, 16.513668773243662 ], [ -92.991765051149216, 16.514623675263376 ], [ -92.991765, 16.514623333333304 ], [ -92.991648982160399, 16.514615866475186 ], [ -92.991331130836016, 16.515219797111815 ], [ -92.991127883089945, 16.515632382513967 ], [ -92.990620099369124, 16.516379959104626 ], [ -92.990412963120335, 16.516446155592096 ], [ -92.99004307696174, 16.516507623738782 ], [ -92.989776758927562, 16.516507623738732 ], [ -92.989569622678729, 16.516502895420491 ], [ -92.98953820812379, 16.516510493898821 ], [ -92.989401940953513, 16.516554906915207 ], [ -92.989204668335603, 16.516701484688532 ], [ -92.989091236580336, 16.516791322623735 ], [ -92.989007395717707, 16.516814964178685 ], [ -92.988553668696497, 16.513831377092728 ], [ -92.988356396078586, 16.513892846071158 ], [ -92.988171382388245, 16.513938309949989 ], [ -92.987838555456548, 16.514006327210662 ], [ -92.987704445383045, 16.513997036807012 ], [ -92.987606760130532, 16.514015783969302 ], [ -92.987478532928861, 16.514029969106296 ], [ -92.987305919388177, 16.514015783969281 ], [ -92.987163071566187, 16.51402311705354 ], [ -92.987075094250173, 16.514088393643039 ], [ -92.986990283199518, 16.514252202784384 ], [ -92.986912658819648, 16.514440906394746 ], [ -92.986891646890555, 16.514531176614202 ], [ -92.986865274101135, 16.514656334053818 ], [ -92.986822601474302, 16.514682484285633 ], [ -92.986640124302738, 16.514777051520134 ], [ -92.986383669899439, 16.514857433633036 ], [ -92.986142010942487, 16.514909445570666 ], [ -92.985781988414828, 16.515027654467701 ], [ -92.985701280314316, 16.515198098298292 ], [ -92.985658693028611, 16.515297170482658 ], [ -92.985515670380622, 16.515486304303717 ], [ -92.985367715917192, 16.515618697868387 ], [ -92.985155647852935, 16.515751091342295 ], [ -92.984963307050464, 16.515864571390594 ], [ -92.984770966248007, 16.515954409714872 ], [ -92.984524375475601, 16.515992236365197 ], [ -92.984307375595904, 16.515996964696029 ], [ -92.984085443900767, 16.51600642135719 ], [ -92.983814194051121, 16.515978051372194 ], [ -92.983572535094183, 16.515878756391949 ], [ -92.983370330660833, 16.515803103039335 ], [ -92.983143467150214, 16.515751091342249 ], [ -92.982940217509721, 16.515746259922 ], [ -92.98278457279207, 16.515733190754705 ], [ -92.982588321906462, 16.51575275909202 ], [ -92.982438217541187, 16.515751091342295 ], [ -92.982019013228111, 16.515774733024507 ], [ -92.981761339591912, 16.515816034930911 ], [ -92.981581900710353, 16.515850151205246 ], [ -92.981402536297139, 16.51587875639192 ], [ -92.980917217835852, 16.515979305611086 ], [ -92.979597491843236, 16.516219196111994 ], [ -92.979271992023712, 16.5162050111356 ], [ -92.978771412755748, 16.516275936007013 ], [ -92.978316617009625, 16.516386198061259 ], [ -92.978137177549101, 16.516415435372096 ], [ -92.977889499228795, 16.516466607326478 ], [ -92.97753567311311, 16.516537271607504 ], [ -92.977103500994772, 16.516610364717625 ], [ -92.976704982083106, 16.516673114805624 ], [ -92.97639920952534, 16.516748767817564 ], [ -92.975787664409808, 16.516838605730797 ], [ -92.975225437448756, 16.516980454982392 ], [ -92.974959119414578, 16.517023009737517 ], [ -92.974717460457654, 16.517046651264138 ], [ -92.974480733316142, 16.516961541754853 ], [ -92.97423414254375, 16.516857518970308 ], [ -92.973869188200609, 16.516970998368848 ], [ -92.973588074720098, 16.517018281431838 ], [ -92.973267506715985, 16.517103390916205 ], [ -92.97306530228262, 16.517207413568311 ], [ -92.972951870527311, 16.517363447441525 ], [ -92.972843370587469, 16.517424915296374 ], [ -92.972512938952448, 16.517491111425873 ], [ -92.971561098571044, 16.517661329940406 ], [ -92.970683235421319, 16.517864646302932 ], [ -92.969031777145048, 16.517784777231498 ], [ -92.96901322464943, 16.517790944901524 ], [ -92.967486110136932, 16.510356693681189 ], [ -92.962870460995461, 16.508388064132678 ], [ -92.962309909381418, 16.507505236579174 ], [ -92.962078073447245, 16.507216509661212 ], [ -92.961846238200835, 16.506927782479501 ], [ -92.961785895128159, 16.506555296876964 ], [ -92.961610457551956, 16.506142000507744 ], [ -92.961436664732346, 16.505935810041176 ], [ -92.961204174455119, 16.505564239689779 ], [ -92.961144490508616, 16.505274596288036 ], [ -92.960912330267305, 16.504944446808164 ], [ -92.960737553297733, 16.504613992086458 ], [ -92.960620487935145, 16.504324653486314 ], [ -92.960274550768773, 16.504119376806447 ], [ -92.959985996611934, 16.503913794782335 ], [ -92.959989931514798, 16.503469133660417 ], [ -92.959925925887688, 16.502602224340649 ], [ -92.95963731037412, 16.501580468625001 ], [ -92.958674695404014, 16.500930107684663 ], [ -92.958749130477017, 16.499902332181815 ], [ -92.959034066254361, 16.499652282344556 ], [ -92.959434091566422, 16.49944304412594 ], [ -92.959662958574143, 16.499358983003859 ], [ -92.960119706454464, 16.499066596281878 ], [ -92.96074859525163, 16.498773293652036 ], [ -92.961492243507223, 16.498479378761839 ], [ -92.962236876413456, 16.498309724940555 ], [ -92.962751656658497, 16.498099869506671 ], [ -92.963383501246412, 16.498179350096535 ], [ -92.964187817555398, 16.49829933228677 ], [ -92.96464752145917, 16.49837972678942 ], [ -92.965337737278659, 16.498583159123605 ], [ -92.966028614087904, 16.498869431649407 ], [ -92.966835904389455, 16.499362194764807 ], [ -92.967138309298733, 16.499505558894217 ], [ -92.967440714654103, 16.49964892258523 ], [ -92.968045526703222, 16.49993564865165 ], [ -92.968946894242436, 16.500507826571173 ], [ -92.969372066838972, 16.500777718801924 ], [ -92.970401857267262, 16.501323731783664 ], [ -92.971448347438582, 16.501747066863633 ], [ -92.971902405851623, 16.501931316318515 ], [ -92.972490903992309, 16.502170117219393 ], [ -92.972740964116923, 16.502271585989856 ], [ -92.972998850871775, 16.502228777362163 ], [ -92.973170830528858, 16.502207139374978 ], [ -92.973342810147315, 16.502185503506958 ], [ -92.973686769270145, 16.502142231346209 ], [ -92.973971689180203, 16.501892161178844 ], [ -92.974370045343832, 16.501475788337153 ], [ -92.974480829065314, 16.500978118428726 ], [ -92.974537879359062, 16.500936386285805 ], [ -92.974822464764145, 16.500644893708568 ], [ -92.974935569015045, 16.500437169887299 ], [ -92.975105722495641, 16.50018771586068 ], [ -92.975219157906906, 16.500021413095713 ], [ -92.975387320073764, 16.499523431503956 ], [ -92.975726296498735, 16.498858837631541 ], [ -92.976065934419623, 16.498277085614863 ], [ -92.976119995836839, 16.49786256415522 ], [ -92.976286826017457, 16.497198896815537 ], [ -92.976454983005524, 16.49670091422389 ], [ -92.976565094708704, 16.496120400534693 ], [ -92.976732254330955, 16.4954981517714 ], [ -92.976842697004912, 16.494959056915523 ], [ -92.976953471155284, 16.494461383211878 ], [ -92.977176345727031, 16.493631722645969 ], [ -92.977229075254428, 16.493051515859648 ], [ -92.97733984752989, 16.492553839611727 ], [ -92.977338518852449, 16.4923881546259 ], [ -92.977506336776173, 16.491848749702228 ], [ -92.977786916558188, 16.491060199829239 ], [ -92.978126535412073, 16.490478441982049 ], [ -92.978238300789371, 16.490105031142669 ], [ -92.97835006573726, 16.489731620229751 ], [ -92.978514701996048, 16.489296570704347 ], [ -92.978574259198936, 16.489067640700252 ], [ -92.978627979992822, 16.488611699193168 ], [ -92.979192778660362, 16.48749022311388 ], [ -92.979532718987016, 16.486949886064856 ], [ -92.979757569785676, 16.486368749606733 ], [ -92.98004013042862, 16.485828719885653 ], [ -92.980609572569591, 16.485287139717638 ], [ -92.981120969013233, 16.484663026017188 ], [ -92.981576651073055, 16.484246328112192 ], [ -92.982261836524629, 16.483828385731847 ], [ -92.982546050260879, 16.483495462988763 ], [ -92.98288861668928, 16.483286504279448 ], [ -92.983632532107151, 16.483033915458535 ], [ -92.984318376167309, 16.482698808842812 ], [ -92.984888131030814, 16.482198638129319 ], [ -92.985459552370415, 16.48190557222647 ], [ -92.985916554614306, 16.481654549863137 ], [ -92.986489309207499, 16.481527166245005 ], [ -92.987234189892121, 16.48139884434439 ], [ -92.987749567300554, 16.481271769527101 ], [ -92.988380364110569, 16.481226910871172 ], [ -92.988839368589254, 16.481224409763584 ], [ -92.989355413906907, 16.48118017354026 ], [ -92.990156327380873, 16.480885843283211 ], [ -92.990557285654589, 16.48080080891328 ], [ -92.990788127426597, 16.480965241191996 ], [ -92.991076680189536, 16.481170781178974 ], [ -92.99170848153544, 16.481250176308343 ], [ -92.99234095408174, 16.481412412068618 ], [ -92.992916387534777, 16.481616383231437 ], [ -92.993222302171787, 16.481262125104042 ], [ -92.994196141938104, 16.48002785482862 ], [ -92.995654683370418, 16.480179444859097 ], [ -92.994337934769788, 16.481171467682525 ], [ -92.994782249086612, 16.481888141513679 ], [ -92.996917718204131, 16.481401877306727 ], [ -92.998591468345182, 16.4813609804546 ], [ -92.999318448466667, 16.481369905037859 ], [ -92.999418194324406, 16.482159359900816 ], [ -92.998723133699258, 16.482174056830832 ], [ -92.994979830889477, 16.482286224090938 ], [ -92.99514706456732, 16.484234959669763 ], [ -92.993397540274358, 16.484347673194844 ], [ -92.993169040954186, 16.484473192637889 ], [ -92.992936515648125, 16.484101656752408 ], [ -92.992819079979029, 16.483770916330727 ], [ -92.992474486062022, 16.483731375510946 ], [ -92.992018157940819, 16.484065254663602 ], [ -92.991850386918969, 16.484604671665405 ], [ -92.991909775004871, 16.484852885670492 ], [ -92.992029222195384, 16.485432156120076 ], [ -92.992147999477666, 16.485928583967116 ], [ -92.992381196176538, 16.486382963162896 ], [ -92.99255601056511, 16.486713392064573 ], [ -92.992674790195196, 16.487209821796704 ], [ -92.992737198827655, 16.487830824456054 ], [ -92.993143203121747, 16.488367103826064 ], [ -92.993319699070483, 16.488904640278776 ], [ -92.993496194641367, 16.489442172439343 ], [ -92.993729399344375, 16.489896552053818 ], [ -92.993847176591004, 16.490268715065678 ], [ -92.993965289443963, 16.490682297090295 ], [ -92.992456227002279, 16.492212579774101 ], [ -92.991948542017155, 16.493763443668804 ], [ -92.993020163376656, 16.494634153127141 ], [ -92.994915009198039, 16.494560251320813 ], [ -92.996400059785586, 16.493734261075495 ], [ -92.9971426259564, 16.493315955565375 ], [ -92.997599976414463, 16.493106329180456 ], [ -92.997828146481439, 16.492939383789277 ], [ -92.998399579885131, 16.4926462828567 ], [ -92.998854906941403, 16.492188126415833 ], [ -92.999139106357319, 16.491855179257762 ], [ -92.999424315398102, 16.49164649535583 ], [ -92.99970952382759, 16.491437811060969 ], [ -92.999815997659368, 16.489860162157406 ], [ -92.998275763517185, 16.490012185913418 ], [ -92.998302788300549, 16.489386541021414 ], [ -92.998735102815857, 16.488369870692935 ], [ -92.999113373943601, 16.487561747565934 ], [ -92.999733829439577, 16.487397126110409 ], [ -93.000194133314935, 16.487274995281364 ], [ -93.001166813700564, 16.486962169484581 ], [ -93.002366491561745, 16.48653525236147 ], [ -93.002820782265744, 16.48595282331841 ], [ -93.003334135442159, 16.48557718276858 ], [ -93.004368945582897, 16.485820007477297 ], [ -93.005058820442528, 16.485981887770226 ], [ -93.006093973154975, 16.486266125167891 ], [ -93.006668081708469, 16.48630437129637 ], [ -93.00741567582071, 16.48650734744022 ], [ -93.00782205640931, 16.487085019618018 ], [ -93.008115378094814, 16.487870433066995 ], [ -93.008268691409597, 16.488650702433681 ], [ -93.008414800053089, 16.489401427876285 ], [ -93.008821189646099, 16.489979097949597 ], [ -93.009686268798177, 16.490512799165344 ], [ -93.010032912203144, 16.490800836807558 ], [ -93.010956055461463, 16.491417056608626 ], [ -93.011993282890955, 16.491949791838628 ], [ -93.012571485302075, 16.492485076064675 ], [ -93.013608722836068, 16.493017803223925 ], [ -93.014587226516909, 16.493385160240752 ], [ -93.015910689866033, 16.493833434563999 ], [ -93.017117016147211, 16.493992393192745 ], [ -93.017418342500847, 16.494001065879477 ], [ -93.0177196688809, 16.494009738132089 ], [ -93.018322321720134, 16.494027081335052 ], [ -93.018694093648065, 16.493880021781042 ], [ -93.019065865013843, 16.493732961564863 ], [ -93.020154363238788, 16.493519754048442 ], [ -93.020838815662813, 16.493018843369899 ], [ -93.021583034458729, 16.492807556983671 ], [ -93.022376770248144, 16.491643259021853 ], [ -93.022947137249844, 16.49122582749126 ], [ -93.02300417381548, 16.49118408425192 ], [ -93.023400009452303, 16.490477669346152 ], [ -93.023798236543968, 16.490061201917335 ], [ -93.024082732296392, 16.489769642021216 ], [ -93.0247640811765, 16.488895927694006 ], [ -93.025500404611492, 16.487731940034365 ], [ -93.026521206256106, 16.48627638636961 ], [ -93.026861355853299, 16.485777393604003 ], [ -93.027946714762408, 16.485191354717021 ], [ -93.028517393972152, 16.484815328982133 ], [ -93.029086355180169, 16.484232195714728 ], [ -93.02976972207972, 16.483606991867251 ], [ -93.03010951532471, 16.483066572518553 ], [ -93.030677436181819, 16.482359171248529 ], [ -93.028951684839129, 16.479937983759797 ], [ -93.027225976403358, 16.477516781415808 ], [ -93.026482806765671, 16.476474076910542 ], [ -93.025710665927591, 16.475390709609737 ], [ -93.02394350793692, 16.472911207514692 ], [ -93.031607094333282, 16.469926967464296 ], [ -93.032171877514244, 16.468846770088941 ], [ -93.032628101184187, 16.468512803019106 ], [ -93.032738717846186, 16.468015098597089 ], [ -93.032735622750053, 16.467642307334696 ], [ -93.033191842638772, 16.467308339005353 ], [ -93.033590689680082, 16.466974694642854 ], [ -93.033988158706038, 16.466475364497249 ], [ -93.034560148642655, 16.466265006755471 ], [ -93.03530356149146, 16.465970828726846 ], [ -93.036217706247982, 16.465509986076253 ], [ -93.036899950395195, 16.464760494234625 ], [ -93.037644388771454, 16.464590571642557 ], [ -93.038332145482983, 16.464503815176602 ], [ -93.041235981978616, 16.463521046344844 ], [ -93.049928544078497, 16.463935700094567 ] ] ] ] } },
{ "type": "Feature", "properties": { "ID": 111, "ENTIDAD": 7, "MUNICIPIO": 27, "NOMBRE": "CHIAPA DE CORZO", "CONTROL": 179, "GEOMETRY1_": null, "ID_2": 1158, "ENTIDAD_2": 7, "DISTRITO_F": 6, "DISTRITO_L": 3, "MUNICIPIO_2": 87, "SECCION": 1241, "TIPO": 3, "CONTROL_2": 256, "GEOMETRY1__2": null }, "geometry": { "type": "MultiPolygon", "coordinates": [ [ [ [ -93.061075902653329, 16.589183453404384 ], [ -93.061313216533875, 16.590551051097023 ], [ -93.061075902653315, 16.589183453404384 ], [ -93.061066616735062, 16.587690076470256 ], [ -93.061075902653329, 16.589183453404384 ] ] ], [ [ [ -93.060647955930037, 16.593956622878402 ], [ -93.060500965253723, 16.594377903603537 ], [ -93.060647955930023, 16.593956622878402 ], [ -93.061272527537554, 16.593206275287436 ], [ -93.060647955930037, 16.593956622878402 ] ] ], [ [ [ -93.054414800665484, 16.603534125985068 ], [ -93.053272765747394, 16.603872601807634 ], [ -93.054414800665455, 16.603534125985068 ], [ -93.05509637467047, 16.602741983912324 ], [ -93.054414800665484, 16.603534125985068 ] ] ], [ [ [ -93.045046765342121, 16.605421489093654 ], [ -93.043821458385537, 16.608604513801652 ], [ -93.045046765342121, 16.605421489093562 ], [ -93.045828809588244, 16.602712446546892 ], [ -93.045046765342121, 16.605421489093654 ] ] ], [ [ [ -93.050765413033204, 16.624006857614603 ], [ -93.052158180935677, 16.627193092620864 ], [ -93.050765413033204, 16.624006857614699 ], [ -93.050157034351685, 16.622765843515101 ], [ -93.050765413033204, 16.624006857614603 ] ] ], [ [ [ -93.055172707694496, 16.63356420691094 ], [ -93.057330912075486, 16.638704230280215 ], [ -93.055172707694496, 16.633564206911029 ], [ -93.053548943634524, 16.630047456859121 ], [ -93.055172707694496, 16.63356420691094 ] ] ], [ [ [ -93.060124494067921, 16.638596537427325 ], [ -93.062236269420524, 16.637754574553021 ], [ -93.060124494067921, 16.638596537427325 ], [ -93.058237183302694, 16.638731948610676 ], [ -93.060124494067921, 16.638596537427325 ] ] ], [ [ [ -93.075542242518779, 16.638556114149562 ], [ -93.075516266058187, 16.638672456019883 ], [ -93.075542242518779, 16.63855611414947 ], [ -93.075794502732478, 16.637426298223538 ], [ -93.075542242518779, 16.638556114149562 ] ] ], [ [ [ -93.073426699354201, 16.643040562521218 ], [ -93.072104482918263, 16.642052711251328 ], [ -93.073426699354201, 16.643040562521129 ], [ -93.073940599282892, 16.642871606604679 ], [ -93.073426699354201, 16.643040562521218 ] ] ], [ [ [ -93.069700126829176, 16.641859388602978 ], [ -93.071071999547058, 16.641643928495466 ], [ -93.071071999547058, 16.641643928495469 ], [ -93.069700126829176, 16.641859388602978 ] ] ], [ [ [ -93.064554088396648, 16.642428759101328 ], [ -93.064679132040425, 16.644128872743824 ], [ -93.065719387126251, 16.645782160903227 ], [ -93.067735726605363, 16.647969029355224 ], [ -93.065719387126251, 16.64578216090332 ], [ -93.064679132040396, 16.644128872743824 ], [ -93.064554088396633, 16.642428759101328 ], [ -93.064947867590732, 16.641347878439078 ], [ -93.064554088396648, 16.642428759101328 ] ] ], [ [ [ -93.067702123309701, 16.651744265410116 ], [ -93.067764013110647, 16.652490614446261 ], [ -93.067710686964787, 16.653113185379077 ], [ -93.068401987810461, 16.653855852564668 ], [ -93.067710686964773, 16.653113185379077 ], [ -93.067764013110647, 16.652490614446261 ], [ -93.067702123309672, 16.651744265410116 ], [ -93.067010054701811, 16.650877148410903 ], [ -93.067702123309701, 16.651744265410116 ] ] ], [ [ [ -93.068351000198788, 16.654851765290466 ], [ -93.068126016464277, 16.655475340449033 ], [ -93.06835100019876, 16.654851765290466 ], [ -93.068401987810461, 16.653855852564668 ], [ -93.068351000198788, 16.654851765290466 ] ] ], [ [ [ -93.064543175432476, 16.660295480976931 ], [ -93.064152985926171, 16.660684032919285 ], [ -93.062959096142436, 16.661935507495709 ], [ -93.061993820266935, 16.663144160703418 ], [ -93.062959096142436, 16.66193550749562 ], [ -93.064152985926157, 16.660684032919285 ], [ -93.064543175432462, 16.660295480976931 ], [ -93.064580765933044, 16.660258048115757 ], [ -93.064543175432476, 16.660295480976931 ] ] ], [ [ [ -93.061801864238021, 16.663408241307351 ], [ -93.061483212215691, 16.663852358007386 ], [ -93.060626170298576, 16.664064761566184 ], [ -93.061483212215663, 16.663852358007386 ], [ -93.061801864238006, 16.663408241307351 ], [ -93.061993820266935, 16.663144160703418 ], [ -93.061801864238021, 16.663408241307351 ] ] ] ] } },
{ "type": "Feature", "properties": { "ID": 111, "ENTIDAD": 7, "MUNICIPIO": 27, "NOMBRE": "CHIAPA DE CORZO", "CONTROL": 179, "GEOMETRY1_": null, "ID_2": 1632, "ENTIDAD_2": 7, "DISTRITO_F": 6, "DISTRITO_L": 13, "MUNICIPIO_2": 102, "SECCION": 1742, "TIPO": 3, "CONTROL_2": 1910, "GEOMETRY1__2": null }, "geometry": { "type": "MultiPolygon", "coordinates": [ [ [ [ -93.062326436900605, 16.670609323064028 ], [ -93.061011572282311, 16.670824392721219 ], [ -93.060441652083071, 16.671201060884705 ], [ -93.059527867511363, 16.67149675719001 ], [ -93.055019209012187, 16.67347263554516 ], [ -93.054104892019666, 16.673685343201463 ], [ -93.052446646218925, 16.673902343433952 ], [ -93.05090105553883, 16.673828293886864 ], [ -93.050444789561453, 16.67407982743314 ], [ -93.049188646369132, 16.674543386455102 ], [ -93.048101875579192, 16.674632608966128 ], [ -93.046612995946063, 16.674475233485524 ], [ -93.045410754611609, 16.674399169937111 ], [ -93.044209786654434, 16.674530511306951 ], [ -93.043009325502481, 16.674744810478263 ], [ -93.042094480982072, 16.674874500394314 ], [ -93.041177350689267, 16.674630844822655 ], [ -93.040087785969462, 16.674263719068069 ], [ -93.039228139728451, 16.674061210229635 ], [ -93.037852203253678, 16.673654223866141 ], [ -93.036707448338788, 16.673619265800095 ], [ -93.035509005319852, 16.674165380692948 ], [ -93.035195529132238, 16.674374583932668 ], [ -93.034882052262645, 16.674583786695134 ], [ -93.034198375634034, 16.675085480950074 ], [ -93.033403270018525, 16.676085611222319 ], [ -93.034198375634034, 16.675085480213692 ], [ -93.034882052262645, 16.674583785958749 ], [ -93.035195529132196, 16.674374583196283 ], [ -93.035509005319852, 16.674165379956474 ], [ -93.036707448338731, 16.673619265063621 ], [ -93.037852203253664, 16.67365422312967 ], [ -93.039228139728408, 16.674061209493157 ], [ -93.040087785969419, 16.674263718331591 ], [ -93.041177350689225, 16.67463084408627 ], [ -93.042094480982016, 16.674874499658021 ], [ -93.043009325502453, 16.674744809741966 ], [ -93.044209786654349, 16.674530510570566 ], [ -93.04541075461151, 16.67439916920064 ], [ -93.046612995945964, 16.674475232749145 ], [ -93.048101875579121, 16.674632608229739 ], [ -93.049188646369046, 16.674543385718721 ], [ -93.050444789561368, 16.674079826696573 ], [ -93.050901055538759, 16.673828293150482 ], [ -93.052446646218826, 16.673902342697474 ], [ -93.054104892019538, 16.673685342464985 ], [ -93.055019209012087, 16.673472634808686 ], [ -93.059527867511235, 16.671496756453266 ], [ -93.060441652082943, 16.671201060147961 ], [ -93.061011572282183, 16.670824391984386 ], [ -93.062326435444646, 16.670609322565415 ], [ -93.062326436900605, 16.670609323064028 ] ] ], [ [ [ -93.036150158112548, 16.694862142574287 ], [ -93.036042267243587, 16.695941333824244 ], [ -93.036042267184584, 16.695941333680146 ], [ -93.036150158060295, 16.694862142362197 ], [ -93.036150158112548, 16.694862142574287 ] ] ], [ [ [ -93.042160664064454, 16.704369086598401 ], [ -93.042106479003436, 16.704867200654594 ], [ -93.042106478931132, 16.704867200585536 ], [ -93.042160664060205, 16.704369085903515 ], [ -93.042160664064454, 16.704369086598401 ] ] ], [ [ [ -93.042451918537225, 16.70519709369346 ], [ -93.042283772944444, 16.705778828233576 ], [ -93.041715998606065, 16.706528784252267 ], [ -93.041663589771005, 16.70731727388571 ], [ -93.041663589728557, 16.707317273790597 ], [ -93.041715998606008, 16.70652878351914 ], [ -93.042283772944387, 16.70577882750036 ], [ -93.042451918371043, 16.705197093534778 ], [ -93.042451918537225, 16.70519709369346 ] ] ], [ [ [ -93.044746201372618, 16.715305967999814 ], [ -93.043894256040176, 16.716389428384705 ], [ -93.042585158674527, 16.717599953983978 ], [ -93.042476020519672, 16.718471735110551 ], [ -93.042476020442137, 16.718471734997557 ], [ -93.042585158674456, 16.717599953252023 ], [ -93.043894256040133, 16.716389427652565 ], [ -93.044746201368156, 16.715305967273085 ], [ -93.044746201372618, 16.715305967999814 ] ] ], [ [ [ -93.044035457477349, 16.720744403483625 ], [ -93.043528447241883, 16.722074786014979 ], [ -93.042554104512632, 16.721872948336507 ], [ -93.041806434853086, 16.721296456437418 ], [ -93.040774350980726, 16.721011973434702 ], [ -93.040200183049663, 16.720724869354559 ], [ -93.039510017421705, 16.720189524201395 ], [ -93.038933066062356, 16.719446112300776 ], [ -93.038359158872751, 16.719200485255811 ], [ -93.037728774077451, 16.719079629617262 ], [ -93.036472053265186, 16.719501627971116 ], [ -93.035783671678672, 16.719256645775719 ], [ -93.03473980875296, 16.71887888370998 ], [ -93.03578367167863, 16.71925664504386 ], [ -93.036472053265157, 16.719501627239346 ], [ -93.037728774077408, 16.719079628885307 ], [ -93.038359158872709, 16.719200484523952 ], [ -93.038933066062313, 16.719446111569006 ], [ -93.039510017421662, 16.720189523469621 ], [ -93.04020018304962, 16.720724868622781 ], [ -93.040774350980683, 16.721011972703025 ], [ -93.041806434853029, 16.721296455705822 ], [ -93.042554104512575, 16.721872947604925 ], [ -93.043528447241826, 16.722074785283482 ], [ -93.044035457298023, 16.720744403222273 ], [ -93.044035457477349, 16.720744403483625 ] ] ], [ [ [ -93.034401107358065, 16.717812583420844 ], [ -93.034231883075407, 16.717691438021919 ], [ -93.034401107358065, 16.717812583420756 ], [ -93.03473980875296, 16.71887888370998 ], [ -93.034401107358065, 16.717812583420844 ] ] ], [ [ [ -93.03372381340715, 16.719260522750069 ], [ -93.03362786522105, 16.720758239745965 ], [ -93.03372381340715, 16.719260522750069 ], [ -93.034231883075407, 16.717691438021919 ], [ -93.03372381340715, 16.719260522750069 ] ] ], [ [ [ -93.033552735117354, 16.721160108726032 ], [ -93.033529401408742, 16.721392864671301 ], [ -93.03355273511734, 16.721160108726032 ], [ -93.033589266868958, 16.72096470154688 ], [ -93.033552735117354, 16.721160108726032 ] ] ], [ [ [ -93.035937628000013, 16.725735856366491 ], [ -93.036158062777787, 16.725809264816895 ], [ -93.036432058745845, 16.725886634428214 ], [ -93.036158062777787, 16.725809264816984 ], [ -93.035937628000013, 16.725735856366583 ], [ -93.035772815456099, 16.725672363315496 ], [ -93.035937628000013, 16.725735856366491 ] ] ], [ [ [ -93.040248317618577, 16.728646874112027 ], [ -93.040385005071528, 16.728944728019474 ], [ -93.040248317618577, 16.728646874112115 ], [ -93.03987680158869, 16.727837303021523 ], [ -93.040248317618577, 16.728646874112027 ] ] ], [ [ [ -93.040680570756805, 16.729520469524488 ], [ -93.040862476028295, 16.729743002991324 ], [ -93.040680570756791, 16.72952046952458 ], [ -93.040579253374858, 16.729368010284308 ], [ -93.040680570756805, 16.729520469524488 ] ] ], [ [ [ -93.043133109221785, 16.730450805933209 ], [ -93.043581732122405, 16.730420272998106 ], [ -93.043936206064615, 16.730396147074046 ], [ -93.043581732122377, 16.730420272998199 ], [ -93.043133109221799, 16.730450805933302 ], [ -93.042125552143048, 16.730329571406063 ], [ -93.043133109221785, 16.730450805933209 ] ] ] ] } },
{ "type": "Feature", "properties": { "ID": 111, "ENTIDAD": 7, "MUNICIPIO": 27, "NOMBRE": "CHIAPA DE CORZO", "CONTROL": 179, "GEOMETRY1_": null, "ID_2": 1694, "ENTIDAD_2": 7, "DISTRITO_F": 6, "DISTRITO_L": 21, "MUNICIPIO_2": 106, "SECCION": 1808, "TIPO": 4, "CONTROL_2": 307, "GEOMETRY1__2": null }, "geometry": { "type": "MultiPolygon", "coordinates": [ [ [ [ -92.805479508010478, 16.363425347847091 ], [ -92.805357433399138, 16.362390329317513 ], [ -92.805479508010478, 16.363425347847002 ], [ -92.805494886026409, 16.365579281675032 ], [ -92.805479508010478, 16.363425347847091 ] ] ], [ [ [ -92.812436768417555, 16.358049755565688 ], [ -92.812602841911072, 16.357220524872915 ], [ -92.812436768417555, 16.358049755565776 ], [ -92.811585587728587, 16.359296379207706 ], [ -92.812436768417555, 16.358049755565688 ] ] ], [ [ [ -92.810675028401874, 16.352258634002812 ], [ -92.811242466563158, 16.351427553709833 ], [ -92.81175523624006, 16.350969532980148 ], [ -92.811242466563158, 16.351427553709925 ], [ -92.810675028401889, 16.352258634002812 ], [ -92.810562133815324, 16.352507693546286 ], [ -92.810675028401874, 16.352258634002812 ] ] ], [ [ [ -92.812841078461247, 16.350467441308414 ], [ -92.813775654625715, 16.350585767153444 ], [ -92.812841078461247, 16.350467441308506 ], [ -92.81175523624006, 16.350969532980148 ], [ -92.812841078461247, 16.350467441308414 ] ] ], [ [ [ -92.820807363215039, 16.349933413090433 ], [ -92.821374452907662, 16.349060882973198 ], [ -92.820807363215053, 16.349933413090433 ], [ -92.820296709185655, 16.350681409117339 ], [ -92.820807363215039, 16.349933413090433 ] ] ], [ [ [ -92.828817414864929, 16.347534830060919 ], [ -92.830425241517062, 16.347858661004867 ], [ -92.828817414864929, 16.347534830061015 ], [ -92.826921711156359, 16.347046643085026 ], [ -92.828817414864929, 16.347534830060919 ] ] ], [ [ [ -92.832064795267797, 16.344661349909035 ], [ -92.832129966240458, 16.34573804878092 ], [ -92.832129966240444, 16.34573804878093 ], [ -92.832064795267797, 16.344661349909035 ] ] ], [ [ [ -92.833482799717785, 16.342542076029591 ], [ -92.833668308594568, 16.342427286629125 ], [ -92.833482799717785, 16.342542076029684 ], [ -92.832629709561601, 16.343498835220654 ], [ -92.833482799717785, 16.342542076029591 ] ] ], [ [ [ -92.834766042409399, 16.341603993270716 ], [ -92.835262229024124, 16.341164906380961 ], [ -92.834766042409399, 16.341603993270809 ], [ -92.834224833930989, 16.342082917428993 ], [ -92.834766042409399, 16.341603993270716 ] ] ], [ [ [ -92.836908986307108, 16.340620410897071 ], [ -92.838795267993589, 16.339824428968051 ], [ -92.836908986307108, 16.340620410897159 ], [ -92.835357424685256, 16.341109258903053 ], [ -92.836908986307108, 16.340620410897071 ] ] ], [ [ [ -92.841857632125112, 16.335211888210328 ], [ -92.842571408264831, 16.334814968795495 ], [ -92.841857632125141, 16.335211888210328 ], [ -92.840887522659955, 16.335837852278512 ], [ -92.841857632125112, 16.335211888210328 ] ] ], [ [ [ -92.845753828802358, 16.334861927029589 ], [ -92.84593167076153, 16.335106373546374 ], [ -92.84575382880233, 16.334861927029589 ], [ -92.844603526728918, 16.334370337734008 ], [ -92.845753828802358, 16.334861927029589 ] ] ], [ [ [ -92.847774183275135, 16.336716318721152 ], [ -92.84823041116428, 16.336382747687423 ], [ -92.848230411185099, 16.336382748441377 ], [ -92.847774183274424, 16.336716319490822 ], [ -92.846564847888089, 16.335976570661732 ], [ -92.847774183275135, 16.336716318721152 ] ] ] ] } },
{ "type": "Feature", "properties": { "ID": 111, "ENTIDAD": 7, "MUNICIPIO": 27, "NOMBRE": "CHIAPA DE CORZO", "CONTROL": 179, "GEOMETRY1_": null, "ID_2": 1987, "ENTIDAD_2": 7, "DISTRITO_F": 6, "DISTRITO_L": 3, "MUNICIPIO_2": 27, "SECCION": 2104, "TIPO": 2, "CONTROL_2": 2745, "GEOMETRY1__2": null }, "geometry": { "type": "MultiPolygon", "coordinates": [ [ [ [ -93.037881199999589, 16.752603490645647 ], [ -93.038461214999586, 16.753746644645684 ], [ -93.038941753999538, 16.754671489918142 ], [ -93.039548414999516, 16.755952643918494 ], [ -93.040141461999525, 16.756785366918752 ], [ -93.040832261999554, 16.75748261291891 ], [ -93.041523091999508, 16.758001474919098 ], [ -93.042298107999486, 16.758568951919308 ], [ -93.043070722999502, 16.75897848991935 ], [ -93.043861353999759, 16.759046137314133 ], [ -93.044351112063396, 16.759152464556397 ], [ -93.044319228225447, 16.759197293807272 ], [ -93.044082768511998, 16.759529759613194 ], [ -93.043964538347552, 16.75969599241116 ], [ -93.043846307978001, 16.759862225139152 ], [ -93.043609846623482, 16.760194690385237 ], [ -93.042645726733397, 16.759699907961636 ], [ -93.042163668654212, 16.759452515046522 ], [ -93.04168161181893, 16.759205120995919 ], [ -93.041663148648539, 16.760117773154835 ], [ -93.041473682327762, 16.760985813708139 ], [ -93.041402133510559, 16.761690002312839 ], [ -93.040810017130383, 16.762633712665441 ], [ -93.039694804222833, 16.763941392732267 ], [ -93.038413609812125, 16.764955547660175 ], [ -93.037696822769902, 16.766394971973501 ], [ -93.036978344393731, 16.767917361893758 ], [ -93.036757266469792, 16.768930070130661 ], [ -93.036536186216352, 16.769942778035446 ], [ -93.035060718914494, 16.770516608893065 ], [ -93.034803391491707, 16.770616685862716 ], [ -93.033525490660807, 16.771464873426403 ], [ -93.031612404754853, 16.772550461372649 ], [ -93.029930960514847, 16.773515762020835 ], [ -93.028878789158085, 16.774534039504704 ], [ -93.027588200588525, 16.776004451191017 ], [ -93.025808146871697, 16.776179427966582 ], [ -93.024547872294278, 16.77615639420554 ], [ -93.022997798678034, 16.776294051177107 ], [ -93.022317967384978, 16.775908122427634 ], [ -93.021989440917991, 16.775155122495516 ], [ -93.02149496873993, 16.774108589618677 ], [ -93.020592761329738, 16.773386590438925 ], [ -93.01961133078656, 16.773742124091413 ], [ -93.018230593475053, 16.774007342911879 ], [ -93.01707392295873, 16.774525653798388 ], [ -93.015982134795294, 16.774671651443885 ], [ -93.015250108946873, 16.774035745536754 ], [ -93.014161703211514, 16.774015797415775 ], [ -93.013430531335302, 16.773338400967589 ], [ -93.012397722764547, 16.773402461830475 ], [ -93.011748142454309, 16.774345037332051 ], [ -93.011323465840832, 16.775499234245835 ], [ -93.010229975472484, 16.775728169430348 ], [ -93.009730488802958, 16.774930512387165 ], [ -93.009037147153762, 16.775208283857886 ], [ -93.008635306852213, 16.775242407133359 ], [ -93.007636910927445, 16.776427563678752 ], [ -93.006543410828584, 16.77665647928465 ], [ -93.005586504127947, 16.775808910408742 ], [ -93.004378434988467, 16.776035709636719 ], [ -93.003838637134422, 16.774407305841518 ], [ -93.002860561008703, 16.774596823774857 ], [ -93.001518422853607, 16.775775631313234 ], [ -93.001498070568829, 16.776771246544318 ], [ -93.000738943117199, 16.777462776107281 ], [ -92.999930159768383, 16.777779893233689 ], [ -92.999168477054866, 16.778595868800252 ], [ -92.998217106194375, 16.780279840861869 ], [ -92.997789788204543, 16.781558461037889 ], [ -92.995715578132518, 16.782101259925412 ], [ -92.994215075738921, 16.78261311074985 ], [ -92.992254568283826, 16.783199469798628 ], [ -92.990181175210793, 16.783700728962618 ], [ -92.988395910144462, 16.78412428574023 ], [ -92.985395736223623, 16.785205658750417 ], [ -92.985277590633615, 16.784584052186794 ], [ -92.98515944581041, 16.783962445518462 ], [ -92.985437752328735, 16.782591979616793 ], [ -92.98531912438412, 16.781887408864115 ], [ -92.985484848138, 16.780849422527034 ], [ -92.985538717886357, 16.780268362167654 ], [ -92.985760727710939, 16.779064135381038 ], [ -92.985814596113499, 16.77848307484766 ], [ -92.986093132003447, 16.777154089368217 ], [ -92.98603321323705, 16.77669809888836 ], [ -92.985510409362178, 16.775414962963694 ], [ -92.985106960010413, 16.77496084319813 ], [ -92.984584650580473, 16.773760668839902 ], [ -92.98497963206934, 16.77276291748835 ], [ -92.985375819005526, 16.771972575623295 ], [ -92.985774664667744, 16.771638535705023 ], [ -92.98708594382731, 16.770677268692538 ], [ -92.987427529769164, 16.770343537851566 ], [ -92.987529184060435, 16.770172987111284 ], [ -92.98782442890608, 16.769677637310629 ], [ -92.988163586612458, 16.76892908444292 ], [ -92.989017779427968, 16.768136233723531 ], [ -92.989416125161881, 16.76771922246229 ], [ -92.989294335881141, 16.766475385869256 ], [ -92.988665282117083, 16.766603273551063 ], [ -92.987971942878275, 16.765528491312562 ], [ -92.987971942878247, 16.765528491312566 ], [ -92.987971942878247, 16.765528491312562 ], [ -93.003917282912454, 16.745483650948913 ], [ -93.008142731496491, 16.740405208152026 ], [ -93.008193002233696, 16.740431923950041 ], [ -93.00877894631823, 16.740876553078646 ], [ -93.008715090640763, 16.740926364994426 ], [ -93.008849790139038, 16.741061366035403 ], [ -93.009200288046529, 16.741412647267275 ], [ -93.009183353386476, 16.741522361861932 ], [ -93.009338464361505, 16.741671802323655 ], [ -93.009305237936758, 16.741879962727229 ], [ -93.009435712132216, 16.741999136615043 ], [ -93.009480391857807, 16.742015808746562 ], [ -93.009558647098231, 16.742081368706998 ], [ -93.009569431858367, 16.742121265467425 ], [ -93.009731793673126, 16.742269565427108 ], [ -93.009831505769128, 16.742312259962212 ], [ -93.009960772512756, 16.742422429642939 ], [ -93.009999775170684, 16.74245567863715 ], [ -93.010066140307501, 16.742512239288818 ], [ -93.010116792802563, 16.742563441856007 ], [ -93.010167445324711, 16.742614644410587 ], [ -93.010391017903373, 16.742840644270448 ], [ -93.010929911591433, 16.743134831253172 ], [ -93.01164656154846, 16.743404685330663 ], [ -93.010821181863506, 16.744850207646124 ], [ -93.010739576607151, 16.744916521226134 ], [ -93.010591680649853, 16.745012293209786 ], [ -93.010767549775849, 16.74510337148892 ], [ -93.010849304142369, 16.745197944805874 ], [ -93.01077477937497, 16.745291862914407 ], [ -93.010830048182484, 16.745361441972992 ], [ -93.010937352493173, 16.745422564281423 ], [ -93.011037368512689, 16.745433723940074 ], [ -93.011223960010952, 16.74556737638979 ], [ -93.011119389506931, 16.745734853070388 ], [ -93.011101477149325, 16.745767548991076 ], [ -93.011137841490907, 16.745785606705883 ], [ -93.010780688552529, 16.746458880254714 ], [ -93.01075168324752, 16.746503999047395 ], [ -93.010005329564379, 16.747826978840266 ], [ -93.009959256767061, 16.747884693313338 ], [ -93.009470901884981, 16.748870263780471 ], [ -93.009871507840955, 16.749313298511776 ], [ -93.009782028958114, 16.749767933751642 ], [ -93.010218703076006, 16.7499157297643 ], [ -93.01029915104526, 16.75031338078125 ], [ -93.010387822893165, 16.750618453675106 ], [ -93.01061376511953, 16.750647895075964 ], [ -93.011089839524587, 16.750566866234447 ], [ -93.011629175238141, 16.750670568061139 ], [ -93.011698437760828, 16.7507578414249 ], [ -93.012130781877488, 16.751034407894789 ], [ -93.012077122666952, 16.751555790441863 ], [ -93.01254022270065, 16.751692889421154 ], [ -93.013032599977066, 16.751765462388118 ], [ -93.013000133519483, 16.752107546166506 ], [ -93.013114609450952, 16.752195045388586 ], [ -93.013320291522973, 16.752449979413882 ], [ -93.014438024216972, 16.752642034162033 ], [ -93.015953539580011, 16.752854998480672 ], [ -93.017327608852824, 16.75311893290392 ], [ -93.017607269675167, 16.753320125394108 ], [ -93.017849792649969, 16.753559678746424 ], [ -93.018823109503685, 16.753622022111049 ], [ -93.019473332294865, 16.753832005277616 ], [ -93.019735903723927, 16.75367392486492 ], [ -93.019750199967106, 16.753306941078435 ], [ -93.019704474418674, 16.752942973053695 ], [ -93.019579851595523, 16.752768825199869 ], [ -93.019416676155942, 16.752375739922808 ], [ -93.019340484263608, 16.751815205886253 ], [ -93.019459039617075, 16.751444725370309 ], [ -93.019681989936771, 16.750896020826005 ], [ -93.019371093832277, 16.749844985353352 ], [ -93.019526984696299, 16.7491589234507 ], [ -93.019546000726976, 16.748278489696645 ], [ -93.019521238944435, 16.74731768658031 ], [ -93.019380624176918, 16.745914438278472 ], [ -93.019349418591688, 16.745350378522353 ], [ -93.019246036055762, 16.74378504921755 ], [ -93.019202008082303, 16.743283301164464 ], [ -93.019722071831538, 16.743314085046791 ], [ -93.02085760670218, 16.743433048169052 ], [ -93.021517861116251, 16.743297358212288 ], [ -93.022783440291775, 16.743107777515934 ], [ -93.022698814952548, 16.742541731169247 ], [ -93.022633236743502, 16.742306796993145 ], [ -93.022499748003554, 16.741640434899566 ], [ -93.022469894634071, 16.741327520932451 ], [ -93.022445310182846, 16.741161547715706 ], [ -93.022460167484226, 16.74108409131162 ], [ -93.023453535937534, 16.74088982993452 ], [ -93.023402115363709, 16.740526810370735 ], [ -93.023293885286336, 16.740527360974617 ], [ -93.023053246516341, 16.740487876017262 ], [ -93.022911077210225, 16.740443426240908 ], [ -93.022757260490692, 16.740371635018622 ], [ -93.022623097253003, 16.740286878424804 ], [ -93.022539117887092, 16.740211047756166 ], [ -93.022467916171351, 16.740119914619115 ], [ -93.022378326038421, 16.739987317245369 ], [ -93.022291780130999, 16.739796081880765 ], [ -93.022549456110255, 16.739730022281154 ], [ -93.023076854643335, 16.739616727458998 ], [ -93.023403611240454, 16.739539358401739 ], [ -93.023807770803188, 16.739509858496366 ], [ -93.024125932398874, 16.739511656586995 ], [ -93.024408600584621, 16.739581915033725 ], [ -93.024626666666578, 16.739609999300775 ], [ -93.024848333333267, 16.739644999300818 ], [ -93.02507, 16.739679999300748 ], [ -93.025295, 16.739716665967432 ], [ -93.02552, 16.739751665967457 ], [ -93.025746666666578, 16.739786665967468 ], [ -93.025973333333241, 16.739819999300739 ], [ -93.026196666666593, 16.739858332634093 ], [ -93.026418333333254, 16.7399033326341 ], [ -93.02663666666659, 16.739961665967549 ], [ -93.026855, 16.740028332634225 ], [ -93.027065, 16.740108332634161 ], [ -93.027264999999886, 16.740206665967531 ], [ -93.027455, 16.740319999300873 ], [ -93.02764, 16.740444999300905 ], [ -93.027816666666567, 16.74057999930092 ], [ -93.027986666666578, 16.740726665967522 ], [ -93.02815166666656, 16.740878332634264 ], [ -93.028316666666555, 16.741031665967622 ], [ -93.02848499999989, 16.741184999300991 ], [ -93.028653333333224, 16.741339999300919 ], [ -93.028831666666562, 16.741484999300997 ], [ -93.02902166666658, 16.741619999300976 ], [ -93.029218333333233, 16.741739999300925 ], [ -93.02942499999989, 16.74185166596769 ], [ -93.029633333333223, 16.741948332634383 ], [ -93.029851666666559, 16.742033332634382 ], [ -93.030068333333205, 16.742108332634416 ], [ -93.030291666666542, 16.742173332634344 ], [ -93.030509999999879, 16.742233332634395 ], [ -93.030731666666554, 16.742289999301036 ], [ -93.030946666666551, 16.742348332634418 ], [ -93.030978381559009, 16.742356806095525 ], [ -93.031008245512709, 16.742365143779573 ], [ -93.031055833316657, 16.742377499329958 ], [ -93.031164999999888, 16.742406665967721 ], [ -93.03137666666656, 16.742464999301077 ], [ -93.031589999999895, 16.742523332634402 ], [ -93.031799999999876, 16.74258499930102 ], [ -93.032008333333209, 16.742643332634405 ], [ -93.032214999999866, 16.742699999301049 ], [ -93.032421666666551, 16.742756665967736 ], [ -93.032631666666546, 16.74281333263448 ], [ -93.03284, 16.74286999930116 ], [ -93.033053333333214, 16.74291499930116 ], [ -93.03326999999986, 16.74295166596783 ], [ -93.033484999999857, 16.742968332634447 ], [ -93.033704999999884, 16.742963332634453 ], [ -93.033923333333234, 16.742934999301166 ], [ -93.033944583113893, 16.742930749355953 ], [ -93.03413999999988, 16.742891665967797 ], [ -93.034361666666541, 16.742839999301101 ], [ -93.034540210934139, 16.74279401064663 ], [ -93.034562391769555, 16.742788297391339 ], [ -93.035070580421248, 16.743919996242653 ], [ -93.035155507164717, 16.744109128983307 ], [ -93.035190722027053, 16.7441875527268 ], [ -93.036658137281265, 16.747455433611879 ], [ -93.037501891999582, 16.751591213645412 ], [ -93.037881199999589, 16.752603490645647 ] ] ] ] } },
{ "type": "Feature", "properties": { "ID": 111, "ENTIDAD": 7, "MUNICIPIO": 27, "NOMBRE": "CHIAPA DE CORZO", "CONTROL": 179, "GEOMETRY1_": null, "ID_2": 1988, "ENTIDAD_2": 7, "DISTRITO_F": 6, "DISTRITO_L": 3, "MUNICIPIO_2": 27, "SECCION": 2105, "TIPO": 4, "CONTROL_2": 2712, "GEOMETRY1__2": null }, "geometry": { "type": "MultiPolygon", "coordinates": [ [ [ [ -92.98344802152539, 16.765387206894744 ], [ -92.965579037670324, 16.764405030224033 ], [ -92.961213900069211, 16.761980822312726 ], [ -92.956801909458264, 16.758760293723522 ], [ -92.953523196807723, 16.757911624533069 ], [ -92.950259260877871, 16.75705851876592 ], [ -92.948035712882557, 16.756563559730573 ], [ -92.946655323591727, 16.757421629076205 ], [ -92.945026239870927, 16.756780706357485 ], [ -92.944894842711903, 16.756729010644751 ], [ -92.944894842711889, 16.756729010644751 ], [ -92.944894842711889, 16.756729010644751 ], [ -92.943411375711079, 16.756880629265954 ], [ -92.941232759255442, 16.758933188098641 ], [ -92.940183997799252, 16.758773169811771 ], [ -92.938058543629325, 16.757498286670174 ], [ -92.936163273436719, 16.756429599717212 ], [ -92.934780961509674, 16.754943393887192 ], [ -92.922971808215081, 16.752142136877932 ], [ -92.92205993709058, 16.752893526877546 ], [ -92.92205993709058, 16.752893526877639 ], [ -92.92205993709058, 16.752893526877639 ], [ -92.922076366209168, 16.75588024362489 ], [ -92.921793082981438, 16.756420983092184 ], [ -92.92168787894083, 16.75622535543566 ], [ -92.921503868561743, 16.755883185742206 ], [ -92.921094457252593, 16.754308921652729 ], [ -92.920167763263038, 16.752363961414822 ], [ -92.918557976579635, 16.751127714990808 ], [ -92.916947529480112, 16.749767009362088 ], [ -92.914825729893408, 16.74911411973828 ], [ -92.912298238574749, 16.747550641350667 ], [ -92.911780979501145, 16.747179925152793 ], [ -92.911780979501131, 16.747179925152793 ], [ -92.911380249338762, 16.747181964889069 ], [ -92.910859380979133, 16.746147531026601 ], [ -92.910220866504389, 16.74453292680294 ], [ -92.907231231618397, 16.74218355154926 ], [ -92.907231231618383, 16.74218355154926 ], [ -92.907231231618383, 16.74218355154926 ], [ -92.906773940836345, 16.742310319259328 ], [ -92.903619821913381, 16.741289193096183 ], [ -92.902183985332428, 16.74042529104479 ], [ -92.901954109435096, 16.740260517159012 ], [ -92.899547358853781, 16.739816325294431 ], [ -92.896619849276462, 16.738337635350369 ], [ -92.894612735086284, 16.737683963688301 ], [ -92.890018431455943, 16.73492752975006 ], [ -92.883421952780211, 16.732429840189035 ], [ -92.883137217876481, 16.730951356144146 ], [ -92.88295104738819, 16.729984654726351 ], [ -92.883677823505437, 16.726703868012741 ], [ -92.883155401900424, 16.725337505041672 ], [ -92.884063113618183, 16.723798121332319 ], [ -92.885089913956776, 16.723129293531169 ], [ -92.886161383296709, 16.720095684554703 ], [ -92.886324282522338, 16.71843553863458 ], [ -92.887806966368416, 16.71739107981124 ], [ -92.888649189809144, 16.714317112755548 ], [ -92.888243669273649, 16.713406496534752 ], [ -92.889831515031318, 16.712893621434141 ], [ -92.890640204897053, 16.71257693343577 ], [ -92.891090483552375, 16.71295896044532 ], [ -92.891711689340497, 16.713385722198549 ], [ -92.891884357598229, 16.713347490391417 ], [ -92.892231436595907, 16.713188058943807 ], [ -92.892972404167026, 16.713368082374462 ], [ -92.893767154766692, 16.713715121405034 ], [ -92.89463484899197, 16.713316533781992 ], [ -92.895385396653907, 16.713040227730254 ], [ -92.896188855202979, 16.712972420300151 ], [ -92.896929825740372, 16.713152429568186 ], [ -92.897600479284762, 16.713953609747715 ], [ -92.898050775093623, 16.71433562164453 ], [ -92.898908024488449, 16.714434820817239 ], [ -92.89963856625775, 16.715112625157545 ], [ -92.900657184232642, 16.715712867196661 ], [ -92.902238043820617, 16.71682172062409 ], [ -92.903192460142847, 16.717752738972113 ], [ -92.904216315989444, 16.718104061013879 ], [ -92.905284414534705, 16.719078714444688 ], [ -92.906755134386799, 16.719977954021768 ], [ -92.908912215919869, 16.720931618825357 ], [ -92.910959119140529, 16.721675684998896 ], [ -92.912717962094277, 16.722497307759326 ], [ -92.914481945957903, 16.720331005454742 ], [ -92.915435485460293, 16.718564443150388 ], [ -92.917066683109965, 16.717267122783724 ], [ -92.918740409572351, 16.716676090862666 ], [ -92.920543368139221, 16.715381972094018 ], [ -92.921598383965616, 16.714239789852453 ], [ -92.922660305378301, 16.712765731156797 ], [ -92.922748701907864, 16.71127338740844 ], [ -92.922662708490037, 16.709902268863011 ], [ -92.924150728932048, 16.709971708074992 ], [ -92.926152406227601, 16.710133775007165 ], [ -92.928947162374101, 16.710725694522647 ], [ -92.930012608676208, 16.710455167383387 ], [ -92.931078051997275, 16.710184634735942 ], [ -92.932742185697123, 16.710049811730233 ], [ -92.934519122487444, 16.710000087474512 ], [ -92.936861813974659, 16.710292935062853 ], [ -92.938308944036493, 16.709573005975638 ], [ -92.938158684667357, 16.708532693812984 ], [ -92.939553698875301, 16.707562780942318 ], [ -92.940937508792459, 16.707132150221781 ], [ -92.942250280513619, 16.707364183949387 ], [ -92.944072412868991, 16.707896223221194 ], [ -92.945459654415316, 16.707299626270057 ], [ -92.947010084619663, 16.707121066075729 ], [ -92.948320286138156, 16.707477513309165 ], [ -92.95037321170642, 16.707930802186997 ], [ -92.950803849641076, 16.709266832114597 ], [ -92.951647368800053, 16.710029556904434 ], [ -92.954159308913418, 16.710449862737438 ], [ -92.955909659714109, 16.711685959400413 ], [ -92.95761905422485, 16.71213277879561 ], [ -92.959379724723831, 16.712871037591608 ], [ -92.960276276760382, 16.713842212455379 ], [ -92.959917258474505, 16.714582534847374 ], [ -92.96127281148614, 16.715520741494938 ], [ -92.962957516736694, 16.714390058445037 ], [ -92.964824268280083, 16.712764744027023 ], [ -92.966310616417701, 16.712916848057631 ], [ -92.966608920115362, 16.712341387456718 ], [ -92.967042277452904, 16.710772434730675 ], [ -92.968795284317295, 16.709103473398752 ], [ -92.969841422578412, 16.708519916699888 ], [ -92.971171334687924, 16.707778052495524 ], [ -92.972612340144977, 16.707348271655764 ], [ -92.975751641243534, 16.707904444120974 ], [ -92.978772168027206, 16.708665869934745 ], [ -92.983005190211429, 16.710396701853806 ], [ -92.98325349650662, 16.710530355027469 ], [ -92.979044397275615, 16.714471434395723 ], [ -92.977388268074321, 16.71906823576958 ], [ -92.977528078629305, 16.71925537619687 ], [ -92.97760748781549, 16.719420899464914 ], [ -92.977677383717477, 16.719547185369048 ], [ -92.977718264094975, 16.719601838049414 ], [ -92.977826742277486, 16.719736866029589 ], [ -92.977863261847844, 16.719772141256822 ], [ -92.977906894393612, 16.719814033942448 ], [ -92.978042320084356, 16.719979375491331 ], [ -92.978140959065101, 16.720044845658254 ], [ -92.978385969687722, 16.720240312329146 ], [ -92.978486447695602, 16.72034251075663 ], [ -92.978698119526243, 16.720506971618402 ], [ -92.979831834059951, 16.721218448199494 ], [ -92.981830081542938, 16.721632892594414 ], [ -92.981870139590768, 16.721642390886643 ], [ -92.981910197642549, 16.721651889171003 ], [ -92.982108683198987, 16.721194035748603 ], [ -92.982246400327043, 16.721242736476572 ], [ -92.986575680916758, 16.722455023306484 ], [ -92.989543433148398, 16.72814451218704 ], [ -92.990482961295328, 16.72806813394795 ], [ -92.991361475904085, 16.728097566267675 ], [ -92.992843967605452, 16.728209319058774 ], [ -92.994204446906494, 16.728250512907618 ], [ -92.995711345368747, 16.728332852089068 ], [ -92.996803391095909, 16.728326993131073 ], [ -92.997675808692946, 16.728221187415024 ], [ -92.998432309905112, 16.728127134652265 ], [ -92.999506052504231, 16.727909626514204 ], [ -93.000683506090027, 16.727674476243433 ], [ -93.001775546177285, 16.727480471212214 ], [ -93.003303789137362, 16.727245302684825 ], [ -93.004090789814015, 16.727254106715378 ], [ -93.004600206855585, 16.727336398409538 ], [ -93.005030314752247, 16.727442205766909 ], [ -93.005344508139771, 16.727548015258915 ], [ -93.005719710757603, 16.727686155680058 ], [ -93.006293195327103, 16.72799183365284 ], [ -93.006836179338023, 16.728344540978991 ], [ -93.007166888068213, 16.728575452623257 ], [ -93.007750068100037, 16.728962160940128 ], [ -93.008109071156298, 16.729294139180311 ], [ -93.008431121686229, 16.729569421765618 ], [ -93.008805365955709, 16.729903009596132 ], [ -93.00912021347925, 16.730215857304714 ], [ -93.009424722270822, 16.73043921362515 ], [ -93.010020545320714, 16.730949158059978 ], [ -93.010664584344866, 16.731444240841117 ], [ -93.011270235800453, 16.731836304240055 ], [ -93.012039094597398, 16.732282027896886 ], [ -93.012087381972563, 16.732370720907802 ], [ -93.01190254571469, 16.732362731342562 ], [ -93.011803160011937, 16.732325948250164 ], [ -93.011877029841813, 16.732497862334071 ], [ -93.011881051844384, 16.732613442004233 ], [ -93.011805552006507, 16.732702969012621 ], [ -93.011698880372862, 16.732775041120711 ], [ -93.011554054212354, 16.732848474531039 ], [ -93.011385620581279, 16.732958773471861 ], [ -93.011461248955172, 16.733150375012698 ], [ -93.011573905719999, 16.733273083420563 ], [ -93.011561562041479, 16.733409206337821 ], [ -93.011432864456722, 16.733851070387136 ], [ -93.010973266730204, 16.734954887768062 ], [ -93.009860360688833, 16.737591387305095 ], [ -93.009557008413267, 16.738151413127508 ], [ -93.009810872116233, 16.738280470987622 ], [ -93.009682563132756, 16.738499913418597 ], [ -93.009306650107732, 16.739078117014515 ], [ -93.008688537689821, 16.739593635333581 ], [ -93.008142731496491, 16.740405208152026 ], [ -93.003917282912454, 16.745483650948913 ], [ -92.987971942878247, 16.765528491312562 ], [ -92.98562628014993, 16.765831668257739 ], [ -92.98344802152539, 16.765387206894744 ] ] ] ] } },
{ "type": "Feature", "properties": { "ID": 111, "ENTIDAD": 7, "MUNICIPIO": 27, "NOMBRE": "CHIAPA DE CORZO", "CONTROL": 179, "GEOMETRY1_": null, "ID_2": 1989, "ENTIDAD_2": 7, "DISTRITO_F": 6, "DISTRITO_L": 3, "MUNICIPIO_2": 27, "SECCION": 2106, "TIPO": 2, "CONTROL_2": 2703, "GEOMETRY1__2": null }, "geometry": { "type": "MultiPolygon", "coordinates": [ [ [ [ -93.008372972740119, 16.726740334138899 ], [ -93.008057235164458, 16.727149807637627 ], [ -93.007552874372664, 16.727774060844222 ], [ -93.007254560510503, 16.728268310744209 ], [ -93.007199715029017, 16.728445522821836 ], [ -93.007166888068213, 16.728575452623257 ], [ -93.006836179338023, 16.728344540978991 ], [ -93.006293195327103, 16.72799183365284 ], [ -93.005719710757603, 16.727686155680058 ], [ -93.005344508139771, 16.727548015258915 ], [ -93.005030314752247, 16.727442205766909 ], [ -93.004600206855585, 16.727336398409538 ], [ -93.004090789814015, 16.727254106715378 ], [ -93.003303789137362, 16.727245302684825 ], [ -93.001775546177285, 16.727480471212214 ], [ -93.000683506090027, 16.727674476243433 ], [ -92.999506052504231, 16.727909626514204 ], [ -92.998432309905112, 16.728127134652265 ], [ -92.997675808692946, 16.728221187415024 ], [ -92.996803391095909, 16.728326993131073 ], [ -92.995711345368747, 16.728332852089068 ], [ -92.994204446906494, 16.728250512907618 ], [ -92.992843967605452, 16.728209319058774 ], [ -92.991361475904085, 16.728097566267675 ], [ -92.990482961295328, 16.72806813394795 ], [ -92.989543433148398, 16.72814451218704 ], [ -92.986575680916758, 16.722455023306484 ], [ -92.986669473264726, 16.722392373659119 ], [ -92.986729529000087, 16.722322808886748 ], [ -92.986838331953422, 16.722209731622048 ], [ -92.986936005608925, 16.722128975759617 ], [ -92.987040301398537, 16.722053502451558 ], [ -92.987124730457495, 16.721962181295925 ], [ -92.987200926820435, 16.72183344020776 ], [ -92.987282364938025, 16.721682435425162 ], [ -92.987308344144736, 16.721566526056222 ], [ -92.98736697422197, 16.721467847553672 ], [ -92.987482673386808, 16.721366210854104 ], [ -92.987580576407481, 16.721290045722942 ], [ -92.987672087213269, 16.721213189006491 ], [ -92.987767919450832, 16.721095704399588 ], [ -92.987812384461648, 16.720968096437595 ], [ -92.987910977367704, 16.720905704275165 ], [ -92.98799972695592, 16.720773754897689 ], [ -92.988118826476111, 16.720613125807656 ], [ -92.988209876583838, 16.720527086762342 ], [ -92.988338128878937, 16.720422241574653 ], [ -92.98846707129114, 16.720331169433244 ], [ -92.988557660933353, 16.720235948147426 ], [ -92.988634545917719, 16.720120979635119 ], [ -92.988738149672415, 16.72003173232746 ], [ -92.98889289012466, 16.719948016979352 ], [ -92.98896798463997, 16.719924177680269 ], [ -92.989114312624579, 16.719926308966087 ], [ -92.989233001280056, 16.719884354814234 ], [ -92.989313107193681, 16.719833660629437 ], [ -92.989408707630247, 16.719711584203292 ], [ -92.989480350350519, 16.719618879093268 ], [ -92.989543069697859, 16.71947498102033 ], [ -92.989599626981317, 16.719334982489059 ], [ -92.98970253952092, 16.719231961565939 ], [ -92.989788116651397, 16.719163594503346 ], [ -92.989834650923243, 16.719077305454373 ], [ -92.989844162221743, 16.718886556128897 ], [ -92.989915804423617, 16.718793850860344 ], [ -92.990117077399233, 16.718623845503163 ], [ -92.990207205166428, 16.718519441395038 ], [ -92.990329753359546, 16.718427676613224 ], [ -92.990491292500735, 16.718225975895809 ], [ -92.990524090845369, 16.717965673387077 ], [ -92.990619992718351, 16.717722232399023 ], [ -92.990937595981976, 16.717271241440276 ], [ -92.990995577415177, 16.717088410058711 ], [ -92.991029540938172, 16.71698131357283 ], [ -92.991121485616418, 16.716691385656315 ], [ -92.991317084912225, 16.716502911073032 ], [ -92.991400210457229, 16.716422813210357 ], [ -92.991556087559417, 16.716272613348771 ], [ -92.991773607780914, 16.71576173482816 ], [ -92.991823549745376, 16.715644438293111 ], [ -92.991992125306126, 16.715379419189645 ], [ -92.992050667452574, 16.715287384367606 ], [ -92.992297459082735, 16.715141379469348 ], [ -92.992357352851499, 16.71509319336786 ], [ -92.992676025657644, 16.714903533095736 ], [ -92.992926754081097, 16.714645824541627 ], [ -92.992222145326636, 16.71362848326725 ], [ -92.992321423539266, 16.71357986207769 ], [ -92.992376418755384, 16.71353558317368 ], [ -92.992437115325615, 16.71347822252336 ], [ -92.992535702881469, 16.713415828107156 ], [ -92.992622197117157, 16.713365823994835 ], [ -92.992717154812055, 16.713357830595971 ], [ -92.992876031440474, 16.713356750942502 ], [ -92.992952043621955, 16.713351274341761 ], [ -92.993078500393736, 16.713337555571346 ], [ -92.993177317859093, 16.713279751888511 ], [ -92.993307404142897, 16.713211631862929 ], [ -92.993462367301902, 16.713132504075617 ], [ -92.993509819250264, 16.713064578307847 ], [ -92.99359833116354, 16.712928035382738 ], [ -92.993635477724055, 16.712781370548534 ], [ -92.993668994767063, 16.712689106832293 ], [ -92.993708213044144, 16.712583761342081 ], [ -92.99376977590596, 16.712416906685899 ], [ -92.993797821772418, 16.712342315755265 ], [ -92.994071133888596, 16.712631730529491 ], [ -92.994486222134114, 16.712501081978452 ], [ -92.994985233162751, 16.712519953030633 ], [ -92.995552740885387, 16.712331382544875 ], [ -92.996052708442377, 16.712039908998662 ], [ -92.996143402341886, 16.712015702751913 ], [ -92.997148413444066, 16.711747461714431 ], [ -92.997450948662788, 16.711671372482634 ], [ -92.9979206048436, 16.711643090216246 ], [ -92.998086856268628, 16.711732534889798 ], [ -92.998241182137676, 16.711767488180335 ], [ -92.998370631550458, 16.711813449630135 ], [ -92.998480905430995, 16.711857337385293 ], [ -92.998571543127753, 16.711889969406798 ], [ -92.998726560174958, 16.711938695439287 ], [ -92.998869714858472, 16.712004403108399 ], [ -92.9989797586354, 16.712043699562194 ], [ -92.999140707122748, 16.712083934403886 ], [ -92.999255991207008, 16.712100966723764 ], [ -92.999384980413325, 16.712137745468876 ], [ -92.99950049489145, 16.712159368686137 ], [ -92.999641346570826, 16.712179165482144 ], [ -92.999787208079198, 16.712172107145957 ], [ -92.999895409344774, 16.712174674844416 ], [ -93.000023246960751, 16.712188498024499 ], [ -93.00009902812215, 16.712178427762318 ], [ -93.000225483611644, 16.712164704618878 ], [ -93.000350787281931, 16.712128026233913 ], [ -93.000463307145125, 16.712089965486445 ], [ -93.000569435085055, 16.71205121353751 ], [ -93.000643603593971, 16.71200900584715 ], [ -93.000718463176668, 16.71198057122745 ], [ -93.000804493893781, 16.711921381619831 ], [ -93.000844629585956, 16.711834398897476 ], [ -93.000892308974926, 16.711771062458947 ], [ -93.000969413556447, 16.711660680294379 ], [ -93.001042199569909, 16.711590926265181 ], [ -93.001122068527238, 16.711535636429829 ], [ -93.001197158234234, 16.711511792667849 ], [ -93.001245758949892, 16.711466820274545 ], [ -93.001267409914391, 16.711391537204065 ], [ -93.001287678572169, 16.711288707937854 ], [ -93.001361155478833, 16.711232726890501 ], [ -93.001436014652626, 16.711204292008897 ], [ -93.001518417592052, 16.711199503370917 ], [ -93.001594659062292, 16.711198614623484 ], [ -93.001664969458659, 16.711206216805273 ], [ -93.001729118397691, 16.711217718890541 ], [ -93.001826608989887, 16.711260222654836 ], [ -93.001885287682597, 16.711289397716431 ], [ -93.001951049444841, 16.711333036953096 ], [ -93.002023433497669, 16.71138195829543 ], [ -93.002090347327695, 16.711448552643787 ], [ -93.00215086933764, 16.711514455878824 ], [ -93.002204077904892, 16.711561303882171 ], [ -93.002270300643602, 16.711614125078189 ], [ -93.002383559777741, 16.711670835327915 ], [ -93.002402003902773, 16.711680081873631 ], [ -93.002639584007071, 16.711799187068749 ], [ -93.002903823537864, 16.711841678719448 ], [ -93.003138381559921, 16.711943260609655 ], [ -93.003377701523462, 16.712095452637801 ], [ -93.003673317281837, 16.71220490508604 ], [ -93.003873023853828, 16.712325025321213 ], [ -93.004133787949115, 16.71245301632398 ], [ -93.004361540500881, 16.712554281099518 ], [ -93.004553214082605, 16.712704261759708 ], [ -93.004761568922262, 16.712779431636609 ], [ -93.004973868161215, 16.712925329535576 ], [ -93.005205566041155, 16.713097321607826 ], [ -93.005486139368244, 16.713241346351701 ], [ -93.00571307574539, 16.713362727499767 ], [ -93.005859965189799, 16.713440084704956 ], [ -93.006126047695233, 16.713437307020879 ], [ -93.006360753387014, 16.71336756767305 ], [ -93.006545501272171, 16.713184654627575 ], [ -93.006711463576721, 16.712960558757072 ], [ -93.006856187159528, 16.712755633732673 ], [ -93.007026454595263, 16.712473605818001 ], [ -93.00721115922542, 16.712378109651493 ], [ -93.007451438700002, 16.712353061468818 ], [ -93.007735651047255, 16.712497040532025 ], [ -93.008006019311836, 16.712658803708432 ], [ -93.008606791625041, 16.71302258079691 ], [ -93.008676783379244, 16.71308509192469 ], [ -93.007786761110154, 16.714592261466759 ], [ -93.008685075774082, 16.715636692340631 ], [ -93.009699272925516, 16.716833952608042 ], [ -93.010389573004986, 16.717678172763154 ], [ -93.011399164901988, 16.718852693685427 ], [ -93.011361316961924, 16.71892659364114 ], [ -93.011706474442207, 16.719361492870799 ], [ -93.012035703010469, 16.719775925681841 ], [ -93.012249808229484, 16.720042301072908 ], [ -93.012279979749607, 16.720231296517035 ], [ -93.012269370404383, 16.720389914461158 ], [ -93.011998682059897, 16.722129603962472 ], [ -93.011924361774021, 16.722400792653573 ], [ -93.011828802666841, 16.722682215900619 ], [ -93.011382823781034, 16.723444627192698 ], [ -93.011207611280909, 16.72364930420893 ], [ -93.011090800176547, 16.723741410857929 ], [ -93.010798767317183, 16.723889810215763 ], [ -93.010538593096385, 16.72403820753652 ], [ -93.010331519753535, 16.724237768735865 ], [ -93.009423587505381, 16.725312316069427 ], [ -93.009237755619367, 16.725603975509223 ], [ -93.009126260792712, 16.725875164764357 ], [ -93.008730621593386, 16.726370845596502 ], [ -93.008372972740119, 16.726740334138899 ] ] ] ] } },
{ "type": "Feature", "properties": { "ID": 111, "ENTIDAD": 7, "MUNICIPIO": 27, "NOMBRE": "CHIAPA DE CORZO", "CONTROL": 179, "GEOMETRY1_": null, "ID_2": 1990, "ENTIDAD_2": 7, "DISTRITO_F": 6, "DISTRITO_L": 3, "MUNICIPIO_2": 27, "SECCION": 2107, "TIPO": 2, "CONTROL_2": 2711, "GEOMETRY1__2": null }, "geometry": { "type": "MultiPolygon", "coordinates": [ [ [ [ -93.029300666666572, 16.728560665972015 ], [ -93.029340499999918, 16.728556165972048 ], [ -93.029592833333211, 16.728478999305374 ], [ -93.030249940456713, 16.728218159526129 ], [ -93.030496440477719, 16.728091659539412 ], [ -93.030526404323297, 16.728085808841215 ], [ -93.032134999999869, 16.727388332638618 ], [ -93.032974895466126, 16.727004916794392 ], [ -93.033319999999875, 16.727576665971952 ], [ -93.033476166666517, 16.727731999305291 ], [ -93.033714242454892, 16.727924728814525 ], [ -93.034953293477699, 16.728269407510503 ], [ -93.035552166666506, 16.728418332638686 ], [ -93.036634333333197, 16.728705499305413 ], [ -93.037642999999861, 16.728937832638788 ], [ -93.038869166666515, 16.729321499305506 ], [ -93.038933333333176, 16.729333665972089 ], [ -93.038996499999868, 16.729346832638768 ], [ -93.039054333333169, 16.729378999305474 ], [ -93.03910216666651, 16.729418332638797 ], [ -93.039569833333204, 16.72991316597221 ], [ -93.039938801739936, 16.729880101043886 ], [ -93.040662733494628, 16.729894961345163 ], [ -93.040752166666508, 16.729889999305577 ], [ -93.040778827871435, 16.730008933366786 ], [ -93.040728582867814, 16.730011080875578 ], [ -93.040707346781005, 16.730011149438379 ], [ -93.040686110694139, 16.730011217998907 ], [ -93.040491505314492, 16.73000750585302 ], [ -93.040678513445172, 16.730892560795748 ], [ -93.039751217280767, 16.731671213267504 ], [ -93.040579456652296, 16.732574467202948 ], [ -93.040334113258723, 16.732770232026152 ], [ -93.03966362732271, 16.733344852206848 ], [ -93.039868372557436, 16.733554783439288 ], [ -93.039366751541138, 16.733971959178948 ], [ -93.039167991642216, 16.733767878615179 ], [ -93.038443316325001, 16.734388490524012 ], [ -93.036110729177182, 16.733965418835194 ], [ -93.034102166666543, 16.73342033263916 ], [ -93.032824654801317, 16.733155648704525 ], [ -93.032825299602521, 16.733108984293118 ], [ -93.032979521816713, 16.732755148858402 ], [ -93.032891115111354, 16.732711076953564 ], [ -93.033024670473935, 16.732365025328651 ], [ -93.032141475628265, 16.732035694207077 ], [ -93.031774030029098, 16.731898677384372 ], [ -93.031133245040749, 16.731809869225021 ], [ -93.031309334253166, 16.731463715339327 ], [ -93.031564484885507, 16.731128563936455 ], [ -93.031767270971457, 16.730786810040307 ], [ -93.031892132712613, 16.730424615222148 ], [ -93.031924599742936, 16.730347142486174 ], [ -93.031973155190457, 16.730022302697051 ], [ -93.031935862921685, 16.729812183263352 ], [ -93.031957716311013, 16.729436277499996 ], [ -93.031208172599236, 16.72933080154154 ], [ -93.030809292474217, 16.729271730704944 ], [ -93.030191248388277, 16.729183125888245 ], [ -93.029871266282598, 16.729124041692096 ], [ -93.029319384726378, 16.7290401557519 ], [ -93.029077892418584, 16.729014340707792 ], [ -93.028679324109063, 16.728945897793697 ], [ -93.028654333333122, 16.728888165271844 ], [ -93.028655749611303, 16.728836938078079 ], [ -93.029300666666572, 16.728560665972015 ] ] ] ] } },
{ "type": "Feature", "properties": { "ID": 111, "ENTIDAD": 7, "MUNICIPIO": 27, "NOMBRE": "CHIAPA DE CORZO", "CONTROL": 179, "GEOMETRY1_": null, "ID_2": 1991, "ENTIDAD_2": 7, "DISTRITO_F": 6, "DISTRITO_L": 3, "MUNICIPIO_2": 27, "SECCION": 2108, "TIPO": 4, "CONTROL_2": 2690, "GEOMETRY1__2": null }, "geometry": { "type": "MultiPolygon", "coordinates": [ [ [ [ -93.034539402087063, 16.684106270516939 ], [ -93.034658023905962, 16.684790078420214 ], [ -93.035014273245778, 16.686903724958899 ], [ -93.035018566262536, 16.687608924799886 ], [ -93.035195052857006, 16.688396112396671 ], [ -93.035260365077576, 16.689723221490837 ], [ -93.035377350975054, 16.690137393447433 ], [ -93.035784278562858, 16.691172171378472 ], [ -93.035906068348353, 16.69237450711729 ], [ -93.035915419494671, 16.693909352901805 ], [ -93.036150158060295, 16.694862142362197 ], [ -93.036042267184584, 16.695941333680146 ], [ -93.036042267243587, 16.695941333824244 ], [ -93.036042267184598, 16.695941334414361 ], [ -93.036448957842964, 16.696934628124072 ], [ -93.037028108636491, 16.698051389412253 ], [ -93.037668801970753, 16.699873021545692 ], [ -93.037699949740571, 16.700287681251112 ], [ -93.037731097646798, 16.700702340934885 ], [ -93.03870963487455, 16.701609400781383 ], [ -93.039112296304637, 16.701938972226475 ], [ -93.039572446266931, 16.702309698291053 ], [ -93.040377268970147, 16.702885872424577 ], [ -93.041926392043734, 16.703499269243132 ], [ -93.04215863124449, 16.704037228489756 ], [ -93.042160664060205, 16.704369085903515 ], [ -93.042106478931132, 16.704867200585536 ], [ -93.042106479003436, 16.704867200654594 ], [ -93.04210647893116, 16.70486720131894 ], [ -93.042451918371043, 16.705197093534778 ], [ -93.042283772944387, 16.70577882750036 ], [ -93.041715998606008, 16.70652878351914 ], [ -93.041663589728557, 16.707317273790597 ], [ -93.041663589771005, 16.70731727388571 ], [ -93.0416635897286, 16.707317274523625 ], [ -93.042069825454519, 16.708227591481265 ], [ -93.04282176723315, 16.709509281394947 ], [ -93.043401247490664, 16.710667505554238 ], [ -93.043808770933097, 16.711785229920913 ], [ -93.044157535064315, 16.712654388149279 ], [ -93.044390810047915, 16.713358273266177 ], [ -93.04473957968699, 16.714227430367302 ], [ -93.044746201368156, 16.715305967273085 ], [ -93.043894256040133, 16.716389427652565 ], [ -93.042585158674456, 16.717599953252023 ], [ -93.042476020442137, 16.718471734997557 ], [ -93.042476020519672, 16.718471735110551 ], [ -93.04247602044218, 16.718471735729505 ], [ -93.044035457298023, 16.720744403222273 ], [ -93.043528447241826, 16.722074785283482 ], [ -93.042554104512575, 16.721872947604925 ], [ -93.041806434853029, 16.721296455705822 ], [ -93.040774350980683, 16.721011972703025 ], [ -93.04020018304962, 16.720724868622781 ], [ -93.039510017421662, 16.720189523469621 ], [ -93.038933066062313, 16.719446111569006 ], [ -93.038359158872709, 16.719200484523952 ], [ -93.037728774077408, 16.719079628885307 ], [ -93.036472053265157, 16.719501627239346 ], [ -93.03578367167863, 16.71925664504386 ], [ -93.03473980875296, 16.71887888370998 ], [ -93.034401107358065, 16.717812583420756 ], [ -93.034231883075407, 16.717691438021919 ], [ -93.03372381340715, 16.719260522750069 ], [ -93.03362786522105, 16.720758239745965 ], [ -93.033589266868958, 16.72096470154688 ], [ -93.03355273511734, 16.721160108726032 ], [ -93.033529401408742, 16.721392864671301 ], [ -93.033626766214766, 16.722255735006581 ], [ -93.034380474043246, 16.723827829281127 ], [ -93.034483957017812, 16.724024908680612 ], [ -93.034554214148685, 16.724158710458298 ], [ -93.034727954854205, 16.724489591477759 ], [ -93.035476143093973, 16.725503685808278 ], [ -93.035649204644187, 16.725616803234278 ], [ -93.035772815456099, 16.725672363315496 ], [ -93.035937628000013, 16.725735856366583 ], [ -93.036158062777787, 16.725809264816984 ], [ -93.036432058745845, 16.725886634428214 ], [ -93.037633113693943, 16.726237772543858 ], [ -93.038127545479824, 16.726380605598944 ], [ -93.038389184940385, 16.726467899413421 ], [ -93.038652890255236, 16.726582983959624 ], [ -93.038762082828711, 16.726640529261786 ], [ -93.038887760448347, 16.726721892751112 ], [ -93.039001077246553, 16.726799288394218 ], [ -93.039163843958931, 16.726922330787112 ], [ -93.039270984983673, 16.727019577963951 ], [ -93.039374006477459, 16.727118810920519 ], [ -93.03947908891945, 16.727222013533133 ], [ -93.039538846408007, 16.727303389206742 ], [ -93.039598603947312, 16.727384764862414 ], [ -93.039664543260855, 16.727474079518068 ], [ -93.039734605570672, 16.727577289448163 ], [ -93.03987680158869, 16.727837303021523 ], [ -93.040248317618577, 16.728646874112115 ], [ -93.040385005071528, 16.728944728019474 ], [ -93.040579253374858, 16.729368010284308 ], [ -93.040680570756791, 16.72952046952458 ], [ -93.040862476028295, 16.729743002991324 ], [ -93.041021908302284, 16.729888692328302 ], [ -93.041086293475672, 16.729942832582235 ], [ -93.041044833333189, 16.729938999305567 ], [ -93.040752166666508, 16.729889999305577 ], [ -93.040662733494628, 16.729894961345163 ], [ -93.039938801739936, 16.729880101043886 ], [ -93.039569833333204, 16.72991316597221 ], [ -93.03910216666651, 16.729418332638797 ], [ -93.039054333333169, 16.729378999305474 ], [ -93.038996499999868, 16.729346832638768 ], [ -93.038933333333176, 16.729333665972089 ], [ -93.038869166666515, 16.729321499305506 ], [ -93.037642999999861, 16.728937832638788 ], [ -93.036634333333197, 16.728705499305413 ], [ -93.035552166666506, 16.728418332638686 ], [ -93.034953293477699, 16.728269407510503 ], [ -93.033714242454892, 16.727924728814525 ], [ -93.033476166666517, 16.727731999305291 ], [ -93.033319999999875, 16.727576665971952 ], [ -93.032974895466126, 16.727004916794392 ], [ -93.032134999999869, 16.727388332638618 ], [ -93.030526404323297, 16.728085808841215 ], [ -93.030496440477719, 16.728091659539412 ], [ -93.030249940456713, 16.728218159526129 ], [ -93.029592833333211, 16.728478999305374 ], [ -93.029340499999918, 16.728556165972048 ], [ -93.029300666666572, 16.728560665972015 ], [ -93.028655749611303, 16.728836938078079 ], [ -93.027710281033251, 16.729338774886084 ], [ -93.02757185459383, 16.729930022122261 ], [ -93.027589491346049, 16.73094403399983 ], [ -93.027789079843743, 16.732171628135962 ], [ -93.028336952783278, 16.73250285671471 ], [ -93.028615296719636, 16.732750876109954 ], [ -93.029032836813158, 16.733273750416739 ], [ -93.029220764211431, 16.733729613832399 ], [ -93.029247539932726, 16.734047682793445 ], [ -93.028097835646946, 16.734257926383492 ], [ -93.028234988486517, 16.73501294132787 ], [ -93.027774174907606, 16.735029972983966 ], [ -93.027204157267789, 16.735249760633273 ], [ -93.025856768506927, 16.735256591664509 ], [ -93.024951633661061, 16.735523020310037 ], [ -93.023887521532487, 16.735376671626348 ], [ -93.023016920706283, 16.735549876741189 ], [ -93.022574680992435, 16.735390135177909 ], [ -93.022160049995307, 16.734964072392057 ], [ -93.021607170519019, 16.734032020331611 ], [ -93.021524042520213, 16.732141175725388 ], [ -93.021910826800422, 16.73080954802985 ], [ -93.022712193609749, 16.729637664750108 ], [ -93.023706929553256, 16.727773330667752 ], [ -93.024342474656493, 16.72681451372631 ], [ -93.024895070082295, 16.725616018965855 ], [ -93.025171307559788, 16.724577346995087 ], [ -93.025641033608565, 16.723778336476524 ], [ -93.025640941079786, 16.723085910710108 ], [ -93.026055420285246, 16.722526591858077 ], [ -93.026359272861924, 16.721408019221286 ], [ -93.027271070489405, 16.719889890160758 ], [ -93.027906505889675, 16.718478321463596 ], [ -93.028033407671671, 16.717376307917846 ], [ -93.027694408362279, 16.715341787391505 ], [ -93.027720261698278, 16.714125245438982 ], [ -93.027076626699369, 16.712885757954567 ], [ -93.026496015754418, 16.710968344281028 ], [ -93.02594327087661, 16.710675464645554 ], [ -93.025279899316573, 16.709716802194471 ], [ -93.024367809719976, 16.708678271578208 ], [ -93.023593992252927, 16.708358779717059 ], [ -93.022516140995549, 16.707586577647394 ], [ -93.021493612439158, 16.707213841206421 ], [ -93.020388132947829, 16.706361735397689 ], [ -93.019420862591119, 16.70577592874421 ], [ -93.018674699501332, 16.705456415768055 ], [ -93.018260164679134, 16.705270030121216 ], [ -93.017099425466071, 16.704231488742792 ], [ -93.016519070869819, 16.703832058723783 ], [ -93.01541361793646, 16.702793503303901 ], [ -93.014474008689618, 16.702127775773338 ], [ -93.014009762560875, 16.701865316522959 ], [ -93.013432410213241, 16.70168871897766 ], [ -93.013092267187616, 16.701515336017852 ], [ -93.012484279699095, 16.700876209927063 ], [ -93.012014456547845, 16.700103914918223 ], [ -93.011655042004662, 16.699228985828899 ], [ -93.011489317445978, 16.698452771611947 ], [ -93.011212920624345, 16.697387513643854 ], [ -93.010908878594719, 16.696055938326744 ], [ -93.010480486785127, 16.694617841376857 ], [ -93.01001726834437, 16.694036362885736 ], [ -93.01056614866458, 16.693212192319475 ], [ -93.010635112075065, 16.692990396444923 ], [ -93.010704075326572, 16.692768600542635 ], [ -93.010842001352657, 16.692325008655356 ], [ -93.010914905277104, 16.69155859926607 ], [ -93.010951357022108, 16.691175394540664 ], [ -93.010987808622289, 16.690792189794763 ], [ -93.013079041363895, 16.69227596452054 ], [ -93.016885187081726, 16.68983571492782 ], [ -93.016544770967073, 16.689453005539772 ], [ -93.019676106099112, 16.687440614844576 ], [ -93.019948369133829, 16.687265637441786 ], [ -93.020387140168864, 16.68579404020511 ], [ -93.021592484271423, 16.685956395467318 ], [ -93.022839976661388, 16.686134986807499 ], [ -93.024576300417493, 16.685956062781464 ], [ -93.025495006208018, 16.685655368396411 ], [ -93.02656549206597, 16.685817711267713 ], [ -93.027998138530506, 16.685252229116038 ], [ -93.030951951475686, 16.68364618948797 ], [ -93.032427194541569, 16.684337116903848 ], [ -93.034539401961851, 16.684106269795226 ], [ -93.034539402087063, 16.684106270516939 ] ] ] ] } },
{ "type": "Feature", "properties": { "ID": 111, "ENTIDAD": 7, "MUNICIPIO": 27, "NOMBRE": "CHIAPA DE CORZO", "CONTROL": 179, "GEOMETRY1_": null, "ID_2": 2181, "ENTIDAD_2": 7, "DISTRITO_F": 6, "DISTRITO_L": 3, "MUNICIPIO_2": 27, "SECCION": 2298, "TIPO": 2, "CONTROL_2": 2924, "GEOMETRY1__2": null }, "geometry": { "type": "MultiPolygon", "coordinates": [ [ [ [ -93.041086293475672, 16.729942832582239 ], [ -93.041150678685398, 16.72999697281583 ], [ -93.041324406464042, 16.730095398223863 ], [ -93.041489954022097, 16.730166256302965 ], [ -93.041655501274576, 16.730235145047036 ], [ -93.041796519319007, 16.730276469798067 ], [ -93.041951840540733, 16.730307945539689 ], [ -93.042125552143048, 16.730329571406063 ], [ -93.043133109221799, 16.730450805933302 ], [ -93.043581732122377, 16.730420272998199 ], [ -93.043936206064615, 16.730396147074046 ], [ -93.044156919660509, 16.730411853623622 ], [ -93.044404207987327, 16.730461030654343 ], [ -93.044657643324186, 16.730579128116407 ], [ -93.044858530146385, 16.730724666093895 ], [ -93.045110225089289, 16.731009729814232 ], [ -93.045745635869352, 16.732132236668345 ], [ -93.045806977403672, 16.732240600866323 ], [ -93.04608134875842, 16.732725295742789 ], [ -93.04609426395848, 16.732748111215127 ], [ -93.046329775322093, 16.733164155001059 ], [ -93.046881206965281, 16.734138281148244 ], [ -93.047418438460468, 16.735157553902653 ], [ -93.046767742878387, 16.735696998853289 ], [ -93.046424058306201, 16.735981920975394 ], [ -93.046053752063528, 16.73628891005853 ], [ -93.045813799999465, 16.736433582912714 ], [ -93.045560968999453, 16.736576243912694 ], [ -93.045322784999442, 16.736678597912803 ], [ -93.045054291999321, 16.736743043213263 ], [ -93.044938891999294, 16.736761628213294 ], [ -93.044833333333173, 16.736776665967199 ], [ -93.044594999999831, 16.736816665967208 ], [ -93.044351666666486, 16.736848332633819 ], [ -93.044106666666522, 16.73687999930053 ], [ -93.043863333333164, 16.736911665967195 ], [ -93.043618333333185, 16.736939999300549 ], [ -93.043376666666504, 16.736969999300534 ], [ -93.043136666666541, 16.736999999300465 ], [ -93.043018333344065, 16.737017499334375 ], [ -93.042899999999847, 16.737034999300487 ], [ -93.042808487, 16.73705277500002 ], [ -93.042668333333197, 16.737079999300466 ], [ -93.042441666666505, 16.737133332633832 ], [ -93.04221833333321, 16.737194999300577 ], [ -93.042155186462637, 16.737213943389801 ], [ -93.042001666666494, 16.737259999300608 ], [ -93.041784999999877, 16.737328332633929 ], [ -93.041574999999852, 16.73739499930058 ], [ -93.041364999999871, 16.737459999300626 ], [ -93.041158333333158, 16.737526665967259 ], [ -93.040963255192352, 16.73759115461274 ], [ -93.04075999999985, 16.737664999300595 ], [ -93.040568333333212, 16.737739999300633 ], [ -93.040412247650039, 16.737798361790915 ], [ -93.040376666666518, 16.737811665967296 ], [ -93.040189999999882, 16.737874999300583 ], [ -93.040001666666541, 16.737934999300577 ], [ -93.039816666666496, 16.737988332633954 ], [ -93.039636666666496, 16.738036665967307 ], [ -93.039509441063103, 16.738067294371586 ], [ -93.039456666666496, 16.738079999300663 ], [ -93.03928166666654, 16.738123332633887 ], [ -93.039109999999852, 16.738176665967334 ], [ -93.03893666666653, 16.738239999300657 ], [ -93.038763333333179, 16.73830999930065 ], [ -93.038579999999854, 16.738389999300669 ], [ -93.038530010671877, 16.738416880379397 ], [ -93.038403333333193, 16.738484999300674 ], [ -93.038231666666547, 16.738593332634043 ], [ -93.038074999999864, 16.738718332633987 ], [ -93.037931666666537, 16.738863332634036 ], [ -93.037875948167155, 16.738935694367164 ], [ -93.037803333333216, 16.739029999300794 ], [ -93.037696666666534, 16.739216665967426 ], [ -93.037604999999843, 16.739419999300779 ], [ -93.037544086154355, 16.739611655083181 ], [ -93.03753666666654, 16.739634999300737 ], [ -93.037488333333187, 16.739858332634132 ], [ -93.037458333333205, 16.740083332634232 ], [ -93.037444999999849, 16.740309999300884 ], [ -93.037429999999873, 16.740533332634204 ], [ -93.03741333333322, 16.740751665967569 ], [ -93.03740717, 16.740823949 ], [ -93.037394999999876, 16.740966665967633 ], [ -93.037369999999868, 16.74117666596759 ], [ -93.037328333333193, 16.741379999300932 ], [ -93.037264999999849, 16.741576665967653 ], [ -93.037185339812126, 16.741731718857359 ], [ -93.037171666666509, 16.741758332634326 ], [ -93.037048333333217, 16.741919999301093 ], [ -93.036898333333212, 16.742061665967743 ], [ -93.036726666666539, 16.742176665967669 ], [ -93.036536666666549, 16.742268332634382 ], [ -93.036486250013724, 16.742285832652914 ], [ -93.036435833351661, 16.742303332659034 ], [ -93.03633499999988, 16.742338332634382 ], [ -93.036124999999871, 16.742394999301077 ], [ -93.035909999999873, 16.742446665967726 ], [ -93.035689999999875, 16.742499999301064 ], [ -93.035471666666538, 16.742556665967719 ], [ -93.035251666666554, 16.742613332634377 ], [ -93.035029999999878, 16.742669999301047 ], [ -93.034804999999864, 16.742728332634439 ], [ -93.034581666666526, 16.742783332634428 ], [ -93.034562391769555, 16.742788297391339 ], [ -93.034540210934139, 16.74279401064663 ], [ -93.034361666666541, 16.742839999301101 ], [ -93.03413999999988, 16.742891665967797 ], [ -93.033944583113893, 16.742930749355953 ], [ -93.033923333333234, 16.742934999301166 ], [ -93.033704999999884, 16.742963332634453 ], [ -93.033484999999857, 16.742968332634447 ], [ -93.03326999999986, 16.74295166596783 ], [ -93.033053333333214, 16.74291499930116 ], [ -93.03284, 16.74286999930116 ], [ -93.032631666666546, 16.74281333263448 ], [ -93.032421666666551, 16.742756665967736 ], [ -93.032214999999866, 16.742699999301049 ], [ -93.032008333333209, 16.742643332634405 ], [ -93.031799999999876, 16.74258499930102 ], [ -93.031589999999895, 16.742523332634402 ], [ -93.03137666666656, 16.742464999301077 ], [ -93.031164999999888, 16.742406665967721 ], [ -93.031055833316657, 16.742377499329958 ], [ -93.031008245512709, 16.742365143779573 ], [ -93.030978381559009, 16.742356806095525 ], [ -93.030946666666551, 16.742348332634418 ], [ -93.030731666666554, 16.742289999301036 ], [ -93.030509999999879, 16.742233332634395 ], [ -93.030291666666542, 16.742173332634344 ], [ -93.030068333333205, 16.742108332634416 ], [ -93.029851666666559, 16.742033332634382 ], [ -93.029633333333223, 16.741948332634383 ], [ -93.02942499999989, 16.74185166596769 ], [ -93.029218333333233, 16.741739999300925 ], [ -93.02902166666658, 16.741619999300976 ], [ -93.028831666666562, 16.741484999300997 ], [ -93.028653333333224, 16.741339999300919 ], [ -93.02848499999989, 16.741184999300991 ], [ -93.028316666666555, 16.741031665967622 ], [ -93.02815166666656, 16.740878332634264 ], [ -93.027986666666578, 16.740726665967522 ], [ -93.027816666666567, 16.74057999930092 ], [ -93.02764, 16.740444999300905 ], [ -93.027455, 16.740319999300873 ], [ -93.027264999999886, 16.740206665967531 ], [ -93.027065, 16.740108332634161 ], [ -93.026855, 16.740028332634225 ], [ -93.02663666666659, 16.739961665967549 ], [ -93.026418333333254, 16.7399033326341 ], [ -93.026196666666593, 16.739858332634093 ], [ -93.025973333333241, 16.739819999300739 ], [ -93.025746666666578, 16.739786665967468 ], [ -93.02552, 16.739751665967457 ], [ -93.025295, 16.739716665967432 ], [ -93.02507, 16.739679999300748 ], [ -93.024848333333267, 16.739644999300818 ], [ -93.024626666666578, 16.739609999300775 ], [ -93.024408600584621, 16.739581915033725 ], [ -93.024125932398874, 16.739511656586995 ], [ -93.023807770803188, 16.739509858496366 ], [ -93.023403611240454, 16.739539358401739 ], [ -93.023076854643335, 16.739616727458998 ], [ -93.022549456110255, 16.739730022281154 ], [ -93.022291780130999, 16.739796081880765 ], [ -93.02196941742217, 16.739851486858349 ], [ -93.021504122225608, 16.739922326152801 ], [ -93.021128611688511, 16.739898768156429 ], [ -93.020728605646397, 16.739820152811376 ], [ -93.020353082039662, 16.739670743971626 ], [ -93.020067354206532, 16.739521325737517 ], [ -93.019838767538815, 16.739356170442694 ], [ -93.019650997995953, 16.739198876600888 ], [ -93.01947138874381, 16.739010119455529 ], [ -93.019316266975196, 16.738797763089494 ], [ -93.019087666152686, 16.738475295140525 ], [ -93.01887538773417, 16.738105631890889 ], [ -93.018708409765168, 16.737781901116051 ], [ -93.018625069579073, 16.73769611449725 ], [ -93.018536117572864, 16.737375296403155 ], [ -93.01832625676262, 16.737020905563995 ], [ -93.018074856791372, 16.736730360573667 ], [ -93.017876284631612, 16.736431548559544 ], [ -93.017682248260584, 16.736049380095793 ], [ -93.017476946282017, 16.735674564713165 ], [ -93.017257504658346, 16.735150594345715 ], [ -93.017068444138403, 16.734585096974399 ], [ -93.016939261417818, 16.733774182501591 ], [ -93.016929311054199, 16.733407773368867 ], [ -93.016972375846279, 16.732980979461377 ], [ -93.017173094033993, 16.732098310885949 ], [ -93.017405422955605, 16.7314986625342 ], [ -93.017783780796194, 16.730520735073672 ], [ -93.018035810488641, 16.729590134516179 ], [ -93.018225083247287, 16.729327012323871 ], [ -93.018240187273804, 16.729006172636741 ], [ -93.018413967474856, 16.72622798833051 ], [ -93.018406342959778, 16.725630062799855 ], [ -93.018467311857833, 16.724946125862296 ], [ -93.018557494284167, 16.723653975827943 ], [ -93.018572588848414, 16.723245634523476 ], [ -93.018632713196666, 16.722101843448652 ], [ -93.0186783363214, 16.721284134659211 ], [ -93.01880681657542, 16.71967263810701 ], [ -93.018857231721583, 16.719468096234966 ], [ -93.018885359215247, 16.719075246387526 ], [ -93.018897195274008, 16.718838108395428 ], [ -93.018927527100431, 16.718052772407887 ], [ -93.018961957634033, 16.717519608478021 ], [ -93.016616292901688, 16.714945966778622 ], [ -93.016097785816029, 16.715644859286865 ], [ -93.016031710493621, 16.714787840824169 ], [ -93.0158849921919, 16.714533812005225 ], [ -93.015738274278633, 16.714279783075579 ], [ -93.015418631072009, 16.714211304595821 ], [ -93.015218877630005, 16.714026817633375 ], [ -93.015427185920288, 16.713867299462024 ], [ -93.015765539089585, 16.713441260706595 ], [ -93.015912292684192, 16.712885485016937 ], [ -93.015975187302658, 16.712653069571246 ], [ -93.015975183939815, 16.712612650336911 ], [ -93.016059036979613, 16.712228661104842 ], [ -93.016186426483742, 16.711966476862479 ], [ -93.016060009158494, 16.711861322003088 ], [ -93.01623695626796, 16.711407692782963 ], [ -93.01663725187143, 16.710402314974164 ], [ -93.017374272165256, 16.710867398239188 ], [ -93.017983082551936, 16.709918523809804 ], [ -93.018883564961655, 16.710513305504531 ], [ -93.019140904366978, 16.710690057553059 ], [ -93.019304432521352, 16.710739363421567 ], [ -93.019519751331885, 16.710701898933511 ], [ -93.019929108635125, 16.710661741488114 ], [ -93.020500795478398, 16.710646082012609 ], [ -93.020766641636513, 16.710513293565718 ], [ -93.021114969818029, 16.709917697226469 ], [ -93.021490288950872, 16.709540288447965 ], [ -93.021511259903207, 16.709540286267551 ], [ -93.021762911330768, 16.709540259936649 ], [ -93.021804853235324, 16.709540255518387 ], [ -93.021836309663726, 16.709540252199158 ], [ -93.021867766092114, 16.709540248875143 ], [ -93.021909712607822, 16.709580663680558 ], [ -93.021909717219003, 16.709621082925338 ], [ -93.021930690487906, 16.709641290324708 ], [ -93.021993617264357, 16.709762541376136 ], [ -93.0220145928742, 16.709802958388682 ], [ -93.022014625307762, 16.710085893092579 ], [ -93.021993654295912, 16.710085895324109 ], [ -93.021406531293252, 16.710672035950555 ], [ -93.021343624804032, 16.710732671314947 ], [ -93.021217823987726, 16.710965094894902 ], [ -93.021092022867165, 16.711197518393444 ], [ -93.021051290106598, 16.711435650686347 ], [ -93.021037986555612, 16.711513425915548 ], [ -93.021035892473648, 16.711577624391261 ], [ -93.021029173649751, 16.711783603746884 ], [ -93.021029197995574, 16.712005909545049 ], [ -93.021092124979887, 16.712127160842901 ], [ -93.02115505649688, 16.712288831354481 ], [ -93.021197005694845, 16.71234945591037 ], [ -93.021280913129644, 16.712551543462549 ], [ -93.021322871401921, 16.712693006457211 ], [ -93.021351883470828, 16.712927221933853 ], [ -93.021301942705193, 16.713076991323735 ], [ -93.021134200914815, 16.713339733541851 ], [ -93.020945478450884, 16.713521639284334 ], [ -93.020798696254289, 16.713683331022001 ], [ -93.020924557721216, 16.713986462538955 ], [ -93.021141477905005, 16.714157376981642 ], [ -93.021336710209752, 16.714301585726577 ], [ -93.021952220568267, 16.714532015539675 ], [ -93.022455543596806, 16.714592590320638 ], [ -93.022665261022155, 16.714612777047741 ], [ -93.022728170157507, 16.71456729851247 ], [ -93.022791079263015, 16.714521819957895 ], [ -93.022916897384619, 16.714430862790824 ], [ -93.02289589938735, 16.714208559371158 ], [ -93.022853896322985, 16.71370332366854 ], [ -93.022790919730951, 16.713177880629903 ], [ -93.022623096549893, 16.712733287509696 ], [ -93.02254663455146, 16.712488693749524 ], [ -93.022581099284437, 16.71226847091237 ], [ -93.022623025117298, 16.712126999006951 ], [ -93.022865369432296, 16.712188378675378 ], [ -93.023079597710733, 16.712358567696331 ], [ -93.023229948037667, 16.712597573115914 ], [ -93.023493109646481, 16.713405148844149 ], [ -93.023650819735849, 16.713784072497401 ], [ -93.023850175774584, 16.713814342992155 ], [ -93.024053088530522, 16.713633242039833 ], [ -93.024405723899463, 16.713258534780042 ], [ -93.02586023743379, 16.711217037330851 ], [ -93.026496015754404, 16.710968344281117 ], [ -93.027076626699369, 16.712885757954567 ], [ -93.027720261698278, 16.714125245438982 ], [ -93.027694408362279, 16.715341787391505 ], [ -93.028033407671671, 16.717376307917846 ], [ -93.027906505889675, 16.718478321463596 ], [ -93.027271070489405, 16.719889890160758 ], [ -93.026359272861924, 16.721408019221286 ], [ -93.026055420285246, 16.722526591858077 ], [ -93.025640941079786, 16.723085910710108 ], [ -93.025641033608565, 16.723778336476524 ], [ -93.025171307559788, 16.724577346995087 ], [ -93.024895070082295, 16.725616018965855 ], [ -93.024342474656493, 16.72681451372631 ], [ -93.023706929553256, 16.727773330667752 ], [ -93.022712193609749, 16.729637664750108 ], [ -93.021910826800422, 16.73080954802985 ], [ -93.021524042520213, 16.732141175725388 ], [ -93.021607170519019, 16.734032020331611 ], [ -93.022160049995307, 16.734964072392057 ], [ -93.022574680992435, 16.735390135177909 ], [ -93.023016920706283, 16.735549876741189 ], [ -93.023887521532487, 16.735376671626348 ], [ -93.024951633661061, 16.735523020310037 ], [ -93.025856768506927, 16.735256591664509 ], [ -93.027204157267789, 16.735249760633273 ], [ -93.027774174907606, 16.735029972983966 ], [ -93.028234988486517, 16.73501294132787 ], [ -93.028097835646946, 16.734257926383492 ], [ -93.029247539932726, 16.734047682793445 ], [ -93.029220764211431, 16.733729613832399 ], [ -93.029032836813158, 16.733273750416739 ], [ -93.028615296719636, 16.732750876109954 ], [ -93.028336952783278, 16.73250285671471 ], [ -93.027789079843743, 16.732171628135962 ], [ -93.027589491346049, 16.73094403399983 ], [ -93.02757185459383, 16.729930022122261 ], [ -93.027710281033364, 16.72933877558631 ], [ -93.027725070653915, 16.729414045954275 ], [ -93.027859461720155, 16.730098013718852 ], [ -93.028289735797145, 16.730825829431023 ], [ -93.028565843495656, 16.731161855172036 ], [ -93.028790892059135, 16.731309664004296 ], [ -93.028976990012154, 16.73186848694661 ], [ -93.029282013064318, 16.73231819277704 ], [ -93.029784879828682, 16.732657928923011 ], [ -93.02981357654312, 16.732445015024471 ], [ -93.02988, 16.732444333339011 ], [ -93.030085472658911, 16.732476511863108 ], [ -93.030121636093128, 16.73248600973967 ], [ -93.030380255134688, 16.732526096260653 ], [ -93.030413130305206, 16.732530315043345 ], [ -93.03065202341169, 16.73256195688516 ], [ -93.030739896408974, 16.732579124883497 ], [ -93.031055509023915, 16.73264100915307 ], [ -93.031284494582053, 16.73269582051061 ], [ -93.03134231265966, 16.732711584815608 ], [ -93.031547833333349, 16.732766833339003 ], [ -93.031598333182572, 16.732779405278535 ], [ -93.032050525538551, 16.732906443711435 ], [ -93.032091166666689, 16.73291333333902 ], [ -93.03226, 16.73296033333904 ], [ -93.032309833333315, 16.732973833338999 ], [ -93.032500483567702, 16.733044902991367 ], [ -93.032540421663043, 16.733062854242846 ], [ -93.032758747303035, 16.733144911340329 ], [ -93.032824654801317, 16.733155648704525 ], [ -93.034102166666543, 16.73342033263916 ], [ -93.036110729177182, 16.733965418835194 ], [ -93.038443316325001, 16.734388490524012 ], [ -93.039167991642216, 16.733767878615179 ], [ -93.039366751541138, 16.733971959178948 ], [ -93.039868372557436, 16.733554783439288 ], [ -93.03966362732271, 16.733344852206848 ], [ -93.040334113258723, 16.732770232026152 ], [ -93.040579456652296, 16.732574467202948 ], [ -93.039751217280767, 16.731671213267504 ], [ -93.040678513445172, 16.730892560795748 ], [ -93.040491505314492, 16.73000750585302 ], [ -93.040686110694139, 16.730011217998907 ], [ -93.040707346781005, 16.730011149438379 ], [ -93.040728582867814, 16.730011080875578 ], [ -93.040778827871435, 16.730008933366786 ], [ -93.040752166666508, 16.729889999305577 ], [ -93.041044833333189, 16.729938999305567 ], [ -93.041086293475672, 16.729942832582235 ], [ -93.041086293475672, 16.729942832582239 ] ] ] ] } },
{ "type": "Feature", "properties": { "ID": 111, "ENTIDAD": 7, "MUNICIPIO": 27, "NOMBRE": "CHIAPA DE CORZO", "CONTROL": 179, "GEOMETRY1_": null, "ID_2": 2182, "ENTIDAD_2": 7, "DISTRITO_F": 6, "DISTRITO_L": 3, "MUNICIPIO_2": 27, "SECCION": 2299, "TIPO": 2, "CONTROL_2": 2925, "GEOMETRY1__2": null }, "geometry": { "type": "MultiPolygon", "coordinates": [ [ [ [ -93.032758747303035, 16.733144911340329 ], [ -93.032540421663043, 16.733062854242846 ], [ -93.032500483567702, 16.733044902991367 ], [ -93.032309833333315, 16.732973833338999 ], [ -93.03226, 16.73296033333904 ], [ -93.032091166666689, 16.73291333333902 ], [ -93.032050525538551, 16.732906443711435 ], [ -93.031598333182572, 16.732779405278535 ], [ -93.031547833333349, 16.732766833339003 ], [ -93.03134231265966, 16.732711584815608 ], [ -93.031284494582053, 16.73269582051061 ], [ -93.031055509023915, 16.73264100915307 ], [ -93.030739896408974, 16.732579124883497 ], [ -93.03065202341169, 16.73256195688516 ], [ -93.030413130305206, 16.732530315043345 ], [ -93.030380255134688, 16.732526096260653 ], [ -93.030121636093128, 16.73248600973967 ], [ -93.030085472658911, 16.732476511863108 ], [ -93.02988, 16.732444333339011 ], [ -93.02981357654312, 16.732445015024471 ], [ -93.029784879828682, 16.732657928923011 ], [ -93.029282013064318, 16.73231819277704 ], [ -93.028976990012154, 16.73186848694661 ], [ -93.028790892059135, 16.731309664004296 ], [ -93.028565843495656, 16.731161855172036 ], [ -93.028289735797145, 16.730825829431023 ], [ -93.027859461720155, 16.730098013718852 ], [ -93.027725070653915, 16.729414045954275 ], [ -93.027710281033364, 16.72933877558631 ], [ -93.028655749611303, 16.728836938078079 ], [ -93.028654333333122, 16.728888165271844 ], [ -93.028679324109063, 16.728945897793697 ], [ -93.029077892418584, 16.729014340707792 ], [ -93.029319384726378, 16.7290401557519 ], [ -93.029871266282598, 16.729124041692096 ], [ -93.030191248388277, 16.729183125888245 ], [ -93.030809292474217, 16.729271730704944 ], [ -93.031208172599236, 16.72933080154154 ], [ -93.031957716311013, 16.729436277499996 ], [ -93.031935862921685, 16.729812183263352 ], [ -93.031973155190457, 16.730022302697051 ], [ -93.031924599742936, 16.730347142486174 ], [ -93.031892132712613, 16.730424615222148 ], [ -93.031767270971457, 16.730786810040307 ], [ -93.031564484885507, 16.731128563936455 ], [ -93.031309334253166, 16.731463715339327 ], [ -93.031133245040749, 16.731809869225021 ], [ -93.031774030029098, 16.731898677384372 ], [ -93.032141475628265, 16.732035694207077 ], [ -93.033024670473935, 16.732365025328651 ], [ -93.032891115111354, 16.732711076953564 ], [ -93.032979521816713, 16.732755148858402 ], [ -93.032825299602521, 16.733108984293118 ], [ -93.032824654801317, 16.733155648704525 ], [ -93.032758747303035, 16.733144911340329 ] ] ] ] } },
{ "type": "Feature", "properties": { "ID": 111, "ENTIDAD": 7, "MUNICIPIO": 27, "NOMBRE": "CHIAPA DE CORZO", "CONTROL": 179, "GEOMETRY1_": null, "ID_2": 2257, "ENTIDAD_2": 7, "DISTRITO_F": 6, "DISTRITO_L": 3, "MUNICIPIO_2": 27, "SECCION": 2374, "TIPO": 2, "CONTROL_2": 3009, "GEOMETRY1__2": null }, "geometry": { "type": "MultiPolygon", "coordinates": [ [ [ [ -93.055353014999355, 16.748900459916388 ], [ -93.05538695399936, 16.748945505916438 ], [ -93.055687307999335, 16.749306243916543 ], [ -93.056032907999338, 16.749703274916676 ], [ -93.056083354, 16.749766167000011 ], [ -93.05635798499938, 16.750094028916727 ], [ -93.056519045999323, 16.750273335916827 ], [ -93.056674215, 16.750477182999973 ], [ -93.056724397608036, 16.750534118009742 ], [ -93.056858168999142, 16.750685889218758 ], [ -93.056995291999129, 16.750828259218846 ], [ -93.05733032299915, 16.751144074219006 ], [ -93.057659214999077, 16.751487766219132 ], [ -93.057791461999102, 16.751616659219156 ], [ -93.057983182766563, 16.751815079411632 ], [ -93.058241045999125, 16.752063166219358 ], [ -93.058117677, 16.752170950999965 ], [ -93.057417511, 16.752703701 ], [ -93.057159507999174, 16.752900012219722 ], [ -93.057080046, 16.752944334999953 ], [ -93.057058505388639, 16.75292113059913 ], [ -93.057028091338211, 16.752888367052709 ], [ -93.056246491999346, 16.752046382917385 ], [ -93.055658307999352, 16.752505597917487 ], [ -93.055173953999329, 16.752854428917548 ], [ -93.050036997, 16.752482603000033 ], [ -93.049967277, 16.752420889 ], [ -93.049833178, 16.752280014000032 ], [ -93.049782472, 16.752216215999987 ], [ -93.049726355, 16.75214560999996 ], [ -93.04970903, 16.752076210000013 ], [ -93.049665449000017, 16.75201586 ], [ -93.049519633, 16.751829092999955 ], [ -93.049361659, 16.751652765999978 ], [ -93.049290783, 16.751690583 ], [ -93.046843278, 16.749062535999954 ], [ -93.046487193, 16.7493298 ], [ -93.046049395, 16.748965795000018 ], [ -93.046110934, 16.748852150000015 ], [ -93.046066201, 16.74881016699997 ], [ -93.045904834, 16.748664154 ], [ -93.046128717, 16.748467849 ], [ -93.046471946, 16.748349540999978 ], [ -93.046275954, 16.74811304 ], [ -93.046871848, 16.747630958999956 ], [ -93.04702476, 16.747518960000036 ], [ -93.047563733, 16.747095038999976 ], [ -93.047978197, 16.746780815000022 ], [ -93.048223317, 16.746584329000019 ], [ -93.048396677, 16.746435037999987 ], [ -93.048738769, 16.746162896000037 ], [ -93.049009854, 16.745933262 ], [ -93.049087497, 16.745865146 ], [ -93.049761676, 16.746613814000042 ], [ -93.050401999, 16.747326568000034 ], [ -93.050846736, 16.747813832 ], [ -93.051218741, 16.747561957000023 ], [ -93.051636947, 16.747430343000026 ], [ -93.052100071, 16.747313638000044 ], [ -93.052546082, 16.747221355 ], [ -93.052812253, 16.747021779999969 ], [ -93.052860304, 16.746957640000023 ], [ -93.053200533, 16.746689300000043 ], [ -93.053270932, 16.746624899 ], [ -93.053285169, 16.746639152000036 ], [ -93.053705092, 16.74702915200001 ], [ -93.054170923, 16.747459521000021 ], [ -93.054980862, 16.74846609 ], [ -93.055053291999371, 16.748557535916341 ], [ -93.055353014999355, 16.748900459916388 ] ] ] ] } },
{ "type": "Feature", "properties": { "ID": 111, "ENTIDAD": 7, "MUNICIPIO": 27, "NOMBRE": "CHIAPA DE CORZO", "CONTROL": 179, "GEOMETRY1_": null, "ID_2": 1813, "ENTIDAD_2": 7, "DISTRITO_F": 9, "DISTRITO_L": 1, "MUNICIPIO_2": 102, "SECCION": 1930, "TIPO": 2, "CONTROL_2": 2156, "GEOMETRY1__2": null }, "geometry": { "type": "MultiPolygon", "coordinates": [ [ [ [ -93.071239856217019, 16.796045186792583 ], [ -93.071239856217019, 16.796045186792654 ], [ -93.070347342299002, 16.790699062243217 ], [ -93.071239856217019, 16.796045186792583 ] ] ], [ [ [ -93.071138881233566, 16.798199167934207 ], [ -93.06658568142629, 16.802668274964606 ], [ -93.066019273178455, 16.803667182297584 ], [ -93.065276658287829, 16.803961899415629 ], [ -93.065276658252785, 16.803961898706298 ], [ -93.066019273178298, 16.803667181574312 ], [ -93.066585681426133, 16.802668274241249 ], [ -93.071138881233395, 16.798199167210402 ], [ -93.071239843554906, 16.796045456901712 ], [ -93.071138881233566, 16.798199167934207 ] ] ], [ [ [ -93.065575428032403, 16.80595135588398 ], [ -93.065181577328232, 16.807073703174929 ], [ -93.065181577218922, 16.807073702763198 ], [ -93.065575427905273, 16.805951355522879 ], [ -93.065575428032403, 16.80595135588398 ] ] ], [ [ [ -93.065357521212178, 16.807736410108333 ], [ -93.065247140067726, 16.80840078712275 ], [ -93.064847320050944, 16.808569052482643 ], [ -93.064796535146087, 16.809606431408262 ], [ -93.064521091660666, 16.811350336283123 ], [ -93.064521091656317, 16.811350335587303 ], [ -93.064796535145959, 16.809606430685719 ], [ -93.064847320050788, 16.808569051759921 ], [ -93.065247140067598, 16.808400786400025 ], [ -93.065357521138239, 16.807736409829811 ], [ -93.065357521212178, 16.807736410108333 ] ] ], [ [ [ -93.064660247449595, 16.815290437796477 ], [ -93.064269999844953, 16.816993527477052 ], [ -93.06342388705032, 16.828240419848367 ], [ -93.063373866434674, 16.829402241181896 ], [ -93.063373866414835, 16.829402240918522 ], [ -93.063423887050192, 16.828240419127727 ], [ -93.064269999844839, 16.816993526755226 ], [ -93.064660247405584, 16.815290437265983 ], [ -93.064660247449595, 16.815290437796477 ] ] ], [ [ [ -93.063498768781528, 16.831060843083968 ], [ -93.063281332632428, 16.832928853846916 ], [ -93.063281332577191, 16.832928853599977 ], [ -93.063498768748545, 16.831060842645869 ], [ -93.063498768781528, 16.831060843083968 ] ] ] ] } },
{ "type": "Feature", "properties": { "ID": 111, "ENTIDAD": 7, "MUNICIPIO": 27, "NOMBRE": "CHIAPA DE CORZO", "CONTROL": 179, "GEOMETRY1_": null, "ID_2": 284, "ENTIDAD_2": 7, "DISTRITO_F": 10, "DISTRITO_L": 23, "MUNICIPIO_2": 20, "SECCION": 297, "TIPO": 4, "CONTROL_2": 2611, "GEOMETRY1__2": null }, "geometry": { "type": "MultiPolygon", "coordinates": [ [ [ [ -92.861763327268534, 16.322550415330969 ], [ -92.864293592814249, 16.319963851758221 ], [ -92.86555870064754, 16.318670558175477 ], [ -92.864293592814249, 16.319963851758306 ], [ -92.861763327268534, 16.322550415330969 ], [ -92.848230411185781, 16.336382747671703 ], [ -92.861763327268534, 16.322550415330969 ] ] ], [ [ [ -92.870706153760068, 16.313408166978697 ], [ -92.872489645428416, 16.313187093765404 ], [ -92.870706153759457, 16.313408167750541 ], [ -92.86682424712231, 16.317376791307787 ], [ -92.870706153760068, 16.313408166978697 ] ] ], [ [ [ -92.893805030360426, 16.327916325631371 ], [ -92.893805030360426, 16.327916325631371 ], [ -92.894083308485335, 16.322494929852699 ], [ -92.893805030360426, 16.327916325631371 ] ] ] ] } },
{ "type": "Feature", "properties": { "ID": 111, "ENTIDAD": 7, "MUNICIPIO": 27, "NOMBRE": "CHIAPA DE CORZO", "CONTROL": 179, "GEOMETRY1_": null, "ID_2": 1758, "ENTIDAD_2": 7, "DISTRITO_F": 10, "DISTRITO_L": 23, "MUNICIPIO_2": 109, "SECCION": 1875, "TIPO": 4, "CONTROL_2": 1687, "GEOMETRY1__2": null }, "geometry": { "type": "MultiPolygon", "coordinates": [ [ [ [ -93.070177688033468, 16.464900221716057 ], [ -93.05047068439336, 16.488915532659686 ], [ -93.070177688033382, 16.46490022171605 ], [ -93.070177688033468, 16.464900221716057 ] ] ], [ [ [ -93.074291582003639, 16.489854341495761 ], [ -93.093228132598554, 16.496618788860168 ], [ -93.074291582003639, 16.48985434149585 ], [ -93.05047068439336, 16.488915532659686 ], [ -93.074291582003639, 16.489854341495761 ] ] ], [ [ [ -93.09886531973676, 16.498200680217398 ], [ -93.102601138570577, 16.498882515675348 ], [ -93.09886531973676, 16.49820068021749 ], [ -93.096974495198765, 16.497902183266948 ], [ -93.09886531973676, 16.498200680217398 ] ] ] ] } },
{ "type": "Feature", "properties": { "ID": 111, "ENTIDAD": 7, "MUNICIPIO": 27, "NOMBRE": "CHIAPA DE CORZO", "CONTROL": 179, "GEOMETRY1_": null, "ID_2": 1759, "ENTIDAD_2": 7, "DISTRITO_F": 10, "DISTRITO_L": 23, "MUNICIPIO_2": 109, "SECCION": 1876, "TIPO": 4, "CONTROL_2": 2670, "GEOMETRY1__2": null }, "geometry": { "type": "MultiPolygon", "coordinates": [ [ [ [ -93.087894233994092, 16.42300251791977 ], [ -93.096306680261392, 16.423863527397522 ], [ -93.087894233994092, 16.423002517919858 ], [ -93.084918069467449, 16.422697826446811 ], [ -93.087894233994092, 16.42300251791977 ] ] ], [ [ [ -93.041235981978616, 16.463521046344844 ], [ -93.041364560051946, 16.463527182434305 ], [ -93.041235981978588, 16.463521046344844 ], [ -93.042892612809723, 16.462642067990014 ], [ -93.041235981978616, 16.463521046344844 ] ] ] ] } }
]
}
