{
"type": "FeatureCollection",
"name": "CUAUHTEMOCSECCIONES",
"crs": { "type": "name", "properties": { "name": "urn:ogc:def:crs:OGC:1.3:CRS84" } },
"features": [
{ "type": "Feature", "properties": { "ID": 269, "ENTIDAD": 8, "DISTRITO_F": 7, "DISTRITO_L": 14, "MUNICIPIO": 17, "SECCION": 291, "TIPO": 2, "CONTROL": 7958, "GEOMETRY1_": null }, "geometry": { "type": "MultiPolygon", "coordinates": [ [ [ [ -106.858666227490147, 28.417859806628361 ], [ -106.858432133689433, 28.417673539480717 ], [ -106.85812581410579, 28.417443189388418 ], [ -106.857545909940185, 28.417019254896744 ], [ -106.857042408180178, 28.416519846406995 ], [ -106.856397980388337, 28.415834400574866 ], [ -106.855763763350637, 28.415116644149773 ], [ -106.856722681973892, 28.414440672335477 ], [ -106.857173504125953, 28.414122868495184 ], [ -106.857706359704252, 28.413755606754545 ], [ -106.858491723270703, 28.413194259965479 ], [ -106.85929802641968, 28.412627715634397 ], [ -106.860059187838118, 28.412073237824767 ], [ -106.860696396877785, 28.412786264893846 ], [ -106.86115637855751, 28.413248787573167 ], [ -106.861752389037491, 28.413684774554447 ], [ -106.862306244458892, 28.41409565613219 ], [ -106.861627590997188, 28.414795989777272 ], [ -106.860969428946845, 28.415471359727615 ], [ -106.860626659893214, 28.415824655937968 ], [ -106.860283888581051, 28.416177951374362 ], [ -106.859489288610078, 28.417034112140811 ], [ -106.858666227490147, 28.417859806628361 ] ] ] ] } },
{ "type": "Feature", "properties": { "ID": 273, "ENTIDAD": 8, "DISTRITO_F": 7, "DISTRITO_L": 14, "MUNICIPIO": 17, "SECCION": 295, "TIPO": 2, "CONTROL": 16101, "GEOMETRY1_": null }, "geometry": { "type": "MultiPolygon", "coordinates": [ [ [ [ -106.874198987986986, 28.405930749215507 ], [ -106.873720300743287, 28.405417781618922 ], [ -106.873358216553427, 28.405029762793745 ], [ -106.874156314693522, 28.404478383936077 ], [ -106.873523673738362, 28.403781904347323 ], [ -106.872828576508311, 28.403035893968735 ], [ -106.872185817675742, 28.40234604252797 ], [ -106.871544908612663, 28.401658163904774 ], [ -106.870880828088602, 28.400936880114777 ], [ -106.871662681468607, 28.400374247863812 ], [ -106.872447568816767, 28.399784356595628 ], [ -106.873284176300913, 28.399174734285701 ], [ -106.873697690322814, 28.400046372774188 ], [ -106.874280264221241, 28.40057197547906 ], [ -106.874383024483336, 28.400710717013137 ], [ -106.874598887700571, 28.400978433155668 ], [ -106.874804740458856, 28.401216418724683 ], [ -106.874983112439523, 28.401440491375965 ], [ -106.875004695456909, 28.402005739514799 ], [ -106.874797192071554, 28.402769511831142 ], [ -106.874668355721724, 28.403377961302802 ], [ -106.874698849238683, 28.403788847123671 ], [ -106.874798920987573, 28.404188492359506 ], [ -106.874835567729946, 28.40448048098796 ], [ -106.874817205755562, 28.405226787095035 ], [ -106.87468990671799, 28.405666342748301 ], [ -106.874198987986986, 28.405930749215507 ] ] ] ] } },
{ "type": "Feature", "properties": { "ID": 274, "ENTIDAD": 8, "DISTRITO_F": 7, "DISTRITO_L": 14, "MUNICIPIO": 17, "SECCION": 296, "TIPO": 2, "CONTROL": 15511, "GEOMETRY1_": null }, "geometry": { "type": "MultiPolygon", "coordinates": [ [ [ [ -106.882140551547806, 28.398350991906447 ], [ -106.882116623796648, 28.398200705019708 ], [ -106.882067161769683, 28.397827073894394 ], [ -106.882002565553648, 28.397326098432817 ], [ -106.881929207567069, 28.396807520496168 ], [ -106.881855189007865, 28.396284266562919 ], [ -106.8817789825559, 28.395727749955082 ], [ -106.88239468165925, 28.395665999454604 ], [ -106.883766637329956, 28.395528391266989 ], [ -106.885175320685562, 28.395436935240216 ], [ -106.886556261028673, 28.395372397086508 ], [ -106.886629325344501, 28.39590435476703 ], [ -106.886689431298009, 28.396436756336289 ], [ -106.886764657291053, 28.39696446740145 ], [ -106.886834659197177, 28.397483288820897 ], [ -106.88545331533642, 28.397666550418855 ], [ -106.8840608201902, 28.397947380619794 ], [ -106.882727838808734, 28.398221229127227 ], [ -106.882140551547806, 28.398350991906447 ] ] ] ] } },
{ "type": "Feature", "properties": { "ID": 275, "ENTIDAD": 8, "DISTRITO_F": 7, "DISTRITO_L": 14, "MUNICIPIO": 17, "SECCION": 298, "TIPO": 2, "CONTROL": 8005, "GEOMETRY1_": null }, "geometry": { "type": "MultiPolygon", "coordinates": [ [ [ [ -106.866457917734934, 28.407583911344009 ], [ -106.865823893309681, 28.406863162674167 ], [ -106.865204703414904, 28.406161516033539 ], [ -106.864571657138114, 28.405451448557073 ], [ -106.865386801884412, 28.404892246331723 ], [ -106.866183806195991, 28.404338919265385 ], [ -106.866977957802817, 28.403773019457624 ], [ -106.867772673648645, 28.403215284297367 ], [ -106.868567381060743, 28.402657544846036 ], [ -106.86932949905345, 28.402090643113475 ], [ -106.869971230705076, 28.402784952088833 ], [ -106.87061799220055, 28.403484690210608 ], [ -106.87126460315298, 28.404184252618386 ], [ -106.870462427235452, 28.404773239899633 ], [ -106.869662135443264, 28.405334966699041 ], [ -106.868886490776489, 28.405879383737901 ], [ -106.868070273769959, 28.406452267581805 ], [ -106.867301538028045, 28.406991815573569 ], [ -106.866457917734934, 28.407583911344009 ] ] ] ] } },
{ "type": "Feature", "properties": { "ID": 75, "ENTIDAD": 8, "DISTRITO_F": 7, "DISTRITO_L": 13, "MUNICIPIO": 6, "SECCION": 83, "TIPO": 3, "CONTROL": 16219, "GEOMETRY1_": null }, "geometry": { "type": "MultiPolygon", "coordinates": [ [ [ [ -107.196481522831618, 28.674828113247706 ], [ -107.197756802545697, 28.677132254842693 ], [ -107.199033125023021, 28.679519061524505 ], [ -107.197756802545683, 28.677132254842693 ], [ -107.196481522831618, 28.674828113247706 ] ] ], [ [ [ -107.198602881559452, 28.685311100548141 ], [ -107.197948448276421, 28.68275346504776 ], [ -107.198602881559466, 28.685311100548141 ], [ -107.198903655990776, 28.689608312492911 ], [ -107.198602881559452, 28.685311100548141 ] ] ] ] } },
{ "type": "Feature", "properties": { "ID": 76, "ENTIDAD": 8, "DISTRITO_F": 7, "DISTRITO_L": 13, "MUNICIPIO": 6, "SECCION": 84, "TIPO": 3, "CONTROL": 16217, "GEOMETRY1_": null }, "geometry": { "type": "MultiPolygon", "coordinates": [ ] } },
{ "type": "Feature", "properties": { "ID": 80, "ENTIDAD": 8, "DISTRITO_F": 7, "DISTRITO_L": 13, "MUNICIPIO": 6, "SECCION": 89, "TIPO": 4, "CONTROL": 15358, "GEOMETRY1_": null }, "geometry": { "type": "MultiPolygon", "coordinates": [ [ [ [ -107.223618004577446, 29.004361158577559 ], [ -107.226636536832345, 29.006547013507834 ], [ -107.22862128007344, 29.007984164654339 ], [ -107.226636536832345, 29.006547013507923 ], [ -107.223618004577446, 29.004361158577559 ] ] ] ] } },
{ "type": "Feature", "properties": { "ID": 90, "ENTIDAD": 8, "DISTRITO_F": 7, "DISTRITO_L": 13, "MUNICIPIO": 6, "SECCION": 101, "TIPO": 2, "CONTROL": 16201, "GEOMETRY1_": null }, "geometry": { "type": "MultiPolygon", "coordinates": [ [ [ [ -107.112990298385469, 28.861235507054239 ], [ -107.113721640070082, 28.863254845489188 ], [ -107.113721640070096, 28.863254845489273 ], [ -107.113721640070082, 28.863254845489273 ], [ -107.112990298385469, 28.861235507054239 ] ] ] ] } },
{ "type": "Feature", "properties": { "ID": 291, "ENTIDAD": 8, "DISTRITO_F": 7, "DISTRITO_L": 14, "MUNICIPIO": 17, "SECCION": 315, "TIPO": 2, "CONTROL": 16100, "GEOMETRY1_": null }, "geometry": { "type": "MultiPolygon", "coordinates": [ [ [ [ -106.870088551865436, 28.401526011452223 ], [ -106.869442732741007, 28.400816391907767 ], [ -106.868810617508402, 28.400138244358637 ], [ -106.868162013536448, 28.399433876487002 ], [ -106.8689405022307, 28.398865635279805 ], [ -106.869725758041426, 28.398296436649613 ], [ -106.870550464547151, 28.397729039697282 ], [ -106.871378813737294, 28.397198256807879 ], [ -106.871830434050466, 28.396943863941882 ], [ -106.872342377942033, 28.396810267009421 ], [ -106.872801372525899, 28.396744396707401 ], [ -106.872830328111476, 28.397276545371618 ], [ -106.873016862432536, 28.397790184921067 ], [ -106.873054954187211, 28.397985066327585 ], [ -106.873122489481787, 28.398330581895593 ], [ -106.873429451515491, 28.399121252219114 ], [ -106.873341223768065, 28.399153732679242 ], [ -106.873284176300913, 28.399174734285701 ], [ -106.872447568816767, 28.399784356595628 ], [ -106.871662681468607, 28.400374247863812 ], [ -106.870880828088602, 28.400936880114777 ], [ -106.870088551865436, 28.401526011452223 ] ] ] ] } },
{ "type": "Feature", "properties": { "ID": 81, "ENTIDAD": 8, "DISTRITO_F": 7, "DISTRITO_L": 13, "MUNICIPIO": 6, "SECCION": 90, "TIPO": 4, "CONTROL": 17609, "GEOMETRY1_": null }, "geometry": { "type": "MultiPolygon", "coordinates": [ [ [ [ -107.143560885597395, 28.903564249476531 ], [ -107.144808907778355, 28.903768549439082 ], [ -107.146056934096222, 28.903972837564574 ], [ -107.144808907778341, 28.903768549439082 ], [ -107.143560885597395, 28.903564249476531 ] ] ], [ [ [ -107.200295549234824, 28.952859008495917 ], [ -107.200295549234824, 28.952859008495967 ], [ -107.19966424918573, 28.948811834776333 ], [ -107.200295549234824, 28.952859008495917 ] ] ] ] } },
{ "type": "Feature", "properties": { "ID": 281, "ENTIDAD": 8, "DISTRITO_F": 7, "DISTRITO_L": 14, "MUNICIPIO": 17, "SECCION": 304, "TIPO": 2, "CONTROL": 16073, "GEOMETRY1_": null }, "geometry": { "type": "MultiPolygon", "coordinates": [ [ [ [ -106.842009899602857, 28.42474360527418 ], [ -106.841686904196919, 28.424356833319461 ], [ -106.841351771530015, 28.423975787889752 ], [ -106.840982403005327, 28.423580182000844 ], [ -106.840664351122669, 28.423203911184316 ], [ -106.840306313940857, 28.422808150017644 ], [ -106.840080965583667, 28.42271642321883 ], [ -106.840285959838553, 28.422250631481496 ], [ -106.840349205701813, 28.422117659611054 ], [ -106.840359017560019, 28.422097030545288 ], [ -106.840500098881606, 28.421800411427643 ], [ -106.840709866594665, 28.421354174082186 ], [ -106.840932945036641, 28.420907756432563 ], [ -106.840988136408626, 28.420782952679428 ], [ -106.841131735010762, 28.420938929624924 ], [ -106.841487145996183, 28.421324974654059 ], [ -106.841839345759709, 28.421710796738601 ], [ -106.842169156267488, 28.422111943389542 ], [ -106.842527110884518, 28.422502693127718 ], [ -106.842879491870391, 28.422898524801937 ], [ -106.843207573584792, 28.423263857514783 ], [ -106.843568480101212, 28.423669097732127 ], [ -106.842790612839778, 28.424205375294903 ], [ -106.842009899602857, 28.42474360527418 ] ] ] ] } },
{ "type": "Feature", "properties": { "ID": 270, "ENTIDAD": 8, "DISTRITO_F": 7, "DISTRITO_L": 14, "MUNICIPIO": 17, "SECCION": 292, "TIPO": 2, "CONTROL": 8007, "GEOMETRY1_": null }, "geometry": { "type": "MultiPolygon", "coordinates": [ [ [ [ -106.862306244458892, 28.41409565613219 ], [ -106.861752389037491, 28.413684774554447 ], [ -106.86115637855751, 28.413248787573167 ], [ -106.860696396877785, 28.412786264893846 ], [ -106.860059187838118, 28.412073237824767 ], [ -106.859440526235062, 28.411374018606253 ], [ -106.858790773171975, 28.410669352301689 ], [ -106.858124176904496, 28.409954348533851 ], [ -106.858966809188473, 28.409363965640331 ], [ -106.859776033875917, 28.408820346484983 ], [ -106.860580614277993, 28.408251794438616 ], [ -106.861385185977966, 28.407683237994011 ], [ -106.862164695111289, 28.407114174837073 ], [ -106.862973180789069, 28.406567861533777 ], [ -106.863778994372154, 28.406008449573502 ], [ -106.864571657138114, 28.405451448557073 ], [ -106.865204703414904, 28.406161516033539 ], [ -106.865823893309681, 28.406863162674167 ], [ -106.866457917734934, 28.407583911344009 ], [ -106.867130684511025, 28.40827690294649 ], [ -106.867554009133244, 28.408765539277848 ], [ -106.867965117910728, 28.409234080004456 ], [ -106.868174851727289, 28.409473111494865 ], [ -106.867357645935286, 28.410025549961315 ], [ -106.866572351615659, 28.410566667477291 ], [ -106.866780941102505, 28.410792024020949 ], [ -106.865987719659472, 28.411353364365379 ], [ -106.86576791129329, 28.411120967666378 ], [ -106.864963640558955, 28.411675140746734 ], [ -106.864207905754341, 28.412298810333226 ], [ -106.863444578977919, 28.412944780828461 ], [ -106.862978019926175, 28.413401583554766 ], [ -106.862306244458892, 28.41409565613219 ] ] ] ] } },
{ "type": "Feature", "properties": { "ID": 316, "ENTIDAD": 8, "DISTRITO_F": 7, "DISTRITO_L": 14, "MUNICIPIO": 17, "SECCION": 340, "TIPO": 2, "CONTROL": 9681, "GEOMETRY1_": null }, "geometry": { "type": "MultiPolygon", "coordinates": [ [ [ [ -106.86022414768334, 28.383182994927409 ], [ -106.859550927357944, 28.382494140733588 ], [ -106.858908359606801, 28.3817930516073 ], [ -106.858193648436682, 28.381038888625262 ], [ -106.857482572254256, 28.380300056516099 ], [ -106.857209196891461, 28.380034098690874 ], [ -106.857037591438356, 28.380175272498139 ], [ -106.856800535321582, 28.380330535054874 ], [ -106.856726380800552, 28.380350684698342 ], [ -106.856554318797365, 28.379925672844614 ], [ -106.856365833440734, 28.379506283958388 ], [ -106.855953663555013, 28.37872674012894 ], [ -106.855919234656838, 28.378636247599879 ], [ -106.857570156313955, 28.377371112743273 ], [ -106.85823911201976, 28.378682013225625 ], [ -106.860136743920734, 28.377208556885606 ], [ -106.861866491530051, 28.375964882171161 ], [ -106.862069211078136, 28.376218546074458 ], [ -106.862402726464708, 28.376635885873782 ], [ -106.862673333989335, 28.376980497846436 ], [ -106.863071700025728, 28.377443946948901 ], [ -106.863422055735725, 28.377871781441225 ], [ -106.863493067608829, 28.377958497490329 ], [ -106.863772414793104, 28.37829962009598 ], [ -106.864071132106403, 28.378645903954013 ], [ -106.864370566746629, 28.379034308963195 ], [ -106.864921421575303, 28.379788121222383 ], [ -106.864351103190998, 28.380193250031009 ], [ -106.863876221884652, 28.380535685147745 ], [ -106.863372407998241, 28.380898979334457 ], [ -106.862418251996743, 28.381594998297437 ], [ -106.861663511345554, 28.382145540793275 ], [ -106.860863470575225, 28.382722192651535 ], [ -106.86022414768334, 28.383182994927409 ] ] ] ] } },
{ "type": "Feature", "properties": { "ID": 271, "ENTIDAD": 8, "DISTRITO_F": 7, "DISTRITO_L": 14, "MUNICIPIO": 17, "SECCION": 293, "TIPO": 2, "CONTROL": 8006, "GEOMETRY1_": null }, "geometry": { "type": "MultiPolygon", "coordinates": [ [ [ [ -106.868174851727289, 28.409473111494865 ], [ -106.867965117910728, 28.409234080004456 ], [ -106.867554009133244, 28.408765539277848 ], [ -106.867130684511025, 28.40827690294649 ], [ -106.866457917734934, 28.407583911344009 ], [ -106.867301538028045, 28.406991815573569 ], [ -106.868070273769959, 28.406452267581805 ], [ -106.868886490776489, 28.405879383737901 ], [ -106.869662135443264, 28.405334966699041 ], [ -106.870462427235452, 28.404773239899633 ], [ -106.87126460315298, 28.404184252618386 ], [ -106.871932329475996, 28.404926897876809 ], [ -106.872543377009833, 28.405606492463441 ], [ -106.871745452373588, 28.406159828939074 ], [ -106.87222292219856, 28.406675826540713 ], [ -106.871382195783426, 28.407214601493809 ], [ -106.870598450559356, 28.407796431471535 ], [ -106.869807609594247, 28.408362747012973 ], [ -106.86898116225322, 28.408897880570105 ], [ -106.868174851727289, 28.409473111494865 ] ] ] ] } },
{ "type": "Feature", "properties": { "ID": 249, "ENTIDAD": 8, "DISTRITO_F": 7, "DISTRITO_L": 14, "MUNICIPIO": 17, "SECCION": 271, "TIPO": 2, "CONTROL": 7147, "GEOMETRY1_": null }, "geometry": { "type": "MultiPolygon", "coordinates": [ [ [ [ -106.871055693892174, 28.447269083802794 ], [ -106.87107711317995, 28.441206193903692 ], [ -106.871019219483941, 28.436660151309304 ], [ -106.870993081247292, 28.436099866993924 ], [ -106.871000131381308, 28.435071446226765 ], [ -106.870991349332471, 28.434295777818857 ], [ -106.870976678054276, 28.432999917092644 ], [ -106.87091733085515, 28.431904788407319 ], [ -106.870937404305494, 28.424881407756207 ], [ -106.870943872519746, 28.422617946361829 ], [ -106.8732808773252, 28.422348955117172 ], [ -106.874182678905584, 28.422245145962073 ], [ -106.875554377748003, 28.422087233715775 ], [ -106.876010243037285, 28.422034750602808 ], [ -106.877495722648106, 28.421863718593183 ], [ -106.877408517193558, 28.421279016583281 ], [ -106.877345392545735, 28.42079702240444 ], [ -106.878774222566321, 28.420629000732468 ], [ -106.878861630793594, 28.420693887356247 ], [ -106.878892817794664, 28.420717038680891 ], [ -106.88019635427834, 28.420553368876121 ], [ -106.880127307442038, 28.420111540161724 ], [ -106.880502426597687, 28.420066541319837 ], [ -106.880574615379899, 28.420547919864138 ], [ -106.881945839977789, 28.420394926685752 ], [ -106.88198402785919, 28.420657446334921 ], [ -106.882079607351855, 28.421314493219505 ], [ -106.883614604825027, 28.421163147422195 ], [ -106.885709923389769, 28.420958541844254 ], [ -106.886594040040407, 28.420880406126887 ], [ -106.887247284843937, 28.420811846103415 ], [ -106.888294873789135, 28.42070189177474 ], [ -106.888844274905935, 28.420647545227617 ], [ -106.889467874648943, 28.420586045485727 ], [ -106.893315196980296, 28.420206538931197 ], [ -106.894659204230308, 28.420073960728121 ], [ -106.896265665309556, 28.419916159999641 ], [ -106.899609341007519, 28.419587652811369 ], [ -106.900909421972642, 28.43528791540318 ], [ -106.90174599249228, 28.44538726508878 ], [ -106.898858426494158, 28.445578756071626 ], [ -106.892575092354363, 28.445959649466612 ], [ -106.885593460259159, 28.446394613241406 ], [ -106.871055693892174, 28.447269083802794 ] ] ] ] } },
{ "type": "Feature", "properties": { "ID": 257, "ENTIDAD": 8, "DISTRITO_F": 7, "DISTRITO_L": 14, "MUNICIPIO": 17, "SECCION": 279, "TIPO": 2, "CONTROL": 7978, "GEOMETRY1_": null }, "geometry": { "type": "MultiPolygon", "coordinates": [ [ [ [ -106.878531706751943, 28.412447020721451 ], [ -106.878428854314905, 28.411744447959759 ], [ -106.877868695175522, 28.411094101547945 ], [ -106.87741649420461, 28.410238229860163 ], [ -106.877237168027349, 28.410326481647171 ], [ -106.876444430148695, 28.410701378586005 ], [ -106.875580778413749, 28.411109409992967 ], [ -106.875005302085142, 28.411278282267531 ], [ -106.874889884474129, 28.411144239823347 ], [ -106.874919688290191, 28.410993999579119 ], [ -106.874802581924357, 28.410415462158948 ], [ -106.874795548521561, 28.410379285768595 ], [ -106.874663969456478, 28.409732690958009 ], [ -106.874602614741477, 28.408890359805092 ], [ -106.874526479784095, 28.408323263200742 ], [ -106.874508915143849, 28.408192430671463 ], [ -106.874349257248738, 28.407711344678422 ], [ -106.874287907149707, 28.40686901297407 ], [ -106.874398016119372, 28.406550312589431 ], [ -106.874552551161287, 28.406532677576291 ], [ -106.875610306976085, 28.406415637837128 ], [ -106.876575461092614, 28.40630516242237 ], [ -106.877601303615464, 28.406195819615814 ], [ -106.878612701310644, 28.40608870935397 ], [ -106.880313252092051, 28.405887110060384 ], [ -106.88271286281595, 28.405615562471262 ], [ -106.883673733771374, 28.405506815083925 ], [ -106.88413216118181, 28.405466182819566 ], [ -106.884417740978236, 28.405434246137681 ], [ -106.884644550368392, 28.405408881373056 ], [ -106.88576014745594, 28.405284115211487 ], [ -106.88607791755885, 28.40524857471895 ], [ -106.8871401951575, 28.405129761554079 ], [ -106.889771288965278, 28.404831591113343 ], [ -106.890395651192733, 28.404763110026582 ], [ -106.891660126306618, 28.404624411307942 ], [ -106.891792142269608, 28.404609929945803 ], [ -106.892816743221672, 28.404497532886122 ], [ -106.894104757376226, 28.404362365617978 ], [ -106.895531114614442, 28.404212666989928 ], [ -106.896118140434581, 28.404145174261746 ], [ -106.898858970306094, 28.403838554840405 ], [ -106.900635123564939, 28.403649328388159 ], [ -106.901924650161874, 28.403511930942283 ], [ -106.903542557221328, 28.410080864387755 ], [ -106.897211036232378, 28.410635263054193 ], [ -106.897052038403856, 28.41064438011032 ], [ -106.893765584145513, 28.410949640567122 ], [ -106.893283246517271, 28.410977658759542 ], [ -106.888641549258935, 28.411422580257351 ], [ -106.887087679158569, 28.411569665501336 ], [ -106.886725523486334, 28.411615656889616 ], [ -106.885998211986021, 28.41166412193461 ], [ -106.885784311917106, 28.411716416582465 ], [ -106.885031054765093, 28.411801222835429 ], [ -106.884973951472588, 28.411789687437626 ], [ -106.884762924407568, 28.410830541870173 ], [ -106.884570585139244, 28.410076390637265 ], [ -106.884119198928047, 28.410115045694447 ], [ -106.883660051143409, 28.410175411973245 ], [ -106.88320484707009, 28.410228520394131 ], [ -106.883058392601797, 28.410237747764405 ], [ -106.882594980721208, 28.410287366789444 ], [ -106.882119353140212, 28.410337153113076 ], [ -106.88221473015804, 28.411124429475194 ], [ -106.88228121257896, 28.41194936219744 ], [ -106.881578667613155, 28.411850303468906 ], [ -106.881411938557918, 28.411841789296783 ], [ -106.881342879741169, 28.412165435069749 ], [ -106.8809779571409, 28.412176016961475 ], [ -106.880378371449197, 28.412248510816937 ], [ -106.87953489300277, 28.412339184432618 ], [ -106.878531706751943, 28.412447020721451 ] ] ] ] } },
{ "type": "Feature", "properties": { "ID": 258, "ENTIDAD": 8, "DISTRITO_F": 7, "DISTRITO_L": 14, "MUNICIPIO": 17, "SECCION": 280, "TIPO": 2, "CONTROL": 8009, "GEOMETRY1_": null }, "geometry": { "type": "MultiPolygon", "coordinates": [ [ [ [ -106.880313252092051, 28.405887110060384 ], [ -106.880291639628467, 28.405691655038598 ], [ -106.880244919544367, 28.405410584055758 ], [ -106.880165906448525, 28.40487946976975 ], [ -106.880093198953091, 28.404390735062179 ], [ -106.880020847489178, 28.403904388121603 ], [ -106.880491962798231, 28.403858141820599 ], [ -106.881060602488176, 28.403781239694933 ], [ -106.880978342050994, 28.403271473569657 ], [ -106.880899382143255, 28.402782155196817 ], [ -106.880872521935956, 28.402615687701712 ], [ -106.88081462799974, 28.402256923608576 ], [ -106.880737890594361, 28.40178136729897 ], [ -106.880705946546414, 28.401583402437542 ], [ -106.880655805786958, 28.401272666431272 ], [ -106.88064793748778, 28.401210985305262 ], [ -106.880592398320999, 28.401216205173014 ], [ -106.88054944888917, 28.400937763307851 ], [ -106.882057827887039, 28.400806577188753 ], [ -106.882184447544319, 28.400814632069885 ], [ -106.882182780507165, 28.40092858746717 ], [ -106.882584019747327, 28.400992622499572 ], [ -106.882798431867286, 28.40096390358319 ], [ -106.883296172260216, 28.400829619202788 ], [ -106.883477997454719, 28.400868694156951 ], [ -106.883643611701729, 28.400729909724248 ], [ -106.883809225515535, 28.400591125107887 ], [ -106.884070078811078, 28.400660365687528 ], [ -106.884952593915713, 28.400880887053635 ], [ -106.885614583200862, 28.401046299383196 ], [ -106.885827415071233, 28.40109947922047 ], [ -106.88663779064369, 28.401294967816835 ], [ -106.887330806538401, 28.401450416710578 ], [ -106.887948133615154, 28.401616884210949 ], [ -106.888382638658868, 28.401763476613691 ], [ -106.889144774035813, 28.401988397785548 ], [ -106.889246919792257, 28.40201386804166 ], [ -106.889577074612873, 28.402096192213705 ], [ -106.890100111853911, 28.402215474064146 ], [ -106.890509072520274, 28.402286266695963 ], [ -106.89074443208473, 28.402321233813357 ], [ -106.890942542938276, 28.402345793549394 ], [ -106.891227115234301, 28.402369152264299 ], [ -106.891604033742908, 28.402374841378752 ], [ -106.892042516242654, 28.402368749911854 ], [ -106.892434077931071, 28.402332287366299 ], [ -106.892999570828849, 28.402279626182988 ], [ -106.893567023875661, 28.402227473424333 ], [ -106.894134476223357, 28.402175318326233 ], [ -106.894688243179601, 28.402124406691964 ], [ -106.895613541102747, 28.402051445662273 ], [ -106.896584748794695, 28.401927575073035 ], [ -106.898772050381254, 28.401703051351213 ], [ -106.90181718287937, 28.401390413739914 ], [ -106.904862293363536, 28.401077708847676 ], [ -106.905297339585928, 28.401037656066329 ], [ -106.905732385396334, 28.400997601910102 ], [ -106.906066763201252, 28.400966815178382 ], [ -106.906070573173508, 28.40100912952353 ], [ -106.906229045765031, 28.402769118757536 ], [ -106.906255706461579, 28.403065303814898 ], [ -106.901924650161874, 28.403511930942283 ], [ -106.900635123564939, 28.403649328388159 ], [ -106.898858970306094, 28.403838554840405 ], [ -106.896118140434581, 28.404145174261746 ], [ -106.895531114614442, 28.404212666989928 ], [ -106.894104757376226, 28.404362365617978 ], [ -106.892816743221672, 28.404497532886122 ], [ -106.891792142269608, 28.404609929945803 ], [ -106.891660126306618, 28.404624411307942 ], [ -106.890395651192733, 28.404763110026582 ], [ -106.889771288965278, 28.404831591113343 ], [ -106.8871401951575, 28.405129761554079 ], [ -106.88607791755885, 28.40524857471895 ], [ -106.88576014745594, 28.405284115211487 ], [ -106.884644550368392, 28.405408881373056 ], [ -106.884417740978236, 28.405434246137681 ], [ -106.88413216118181, 28.405466182819566 ], [ -106.883673733771374, 28.405506815083925 ], [ -106.88271286281595, 28.405615562471262 ], [ -106.880313252092051, 28.405887110060384 ] ] ] ] } },
{ "type": "Feature", "properties": { "ID": 259, "ENTIDAD": 8, "DISTRITO_F": 7, "DISTRITO_L": 14, "MUNICIPIO": 17, "SECCION": 281, "TIPO": 2, "CONTROL": 16103, "GEOMETRY1_": null }, "geometry": { "type": "MultiPolygon", "coordinates": [ [ [ [ -106.871087204361359, 28.413142235402837 ], [ -106.871087330297314, 28.413057674358711 ], [ -106.871087439393747, 28.412984422461669 ], [ -106.871045611297887, 28.412711225567737 ], [ -106.870488246092023, 28.412083080682933 ], [ -106.869871385362828, 28.411377604233554 ], [ -106.869232422436809, 28.410663903868841 ], [ -106.868593468191818, 28.409950200029289 ], [ -106.868364872720932, 28.409689675217759 ], [ -106.868174851727289, 28.409473111494865 ], [ -106.86898116225322, 28.408897880570105 ], [ -106.869807609594247, 28.408362747012973 ], [ -106.870598450559356, 28.407796431471535 ], [ -106.871382195783426, 28.407214601493809 ], [ -106.87222292219856, 28.406675826540713 ], [ -106.872993287687649, 28.406304308640948 ], [ -106.873737070584568, 28.406139823583253 ], [ -106.874198987986986, 28.405930749215507 ], [ -106.87468990671799, 28.405666342748301 ], [ -106.874622344112552, 28.405870952517777 ], [ -106.874471292161459, 28.406328402639495 ], [ -106.874398016119372, 28.406550312589431 ], [ -106.874287907149707, 28.40686901297407 ], [ -106.874349257248738, 28.407711344678422 ], [ -106.874508915143849, 28.408192430671463 ], [ -106.874526479784095, 28.408323263200742 ], [ -106.874602614741477, 28.408890359805092 ], [ -106.874663969456478, 28.409732690958009 ], [ -106.874795548521561, 28.410379285768595 ], [ -106.874802581924357, 28.410415462158948 ], [ -106.874919688290191, 28.410993999579119 ], [ -106.874889884474129, 28.411144239823347 ], [ -106.87486569239978, 28.4112661911565 ], [ -106.874776142238787, 28.411479193667024 ], [ -106.87436712426701, 28.412109156895813 ], [ -106.874243961670203, 28.412298848422285 ], [ -106.873720062332509, 28.412763726071695 ], [ -106.873614228776034, 28.412862778025385 ], [ -106.873555711478176, 28.412874257504939 ], [ -106.873019694459529, 28.412973513433293 ], [ -106.872374070897436, 28.413106056936879 ], [ -106.871087204361359, 28.413142235402837 ] ] ] ] } },
{ "type": "Feature", "properties": { "ID": 272, "ENTIDAD": 8, "DISTRITO_F": 7, "DISTRITO_L": 14, "MUNICIPIO": 17, "SECCION": 294, "TIPO": 2, "CONTROL": 16102, "GEOMETRY1_": null }, "geometry": { "type": "MultiPolygon", "coordinates": [ [ [ [ -106.87222292219856, 28.406675826540713 ], [ -106.871745452373588, 28.406159828939074 ], [ -106.872543377009833, 28.405606492463441 ], [ -106.871932329475996, 28.404926897876809 ], [ -106.87126460315298, 28.404184252618386 ], [ -106.87061799220055, 28.403484690210608 ], [ -106.869971230705076, 28.402784952088833 ], [ -106.86932949905345, 28.402090643113475 ], [ -106.870088551865436, 28.401526011452223 ], [ -106.870880828088602, 28.400936880114777 ], [ -106.871544908612663, 28.401658163904774 ], [ -106.872185817675742, 28.40234604252797 ], [ -106.872828576508311, 28.403035893968735 ], [ -106.873523673738362, 28.403781904347323 ], [ -106.874156314693522, 28.404478383936077 ], [ -106.873358216553427, 28.405029762793745 ], [ -106.873720300743287, 28.405417781618922 ], [ -106.874198987986986, 28.405930749215507 ], [ -106.873737070584568, 28.406139823583253 ], [ -106.872993287687649, 28.406304308640948 ], [ -106.87222292219856, 28.406675826540713 ] ] ] ] } },
{ "type": "Feature", "properties": { "ID": 304, "ENTIDAD": 8, "DISTRITO_F": 7, "DISTRITO_L": 14, "MUNICIPIO": 17, "SECCION": 328, "TIPO": 2, "CONTROL": 16065, "GEOMETRY1_": null }, "geometry": { "type": "MultiPolygon", "coordinates": [ [ [ [ -106.868417583958419, 28.39690587356354 ], [ -106.867903084207128, 28.396209413876857 ], [ -106.86733725573346, 28.39544345889875 ], [ -106.866696619757235, 28.39474260377213 ], [ -106.867498909880098, 28.39418686619182 ], [ -106.868332443365418, 28.393593122557178 ], [ -106.869097775936183, 28.393047949833626 ], [ -106.869899261404584, 28.392470194218067 ], [ -106.870678145003282, 28.391930540513464 ], [ -106.871319075614053, 28.392625297727829 ], [ -106.871901607909521, 28.393378285859779 ], [ -106.872434021575884, 28.394066477959893 ], [ -106.871661624988405, 28.394617547897571 ], [ -106.870849318849849, 28.395197080898019 ], [ -106.8700409971498, 28.395767828936187 ], [ -106.869257113696449, 28.39632747359283 ], [ -106.868417583958419, 28.39690587356354 ] ] ] ] } },
{ "type": "Feature", "properties": { "ID": 256, "ENTIDAD": 8, "DISTRITO_F": 7, "DISTRITO_L": 14, "MUNICIPIO": 17, "SECCION": 278, "TIPO": 2, "CONTROL": 16078, "GEOMETRY1_": null }, "geometry": { "type": "MultiPolygon", "coordinates": [ [ [ [ -106.874602411893534, 28.417517693946269 ], [ -106.874547930617695, 28.417515665124956 ], [ -106.874348488507096, 28.417508237938542 ], [ -106.873639241303067, 28.417481823324803 ], [ -106.872221660759536, 28.417435894622756 ], [ -106.871023920259347, 28.417397077032984 ], [ -106.871027811916079, 28.417165907807401 ], [ -106.871041304256892, 28.416364452173909 ], [ -106.871046139484577, 28.416077238156397 ], [ -106.871048438480997, 28.415940677487836 ], [ -106.871071656292827, 28.414561552034055 ], [ -106.871086468860767, 28.413636146908573 ], [ -106.871086854302575, 28.413377299753332 ], [ -106.871087204361359, 28.413142235402837 ], [ -106.872374070897436, 28.413106056936879 ], [ -106.873019694459529, 28.412973513433293 ], [ -106.873555711478176, 28.412874257504939 ], [ -106.873614228776034, 28.412862778025385 ], [ -106.873720062332509, 28.412763726071695 ], [ -106.874243961670203, 28.412298848422285 ], [ -106.87436712426701, 28.412109156895813 ], [ -106.874776142238787, 28.411479193667024 ], [ -106.87486569239978, 28.4112661911565 ], [ -106.874889884474129, 28.411144239823347 ], [ -106.875005302085142, 28.411278282267531 ], [ -106.875346818245362, 28.411749225656052 ], [ -106.87565901959691, 28.412061762274355 ], [ -106.876209682147575, 28.412736624710632 ], [ -106.876265279802823, 28.412802589603086 ], [ -106.876747454808438, 28.413374670681783 ], [ -106.87691080539048, 28.413568477647924 ], [ -106.877315391281826, 28.414048493679232 ], [ -106.877468991879695, 28.41423072972707 ], [ -106.877641640497131, 28.414417143057491 ], [ -106.877942689728812, 28.414742191781926 ], [ -106.878683669049735, 28.415542229775511 ], [ -106.879024289782265, 28.416008472271592 ], [ -106.879465496819748, 28.416397094899516 ], [ -106.879483392797937, 28.416416385214536 ], [ -106.879847038122989, 28.416840791049584 ], [ -106.878305333260556, 28.417051930301739 ], [ -106.877444611959461, 28.417182403143848 ], [ -106.87693523746411, 28.417259614223511 ], [ -106.876803478614107, 28.417279585928394 ], [ -106.87576560263679, 28.417395630836712 ], [ -106.875268075055388, 28.417451251203843 ], [ -106.874870194847347, 28.417487368382695 ], [ -106.874602411893534, 28.417517693946269 ] ] ] ] } },
{ "type": "Feature", "properties": { "ID": 265, "ENTIDAD": 8, "DISTRITO_F": 7, "DISTRITO_L": 14, "MUNICIPIO": 17, "SECCION": 287, "TIPO": 2, "CONTROL": 16104, "GEOMETRY1_": null }, "geometry": { "type": "MultiPolygon", "coordinates": [ [ [ [ -106.887330806538401, 28.401450416710578 ], [ -106.88663779064369, 28.401294967816835 ], [ -106.885827415071233, 28.40109947922047 ], [ -106.885614583200862, 28.401046299383196 ], [ -106.884952593915713, 28.400880887053635 ], [ -106.884070078811078, 28.400660365687528 ], [ -106.883809225515535, 28.400591125107887 ], [ -106.882372040686192, 28.400209629775883 ], [ -106.882325653323008, 28.399858364376279 ], [ -106.882255888572899, 28.399330069734333 ], [ -106.882210921927324, 28.398792975520955 ], [ -106.882140551547806, 28.398350991906447 ], [ -106.882727838808734, 28.398221229127227 ], [ -106.8840608201902, 28.397947380619794 ], [ -106.88545331533642, 28.397666550418855 ], [ -106.886834659197177, 28.397483288820897 ], [ -106.886904979454215, 28.398020029567462 ], [ -106.886975141815157, 28.398547810488488 ], [ -106.887037453472658, 28.399072971974764 ], [ -106.887089264081212, 28.399554444593807 ], [ -106.887128227833486, 28.39985191590586 ], [ -106.887175076514907, 28.400200389873731 ], [ -106.887215858210183, 28.400503733542209 ], [ -106.887232165936624, 28.400625033575935 ], [ -106.887303489899878, 28.401155551012053 ], [ -106.887325199925115, 28.401317031855935 ], [ -106.887330806538401, 28.401450416710578 ] ] ] ] } },
{ "type": "Feature", "properties": { "ID": 250, "ENTIDAD": 8, "DISTRITO_F": 7, "DISTRITO_L": 14, "MUNICIPIO": 17, "SECCION": 272, "TIPO": 3, "CONTROL": 17573, "GEOMETRY1_": null }, "geometry": { "type": "MultiPolygon", "coordinates": [ [ [ [ -106.881760650643329, 28.592200163969462 ], [ -106.879370963534939, 28.589899784666507 ], [ -106.876222329948234, 28.586363658520387 ], [ -106.874581040789039, 28.584058428623891 ], [ -106.872042674167176, 28.582171216937791 ], [ -106.867301566814007, 28.578646047415987 ], [ -106.862162356785788, 28.575535556379442 ], [ -106.858421914832718, 28.575558854841667 ], [ -106.853054946694087, 28.574930485838806 ], [ -106.849928759924495, 28.573874623024981 ], [ -106.846324307773187, 28.572658937659508 ], [ -106.843426507874625, 28.571681495707121 ], [ -106.835569705606972, 28.571481109068337 ], [ -106.8310957662775, 28.573244843734951 ], [ -106.828730961683036, 28.573755260323974 ], [ -106.826350358281118, 28.572363557936356 ], [ -106.825082334655249, 28.569807330885769 ], [ -106.823060868793419, 28.566593947756363 ], [ -106.822053252520689, 28.565359389315869 ], [ -106.818926942766623, 28.564220083802635 ], [ -106.817050102758017, 28.563404145034021 ], [ -106.815285781380766, 28.561098850480789 ], [ -106.81327828309756, 28.559539291943544 ], [ -106.810522861392528, 28.557984082317656 ], [ -106.806632839878148, 28.554864052339234 ], [ -106.807993375193334, 28.553532856571511 ], [ -106.808727907696493, 28.551874489603623 ], [ -106.809089796696043, 28.550383704526503 ], [ -106.809328366027643, 28.549059047148901 ], [ -106.809193646203823, 28.547819274457169 ], [ -106.810048745042835, 28.545663973125261 ], [ -106.812030342356891, 28.544080997156609 ], [ -106.834718077259794, 28.544194234612064 ], [ -106.83395018611219, 28.541800466420757 ], [ -106.83517312456442, 28.538981185283568 ], [ -106.837019183809957, 28.536158130960217 ], [ -106.838750916014732, 28.534576295059743 ], [ -106.83984624416378, 28.531426936965367 ], [ -106.841198411682342, 28.529185747851269 ], [ -106.842226076875761, 28.527967348514512 ], [ -106.844283421358256, 28.525528047264 ], [ -106.847377315475555, 28.522945369171651 ], [ -106.851834815569731, 28.519527222632803 ], [ -106.85480796646948, 28.517441346801348 ], [ -106.857404338787518, 28.515026929286279 ], [ -106.861107863977921, 28.510951538543793 ], [ -106.861708877790335, 28.508384018358313 ], [ -106.812120545231423, 28.509179319920015 ], [ -106.812156253525544, 28.505213384371764 ], [ -106.812186783761163, 28.501823072607003 ], [ -106.812251639669981, 28.494622575369764 ], [ -106.812871229053911, 28.494205430436033 ], [ -106.815983245753188, 28.493856375793651 ], [ -106.818728232911397, 28.49433645660962 ], [ -106.820362098757087, 28.496063609287699 ], [ -106.822109754160707, 28.496466799727393 ], [ -106.823595326645233, 28.495300142654088 ], [ -106.825078824213747, 28.493885370433432 ], [ -106.826313792529092, 28.492554765647654 ], [ -106.827423463656245, 28.491142192729033 ], [ -106.828663837473968, 28.490473168677905 ], [ -106.833770367225426, 28.490277211549547 ], [ -106.837755627377007, 28.49008782948712 ], [ -106.839733028926489, 28.488173705259239 ], [ -106.841094399749721, 28.487090322105839 ], [ -106.842950580119179, 28.485590406873058 ], [ -106.84492710877258, 28.483593514663621 ], [ -106.847401850112561, 28.481593558853326 ], [ -106.849378221108154, 28.479596608113837 ], [ -106.849564464770438, 28.472152150174686 ], [ -106.853423027088681, 28.471797703637499 ], [ -106.853095419804561, 28.463244933529797 ], [ -106.852975234836009, 28.460106673743741 ], [ -106.852074415175238, 28.456625546892599 ], [ -106.849806441450454, 28.451912408804322 ], [ -106.847853367958152, 28.44878711740164 ], [ -106.835793857369453, 28.449480576571883 ], [ -106.835471034991414, 28.449499125083644 ], [ -106.835284213436594, 28.449509858999377 ], [ -106.838164612714877, 28.445585831321971 ], [ -106.839112141255939, 28.444294919988696 ], [ -106.839697520352161, 28.443447668857075 ], [ -106.840282890362815, 28.44260041553769 ], [ -106.840892103032829, 28.4417186365236 ], [ -106.84166593900575, 28.440649679911026 ], [ -106.84263706360872, 28.439285437622669 ], [ -106.843486591545101, 28.43809198218446 ], [ -106.845098068936565, 28.435828021042632 ], [ -106.84609760283476, 28.434393559888946 ], [ -106.847430146291515, 28.432491831516849 ], [ -106.847855653905441, 28.431884555496111 ], [ -106.848665414417368, 28.430737718298634 ], [ -106.849588544273573, 28.429415220307611 ], [ -106.849889143641676, 28.428987835712814 ], [ -106.850342985970968, 28.428342566708295 ], [ -106.851070686811809, 28.427310011589146 ], [ -106.851620045984987, 28.4265270951812 ], [ -106.852747897317457, 28.424919702408541 ], [ -106.853259394908761, 28.424169986449435 ], [ -106.853531988252797, 28.423780266365103 ], [ -106.854134992697894, 28.422962583669381 ], [ -106.854433172511023, 28.422562477165702 ], [ -106.854776061698345, 28.422102373956257 ], [ -106.855411541467475, 28.42132244913855 ], [ -106.856067747360527, 28.420611291301217 ], [ -106.856853986666664, 28.419784272499427 ], [ -106.857647806760312, 28.418956659174466 ], [ -106.857960139899006, 28.418613429350156 ], [ -106.858343086362169, 28.418656301059013 ], [ -106.858690932344032, 28.418695299262591 ], [ -106.859463930854332, 28.418781979336597 ], [ -106.861549453666186, 28.418180883637323 ], [ -106.861929248322426, 28.418071413344236 ], [ -106.862383090898135, 28.41841395903155 ], [ -106.862404954037316, 28.417984803386506 ], [ -106.862403050041479, 28.417437244426491 ], [ -106.862468276971413, 28.416741766459548 ], [ -106.86258850473439, 28.416412137133893 ], [ -106.862654290559618, 28.41623175685385 ], [ -106.862886628417598, 28.415893459626744 ], [ -106.86317074653229, 28.415595003143373 ], [ -106.863237562849577, 28.415524814540678 ], [ -106.863539052132836, 28.415424939937036 ], [ -106.863865548775451, 28.415516218361951 ], [ -106.864225366479872, 28.415654913711041 ], [ -106.864605497926803, 28.415716731454634 ], [ -106.864928976492436, 28.415635702221053 ], [ -106.865748583847534, 28.414820189297277 ], [ -106.866297248460228, 28.414611598346355 ], [ -106.867119860468975, 28.413968382771785 ], [ -106.867685816265777, 28.413462462400638 ], [ -106.868196767358342, 28.413005705172178 ], [ -106.868865355291504, 28.412843332618969 ], [ -106.869624424940412, 28.412899934488191 ], [ -106.871087204361359, 28.413142235402837 ], [ -106.871086854302575, 28.413377299753332 ], [ -106.871086468860767, 28.413636146908573 ], [ -106.871071656292827, 28.414561552034055 ], [ -106.871048438480997, 28.415940677487836 ], [ -106.871046139484577, 28.416077238156397 ], [ -106.871041304256892, 28.416364452173909 ], [ -106.871027811916079, 28.417165907807401 ], [ -106.871023920259347, 28.417397077032984 ], [ -106.871004079556869, 28.419152912271457 ], [ -106.870976621021242, 28.42091919895293 ], [ -106.870943872519746, 28.422617946361829 ], [ -106.870937404305494, 28.424881407756207 ], [ -106.87091733085515, 28.431904788407319 ], [ -106.870976678054276, 28.432999917092644 ], [ -106.870991349332471, 28.434295777818857 ], [ -106.871000131381308, 28.435071446226765 ], [ -106.870993081247292, 28.436099866993924 ], [ -106.871019219483941, 28.436660151309304 ], [ -106.87107711317995, 28.441206193903692 ], [ -106.871055693892174, 28.447269083802794 ], [ -106.872067171618767, 28.458939713629864 ], [ -106.879714948477087, 28.458521389549016 ], [ -106.88658908074845, 28.457967957990402 ], [ -106.885775030932251, 28.450712159951419 ], [ -106.892357562636064, 28.450367561647973 ], [ -106.899142389369715, 28.450113834030006 ], [ -106.899374650711522, 28.44853772857482 ], [ -106.902065925917569, 28.448381526971975 ], [ -106.908228901612389, 28.44802362619167 ], [ -106.910691526206577, 28.447880536363517 ], [ -106.910412296512717, 28.449629616044923 ], [ -106.910538739227462, 28.451053766507812 ], [ -106.911062455546087, 28.458607309258174 ], [ -106.911349720329483, 28.468262245569441 ], [ -106.911916409764942, 28.487298457376731 ], [ -106.911923371850705, 28.487531882192744 ], [ -106.91186385059261, 28.489396733188617 ], [ -106.911780952789456, 28.491993986095302 ], [ -106.912340911436843, 28.492953285240255 ], [ -106.912687101781671, 28.496848847802521 ], [ -106.92278683834202, 28.496852577448703 ], [ -106.922915409371427, 28.501345058392822 ], [ -106.923362761632546, 28.501338947651487 ], [ -106.928132325531237, 28.501268524297156 ], [ -106.931419849312348, 28.501256407071896 ], [ -106.933455850923352, 28.501296602674667 ], [ -106.933561802086814, 28.504960072010157 ], [ -106.933625494261179, 28.506056705221678 ], [ -106.911859984340779, 28.506166386374321 ], [ -106.912097061392203, 28.527874531497787 ], [ -106.912201251960042, 28.537404089489236 ], [ -106.912532277369749, 28.545308875474291 ], [ -106.913282510004947, 28.563216591966992 ], [ -106.913592195000064, 28.570605567702177 ], [ -106.907384368653823, 28.57119338408981 ], [ -106.898902109325817, 28.570752679661371 ], [ -106.895532967419896, 28.570443772656482 ], [ -106.894299534518282, 28.571940387141971 ], [ -106.892943604175954, 28.573685887227935 ], [ -106.891215802044229, 28.575681880122584 ], [ -106.888740577783423, 28.577765369322783 ], [ -106.887132179780949, 28.579181637574916 ], [ -106.887402098149295, 28.581495535225788 ], [ -106.890902164083514, 28.582465393563279 ], [ -106.893148017321636, 28.582616274900943 ], [ -106.896887902146617, 28.582509310974942 ], [ -106.901326468757063, 28.590750447744405 ], [ -106.881760650643329, 28.592200163969462 ] ] ] ] } },
{ "type": "Feature", "properties": { "ID": 251, "ENTIDAD": 8, "DISTRITO_F": 7, "DISTRITO_L": 14, "MUNICIPIO": 17, "SECCION": 273, "TIPO": 2, "CONTROL": 16076, "GEOMETRY1_": null }, "geometry": { "type": "MultiPolygon", "coordinates": [ [ [ [ -106.876010243037285, 28.422034750602808 ], [ -106.875909832488389, 28.421468681163233 ], [ -106.875838162457683, 28.421000751567199 ], [ -106.875764338253148, 28.420518752249212 ], [ -106.875501319739513, 28.41887718578349 ], [ -106.876030392193101, 28.41882510742764 ], [ -106.876573250175483, 28.418754113311341 ], [ -106.876806240251341, 28.420379430437215 ], [ -106.877289039388529, 28.420320231602204 ], [ -106.877345392545735, 28.42079702240444 ], [ -106.877408517193558, 28.421279016583281 ], [ -106.877495722648106, 28.421863718593183 ], [ -106.876010243037285, 28.422034750602808 ] ] ] ] } },
{ "type": "Feature", "properties": { "ID": 252, "ENTIDAD": 8, "DISTRITO_F": 7, "DISTRITO_L": 14, "MUNICIPIO": 17, "SECCION": 274, "TIPO": 2, "CONTROL": 16107, "GEOMETRY1_": null }, "geometry": { "type": "MultiPolygon", "coordinates": [ [ [ [ -106.877345392545735, 28.42079702240444 ], [ -106.877289039388529, 28.420320231602204 ], [ -106.876806240251341, 28.420379430437215 ], [ -106.876573250175483, 28.418754113311341 ], [ -106.877013997852842, 28.418697492606285 ], [ -106.877468944073996, 28.418648683623235 ], [ -106.878009184328519, 28.418591451205529 ], [ -106.878529479768119, 28.418535663271737 ], [ -106.880091161225621, 28.418324109818556 ], [ -106.881122670154852, 28.418192592728882 ], [ -106.881560298388962, 28.418688092824237 ], [ -106.8817246212149, 28.418874144033921 ], [ -106.881763835460944, 28.419143728791031 ], [ -106.8817999152065, 28.419391763429072 ], [ -106.881848221677572, 28.419723850351307 ], [ -106.881907652323605, 28.420132407007433 ], [ -106.881945839977789, 28.420394926685752 ], [ -106.880574615379899, 28.420547919864138 ], [ -106.880502426597687, 28.420066541319837 ], [ -106.880127307442038, 28.420111540161724 ], [ -106.88019635427834, 28.420553368876121 ], [ -106.878892817794664, 28.420717038680891 ], [ -106.878861630793594, 28.420693887356247 ], [ -106.878774222566321, 28.420629000732468 ], [ -106.877345392545735, 28.42079702240444 ] ] ] ] } },
{ "type": "Feature", "properties": { "ID": 253, "ENTIDAD": 8, "DISTRITO_F": 7, "DISTRITO_L": 14, "MUNICIPIO": 17, "SECCION": 275, "TIPO": 2, "CONTROL": 8147, "GEOMETRY1_": null }, "geometry": { "type": "MultiPolygon", "coordinates": [ [ [ [ -106.882079607351855, 28.421314493219505 ], [ -106.88198402785919, 28.420657446334921 ], [ -106.881945839977789, 28.420394926685752 ], [ -106.881907652323605, 28.420132407007433 ], [ -106.881848221677572, 28.419723850351307 ], [ -106.8817999152065, 28.419391763429072 ], [ -106.881763835460944, 28.419143728791031 ], [ -106.8817246212149, 28.418874144033921 ], [ -106.881560298388962, 28.418688092824237 ], [ -106.881122670154852, 28.418192592728882 ], [ -106.880091161225621, 28.418324109818556 ], [ -106.878529479768119, 28.418535663271737 ], [ -106.878009184328519, 28.418591451205529 ], [ -106.877468944073996, 28.418648683623235 ], [ -106.877013997852842, 28.418697492606285 ], [ -106.876573250175483, 28.418754113311341 ], [ -106.876030392193101, 28.41882510742764 ], [ -106.875501319739513, 28.41887718578349 ], [ -106.87544247076606, 28.418415825549705 ], [ -106.875352055316881, 28.41793420588197 ], [ -106.875268075055388, 28.417451251203843 ], [ -106.87576560263679, 28.417395630836712 ], [ -106.876803478614107, 28.417279585928394 ], [ -106.87693523746411, 28.417259614223511 ], [ -106.877444611959461, 28.417182403143848 ], [ -106.878305333260556, 28.417051930301739 ], [ -106.879847038122989, 28.416840791049584 ], [ -106.881242172531941, 28.416707583162459 ], [ -106.881447761248296, 28.416687948439293 ], [ -106.883030603775254, 28.416549950358014 ], [ -106.883596774875528, 28.416500584927309 ], [ -106.884390024336298, 28.416425991620219 ], [ -106.884885542499177, 28.416367055940221 ], [ -106.885105288645661, 28.416350839284181 ], [ -106.885494924819241, 28.416322084334617 ], [ -106.885651006151321, 28.416306656125474 ], [ -106.887743696145677, 28.416099781869114 ], [ -106.888159069423992, 28.416059401553976 ], [ -106.888815002833383, 28.415999328194093 ], [ -106.888777233913231, 28.415584983511117 ], [ -106.894257868595531, 28.414959178146646 ], [ -106.894345513243394, 28.415496956382619 ], [ -106.899379581911148, 28.415134410570083 ], [ -106.903432801252791, 28.414699982739009 ], [ -106.904678569333527, 28.414562469222314 ], [ -106.905262121289766, 28.414500643515776 ], [ -106.905877189572507, 28.414430889322091 ], [ -106.90648459449865, 28.414362001421303 ], [ -106.909635602164016, 28.414004590055253 ], [ -106.91122942670016, 28.413864921877213 ], [ -106.911904395301733, 28.418491366209132 ], [ -106.91128577904648, 28.418555300798264 ], [ -106.910324709841291, 28.41865380116354 ], [ -106.907223807644257, 28.41897198107592 ], [ -106.906519824137774, 28.419044426739397 ], [ -106.905929149469074, 28.41910520912722 ], [ -106.905339542173238, 28.419165879068032 ], [ -106.9046828746241, 28.419233446364657 ], [ -106.904026206048599, 28.419301010531449 ], [ -106.901688299160668, 28.419541529857074 ], [ -106.901456956077851, 28.419546663915085 ], [ -106.899609341007519, 28.419587652811369 ], [ -106.896265665309556, 28.419916159999641 ], [ -106.894659204230308, 28.420073960728121 ], [ -106.893315196980296, 28.420206538931197 ], [ -106.889467874648943, 28.420586045485727 ], [ -106.888844274905935, 28.420647545227617 ], [ -106.888294873789135, 28.42070189177474 ], [ -106.887247284843937, 28.420811846103415 ], [ -106.886594040040407, 28.420880406126887 ], [ -106.885709923389769, 28.420958541844254 ], [ -106.883614604825027, 28.421163147422195 ], [ -106.882079607351855, 28.421314493219505 ] ] ] ] } },
{ "type": "Feature", "properties": { "ID": 254, "ENTIDAD": 8, "DISTRITO_F": 7, "DISTRITO_L": 14, "MUNICIPIO": 17, "SECCION": 276, "TIPO": 2, "CONTROL": 7977, "GEOMETRY1_": null }, "geometry": { "type": "MultiPolygon", "coordinates": [ [ [ [ -106.879847038122989, 28.416840791049584 ], [ -106.879483392797937, 28.416416385214536 ], [ -106.879465496819748, 28.416397094899516 ], [ -106.879024289782265, 28.416008472271592 ], [ -106.878683669049735, 28.415542229775511 ], [ -106.877942689728812, 28.414742191781926 ], [ -106.877641640497131, 28.414417143057491 ], [ -106.877468991879695, 28.41423072972707 ], [ -106.877315391281826, 28.414048493679232 ], [ -106.87691080539048, 28.413568477647924 ], [ -106.876747454808438, 28.413374670681783 ], [ -106.876265279802823, 28.412802589603086 ], [ -106.876209682147575, 28.412736624710632 ], [ -106.87565901959691, 28.412061762274355 ], [ -106.875346818245362, 28.411749225656052 ], [ -106.875005302085142, 28.411278282267531 ], [ -106.875580778413749, 28.411109409992967 ], [ -106.876444430148695, 28.410701378586005 ], [ -106.877237168027349, 28.410326481647171 ], [ -106.87741649420461, 28.410238229860163 ], [ -106.877868695175522, 28.411094101547945 ], [ -106.878428854314905, 28.411744447959759 ], [ -106.878531706751943, 28.412447020721451 ], [ -106.87953489300277, 28.412339184432618 ], [ -106.880378371449197, 28.412248510816937 ], [ -106.8809779571409, 28.412176016961475 ], [ -106.881342879741169, 28.412165435069749 ], [ -106.881411938557918, 28.411841789296783 ], [ -106.881578667613155, 28.411850303468906 ], [ -106.88228121257896, 28.41194936219744 ], [ -106.88221473015804, 28.411124429475194 ], [ -106.882119353140212, 28.410337153113076 ], [ -106.882594980721208, 28.410287366789444 ], [ -106.883058392601797, 28.410237747764405 ], [ -106.88320484707009, 28.410228520394131 ], [ -106.883660051143409, 28.410175411973245 ], [ -106.884119198928047, 28.410115045694447 ], [ -106.884570585139244, 28.410076390637265 ], [ -106.884762924407568, 28.410830541870173 ], [ -106.884973951472588, 28.411789687437626 ], [ -106.885031054765093, 28.411801222835429 ], [ -106.885784311917106, 28.411716416582465 ], [ -106.885998211986021, 28.41166412193461 ], [ -106.886725523486334, 28.411615656889616 ], [ -106.887087679158569, 28.411569665501336 ], [ -106.888641549258935, 28.411422580257351 ], [ -106.893283246517271, 28.410977658759542 ], [ -106.893765584145513, 28.410949640567122 ], [ -106.897052038403856, 28.41064438011032 ], [ -106.897211036232378, 28.410635263054193 ], [ -106.903542557221328, 28.410080864387755 ], [ -106.912276817984846, 28.409004539590669 ], [ -106.912572440559416, 28.411185248678439 ], [ -106.912826648535187, 28.413655104415106 ], [ -106.91122942670016, 28.413864921877213 ], [ -106.909635602164016, 28.414004590055253 ], [ -106.90648459449865, 28.414362001421303 ], [ -106.905877189572507, 28.414430889322091 ], [ -106.905262121289766, 28.414500643515776 ], [ -106.904678569333527, 28.414562469222314 ], [ -106.903432801252791, 28.414699982739009 ], [ -106.899379581911148, 28.415134410570083 ], [ -106.894345513243394, 28.415496956382619 ], [ -106.894257868595531, 28.414959178146646 ], [ -106.888777233913231, 28.415584983511117 ], [ -106.888815002833383, 28.415999328194093 ], [ -106.888159069423992, 28.416059401553976 ], [ -106.887743696145677, 28.416099781869114 ], [ -106.885651006151321, 28.416306656125474 ], [ -106.885494924819241, 28.416322084334617 ], [ -106.885105288645661, 28.416350839284181 ], [ -106.884885542499177, 28.416367055940221 ], [ -106.884390024336298, 28.416425991620219 ], [ -106.883596774875528, 28.416500584927309 ], [ -106.883030603775254, 28.416549950358014 ], [ -106.881447761248296, 28.416687948439293 ], [ -106.881242172531941, 28.416707583162459 ], [ -106.879847038122989, 28.416840791049584 ] ] ] ] } },
{ "type": "Feature", "properties": { "ID": 255, "ENTIDAD": 8, "DISTRITO_F": 7, "DISTRITO_L": 14, "MUNICIPIO": 17, "SECCION": 277, "TIPO": 2, "CONTROL": 16077, "GEOMETRY1_": null }, "geometry": { "type": "MultiPolygon", "coordinates": [ [ [ [ -106.870943872519746, 28.422617946361829 ], [ -106.870976621021242, 28.42091919895293 ], [ -106.871004079556869, 28.419152912271457 ], [ -106.871023920259347, 28.417397077032984 ], [ -106.872221660759536, 28.417435894622756 ], [ -106.873639241303067, 28.417481823324803 ], [ -106.874348488507096, 28.417508237938542 ], [ -106.874547930617695, 28.417515665124956 ], [ -106.874602411893534, 28.417517693946269 ], [ -106.874870194847347, 28.417487368382695 ], [ -106.875268075055388, 28.417451251203843 ], [ -106.875352055316881, 28.41793420588197 ], [ -106.87544247076606, 28.418415825549705 ], [ -106.875501319739513, 28.41887718578349 ], [ -106.875764338253148, 28.420518752249212 ], [ -106.875838162457683, 28.421000751567199 ], [ -106.875909832488389, 28.421468681163233 ], [ -106.876010243037285, 28.422034750602808 ], [ -106.875554377748003, 28.422087233715775 ], [ -106.874182678905584, 28.422245145962073 ], [ -106.8732808773252, 28.422348955117172 ], [ -106.870943872519746, 28.422617946361829 ] ] ] ] } },
{ "type": "Feature", "properties": { "ID": 280, "ENTIDAD": 8, "DISTRITO_F": 7, "DISTRITO_L": 14, "MUNICIPIO": 17, "SECCION": 303, "TIPO": 2, "CONTROL": 16075, "GEOMETRY1_": null }, "geometry": { "type": "MultiPolygon", "coordinates": [ [ [ [ -106.843568480101212, 28.423669097732127 ], [ -106.843207573584792, 28.423263857514783 ], [ -106.842879491870391, 28.422898524801937 ], [ -106.842527110884518, 28.422502693127718 ], [ -106.842169156267488, 28.422111943389542 ], [ -106.841839345759709, 28.421710796738601 ], [ -106.841487145996183, 28.421324974654059 ], [ -106.841131735010762, 28.420938929624924 ], [ -106.840988136408626, 28.420782952679428 ], [ -106.841133698685354, 28.42045379259779 ], [ -106.841206381192947, 28.420302354860247 ], [ -106.84135738061488, 28.419988802796393 ], [ -106.841440356071885, 28.419808412934419 ], [ -106.841553290268678, 28.419565238992618 ], [ -106.841794894369812, 28.419024558234035 ], [ -106.842296524733115, 28.419295159135075 ], [ -106.842408125220317, 28.419448289620028 ], [ -106.842769356883977, 28.419810372331092 ], [ -106.843121729217458, 28.420206203898832 ], [ -106.843462604925662, 28.420592175087741 ], [ -106.843820645410389, 28.420987927871955 ], [ -106.844144363862881, 28.421364114496537 ], [ -106.844479584139592, 28.42175015945061 ], [ -106.844843295377629, 28.422145832387617 ], [ -106.845182480811374, 28.422556342070287 ], [ -106.844411801030674, 28.423087684224594 ], [ -106.843568480101212, 28.423669097732127 ] ] ] ] } },
{ "type": "Feature", "properties": { "ID": 260, "ENTIDAD": 8, "DISTRITO_F": 7, "DISTRITO_L": 14, "MUNICIPIO": 17, "SECCION": 282, "TIPO": 2, "CONTROL": 7973, "GEOMETRY1_": null }, "geometry": { "type": "MultiPolygon", "coordinates": [ [ [ [ -106.859463930854332, 28.418781979336597 ], [ -106.858690932344032, 28.418695299262591 ], [ -106.858343086362169, 28.418656301059013 ], [ -106.857960139899006, 28.418613429350156 ], [ -106.858138768600384, 28.418428487340314 ], [ -106.858666227490147, 28.417859806628361 ], [ -106.859489288610078, 28.417034112140811 ], [ -106.860283888581051, 28.416177951374362 ], [ -106.860626659893214, 28.415824655937968 ], [ -106.860969428946845, 28.415471359727615 ], [ -106.861627590997188, 28.414795989777272 ], [ -106.862306244458892, 28.41409565613219 ], [ -106.862978019926175, 28.413401583554766 ], [ -106.863444578977919, 28.412944780828461 ], [ -106.864207905754341, 28.412298810333226 ], [ -106.864963640558955, 28.411675140746734 ], [ -106.86576791129329, 28.411120967666378 ], [ -106.865987719659472, 28.411353364365379 ], [ -106.866780941102505, 28.410792024020949 ], [ -106.866572351615659, 28.410566667477291 ], [ -106.867357645935286, 28.410025549961315 ], [ -106.868174851727289, 28.409473111494865 ], [ -106.868364872720932, 28.409689675217759 ], [ -106.868593468191818, 28.409950200029289 ], [ -106.869232422436809, 28.410663903868841 ], [ -106.869871385362828, 28.411377604233554 ], [ -106.870488246092023, 28.412083080682933 ], [ -106.871045611297887, 28.412711225567737 ], [ -106.871087439393747, 28.412984422461669 ], [ -106.871087330297314, 28.413057674358711 ], [ -106.871087204361359, 28.413142235402837 ], [ -106.869624424940412, 28.412899934488191 ], [ -106.868865355291504, 28.412843332618969 ], [ -106.868196767358342, 28.413005705172178 ], [ -106.867685816265777, 28.413462462400638 ], [ -106.867119860468975, 28.413968382771785 ], [ -106.866297248460228, 28.414611598346355 ], [ -106.865748583847534, 28.414820189297277 ], [ -106.864928976492436, 28.415635702221053 ], [ -106.864605497926803, 28.415716731454634 ], [ -106.864225366479872, 28.415654913711041 ], [ -106.863865548775451, 28.415516218361951 ], [ -106.863539052132836, 28.415424939937036 ], [ -106.863237562849577, 28.415524814540678 ], [ -106.86317074653229, 28.415595003143373 ], [ -106.862886628417598, 28.415893459626744 ], [ -106.862654290559618, 28.41623175685385 ], [ -106.86258850473439, 28.416412137133893 ], [ -106.862468276971413, 28.416741766459548 ], [ -106.862403050041479, 28.417437244426491 ], [ -106.862404954037316, 28.417984803386506 ], [ -106.862383090898135, 28.41841395903155 ], [ -106.861929248322426, 28.418071413344236 ], [ -106.861549453666186, 28.418180883637323 ], [ -106.859463930854332, 28.418781979336597 ] ] ] ] } },
{ "type": "Feature", "properties": { "ID": 261, "ENTIDAD": 8, "DISTRITO_F": 7, "DISTRITO_L": 14, "MUNICIPIO": 17, "SECCION": 283, "TIPO": 2, "CONTROL": 16071, "GEOMETRY1_": null }, "geometry": { "type": "MultiPolygon", "coordinates": [ [ [ [ -106.849889143641676, 28.428987835712814 ], [ -106.849795307027151, 28.42887844385783 ], [ -106.848878427285399, 28.428143800649341 ], [ -106.849296144538314, 28.427380367391617 ], [ -106.84911677241206, 28.427295234970089 ], [ -106.84888586845733, 28.427185644287228 ], [ -106.847680674466474, 28.426613629797259 ], [ -106.847544174616004, 28.426550194144589 ], [ -106.847873681257909, 28.426329094617891 ], [ -106.848301857593654, 28.426041785054597 ], [ -106.848008176046164, 28.42564822337922 ], [ -106.84765679663434, 28.425244199162631 ], [ -106.847315121614358, 28.424881466431053 ], [ -106.846954397002335, 28.424495775369493 ], [ -106.84659628930342, 28.424097528947108 ], [ -106.846255607916021, 28.423724082699909 ], [ -106.845906304092622, 28.423343241152839 ], [ -106.845559400038852, 28.422937328466585 ], [ -106.846354076543946, 28.422380731876782 ], [ -106.846015238768999, 28.421971040117647 ], [ -106.846789510656293, 28.42142683487663 ], [ -106.847884916738224, 28.421901752600718 ], [ -106.848509040623853, 28.422167718498329 ], [ -106.848839245525852, 28.422309236501292 ], [ -106.848883366209293, 28.422328027456679 ], [ -106.849071460346593, 28.422407385934349 ], [ -106.849633882498324, 28.422647050919295 ], [ -106.849781597627725, 28.422709996198208 ], [ -106.850754498882921, 28.423116921583986 ], [ -106.851238220487829, 28.423319239527515 ], [ -106.851787089686354, 28.423548802552475 ], [ -106.852714161297769, 28.423945594473135 ], [ -106.853259394908761, 28.424169986449435 ], [ -106.852747897317457, 28.424919702408541 ], [ -106.851620045984987, 28.4265270951812 ], [ -106.851070686811809, 28.427310011589146 ], [ -106.850342985970968, 28.428342566708295 ], [ -106.849889143641676, 28.428987835712814 ] ] ] ] } },
{ "type": "Feature", "properties": { "ID": 262, "ENTIDAD": 8, "DISTRITO_F": 7, "DISTRITO_L": 14, "MUNICIPIO": 17, "SECCION": 284, "TIPO": 2, "CONTROL": 8150, "GEOMETRY1_": null }, "geometry": { "type": "MultiPolygon", "coordinates": [ [ [ [ -106.834226120370303, 28.450892245808923 ], [ -106.833351452167122, 28.450803363110793 ], [ -106.829265189321248, 28.449457318253973 ], [ -106.821863854593843, 28.447255569902303 ], [ -106.821462763442057, 28.447136271456227 ], [ -106.820777874159774, 28.446932472257796 ], [ -106.818353758455657, 28.44621121060927 ], [ -106.813787201613096, 28.444718525312396 ], [ -106.81445693500514, 28.44418852974237 ], [ -106.814620009627674, 28.444059478876301 ], [ -106.814846734424862, 28.443880056933683 ], [ -106.81567328703116, 28.443236235224617 ], [ -106.816607390977467, 28.442571079721439 ], [ -106.81715063082703, 28.442184243600941 ], [ -106.817475901264075, 28.441952619176842 ], [ -106.817730069423206, 28.441771625329487 ], [ -106.818137535515163, 28.441481465382054 ], [ -106.81861983454769, 28.441138012751143 ], [ -106.818900689835999, 28.440938009574438 ], [ -106.82032774925284, 28.439921749374353 ], [ -106.82095660391748, 28.439473908768068 ], [ -106.821672253397495, 28.438964249071258 ], [ -106.822501589897229, 28.438373615040753 ], [ -106.823582539809493, 28.437624360329842 ], [ -106.824562059622991, 28.436937430787086 ], [ -106.824974235731347, 28.436648370281972 ], [ -106.825133512666937, 28.436536668089328 ], [ -106.825336840584967, 28.436394072283342 ], [ -106.825948065778832, 28.435965410203345 ], [ -106.826649287372504, 28.435473622585508 ], [ -106.826711542852209, 28.435429960679585 ], [ -106.826807359415554, 28.435362762274156 ], [ -106.827438719596742, 28.434919962010081 ], [ -106.82827537758638, 28.434333169097698 ], [ -106.829389014328612, 28.43355209862661 ], [ -106.830127559508227, 28.433004298145462 ], [ -106.83026552709822, 28.432901962521534 ], [ -106.830651326708619, 28.432626326630526 ], [ -106.831200667459782, 28.432233843953121 ], [ -106.832265625126354, 28.431472959940855 ], [ -106.833462861789371, 28.430617541253763 ], [ -106.834742899500682, 28.429738175807785 ], [ -106.835039745167606, 28.429534243877676 ], [ -106.835357017971006, 28.429314499907797 ], [ -106.83605746986261, 28.428829359416408 ], [ -106.836544880071159, 28.428489600926348 ], [ -106.837844098085966, 28.427583937825624 ], [ -106.838242097463649, 28.427306180516972 ], [ -106.839569092531619, 28.426380073774872 ], [ -106.840709894494196, 28.425583888118307 ], [ -106.841424044208992, 28.425123321169281 ], [ -106.841967570394559, 28.424772787094032 ], [ -106.842009899602857, 28.42474360527418 ], [ -106.842790612839778, 28.424205375294903 ], [ -106.843568480101212, 28.423669097732127 ], [ -106.844411801030674, 28.423087684224594 ], [ -106.845182480811374, 28.422556342070287 ], [ -106.846015238768999, 28.421971040117647 ], [ -106.846354076543946, 28.422380731876782 ], [ -106.845559400038852, 28.422937328466585 ], [ -106.845906304092622, 28.423343241152839 ], [ -106.846255607916021, 28.423724082699909 ], [ -106.84659628930342, 28.424097528947108 ], [ -106.846954397002335, 28.424495775369493 ], [ -106.847315121614358, 28.424881466431053 ], [ -106.84765679663434, 28.425244199162631 ], [ -106.848008176046164, 28.42564822337922 ], [ -106.848301857593654, 28.426041785054597 ], [ -106.847873681257909, 28.426329094617891 ], [ -106.847544174616004, 28.426550194144589 ], [ -106.847680674466474, 28.426613629797259 ], [ -106.84888586845733, 28.427185644287228 ], [ -106.84911677241206, 28.427295234970089 ], [ -106.849296144538314, 28.427380367391617 ], [ -106.848878427285399, 28.428143800649341 ], [ -106.849795307027151, 28.42887844385783 ], [ -106.849889143641676, 28.428987835712814 ], [ -106.849588544273573, 28.429415220307611 ], [ -106.848665414417368, 28.430737718298634 ], [ -106.847855653905441, 28.431884555496111 ], [ -106.847430146291515, 28.432491831516849 ], [ -106.84609760283476, 28.434393559888946 ], [ -106.845098068936565, 28.435828021042632 ], [ -106.843486591545101, 28.43809198218446 ], [ -106.84263706360872, 28.439285437622669 ], [ -106.84166593900575, 28.440649679911026 ], [ -106.840892103032829, 28.4417186365236 ], [ -106.840282890362815, 28.44260041553769 ], [ -106.839697520352161, 28.443447668857075 ], [ -106.839112141255939, 28.444294919988696 ], [ -106.838164612714877, 28.445585831321971 ], [ -106.835284213436594, 28.449509858999377 ], [ -106.834226120370303, 28.450892245808923 ] ] ] ] } },
{ "type": "Feature", "properties": { "ID": 263, "ENTIDAD": 8, "DISTRITO_F": 7, "DISTRITO_L": 14, "MUNICIPIO": 17, "SECCION": 285, "TIPO": 2, "CONTROL": 16105, "GEOMETRY1_": null }, "geometry": { "type": "MultiPolygon", "coordinates": [ [ [ [ -106.891604033742908, 28.402374841378752 ], [ -106.891227115234301, 28.402369152264299 ], [ -106.890942542938276, 28.402345793549394 ], [ -106.89074443208473, 28.402321233813357 ], [ -106.890509072520274, 28.402286266695963 ], [ -106.890100111853911, 28.402215474064146 ], [ -106.889577074612873, 28.402096192213705 ], [ -106.889246919792257, 28.40201386804166 ], [ -106.889144774035813, 28.401988397785548 ], [ -106.888382638658868, 28.401763476613691 ], [ -106.887948133615154, 28.401616884210949 ], [ -106.887330806538401, 28.401450416710578 ], [ -106.887325199925115, 28.401317031855935 ], [ -106.887303489899878, 28.401155551012053 ], [ -106.887232165936624, 28.400625033575935 ], [ -106.887215858210183, 28.400503733542209 ], [ -106.887175076514907, 28.400200389873731 ], [ -106.887128227833486, 28.39985191590586 ], [ -106.887089264081212, 28.399554444593807 ], [ -106.887037453472658, 28.399072971974764 ], [ -106.886975141815157, 28.398547810488488 ], [ -106.886904979454215, 28.398020029567462 ], [ -106.886834659197177, 28.397483288820897 ], [ -106.886764657291053, 28.39696446740145 ], [ -106.886689431298009, 28.396436756336289 ], [ -106.886629325344501, 28.39590435476703 ], [ -106.886556261028673, 28.395372397086508 ], [ -106.88801239433198, 28.395196937949919 ], [ -106.888100957843761, 28.395736090237062 ], [ -106.888155925367386, 28.396264081200854 ], [ -106.888205906821142, 28.396796622170402 ], [ -106.888281220079207, 28.397328811856219 ], [ -106.888356216491076, 28.397843082006712 ], [ -106.888421319554837, 28.398370932104196 ], [ -106.888495433128725, 28.398908714525877 ], [ -106.888547723326852, 28.399420624035713 ], [ -106.88859612666117, 28.399706174802152 ], [ -106.888915529131367, 28.399674469470924 ], [ -106.8889800086245, 28.400007476227785 ], [ -106.8899765715217, 28.399884821519176 ], [ -106.890363025221987, 28.399834160398381 ], [ -106.89171272127524, 28.399657216662895 ], [ -106.892062290211499, 28.399600695458592 ], [ -106.893786238956537, 28.399443572090899 ], [ -106.893922310314323, 28.40051100443749 ], [ -106.894118727741542, 28.402068049647173 ], [ -106.894134476223357, 28.402175318326233 ], [ -106.893567023875661, 28.402227473424333 ], [ -106.892999570828849, 28.402279626182988 ], [ -106.892434077931071, 28.402332287366299 ], [ -106.892042516242654, 28.402368749911854 ], [ -106.891604033742908, 28.402374841378752 ] ] ] ] } },
{ "type": "Feature", "properties": { "ID": 264, "ENTIDAD": 8, "DISTRITO_F": 7, "DISTRITO_L": 14, "MUNICIPIO": 17, "SECCION": 286, "TIPO": 2, "CONTROL": 8012, "GEOMETRY1_": null }, "geometry": { "type": "MultiPolygon", "coordinates": [ [ [ [ -106.894134476223357, 28.402175318326233 ], [ -106.894118727741542, 28.402068049647173 ], [ -106.893922310314323, 28.40051100443749 ], [ -106.893786238956537, 28.399443572090899 ], [ -106.892062290211499, 28.399600695458592 ], [ -106.89171272127524, 28.399657216662895 ], [ -106.890363025221987, 28.399834160398381 ], [ -106.8899765715217, 28.399884821519176 ], [ -106.8889800086245, 28.400007476227785 ], [ -106.888915529131367, 28.399674469470924 ], [ -106.88859612666117, 28.399706174802152 ], [ -106.888547723326852, 28.399420624035713 ], [ -106.888495433128725, 28.398908714525877 ], [ -106.888421319554837, 28.398370932104196 ], [ -106.888356216491076, 28.397843082006712 ], [ -106.888281220079207, 28.397328811856219 ], [ -106.888205906821142, 28.396796622170402 ], [ -106.888155925367386, 28.396264081200854 ], [ -106.888100957843761, 28.395736090237062 ], [ -106.88801239433198, 28.395196937949919 ], [ -106.889347415660282, 28.395036058301031 ], [ -106.890686518032069, 28.394891708937827 ], [ -106.891391685713586, 28.394819825319949 ], [ -106.892257636881993, 28.394731546602362 ], [ -106.893277642452688, 28.394601843538137 ], [ -106.893738174573372, 28.394543280066031 ], [ -106.894348324079672, 28.394463527316848 ], [ -106.894981155515353, 28.394401262855677 ], [ -106.895100380503919, 28.394389531940266 ], [ -106.895510240219892, 28.394349203763841 ], [ -106.896085167050828, 28.394292631677921 ], [ -106.89660089303274, 28.394235144523428 ], [ -106.897147424711534, 28.394166219841164 ], [ -106.897348263400957, 28.39414089092676 ], [ -106.897682801660054, 28.394103910187297 ], [ -106.89822146220574, 28.394044363462971 ], [ -106.898724494602178, 28.393985842750507 ], [ -106.899186559962487, 28.393937670384656 ], [ -106.899703368644978, 28.393880533488137 ], [ -106.900274757530212, 28.393817360019863 ], [ -106.900646103177024, 28.393776302264335 ], [ -106.901159973434346, 28.393720769430907 ], [ -106.901673843038367, 28.393665234683088 ], [ -106.902216882081021, 28.393606545388106 ], [ -106.902736526132458, 28.39355038244631 ], [ -106.903258654487132, 28.393493948957499 ], [ -106.903803567060081, 28.393435893528672 ], [ -106.904380135757989, 28.393380317629997 ], [ -106.904546751534255, 28.39336436053814 ], [ -106.904823929181816, 28.393337814277896 ], [ -106.905001304694494, 28.393320825926345 ], [ -106.905279422078678, 28.393294188428293 ], [ -106.90543821980242, 28.393277848106681 ], [ -106.905876822446118, 28.393232714813323 ], [ -106.906317285593403, 28.393179545739955 ], [ -106.906753554258316, 28.393146213239049 ], [ -106.906860492361233, 28.393138042566452 ], [ -106.907061458636022, 28.394715570378075 ], [ -106.907181779730408, 28.395660028420782 ], [ -106.907332258119695, 28.399169863021108 ], [ -106.907482016980239, 28.400804508769234 ], [ -106.907484979582136, 28.400836845435339 ], [ -106.90690238410933, 28.400890238106268 ], [ -106.906066763201252, 28.400966815178382 ], [ -106.905732385396334, 28.400997601910102 ], [ -106.905297339585928, 28.401037656066329 ], [ -106.904862293363536, 28.401077708847676 ], [ -106.90181718287937, 28.401390413739914 ], [ -106.898772050381254, 28.401703051351213 ], [ -106.896584748794695, 28.401927575073035 ], [ -106.895613541102747, 28.402051445662273 ], [ -106.894688243179601, 28.402124406691964 ], [ -106.894134476223357, 28.402175318326233 ] ] ] ] } },
{ "type": "Feature", "properties": { "ID": 266, "ENTIDAD": 8, "DISTRITO_F": 7, "DISTRITO_L": 14, "MUNICIPIO": 17, "SECCION": 288, "TIPO": 2, "CONTROL": 16079, "GEOMETRY1_": null }, "geometry": { "type": "MultiPolygon", "coordinates": [ [ [ [ -106.874398016119372, 28.406550312589431 ], [ -106.874471292161459, 28.406328402639495 ], [ -106.874622344112552, 28.405870952517777 ], [ -106.87468990671799, 28.405666342748301 ], [ -106.874817205755562, 28.405226787095035 ], [ -106.874835567729946, 28.40448048098796 ], [ -106.874798920987573, 28.404188492359506 ], [ -106.874698849238683, 28.403788847123671 ], [ -106.874668355721724, 28.403377961302802 ], [ -106.874797192071554, 28.402769511831142 ], [ -106.875004695456909, 28.402005739514799 ], [ -106.874983112439523, 28.401440491375965 ], [ -106.874804740458856, 28.401216418724683 ], [ -106.874598887700571, 28.400978433155668 ], [ -106.874383024483336, 28.400710717013137 ], [ -106.874801398552052, 28.400392324351113 ], [ -106.875314662278214, 28.400014371471872 ], [ -106.875619489538366, 28.399766785040608 ], [ -106.875835722641028, 28.399627109155578 ], [ -106.876138304867013, 28.399466238886664 ], [ -106.876256117495302, 28.399420915501793 ], [ -106.876452899960952, 28.399345211531674 ], [ -106.876677904010222, 28.399275429394734 ], [ -106.876895955979748, 28.399239083596861 ], [ -106.877038732427224, 28.399210443139111 ], [ -106.877283171599714, 28.399173733044368 ], [ -106.877482609978941, 28.399150979247693 ], [ -106.877640876098951, 28.399145463248345 ], [ -106.877889672319782, 28.399142032886811 ], [ -106.878252380777809, 28.399183708336743 ], [ -106.878502000235073, 28.399226942724354 ], [ -106.878888091567589, 28.399311637063988 ], [ -106.879346427741979, 28.399429888986855 ], [ -106.880482762936353, 28.399723058506453 ], [ -106.881104344917247, 28.39987639078263 ], [ -106.881614046354542, 28.400002121804039 ], [ -106.882372040686192, 28.400209629775883 ], [ -106.883809225515535, 28.400591125107887 ], [ -106.883643611701729, 28.400729909724248 ], [ -106.883477997454719, 28.400868694156951 ], [ -106.883296172260216, 28.400829619202788 ], [ -106.882798431867286, 28.40096390358319 ], [ -106.882584019747327, 28.400992622499572 ], [ -106.882182780507165, 28.40092858746717 ], [ -106.882184447544319, 28.400814632069885 ], [ -106.882057827887039, 28.400806577188753 ], [ -106.88054944888917, 28.400937763307851 ], [ -106.880592398320999, 28.401216205173014 ], [ -106.88064793748778, 28.401210985305262 ], [ -106.880655805786958, 28.401272666431272 ], [ -106.880705946546414, 28.401583402437542 ], [ -106.880737890594361, 28.40178136729897 ], [ -106.88081462799974, 28.402256923608576 ], [ -106.880872521935956, 28.402615687701712 ], [ -106.880899382143255, 28.402782155196817 ], [ -106.880978342050994, 28.403271473569657 ], [ -106.881060602488176, 28.403781239694933 ], [ -106.880491962798231, 28.403858141820599 ], [ -106.880020847489178, 28.403904388121603 ], [ -106.880093198953091, 28.404390735062179 ], [ -106.880165906448525, 28.40487946976975 ], [ -106.880244919544367, 28.405410584055758 ], [ -106.880291639628467, 28.405691655038598 ], [ -106.880313252092051, 28.405887110060384 ], [ -106.878612701310644, 28.40608870935397 ], [ -106.877601303615464, 28.406195819615814 ], [ -106.876575461092614, 28.40630516242237 ], [ -106.875610306976085, 28.406415637837128 ], [ -106.874552551161287, 28.406532677576291 ], [ -106.874398016119372, 28.406550312589431 ] ] ] ] } },
{ "type": "Feature", "properties": { "ID": 267, "ENTIDAD": 8, "DISTRITO_F": 7, "DISTRITO_L": 14, "MUNICIPIO": 17, "SECCION": 289, "TIPO": 2, "CONTROL": 16069, "GEOMETRY1_": null }, "geometry": { "type": "MultiPolygon", "coordinates": [ [ [ [ -106.854776061698345, 28.422102373956257 ], [ -106.854386101118507, 28.42169698049619 ], [ -106.853784787233209, 28.42101678412569 ], [ -106.853169095884894, 28.420339010153175 ], [ -106.852564218228522, 28.419669493673414 ], [ -106.85193270419775, 28.418973656666033 ], [ -106.851296972696645, 28.418258524248905 ], [ -106.852135405783542, 28.417669150415463 ], [ -106.852967579912018, 28.417084165030854 ], [ -106.853877695793244, 28.416444376837955 ], [ -106.854804820712872, 28.415792599197811 ], [ -106.855763763350637, 28.415116644149773 ], [ -106.856397980388337, 28.415834400574866 ], [ -106.857042408180178, 28.416519846406995 ], [ -106.857545909940185, 28.417019254896744 ], [ -106.85812581410579, 28.417443189388418 ], [ -106.858432133689433, 28.417673539480717 ], [ -106.858666227490147, 28.417859806628361 ], [ -106.858138768600384, 28.418428487340314 ], [ -106.857960139899006, 28.418613429350156 ], [ -106.857647806760312, 28.418956659174466 ], [ -106.856853986666664, 28.419784272499427 ], [ -106.856067747360527, 28.420611291301217 ], [ -106.855411541467475, 28.42132244913855 ], [ -106.854776061698345, 28.422102373956257 ] ] ] ] } },
{ "type": "Feature", "properties": { "ID": 268, "ENTIDAD": 8, "DISTRITO_F": 7, "DISTRITO_L": 14, "MUNICIPIO": 17, "SECCION": 290, "TIPO": 2, "CONTROL": 16070, "GEOMETRY1_": null }, "geometry": { "type": "MultiPolygon", "coordinates": [ [ [ [ -106.853259394908761, 28.424169986449435 ], [ -106.852714161297769, 28.423945594473135 ], [ -106.851787089686354, 28.423548802552475 ], [ -106.851238220487829, 28.423319239527515 ], [ -106.850754498882921, 28.423116921583986 ], [ -106.849781597627725, 28.422709996198208 ], [ -106.849633882498324, 28.422647050919295 ], [ -106.849071460346593, 28.422407385934349 ], [ -106.848883366209293, 28.422328027456679 ], [ -106.848839245525852, 28.422309236501292 ], [ -106.848509040623853, 28.422167718498329 ], [ -106.847884916738224, 28.421901752600718 ], [ -106.846789510656293, 28.42142683487663 ], [ -106.847918994349527, 28.420632947809221 ], [ -106.848017768965818, 28.420563520511237 ], [ -106.848763568713991, 28.420039303181813 ], [ -106.84916212603639, 28.419759156383304 ], [ -106.849621297919626, 28.419436400288095 ], [ -106.850261987974037, 28.418986047708025 ], [ -106.850447250279686, 28.418855822256194 ], [ -106.851296972696645, 28.418258524248905 ], [ -106.85193270419775, 28.418973656666033 ], [ -106.852564218228522, 28.419669493673414 ], [ -106.853169095884894, 28.420339010153175 ], [ -106.853784787233209, 28.42101678412569 ], [ -106.854386101118507, 28.42169698049619 ], [ -106.854776061698345, 28.422102373956257 ], [ -106.854433172511023, 28.422562477165702 ], [ -106.854134992697894, 28.422962583669381 ], [ -106.853531988252797, 28.423780266365103 ], [ -106.853259394908761, 28.424169986449435 ] ] ] ] } },
{ "type": "Feature", "properties": { "ID": 276, "ENTIDAD": 8, "DISTRITO_F": 7, "DISTRITO_L": 14, "MUNICIPIO": 17, "SECCION": 299, "TIPO": 2, "CONTROL": 7957, "GEOMETRY1_": null }, "geometry": { "type": "MultiPolygon", "coordinates": [ [ [ [ -106.855763763350637, 28.415116644149773 ], [ -106.855192570218932, 28.414450644271348 ], [ -106.854639317002452, 28.413858170565057 ], [ -106.854074107235206, 28.413282312756294 ], [ -106.853468874042079, 28.413101756999488 ], [ -106.852648211689925, 28.41286964542223 ], [ -106.852039792966323, 28.41270476380593 ], [ -106.851814241372495, 28.412637709773051 ], [ -106.850984506817909, 28.412393939613114 ], [ -106.851308183830966, 28.411526389947081 ], [ -106.851517915723136, 28.410979161687269 ], [ -106.851691226621611, 28.410484639411919 ], [ -106.852073825993259, 28.409472587519069 ], [ -106.853945701876071, 28.410040309866115 ], [ -106.855368867142829, 28.410447441789636 ], [ -106.855181382347851, 28.410940914512658 ], [ -106.855013854640092, 28.411445316505826 ], [ -106.855795954927331, 28.411668443775149 ], [ -106.856575788224418, 28.411087366129578 ], [ -106.857376673116477, 28.41052348579035 ], [ -106.858124176904496, 28.409954348533851 ], [ -106.858790773171975, 28.410669352301689 ], [ -106.859440526235062, 28.411374018606253 ], [ -106.860059187838118, 28.412073237824767 ], [ -106.85929802641968, 28.412627715634397 ], [ -106.858491723270703, 28.413194259965479 ], [ -106.857706359704252, 28.413755606754545 ], [ -106.857173504125953, 28.414122868495184 ], [ -106.856722681973892, 28.414440672335477 ], [ -106.855763763350637, 28.415116644149773 ] ] ] ] } },
{ "type": "Feature", "properties": { "ID": 277, "ENTIDAD": 8, "DISTRITO_F": 7, "DISTRITO_L": 14, "MUNICIPIO": 17, "SECCION": 300, "TIPO": 2, "CONTROL": 7971, "GEOMETRY1_": null }, "geometry": { "type": "MultiPolygon", "coordinates": [ [ [ [ -106.852135405783542, 28.417669150415463 ], [ -106.851561214171426, 28.41702287599788 ], [ -106.851015964508505, 28.416425538873508 ], [ -106.850593669975822, 28.415993799833142 ], [ -106.850648138630675, 28.415765212998153 ], [ -106.849845141204611, 28.415528921034085 ], [ -106.85014162801933, 28.414712646104665 ], [ -106.850451353854737, 28.41389226675718 ], [ -106.850670761034308, 28.413237918065423 ], [ -106.850739165552895, 28.41305391052046 ], [ -106.850984506817909, 28.412393939613114 ], [ -106.851814241372495, 28.412637709773051 ], [ -106.852039792966323, 28.41270476380593 ], [ -106.852648211689925, 28.41286964542223 ], [ -106.853468874042079, 28.413101756999488 ], [ -106.854074107235206, 28.413282312756294 ], [ -106.854639317002452, 28.413858170565057 ], [ -106.855192570218932, 28.414450644271348 ], [ -106.855763763350637, 28.415116644149773 ], [ -106.854804820712872, 28.415792599197811 ], [ -106.853877695793244, 28.416444376837955 ], [ -106.852967579912018, 28.417084165030854 ], [ -106.852135405783542, 28.417669150415463 ] ] ] ] } },
{ "type": "Feature", "properties": { "ID": 278, "ENTIDAD": 8, "DISTRITO_F": 7, "DISTRITO_L": 14, "MUNICIPIO": 17, "SECCION": 301, "TIPO": 2, "CONTROL": 16072, "GEOMETRY1_": null }, "geometry": { "type": "MultiPolygon", "coordinates": [ [ [ [ -106.84916212603639, 28.419759156383304 ], [ -106.848366127150996, 28.419555305971802 ], [ -106.847522759704276, 28.41929600595746 ], [ -106.846693116751482, 28.419060057761811 ], [ -106.847057433125102, 28.41805844554985 ], [ -106.847426112318644, 28.417052849354256 ], [ -106.847794853168566, 28.416051175315015 ], [ -106.848163587575584, 28.415049500460103 ], [ -106.849006581239678, 28.415289183304822 ], [ -106.849845141204611, 28.415528921034085 ], [ -106.850648138630675, 28.415765212998153 ], [ -106.850593669975822, 28.415993799833142 ], [ -106.851015964508505, 28.416425538873508 ], [ -106.851561214171426, 28.41702287599788 ], [ -106.852135405783542, 28.417669150415463 ], [ -106.851296972696645, 28.418258524248905 ], [ -106.850447250279686, 28.418855822256194 ], [ -106.850261987974037, 28.418986047708025 ], [ -106.849621297919626, 28.419436400288095 ], [ -106.84916212603639, 28.419759156383304 ] ] ] ] } },
{ "type": "Feature", "properties": { "ID": 279, "ENTIDAD": 8, "DISTRITO_F": 7, "DISTRITO_L": 14, "MUNICIPIO": 17, "SECCION": 302, "TIPO": 2, "CONTROL": 16074, "GEOMETRY1_": null }, "geometry": { "type": "MultiPolygon", "coordinates": [ [ [ [ -106.845182480811374, 28.422556342070287 ], [ -106.844843295377629, 28.422145832387617 ], [ -106.844479584139592, 28.42175015945061 ], [ -106.844144363862881, 28.421364114496537 ], [ -106.843820645410389, 28.420987927871955 ], [ -106.843462604925662, 28.420592175087741 ], [ -106.843121729217458, 28.420206203898832 ], [ -106.842769356883977, 28.419810372331092 ], [ -106.842408125220317, 28.419448289620028 ], [ -106.842296524733115, 28.419295159135075 ], [ -106.842900039107263, 28.419561608423376 ], [ -106.843081497244384, 28.419132547255273 ], [ -106.843485988413164, 28.41814217127029 ], [ -106.843885899262773, 28.417144008437727 ], [ -106.844281365834192, 28.416145904751421 ], [ -106.844472611636476, 28.415688971883153 ], [ -106.845033902089583, 28.415449814901994 ], [ -106.845292630553047, 28.415339573677315 ], [ -106.845085239413294, 28.415893678797939 ], [ -106.844923595737797, 28.416325550105412 ], [ -106.844554962596973, 28.417335063583472 ], [ -106.844181817623081, 28.418340713380669 ], [ -106.845020324925386, 28.418576557151333 ], [ -106.845850165110264, 28.418824284833295 ], [ -106.846693116751482, 28.419060057761811 ], [ -106.847522759704276, 28.41929600595746 ], [ -106.848366127150996, 28.419555305971802 ], [ -106.84916212603639, 28.419759156383304 ], [ -106.848763568713991, 28.420039303181813 ], [ -106.848017768965818, 28.420563520511237 ], [ -106.847918994349527, 28.420632947809221 ], [ -106.846789510656293, 28.42142683487663 ], [ -106.846015238768999, 28.421971040117647 ], [ -106.845182480811374, 28.422556342070287 ] ] ] ] } },
{ "type": "Feature", "properties": { "ID": 282, "ENTIDAD": 8, "DISTRITO_F": 7, "DISTRITO_L": 14, "MUNICIPIO": 17, "SECCION": 305, "TIPO": 2, "CONTROL": 16043, "GEOMETRY1_": null }, "geometry": { "type": "MultiPolygon", "coordinates": [ [ [ [ -106.839569092531619, 28.426380073774872 ], [ -106.838351088960081, 28.425491376285013 ], [ -106.836710063652959, 28.424293986391501 ], [ -106.836671396700453, 28.42426577103582 ], [ -106.836111328369171, 28.423811730195482 ], [ -106.835242487170049, 28.42310735810932 ], [ -106.834832716248158, 28.422750836019873 ], [ -106.834427327902887, 28.422413584289654 ], [ -106.834742069133, 28.421551259044424 ], [ -106.835115431102665, 28.420567328341523 ], [ -106.835426233922007, 28.419530428683501 ], [ -106.836562377379565, 28.419042517101602 ], [ -106.837660993562281, 28.41858703323852 ], [ -106.838034300221537, 28.418443566892826 ], [ -106.838648090629491, 28.41817226787121 ], [ -106.839288651188156, 28.417882208279512 ], [ -106.840342934716986, 28.418362761356054 ], [ -106.840502546080472, 28.418435512709323 ], [ -106.841794894369812, 28.419024558234035 ], [ -106.841553290268678, 28.419565238992618 ], [ -106.841440356071885, 28.419808412934419 ], [ -106.84135738061488, 28.419988802796393 ], [ -106.841206381192947, 28.420302354860247 ], [ -106.841133698685354, 28.42045379259779 ], [ -106.840988136408626, 28.420782952679428 ], [ -106.840932945036641, 28.420907756432563 ], [ -106.840709866594665, 28.421354174082186 ], [ -106.840500098881606, 28.421800411427643 ], [ -106.840359017560019, 28.422097030545288 ], [ -106.840349205701813, 28.422117659611054 ], [ -106.840285959838553, 28.422250631481496 ], [ -106.840080965583667, 28.42271642321883 ], [ -106.840306313940857, 28.422808150017644 ], [ -106.840664351122669, 28.423203911184316 ], [ -106.840982403005327, 28.423580182000844 ], [ -106.841351771530015, 28.423975787889752 ], [ -106.841686904196919, 28.424356833319461 ], [ -106.842009899602857, 28.42474360527418 ], [ -106.841967570394559, 28.424772787094032 ], [ -106.841424044208992, 28.425123321169281 ], [ -106.840709894494196, 28.425583888118307 ], [ -106.839569092531619, 28.426380073774872 ] ] ] ] } },
{ "type": "Feature", "properties": { "ID": 283, "ENTIDAD": 8, "DISTRITO_F": 7, "DISTRITO_L": 14, "MUNICIPIO": 17, "SECCION": 307, "TIPO": 2, "CONTROL": 9144, "GEOMETRY1_": null }, "geometry": { "type": "MultiPolygon", "coordinates": [ [ [ [ -106.819968715956307, 28.45518350859156 ], [ -106.809922269817065, 28.453595301774328 ], [ -106.805028391057405, 28.452877484399384 ], [ -106.804902641075699, 28.448895739757578 ], [ -106.804715074449888, 28.446986807904739 ], [ -106.80438649537939, 28.443642526066618 ], [ -106.810571172990095, 28.443926830768646 ], [ -106.810985639848596, 28.444065779051229 ], [ -106.815168096876619, 28.433680798111094 ], [ -106.815583632429352, 28.433780661033463 ], [ -106.8161313813752, 28.433939265257884 ], [ -106.816356835065307, 28.434004545000398 ], [ -106.816774221603112, 28.434125402358926 ], [ -106.817210859126902, 28.434251823909154 ], [ -106.817562008045215, 28.434353496459025 ], [ -106.817850212036191, 28.43443694293822 ], [ -106.8180110421726, 28.433999676511103 ], [ -106.818570438302729, 28.434155396447121 ], [ -106.819119598204381, 28.434332335729906 ], [ -106.819690186004465, 28.434513545416266 ], [ -106.820176363489495, 28.434667945298482 ], [ -106.821282625758627, 28.43501962101805 ], [ -106.822405678666996, 28.435369732979751 ], [ -106.822994702631206, 28.43555252457163 ], [ -106.822646323441987, 28.436451285252314 ], [ -106.822470698163755, 28.436904382408002 ], [ -106.821672253397495, 28.438964249071258 ], [ -106.82095660391748, 28.439473908768068 ], [ -106.82032774925284, 28.439921749374353 ], [ -106.818900689835999, 28.440938009574438 ], [ -106.81861983454769, 28.441138012751143 ], [ -106.818137535515163, 28.441481465382054 ], [ -106.817730069423206, 28.441771625329487 ], [ -106.817475901264075, 28.441952619176842 ], [ -106.81715063082703, 28.442184243600941 ], [ -106.816607390977467, 28.442571079721439 ], [ -106.81567328703116, 28.443236235224617 ], [ -106.814846734424862, 28.443880056933683 ], [ -106.814620009627674, 28.444059478876301 ], [ -106.81445693500514, 28.44418852974237 ], [ -106.813787201613096, 28.444718525312396 ], [ -106.818353758455657, 28.44621121060927 ], [ -106.820777874159774, 28.446932472257796 ], [ -106.821462763442057, 28.447136271456227 ], [ -106.819968715956307, 28.45518350859156 ] ] ] ] } },
{ "type": "Feature", "properties": { "ID": 284, "ENTIDAD": 8, "DISTRITO_F": 7, "DISTRITO_L": 14, "MUNICIPIO": 17, "SECCION": 308, "TIPO": 2, "CONTROL": 8151, "GEOMETRY1_": null }, "geometry": { "type": "MultiPolygon", "coordinates": [ [ [ [ -106.822994702631206, 28.43555252457163 ], [ -106.822405678666996, 28.435369732979751 ], [ -106.821282625758627, 28.43501962101805 ], [ -106.820176363489495, 28.434667945298482 ], [ -106.819690186004465, 28.434513545416266 ], [ -106.819119598204381, 28.434332335729906 ], [ -106.818570438302729, 28.434155396447121 ], [ -106.8180110421726, 28.433999676511103 ], [ -106.817850212036191, 28.434436942938131 ], [ -106.817562008045215, 28.434353496459025 ], [ -106.817210859126902, 28.434251823909154 ], [ -106.816774221603112, 28.434125402358926 ], [ -106.816356835065307, 28.434004545000398 ], [ -106.8161313813752, 28.433939265257884 ], [ -106.815583632429352, 28.433780661033463 ], [ -106.815168096876619, 28.433680798111094 ], [ -106.815432349031767, 28.433102024842391 ], [ -106.815760664276851, 28.432321135728095 ], [ -106.816145919506155, 28.432412033517327 ], [ -106.81650982568118, 28.432505538843618 ], [ -106.817059056382192, 28.432673830385522 ], [ -106.817540164459672, 28.432819077007583 ], [ -106.818021614802902, 28.432984273133226 ], [ -106.818367747909136, 28.432101544912587 ], [ -106.818612417149922, 28.432166897645935 ], [ -106.819277595210409, 28.432397016493187 ], [ -106.819855297264255, 28.43258104036337 ], [ -106.820392831312077, 28.43275738056516 ], [ -106.820585028543945, 28.432306885176526 ], [ -106.820763636784392, 28.431873886140679 ], [ -106.821251061938042, 28.432027737347809 ], [ -106.82235833298499, 28.432360618124125 ], [ -106.823474571323459, 28.432724875888738 ], [ -106.824070101657, 28.432921351202626 ], [ -106.82389172912255, 28.433359640918496 ], [ -106.823711252621138, 28.433803133893338 ], [ -106.823529513442054, 28.434246829441065 ], [ -106.82335191177323, 28.434680420177951 ], [ -106.823164048076976, 28.435139060464177 ], [ -106.822994702631206, 28.43555252457163 ] ] ] ] } },
{ "type": "Feature", "properties": { "ID": 285, "ENTIDAD": 8, "DISTRITO_F": 7, "DISTRITO_L": 14, "MUNICIPIO": 17, "SECCION": 309, "TIPO": 2, "CONTROL": 7961, "GEOMETRY1_": null }, "geometry": { "type": "MultiPolygon", "coordinates": [ [ [ [ -106.846693116751482, 28.419060057761811 ], [ -106.845850165110264, 28.418824284833295 ], [ -106.845020324925386, 28.418576557151333 ], [ -106.844181817623081, 28.418340713380669 ], [ -106.844554962596973, 28.417335063583472 ], [ -106.844923595737797, 28.416325550105412 ], [ -106.845085239413294, 28.415893678797939 ], [ -106.845292630553047, 28.415339573677315 ], [ -106.845401862716116, 28.415033585318515 ], [ -106.84560783675461, 28.41450627879356 ], [ -106.845674562323552, 28.414329878107054 ], [ -106.846499728677514, 28.414565894671085 ], [ -106.847338210012339, 28.414801725427843 ], [ -106.848163587575584, 28.415049500460103 ], [ -106.847794853168566, 28.416051175315015 ], [ -106.847426112318644, 28.417052849354256 ], [ -106.847057433125102, 28.41805844554985 ], [ -106.846693116751482, 28.419060057761811 ] ] ] ] } },
{ "type": "Feature", "properties": { "ID": 286, "ENTIDAD": 8, "DISTRITO_F": 7, "DISTRITO_L": 14, "MUNICIPIO": 17, "SECCION": 310, "TIPO": 2, "CONTROL": 7959, "GEOMETRY1_": null }, "geometry": { "type": "MultiPolygon", "coordinates": [ [ [ [ -106.849845141204611, 28.415528921034085 ], [ -106.849006581239678, 28.415289183304822 ], [ -106.848163587575584, 28.415049500460103 ], [ -106.847338210012339, 28.414801725427843 ], [ -106.846499728677514, 28.414565894671085 ], [ -106.845674562323552, 28.414329878107054 ], [ -106.845797686062923, 28.414034838496462 ], [ -106.846015450339422, 28.413513009169765 ], [ -106.846206926658965, 28.41305235103291 ], [ -106.846343498520099, 28.412723780883553 ], [ -106.846403354495436, 28.412565672462915 ], [ -106.84656855123859, 28.412082086209097 ], [ -106.846594031610536, 28.412014020415512 ], [ -106.846793191270535, 28.411482001698502 ], [ -106.847092242134735, 28.411390055122585 ], [ -106.847389019599802, 28.411298270036152 ], [ -106.84739136541846, 28.411263477108207 ], [ -106.847523063667225, 28.411229743139629 ], [ -106.848147781806688, 28.409525112205969 ], [ -106.848159521160383, 28.409493079228088 ], [ -106.848167896445233, 28.409474639470563 ], [ -106.848372711355211, 28.409536478391267 ], [ -106.848766322015507, 28.409657181683546 ], [ -106.849194022841928, 28.409778720787976 ], [ -106.850034870685775, 28.410011772940482 ], [ -106.850854065288004, 28.410254764414955 ], [ -106.851691226621611, 28.410484639411919 ], [ -106.851517915723136, 28.410979161687269 ], [ -106.851308183830966, 28.411526389947081 ], [ -106.850984506817909, 28.412393939613114 ], [ -106.850739165552895, 28.41305391052046 ], [ -106.850670761034308, 28.413237918065423 ], [ -106.850451353854737, 28.41389226675718 ], [ -106.85014162801933, 28.414712646104665 ], [ -106.849845141204611, 28.415528921034085 ] ] ] ] } },
{ "type": "Feature", "properties": { "ID": 287, "ENTIDAD": 8, "DISTRITO_F": 7, "DISTRITO_L": 14, "MUNICIPIO": 17, "SECCION": 311, "TIPO": 2, "CONTROL": 8013, "GEOMETRY1_": null }, "geometry": { "type": "MultiPolygon", "coordinates": [ [ [ [ -106.855795954927331, 28.411668443775149 ], [ -106.855013854640092, 28.411445316505826 ], [ -106.855181382347851, 28.410940914512658 ], [ -106.855368867142829, 28.410447441789636 ], [ -106.853945701876071, 28.410040309866115 ], [ -106.852073825993259, 28.409472587519069 ], [ -106.851691226621611, 28.410484639411919 ], [ -106.850854065288004, 28.410254764414955 ], [ -106.850034870685775, 28.410011772940482 ], [ -106.849194022841928, 28.409778720787976 ], [ -106.848766322015507, 28.409657181683546 ], [ -106.848372711355211, 28.409536478391267 ], [ -106.848167896445233, 28.409474639470563 ], [ -106.848136939655149, 28.409462982888606 ], [ -106.846683087410639, 28.409002251873023 ], [ -106.848049031544718, 28.408645304413142 ], [ -106.848144345179236, 28.4083564102677 ], [ -106.848748481545584, 28.408539749000916 ], [ -106.849189366540102, 28.407394271282747 ], [ -106.849556912213444, 28.406291828504564 ], [ -106.84982120632057, 28.405617866057973 ], [ -106.849888468053109, 28.405469940840295 ], [ -106.85040676533005, 28.404104512782531 ], [ -106.850540263417287, 28.403749871134981 ], [ -106.850694300940205, 28.403361904920928 ], [ -106.850874771533981, 28.402907359577348 ], [ -106.85118948136143, 28.402073937096954 ], [ -106.85216115380112, 28.402381634550117 ], [ -106.853101908653812, 28.40267125548111 ], [ -106.854033139643633, 28.402928482028027 ], [ -106.854289628923667, 28.402256240773351 ], [ -106.854850017929053, 28.401855575900814 ], [ -106.855823196957445, 28.401189200591293 ], [ -106.856474497894084, 28.400750665807426 ], [ -106.857086828451685, 28.401500002448007 ], [ -106.857696220113198, 28.402214133181875 ], [ -106.858328978921719, 28.402863048822084 ], [ -106.858973717187055, 28.403583056197022 ], [ -106.859640773804145, 28.404307628552942 ], [ -106.858882704892125, 28.404843162215233 ], [ -106.85902602479311, 28.405014281449485 ], [ -106.859531549959712, 28.405582314427296 ], [ -106.85874813616438, 28.406169882587562 ], [ -106.859020021564163, 28.406477857948634 ], [ -106.859358228362652, 28.40686095478431 ], [ -106.859958354166594, 28.407540725737285 ], [ -106.860580614277993, 28.408251794438616 ], [ -106.859776033875917, 28.408820346484983 ], [ -106.858966809188473, 28.409363965640331 ], [ -106.858124176904496, 28.409954348533851 ], [ -106.857376673116477, 28.41052348579035 ], [ -106.856575788224418, 28.411087366129578 ], [ -106.855795954927331, 28.411668443775149 ] ] ] ] } },
{ "type": "Feature", "properties": { "ID": 288, "ENTIDAD": 8, "DISTRITO_F": 7, "DISTRITO_L": 14, "MUNICIPIO": 17, "SECCION": 312, "TIPO": 2, "CONTROL": 8014, "GEOMETRY1_": null }, "geometry": { "type": "MultiPolygon", "coordinates": [ [ [ [ -106.860580614277993, 28.408251794438616 ], [ -106.859958354166594, 28.407540725737285 ], [ -106.859358228362652, 28.40686095478431 ], [ -106.859020021564163, 28.406477857948634 ], [ -106.85874813616438, 28.406169882587562 ], [ -106.859531549959712, 28.405582314427296 ], [ -106.85902602479311, 28.405014281449485 ], [ -106.858882704892125, 28.404843162215233 ], [ -106.859640773804145, 28.404307628552942 ], [ -106.858973717187055, 28.403583056197022 ], [ -106.858328978921719, 28.402863048822084 ], [ -106.857696220113198, 28.402214133181875 ], [ -106.857086828451685, 28.401500002448007 ], [ -106.857894474659744, 28.400924436846903 ], [ -106.858689327011774, 28.400370871262787 ], [ -106.859479119659511, 28.399796238381608 ], [ -106.860124338835604, 28.400511282354305 ], [ -106.860754620385464, 28.401208176714849 ], [ -106.861398086987904, 28.401920733698446 ], [ -106.862034966338896, 28.402629261735214 ], [ -106.862674823603911, 28.403340475955343 ], [ -106.86328422821903, 28.404015999636588 ], [ -106.863938619418036, 28.404741377668962 ], [ -106.864571657138114, 28.405451448557073 ], [ -106.863778994372154, 28.406008449573502 ], [ -106.862973180789069, 28.406567861533777 ], [ -106.862164695111289, 28.407114174837073 ], [ -106.861385185977966, 28.407683237994011 ], [ -106.860580614277993, 28.408251794438616 ] ] ] ] } },
{ "type": "Feature", "properties": { "ID": 289, "ENTIDAD": 8, "DISTRITO_F": 7, "DISTRITO_L": 14, "MUNICIPIO": 17, "SECCION": 313, "TIPO": 2, "CONTROL": 16063, "GEOMETRY1_": null }, "geometry": { "type": "MultiPolygon", "coordinates": [ [ [ [ -106.864571657138114, 28.405451448557073 ], [ -106.863938619418036, 28.404741377668962 ], [ -106.86328422821903, 28.404015999636588 ], [ -106.862674823603911, 28.403340475955343 ], [ -106.862034966338896, 28.402629261735214 ], [ -106.861398086987904, 28.401920733698446 ], [ -106.862215080553511, 28.401361785201882 ], [ -106.862986139404185, 28.400826970647721 ], [ -106.863794885246477, 28.400250188688894 ], [ -106.864409618140556, 28.400938489767711 ], [ -106.865062492216452, 28.401669483182399 ], [ -106.865683645347787, 28.402350366396863 ], [ -106.866325087737252, 28.403058292542916 ], [ -106.866977957802817, 28.403773019457624 ], [ -106.866183806195991, 28.404338919265385 ], [ -106.865386801884412, 28.404892246331723 ], [ -106.864571657138114, 28.405451448557073 ] ] ] ] } },
{ "type": "Feature", "properties": { "ID": 290, "ENTIDAD": 8, "DISTRITO_F": 7, "DISTRITO_L": 14, "MUNICIPIO": 17, "SECCION": 314, "TIPO": 2, "CONTROL": 16099, "GEOMETRY1_": null }, "geometry": { "type": "MultiPolygon", "coordinates": [ [ [ [ -106.866977957802817, 28.403773019457624 ], [ -106.866325087737252, 28.403058292542916 ], [ -106.865683645347787, 28.402350366396863 ], [ -106.865062492216452, 28.401669483182399 ], [ -106.864409618140556, 28.400938489767711 ], [ -106.863794885246477, 28.400250188688894 ], [ -106.864573985232468, 28.399684975404096 ], [ -106.865383188349327, 28.399122406441549 ], [ -106.866096693195786, 28.39860234281339 ], [ -106.866865192434204, 28.398033928195552 ], [ -106.867512454805237, 28.398732669286197 ], [ -106.867535209886086, 28.398757233913752 ], [ -106.868162013536448, 28.399433876487002 ], [ -106.868810617508402, 28.400138244358637 ], [ -106.869442732741007, 28.400816391907767 ], [ -106.870088551865436, 28.401526011452223 ], [ -106.86932949905345, 28.402090643113475 ], [ -106.868567381060743, 28.402657544846036 ], [ -106.867772673648645, 28.403215284297367 ], [ -106.866977957802817, 28.403773019457624 ] ] ] ] } },
{ "type": "Feature", "properties": { "ID": 292, "ENTIDAD": 8, "DISTRITO_F": 7, "DISTRITO_L": 14, "MUNICIPIO": 17, "SECCION": 316, "TIPO": 2, "CONTROL": 16097, "GEOMETRY1_": null }, "geometry": { "type": "MultiPolygon", "coordinates": [ [ [ [ -106.873429451515491, 28.399121252219114 ], [ -106.873122489481787, 28.398330581895593 ], [ -106.873054954187211, 28.397985066327585 ], [ -106.873016862432536, 28.397790184921067 ], [ -106.872830328111476, 28.397276545371618 ], [ -106.872801372525899, 28.396744396707401 ], [ -106.873004088590633, 28.395160606623477 ], [ -106.873017113583984, 28.394867923026329 ], [ -106.873009840178526, 28.39472215122661 ], [ -106.872434021575884, 28.394066477959893 ], [ -106.873213196903095, 28.393510561751373 ], [ -106.873322295264956, 28.393432722827516 ], [ -106.874176351741269, 28.39350624801196 ], [ -106.875085985581123, 28.393599468048471 ], [ -106.875074401904456, 28.394076859277956 ], [ -106.875157107986681, 28.394426490954409 ], [ -106.875212597979697, 28.394661067843625 ], [ -106.875315195174565, 28.395204635726852 ], [ -106.87531262046214, 28.395718803638591 ], [ -106.8752801581645, 28.395926897110016 ], [ -106.875645391284067, 28.396454709570143 ], [ -106.875814699997733, 28.396521405562638 ], [ -106.876161789328066, 28.396876237445085 ], [ -106.876357157855423, 28.397159803438601 ], [ -106.875455850733871, 28.39778410089799 ], [ -106.874636264055113, 28.398316439692668 ], [ -106.87387880420448, 28.398832463956929 ], [ -106.873429451515491, 28.399121252219114 ] ] ] ] } },
{ "type": "Feature", "properties": { "ID": 293, "ENTIDAD": 8, "DISTRITO_F": 7, "DISTRITO_L": 14, "MUNICIPIO": 17, "SECCION": 317, "TIPO": 2, "CONTROL": 16098, "GEOMETRY1_": null }, "geometry": { "type": "MultiPolygon", "coordinates": [ [ [ [ -106.868162013536448, 28.399433876487002 ], [ -106.867535209886086, 28.398757233913752 ], [ -106.867512454805237, 28.398732669286197 ], [ -106.866865192434204, 28.398033928195552 ], [ -106.867659038108826, 28.397460662840711 ], [ -106.868417583958419, 28.39690587356354 ], [ -106.869257113696449, 28.39632747359283 ], [ -106.8700409971498, 28.395767828936187 ], [ -106.870849318849849, 28.395197080898019 ], [ -106.871661624988405, 28.394617547897571 ], [ -106.872434021575884, 28.394066477959893 ], [ -106.873009840178526, 28.39472215122661 ], [ -106.873017113583984, 28.394867923026329 ], [ -106.873004088590633, 28.395160606623477 ], [ -106.872801372525899, 28.396744396707401 ], [ -106.872342377942033, 28.396810267009421 ], [ -106.871830434050466, 28.396943863941882 ], [ -106.871378813737294, 28.397198256807879 ], [ -106.870550464547151, 28.397729039697282 ], [ -106.869725758041426, 28.398296436649613 ], [ -106.8689405022307, 28.398865635279805 ], [ -106.868162013536448, 28.399433876487002 ] ] ] ] } },
{ "type": "Feature", "properties": { "ID": 294, "ENTIDAD": 8, "DISTRITO_F": 7, "DISTRITO_L": 14, "MUNICIPIO": 17, "SECCION": 318, "TIPO": 2, "CONTROL": 7969, "GEOMETRY1_": null }, "geometry": { "type": "MultiPolygon", "coordinates": [ [ [ [ -106.844472611636476, 28.415688971883153 ], [ -106.843929529852872, 28.415177722428503 ], [ -106.843357211680086, 28.414672201036176 ], [ -106.843761676946443, 28.414316197033475 ], [ -106.844132424531566, 28.413975671205595 ], [ -106.844476729694549, 28.413638342485239 ], [ -106.844930481055414, 28.413240522996855 ], [ -106.845293840288733, 28.412922037139374 ], [ -106.845303070359392, 28.412823891909675 ], [ -106.845638198702545, 28.412520443501805 ], [ -106.845303107898587, 28.412242227017142 ], [ -106.845980814166609, 28.411994057998065 ], [ -106.846062582320684, 28.411964114657803 ], [ -106.84656855123859, 28.412082086209097 ], [ -106.846403354495436, 28.412565672462915 ], [ -106.846343498520099, 28.412723780883553 ], [ -106.846206926658965, 28.41305235103291 ], [ -106.846015450339422, 28.413513009169765 ], [ -106.845797686062923, 28.414034838496462 ], [ -106.845674562323552, 28.414329878107054 ], [ -106.84560783675461, 28.41450627879356 ], [ -106.845401862716116, 28.415033585318515 ], [ -106.845292630553047, 28.415339573677315 ], [ -106.845033902089583, 28.415449814901994 ], [ -106.844472611636476, 28.415688971883153 ] ] ] ] } },
{ "type": "Feature", "properties": { "ID": 295, "ENTIDAD": 8, "DISTRITO_F": 7, "DISTRITO_L": 14, "MUNICIPIO": 17, "SECCION": 319, "TIPO": 2, "CONTROL": 7970, "GEOMETRY1_": null }, "geometry": { "type": "MultiPolygon", "coordinates": [ [ [ [ -106.830738824208311, 28.421509102848017 ], [ -106.826677840810888, 28.418748989390664 ], [ -106.829202055681122, 28.415952109750293 ], [ -106.829363724180141, 28.413882155806125 ], [ -106.835311820680531, 28.417996872623181 ], [ -106.835327599739671, 28.415333287037999 ], [ -106.84039027845678, 28.41357784286248 ], [ -106.840703726230871, 28.413856822055973 ], [ -106.840843904260595, 28.413774806229139 ], [ -106.841197439475181, 28.413584746867926 ], [ -106.841345445914015, 28.413539216932495 ], [ -106.841947121917556, 28.413349527808883 ], [ -106.842395014581228, 28.413189588245039 ], [ -106.842685625350086, 28.41392067111428 ], [ -106.842773053694515, 28.414136792094354 ], [ -106.843357211680086, 28.414672201036176 ], [ -106.843929529852872, 28.415177722428503 ], [ -106.844472611636476, 28.415688971883153 ], [ -106.844281365834192, 28.416145904751421 ], [ -106.843885899262773, 28.417144008437727 ], [ -106.843485988413164, 28.41814217127029 ], [ -106.843081497244384, 28.419132547255273 ], [ -106.842900039107263, 28.419561608423376 ], [ -106.842296524733115, 28.419295159135075 ], [ -106.841794894369812, 28.419024558234035 ], [ -106.840502546080472, 28.418435512709323 ], [ -106.840342934716986, 28.418362761356054 ], [ -106.839288651188156, 28.417882208279512 ], [ -106.838648090629491, 28.41817226787121 ], [ -106.838034300221537, 28.418443566892826 ], [ -106.837660993562281, 28.41858703323852 ], [ -106.836562377379565, 28.419042517101602 ], [ -106.835426233922036, 28.419530428683501 ], [ -106.835186573634132, 28.419624242370165 ], [ -106.834375352905028, 28.419941785929279 ], [ -106.833864869026186, 28.420151689723166 ], [ -106.833338768431616, 28.420364109097054 ], [ -106.832248417667614, 28.420847133227298 ], [ -106.831476299189902, 28.421195932832337 ], [ -106.830846030126537, 28.421470663689107 ], [ -106.830738824208311, 28.421509102848017 ] ] ] ] } },
{ "type": "Feature", "properties": { "ID": 296, "ENTIDAD": 8, "DISTRITO_F": 7, "DISTRITO_L": 14, "MUNICIPIO": 17, "SECCION": 320, "TIPO": 2, "CONTROL": 7921, "GEOMETRY1_": null }, "geometry": { "type": "MultiPolygon", "coordinates": [ [ [ [ -106.825534392984807, 28.429301384593749 ], [ -106.824928437483678, 28.429126587295201 ], [ -106.823810512897296, 28.428776070776848 ], [ -106.823989626076511, 28.428334724342808 ], [ -106.824163751873726, 28.427905663662017 ], [ -106.82434294305645, 28.427460605738073 ], [ -106.824525238959737, 28.427007832826231 ], [ -106.824695151602427, 28.426585813096999 ], [ -106.824877302725525, 28.426133392421388 ], [ -106.825057711662922, 28.425690230425491 ], [ -106.825232478225686, 28.425260925040366 ], [ -106.825421190458357, 28.424797358953288 ], [ -106.82653482935028, 28.42514698000981 ], [ -106.827139750650886, 28.425339027473179 ], [ -106.826959601716695, 28.425785952760059 ], [ -106.826778290742666, 28.426235757160878 ], [ -106.826604248816679, 28.426667267021596 ], [ -106.826421642060353, 28.427115529365871 ], [ -106.8262420396957, 28.427556412888332 ], [ -106.826066099879966, 28.427988302162262 ], [ -106.825972217567013, 28.42821883481033 ], [ -106.8258843874994, 28.428434358023605 ], [ -106.825703418963869, 28.428882665449255 ], [ -106.825534392984807, 28.429301384593749 ] ] ] ] } },
{ "type": "Feature", "properties": { "ID": 297, "ENTIDAD": 8, "DISTRITO_F": 7, "DISTRITO_L": 14, "MUNICIPIO": 17, "SECCION": 321, "TIPO": 2, "CONTROL": 3223, "GEOMETRY1_": null }, "geometry": { "type": "MultiPolygon", "coordinates": [ [ [ [ -106.824070101657, 28.432921351202626 ], [ -106.823474571323459, 28.432724875888738 ], [ -106.82235833298499, 28.432360618124125 ], [ -106.821251061938042, 28.432027737347809 ], [ -106.820763636784392, 28.431873886140679 ], [ -106.820585028543945, 28.432306885176526 ], [ -106.820392831312077, 28.43275738056516 ], [ -106.819855297264255, 28.43258104036337 ], [ -106.819277595210409, 28.432397016493187 ], [ -106.818612417149922, 28.432166897645935 ], [ -106.818367747909136, 28.432101544912587 ], [ -106.818021614802902, 28.432984273133226 ], [ -106.817540164459672, 28.432819077007583 ], [ -106.817059056382192, 28.432673830385522 ], [ -106.81650982568118, 28.432505538843618 ], [ -106.816145919506155, 28.432412033517327 ], [ -106.815760664276851, 28.432321135728095 ], [ -106.818183750577361, 28.426739391234058 ], [ -106.818621189441927, 28.426557119898717 ], [ -106.819122403831855, 28.426348325688835 ], [ -106.819597734075103, 28.426145396015684 ], [ -106.820066725369927, 28.425945174544182 ], [ -106.820491389288847, 28.425763876370581 ], [ -106.820165778503977, 28.426605408502937 ], [ -106.821004154269886, 28.426877232919239 ], [ -106.821470142222964, 28.42703810699091 ], [ -106.82205003217608, 28.427219708374132 ], [ -106.821678852642592, 28.428112244810237 ], [ -106.822207047201275, 28.428280182066434 ], [ -106.822703390801152, 28.428437990047687 ], [ -106.823810512897296, 28.428776070776848 ], [ -106.824928437483678, 28.429126587295201 ], [ -106.825534392984807, 28.429301384593749 ], [ -106.825351788626222, 28.429753737076091 ], [ -106.825175802842978, 28.430189690240745 ], [ -106.824993485711431, 28.430641323734449 ], [ -106.824443035555291, 28.432004868271051 ], [ -106.824252945506458, 28.43247199673862 ], [ -106.824070101657, 28.432921351202626 ] ] ] ] } },
{ "type": "Feature", "properties": { "ID": 298, "ENTIDAD": 8, "DISTRITO_F": 7, "DISTRITO_L": 14, "MUNICIPIO": 17, "SECCION": 322, "TIPO": 2, "CONTROL": 3195, "GEOMETRY1_": null }, "geometry": { "type": "MultiPolygon", "coordinates": [ [ [ [ -106.823810512897296, 28.428776070776848 ], [ -106.822703390801152, 28.428437990047687 ], [ -106.822207047201275, 28.428280182066434 ], [ -106.821678852642592, 28.428112244810237 ], [ -106.82205003217608, 28.427219708374132 ], [ -106.821470142222964, 28.42703810699091 ], [ -106.821004154269886, 28.426877232919239 ], [ -106.820165778503977, 28.426605408502937 ], [ -106.820491389288847, 28.425763876370581 ], [ -106.820579124076431, 28.425726418948084 ], [ -106.820824792279666, 28.425621538399927 ], [ -106.82104792069498, 28.425526275721843 ], [ -106.821524980947927, 28.425322602117756 ], [ -106.822002039297843, 28.425118926919005 ], [ -106.822282194802582, 28.424999316260585 ], [ -106.822474963041756, 28.424917014572063 ], [ -106.822950098320618, 28.424714155639389 ], [ -106.823143900330095, 28.424632917876497 ], [ -106.82386948131014, 28.424329730940219 ], [ -106.824324290828073, 28.42447683574505 ], [ -106.825421190458357, 28.424797358953288 ], [ -106.825232478225686, 28.425260925040366 ], [ -106.825057711662922, 28.425690230425491 ], [ -106.824877302725525, 28.426133392421388 ], [ -106.824695151602427, 28.426585813096999 ], [ -106.824525238959737, 28.427007832826231 ], [ -106.82434294305645, 28.427460605738073 ], [ -106.824163751873726, 28.427905663662017 ], [ -106.823989626076511, 28.428334724342808 ], [ -106.823810512897296, 28.428776070776848 ] ] ] ] } },
{ "type": "Feature", "properties": { "ID": 299, "ENTIDAD": 8, "DISTRITO_F": 7, "DISTRITO_L": 14, "MUNICIPIO": 17, "SECCION": 323, "TIPO": 2, "CONTROL": 8153, "GEOMETRY1_": null }, "geometry": { "type": "MultiPolygon", "coordinates": [ [ [ [ -106.81222930478279, 28.429167334377595 ], [ -106.811140716563813, 28.426700817529756 ], [ -106.813830868342905, 28.425781577622516 ], [ -106.814281559198662, 28.42564958695877 ], [ -106.814831910853044, 28.425488384996289 ], [ -106.815333252262207, 28.425345132792206 ], [ -106.815648005017849, 28.42525822936582 ], [ -106.816155212674687, 28.425084102826837 ], [ -106.816645637125703, 28.424915905526039 ], [ -106.817121135154295, 28.424753722360109 ], [ -106.817616518682655, 28.424608688688572 ], [ -106.818111242363997, 28.424463846037074 ], [ -106.818624023592164, 28.424313714307903 ], [ -106.819131589483007, 28.424165107233918 ], [ -106.8197080377644, 28.423994583501308 ], [ -106.820157427939392, 28.423861643789966 ], [ -106.82067489742542, 28.423708562470583 ], [ -106.821176747964557, 28.423560099385984 ], [ -106.821681543821228, 28.423410762731493 ], [ -106.822186338162268, 28.423261424266055 ], [ -106.823676496696493, 28.422834330564012 ], [ -106.824220811940378, 28.422674939490616 ], [ -106.824870760626979, 28.423929684596633 ], [ -106.824578438953296, 28.424046958049409 ], [ -106.824378639970959, 28.424127308935169 ], [ -106.82386948131014, 28.424329730940219 ], [ -106.823143900330095, 28.424632917876497 ], [ -106.822950098320618, 28.424714155639389 ], [ -106.822474963041756, 28.424917014572063 ], [ -106.822282194802582, 28.424999316260585 ], [ -106.822002039297843, 28.425118926919005 ], [ -106.821524980947927, 28.425322602117756 ], [ -106.82104792069498, 28.425526275721843 ], [ -106.820824792279666, 28.425621538399927 ], [ -106.820579124076431, 28.425726418948084 ], [ -106.820491389288847, 28.425763876370581 ], [ -106.820066725369927, 28.425945174544182 ], [ -106.819597734075103, 28.426145396015684 ], [ -106.819122403831855, 28.426348325688835 ], [ -106.818621189441927, 28.426557119898717 ], [ -106.818183750577361, 28.426739391234058 ], [ -106.817688891721232, 28.42695361219435 ], [ -106.81721003246885, 28.427167290301483 ], [ -106.816715931274459, 28.427385046520488 ], [ -106.816061234430634, 28.42765259166028 ], [ -106.815563267947411, 28.427843438498503 ], [ -106.815054633228314, 28.428069275110378 ], [ -106.81458604295419, 28.428236850140653 ], [ -106.814337600660835, 28.428339190733581 ], [ -106.81222930478279, 28.429167334377595 ] ] ] ] } },
{ "type": "Feature", "properties": { "ID": 300, "ENTIDAD": 8, "DISTRITO_F": 7, "DISTRITO_L": 14, "MUNICIPIO": 17, "SECCION": 324, "TIPO": 2, "CONTROL": 8149, "GEOMETRY1_": null }, "geometry": { "type": "MultiPolygon", "coordinates": [ [ [ [ -106.827139750650886, 28.425339027473179 ], [ -106.82653482935028, 28.42514698000981 ], [ -106.825421190458357, 28.424797358953288 ], [ -106.824324290828073, 28.42447683574505 ], [ -106.82386948131014, 28.424329730940219 ], [ -106.824378639970959, 28.424127308935169 ], [ -106.824578438953296, 28.424046958049409 ], [ -106.824870760626979, 28.423929684596633 ], [ -106.824220811940378, 28.422674939490616 ], [ -106.824703111857303, 28.422518622469383 ], [ -106.825257548809489, 28.422338922655179 ], [ -106.82579784722175, 28.422170956536743 ], [ -106.826310085479037, 28.42200960072913 ], [ -106.826799820304856, 28.421858522148938 ], [ -106.827048165632419, 28.421793602195375 ], [ -106.825279741927361, 28.42029802986595 ], [ -106.826677840810888, 28.418748989390664 ], [ -106.830738824208311, 28.421509102848017 ], [ -106.830126742262181, 28.42175699183646 ], [ -106.829523145785643, 28.422016581069737 ], [ -106.828958277729029, 28.422242952209878 ], [ -106.828266528902915, 28.422545644051336 ], [ -106.82801956633196, 28.423157814752273 ], [ -106.82785920556843, 28.423555313203217 ], [ -106.827685358324089, 28.423986238302849 ], [ -106.827498532920728, 28.424449329257072 ], [ -106.827314408192635, 28.424905722046404 ], [ -106.827280659295667, 28.424989449480027 ], [ -106.827139750650886, 28.425339027473179 ] ] ] ] } },
{ "type": "Feature", "properties": { "ID": 301, "ENTIDAD": 8, "DISTRITO_F": 7, "DISTRITO_L": 14, "MUNICIPIO": 17, "SECCION": 325, "TIPO": 2, "CONTROL": 8242, "GEOMETRY1_": null }, "geometry": { "type": "MultiPolygon", "coordinates": [ [ [ [ -106.835311820680531, 28.417996872623181 ], [ -106.829363724180141, 28.413882155806125 ], [ -106.832756711138501, 28.409819715962843 ], [ -106.833456551660859, 28.408981746190985 ], [ -106.836279095479185, 28.405661946872417 ], [ -106.837438762447675, 28.404213297446429 ], [ -106.837530126186621, 28.404099165603316 ], [ -106.838536674781565, 28.404384571190246 ], [ -106.838950168109747, 28.404495328400422 ], [ -106.839522758270519, 28.404660919116623 ], [ -106.840148191502664, 28.404829487448477 ], [ -106.841698980349463, 28.405247445009145 ], [ -106.841294898257416, 28.406385915935694 ], [ -106.840919033618391, 28.407372115644623 ], [ -106.841653974946226, 28.407584135249373 ], [ -106.84248024215789, 28.40781743360067 ], [ -106.843321228989552, 28.408060175672599 ], [ -106.844194024875819, 28.40831505225492 ], [ -106.844992189963946, 28.408539361680297 ], [ -106.845840406457256, 28.408778774135925 ], [ -106.846628063169888, 28.408987514153132 ], [ -106.846683087410639, 28.409002251873023 ], [ -106.848136939655149, 28.409462982888606 ], [ -106.848167896445233, 28.409474639470563 ], [ -106.848159521160383, 28.409493079228088 ], [ -106.848147781806688, 28.409525112205969 ], [ -106.847523063667225, 28.411229743139629 ], [ -106.84739136541846, 28.411263477108207 ], [ -106.847389019599802, 28.411298270036152 ], [ -106.847092242134735, 28.411390055122585 ], [ -106.846793191270535, 28.411482001698502 ], [ -106.846594031610536, 28.412014020415512 ], [ -106.84656855123859, 28.412082086209097 ], [ -106.846062582320684, 28.411964114657803 ], [ -106.845980814166609, 28.411994057998065 ], [ -106.845303107898587, 28.412242227017142 ], [ -106.845638198702545, 28.412520443501805 ], [ -106.845303070359392, 28.412823891909675 ], [ -106.845293840288733, 28.412922037139374 ], [ -106.844930481055414, 28.413240522996855 ], [ -106.844476729694549, 28.413638342485239 ], [ -106.844132424531566, 28.413975671205595 ], [ -106.843761676946443, 28.414316197033475 ], [ -106.843357211680086, 28.414672201036176 ], [ -106.842773053694515, 28.414136792094354 ], [ -106.842685625350086, 28.41392067111428 ], [ -106.842395014581228, 28.413189588245039 ], [ -106.841947121917556, 28.413349527808883 ], [ -106.841345445914015, 28.413539216932495 ], [ -106.841197439475181, 28.413584746867926 ], [ -106.840843904260595, 28.413774806229139 ], [ -106.840703726230871, 28.413856822055973 ], [ -106.84039027845678, 28.41357784286248 ], [ -106.835327599739671, 28.415333287037999 ], [ -106.835311820680531, 28.417996872623181 ] ] ] ] } },
{ "type": "Feature", "properties": { "ID": 302, "ENTIDAD": 8, "DISTRITO_F": 7, "DISTRITO_L": 14, "MUNICIPIO": 17, "SECCION": 326, "TIPO": 2, "CONTROL": 16062, "GEOMETRY1_": null }, "geometry": { "type": "MultiPolygon", "coordinates": [ [ [ [ -106.861398086987904, 28.401920733698446 ], [ -106.860754620385464, 28.401208176714849 ], [ -106.860124338835604, 28.400511282354305 ], [ -106.859479119659511, 28.399796238381608 ], [ -106.858858760023011, 28.399109319332631 ], [ -106.858198963462797, 28.398378716633747 ], [ -106.857568201807368, 28.397676288584346 ], [ -106.856933487292793, 28.396969445669637 ], [ -106.856317911764933, 28.396277571394084 ], [ -106.85712444430537, 28.395695888820416 ], [ -106.857902856751394, 28.39513448468416 ], [ -106.85869632980112, 28.394564731960322 ], [ -106.859514283770935, 28.394008018480402 ], [ -106.860332229065833, 28.393451300444408 ], [ -106.860961219310681, 28.394156957747416 ], [ -106.861595078234572, 28.394861998957225 ], [ -106.862217064423589, 28.395556785909747 ], [ -106.861418231798552, 28.396126400001357 ], [ -106.862056689764174, 28.39683421531641 ], [ -106.862705473204116, 28.397553481716002 ], [ -106.863341581179881, 28.398258682582327 ], [ -106.863946528272891, 28.398958809839737 ], [ -106.864573985232468, 28.399684975404096 ], [ -106.863794885246477, 28.400250188688894 ], [ -106.862986139404185, 28.400826970647721 ], [ -106.862215080553511, 28.401361785201882 ], [ -106.861398086987904, 28.401920733698446 ] ] ] ] } },
{ "type": "Feature", "properties": { "ID": 303, "ENTIDAD": 8, "DISTRITO_F": 7, "DISTRITO_L": 14, "MUNICIPIO": 17, "SECCION": 327, "TIPO": 2, "CONTROL": 15522, "GEOMETRY1_": null }, "geometry": { "type": "MultiPolygon", "coordinates": [ [ [ [ -106.864573985232468, 28.399684975404096 ], [ -106.863946528272891, 28.398958809839737 ], [ -106.863341581179881, 28.398258682582327 ], [ -106.862705473204116, 28.397553481716002 ], [ -106.862056689764174, 28.39683421531641 ], [ -106.861418231798552, 28.396126400001357 ], [ -106.862217064423589, 28.395556785909747 ], [ -106.861595078234572, 28.394861998957225 ], [ -106.860961219310681, 28.394156957747416 ], [ -106.860332229065833, 28.393451300444408 ], [ -106.861078846301567, 28.392866261462789 ], [ -106.861152587819404, 28.392816026770255 ], [ -106.861940011985027, 28.39229870340457 ], [ -106.862316311526186, 28.39204470194511 ], [ -106.86273432815635, 28.391762538959036 ], [ -106.863484697960914, 28.391211521193135 ], [ -106.864134622769555, 28.391932715022264 ], [ -106.864755100279197, 28.392627450672464 ], [ -106.864785493170189, 28.392661480586611 ], [ -106.865421450937845, 28.393309402279694 ], [ -106.866085120958303, 28.394014306637214 ], [ -106.866696619757235, 28.39474260377213 ], [ -106.86733725573346, 28.39544345889875 ], [ -106.867903084207128, 28.396209413876857 ], [ -106.868417583958419, 28.39690587356354 ], [ -106.867659038108826, 28.397460662840711 ], [ -106.866865192434204, 28.398033928195552 ], [ -106.866096693195786, 28.39860234281339 ], [ -106.865383188349327, 28.399122406441549 ], [ -106.864573985232468, 28.399684975404096 ] ] ] ] } },
{ "type": "Feature", "properties": { "ID": 305, "ENTIDAD": 8, "DISTRITO_F": 7, "DISTRITO_L": 14, "MUNICIPIO": 17, "SECCION": 329, "TIPO": 2, "CONTROL": 16096, "GEOMETRY1_": null }, "geometry": { "type": "MultiPolygon", "coordinates": [ [ [ [ -106.872434021575884, 28.394066477959893 ], [ -106.871901607909521, 28.393378285859779 ], [ -106.871319075614053, 28.392625297727829 ], [ -106.870678145003282, 28.391930540513464 ], [ -106.87002887185713, 28.391240274954303 ], [ -106.869897067848854, 28.39110085972521 ], [ -106.86937400286169, 28.390547584484036 ], [ -106.868736955794176, 28.389837895824591 ], [ -106.868093269463344, 28.389155177688384 ], [ -106.86745462793418, 28.388445659073472 ], [ -106.86824834507604, 28.387878572044315 ], [ -106.869179753265144, 28.387193715644628 ], [ -106.86983646638771, 28.387903848182237 ], [ -106.87045308208063, 28.388570609582718 ], [ -106.871110142633711, 28.389283568024258 ], [ -106.871755858651809, 28.389968843028271 ], [ -106.873288903077068, 28.39015792039811 ], [ -106.873462491754395, 28.390184759406665 ], [ -106.874669656902427, 28.390376618644172 ], [ -106.874747542284425, 28.390388996861951 ], [ -106.874844515354567, 28.390822292550162 ], [ -106.875389052237111, 28.391049175093702 ], [ -106.875841184098675, 28.391237554426858 ], [ -106.875900688033042, 28.39126621869465 ], [ -106.875803194363939, 28.391419833249905 ], [ -106.875719956298099, 28.39155098577379 ], [ -106.875539223627911, 28.39183575264741 ], [ -106.875225072488064, 28.392727757541056 ], [ -106.875085985581123, 28.393599468048471 ], [ -106.874176351741269, 28.39350624801196 ], [ -106.873322295264956, 28.393432722827516 ], [ -106.873213196903095, 28.393510561751373 ], [ -106.872434021575884, 28.394066477959893 ] ] ] ] } },
{ "type": "Feature", "properties": { "ID": 306, "ENTIDAD": 8, "DISTRITO_F": 7, "DISTRITO_L": 14, "MUNICIPIO": 17, "SECCION": 330, "TIPO": 2, "CONTROL": 9942, "GEOMETRY1_": null }, "geometry": { "type": "MultiPolygon", "coordinates": [ [ [ [ -106.878200408419588, 28.391766669207612 ], [ -106.878156569978898, 28.391074215048711 ], [ -106.878127483173316, 28.390614764309163 ], [ -106.878098396738537, 28.39015531352219 ], [ -106.87787247897198, 28.390091021785373 ], [ -106.877578727743597, 28.390051628738274 ], [ -106.877340701385705, 28.390098351718006 ], [ -106.876877711946889, 28.39035639770697 ], [ -106.876444196366492, 28.390644155425782 ], [ -106.87596499856916, 28.39116488841789 ], [ -106.875900688033042, 28.39126621869465 ], [ -106.875841184098675, 28.391237554426858 ], [ -106.875389052237111, 28.391049175093702 ], [ -106.874844515354567, 28.390822292550162 ], [ -106.874747542284425, 28.390388996861951 ], [ -106.874669656902427, 28.390376618644172 ], [ -106.873462491754395, 28.390184759406665 ], [ -106.873288903077068, 28.39015792039811 ], [ -106.871755858651809, 28.389968843028271 ], [ -106.871110142633711, 28.389283568024258 ], [ -106.87045308208063, 28.388570609582718 ], [ -106.86983646638771, 28.387903848182237 ], [ -106.869179753265144, 28.387193715644628 ], [ -106.87005157599009, 28.38659850924736 ], [ -106.869483398558657, 28.385829939786927 ], [ -106.868854910793132, 28.385108545281394 ], [ -106.868219125780996, 28.384448977785617 ], [ -106.867509241566495, 28.383716248097677 ], [ -106.86689518651275, 28.383038254920447 ], [ -106.866559592675088, 28.382659856492182 ], [ -106.866245461522198, 28.382317989751023 ], [ -106.866686193142925, 28.382036169294867 ], [ -106.868420426171724, 28.38096542981873 ], [ -106.867786501212777, 28.380212032053613 ], [ -106.866620775185638, 28.378697369134233 ], [ -106.864921421575303, 28.379788121222383 ], [ -106.864370566746629, 28.379034308963195 ], [ -106.864071132106403, 28.378645903954013 ], [ -106.863772414793104, 28.37829962009598 ], [ -106.863493067608829, 28.377958497490329 ], [ -106.863422055735725, 28.377871781441225 ], [ -106.868341280725261, 28.375095237300961 ], [ -106.870282639217749, 28.378476051669697 ], [ -106.873404650127881, 28.378330375749549 ], [ -106.873820726594104, 28.375501929354016 ], [ -106.872542278110856, 28.375397440164576 ], [ -106.87231290213451, 28.373142410264151 ], [ -106.873278464915785, 28.373113882269294 ], [ -106.873539760450498, 28.371294589991962 ], [ -106.875394813888363, 28.371818360889268 ], [ -106.876403617993972, 28.378167045094454 ], [ -106.877170213214939, 28.378147392679711 ], [ -106.87781441240611, 28.384522403982846 ], [ -106.881302685866274, 28.379674540453003 ], [ -106.886096769880538, 28.376202466265816 ], [ -106.894555915508448, 28.376182756645381 ], [ -106.899019106604584, 28.37425192793879 ], [ -106.901002855929292, 28.37341211463141 ], [ -106.902594415535006, 28.384141013634405 ], [ -106.902500657299996, 28.384376703217647 ], [ -106.897871340905922, 28.384935224114518 ], [ -106.896117882984896, 28.385146734164124 ], [ -106.895482075512291, 28.385226964539939 ], [ -106.895036356253982, 28.385283206503694 ], [ -106.894604603773985, 28.385337684667441 ], [ -106.894107746950468, 28.38540037589198 ], [ -106.893609811009455, 28.38546728281214 ], [ -106.893072418440454, 28.385539489340488 ], [ -106.889856466249682, 28.385811276018895 ], [ -106.889425783815014, 28.385820110765266 ], [ -106.888979233570097, 28.385891434762652 ], [ -106.888501672891493, 28.385996870237172 ], [ -106.888163659164448, 28.386145720318854 ], [ -106.887865959001161, 28.386601573693852 ], [ -106.887593067184824, 28.387072932285719 ], [ -106.887270558674601, 28.387342723058644 ], [ -106.887245750327651, 28.387603210701517 ], [ -106.887155820069992, 28.387798576433735 ], [ -106.886944949121016, 28.388074569293426 ], [ -106.886774391735798, 28.388251328765367 ], [ -106.886498398876086, 28.388527321625062 ], [ -106.886318538360783, 28.388713384227135 ], [ -106.885760350554634, 28.388942861436345 ], [ -106.885177354401549, 28.389221955339409 ], [ -106.884317920848829, 28.389324365185619 ], [ -106.884352340191441, 28.389504380846073 ], [ -106.884630027449774, 28.391002059287516 ], [ -106.883159685502207, 28.391169771726108 ], [ -106.8818224970356, 28.391351450791902 ], [ -106.881231788481372, 28.391398154345641 ], [ -106.879880189642591, 28.391562472838622 ], [ -106.878200408419588, 28.391766669207612 ] ] ] ] } },
{ "type": "Feature", "properties": { "ID": 307, "ENTIDAD": 8, "DISTRITO_F": 7, "DISTRITO_L": 14, "MUNICIPIO": 17, "SECCION": 331, "TIPO": 2, "CONTROL": 16095, "GEOMETRY1_": null }, "geometry": { "type": "MultiPolygon", "coordinates": [ [ [ [ -106.866696619757235, 28.39474260377213 ], [ -106.866085120958303, 28.394014306637214 ], [ -106.865421450937845, 28.393309402279694 ], [ -106.864785493170189, 28.392661480586611 ], [ -106.864755100279197, 28.392627450672464 ], [ -106.864134622769555, 28.391932715022264 ], [ -106.863484697960914, 28.391211521193135 ], [ -106.864274766416116, 28.390683131376672 ], [ -106.864655518261571, 28.390411758673402 ], [ -106.865081482611359, 28.390108158904198 ], [ -106.865872648901842, 28.389563204126055 ], [ -106.866670130876557, 28.388999850856067 ], [ -106.86745462793418, 28.388445659073472 ], [ -106.868093269463344, 28.389155177688384 ], [ -106.868736955794176, 28.389837895824591 ], [ -106.86937400286169, 28.390547584484036 ], [ -106.869897067848854, 28.39110085972521 ], [ -106.87002887185713, 28.391240274954303 ], [ -106.870678145003282, 28.391930540513464 ], [ -106.869899261404584, 28.392470194218067 ], [ -106.869097775936183, 28.393047949833626 ], [ -106.868332443365418, 28.393593122557178 ], [ -106.867498909880098, 28.39418686619182 ], [ -106.866696619757235, 28.39474260377213 ] ] ] ] } },
{ "type": "Feature", "properties": { "ID": 308, "ENTIDAD": 8, "DISTRITO_F": 7, "DISTRITO_L": 14, "MUNICIPIO": 17, "SECCION": 332, "TIPO": 2, "CONTROL": 8016, "GEOMETRY1_": null }, "geometry": { "type": "MultiPolygon", "coordinates": [ [ [ [ -106.85040676533005, 28.404104512782531 ], [ -106.849690275545925, 28.403896080112361 ], [ -106.848996266000569, 28.403688517617368 ], [ -106.849282859493201, 28.402958388914428 ], [ -106.849890918848587, 28.401400628551883 ], [ -106.850118841049891, 28.400795909106694 ], [ -106.850329411699903, 28.400236209737912 ], [ -106.850415845331142, 28.400005017316893 ], [ -106.848920596969322, 28.39952099029966 ], [ -106.843081747372707, 28.40151074935714 ], [ -106.840935384142739, 28.400312973201025 ], [ -106.833492901774349, 28.396159217669855 ], [ -106.835668293270558, 28.394169892028163 ], [ -106.836815000006411, 28.393475000343997 ], [ -106.84308612382506, 28.389677262839992 ], [ -106.844085503154218, 28.389071928733529 ], [ -106.844397660811623, 28.388817539273436 ], [ -106.84508870466351, 28.388254373990467 ], [ -106.845889371252312, 28.387601860304695 ], [ -106.846659688963669, 28.386974068184013 ], [ -106.847429997553377, 28.38634627207389 ], [ -106.848001000006448, 28.387010000343505 ], [ -106.848743109027353, 28.387875569054483 ], [ -106.849382314410519, 28.388612099661671 ], [ -106.850044911947776, 28.389314204900685 ], [ -106.850621731246619, 28.389952575472098 ], [ -106.851252892592001, 28.390651074715016 ], [ -106.851884285112718, 28.39134981713547 ], [ -106.852525205599704, 28.392059090906972 ], [ -106.853166134728326, 28.392768361192225 ], [ -106.853799163359355, 28.393476129954259 ], [ -106.854402642148415, 28.394150847953757 ], [ -106.855019005655166, 28.394830962975391 ], [ -106.855666993437197, 28.395545960267405 ], [ -106.856317911764933, 28.396277571394084 ], [ -106.856933487292793, 28.396969445669637 ], [ -106.857568201807368, 28.397676288584346 ], [ -106.858198963462797, 28.398378716633747 ], [ -106.858858760023011, 28.399109319332631 ], [ -106.859479119659511, 28.399796238381608 ], [ -106.858689327011774, 28.400370871262787 ], [ -106.857894474659744, 28.400924436846903 ], [ -106.857086828451685, 28.401500002448007 ], [ -106.856474497894084, 28.400750665807426 ], [ -106.855823196957445, 28.401189200591293 ], [ -106.854850017929053, 28.401855575900814 ], [ -106.854289628923667, 28.402256240773351 ], [ -106.854033139643633, 28.402928482028027 ], [ -106.853101908653812, 28.40267125548111 ], [ -106.85216115380112, 28.402381634550117 ], [ -106.85118948136143, 28.402073937096954 ], [ -106.850874771533981, 28.402907359577348 ], [ -106.850694300940205, 28.403361904920928 ], [ -106.850540263417287, 28.403749871134981 ], [ -106.85040676533005, 28.404104512782531 ] ] ] ] } },
{ "type": "Feature", "properties": { "ID": 309, "ENTIDAD": 8, "DISTRITO_F": 7, "DISTRITO_L": 14, "MUNICIPIO": 17, "SECCION": 333, "TIPO": 2, "CONTROL": 8015, "GEOMETRY1_": null }, "geometry": { "type": "MultiPolygon", "coordinates": [ [ [ [ -106.846683087410639, 28.409002251873023 ], [ -106.846628063169845, 28.408987514153132 ], [ -106.845840406456546, 28.408778774135747 ], [ -106.844992189962511, 28.408539361680127 ], [ -106.844194024873715, 28.40831505225459 ], [ -106.84332122898671, 28.408060175672183 ], [ -106.842480242154366, 28.407817433600179 ], [ -106.841653974942034, 28.407584135248708 ], [ -106.840919033613559, 28.407372115643874 ], [ -106.841294898252883, 28.406385915934486 ], [ -106.841698980345214, 28.405247445007308 ], [ -106.840148191497164, 28.404829487446477 ], [ -106.839522758264494, 28.404660919114452 ], [ -106.838950168103253, 28.404495328398248 ], [ -106.838536674774701, 28.40438457118799 ], [ -106.837530126186621, 28.404099165603316 ], [ -106.836776077986258, 28.403882900498864 ], [ -106.835671062042209, 28.4035563491448 ], [ -106.834061680628707, 28.403079614521982 ], [ -106.83372038354689, 28.402986082106256 ], [ -106.831540590246206, 28.402388682543208 ], [ -106.830186302512132, 28.401935976225456 ], [ -106.829975517418688, 28.39940854320594 ], [ -106.833492901763265, 28.396159217663591 ], [ -106.840935384137779, 28.400312973196762 ], [ -106.843081747369567, 28.401510749353481 ], [ -106.848920596971041, 28.39952099029485 ], [ -106.850415845334155, 28.40000501731225 ], [ -106.85032941170283, 28.40023620973345 ], [ -106.850118841052648, 28.400795909102513 ], [ -106.849890918851187, 28.401400628547972 ], [ -106.849282859495304, 28.402958388911323 ], [ -106.84899626600243, 28.403688517614647 ], [ -106.849690275548369, 28.40389608010981 ], [ -106.850406765333133, 28.404104512780055 ], [ -106.849888468055767, 28.405469940838454 ], [ -106.849821206323156, 28.405617866056314 ], [ -106.849556912215832, 28.406291828503086 ], [ -106.849189366542205, 28.407394271281909 ], [ -106.848748481547318, 28.408539749000717 ], [ -106.848144345180444, 28.408356410267331 ], [ -106.848049031545855, 28.408645304412936 ], [ -106.846683087410639, 28.409002251873023 ] ] ] ] } },
{ "type": "Feature", "properties": { "ID": 310, "ENTIDAD": 8, "DISTRITO_F": 7, "DISTRITO_L": 14, "MUNICIPIO": 17, "SECCION": 334, "TIPO": 2, "CONTROL": 15524, "GEOMETRY1_": null }, "geometry": { "type": "MultiPolygon", "coordinates": [ [ [ [ -106.856317911764933, 28.396277571394084 ], [ -106.855666993437197, 28.395545960267405 ], [ -106.855019005655166, 28.394830962975391 ], [ -106.854402642148415, 28.394150847953757 ], [ -106.853799163359355, 28.393476129954259 ], [ -106.853166134728326, 28.392768361192225 ], [ -106.853954310547806, 28.392205107863813 ], [ -106.854742477933115, 28.391641850318766 ], [ -106.855540051051307, 28.39107186061344 ], [ -106.855903529437768, 28.390782095522937 ], [ -106.856357915696549, 28.390569674526919 ], [ -106.856965140606334, 28.390134732718121 ], [ -106.857600057719424, 28.389679949076235 ], [ -106.858212345222995, 28.389253835374976 ], [ -106.858824627763155, 28.388827719124787 ], [ -106.85948052608363, 28.388381915898766 ], [ -106.860109414635957, 28.387921595817371 ], [ -106.860754053821381, 28.388613141570993 ], [ -106.861408260470654, 28.389314938087594 ], [ -106.862033759032101, 28.389992122160752 ], [ -106.862238479443178, 28.389849337171963 ], [ -106.862540500138678, 28.39016531214401 ], [ -106.86288745794522, 28.390528297175166 ], [ -106.863484697960914, 28.391211521193135 ], [ -106.86273432815635, 28.391762538959036 ], [ -106.862316311526186, 28.39204470194511 ], [ -106.861940011985027, 28.39229870340457 ], [ -106.861152587819404, 28.392816026770255 ], [ -106.861078846301567, 28.392866261462789 ], [ -106.860332229065833, 28.393451300444408 ], [ -106.859514283770935, 28.394008018480402 ], [ -106.85869632980112, 28.394564731960322 ], [ -106.857902856751394, 28.39513448468416 ], [ -106.85712444430537, 28.395695888820416 ], [ -106.856317911764933, 28.396277571394084 ] ] ] ] } },
{ "type": "Feature", "properties": { "ID": 311, "ENTIDAD": 8, "DISTRITO_F": 7, "DISTRITO_L": 14, "MUNICIPIO": 17, "SECCION": 335, "TIPO": 2, "CONTROL": 16094, "GEOMETRY1_": null }, "geometry": { "type": "MultiPolygon", "coordinates": [ [ [ [ -106.863484697960914, 28.391211521193135 ], [ -106.86288745794522, 28.390528297175166 ], [ -106.862540500138678, 28.39016531214401 ], [ -106.862238479443178, 28.389849337171963 ], [ -106.862033759032101, 28.389992122160752 ], [ -106.861408260470654, 28.389314938087594 ], [ -106.860754053821381, 28.388613141570993 ], [ -106.860109414635957, 28.387921595817371 ], [ -106.860734786203295, 28.387455886691097 ], [ -106.861376703253512, 28.387032118007873 ], [ -106.862030443128461, 28.386568140789471 ], [ -106.8628257322422, 28.385981290614104 ], [ -106.863432331055634, 28.385516219703369 ], [ -106.864205740978477, 28.384975335333198 ], [ -106.865003477587777, 28.384397287162813 ], [ -106.865957599976056, 28.38371397825831 ], [ -106.86689518651275, 28.383038254920447 ], [ -106.867509241566495, 28.383716248097677 ], [ -106.868219125780996, 28.384448977785617 ], [ -106.868854910793132, 28.385108545281394 ], [ -106.869483398558657, 28.385829939786927 ], [ -106.87005157599009, 28.38659850924736 ], [ -106.869179753265144, 28.387193715644628 ], [ -106.86824834507604, 28.387878572044315 ], [ -106.86745462793418, 28.388445659073472 ], [ -106.866670130876557, 28.388999850856067 ], [ -106.865872648901842, 28.389563204126055 ], [ -106.865081482611359, 28.390108158904198 ], [ -106.864655518261571, 28.390411758673402 ], [ -106.864274766416116, 28.390683131376672 ], [ -106.863484697960914, 28.391211521193135 ] ] ] ] } },
{ "type": "Feature", "properties": { "ID": 312, "ENTIDAD": 8, "DISTRITO_F": 7, "DISTRITO_L": 14, "MUNICIPIO": 17, "SECCION": 336, "TIPO": 2, "CONTROL": 16276, "GEOMETRY1_": null }, "geometry": { "type": "MultiPolygon", "coordinates": [ [ [ [ -106.8628257322422, 28.385981290614104 ], [ -106.862122209863017, 28.385297311187735 ], [ -106.861499482186815, 28.384592695345621 ], [ -106.860852565660977, 28.383888405571483 ], [ -106.86022414768334, 28.383182994927409 ], [ -106.860863470575225, 28.382722192651535 ], [ -106.861663511345554, 28.382145540793275 ], [ -106.862418251996743, 28.381594998297437 ], [ -106.863372407998241, 28.380898979334457 ], [ -106.863876221884652, 28.380535685147745 ], [ -106.864351103190998, 28.380193250031009 ], [ -106.864921421575303, 28.379788121222383 ], [ -106.866620775185638, 28.378697369134233 ], [ -106.867786501212777, 28.380212032053613 ], [ -106.868420426171724, 28.38096542981873 ], [ -106.866686193142925, 28.382036169294867 ], [ -106.866245461522198, 28.382317989751023 ], [ -106.866559592675088, 28.382659856492182 ], [ -106.86689518651275, 28.383038254920447 ], [ -106.865957599976056, 28.38371397825831 ], [ -106.865003477587777, 28.384397287162813 ], [ -106.864205740978477, 28.384975335333198 ], [ -106.863432331055634, 28.385516219703369 ], [ -106.8628257322422, 28.385981290614104 ] ] ] ] } },
{ "type": "Feature", "properties": { "ID": 313, "ENTIDAD": 8, "DISTRITO_F": 7, "DISTRITO_L": 14, "MUNICIPIO": 17, "SECCION": 337, "TIPO": 2, "CONTROL": 16064, "GEOMETRY1_": null }, "geometry": { "type": "MultiPolygon", "coordinates": [ [ [ [ -106.858824627763155, 28.388827719124787 ], [ -106.858182970511194, 28.388130670505802 ], [ -106.857542134897713, 28.387434501766442 ], [ -106.856883995619512, 28.386719522075559 ], [ -106.856251274771012, 28.386032143477255 ], [ -106.856877346474349, 28.385593356381776 ], [ -106.857523579178647, 28.385128266746367 ], [ -106.858166197548286, 28.384665500466905 ], [ -106.85879811351252, 28.384210434573596 ], [ -106.859424833288699, 28.38375910408833 ], [ -106.86022414768334, 28.383182994927409 ], [ -106.860852565660977, 28.383888405571483 ], [ -106.861499482186815, 28.384592695345621 ], [ -106.862122209863017, 28.385297311187735 ], [ -106.8628257322422, 28.385981290614104 ], [ -106.862030443128461, 28.386568140789471 ], [ -106.861376703253512, 28.387032118007873 ], [ -106.860734786203295, 28.387455886691097 ], [ -106.860109414635957, 28.387921595817371 ], [ -106.85948052608363, 28.388381915898766 ], [ -106.858824627763155, 28.388827719124787 ] ] ] ] } },
{ "type": "Feature", "properties": { "ID": 326, "ENTIDAD": 8, "DISTRITO_F": 7, "DISTRITO_L": 14, "MUNICIPIO": 17, "SECCION": 350, "TIPO": 2, "CONTROL": 16115, "GEOMETRY1_": null }, "geometry": { "type": "MultiPolygon", "coordinates": [ [ [ [ -106.736874584948126, 28.484996791625711 ], [ -106.737013712762675, 28.484830546630217 ], [ -106.737253190414947, 28.484400692206112 ], [ -106.737341644394149, 28.483992679890111 ], [ -106.737359061206476, 28.483912340902712 ], [ -106.737478410566112, 28.483581091022948 ], [ -106.737694853463765, 28.48336728051278 ], [ -106.738002788866112, 28.483117794297748 ], [ -106.738103382780366, 28.483061390538527 ], [ -106.738022586283563, 28.482954922811359 ], [ -106.737886160742221, 28.482732964361695 ], [ -106.737501710933117, 28.481957130805654 ], [ -106.73709934090671, 28.481203062773677 ], [ -106.737060374905681, 28.481106189461602 ], [ -106.73785235897607, 28.480759458426427 ], [ -106.741445450336045, 28.479103249343524 ], [ -106.742797701017665, 28.47847990202872 ], [ -106.742859680524504, 28.478690173545424 ], [ -106.742971654775801, 28.479200261944371 ], [ -106.743160898884696, 28.479962429119233 ], [ -106.743368778154306, 28.480745894733165 ], [ -106.743615366570893, 28.481623293857261 ], [ -106.743814132487273, 28.482429200446248 ], [ -106.744025645970211, 28.483229382750864 ], [ -106.743034969784034, 28.483464546941264 ], [ -106.741981934351855, 28.483735725655961 ], [ -106.741022714515523, 28.483970472324646 ], [ -106.740067533647263, 28.484195891557192 ], [ -106.73911888469371, 28.484436051155107 ], [ -106.738128336305877, 28.484680447643669 ], [ -106.736874584948126, 28.484996791625711 ] ] ] ] } },
{ "type": "Feature", "properties": { "ID": 314, "ENTIDAD": 8, "DISTRITO_F": 7, "DISTRITO_L": 14, "MUNICIPIO": 17, "SECCION": 338, "TIPO": 2, "CONTROL": 17574, "GEOMETRY1_": null }, "geometry": { "type": "MultiPolygon", "coordinates": [ [ [ [ -106.853166134728326, 28.392768361192225 ], [ -106.852525205599704, 28.392059090906972 ], [ -106.851884285112718, 28.39134981713547 ], [ -106.851252892592001, 28.390651074715016 ], [ -106.850621731246619, 28.389952575472098 ], [ -106.850044911947776, 28.389314204900685 ], [ -106.849382314410519, 28.388612099661671 ], [ -106.848743109027339, 28.387875569054398 ], [ -106.848001000006448, 28.387010000343505 ], [ -106.847429997553377, 28.38634627207389 ], [ -106.848257690029129, 28.385749465304137 ], [ -106.850011689307138, 28.384488199619042 ], [ -106.850224704899844, 28.384650351687643 ], [ -106.850704833523139, 28.385015835599951 ], [ -106.850764023328097, 28.385081369047775 ], [ -106.851098439889242, 28.384847892243947 ], [ -106.851430801014729, 28.384607810362809 ], [ -106.851698751645742, 28.384414246177897 ], [ -106.852305830079104, 28.38397637895207 ], [ -106.852951406269824, 28.383521286590572 ], [ -106.853533627361401, 28.383126364583724 ], [ -106.854265381713404, 28.383898864330973 ], [ -106.854953264064065, 28.384633710520756 ], [ -106.855599503082743, 28.385324057290042 ], [ -106.856251274771012, 28.386032143477255 ], [ -106.856883995619512, 28.386719522075559 ], [ -106.857542134897713, 28.387434501766442 ], [ -106.858182970511194, 28.388130670505802 ], [ -106.858824627763155, 28.388827719124787 ], [ -106.858212345222995, 28.389253835374976 ], [ -106.857600057719424, 28.389679949076235 ], [ -106.856965140606334, 28.390134732718121 ], [ -106.856357915696549, 28.390569674526919 ], [ -106.855903529437768, 28.390782095522937 ], [ -106.855540051051307, 28.39107186061344 ], [ -106.854742477933115, 28.391641850318766 ], [ -106.853954310547806, 28.392205107863813 ], [ -106.853166134728326, 28.392768361192225 ] ] ] ] } },
{ "type": "Feature", "properties": { "ID": 315, "ENTIDAD": 8, "DISTRITO_F": 7, "DISTRITO_L": 14, "MUNICIPIO": 17, "SECCION": 339, "TIPO": 2, "CONTROL": 17575, "GEOMETRY1_": null }, "geometry": { "type": "MultiPolygon", "coordinates": [ [ [ [ -106.856251274771012, 28.386032143477255 ], [ -106.855599503082743, 28.385324057290042 ], [ -106.854953264064065, 28.384633710520756 ], [ -106.854265381713404, 28.383898864330973 ], [ -106.853533627361401, 28.383126364583724 ], [ -106.852951406269824, 28.383521286590572 ], [ -106.852305830079104, 28.38397637895207 ], [ -106.851698751645742, 28.384414246177897 ], [ -106.851430801014729, 28.384607810362809 ], [ -106.850514071185145, 28.382766861855558 ], [ -106.855760614237127, 28.378755755429182 ], [ -106.855919234656838, 28.378636247599879 ], [ -106.855953663555013, 28.37872674012894 ], [ -106.856365833440734, 28.379506283958388 ], [ -106.856554318797365, 28.379925672844614 ], [ -106.856726380800552, 28.380350684698342 ], [ -106.856800535321582, 28.380330535054874 ], [ -106.857037591438356, 28.380175272498139 ], [ -106.857209196891461, 28.380034098690874 ], [ -106.857482572254256, 28.380300056516099 ], [ -106.858193648436682, 28.381038888625262 ], [ -106.858908359606801, 28.3817930516073 ], [ -106.859550927357944, 28.382494140733588 ], [ -106.86022414768334, 28.383182994927409 ], [ -106.859424833288699, 28.38375910408833 ], [ -106.85879811351252, 28.384210434573596 ], [ -106.858166197548286, 28.384665500466905 ], [ -106.857523579178647, 28.385128266746367 ], [ -106.856877346474349, 28.385593356381776 ], [ -106.856251274771012, 28.386032143477255 ] ] ] ] } },
{ "type": "Feature", "properties": { "ID": 317, "ENTIDAD": 8, "DISTRITO_F": 7, "DISTRITO_L": 14, "MUNICIPIO": 17, "SECCION": 341, "TIPO": 3, "CONTROL": 9736, "GEOMETRY1_": null }, "geometry": { "type": "MultiPolygon", "coordinates": [ [ [ [ -106.905887551707011, 28.760940503471883 ], [ -106.904685941144024, 28.757258021072118 ], [ -106.903940111577711, 28.754920905261425 ], [ -106.903240641950362, 28.752729061978084 ], [ -106.904275391548921, 28.752717412256352 ], [ -106.905310143292184, 28.752705783566331 ], [ -106.906331328332556, 28.752705663555748 ], [ -106.907318414899905, 28.752691189222435 ], [ -106.907320373159237, 28.752362221134522 ], [ -106.907322923280404, 28.751411248744311 ], [ -106.90730756227164, 28.750497312496321 ], [ -106.907196863028688, 28.749579566625346 ], [ -106.907191191067255, 28.748774762804366 ], [ -106.907210225793918, 28.747892155149867 ], [ -106.907208275211829, 28.746977413720046 ], [ -106.907177537544797, 28.746052541165806 ], [ -106.907204488425791, 28.745200875264622 ], [ -106.907158927145119, 28.744289159616791 ], [ -106.907215921173659, 28.743730064128219 ], [ -106.907317746771625, 28.743420874703382 ], [ -106.907480582475685, 28.743020078028607 ], [ -106.908116811834532, 28.74181756079345 ], [ -106.908605100239811, 28.740927478165208 ], [ -106.909118266903718, 28.739999243269295 ], [ -106.91312555376544, 28.740257142790721 ], [ -106.914009434967966, 28.742996149653063 ], [ -106.915501877971835, 28.747645265689709 ], [ -106.916884685365233, 28.751966976413353 ], [ -106.918091237639942, 28.755861563981433 ], [ -106.918910945611685, 28.758651904087824 ], [ -106.918290010437445, 28.757997562318209 ], [ -106.917680508688093, 28.757750340652503 ], [ -106.917007020800185, 28.75766752188278 ], [ -106.916066434398118, 28.757852917323397 ], [ -106.91493849534524, 28.7577418523557 ], [ -106.91423916707511, 28.757970049976233 ], [ -106.913931785141557, 28.758478755769183 ], [ -106.913463059001913, 28.759646155352609 ], [ -106.912729594738153, 28.760093495707867 ], [ -106.911617491982739, 28.759982171135142 ], [ -106.9109418297014, 28.759956701869505 ], [ -106.910097196267003, 28.760081337373013 ], [ -106.90894194475473, 28.760025849864135 ], [ -106.907313698237786, 28.760418594986305 ], [ -106.905887551707011, 28.760940503471883 ] ] ] ] } },
{ "type": "Feature", "properties": { "ID": 318, "ENTIDAD": 8, "DISTRITO_F": 7, "DISTRITO_L": 14, "MUNICIPIO": 17, "SECCION": 342, "TIPO": 2, "CONTROL": 9744, "GEOMETRY1_": null }, "geometry": { "type": "MultiPolygon", "coordinates": [ [ [ [ -106.903660275389612, 28.75749133260026 ], [ -106.902145822025375, 28.752833875419764 ], [ -106.90168082153167, 28.752829343705066 ], [ -106.901565567377816, 28.743863696345002 ], [ -106.899814186307822, 28.738946148522178 ], [ -106.900481546590783, 28.737605649702967 ], [ -106.900104007538033, 28.737190197219046 ], [ -106.899889929587715, 28.736749489510981 ], [ -106.900343225180848, 28.73630311719176 ], [ -106.900690845901778, 28.736135743084386 ], [ -106.90103949016752, 28.735989263114369 ], [ -106.901501495866512, 28.735894216728447 ], [ -106.901671466684064, 28.735984398664304 ], [ -106.901705440130257, 28.737103486973407 ], [ -106.901815894664821, 28.73720896106741 ], [ -106.906333239571921, 28.73781848962652 ], [ -106.906366037664029, 28.737290817170667 ], [ -106.9072455069048, 28.736897546329107 ], [ -106.90796600774317, 28.736829935777735 ], [ -106.910455333676495, 28.737288022500525 ], [ -106.909118266903718, 28.739999243269295 ], [ -106.908605100239811, 28.740927478165208 ], [ -106.908116811834532, 28.74181756079345 ], [ -106.907480582475685, 28.743020078028607 ], [ -106.907317746771639, 28.743420874703382 ], [ -106.907215921173659, 28.743730064128219 ], [ -106.907158927145119, 28.744289159616791 ], [ -106.907204488425791, 28.745200875264622 ], [ -106.907177537544797, 28.746052541165806 ], [ -106.907208275211829, 28.746977413720046 ], [ -106.907210225793918, 28.747892155149867 ], [ -106.907191191067255, 28.748774762804366 ], [ -106.907196863028688, 28.749579566625346 ], [ -106.90730756227164, 28.750497312496321 ], [ -106.907322923280404, 28.751411248744311 ], [ -106.907320373159237, 28.752362221134522 ], [ -106.907318414899905, 28.752691189222435 ], [ -106.906331328332556, 28.752705663555748 ], [ -106.905310143292184, 28.752705783566331 ], [ -106.904275391548921, 28.752717412256352 ], [ -106.903240641950362, 28.752729061978084 ], [ -106.903940111577711, 28.754920905261336 ], [ -106.904685941144024, 28.757258021072118 ], [ -106.903660275389612, 28.75749133260026 ] ] ] ] } },
{ "type": "Feature", "properties": { "ID": 319, "ENTIDAD": 8, "DISTRITO_F": 7, "DISTRITO_L": 14, "MUNICIPIO": 17, "SECCION": 343, "TIPO": 2, "CONTROL": 15355, "GEOMETRY1_": null }, "geometry": { "type": "MultiPolygon", "coordinates": [ [ [ [ -106.748158792320737, 28.494694889128127 ], [ -106.747630785833607, 28.492362180523831 ], [ -106.747620563421222, 28.492317017215907 ], [ -106.747444748243836, 28.491689313752609 ], [ -106.747241200976305, 28.490962589277117 ], [ -106.747038089969436, 28.490237411019024 ], [ -106.74681028092678, 28.489424038517061 ], [ -106.746589942615586, 28.488637326031558 ], [ -106.746357541329459, 28.487807528517386 ], [ -106.746133633402252, 28.487008042804149 ], [ -106.745909729168346, 28.486208556484186 ], [ -106.746892910897699, 28.4859616079234 ], [ -106.747876087681377, 28.48571465244035 ], [ -106.748830564325402, 28.485474898081183 ], [ -106.749850849636317, 28.485218604777781 ], [ -106.750834074692932, 28.484971612605175 ], [ -106.75181212802606, 28.484725911500632 ], [ -106.752742835065519, 28.484492096965745 ], [ -106.753735640182114, 28.484242673933089 ], [ -106.754717523050672, 28.48399598671541 ], [ -106.755329521671484, 28.483842225836003 ], [ -106.756002512157963, 28.483673135104574 ], [ -106.756032621810391, 28.483665569931762 ], [ -106.757108726366752, 28.483395189251848 ], [ -106.760485755874228, 28.482573865174057 ], [ -106.762650494162131, 28.491752162960044 ], [ -106.758415601101305, 28.492676977429994 ], [ -106.75666386244859, 28.493085877371119 ], [ -106.748158792320737, 28.494694889128127 ] ] ] ] } },
{ "type": "Feature", "properties": { "ID": 320, "ENTIDAD": 8, "DISTRITO_F": 7, "DISTRITO_L": 14, "MUNICIPIO": 17, "SECCION": 344, "TIPO": 2, "CONTROL": 16112, "GEOMETRY1_": null }, "geometry": { "type": "MultiPolygon", "coordinates": [ [ [ [ -106.744205022278322, 28.495109785752732 ], [ -106.743567964422695, 28.492664494403584 ], [ -106.743332775329364, 28.491948475029591 ], [ -106.743129152437177, 28.491210902103603 ], [ -106.742900558032872, 28.490410204522249 ], [ -106.742673009353297, 28.489672937379677 ], [ -106.742407829606876, 28.488830411371897 ], [ -106.742175489525465, 28.488043858770222 ], [ -106.741962286342115, 28.487207714643176 ], [ -106.741734058044486, 28.48642815759499 ], [ -106.7415130008049, 28.485599162397818 ], [ -106.741279975270373, 28.484805796070678 ], [ -106.741022714515523, 28.483970472324646 ], [ -106.741981934351855, 28.483735725655961 ], [ -106.743034969784034, 28.483464546941264 ], [ -106.744025645970211, 28.483229382750864 ], [ -106.745018110343537, 28.482975650366548 ], [ -106.745233468719988, 28.483804699673648 ], [ -106.745461632850478, 28.484575701579363 ], [ -106.745690927020178, 28.485418682546342 ], [ -106.745909729168346, 28.486208556484186 ], [ -106.746133633402252, 28.487008042804149 ], [ -106.746357541329459, 28.487807528517386 ], [ -106.746589942615586, 28.488637326031558 ], [ -106.74681028092678, 28.489424038517061 ], [ -106.747038089969436, 28.490237411019024 ], [ -106.747241200976305, 28.490962589277117 ], [ -106.747444748243836, 28.491689313752609 ], [ -106.747620563421222, 28.492317017215907 ], [ -106.747630785833607, 28.492362180523831 ], [ -106.748158792320737, 28.494694889128127 ], [ -106.744205022278322, 28.495109785752732 ] ] ] ] } },
{ "type": "Feature", "properties": { "ID": 321, "ENTIDAD": 8, "DISTRITO_F": 7, "DISTRITO_L": 14, "MUNICIPIO": 17, "SECCION": 345, "TIPO": 2, "CONTROL": 16111, "GEOMETRY1_": null }, "geometry": { "type": "MultiPolygon", "coordinates": [ [ [ [ -106.744205022278322, 28.495109785752732 ], [ -106.737094253492572, 28.494958653132418 ], [ -106.730793191057245, 28.488066397875524 ], [ -106.736162055528894, 28.485437912656291 ], [ -106.736874584948126, 28.484996791625711 ], [ -106.738128336305877, 28.484680447643669 ], [ -106.73911888469371, 28.484436051155107 ], [ -106.740067533647263, 28.484195891557192 ], [ -106.741022714515523, 28.483970472324646 ], [ -106.741279975270373, 28.484805796070678 ], [ -106.7415130008049, 28.485599162397818 ], [ -106.741734058044486, 28.48642815759499 ], [ -106.741962286342115, 28.487207714643176 ], [ -106.742175489525465, 28.488043858770222 ], [ -106.742407829606876, 28.488830411371897 ], [ -106.742673009353297, 28.489672937379677 ], [ -106.742900558032872, 28.490410204522249 ], [ -106.743129152437177, 28.491210902103603 ], [ -106.743332775329364, 28.491948475029591 ], [ -106.743567964422695, 28.492664494403584 ], [ -106.744205022278322, 28.495109785752732 ] ] ] ] } },
{ "type": "Feature", "properties": { "ID": 322, "ENTIDAD": 8, "DISTRITO_F": 7, "DISTRITO_L": 14, "MUNICIPIO": 17, "SECCION": 346, "TIPO": 2, "CONTROL": 16113, "GEOMETRY1_": null }, "geometry": { "type": "MultiPolygon", "coordinates": [ [ [ [ -106.745909729168346, 28.486208556484186 ], [ -106.745690927020178, 28.485418682546342 ], [ -106.745461632850478, 28.484575701579363 ], [ -106.745233468719988, 28.483804699673648 ], [ -106.745018110343537, 28.482975650366548 ], [ -106.746002483630178, 28.482740552923925 ], [ -106.74648717394146, 28.48261382881801 ], [ -106.746589436814332, 28.48245308701231 ], [ -106.747007316682598, 28.482351833161985 ], [ -106.747373122287144, 28.482263195900604 ], [ -106.747508841213147, 28.482350434317524 ], [ -106.747993649782387, 28.48223111866848 ], [ -106.748988435908871, 28.481992158456706 ], [ -106.749030552875396, 28.482128798671763 ], [ -106.750052758312677, 28.481898747037466 ], [ -106.750216792169155, 28.482551323915448 ], [ -106.750402883265664, 28.483271474089022 ], [ -106.750617072781793, 28.484163985837618 ], [ -106.750834074692932, 28.484971612605175 ], [ -106.749850849636317, 28.485218604777781 ], [ -106.748830564325402, 28.485474898081183 ], [ -106.747876087681377, 28.48571465244035 ], [ -106.746892910897699, 28.4859616079234 ], [ -106.745909729168346, 28.486208556484186 ] ] ] ] } },
{ "type": "Feature", "properties": { "ID": 323, "ENTIDAD": 8, "DISTRITO_F": 7, "DISTRITO_L": 14, "MUNICIPIO": 17, "SECCION": 347, "TIPO": 2, "CONTROL": 16109, "GEOMETRY1_": null }, "geometry": { "type": "MultiPolygon", "coordinates": [ [ [ [ -106.750834074692932, 28.484971612605175 ], [ -106.750617072781793, 28.484163985837618 ], [ -106.750402883265664, 28.483271474089022 ], [ -106.750216792169155, 28.482551323915448 ], [ -106.750052758312677, 28.481898747037466 ], [ -106.751087300465755, 28.481653698439899 ], [ -106.751037634185252, 28.48144114991711 ], [ -106.751861159042775, 28.481250720192847 ], [ -106.752013227555139, 28.481216941233122 ], [ -106.752047211128016, 28.481209392440398 ], [ -106.753018718764295, 28.480959580401642 ], [ -106.754003809265413, 28.480700719903371 ], [ -106.755114328343183, 28.480426451144755 ], [ -106.755157492160308, 28.48041597518176 ], [ -106.756155012790089, 28.480173870165629 ], [ -106.756195713180787, 28.480290117967979 ], [ -106.756716395971878, 28.480156518117017 ], [ -106.757253289976688, 28.480020312941637 ], [ -106.757820057525848, 28.479888507056447 ], [ -106.758378697439909, 28.479756803972453 ], [ -106.758620603588852, 28.479698149532638 ], [ -106.758764574160381, 28.479663241079585 ], [ -106.758980954684105, 28.479451411762447 ], [ -106.759277469136862, 28.479745417231484 ], [ -106.759838387862274, 28.480291754774768 ], [ -106.760485755874228, 28.482573865174057 ], [ -106.757108726366752, 28.483395189251848 ], [ -106.756032621810391, 28.483665569931762 ], [ -106.756002512157963, 28.483673135104574 ], [ -106.755329521671484, 28.483842225836003 ], [ -106.754717523050672, 28.48399598671541 ], [ -106.753735640182114, 28.484242673933089 ], [ -106.752742835065519, 28.484492096965745 ], [ -106.75181212802606, 28.484725911500632 ], [ -106.750834074692932, 28.484971612605175 ] ] ] ] } },
{ "type": "Feature", "properties": { "ID": 324, "ENTIDAD": 8, "DISTRITO_F": 7, "DISTRITO_L": 14, "MUNICIPIO": 17, "SECCION": 348, "TIPO": 2, "CONTROL": 9682, "GEOMETRY1_": null }, "geometry": { "type": "MultiPolygon", "coordinates": [ [ [ [ -106.760485755874228, 28.482573865174057 ], [ -106.759838387862274, 28.480291754774768 ], [ -106.759277469136862, 28.479745417231484 ], [ -106.758980954684105, 28.479451411762447 ], [ -106.758764574160381, 28.479663241079585 ], [ -106.758620603588852, 28.479698149532638 ], [ -106.758378697439909, 28.479756803972453 ], [ -106.757820057525848, 28.479888507056447 ], [ -106.757253289976688, 28.480020312941637 ], [ -106.756716395971878, 28.480156518117017 ], [ -106.756195713180787, 28.480290117967979 ], [ -106.756155012790089, 28.480173870165629 ], [ -106.755157492160308, 28.48041597518176 ], [ -106.755114328343183, 28.480426451144755 ], [ -106.754003809265413, 28.480700719903371 ], [ -106.753018718764295, 28.480959580401642 ], [ -106.752047211128016, 28.481209392440398 ], [ -106.752013227555139, 28.481216941233122 ], [ -106.751861159042775, 28.481250720192847 ], [ -106.751037634185252, 28.48144114991711 ], [ -106.751087300465755, 28.481653698439899 ], [ -106.750052758312677, 28.481898747037466 ], [ -106.74989705258433, 28.481060835140347 ], [ -106.74967557499032, 28.480100319892045 ], [ -106.749443973955309, 28.479230201679002 ], [ -106.749223513744951, 28.478425370566594 ], [ -106.74897886417078, 28.477631618998924 ], [ -106.748750821115664, 28.476756248068209 ], [ -106.748572278837756, 28.476134765950341 ], [ -106.748517188398779, 28.475938907175042 ], [ -106.74887700194995, 28.47577945360916 ], [ -106.755058833123144, 28.473289869729264 ], [ -106.758003846939516, 28.471202391790129 ], [ -106.7587302180183, 28.470235756306245 ], [ -106.759550682011451, 28.468916646849991 ], [ -106.760781408980407, 28.4676686840643 ], [ -106.764711446535586, 28.465787349219241 ], [ -106.765306803072448, 28.465502333188308 ], [ -106.766257949245755, 28.466557887220588 ], [ -106.766761065773423, 28.467042971937357 ], [ -106.767582208620098, 28.467794332263271 ], [ -106.76803926205551, 28.468275349369712 ], [ -106.769877813616802, 28.471027352710141 ], [ -106.76823367117521, 28.475041688418251 ], [ -106.760485755874228, 28.482573865174057 ] ] ] ] } },
{ "type": "Feature", "properties": { "ID": 325, "ENTIDAD": 8, "DISTRITO_F": 7, "DISTRITO_L": 14, "MUNICIPIO": 17, "SECCION": 349, "TIPO": 2, "CONTROL": 16114, "GEOMETRY1_": null }, "geometry": { "type": "MultiPolygon", "coordinates": [ [ [ [ -106.744025645970211, 28.483229382750864 ], [ -106.743814132487273, 28.482429200446248 ], [ -106.743615366570893, 28.481623293857261 ], [ -106.743368778154306, 28.480745894733165 ], [ -106.743160898884696, 28.479962429119233 ], [ -106.742971654775801, 28.479200261944371 ], [ -106.742859680524504, 28.478690173545424 ], [ -106.742797701017665, 28.47847990202872 ], [ -106.743164359008915, 28.478310880093883 ], [ -106.743643843080505, 28.47809842136547 ], [ -106.748517188398779, 28.475938907175042 ], [ -106.748572278837756, 28.476134765950341 ], [ -106.748750821115664, 28.476756248068209 ], [ -106.74897886417078, 28.477631618998924 ], [ -106.749223513744951, 28.478425370566594 ], [ -106.749443973955309, 28.479230201679002 ], [ -106.74967557499032, 28.480100319892045 ], [ -106.74989705258433, 28.481060835140347 ], [ -106.750052758312677, 28.481898747037466 ], [ -106.749030552875396, 28.482128798671763 ], [ -106.748988435908871, 28.481992158456706 ], [ -106.747993649782387, 28.48223111866848 ], [ -106.747508841213147, 28.482350434317524 ], [ -106.747373122287144, 28.482263195900604 ], [ -106.747007316682598, 28.482351833161985 ], [ -106.746589436814332, 28.48245308701231 ], [ -106.74648717394146, 28.48261382881801 ], [ -106.746002483630178, 28.482740552923925 ], [ -106.745018110343537, 28.482975650366548 ], [ -106.744025645970211, 28.483229382750864 ] ] ] ] } },
{ "type": "Feature", "properties": { "ID": 327, "ENTIDAD": 8, "DISTRITO_F": 7, "DISTRITO_L": 14, "MUNICIPIO": 17, "SECCION": 351, "TIPO": 2, "CONTROL": 9984, "GEOMETRY1_": null }, "geometry": { "type": "MultiPolygon", "coordinates": [ [ [ [ -106.730793191057245, 28.488066397875524 ], [ -106.727963172514052, 28.484970451281402 ], [ -106.726034850431788, 28.477699436279632 ], [ -106.724578371100293, 28.472206815309136 ], [ -106.731860774660731, 28.469155600381168 ], [ -106.735660706854432, 28.467647940991288 ], [ -106.737715202050993, 28.466832739361248 ], [ -106.738169512104065, 28.467588900545007 ], [ -106.739028525353049, 28.46894888529815 ], [ -106.738292975971675, 28.469274074690322 ], [ -106.73920214262013, 28.470768202476961 ], [ -106.739875752848008, 28.471885231534728 ], [ -106.740566417023118, 28.473081685567784 ], [ -106.741272278339082, 28.474227331810429 ], [ -106.742702239986457, 28.476544030146179 ], [ -106.742972653725701, 28.476990294473421 ], [ -106.743643843080505, 28.47809842136547 ], [ -106.743164359008915, 28.478310880093883 ], [ -106.742797701017665, 28.47847990202872 ], [ -106.741445450336045, 28.479103249343524 ], [ -106.73785235897607, 28.480759458426427 ], [ -106.737060374905681, 28.481106189461602 ], [ -106.73709934090671, 28.481203062773677 ], [ -106.737501710933117, 28.481957130805654 ], [ -106.737886160742221, 28.482732964361695 ], [ -106.738022586283563, 28.482954922811359 ], [ -106.738103382780366, 28.483061390538527 ], [ -106.738002788866112, 28.483117794297748 ], [ -106.737694853463765, 28.48336728051278 ], [ -106.737478410566112, 28.483581091022948 ], [ -106.737359061206476, 28.483912340902712 ], [ -106.737341644394149, 28.483992679890111 ], [ -106.737253190414947, 28.484400692206112 ], [ -106.737013712762675, 28.484830546630217 ], [ -106.736874584948126, 28.484996791625711 ], [ -106.736162055528894, 28.485437912656291 ], [ -106.730793191057245, 28.488066397875524 ] ] ] ] } },
{ "type": "Feature", "properties": { "ID": 328, "ENTIDAD": 8, "DISTRITO_F": 7, "DISTRITO_L": 14, "MUNICIPIO": 17, "SECCION": 353, "TIPO": 2, "CONTROL": 16110, "GEOMETRY1_": null }, "geometry": { "type": "MultiPolygon", "coordinates": [ [ [ [ -106.743643843080505, 28.47809842136547 ], [ -106.742972653725701, 28.476990294473421 ], [ -106.742702239986457, 28.476544030146179 ], [ -106.741272278339082, 28.474227331810429 ], [ -106.740566417023118, 28.473081685567784 ], [ -106.739875752848008, 28.471885231534728 ], [ -106.73920214262013, 28.470768202476961 ], [ -106.738292975971675, 28.469274074690322 ], [ -106.739028525353049, 28.46894888529815 ], [ -106.738169512104065, 28.467588900545007 ], [ -106.737715202050993, 28.466832739361248 ], [ -106.742959557286795, 28.464686856208402 ], [ -106.74887700194995, 28.47577945360916 ], [ -106.748517188398779, 28.475938907175042 ], [ -106.743643843080505, 28.47809842136547 ] ] ] ] } },
{ "type": "Feature", "properties": { "ID": 329, "ENTIDAD": 8, "DISTRITO_F": 7, "DISTRITO_L": 14, "MUNICIPIO": 17, "SECCION": 355, "TIPO": 4, "CONTROL": 15386, "GEOMETRY1_": null }, "geometry": { "type": "MultiPolygon", "coordinates": [ [ [ [ -107.070810244124374, 29.20712328353012 ], [ -107.070397824218617, 29.203196094100946 ], [ -107.070343923592262, 29.202379763183405 ], [ -107.070256106326141, 29.201049719433463 ], [ -107.069983337090179, 29.19816082342696 ], [ -107.069754625206514, 29.196191472372302 ], [ -107.069714967354813, 29.195849983773495 ], [ -107.069744516046342, 29.195568199549481 ], [ -107.06980790393682, 29.194963712027047 ], [ -107.070086850916738, 29.192303523870315 ], [ -107.070182862621536, 29.191387882427204 ], [ -107.070439521601529, 29.189978219542787 ], [ -107.070664499095486, 29.188742536110368 ], [ -107.070719322503564, 29.187711052198665 ], [ -107.07077426383745, 29.186677341285527 ], [ -107.070661741574099, 29.185611932880608 ], [ -107.069647063501762, 29.181226247845256 ], [ -107.066560497304337, 29.180542604545199 ], [ -107.066463458974553, 29.173606555718155 ], [ -107.070075775217447, 29.172673240791102 ], [ -107.071420837679256, 29.172325687895775 ], [ -107.072081623948179, 29.172873158841337 ], [ -107.07253281907812, 29.172397957736251 ], [ -107.073410933381908, 29.170558887989021 ], [ -107.073463592248871, 29.169237347175574 ], [ -107.073516257902767, 29.167915629458779 ], [ -107.072497495631382, 29.165856718065097 ], [ -107.079885816945634, 29.160962659306172 ], [ -107.080920395849475, 29.160277281662825 ], [ -107.084481034044643, 29.157918337999121 ], [ -107.084982352646421, 29.157752932719649 ], [ -107.086608276840408, 29.156266323532559 ], [ -107.088608516981054, 29.154201749655869 ], [ -107.09022963107536, 29.151394713716162 ], [ -107.091231004740891, 29.150733765375037 ], [ -107.094237125978495, 29.149328547467739 ], [ -107.095921216239759, 29.148177116469512 ], [ -107.096831320291912, 29.147554849378771 ], [ -107.097741413205, 29.146932576601404 ], [ -107.098968013422066, 29.144416613477251 ], [ -107.101190871298343, 29.139856839851319 ], [ -107.104297592621023, 29.133483299050454 ], [ -107.104397862570238, 29.135416100618869 ], [ -107.104498138652858, 29.13734890140142 ], [ -107.106529143632216, 29.140557839973802 ], [ -107.109689799420195, 29.143925317600246 ], [ -107.111906222419734, 29.14588410166327 ], [ -107.1128460629279, 29.14671465929521 ], [ -107.112745678695319, 29.149853375158827 ], [ -107.112637405431229, 29.152001149004558 ], [ -107.112676859366516, 29.156955851966114 ], [ -107.112593586104509, 29.162241599976305 ], [ -107.111996282900094, 29.16596129925658 ], [ -107.110618376677706, 29.166134535176528 ], [ -107.109241448209659, 29.166431624735544 ], [ -107.107864510927442, 29.166728700516106 ], [ -107.104238774487527, 29.168071116648662 ], [ -107.100740922471161, 29.169743029318468 ], [ -107.09799594648959, 29.171493102800131 ], [ -107.096748492321439, 29.172326109405518 ], [ -107.094256742490344, 29.174404985410668 ], [ -107.090275502316501, 29.178474311834929 ], [ -107.088036836865186, 29.180881969395969 ], [ -107.087290554268179, 29.181670678798298 ], [ -107.086544123013326, 29.182459529681054 ], [ -107.085236288308622, 29.183623112255258 ], [ -107.083924366120186, 29.184790193227641 ], [ -107.080564575243912, 29.187696091016363 ], [ -107.080370025175995, 29.187815168123805 ], [ -107.077568573658141, 29.189529775686072 ], [ -107.074463405119943, 29.193511170789382 ], [ -107.073601811830542, 29.195663150845405 ], [ -107.073260743189422, 29.200289713468933 ], [ -107.072774111711823, 29.202274427325428 ], [ -107.071901403090109, 29.204245102997525 ], [ -107.071417590718895, 29.205337574080055 ], [ -107.070810244124374, 29.20712328353012 ] ] ] ] } },
{ "type": "Feature", "properties": { "ID": 330, "ENTIDAD": 8, "DISTRITO_F": 7, "DISTRITO_L": 14, "MUNICIPIO": 17, "SECCION": 356, "TIPO": 4, "CONTROL": 15385, "GEOMETRY1_": null }, "geometry": { "type": "MultiPolygon", "coordinates": [ [ [ [ -107.050805736827087, 29.165975734774463 ], [ -107.050694643378222, 29.165976335265878 ], [ -107.039020012619133, 29.166038925972899 ], [ -107.034505083090551, 29.166062858638035 ], [ -107.028562764076952, 29.159239559655031 ], [ -107.020238569689141, 29.15234570976391 ], [ -107.008646228845848, 29.144063973465467 ], [ -107.001342179984533, 29.139310883320668 ], [ -106.998237606501135, 29.143620941583922 ], [ -106.991063306933498, 29.13944472562066 ], [ -106.989897825792525, 29.13510928383576 ], [ -106.987848622968329, 29.12748549788261 ], [ -106.985823139314192, 29.124522313403062 ], [ -106.982559840628355, 29.123877575897644 ], [ -106.977540167744209, 29.122993508256371 ], [ -106.975280766183758, 29.122508901038682 ], [ -106.972648627860067, 29.12252157083698 ], [ -106.972147267743992, 29.122523978271317 ], [ -106.962171532801563, 29.111174353963925 ], [ -106.960663874404773, 29.110603346391024 ], [ -106.956407015834543, 29.111284031227161 ], [ -106.952906810832943, 29.112704360090806 ], [ -106.95215256362809, 29.112336278986334 ], [ -106.951398122001791, 29.111968075186624 ], [ -106.949370310868247, 29.108426166867584 ], [ -106.946079197019543, 29.106796353002849 ], [ -106.944833186596838, 29.106179272641487 ], [ -106.943587190571833, 29.105562179941806 ], [ -106.93945571443318, 29.106241748218846 ], [ -106.937326262413293, 29.106416596472474 ], [ -106.93168826266249, 29.106689804518737 ], [ -106.927554106979187, 29.10695607677496 ], [ -106.923421936743182, 29.107552570986915 ], [ -106.92006421391639, 29.111862055218516 ], [ -106.919450079823093, 29.113929495945396 ], [ -106.918463417806706, 29.116576698618676 ], [ -106.918225245052312, 29.118642481045804 ], [ -106.916203876867456, 29.116008487721992 ], [ -106.915434446642166, 29.113121221238952 ], [ -106.912295694441156, 29.112226423067124 ], [ -106.910918037450159, 29.11239758681339 ], [ -106.909049881083945, 29.114387833814078 ], [ -106.906673928156309, 29.115306578396467 ], [ -106.903800491593671, 29.116888135499714 ], [ -106.90204771437763, 29.117225998821819 ], [ -106.898156909904912, 29.116334082482172 ], [ -106.892509540188613, 29.115119082640781 ], [ -106.886472054514599, 29.111427745268955 ], [ -106.883192201148674, 29.107724755508993 ], [ -106.880523253264286, 29.101211076580704 ], [ -106.87836244890201, 29.095851521997222 ], [ -106.875195711929038, 29.089835281323548 ], [ -106.871036637058296, 29.08555736673231 ], [ -106.865639084297442, 29.083844590210951 ], [ -106.862446207309432, 29.084270248402845 ], [ -106.859253299711213, 29.084695831717802 ], [ -106.856754463025766, 29.086027128517195 ], [ -106.852760827427673, 29.089016049869507 ], [ -106.851142518444092, 29.091004551077614 ], [ -106.849645908710471, 29.092331827578793 ], [ -106.84702674928451, 29.094654524783842 ], [ -106.843782645594857, 29.097309939316869 ], [ -106.842470540014432, 29.098016993845032 ], [ -106.841158416026445, 29.098724036257632 ], [ -106.83394705146614, 29.090183084655273 ], [ -106.830931947180773, 29.084897211383861 ], [ -106.830677077416198, 29.080852680848608 ], [ -106.828665063135688, 29.075072741901799 ], [ -106.828162621282758, 29.074164230235596 ], [ -106.825147850878679, 29.068382967793237 ], [ -106.823763521809823, 29.062851322926857 ], [ -106.823132927231356, 29.058806267673685 ], [ -106.824129910221899, 29.052369766213076 ], [ -106.825754024046134, 29.046429271508899 ], [ -106.829510469403587, 29.042142151256478 ], [ -106.835271763065592, 29.037527228824203 ], [ -106.841783578370737, 29.032005063996873 ], [ -106.846042951107108, 29.030194165245877 ], [ -106.852932254007371, 29.026817836957722 ], [ -106.855061648397694, 29.025829700339965 ], [ -106.857817428786007, 29.024677117521691 ], [ -106.861950243911963, 29.022370398678841 ], [ -106.864078814759793, 29.020886918159231 ], [ -106.8616944622011, 29.018325938735504 ], [ -106.859060930647516, 29.016837604944669 ], [ -106.857298418634343, 29.010232968097256 ], [ -106.857671817962228, 29.00816998685535 ], [ -106.862051685353165, 29.003552573471861 ], [ -106.867310502876521, 29.000669130208006 ], [ -106.872571269137495, 28.999436186323553 ], [ -106.878334826617447, 28.999441512080391 ], [ -106.880338471471546, 28.99870049726206 ], [ -106.884347253540525, 28.998291326653277 ], [ -106.888482539626423, 28.998707482294201 ], [ -106.891743096188634, 29.000608418454036 ], [ -106.893248831475674, 29.002012691775072 ], [ -106.896260687758939, 29.004986248712871 ], [ -106.899397887199513, 29.007877288379728 ], [ -106.901404917256627, 29.00919929635344 ], [ -106.906296844283872, 29.012173954473933 ], [ -106.909558281704093, 29.014156952967141 ], [ -106.9135718641827, 29.016222876601866 ], [ -106.917333035123264, 29.017215595395701 ], [ -106.917333332964759, 29.017380660909375 ], [ -106.917792263228293, 29.017456478447126 ], [ -106.919338959814709, 29.017711987840205 ], [ -106.92209495841773, 29.017218387893045 ], [ -106.925531969918623, 29.016780040204551 ], [ -106.926605151030145, 29.016643150772829 ], [ -106.929988750186041, 29.016727451773612 ], [ -106.936757264418731, 29.017556053281307 ], [ -106.94114339095681, 29.017640528070796 ], [ -106.944775418428733, 29.016651648838227 ], [ -106.947780473611061, 29.015497375850863 ], [ -106.95016118962171, 29.015415723613856 ], [ -106.954173240171315, 29.01640748541595 ], [ -106.957681941286467, 29.016408597928127 ], [ -106.958436710815604, 29.01772932310525 ], [ -106.962077777254152, 29.02086653407402 ], [ -106.966095585999753, 29.024251316706966 ], [ -106.969483030012881, 29.025902691217066 ], [ -106.973622711862873, 29.027636642683412 ], [ -106.981023380702453, 29.030361265027629 ], [ -106.984289367447019, 29.033415237505395 ], [ -106.988804124051839, 29.034571020201664 ], [ -106.993818193322937, 29.034901364308134 ], [ -106.998459291701209, 29.036386934309213 ], [ -106.998589130765765, 29.038120049254136 ], [ -107.001601933405055, 29.039935625290667 ], [ -107.006115368878582, 29.04043056939598 ], [ -107.012135816991872, 29.04199807157028 ], [ -107.01389577718983, 29.043896019808749 ], [ -107.016913364534162, 29.047279270764879 ], [ -107.018163118516966, 29.045958619738169 ], [ -107.01866448988271, 29.045958538383733 ], [ -107.021302984095485, 29.048186344793059 ], [ -107.023939236920185, 29.049588811415514 ], [ -107.025197908331194, 29.051404166751645 ], [ -107.025706888715234, 29.054044955741865 ], [ -107.026593154957311, 29.057098295106279 ], [ -107.0281034046195, 29.059161140446598 ], [ -107.029864918839223, 29.061388957154215 ], [ -107.031253324571935, 29.064607179384172 ], [ -107.032015951091367, 29.068155665246859 ], [ -107.029136795248675, 29.069641923894849 ], [ -107.026633195195771, 29.070962980846694 ], [ -107.024382411168546, 29.073026690168163 ], [ -107.021636371190169, 29.077318721459147 ], [ -107.021393363119373, 29.080042193462891 ], [ -107.022400679865598, 29.081527490197029 ], [ -107.025530075673245, 29.079711188898106 ], [ -107.02928771068332, 29.078389824669046 ], [ -107.032920596629296, 29.077315977840485 ], [ -107.035173501069337, 29.07599487686625 ], [ -107.038928625444385, 29.073930508999492 ], [ -107.041927846207869, 29.070710927562921 ], [ -107.044296509603186, 29.066336137530303 ], [ -107.046296265625671, 29.064354741106513 ], [ -107.051174862295412, 29.060969197171396 ], [ -107.054300510484637, 29.058327006779695 ], [ -107.06507300967759, 29.055846085741145 ], [ -107.067702152438713, 29.054854389366557 ], [ -107.072078460251035, 29.051550930051786 ], [ -107.077704012744135, 29.047091224200408 ], [ -107.081079503312921, 29.044530834039232 ], [ -107.082832532586153, 29.04403456475811 ], [ -107.086084167089226, 29.041969293290364 ], [ -107.089844180770413, 29.041966741226805 ], [ -107.092222046446011, 29.040974765442606 ], [ -107.094720535274433, 29.03866225314918 ], [ -107.098680088826697, 29.036482351627097 ], [ -107.099974025384029, 29.035769940807555 ], [ -107.103353343681789, 29.034529433506876 ], [ -107.107866503862411, 29.034938418341866 ], [ -107.110879141258621, 29.036256302200702 ], [ -107.112886180798057, 29.036749736829893 ], [ -107.116516002549204, 29.035508688361837 ], [ -107.123399406390519, 29.033026662993876 ], [ -107.128407464622711, 29.031784005459627 ], [ -107.133802289041185, 29.033346593026156 ], [ -107.140198857434328, 29.034660321072007 ], [ -107.146955906959832, 29.03209472936528 ], [ -107.148953982208752, 29.030359496934871 ], [ -107.155084288854951, 29.027876747449877 ], [ -107.159216519347993, 29.027129132875125 ], [ -107.164979445623345, 29.026791987902737 ], [ -107.162365492588336, 29.031003887212616 ], [ -107.160375880791108, 29.034719849163913 ], [ -107.170906635844801, 29.035614390081658 ], [ -107.180534042119035, 29.03048521579754 ], [ -107.188670296517429, 29.028410833152996 ], [ -107.196423955931195, 29.024933673171024 ], [ -107.198146573504616, 29.017916783112643 ], [ -107.202393540466403, 29.015022146469637 ], [ -107.205770042058759, 29.013614115568245 ], [ -107.209276689183753, 29.013278575677507 ], [ -107.212271413992539, 29.010633170513657 ], [ -107.213514306184663, 29.008485641856307 ], [ -107.217865977010135, 29.001381819422612 ], [ -107.21883787573401, 29.00022194675898 ], [ -107.219237551318201, 28.999744961192985 ], [ -107.223618004577446, 29.004361158577559 ], [ -107.226636536832345, 29.006547013507923 ], [ -107.22862128007344, 29.007984164654339 ], [ -107.235867251061833, 29.008874722497996 ], [ -107.244470415875099, 29.00224273817247 ], [ -107.246219975986875, 29.002733888595898 ], [ -107.254885031614904, 29.023118366520698 ], [ -107.254394662725474, 29.027085515218506 ], [ -107.251782106159524, 29.031719339414632 ], [ -107.250287972576999, 29.033871494969816 ], [ -107.249045916011767, 29.037014422935957 ], [ -107.248579709128052, 29.038686513053559 ], [ -107.248054605460098, 29.040569783079711 ], [ -107.249447031963172, 29.043455075440026 ], [ -107.247037384156911, 29.045740743975351 ], [ -107.246019048523522, 29.04696827860149 ], [ -107.244729526581054, 29.049679364379042 ], [ -107.24433962509579, 29.050707347577774 ], [ -107.243949739244854, 29.051735414205599 ], [ -107.243526704337512, 29.055116896426359 ], [ -107.243695208103688, 29.05648147998475 ], [ -107.243863740265112, 29.057846147191803 ], [ -107.244182212868125, 29.061896633416129 ], [ -107.244279473936643, 29.063879887654295 ], [ -107.244308933450696, 29.066233998385041 ], [ -107.244338420829763, 29.068588192749822 ], [ -107.243177258182627, 29.07105293711097 ], [ -107.242153984355767, 29.072610721434941 ], [ -107.240506657997599, 29.074037592437399 ], [ -107.238859308674478, 29.075464529958168 ], [ -107.236056906852397, 29.078901925038704 ], [ -107.235289015918354, 29.080090831414839 ], [ -107.234521130163202, 29.081279818811836 ], [ -107.233202870757594, 29.085972681106128 ], [ -107.233781951894485, 29.089282808566789 ], [ -107.233744555197021, 29.091925286577926 ], [ -107.233783176086291, 29.093618783694712 ], [ -107.233821811231579, 29.095312322739943 ], [ -107.23488653613542, 29.099701559602011 ], [ -107.235224739664375, 29.102348242677568 ], [ -107.236011623944549, 29.104256636298697 ], [ -107.236798550592439, 29.106165065713405 ], [ -107.238583790074372, 29.108401982472319 ], [ -107.239259311088048, 29.109248420635272 ], [ -107.241860515455144, 29.111259617284603 ], [ -107.242605319673771, 29.111722165092413 ], [ -107.242978050901186, 29.111953640166643 ], [ -107.243350069197859, 29.112184670350015 ], [ -107.23871080913888, 29.112628440730791 ], [ -107.235354950509901, 29.110856501024582 ], [ -107.234177843979865, 29.10997611229654 ], [ -107.233000757313945, 29.109095712035707 ], [ -107.230917307219457, 29.110311321957141 ], [ -107.228834193905129, 29.111526614592517 ], [ -107.228162494754017, 29.114740088942799 ], [ -107.225246459039028, 29.11726755511555 ], [ -107.22318148767728, 29.112784356821201 ], [ -107.219306205808905, 29.112327588748855 ], [ -107.217664930885192, 29.113258892670821 ], [ -107.216023851935432, 29.11418998848686 ], [ -107.214313065097272, 29.115615835760618 ], [ -107.212601959727962, 29.117041824932365 ], [ -107.211185585123445, 29.119751232773339 ], [ -107.210419578949541, 29.120774851817195 ], [ -107.209653420755629, 29.121798579598504 ], [ -107.205974727997798, 29.125060305465524 ], [ -107.202472270913177, 29.116100372968933 ], [ -107.20088162527847, 29.11352180938162 ], [ -107.198784290791266, 29.111350368367045 ], [ -107.1954518621435, 29.108008397018036 ], [ -107.192472404651269, 29.106239653817436 ], [ -107.18674487521055, 29.104026110343803 ], [ -107.184683327729005, 29.103713200633127 ], [ -107.182622050862193, 29.103400199501003 ], [ -107.178222215000218, 29.104587988386129 ], [ -107.175819288327091, 29.106211883376684 ], [ -107.17474078372949, 29.107190653346901 ], [ -107.173661812602106, 29.108168976766184 ], [ -107.170149007139372, 29.108623519576458 ], [ -107.168793798948371, 29.107120983894376 ], [ -107.166802891891365, 29.106271735552475 ], [ -107.159134152179135, 29.105310095278298 ], [ -107.157870724543073, 29.104079190682757 ], [ -107.155593187464376, 29.101450642794426 ], [ -107.153574610082885, 29.099811435509057 ], [ -107.152055918959775, 29.098003967067129 ], [ -107.150662578087136, 29.096195711304475 ], [ -107.14689687446598, 29.095392892232201 ], [ -107.141508483769414, 29.095343031712648 ], [ -107.137373717959235, 29.095367993310024 ], [ -107.134242655212773, 29.095551974922806 ], [ -107.131626149804887, 29.097384452336236 ], [ -107.129139524013709, 29.099794183943189 ], [ -107.127083355438486, 29.101169264576509 ], [ -107.125026472950552, 29.102543861913176 ], [ -107.120656631736509, 29.104551695580689 ], [ -107.115540003323005, 29.107224436053009 ], [ -107.114043473763914, 29.108141612918445 ], [ -107.112546917069281, 29.109058774306817 ], [ -107.109810230489515, 29.111634802745019 ], [ -107.108323359317055, 29.113790606923502 ], [ -107.105605286488569, 29.118761354208324 ], [ -107.104269136048913, 29.123155849098069 ], [ -107.103894816867722, 29.124386893624074 ], [ -107.103927262508805, 29.12851584924146 ], [ -107.10420261500532, 29.131652402640928 ], [ -107.104297592621023, 29.133483299050454 ], [ -107.101190871298343, 29.139856839851319 ], [ -107.098968013422066, 29.144416613477251 ], [ -107.097741413205, 29.146932576601404 ], [ -107.096831320291912, 29.147554849378771 ], [ -107.095921216239759, 29.148177116469512 ], [ -107.094237125978495, 29.149328547467739 ], [ -107.091231004740891, 29.150733765375037 ], [ -107.09022963107536, 29.151394713716162 ], [ -107.088608516981054, 29.154201749655869 ], [ -107.086608276840408, 29.156266323532559 ], [ -107.084982352646421, 29.157752932719649 ], [ -107.084481034044643, 29.157918337999121 ], [ -107.080920395849475, 29.160277281662825 ], [ -107.079885816945634, 29.160962659306172 ], [ -107.072497495631382, 29.165856718065097 ], [ -107.050805736827087, 29.165975734774463 ] ] ] ] } },
{ "type": "Feature", "properties": { "ID": 331, "ENTIDAD": 8, "DISTRITO_F": 7, "DISTRITO_L": 14, "MUNICIPIO": 17, "SECCION": 358, "TIPO": 4, "CONTROL": 17612, "GEOMETRY1_": null }, "geometry": { "type": "MultiPolygon", "coordinates": [ [ [ [ -106.838471218061684, 29.100097046441416 ], [ -106.83578397977395, 29.101469967039595 ], [ -106.834034642380416, 29.102467665621827 ], [ -106.830030268624441, 29.103638961391784 ], [ -106.828151484748162, 29.103812180708143 ], [ -106.825501930222387, 29.104012154900051 ], [ -106.821260818291137, 29.104332141151808 ], [ -106.81650088946445, 29.104845066308101 ], [ -106.812499101121659, 29.106593991252389 ], [ -106.810133934424414, 29.109823619468571 ], [ -106.808148344963669, 29.113795192756868 ], [ -106.806357861263876, 29.112816681304064 ], [ -106.806327629784064, 29.110418597739518 ], [ -106.805435334647697, 29.109268720163421 ], [ -106.804901515434352, 29.106709713267591 ], [ -106.803881807994316, 29.10539555296609 ], [ -106.802081805199848, 29.101855358022348 ], [ -106.801820667682705, 29.101030655170586 ], [ -106.800775125455388, 29.097649142953891 ], [ -106.799622940156453, 29.095757202742011 ], [ -106.797324905307036, 29.092469444526753 ], [ -106.796299241778641, 29.090659054339561 ], [ -106.795147221268451, 29.088767066840731 ], [ -106.792473418015831, 29.085482525600707 ], [ -106.790917690388611, 29.081361077850023 ], [ -106.787973004499349, 29.076424757339787 ], [ -106.786051823127607, 29.07313346692105 ], [ -106.783760882050288, 29.070341589146921 ], [ -106.782116145396884, 29.069115392564278 ], [ -106.782449281775499, 29.065638962633031 ], [ -106.783303130108152, 29.063729346830556 ], [ -106.783407011567917, 29.061991677218323 ], [ -106.78375439626609, 29.059672961303981 ], [ -106.784354461190077, 29.057517444771943 ], [ -106.784830203596186, 29.055445714569391 ], [ -106.785428181208189, 29.05312480569199 ], [ -106.785637914495922, 29.049814849930993 ], [ -106.786467035831294, 29.045920557732646 ], [ -106.787780945468185, 29.040698769135968 ], [ -106.787887821408006, 29.039209177240647 ], [ -106.785728042554126, 29.036829664484415 ], [ -106.785934696845615, 29.033271619387762 ], [ -106.788158280429982, 29.030688380855437 ], [ -106.788766309670152, 29.029194401333204 ], [ -106.789349740819219, 29.025715756528847 ], [ -106.79069508029616, 29.023057465319223 ], [ -106.795419808192975, 29.020121356605376 ], [ -106.802022354202776, 29.017085784749625 ], [ -106.80762233469251, 29.014058815585265 ], [ -106.808720681679262, 29.011733367615935 ], [ -106.808273231961223, 29.006030844880954 ], [ -106.808971828252652, 29.001806780355668 ], [ -106.808938599519536, 28.999160579528464 ], [ -106.809264510513557, 28.995187934711993 ], [ -106.809957825045998, 28.990550394282572 ], [ -106.810294075775928, 28.987404683887288 ], [ -106.810992507127551, 28.983180606860497 ], [ -106.81244226017094, 28.978949831506611 ], [ -106.813282436421446, 28.97604773033914 ], [ -106.811983418565731, 28.972337663700948 ], [ -106.808450303459779, 28.970218799927753 ], [ -106.803152959447587, 28.967205705920922 ], [ -106.797867219174009, 28.965102029913862 ], [ -106.793832760449007, 28.962904467432036 ], [ -106.7907796942294, 28.959044118509908 ], [ -106.785660803602795, 28.959622822025693 ], [ -106.780476676394244, 28.956262361708017 ], [ -106.778910814944069, 28.953361919837516 ], [ -106.778218838026334, 28.950894432544029 ], [ -106.776984127353785, 28.950466222419113 ], [ -106.776389322095795, 28.949458020973736 ], [ -106.775870095003313, 28.948091277439133 ], [ -106.775601546931043, 28.946604913142234 ], [ -106.77893316364468, 28.942606312185212 ], [ -106.781401428249595, 28.939690280098947 ], [ -106.785121347964861, 28.936763328555021 ], [ -106.786978685589276, 28.935093078416028 ], [ -106.789328510240054, 28.932756873445644 ], [ -106.791687417561974, 28.931164889474893 ], [ -106.791810547606588, 28.930998404428713 ], [ -106.795278502106996, 28.927990687760527 ], [ -106.799371049772887, 28.924894689996339 ], [ -106.802846815339564, 28.922548354275719 ], [ -106.805062596381177, 28.919551442960646 ], [ -106.805525073066462, 28.916487305450808 ], [ -106.807123164132022, 28.914157455785261 ], [ -106.808197872190831, 28.910012737379269 ], [ -106.807660127305667, 28.907040152518828 ], [ -106.806096571941069, 28.902091735009712 ], [ -106.803292156177775, 28.897981280593569 ], [ -106.803517737914746, 28.895994387393692 ], [ -106.807433864956138, 28.898937148273241 ], [ -106.810244671234258, 28.903543676888965 ], [ -106.812428983331316, 28.908073001325931 ], [ -106.81510993361141, 28.912267041239296 ], [ -106.817912095566243, 28.91612912018666 ], [ -106.819215715632822, 28.920252652303624 ], [ -106.820739510372348, 28.921975791076985 ], [ -106.821468541701805, 28.920232485838991 ], [ -106.822071351026977, 28.918407605033515 ], [ -106.827091574564406, 28.889829773067003 ], [ -106.840277426065853, 28.903273909116759 ], [ -106.84996929844597, 28.907568677543665 ], [ -106.853490308748306, 28.908859597397207 ], [ -106.856024181359132, 28.911234655126719 ], [ -106.861559533844726, 28.913416507933157 ], [ -106.864238244126511, 28.917278700988966 ], [ -106.866167307271667, 28.921230501957677 ], [ -106.868327379925702, 28.923691478074343 ], [ -106.876707506088039, 28.923199692783367 ], [ -106.878614721987006, 28.930937948312781 ], [ -106.876989896004119, 28.933082339631309 ], [ -106.87724937647161, 28.939685392293828 ], [ -106.877254819592295, 28.943647079459016 ], [ -106.877511875447922, 28.948434348715629 ], [ -106.878644029574815, 28.952066933900095 ], [ -106.879775689402265, 28.955286829600265 ], [ -106.880532390311458, 28.959001580695439 ], [ -106.880534260189307, 28.960322137770763 ], [ -106.884546615766823, 28.963379482092641 ], [ -106.887809279063205, 28.967509008085258 ], [ -106.89131857117296, 28.968915014249479 ], [ -106.896205278343473, 28.969991873198477 ], [ -106.902098052837474, 28.973462775414223 ], [ -106.904106741566579, 28.976187852346278 ], [ -106.903361129446807, 28.979818792997651 ], [ -106.90061068649851, 28.98320065244403 ], [ -106.90236614302286, 28.984192350619178 ], [ -106.904876450044696, 28.987082833714542 ], [ -106.907384664658764, 28.988652726862217 ], [ -106.908644076648301, 28.992532656727512 ], [ -106.91252789542915, 28.992535241846319 ], [ -106.914783012998214, 28.99253669135194 ], [ -106.916167013312105, 28.99583888136711 ], [ -106.916174659537702, 29.000130598747575 ], [ -106.916183643589889, 29.005165110028784 ], [ -106.917220457835853, 29.012181836047009 ], [ -106.917452094040001, 29.013749294565461 ], [ -106.917331695044311, 29.016472800536366 ], [ -106.917333035123264, 29.017215595395701 ], [ -106.9135718641827, 29.016222876601866 ], [ -106.909558281704093, 29.014156952967141 ], [ -106.906296844283872, 29.012173954473933 ], [ -106.901404917256627, 29.00919929635344 ], [ -106.899397887199513, 29.007877288379728 ], [ -106.896260687758939, 29.004986248712871 ], [ -106.893248831475674, 29.002012691775072 ], [ -106.891743096188634, 29.000608418454036 ], [ -106.888482539626423, 28.998707482294201 ], [ -106.884347253540525, 28.998291326653277 ], [ -106.880338471471546, 28.99870049726206 ], [ -106.878334826617447, 28.999441512080391 ], [ -106.872571269137495, 28.999436186323553 ], [ -106.867310502876521, 29.000669130208006 ], [ -106.862051685353165, 29.003552573471861 ], [ -106.857671817962228, 29.00816998685535 ], [ -106.857298418634343, 29.010232968097256 ], [ -106.859060930647516, 29.016837604944669 ], [ -106.8616944622011, 29.018325938735504 ], [ -106.864078814759793, 29.020886918159231 ], [ -106.861950243911963, 29.022370398678841 ], [ -106.857817428786007, 29.024677117521691 ], [ -106.855061648397694, 29.025829700339965 ], [ -106.852932254007371, 29.026817836957722 ], [ -106.846042951107108, 29.030194165245877 ], [ -106.841783578370737, 29.032005063996873 ], [ -106.835271763065592, 29.037527228824203 ], [ -106.829510469403587, 29.042142151256478 ], [ -106.825754024046134, 29.046429271508899 ], [ -106.824129910221899, 29.052369766213076 ], [ -106.823132927231356, 29.058806267673685 ], [ -106.823763521809823, 29.062851322926857 ], [ -106.825147850878679, 29.068382967793237 ], [ -106.828162621282758, 29.074164230235596 ], [ -106.828665063135688, 29.075072741901799 ], [ -106.830677077416198, 29.080852680848608 ], [ -106.830931947180773, 29.084897211383861 ], [ -106.83394705146614, 29.090183084655273 ], [ -106.841158416026445, 29.098724036257632 ], [ -106.838471218061684, 29.100097046441416 ] ] ] ] } },
{ "type": "Feature", "properties": { "ID": 335, "ENTIDAD": 8, "DISTRITO_F": 7, "DISTRITO_L": 14, "MUNICIPIO": 17, "SECCION": 363, "TIPO": 4, "CONTROL": 9742, "GEOMETRY1_": null }, "geometry": { "type": "MultiPolygon", "coordinates": [ [ [ [ -106.945120539796577, 28.878079837540792 ], [ -106.940739020840653, 28.87733494471313 ], [ -106.938351768660439, 28.872381732383037 ], [ -106.937346250173434, 28.870070270681591 ], [ -106.934091945577833, 28.869655861771133 ], [ -106.933211990253795, 28.867509498910213 ], [ -106.931334386433861, 28.86717830913371 ], [ -106.928455133558145, 28.866516369226325 ], [ -106.925573990546823, 28.864781421236781 ], [ -106.923940852644719, 28.861148905833261 ], [ -106.921936233232586, 28.859662017822508 ], [ -106.919305915682514, 28.858092149731348 ], [ -106.916801358426696, 28.85685245012704 ], [ -106.915924392360964, 28.856191573167951 ], [ -106.912415405755979, 28.852805188721725 ], [ -106.907651268753369, 28.846776641883707 ], [ -106.90627256181142, 28.845207429289971 ], [ -106.905142148113725, 28.842400365379479 ], [ -106.904388531610735, 28.840501470210707 ], [ -106.903255519233298, 28.835961140618672 ], [ -106.901999951172854, 28.832988868085572 ], [ -106.901870521246195, 28.830182560449945 ], [ -106.900992230293468, 28.828448606546505 ], [ -106.899613124427276, 28.826384091940845 ], [ -106.900484559980896, 28.823661133387603 ], [ -106.899981090793503, 28.821597331405751 ], [ -106.902851152614346, 28.817225278250472 ], [ -106.90309466026703, 28.812933624866627 ], [ -106.902839174469179, 28.809466924056274 ], [ -106.903334587741995, 28.806330968890752 ], [ -106.901955376155584, 28.804018852896899 ], [ -106.899576401796793, 28.802118568109226 ], [ -106.8970719701625, 28.799887985944288 ], [ -106.896190763970765, 28.795925502502929 ], [ -106.896934359727936, 28.791386659630195 ], [ -106.899428932081904, 28.787179442520497 ], [ -106.900042739039037, 28.779586642785318 ], [ -106.89804092430046, 28.778677047222288 ], [ -106.892175151164977, 28.786100169385467 ], [ -106.891177656007059, 28.788080143619268 ], [ -106.889798043825721, 28.785107581707617 ], [ -106.889420971374449, 28.783704117356983 ], [ -106.887862162611398, 28.781503211009486 ], [ -106.888912202420556, 28.778095978284338 ], [ -106.885032969736159, 28.777995273571502 ], [ -106.879523017662123, 28.777673523699491 ], [ -106.875816204134566, 28.779719277074562 ], [ -106.872578390950906, 28.780351666077827 ], [ -106.869842445224862, 28.781058355588705 ], [ -106.884835368648993, 28.769069522933723 ], [ -106.881041718815354, 28.764848160908635 ], [ -106.879091017588422, 28.761731593430166 ], [ -106.878670269099331, 28.760812892877645 ], [ -106.878278576519662, 28.759882461208491 ], [ -106.879183455474589, 28.759612781304732 ], [ -106.878834509948859, 28.75870475339174 ], [ -106.878431962973707, 28.757811309835326 ], [ -106.878021554998327, 28.756910542226091 ], [ -106.877740540979445, 28.756340249548984 ], [ -106.875175246994331, 28.751032252582029 ], [ -106.884088926639805, 28.748227164951199 ], [ -106.886738672496335, 28.74770381299863 ], [ -106.889644147325001, 28.754482762573733 ], [ -106.889929165821243, 28.755179106379504 ], [ -106.890016940910627, 28.755393552204318 ], [ -106.890222529552048, 28.755823234171356 ], [ -106.890423281844903, 28.756242804153576 ], [ -106.890615720670013, 28.756681490835696 ], [ -106.890778113118373, 28.757051679993079 ], [ -106.890856888293257, 28.757231254464777 ], [ -106.890964845454647, 28.757474350544857 ], [ -106.891128981446641, 28.757843946640488 ], [ -106.891265813992675, 28.758152059920352 ], [ -106.891372828156875, 28.758393027152643 ], [ -106.892077799932892, 28.762722325945486 ], [ -106.895706142728798, 28.762802917256153 ], [ -106.895936742986521, 28.75947305556749 ], [ -106.898197059090421, 28.759227491952686 ], [ -106.902064289373783, 28.758389082662937 ], [ -106.901162574139946, 28.755241120569082 ], [ -106.90168082153167, 28.752829343705066 ], [ -106.902145822025375, 28.752833875419764 ], [ -106.903660275389612, 28.75749133260026 ], [ -106.904685941144024, 28.757258021072118 ], [ -106.905887551707011, 28.760940503471883 ], [ -106.907313698237786, 28.760418594986305 ], [ -106.90894194475473, 28.760025849864135 ], [ -106.910097196267003, 28.760081337373013 ], [ -106.9109418297014, 28.759956701869505 ], [ -106.911617491982739, 28.759982171135142 ], [ -106.912729594738153, 28.760093495707867 ], [ -106.913463059001913, 28.759646155352609 ], [ -106.913931785141557, 28.758478755769183 ], [ -106.91423916707511, 28.757970049976233 ], [ -106.91493849534524, 28.7577418523557 ], [ -106.916066434398118, 28.757852917323397 ], [ -106.917007020800185, 28.75766752188278 ], [ -106.917680508688093, 28.757750340652503 ], [ -106.918290010437445, 28.757997562318209 ], [ -106.918910945611685, 28.758651904087824 ], [ -106.918091237639942, 28.755861563981433 ], [ -106.916884685365233, 28.751966976413353 ], [ -106.915501877971835, 28.747645265689709 ], [ -106.914009434967966, 28.742996149653063 ], [ -106.961089246584478, 28.743088173885553 ], [ -106.966980039339191, 28.743146404625087 ], [ -106.966984227414272, 28.745127220729312 ], [ -106.965493953191555, 28.74966604267911 ], [ -106.962503955935091, 28.754369343433734 ], [ -106.961759964697535, 28.757257741744422 ], [ -106.966381619669903, 28.755691340163978 ], [ -106.970254045088382, 28.754537208346314 ], [ -106.972878413886747, 28.754290453849077 ], [ -106.97600256418383, 28.753961261252169 ], [ -106.979127982300724, 28.754209731182037 ], [ -106.983504487579637, 28.754953625803086 ], [ -106.987879514166423, 28.755037111111641 ], [ -106.990506736178276, 28.75602800955814 ], [ -106.991028089787434, 28.765106713677049 ], [ -106.997014250339944, 28.767231041041455 ], [ -106.999755572068224, 28.772604361471625 ], [ -106.999756640530663, 28.773713059324411 ], [ -106.999758663235397, 28.775809755562804 ], [ -106.999119757467142, 28.7828024389357 ], [ -106.999021407306032, 28.786170164758175 ], [ -106.99996462713294, 28.790032715816618 ], [ -107.000974696327091, 28.793994348009406 ], [ -107.004466548604583, 28.790280666180315 ], [ -107.004508691287612, 28.796393297686016 ], [ -107.004663090735164, 28.818754144902321 ], [ -107.001668395284966, 28.821560049383919 ], [ -107.0001711922108, 28.823045511001624 ], [ -106.998546020569023, 28.823375501134844 ], [ -106.995921834679351, 28.82436562165481 ], [ -106.992051371732771, 28.827253764447818 ], [ -106.988933164781571, 28.830967247671548 ], [ -106.983814637818199, 28.835258019789617 ], [ -106.979320038539171, 28.839053563313499 ], [ -106.977572634641831, 28.840786338954707 ], [ -106.975078475093966, 28.844252087926893 ], [ -106.973456944682468, 28.846397511077807 ], [ -106.971340417104912, 28.851018756159661 ], [ -106.968844912529278, 28.854071743394936 ], [ -106.964717906335153, 28.85489578517371 ], [ -106.961473859938508, 28.859103862397898 ], [ -106.96047604485139, 28.860589102272854 ], [ -106.959609792939759, 28.865128098703732 ], [ -106.957491270473184, 28.869253964408824 ], [ -106.955370010510279, 28.872141807910502 ], [ -106.95212304684398, 28.875359296934771 ], [ -106.951247227082476, 28.875441467594278 ], [ -106.949871677933245, 28.87593608548767 ], [ -106.946744447268188, 28.876594979541732 ], [ -106.945120539796577, 28.878079837540792 ] ] ] ] } },
{ "type": "Feature", "properties": { "ID": 332, "ENTIDAD": 8, "DISTRITO_F": 7, "DISTRITO_L": 14, "MUNICIPIO": 17, "SECCION": 359, "TIPO": 4, "CONTROL": 7182, "GEOMETRY1_": null }, "geometry": { "type": "MultiPolygon", "coordinates": [ [ [ [ -106.885833322594664, 28.912858843424196 ], [ -106.88702999137287, 28.90871245700626 ], [ -106.888731494434381, 28.904892096372048 ], [ -106.888804254646431, 28.903021827593317 ], [ -106.888918171037403, 28.900093625235495 ], [ -106.885731998281784, 28.895740505893432 ], [ -106.880310301017971, 28.892648835723154 ], [ -106.873389684247954, 28.889736339950275 ], [ -106.875804452938183, 28.889502499243349 ], [ -106.880682479900301, 28.886488914782522 ], [ -106.883807874349287, 28.884557904910434 ], [ -106.882930745863817, 28.883814281205161 ], [ -106.881175730867312, 28.881749264805073 ], [ -106.88467721413717, 28.879771639629151 ], [ -106.886553524714358, 28.879113049294084 ], [ -106.891308951765239, 28.878952154058119 ], [ -106.894063338981383, 28.879697312101193 ], [ -106.895313712725653, 28.878955540277847 ], [ -106.894686355305211, 28.877882060989275 ], [ -106.893432911140835, 28.876560444439441 ], [ -106.896309635966745, 28.875489890379004 ], [ -106.899939591560582, 28.875988045435985 ], [ -106.904071077510068, 28.877064230066694 ], [ -106.907453639379156, 28.879295216037463 ], [ -106.908955555332227, 28.879378854235483 ], [ -106.909703861032327, 28.877811241070003 ], [ -106.914210387184553, 28.878557239560344 ], [ -106.91621316435608, 28.878806210631449 ], [ -106.918845844051859, 28.881449057938386 ], [ -106.921349722430961, 28.881945878748645 ], [ -106.924979834899688, 28.882360808241994 ], [ -106.928986333668419, 28.883271059609573 ], [ -106.932616355984877, 28.883603245817294 ], [ -106.934493482032579, 28.883521734494629 ], [ -106.93524439377812, 28.883522136128285 ], [ -106.936993205780752, 28.88178985202406 ], [ -106.938741164713832, 28.879644879870838 ], [ -106.939113101101881, 28.877829332300443 ], [ -106.940739020840653, 28.87733494471313 ], [ -106.945120539796577, 28.878079837540792 ], [ -106.946744447268188, 28.876594979541732 ], [ -106.949871677933245, 28.87593608548767 ], [ -106.951247227082476, 28.875441467594278 ], [ -106.95212304684398, 28.875359296934771 ], [ -106.955370010510265, 28.872141807910502 ], [ -106.957491270473184, 28.869253964408824 ], [ -106.959609792939759, 28.865128098703732 ], [ -106.96047604485139, 28.860589102272854 ], [ -106.961473859938508, 28.859103862397898 ], [ -106.964717906335153, 28.85489578517371 ], [ -106.968844912529278, 28.854071743394936 ], [ -106.971340417104912, 28.851018756159661 ], [ -106.973456944682468, 28.846397511077807 ], [ -106.975078475093966, 28.844252087926893 ], [ -106.977572634641831, 28.840786338954707 ], [ -106.979320038539171, 28.839053563313499 ], [ -106.983814637818199, 28.835258019789617 ], [ -106.988933164781571, 28.830967247671548 ], [ -106.992051371732771, 28.827253764447818 ], [ -106.995921834679351, 28.82436562165481 ], [ -106.998546020569023, 28.823375501134844 ], [ -107.0001711922108, 28.823045511001624 ], [ -107.001668395284966, 28.821560049383919 ], [ -107.004663090735164, 28.818754144902321 ], [ -107.008407605178263, 28.815783135250086 ], [ -107.011404511662477, 28.813967472994722 ], [ -107.01290292504963, 28.813059618648641 ], [ -107.014027416713347, 28.812646944542976 ], [ -107.016033617392793, 28.814627640212638 ], [ -107.015540501808445, 28.817351187367745 ], [ -107.016422931656621, 28.819992152710697 ], [ -107.015308337924296, 28.824201283217882 ], [ -107.016940652407712, 28.826594618042535 ], [ -107.018564923689127, 28.825934282781308 ], [ -107.019316272211299, 28.826264359884533 ], [ -107.022691161883515, 28.825438789254882 ], [ -107.023948644342084, 28.827914593822264 ], [ -107.024207317363008, 28.831050735641558 ], [ -107.023822466949994, 28.831373647329499 ], [ -107.03806645905766, 28.822217851280627 ], [ -107.040945493463781, 28.823042539573578 ], [ -107.044709928217031, 28.827250672469788 ], [ -107.046349467265699, 28.831871918489533 ], [ -107.046484223619728, 28.835173074850257 ], [ -107.047487107908267, 28.835915567131423 ], [ -107.049862317187433, 28.835419706119954 ], [ -107.050987368798957, 28.835171779382314 ], [ -107.05398623858693, 28.834097949634959 ], [ -107.051348383913066, 28.83038495039996 ], [ -107.051215942596116, 28.827909100358728 ], [ -107.059090091627738, 28.82600831166214 ], [ -107.065465356691433, 28.824850457003482 ], [ -107.064340456794511, 28.825098497574825 ], [ -107.110923216961865, 28.820907796692055 ], [ -107.109680313747333, 28.825702205240344 ], [ -107.109435186398827, 28.830908235235142 ], [ -107.110187506692611, 28.835947478916715 ], [ -107.110815902688103, 28.84181319476335 ], [ -107.11050975497713, 28.846829402336109 ], [ -107.111463272184253, 28.85019308454331 ], [ -107.112785807947503, 28.854858120512525 ], [ -107.112502127499738, 28.858252257224041 ], [ -107.112990298385469, 28.861235507054239 ], [ -107.113721640070082, 28.863254845489273 ], [ -107.11445301240029, 28.865274177922437 ], [ -107.115828060803082, 28.868577152336979 ], [ -107.11695409837715, 28.872293648795466 ], [ -107.118454154243835, 28.875679012899344 ], [ -107.121826756107808, 28.880300723015708 ], [ -107.123576527294944, 28.883602974135496 ], [ -107.125701858930242, 28.888061362197305 ], [ -107.128824211674413, 28.891278596058676 ], [ -107.13282102467798, 28.895320515551276 ], [ -107.136069051784702, 28.898950476610914 ], [ -107.143560885597395, 28.903564249476531 ], [ -107.144808907778341, 28.903768549439082 ], [ -107.146056934096222, 28.903972837564574 ], [ -107.148677366892713, 28.904050639969821 ], [ -107.15142289195397, 28.904376037902363 ], [ -107.154293957957535, 28.905279528997912 ], [ -107.157540396554054, 28.906925876747504 ], [ -107.161161619097356, 28.908819291265907 ], [ -107.16565669351796, 28.910876125975605 ], [ -107.170775269374772, 28.912518412862067 ], [ -107.175269434144013, 28.913748650762976 ], [ -107.179516927252919, 28.916797012183505 ], [ -107.181393314844087, 28.919684978945067 ], [ -107.18276944445212, 28.921830342075442 ], [ -107.187017218531778, 28.924713184042375 ], [ -107.190764365116962, 28.926605467612195 ], [ -107.193264996769727, 28.929326629952001 ], [ -107.195889011893186, 28.931138591703391 ], [ -107.199509710423882, 28.931874144600979 ], [ -107.202509497476711, 28.934346120313791 ], [ -107.202015828834391, 28.937486969946679 ], [ -107.202772382045239, 28.941781726525164 ], [ -107.202277522850196, 28.944261582730853 ], [ -107.19966424918573, 28.948811834776333 ], [ -107.200295549234824, 28.952859008495967 ], [ -107.200172324441269, 28.953768155196514 ], [ -107.200612174809635, 28.955419648621753 ], [ -107.20105204087109, 28.957071139482196 ], [ -107.200810451615069, 28.961616023797351 ], [ -107.19932285413708, 28.967568338053137 ], [ -107.201457017462374, 28.974090808815788 ], [ -107.204085511128326, 28.977637627488221 ], [ -107.207964853807326, 28.982255584405838 ], [ -107.211469144193288, 28.986461175942271 ], [ -107.213849669807502, 28.990586712894284 ], [ -107.21523310297988, 28.995623439371059 ], [ -107.218357644974844, 28.998839370273977 ], [ -107.219237551318201, 28.999744961192985 ], [ -107.21883787573401, 29.00022194675898 ], [ -107.217865977010135, 29.001381819422612 ], [ -107.213514306184663, 29.008485641856307 ], [ -107.212271413992539, 29.010633170513657 ], [ -107.209276689183753, 29.013278575677507 ], [ -107.205770042058759, 29.013614115568245 ], [ -107.202393540466403, 29.015022146469637 ], [ -107.198146573504616, 29.017916783112643 ], [ -107.196423955931195, 29.024933673171024 ], [ -107.188670296517429, 29.028410833152996 ], [ -107.180534042119035, 29.03048521579754 ], [ -107.170906635844801, 29.035614390081658 ], [ -107.160375880791108, 29.034719849163913 ], [ -107.162365492588336, 29.031003887212616 ], [ -107.164979445623345, 29.026791987902737 ], [ -107.159216519347993, 29.027129132875125 ], [ -107.155084288854951, 29.027876747449877 ], [ -107.148953982208752, 29.030359496934871 ], [ -107.146955906959832, 29.03209472936528 ], [ -107.140198857434328, 29.034660321072007 ], [ -107.133802289041185, 29.033346593026156 ], [ -107.128407464622711, 29.031784005459627 ], [ -107.123399406390519, 29.033026662993876 ], [ -107.116516002549204, 29.035508688361837 ], [ -107.112886180798057, 29.036749736829893 ], [ -107.110879141258621, 29.036256302200702 ], [ -107.107866503862411, 29.034938418341866 ], [ -107.103353343681789, 29.034529433506876 ], [ -107.099974025384029, 29.035769940807555 ], [ -107.098680088826697, 29.036482351627097 ], [ -107.094720535274433, 29.03866225314918 ], [ -107.092222046446011, 29.040974765442606 ], [ -107.089844180770413, 29.041966741226805 ], [ -107.086084167089226, 29.041969293290364 ], [ -107.082832532586153, 29.04403456475811 ], [ -107.081079503312921, 29.044530834039232 ], [ -107.077704012744135, 29.047091224200408 ], [ -107.072078460251035, 29.051550930051786 ], [ -107.067702152438713, 29.054854389366557 ], [ -107.06507300967759, 29.055846085741145 ], [ -107.054300510484637, 29.058327006779695 ], [ -107.051174862295412, 29.060969197171396 ], [ -107.046296265625671, 29.064354741106513 ], [ -107.044296509603186, 29.066336137530303 ], [ -107.041927846207869, 29.070710927562921 ], [ -107.038928625444385, 29.073930508999492 ], [ -107.035173501069337, 29.07599487686625 ], [ -107.032920596629296, 29.077315977840485 ], [ -107.02928771068332, 29.078389824669046 ], [ -107.025530075673245, 29.079711188898106 ], [ -107.022400679865598, 29.081527490197029 ], [ -107.021393363119373, 29.080042193462891 ], [ -107.021636371190169, 29.077318721459147 ], [ -107.024382411168546, 29.073026690168163 ], [ -107.026633195195771, 29.070962980846694 ], [ -107.029136795248675, 29.069641923894849 ], [ -107.032015951091367, 29.068155665246859 ], [ -107.031253324571935, 29.064607179384172 ], [ -107.029864918839223, 29.061388957154215 ], [ -107.0281034046195, 29.059161140446598 ], [ -107.026593154957311, 29.057098295106279 ], [ -107.025706888715234, 29.054044955741865 ], [ -107.025197908331194, 29.051404166751645 ], [ -107.023939236920185, 29.049588811415514 ], [ -107.021302984095485, 29.048186344793059 ], [ -107.01866448988271, 29.045958538383733 ], [ -107.018163118516966, 29.045958619738169 ], [ -107.016913364534162, 29.047279270764879 ], [ -107.01389577718983, 29.043896019808749 ], [ -107.012135816991872, 29.04199807157028 ], [ -107.006115368878582, 29.04043056939598 ], [ -107.001601933405055, 29.039935625290667 ], [ -106.998589130765765, 29.038120049254136 ], [ -106.998459291701209, 29.036386934309213 ], [ -106.993818193322937, 29.034901364308134 ], [ -106.988804124051839, 29.034571020201664 ], [ -106.984289367447019, 29.033415237505395 ], [ -106.981023380702453, 29.030361265027629 ], [ -106.973622711862873, 29.027636642683412 ], [ -106.969483030012881, 29.025902691217066 ], [ -106.966095585999753, 29.024251316706966 ], [ -106.962077777254152, 29.02086653407402 ], [ -106.958436710815604, 29.01772932310525 ], [ -106.957681941286467, 29.016408597928127 ], [ -106.954173240171315, 29.01640748541595 ], [ -106.95016118962171, 29.015415723613856 ], [ -106.947780473611061, 29.015497375850863 ], [ -106.944775418428733, 29.016651648838227 ], [ -106.94114339095681, 29.017640528070796 ], [ -106.936757264418731, 29.017556053281307 ], [ -106.929988750186041, 29.016727451773612 ], [ -106.926605151030145, 29.016643150772829 ], [ -106.925531969918623, 29.016780040204551 ], [ -106.92209495841773, 29.017218387893045 ], [ -106.919338959814709, 29.017711987840205 ], [ -106.917792263228293, 29.017456478447126 ], [ -106.917333332964759, 29.017380660909375 ], [ -106.917333035123264, 29.017215595395701 ], [ -106.917331695044311, 29.016472800536366 ], [ -106.917452094040001, 29.013749294565461 ], [ -106.917220457835853, 29.012181836047009 ], [ -106.916183643589889, 29.005165110028784 ], [ -106.916174659537702, 29.000130598747575 ], [ -106.916167013312105, 28.99583888136711 ], [ -106.914783012998214, 28.99253669135194 ], [ -106.91252789542915, 28.992535241846319 ], [ -106.908644076648301, 28.992532656727512 ], [ -106.907384664658764, 28.988652726862217 ], [ -106.904876450044696, 28.987082833714542 ], [ -106.90236614302286, 28.984192350619178 ], [ -106.90061068649851, 28.98320065244403 ], [ -106.903361129446807, 28.979818792997651 ], [ -106.904106741566579, 28.976187852346278 ], [ -106.902098052837474, 28.973462775414223 ], [ -106.896205278343473, 28.969991873198477 ], [ -106.89131857117296, 28.968915014249479 ], [ -106.887809279063205, 28.967509008085258 ], [ -106.884546615766823, 28.963379482092641 ], [ -106.880534260189307, 28.960322137770763 ], [ -106.880532390311458, 28.959001580695439 ], [ -106.879775689402265, 28.955286829600265 ], [ -106.878644029574815, 28.952066933900095 ], [ -106.877511875447922, 28.948434348715629 ], [ -106.877254819592295, 28.943647079459016 ], [ -106.87724937647161, 28.939685392293828 ], [ -106.876989896004119, 28.933082339631309 ], [ -106.878614721987006, 28.930937948312781 ], [ -106.876707506088039, 28.923199692783367 ], [ -106.885833322594664, 28.912858843424196 ] ] ] ] } },
{ "type": "Feature", "properties": { "ID": 333, "ENTIDAD": 8, "DISTRITO_F": 7, "DISTRITO_L": 14, "MUNICIPIO": 17, "SECCION": 361, "TIPO": 4, "CONTROL": 9986, "GEOMETRY1_": null }, "geometry": { "type": "MultiPolygon", "coordinates": [ [ [ [ -106.873389684247954, 28.889736339950275 ], [ -106.868732281435413, 28.887629470754156 ], [ -106.866699186777652, 28.885249986140554 ], [ -106.865669213868728, 28.883026571356794 ], [ -106.864864752155938, 28.878898892447982 ], [ -106.810872688755353, 28.863674643150627 ], [ -106.811595339605006, 28.861435215706329 ], [ -106.811691507541568, 28.859118636531765 ], [ -106.811673951577319, 28.857712815055244 ], [ -106.813864414037354, 28.852813810429687 ], [ -106.822419971106541, 28.836858318117201 ], [ -106.821899991713607, 28.835291579530072 ], [ -106.824442743426005, 28.835215433123196 ], [ -106.826176467671417, 28.834164919423568 ], [ -106.827568655198178, 28.833321322001815 ], [ -106.830694736900256, 28.831757295532409 ], [ -106.833054872402357, 28.829799895631911 ], [ -106.834569797117751, 28.82854342030452 ], [ -106.836570123398047, 28.827307945998474 ], [ -106.838432311922631, 28.82530463772633 ], [ -106.843072411563554, 28.826805413404134 ], [ -106.844504927530224, 28.823640265878328 ], [ -106.846430440596777, 28.820136324996888 ], [ -106.850115795776219, 28.81701688748522 ], [ -106.852775125425538, 28.812756734459835 ], [ -106.858453721977057, 28.809273628390351 ], [ -106.862529823825255, 28.806891523875997 ], [ -106.86423157126309, 28.804631184253743 ], [ -106.866877304964163, 28.799792261352909 ], [ -106.871480323186603, 28.798641338424119 ], [ -106.871539824607055, 28.795664004391597 ], [ -106.873116164872428, 28.793405636425092 ], [ -106.874747123096427, 28.793626635975922 ], [ -106.877314520141539, 28.790938406249516 ], [ -106.878894318492442, 28.788845270272127 ], [ -106.881244334012763, 28.787648753002042 ], [ -106.88232572307632, 28.785646540947017 ], [ -106.884690267587175, 28.785111134231485 ], [ -106.88563372573951, 28.782532460855361 ], [ -106.887862162611398, 28.781503211009486 ], [ -106.889420971374449, 28.783704117356983 ], [ -106.889798043825721, 28.785107581707617 ], [ -106.891177656007045, 28.788080143619268 ], [ -106.892175151164977, 28.786100169385467 ], [ -106.89804092430046, 28.778677047222384 ], [ -106.900042739039037, 28.779586642785318 ], [ -106.899428932081904, 28.787179442520497 ], [ -106.896934359727936, 28.791386659630195 ], [ -106.896190763970765, 28.795925502502929 ], [ -106.8970719701625, 28.799887985944288 ], [ -106.899576401796793, 28.802118568109226 ], [ -106.901955376155584, 28.804018852896899 ], [ -106.903334587741995, 28.806330968890752 ], [ -106.902839174469179, 28.809466924056274 ], [ -106.90309466026703, 28.812933624866627 ], [ -106.902851152614346, 28.817225278250472 ], [ -106.899981090793503, 28.821597331405751 ], [ -106.900484559980896, 28.823661133387603 ], [ -106.899613124427276, 28.826384091940845 ], [ -106.900992230293468, 28.828448606546505 ], [ -106.901870521246195, 28.830182560449945 ], [ -106.901999951172854, 28.832988868085572 ], [ -106.903255519233298, 28.835961140618672 ], [ -106.904388531610735, 28.840501470210707 ], [ -106.905142148113725, 28.842400365379479 ], [ -106.90627256181142, 28.845207429289971 ], [ -106.907651268753369, 28.846776641883707 ], [ -106.912415405755979, 28.852805188721725 ], [ -106.915924392360964, 28.856191573167951 ], [ -106.916801358426696, 28.85685245012704 ], [ -106.919305915682514, 28.858092149731348 ], [ -106.921936233232586, 28.859662017822508 ], [ -106.923940852644719, 28.861148905833261 ], [ -106.925573990546823, 28.864781421236781 ], [ -106.928455133558145, 28.866516369226325 ], [ -106.931334386433861, 28.86717830913371 ], [ -106.933211990253795, 28.867509498910213 ], [ -106.934091945577833, 28.869655861771133 ], [ -106.937346250173434, 28.870070270681591 ], [ -106.938351768660439, 28.872381732383037 ], [ -106.940739020840653, 28.87733494471313 ], [ -106.939113101101881, 28.877829332300443 ], [ -106.938741164713832, 28.879644879870838 ], [ -106.936993205780752, 28.88178985202406 ], [ -106.93524439377812, 28.883522136128285 ], [ -106.934493482032579, 28.883521734494629 ], [ -106.932616355984877, 28.883603245817294 ], [ -106.928986333668419, 28.883271059609573 ], [ -106.924979834899688, 28.882360808241994 ], [ -106.921349722430961, 28.881945878748645 ], [ -106.918845844051859, 28.881449057938386 ], [ -106.91621316435608, 28.878806210631449 ], [ -106.914210387184553, 28.878557239560344 ], [ -106.909703861032327, 28.877811241070003 ], [ -106.908955555332227, 28.879378854235483 ], [ -106.907453639379156, 28.879295216037463 ], [ -106.904071077510068, 28.877064230066694 ], [ -106.899939591560582, 28.875988045435985 ], [ -106.896309635966745, 28.875489890379004 ], [ -106.893432911140835, 28.876560444439441 ], [ -106.894686355305211, 28.877882060989275 ], [ -106.895313712725653, 28.878955540277847 ], [ -106.894063338981383, 28.879697312101193 ], [ -106.891308951765239, 28.878952154058119 ], [ -106.886553524714358, 28.879113049294084 ], [ -106.88467721413717, 28.879771639629151 ], [ -106.881175730867312, 28.881749264805073 ], [ -106.882930745863817, 28.883814281205161 ], [ -106.883807874349287, 28.884557904910434 ], [ -106.880682479900301, 28.886488914782522 ], [ -106.875804452938183, 28.889502499243349 ], [ -106.873389684247954, 28.889736339950275 ] ] ] ] } },
{ "type": "Feature", "properties": { "ID": 334, "ENTIDAD": 8, "DISTRITO_F": 7, "DISTRITO_L": 14, "MUNICIPIO": 17, "SECCION": 362, "TIPO": 4, "CONTROL": 15387, "GEOMETRY1_": null }, "geometry": { "type": "MultiPolygon", "coordinates": [ [ [ [ -106.819022684710717, 28.835234550839555 ], [ -106.816546426058125, 28.837241510313401 ], [ -106.813837518683229, 28.84065647190139 ], [ -106.812974477423651, 28.841656586065923 ], [ -106.806915638205425, 28.837920964154282 ], [ -106.796841882964728, 28.831708686197196 ], [ -106.793839368482878, 28.82991651933142 ], [ -106.796447045602889, 28.828460072435025 ], [ -106.799463832271442, 28.827131075869676 ], [ -106.80095542790832, 28.826582437592222 ], [ -106.803029568485229, 28.825855946014983 ], [ -106.803603767129104, 28.825654819034735 ], [ -106.806848325340766, 28.82448784528394 ], [ -106.811082613748866, 28.822942848490612 ], [ -106.81579998893325, 28.821213199353256 ], [ -106.82003116028045, 28.820152675198273 ], [ -106.821903697007258, 28.819957009348148 ], [ -106.838432311922631, 28.82530463772633 ], [ -106.836570123398047, 28.827307945998474 ], [ -106.834569797117751, 28.82854342030452 ], [ -106.833054872402357, 28.829799895631911 ], [ -106.830694736900256, 28.831757295532409 ], [ -106.827568655198178, 28.833321322001815 ], [ -106.826176467671417, 28.834164919423568 ], [ -106.824442743426005, 28.835215433123196 ], [ -106.821899991713607, 28.835291579530072 ], [ -106.819022684710717, 28.835234550839555 ] ] ] ] } },
{ "type": "Feature", "properties": { "ID": 336, "ENTIDAD": 8, "DISTRITO_F": 7, "DISTRITO_L": 14, "MUNICIPIO": 17, "SECCION": 364, "TIPO": 4, "CONTROL": 7186, "GEOMETRY1_": null }, "geometry": { "type": "MultiPolygon", "coordinates": [ [ [ [ -107.196293868313646, 28.674788410641288 ], [ -107.196481522831618, 28.674828113247706 ], [ -107.197756802545683, 28.677132254842693 ], [ -107.199033125023021, 28.679519061524505 ], [ -107.197948448276421, 28.68275346504776 ], [ -107.198602881559452, 28.685311100548141 ], [ -107.198903655990776, 28.689608312492911 ], [ -107.19907572850255, 28.693575892768415 ], [ -107.199907337351561, 28.700514490224712 ], [ -107.194573523230233, 28.712699258640523 ], [ -107.19056350104843, 28.721858063432723 ], [ -107.18922478502185, 28.722046742546492 ], [ -107.187886063282875, 28.722235408650473 ], [ -107.185208602671025, 28.722612701827455 ], [ -107.180604746108642, 28.726009721251753 ], [ -107.17916484603947, 28.727665373610908 ], [ -107.179153928399757, 28.728682641719328 ], [ -107.179302965379065, 28.7304597559156 ], [ -107.179110507967891, 28.731995220518748 ], [ -107.179094439879165, 28.733923288992528 ], [ -107.179092732523742, 28.736543159332228 ], [ -107.176014562663198, 28.739558618975853 ], [ -107.165300394326394, 28.739259999355436 ], [ -107.164867182340245, 28.741450467341465 ], [ -107.164433955314067, 28.743640934245462 ], [ -107.161827156815434, 28.751165008117418 ], [ -107.15959589349454, 28.760340909588763 ], [ -107.149139677852176, 28.76961437481107 ], [ -107.148858767797051, 28.772846964203026 ], [ -107.148155768005012, 28.780936238724205 ], [ -107.149656364918002, 28.785230224063184 ], [ -107.149845889984221, 28.78741953343183 ], [ -107.149940656653982, 28.788514187611341 ], [ -107.150035426081786, 28.78960884145437 ], [ -107.127479875918183, 28.80694061386972 ], [ -107.118024043086919, 28.814203773111871 ], [ -107.116809158411399, 28.814970008308912 ], [ -107.115594255576411, 28.815736233404795 ], [ -107.114379334581528, 28.816502448398477 ], [ -107.113164395426395, 28.817268653288917 ], [ -107.110923216961865, 28.820907796692055 ], [ -107.064340456794511, 28.825098497574825 ], [ -107.065465356691433, 28.824850457003482 ], [ -107.059090091627738, 28.82600831166214 ], [ -107.051215942596116, 28.827909100358728 ], [ -107.051348383913066, 28.83038495039996 ], [ -107.05398623858693, 28.834097949634959 ], [ -107.050987368798957, 28.835171779382314 ], [ -107.049862317187433, 28.835419706119954 ], [ -107.047487107908267, 28.835915567131423 ], [ -107.046484223619728, 28.835173074850257 ], [ -107.046349467265699, 28.831871918489533 ], [ -107.044709928217031, 28.827250672469788 ], [ -107.040945493463781, 28.823042539573578 ], [ -107.03806645905766, 28.822217851280627 ], [ -107.023822466949994, 28.831373647329499 ], [ -107.024207317363008, 28.831050735641558 ], [ -107.023948644342084, 28.827914593822264 ], [ -107.022691161883515, 28.825438789254882 ], [ -107.019316272211299, 28.826264359884533 ], [ -107.018564923689127, 28.825934282781308 ], [ -107.016940652407712, 28.826594618042535 ], [ -107.015308337924296, 28.824201283217882 ], [ -107.016422931656621, 28.819992152710697 ], [ -107.015540501808445, 28.817351187367745 ], [ -107.016033617392793, 28.814627640212638 ], [ -107.014027416713347, 28.812646944542976 ], [ -107.01290292504963, 28.813059618648641 ], [ -107.011404511662477, 28.813967472994722 ], [ -107.008407605178263, 28.815783135250086 ], [ -107.004663090735164, 28.818754144902321 ], [ -107.004508691287612, 28.796393297686016 ], [ -107.004466548604583, 28.790280666180315 ], [ -107.000974696327091, 28.793994348009495 ], [ -106.99996462713294, 28.790032715816618 ], [ -106.999021407306032, 28.786170164758271 ], [ -106.999119757467142, 28.7828024389357 ], [ -106.999758663235397, 28.775809755562804 ], [ -106.999756640530663, 28.773713059324411 ], [ -106.999755572068224, 28.772604361471625 ], [ -106.997014250339944, 28.767231041041455 ], [ -106.991028089787434, 28.765106713677049 ], [ -106.990506736178276, 28.75602800955814 ], [ -106.994877267417337, 28.754213011910654 ], [ -106.996993227786362, 28.750499341871361 ], [ -106.99935841376481, 28.746538076404594 ], [ -106.999976718976711, 28.743814571947361 ], [ -107.000268375254024, 28.741524742931642 ], [ -107.000344639420931, 28.740925971110887 ], [ -107.000963095863909, 28.738284995628405 ], [ -107.00221162943383, 28.737789934366074 ], [ -107.002206180124546, 28.735561551921034 ], [ -107.003452243167771, 28.734076088988992 ], [ -107.005447872448727, 28.73250814691681 ], [ -107.005320864698191, 28.731682810512904 ], [ -106.996929696209733, 28.731819827941671 ], [ -106.975204829061326, 28.732172147590834 ], [ -106.975044074612128, 28.715747859648292 ], [ -106.994784986279726, 28.71533996773374 ], [ -106.993691597515209, 28.699936776567455 ], [ -106.996032206289499, 28.694247463405961 ], [ -106.997956899719398, 28.689568693842403 ], [ -106.999933109326605, 28.687486865061032 ], [ -107.001788587132751, 28.685819374919078 ], [ -107.005878757434758, 28.682977716532662 ], [ -107.00972078391797, 28.680303164670477 ], [ -107.012315527711564, 28.677720431901143 ], [ -107.011667298282219, 28.67532703622669 ], [ -107.014056190907965, 28.67392468797517 ], [ -107.017373962552966, 28.671976932542723 ], [ -107.022733800632253, 28.671358151256754 ], [ -107.026248951720234, 28.673399252029807 ], [ -107.030512966410086, 28.675434621842761 ], [ -107.033271114925668, 28.676654268440664 ], [ -107.035274591128356, 28.677300697486363 ], [ -107.037044788876742, 28.679520071181706 ], [ -107.036826905787692, 28.68258144224675 ], [ -107.038576629888041, 28.682816262597701 ], [ -107.038925263819507, 28.680332764439708 ], [ -107.038768715223171, 28.677274233173208 ], [ -107.040249009459188, 28.675609092461581 ], [ -107.042108778491766, 28.674437220160449 ], [ -107.043975401346103, 28.673926831598539 ], [ -107.044344584498717, 28.673427846545216 ], [ -107.044700826591978, 28.671688534531818 ], [ -107.045564812849875, 28.670772296245282 ], [ -107.046055305543106, 28.669941601090954 ], [ -107.047420978039767, 28.669269604154366 ], [ -107.051522225010487, 28.667666976311729 ], [ -107.058281159197293, 28.669599587259484 ], [ -107.061542936654703, 28.671228229689209 ], [ -107.066774063665022, 28.670277936081128 ], [ -107.07125199772257, 28.668919868378758 ], [ -107.072981019495202, 28.669358258542662 ], [ -107.074004190596582, 28.669559860524632 ], [ -107.076160907558048, 28.672850682664709 ], [ -107.076590879229244, 28.674058886850698 ], [ -107.077402155676268, 28.676338455508528 ], [ -107.077833729853097, 28.677551069441744 ], [ -107.078002450003794, 28.679800389007905 ], [ -107.078125096416542, 28.681435381462041 ], [ -107.077952566290023, 28.682374566640831 ], [ -107.077653486788378, 28.684002602931226 ], [ -107.076945592360303, 28.687812089207902 ], [ -107.09804658287527, 28.688553927507403 ], [ -107.09922597625183, 28.693671412595485 ], [ -107.113723065295659, 28.692162330815577 ], [ -107.120120410912676, 28.691495891188836 ], [ -107.127650649212228, 28.690711037148908 ], [ -107.137697576131998, 28.68517013322478 ], [ -107.147753796494825, 28.680538052327719 ], [ -107.152466286614867, 28.677934986341494 ], [ -107.155543108981647, 28.674187920427872 ], [ -107.158391108001027, 28.672261933756424 ], [ -107.169739875063911, 28.671669198222443 ], [ -107.173478272459633, 28.671223719738492 ], [ -107.178721640697319, 28.671426699082467 ], [ -107.184114088570269, 28.673695436495976 ], [ -107.185987664619915, 28.673844578293746 ], [ -107.189351714867968, 28.673401907032758 ], [ -107.19610621392016, 28.67474870776655 ], [ -107.196293868313646, 28.674788410641288 ] ] ] ] } },
{ "type": "Feature", "properties": { "ID": 337, "ENTIDAD": 8, "DISTRITO_F": 7, "DISTRITO_L": 14, "MUNICIPIO": 17, "SECCION": 365, "TIPO": 4, "CONTROL": 9745, "GEOMETRY1_": null }, "geometry": { "type": "MultiPolygon", "coordinates": [ [ [ [ -106.884835368648993, 28.769069522933723 ], [ -106.877278355710686, 28.766632138021553 ], [ -106.872609477401298, 28.764725273898286 ], [ -106.867832099213487, 28.763564126315082 ], [ -106.863384524613409, 28.760330446119205 ], [ -106.856203571256458, 28.757885644535495 ], [ -106.850792670014641, 28.756320899528738 ], [ -106.846485284394532, 28.753745756176595 ], [ -106.841310353244083, 28.751515338959241 ], [ -106.83516435268389, 28.750623365484834 ], [ -106.831000406221406, 28.748872151849799 ], [ -106.827002573765967, 28.749019704435078 ], [ -106.822758304008616, 28.749336482801866 ], [ -106.818501570409225, 28.749074583011279 ], [ -106.816898007659333, 28.750092608190634 ], [ -106.805679246781509, 28.757548885997611 ], [ -106.805358611871227, 28.754246901185006 ], [ -106.804668321616262, 28.751198881427605 ], [ -106.802083851303948, 28.747271765464237 ], [ -106.803118806585843, 28.743038570599037 ], [ -106.803541142382883, 28.739393943101597 ], [ -106.808119613579521, 28.738951057922613 ], [ -106.811494387687503, 28.739203831297058 ], [ -106.812243673661513, 28.738214486478476 ], [ -106.811614755538457, 28.731857966026059 ], [ -106.811752443516482, 28.730899188308282 ], [ -106.812112479382506, 28.728392044121524 ], [ -106.813237713308936, 28.729136602836832 ], [ -106.81574115011145, 28.735083212092928 ], [ -106.815493608225879, 28.738714591186827 ], [ -106.81586961695325, 28.740283402622836 ], [ -106.818617663115589, 28.737893799182753 ], [ -106.821366597041077, 28.73690731756842 ], [ -106.82261594028796, 28.736248798431593 ], [ -106.823864959852699, 28.735177570875955 ], [ -106.824737029373637, 28.7314645372816 ], [ -106.826859841557749, 28.729156432785153 ], [ -106.829608529949837, 28.728252335470764 ], [ -106.832483090294431, 28.728503904753481 ], [ -106.834734543875811, 28.730818051261117 ], [ -106.835486296315281, 28.733047615028298 ], [ -106.837239076798198, 28.736599125945151 ], [ -106.837990784648042, 28.738663591764837 ], [ -106.838617757844119, 28.740975504112733 ], [ -106.839993952830085, 28.742463001566282 ], [ -106.841869235269087, 28.74296066250422 ], [ -106.84499419287107, 28.743212267165319 ], [ -106.855494122358792, 28.74405052115883 ], [ -106.857869277186452, 28.744383471153704 ], [ -106.861139561498035, 28.744831802438888 ], [ -106.861790586870185, 28.744921043112591 ], [ -106.861975859222582, 28.74494643910408 ], [ -106.862119571329032, 28.744966138088486 ], [ -106.863869621476965, 28.74513319266272 ], [ -106.868369271125843, 28.745138176326751 ], [ -106.871118953709995, 28.745058610433944 ], [ -106.873493659770787, 28.744978594419585 ], [ -106.876867653369032, 28.744404343794631 ], [ -106.880364573180927, 28.742261926391798 ], [ -106.885735544739589, 28.739708559964747 ], [ -106.888232727739336, 28.737895132316471 ], [ -106.891232371195997, 28.737980476976702 ], [ -106.895732370555464, 28.738479792088839 ], [ -106.899814186307822, 28.738946148522178 ], [ -106.901565567377816, 28.743863696345002 ], [ -106.90168082153167, 28.752829343705066 ], [ -106.901162574139946, 28.755241120569082 ], [ -106.902064289373783, 28.758389082662937 ], [ -106.898197059090421, 28.759227491952686 ], [ -106.895936742986521, 28.75947305556749 ], [ -106.895706142728798, 28.762802917256153 ], [ -106.892077799932892, 28.762722325945486 ], [ -106.891372828156875, 28.758393027152643 ], [ -106.891265813992675, 28.758152059920352 ], [ -106.891128981446641, 28.757843946640488 ], [ -106.890964845454647, 28.757474350544857 ], [ -106.890856888293257, 28.757231254464777 ], [ -106.890778113118373, 28.757051679993079 ], [ -106.890615720670013, 28.756681490835696 ], [ -106.890423281844903, 28.756242804153576 ], [ -106.890222529552048, 28.755823234171356 ], [ -106.890016940910627, 28.755393552204318 ], [ -106.889929165821243, 28.755179106379504 ], [ -106.889644147325001, 28.754482762573733 ], [ -106.886738672496335, 28.74770381299863 ], [ -106.884088926639805, 28.748227164951199 ], [ -106.875175246994331, 28.751032252582029 ], [ -106.877740540979445, 28.756340249548984 ], [ -106.878021554998327, 28.756910542226091 ], [ -106.878431962973707, 28.757811309835326 ], [ -106.878834509948859, 28.75870475339174 ], [ -106.879183455474589, 28.759612781304732 ], [ -106.878278576519662, 28.759882461208491 ], [ -106.878670269099331, 28.760812892877645 ], [ -106.879091017588422, 28.761731593430166 ], [ -106.881041718815354, 28.764848160908635 ], [ -106.884835368648993, 28.769069522933723 ] ] ] ] } },
{ "type": "Feature", "properties": { "ID": 338, "ENTIDAD": 8, "DISTRITO_F": 7, "DISTRITO_L": 14, "MUNICIPIO": 17, "SECCION": 367, "TIPO": 4, "CONTROL": 3089, "GEOMETRY1_": null }, "geometry": { "type": "MultiPolygon", "coordinates": [ [ [ [ -106.861975859222582, 28.74494643910408 ], [ -106.861790586870185, 28.744921043112591 ], [ -106.861139561498035, 28.744831802438888 ], [ -106.857869277186438, 28.744383471153704 ], [ -106.855494122358792, 28.74405052115883 ], [ -106.84499419287107, 28.743212267165319 ], [ -106.841869235269087, 28.74296066250422 ], [ -106.839993952830085, 28.742463001566282 ], [ -106.838617757844119, 28.740975504112733 ], [ -106.837990784648042, 28.738663591764837 ], [ -106.837239076798198, 28.736599125945151 ], [ -106.835486296315281, 28.733047615028298 ], [ -106.834734543875811, 28.730818051261117 ], [ -106.832483090294431, 28.728503904753481 ], [ -106.829608529949837, 28.728252335470764 ], [ -106.826859841557749, 28.729156432785153 ], [ -106.824737029373637, 28.7314645372816 ], [ -106.823864959852699, 28.735177570875955 ], [ -106.822615940287946, 28.736248798431593 ], [ -106.821366597041077, 28.73690731756842 ], [ -106.818617663115589, 28.737893799182753 ], [ -106.81586961695325, 28.740283402622836 ], [ -106.815493608225879, 28.738714591186827 ], [ -106.81574115011145, 28.735083212092928 ], [ -106.813237713308936, 28.729136602836832 ], [ -106.812112479382506, 28.728392044121524 ], [ -106.811752443516482, 28.730899188308282 ], [ -106.811614755538457, 28.731857966026059 ], [ -106.812243673661513, 28.738214486478476 ], [ -106.811494387687503, 28.739203831297058 ], [ -106.808119613579521, 28.738951057922613 ], [ -106.803541142382883, 28.739393943101597 ], [ -106.801571329487217, 28.734960872309767 ], [ -106.801354768473928, 28.730665051034816 ], [ -106.801986557200479, 28.725115456554221 ], [ -106.801917872026877, 28.72189208557554 ], [ -106.801226187026032, 28.718761369804351 ], [ -106.800532788852379, 28.715547996573466 ], [ -106.798711402922024, 28.712187304261299 ], [ -106.798033950607078, 28.709717767918704 ], [ -106.798562003951332, 28.705161979398618 ], [ -106.800444937979677, 28.699675042631064 ], [ -106.801122493898831, 28.694067373610238 ], [ -106.796684997883986, 28.693286184716037 ], [ -106.791031266131256, 28.697758377570139 ], [ -106.789341060718399, 28.698325851791843 ], [ -106.791286676445395, 28.693812050018877 ], [ -106.794322548083031, 28.6916320417638 ], [ -106.794885926636979, 28.691227472116957 ], [ -106.798115228719098, 28.689223874053166 ], [ -106.799587575362978, 28.686072605925933 ], [ -106.80033244285768, 28.685572051185016 ], [ -106.803437327175089, 28.683651762690893 ], [ -106.809693132304801, 28.680250028765318 ], [ -106.812508480931797, 28.678718957364744 ], [ -106.815350355746517, 28.675228620540516 ], [ -106.817448046558653, 28.672321574898398 ], [ -106.819807557119901, 28.670901579625315 ], [ -106.818106953666941, 28.676535470149979 ], [ -106.814888670491612, 28.679779988762942 ], [ -106.813401198716249, 28.681029340626498 ], [ -106.811422606585964, 28.683274008436729 ], [ -106.809813624216517, 28.684937553808322 ], [ -106.808457611658142, 28.687013104693317 ], [ -106.81344344642693, 28.686156634547782 ], [ -106.817309972647521, 28.685802864117324 ], [ -106.820554458730882, 28.685700809493607 ], [ -106.825791806799856, 28.685090492549843 ], [ -106.830922520856006, 28.683651298917276 ], [ -106.833622243483461, 28.681156183991483 ], [ -106.838109018490343, 28.680384553203375 ], [ -106.839064138432292, 28.680651741345663 ], [ -106.842738132148511, 28.681679438718952 ], [ -106.846526230688639, 28.68678360998825 ], [ -106.848173623597773, 28.689667978887403 ], [ -106.84944728733231, 28.694053850957886 ], [ -106.854258488281701, 28.694129560180976 ], [ -106.857288190406663, 28.694177148362861 ], [ -106.855475920700499, 28.696900316374293 ], [ -106.854740546803839, 28.698476219308375 ], [ -106.854492208982109, 28.698667039104411 ], [ -106.85387246821918, 28.699143235580053 ], [ -106.853684869574209, 28.699244290896981 ], [ -106.853251182036445, 28.699477907255133 ], [ -106.857575552262944, 28.703113972711979 ], [ -106.85945115825433, 28.704519345097609 ], [ -106.861702005028775, 28.706255277276394 ], [ -106.863953659675531, 28.708651474984315 ], [ -106.865579272568027, 28.709808852971644 ], [ -106.867207566576354, 28.71327727896065 ], [ -106.867584131164833, 28.714763382797713 ], [ -106.869336955868931, 28.717736684339322 ], [ -106.871340983345405, 28.721700682657552 ], [ -106.87384202720817, 28.723189038306508 ], [ -106.875092170193142, 28.723603046365259 ], [ -106.878091929388688, 28.724101390678385 ], [ -106.878344143380559, 28.725917475330935 ], [ -106.87597263299925, 28.728226074383304 ], [ -106.871227920404337, 28.731687630540879 ], [ -106.868481482320234, 28.734243319706771 ], [ -106.866608536009508, 28.735726937062147 ], [ -106.864235799495233, 28.737375045077563 ], [ -106.860113672894002, 28.739433795908681 ], [ -106.857614083910136, 28.739513424905198 ], [ -106.858490662457768, 28.741082673918957 ], [ -106.86098515711474, 28.743847312389654 ], [ -106.861975859222582, 28.74494643910408 ] ] ] ] } },
{ "type": "Feature", "properties": { "ID": 349, "ENTIDAD": 8, "DISTRITO_F": 7, "DISTRITO_L": 14, "MUNICIPIO": 17, "SECCION": 380, "TIPO": 4, "CONTROL": 15352, "GEOMETRY1_": null }, "geometry": { "type": "MultiPolygon", "coordinates": [ [ [ [ -106.630838148303908, 28.514502247612274 ], [ -106.627969711555139, 28.514184331403772 ], [ -106.624727947306297, 28.513950733253726 ], [ -106.616748463431875, 28.513407200904663 ], [ -106.61175893257915, 28.512684729102499 ], [ -106.610507060028368, 28.511780387010312 ], [ -106.609259313890107, 28.511537696895143 ], [ -106.603026759773314, 28.511316570217524 ], [ -106.5979152972278, 28.511007661096087 ], [ -106.59623102317542, 28.51170523649667 ], [ -106.59641854548741, 28.508477794054919 ], [ -106.601498610836344, 28.506667908870348 ], [ -106.603937180249432, 28.503738576371756 ], [ -106.607429151422934, 28.503687889976444 ], [ -106.609546077590352, 28.503491748285665 ], [ -106.614144430179564, 28.50259794237855 ], [ -106.617011186233398, 28.502473437830098 ], [ -106.619751616146772, 28.502268034569429 ], [ -106.621998013406639, 28.502317862361679 ], [ -106.622987657340943, 28.501889950300288 ], [ -106.623194302654497, 28.497837481175189 ], [ -106.623439129865744, 28.493036037588094 ], [ -106.62672600602265, 28.49267408166844 ], [ -106.629574225334366, 28.491582194589078 ], [ -106.637315861890571, 28.494787961804242 ], [ -106.638573095321135, 28.496519129818417 ], [ -106.640706889533021, 28.498907946435029 ], [ -106.641828324223368, 28.498902802256996 ], [ -106.646792424167771, 28.495819672537635 ], [ -106.648513554825229, 28.493928747078503 ], [ -106.649514044336485, 28.492829516451696 ], [ -106.649633780124859, 28.492441829659132 ], [ -106.651100014800221, 28.487694159436924 ], [ -106.649949885624878, 28.483315908937715 ], [ -106.64755297703887, 28.478777997345816 ], [ -106.645045192146455, 28.476308286273007 ], [ -106.646775751727944, 28.474232561139988 ], [ -106.650983543968437, 28.469994871839937 ], [ -106.652948845785403, 28.465767534339182 ], [ -106.67300696858193, 28.466168804855219 ], [ -106.6726512151848, 28.468817203018819 ], [ -106.671550267313819, 28.471800015174853 ], [ -106.669826391785236, 28.47478580408178 ], [ -106.668595712004489, 28.477024835491275 ], [ -106.667488447408459, 28.479097849931335 ], [ -106.666505166474749, 28.481087556402706 ], [ -106.665401711601731, 28.483739500713884 ], [ -106.685649507627602, 28.493070377241327 ], [ -106.685305094317627, 28.49430199534352 ], [ -106.684676741972467, 28.496548901581686 ], [ -106.682063582961803, 28.497057946578277 ], [ -106.676830964212698, 28.497166125213941 ], [ -106.674096522458967, 28.498171858426776 ], [ -106.669976280043755, 28.496951059941683 ], [ -106.666606505117883, 28.496140097344242 ], [ -106.66425189264848, 28.49805361939109 ], [ -106.658900632193436, 28.499071473225872 ], [ -106.659570015012619, 28.506015867273501 ], [ -106.65731380287194, 28.504041491596851 ], [ -106.655810257212224, 28.50280792457303 ], [ -106.65330989589566, 28.501579004883595 ], [ -106.65019310097334, 28.50134541775483 ], [ -106.646205697479061, 28.501363915380349 ], [ -106.642190519487016, 28.502144828820548 ], [ -106.641849847750038, 28.502211083315071 ], [ -106.637381077245053, 28.504878239815483 ], [ -106.634532064947635, 28.507537911586695 ], [ -106.632798622417781, 28.509282674205174 ], [ -106.632054108451129, 28.509782301622476 ], [ -106.631577924176455, 28.513258260446218 ], [ -106.630838148303908, 28.514502247612274 ] ] ] ] } },
{ "type": "Feature", "properties": { "ID": 339, "ENTIDAD": 8, "DISTRITO_F": 7, "DISTRITO_L": 14, "MUNICIPIO": 17, "SECCION": 368, "TIPO": 4, "CONTROL": 16218, "GEOMETRY1_": null }, "geometry": { "type": "MultiPolygon", "coordinates": [ [ [ [ -106.784826664417167, 28.699841396086271 ], [ -106.778304458780141, 28.704657590625811 ], [ -106.774634521016637, 28.708436253103091 ], [ -106.769933498184926, 28.710742863439201 ], [ -106.765779072130172, 28.709320121455736 ], [ -106.763294000455446, 28.710020673617148 ], [ -106.760345385279564, 28.712464739426999 ], [ -106.756610692354897, 28.713184796713335 ], [ -106.754215951715764, 28.71223017064073 ], [ -106.754824341608639, 28.705440882962193 ], [ -106.755751480292346, 28.701953794837678 ], [ -106.757464381234882, 28.700190658579409 ], [ -106.759284495218623, 28.697889602431044 ], [ -106.761238891909642, 28.695418646705214 ], [ -106.762672359158671, 28.692254279036572 ], [ -106.761721868853513, 28.688631298323152 ], [ -106.761179010611698, 28.686572826078894 ], [ -106.760487093051722, 28.683359169792286 ], [ -106.760163054042451, 28.67980901175503 ], [ -106.759570255833424, 28.675353586508812 ], [ -106.759237665273503, 28.671390153789595 ], [ -106.759057589365796, 28.668747209877552 ], [ -106.759156624601275, 28.667505451511737 ], [ -106.758863735880723, 28.665443037941607 ], [ -106.756539882567196, 28.661841531898059 ], [ -106.754596009763645, 28.658482074137591 ], [ -106.75304138477513, 28.657553780844154 ], [ -106.75468144451024, 28.657462809898718 ], [ -106.781002956050742, 28.656323579162894 ], [ -106.781217824599736, 28.651939066909382 ], [ -106.782320498270124, 28.649368993267068 ], [ -106.78402596836618, 28.644148964823216 ], [ -106.784880944066529, 28.641828393674004 ], [ -106.784752239314102, 28.641332904767197 ], [ -106.798348098645846, 28.640841267056153 ], [ -106.798953879747415, 28.638604766402018 ], [ -106.799439556801318, 28.636947883301097 ], [ -106.798913824590329, 28.633642800211469 ], [ -106.800769077820704, 28.631647152622183 ], [ -106.801398918440839, 28.63115021407495 ], [ -106.803620239131376, 28.629397568784977 ], [ -106.805977676750345, 28.627812442329635 ], [ -106.80709231210551, 28.626813481967016 ], [ -106.807087642528501, 28.626240092797953 ], [ -106.807080863230226, 28.625407595083555 ], [ -106.803449886163804, 28.623774739076588 ], [ -106.799439459019666, 28.621482353577388 ], [ -106.795805405700904, 28.619435781688502 ], [ -106.793422813116223, 28.617878136946054 ], [ -106.792032870470365, 28.615653122715855 ], [ -106.791520725029486, 28.614001986008287 ], [ -106.790879907668867, 28.611855360811319 ], [ -106.790743961059377, 28.610450174449042 ], [ -106.792111990319313, 28.609946107679004 ], [ -106.79411489515509, 28.610844340235733 ], [ -106.796258503610673, 28.61372661768268 ], [ -106.797271645405985, 28.615622950309255 ], [ -106.79953150507707, 28.617429349515373 ], [ -106.800535392380823, 28.618167858346233 ], [ -106.804042735191771, 28.619966930617 ], [ -106.827078357604407, 28.614951209822554 ], [ -106.828308420135741, 28.612876259250392 ], [ -106.831371271047075, 28.60624161771754 ], [ -106.831976187162283, 28.604004999230284 ], [ -106.833562162926185, 28.599777591483267 ], [ -106.833662624809449, 28.596882391280431 ], [ -106.832901916897498, 28.595398335263457 ], [ -106.830766026270851, 28.593509042482623 ], [ -106.832114961000386, 28.590771726350404 ], [ -106.831728421541897, 28.589285404594833 ], [ -106.830599227382478, 28.588465172657255 ], [ -106.827844167463908, 28.587075764923068 ], [ -106.829323310702506, 28.584999317698948 ], [ -106.830436595795462, 28.583917491055917 ], [ -106.830249870891478, 28.576475345564365 ], [ -106.828730961683036, 28.573755260323974 ], [ -106.8310957662775, 28.573244843734951 ], [ -106.835569705606972, 28.571481109068337 ], [ -106.843426507874625, 28.571681495707121 ], [ -106.846324307773187, 28.572658937659508 ], [ -106.849928759924495, 28.573874623024981 ], [ -106.853054946694087, 28.574930485838806 ], [ -106.858421914832718, 28.575558854841667 ], [ -106.862162356785788, 28.575535556379442 ], [ -106.867301566814007, 28.578646047415987 ], [ -106.872042674167176, 28.582171216937791 ], [ -106.874581040789039, 28.584058428623891 ], [ -106.876222329948234, 28.586363658520387 ], [ -106.879370963534939, 28.589899784666507 ], [ -106.881760650643329, 28.592200163969462 ], [ -106.901326468757063, 28.590750447744405 ], [ -106.896887902146617, 28.582509310974942 ], [ -106.89887992585551, 28.582165542217517 ], [ -106.901634956383461, 28.583470773664715 ], [ -106.905126968970265, 28.583530602678351 ], [ -106.906743416645952, 28.583023781798097 ], [ -106.908730904502562, 28.582183696144423 ], [ -106.910346560063687, 28.581594138532136 ], [ -106.91146797522633, 28.581504031773463 ], [ -106.911661945558706, 28.61598539751261 ], [ -106.911672291755067, 28.617818954691035 ], [ -106.911731486226188, 28.628312146118557 ], [ -106.911870815855565, 28.652954153536054 ], [ -106.91281634422478, 28.688012398930407 ], [ -106.904583855950875, 28.68816963089208 ], [ -106.893373665005427, 28.688382928323708 ], [ -106.892026420783495, 28.68840849984241 ], [ -106.873005516091368, 28.68876809744064 ], [ -106.866391050498848, 28.688892519718795 ], [ -106.864655912015763, 28.690309380498029 ], [ -106.862541947813597, 28.691232399456151 ], [ -106.860175431851886, 28.691826167863095 ], [ -106.857564268724232, 28.693485728429287 ], [ -106.857288190406663, 28.694177148362861 ], [ -106.854258488281701, 28.694129560180976 ], [ -106.84944728733231, 28.694053850957886 ], [ -106.848173623597773, 28.689667978887403 ], [ -106.846526230688639, 28.68678360998825 ], [ -106.842738132148511, 28.681679438718952 ], [ -106.839064138432292, 28.680651741345663 ], [ -106.838109018490343, 28.680384553203375 ], [ -106.833622243483461, 28.681156183991483 ], [ -106.830922520856006, 28.683651298917276 ], [ -106.825791806799856, 28.685090492549843 ], [ -106.820554458730882, 28.685700809493607 ], [ -106.817309972647521, 28.685802864117324 ], [ -106.81344344642693, 28.686156634547782 ], [ -106.808457611658142, 28.687013104693317 ], [ -106.809813624216517, 28.684937553808322 ], [ -106.811422606585964, 28.683274008436729 ], [ -106.813401198716249, 28.681029340626498 ], [ -106.814888670491612, 28.679779988762942 ], [ -106.818106953666941, 28.676535470149979 ], [ -106.819807557119901, 28.670901579625315 ], [ -106.817448046558653, 28.672321574898398 ], [ -106.815350355746517, 28.675228620540516 ], [ -106.812508480931797, 28.678718957364744 ], [ -106.809693132304801, 28.680250028765318 ], [ -106.803437327175089, 28.683651762690893 ], [ -106.80033244285768, 28.685572051185016 ], [ -106.799587575362978, 28.686072605925933 ], [ -106.798115228719098, 28.689223874053166 ], [ -106.794885926636979, 28.691227472116957 ], [ -106.794322548083031, 28.6916320417638 ], [ -106.791286676445395, 28.693812050018877 ], [ -106.789341060718399, 28.698325851791843 ], [ -106.784826664417167, 28.699841396086271 ] ] ] ] } },
{ "type": "Feature", "properties": { "ID": 346, "ENTIDAD": 8, "DISTRITO_F": 7, "DISTRITO_L": 14, "MUNICIPIO": 17, "SECCION": 377, "TIPO": 4, "CONTROL": 15351, "GEOMETRY1_": null }, "geometry": { "type": "MultiPolygon", "coordinates": [ [ [ [ -106.637674829404745, 28.569390072195386 ], [ -106.636431158252947, 28.568946841611591 ], [ -106.639024826115417, 28.566075523700079 ], [ -106.641379743992005, 28.563914257462933 ], [ -106.644727098608769, 28.561003979169282 ], [ -106.647327864974756, 28.55834522513841 ], [ -106.650423350872813, 28.555105153180335 ], [ -106.65104395926312, 28.554688708016112 ], [ -106.651276311785637, 28.552123653552822 ], [ -106.649263630582823, 28.549403669022098 ], [ -106.648249968421524, 28.546927129378403 ], [ -106.648492198033082, 28.545850787407829 ], [ -106.649108395484689, 28.544772702587558 ], [ -106.651344014340239, 28.543521633757205 ], [ -106.65469761633274, 28.541686318174222 ], [ -106.657173022642411, 28.539027983922644 ], [ -106.65778854125017, 28.537867157947467 ], [ -106.656274020133864, 28.535062206642024 ], [ -106.654149551534687, 28.534245109033243 ], [ -106.649034204352219, 28.533524644981807 ], [ -106.643924870367385, 28.533713757396779 ], [ -106.639888976135538, 28.534491619591318 ], [ -106.634592521243178, 28.536237819132957 ], [ -106.630720460477434, 28.535014743751738 ], [ -106.625472113245849, 28.532970635146011 ], [ -106.62234393247526, 28.531082298319951 ], [ -106.618093053420566, 28.529033439833817 ], [ -106.6139700777087, 28.527480139401266 ], [ -106.610349884290329, 28.526586194203869 ], [ -106.606126702721554, 28.526693294883714 ], [ -106.604336785481152, 28.525355418799712 ], [ -106.602328726768008, 28.52385442209361 ], [ -106.59880586522452, 28.522334421032898 ], [ -106.595875013140372, 28.519152066847472 ], [ -106.595306242169286, 28.515522124615945 ], [ -106.59623102317542, 28.51170523649667 ], [ -106.5979152972278, 28.511007661096087 ], [ -106.603026759773314, 28.511316570217524 ], [ -106.609259313890107, 28.511537696895143 ], [ -106.610507060028368, 28.511780387010312 ], [ -106.61175893257915, 28.512684729102499 ], [ -106.616748463431875, 28.513407200904663 ], [ -106.624727947306297, 28.513950733253726 ], [ -106.627969711555139, 28.514184331403772 ], [ -106.630838148303908, 28.514502247612274 ], [ -106.631577924176455, 28.513258260446218 ], [ -106.632054108451129, 28.509782301622476 ], [ -106.632798622417781, 28.509282674205174 ], [ -106.634532064947635, 28.507537911586695 ], [ -106.637381077245053, 28.504878239815483 ], [ -106.641849847750038, 28.502211083315071 ], [ -106.642190519487016, 28.502144828820548 ], [ -106.646205697479061, 28.501363915380349 ], [ -106.65019310097334, 28.50134541775483 ], [ -106.65330989589566, 28.501579004883595 ], [ -106.655810257212224, 28.50280792457303 ], [ -106.65731380287194, 28.504041491596851 ], [ -106.659570015012619, 28.506015867273501 ], [ -106.660954017065379, 28.507994334730245 ], [ -106.662465460869342, 28.510385724696452 ], [ -106.66471300250501, 28.511036706407175 ], [ -106.667964776792331, 28.512758057122589 ], [ -106.669595465691017, 28.514321701244366 ], [ -106.67198462071552, 28.517453131054875 ], [ -106.673381408344696, 28.521250976961092 ], [ -106.674029377220009, 28.524887010644406 ], [ -106.674674572064674, 28.528109510014215 ], [ -106.674813337319705, 28.530176543396649 ], [ -106.676809824331812, 28.530497688283123 ], [ -106.680416949749784, 28.529404905641066 ], [ -106.687007215737538, 28.527139432718439 ], [ -106.69133065383798, 28.538870474994617 ], [ -106.686466758977403, 28.53905202676005 ], [ -106.685891193473438, 28.545919608363654 ], [ -106.685283412700642, 28.548155712912408 ], [ -106.682675291679004, 28.54957457394632 ], [ -106.678078746014791, 28.551912884595396 ], [ -106.674356359947168, 28.554494933173675 ], [ -106.673242264609243, 28.55565824370435 ], [ -106.669268595520293, 28.557993253198241 ], [ -106.664049115131945, 28.560499524304152 ], [ -106.661687519899843, 28.561585990396075 ], [ -106.658205987926252, 28.563008556576229 ], [ -106.655458648655113, 28.562359867673415 ], [ -106.652964542055798, 28.562288892449843 ], [ -106.649474653881882, 28.562470650314992 ], [ -106.645995633879082, 28.564306441442564 ], [ -106.641407323143099, 28.568132276908695 ], [ -106.637674829404745, 28.569390072195386 ] ] ] ] } },
{ "type": "Feature", "properties": { "ID": 340, "ENTIDAD": 8, "DISTRITO_F": 7, "DISTRITO_L": 14, "MUNICIPIO": 17, "SECCION": 369, "TIPO": 4, "CONTROL": 9743, "GEOMETRY1_": null }, "geometry": { "type": "MultiPolygon", "coordinates": [ [ [ [ -106.961759964697535, 28.757257741744422 ], [ -106.962503955935091, 28.754369343433734 ], [ -106.965493953191555, 28.74966604267911 ], [ -106.966984227414272, 28.745127220729312 ], [ -106.966980039339191, 28.743146404625087 ], [ -106.961089246584478, 28.743088173885553 ], [ -106.914009434967966, 28.742996149653063 ], [ -106.91312555376544, 28.740257142790721 ], [ -106.909118266903718, 28.739999243269295 ], [ -106.910455333676495, 28.737288022500525 ], [ -106.90796600774317, 28.736829935777735 ], [ -106.9072455069048, 28.736897546329107 ], [ -106.906366037664029, 28.737290817170667 ], [ -106.906333239571921, 28.73781848962652 ], [ -106.901815894664821, 28.73720896106741 ], [ -106.901705440130257, 28.737103486973407 ], [ -106.901671466684064, 28.735984398664304 ], [ -106.901501495866512, 28.735894216728447 ], [ -106.90103949016752, 28.735989263114369 ], [ -106.900690845901778, 28.736135743084386 ], [ -106.900343225180848, 28.73630311719176 ], [ -106.899889929587715, 28.736749489510981 ], [ -106.900104007538033, 28.737190197219046 ], [ -106.900481546590783, 28.737605649702967 ], [ -106.899814186307822, 28.738946148522178 ], [ -106.895732370555464, 28.738479792088839 ], [ -106.891232371195997, 28.737980476976702 ], [ -106.888232727739336, 28.737895132316471 ], [ -106.885735544739589, 28.739708559964747 ], [ -106.880364573180927, 28.742261926391798 ], [ -106.876867653369032, 28.744404343794631 ], [ -106.873493659770787, 28.744978594419585 ], [ -106.871118953709995, 28.745058610433944 ], [ -106.868369271125843, 28.745138176326751 ], [ -106.863869621476965, 28.74513319266272 ], [ -106.862119571329032, 28.744966138088486 ], [ -106.861975859222582, 28.74494643910408 ], [ -106.86098515711474, 28.743847312389654 ], [ -106.858490662457768, 28.741082673918957 ], [ -106.857614083910136, 28.739513424905198 ], [ -106.860113672894002, 28.739433795908681 ], [ -106.864235799495233, 28.737375045077563 ], [ -106.866608536009508, 28.735726937062147 ], [ -106.868481482320234, 28.734243319706771 ], [ -106.871227920404337, 28.731687630540879 ], [ -106.87597263299925, 28.728226074383304 ], [ -106.878344143380559, 28.725917475330935 ], [ -106.878091929388688, 28.724101390678385 ], [ -106.875092170193142, 28.723603046365259 ], [ -106.87384202720817, 28.723189038306508 ], [ -106.871340983345405, 28.721700682657552 ], [ -106.869336955868931, 28.717736684339322 ], [ -106.867584131164833, 28.714763382797713 ], [ -106.867207566576354, 28.71327727896065 ], [ -106.865579272568027, 28.709808852971644 ], [ -106.863953659675531, 28.708651474984315 ], [ -106.861702005028775, 28.706255277276394 ], [ -106.85945115825433, 28.704519345097609 ], [ -106.857575552262944, 28.703113972711979 ], [ -106.853251182036445, 28.699477907255133 ], [ -106.853684869574209, 28.699244290896893 ], [ -106.85387246821918, 28.699143235580053 ], [ -106.854492208982109, 28.698667039104411 ], [ -106.854740546803839, 28.698476219308375 ], [ -106.855475920700499, 28.696900316374293 ], [ -106.857288190406663, 28.694177148362861 ], [ -106.857564268724232, 28.693485728429287 ], [ -106.860175431851886, 28.691826167863095 ], [ -106.862541947813597, 28.691232399456151 ], [ -106.864655912015763, 28.690309380498029 ], [ -106.866391050498848, 28.688892519718795 ], [ -106.873005516091368, 28.68876809744064 ], [ -106.892026420783495, 28.68840849984241 ], [ -106.893373665005427, 28.688382928323708 ], [ -106.904583855950875, 28.688169630891998 ], [ -106.91281634422478, 28.688012398930407 ], [ -106.911870815855565, 28.652954153536054 ], [ -106.932453816672805, 28.652402438796486 ], [ -106.933323320554123, 28.65198303661159 ], [ -106.934431504549465, 28.650404220727424 ], [ -106.937910933016582, 28.648891920681439 ], [ -106.942641772897019, 28.64778444378415 ], [ -106.944758804402952, 28.64735640180092 ], [ -106.947993947876554, 28.646424421886952 ], [ -106.948735434265728, 28.645675014735538 ], [ -106.947609467328988, 28.645351995067379 ], [ -106.946360316217081, 28.645195211753098 ], [ -106.945944986318537, 28.643716071118657 ], [ -106.945456473652825, 28.641976191703407 ], [ -106.946940199032753, 28.640560095107759 ], [ -106.947414114245888, 28.637910472587002 ], [ -106.946392619135494, 28.635436553486272 ], [ -106.947110534918096, 28.632206359374738 ], [ -106.948468581959233, 28.630708418119998 ], [ -106.951564281176118, 28.628288761347033 ], [ -106.954902992299338, 28.625205763067903 ], [ -106.956869476591933, 28.622132246367713 ], [ -106.96034129276191, 28.619957881965934 ], [ -106.960429530798436, 28.616153139380991 ], [ -106.982877076253999, 28.615746424354807 ], [ -106.983495813954221, 28.615245813542874 ], [ -106.985342241803679, 28.612751663996999 ], [ -106.990182538382641, 28.610318664417782 ], [ -106.996524880527787, 28.608453505146599 ], [ -107.002487076497928, 28.606011949772274 ], [ -107.005341290412801, 28.604585262746252 ], [ -107.011044487192308, 28.601235574307257 ], [ -107.013106193544928, 28.605653581827887 ], [ -107.01756109442006, 28.61519845747409 ], [ -107.019968337513347, 28.620355268015707 ], [ -107.022208315643397, 28.619842440145199 ], [ -107.023947693946553, 28.619167915845892 ], [ -107.027682588640559, 28.618478456302544 ], [ -107.033425705192442, 28.6190142419658 ], [ -107.038075413780177, 28.622369706481138 ], [ -107.041207246223578, 28.62366912607142 ], [ -107.047201854973935, 28.624367795206823 ], [ -107.049831479613303, 28.625340056097819 ], [ -107.051729218667262, 28.627889082900957 ], [ -107.050752125183678, 28.629881252556025 ], [ -107.051766435011103, 28.631444692083676 ], [ -107.083920080619762, 28.628630926617092 ], [ -107.084181120708365, 28.629703887485054 ], [ -107.082203219855458, 28.631373387498289 ], [ -107.079467973453461, 28.632221880628826 ], [ -107.07661237082273, 28.633484736600831 ], [ -107.072005966547209, 28.634347756651234 ], [ -107.068655649488434, 28.636027789137302 ], [ -107.066301397188454, 28.637534613817149 ], [ -107.064076197921295, 28.639453872464077 ], [ -107.061729667725118, 28.641704815922481 ], [ -107.058507178807417, 28.643714402333966 ], [ -107.053535439091476, 28.645489282830958 ], [ -107.052056623707372, 28.647237231998648 ], [ -107.057082459370861, 28.650589064290461 ], [ -107.059847196064638, 28.652469694437542 ], [ -107.061869587197478, 28.654934879404401 ], [ -107.062884322265703, 28.656498209425269 ], [ -107.066047333397805, 28.660608358800253 ], [ -107.070347669565535, 28.666032644623261 ], [ -107.072742256687661, 28.668246648409006 ], [ -107.072900318523793, 28.668982541422587 ], [ -107.072981019495202, 28.669358258542662 ], [ -107.07125199772257, 28.668919868378758 ], [ -107.066774063665022, 28.670277936081128 ], [ -107.061542936654703, 28.671228229689209 ], [ -107.058281159197293, 28.669599587259484 ], [ -107.051522225010487, 28.667666976311729 ], [ -107.047420978039767, 28.669269604154366 ], [ -107.046055305543106, 28.669941601090954 ], [ -107.045564812849875, 28.670772296245282 ], [ -107.044700826591978, 28.671688534531818 ], [ -107.044344584498717, 28.673427846545216 ], [ -107.043975401346103, 28.673926831598539 ], [ -107.042108778491766, 28.674437220160449 ], [ -107.040249009459188, 28.675609092461581 ], [ -107.038768715223171, 28.677274233173208 ], [ -107.038925263819507, 28.680332764439708 ], [ -107.038576629888041, 28.682816262597701 ], [ -107.036826905787692, 28.68258144224675 ], [ -107.037044788876742, 28.679520071181706 ], [ -107.035274591128356, 28.677300697486363 ], [ -107.033271114925668, 28.676654268440664 ], [ -107.030512966410086, 28.675434621842761 ], [ -107.026248951720234, 28.673399252029807 ], [ -107.022733800632253, 28.671358151256754 ], [ -107.017373962552966, 28.671976932542723 ], [ -107.014056190907965, 28.67392468797517 ], [ -107.011667298282219, 28.67532703622669 ], [ -107.012315527711564, 28.677720431901143 ], [ -107.00972078391797, 28.680303164670477 ], [ -107.005878757434758, 28.682977716532662 ], [ -107.001788587132751, 28.685819374919078 ], [ -106.999933109326605, 28.687486865061032 ], [ -106.997956899719398, 28.689568693842403 ], [ -106.996032206289499, 28.694247463405961 ], [ -106.993691597515209, 28.699936776567455 ], [ -106.994784986279726, 28.71533996773374 ], [ -106.975044074612128, 28.715747859648292 ], [ -106.975204829061326, 28.732172147590834 ], [ -106.996929696209733, 28.731819827941671 ], [ -107.005320864698191, 28.731682810512904 ], [ -107.005447872448727, 28.73250814691681 ], [ -107.003452243167771, 28.734076088988992 ], [ -107.002206180124546, 28.735561551921034 ], [ -107.00221162943383, 28.737789934366074 ], [ -107.000963095863909, 28.738284995628405 ], [ -107.000344639420931, 28.740925971110887 ], [ -107.000268375254024, 28.741524742931642 ], [ -106.999976718976711, 28.743814571947361 ], [ -106.99935841376481, 28.746538076404512 ], [ -106.996993227786362, 28.750499341871361 ], [ -106.994877267417337, 28.754213011910654 ], [ -106.990506736178276, 28.75602800955814 ], [ -106.987879514166423, 28.755037111111641 ], [ -106.983504487579637, 28.754953625803086 ], [ -106.979127982300724, 28.754209731182037 ], [ -106.97600256418383, 28.753961261252169 ], [ -106.972878413886747, 28.754290453849077 ], [ -106.970254045088382, 28.754537208346314 ], [ -106.966381619669903, 28.755691340163978 ], [ -106.961759964697535, 28.757257741744422 ] ] ] ] } },
{ "type": "Feature", "properties": { "ID": 341, "ENTIDAD": 8, "DISTRITO_F": 7, "DISTRITO_L": 14, "MUNICIPIO": 17, "SECCION": 370, "TIPO": 4, "CONTROL": 15348, "GEOMETRY1_": null }, "geometry": { "type": "MultiPolygon", "coordinates": [ [ [ [ -107.169157200241102, 28.556650585043876 ], [ -107.170083078215114, 28.56127345712023 ], [ -107.17098422385159, 28.563746541015373 ], [ -107.17302351965138, 28.567615668938995 ], [ -107.176081318794687, 28.573295259341752 ], [ -107.177521717022671, 28.579236707178925 ], [ -107.177596685770354, 28.58568598921179 ], [ -107.17702618477513, 28.590238901040191 ], [ -107.175709473485341, 28.594963585104832 ], [ -107.175254912880391, 28.598771275549328 ], [ -107.17701111420682, 28.599665830008107 ], [ -107.181485406186184, 28.598387020804481 ], [ -107.18333733545515, 28.596799938036078 ], [ -107.18451638009212, 28.595201226548198 ], [ -107.186528741162846, 28.592472460749214 ], [ -107.191316344625079, 28.586063808206074 ], [ -107.19464737414954, 28.583058003981389 ], [ -107.198736948821576, 28.580955103907989 ], [ -107.203323039777132, 28.578682357387802 ], [ -107.207123590333737, 28.573274135820448 ], [ -107.209947275061495, 28.569610923338317 ], [ -107.21280830286554, 28.569089558609861 ], [ -107.221511567696894, 28.577529514490905 ], [ -107.221831210057687, 28.578242688761069 ], [ -107.223689591796855, 28.582388817084947 ], [ -107.223386396877089, 28.588262484579044 ], [ -107.224197308538407, 28.5934646971699 ], [ -107.223419372775808, 28.601327139939425 ], [ -107.224143710888924, 28.609672308099544 ], [ -107.224942895600236, 28.613882325610806 ], [ -107.224758510350881, 28.619258775577588 ], [ -107.224929250981788, 28.623060953400334 ], [ -107.225739625944513, 28.628180432866092 ], [ -107.225703315045692, 28.630330674303849 ], [ -107.225667005783407, 28.632480915182551 ], [ -107.217657569480934, 28.640655909480849 ], [ -107.212608983922564, 28.646158217598028 ], [ -107.210951754502361, 28.648405503315868 ], [ -107.209294456296419, 28.650652771930901 ], [ -107.207146927809362, 28.658857990958655 ], [ -107.20457444035597, 28.662849763036412 ], [ -107.194700346835631, 28.671949549492098 ], [ -107.19610621392016, 28.67474870776655 ], [ -107.189351714867968, 28.673401907032758 ], [ -107.185987664619915, 28.673844578293746 ], [ -107.184114088570269, 28.673695436495976 ], [ -107.178721640697319, 28.671426699082467 ], [ -107.173478272459633, 28.671223719738492 ], [ -107.169739875063911, 28.671669198222443 ], [ -107.158391108001027, 28.672261933756424 ], [ -107.155543108981647, 28.674187920427872 ], [ -107.152466286614867, 28.677934986341494 ], [ -107.147753796494825, 28.680538052327719 ], [ -107.137697576131998, 28.68517013322478 ], [ -107.127650649212228, 28.690711037148908 ], [ -107.120120410912676, 28.691495891188836 ], [ -107.113723065295659, 28.692162330815577 ], [ -107.09922597625183, 28.693671412595485 ], [ -107.09804658287527, 28.688553927507403 ], [ -107.076945592360303, 28.687812089207902 ], [ -107.077653486788378, 28.684002602931226 ], [ -107.077952566290023, 28.682374566640831 ], [ -107.078125096416542, 28.681435381462041 ], [ -107.078002450003794, 28.679800389007905 ], [ -107.077833729853097, 28.677551069441744 ], [ -107.077402155676268, 28.676338455508528 ], [ -107.076590879229244, 28.674058886850698 ], [ -107.076160907558048, 28.672850682664709 ], [ -107.074004190596582, 28.669559860524632 ], [ -107.072981019495202, 28.669358258542662 ], [ -107.072900318523793, 28.668982541422587 ], [ -107.072742256687661, 28.668246648409006 ], [ -107.070347669565535, 28.666032644623353 ], [ -107.066047333397805, 28.660608358800253 ], [ -107.062884322265703, 28.656498209425269 ], [ -107.061869587197478, 28.654934879404401 ], [ -107.059847196064638, 28.652469694437542 ], [ -107.057082459370861, 28.650589064290461 ], [ -107.052056623707372, 28.647237231998648 ], [ -107.053535439091476, 28.645489282830958 ], [ -107.058507178807417, 28.643714402333966 ], [ -107.061729667725118, 28.641704815922481 ], [ -107.064076197921295, 28.639453872464077 ], [ -107.066301397188454, 28.637534613817149 ], [ -107.068655649488434, 28.636027789137302 ], [ -107.072005966547209, 28.634347756651326 ], [ -107.07661237082273, 28.633484736600831 ], [ -107.079467973453461, 28.632221880628826 ], [ -107.082203219855458, 28.631373387498289 ], [ -107.084181120708365, 28.629703887485054 ], [ -107.083920080619762, 28.628630926617092 ], [ -107.086133082144798, 28.625636438226831 ], [ -107.0913482442581, 28.623445014774738 ], [ -107.097354737427125, 28.625216372288705 ], [ -107.102459374016831, 28.624348512282751 ], [ -107.106044564696745, 28.6214253855725 ], [ -107.109486639401979, 28.616849461506792 ], [ -107.111568483630222, 28.613359495657356 ], [ -107.112783645845212, 28.610455383558389 ], [ -107.113219515656397, 28.604746009020143 ], [ -107.112787071141938, 28.599457135360922 ], [ -107.11225277146886, 28.596236417076756 ], [ -107.114193057379453, 28.591259086686755 ], [ -107.116143221016998, 28.587191281323122 ], [ -107.117345204600355, 28.583129535840964 ], [ -107.119194244718258, 28.581212545336506 ], [ -107.121296222670225, 28.579624242915717 ], [ -107.123861890561557, 28.574889775081949 ], [ -107.126684939129049, 28.57089739736713 ], [ -107.129535460312795, 28.569385538789362 ], [ -107.132635205349601, 28.567871571582621 ], [ -107.133973987326485, 28.564966283399663 ], [ -107.136303382696894, 28.561473954939856 ], [ -107.139775798254675, 28.559874066578676 ], [ -107.14202125359455, 28.560020832697528 ], [ -107.146491596799635, 28.558495184484787 ], [ -107.15108925864287, 28.557216406940256 ], [ -107.153820047153303, 28.55620122365001 ], [ -107.156677303566212, 28.555350309255822 ], [ -107.161267111564101, 28.553409725846219 ], [ -107.164492430175471, 28.552059393076348 ], [ -107.173957816924087, 28.551400116774516 ], [ -107.169157200241102, 28.556650585043876 ] ] ] ] } },
{ "type": "Feature", "properties": { "ID": 347, "ENTIDAD": 8, "DISTRITO_F": 7, "DISTRITO_L": 14, "MUNICIPIO": 17, "SECCION": 378, "TIPO": 4, "CONTROL": 16209, "GEOMETRY1_": null }, "geometry": { "type": "MultiPolygon", "coordinates": [ [ [ [ -106.804042735191771, 28.619966930617 ], [ -106.800535392380823, 28.618167858346233 ], [ -106.79953150507707, 28.617429349515373 ], [ -106.797271645405985, 28.615622950309255 ], [ -106.796258503610673, 28.61372661768268 ], [ -106.79411489515509, 28.610844340235733 ], [ -106.792111990319313, 28.609946107679004 ], [ -106.790743961059377, 28.610450174449042 ], [ -106.789618124396867, 28.610043099905372 ], [ -106.785461502249717, 28.604939162291185 ], [ -106.784083031407206, 28.604119954382217 ], [ -106.782326507616844, 28.60280664818546 ], [ -106.779817170139012, 28.600918638820428 ], [ -106.777708678482085, 28.602419202098933 ], [ -106.775710596873708, 28.602099618045223 ], [ -106.772844665540575, 28.602446496949831 ], [ -106.772098525014471, 28.602659454802385 ], [ -106.770480162371712, 28.603121338930734 ], [ -106.76661449838366, 28.603225545134123 ], [ -106.765052172398356, 28.602596331051007 ], [ -106.762360641629655, 28.60151227779459 ], [ -106.759105915212714, 28.599958798189416 ], [ -106.75636088977609, 28.59980843430413 ], [ -106.752492792959188, 28.59958142628982 ], [ -106.750620164799471, 28.599343489438979 ], [ -106.749243273412404, 28.598689315077756 ], [ -106.74636545059731, 28.597464297011147 ], [ -106.743986543160261, 28.59623653259084 ], [ -106.741735504450531, 28.595421566089232 ], [ -106.739232601718186, 28.594277084337723 ], [ -106.738728812443938, 28.593618130157537 ], [ -106.738095996295641, 28.59238092261543 ], [ -106.736209346136505, 28.590240623724618 ], [ -106.735319172408012, 28.587929594280759 ], [ -106.735053159012608, 28.585697950517996 ], [ -106.734044496839886, 28.584214596300075 ], [ -106.73341302396905, 28.583142765713429 ], [ -106.73302789166182, 28.58165609844734 ], [ -106.732143993342959, 28.580172066426837 ], [ -106.730506464085565, 28.57794764893697 ], [ -106.726879446278602, 28.57647801306975 ], [ -106.721880946549248, 28.575015425360004 ], [ -106.717622291173655, 28.572390929956889 ], [ -106.715603948774685, 28.569175805204409 ], [ -106.712705226404154, 28.564889982542862 ], [ -106.711923031247125, 28.562703905230208 ], [ -106.711051091844283, 28.560266889240086 ], [ -106.710026385780921, 28.556467619104062 ], [ -106.709001167402278, 28.552585632121993 ], [ -106.708969152223531, 28.548119618538344 ], [ -106.706564020862572, 28.543004030033973 ], [ -106.704293786293235, 28.539293726663583 ], [ -106.696685588359344, 28.538670392560068 ], [ -106.69133065383798, 28.538870474994617 ], [ -106.687007215737538, 28.527139432718439 ], [ -106.680416949749784, 28.529404905641066 ], [ -106.676809824331812, 28.530497688283123 ], [ -106.674813337319705, 28.530176543396649 ], [ -106.674674572064674, 28.528109510014215 ], [ -106.674029377220009, 28.524887010644406 ], [ -106.673381408344696, 28.521250976961092 ], [ -106.67198462071552, 28.517453131054875 ], [ -106.669595465691017, 28.514321701244366 ], [ -106.667964776792331, 28.512758057122589 ], [ -106.66471300250501, 28.511036706407175 ], [ -106.662465460869342, 28.510385724696452 ], [ -106.660954017065379, 28.507994334730245 ], [ -106.659570015012619, 28.506015867273501 ], [ -106.699932846894527, 28.508253613159813 ], [ -106.703451462824603, 28.508448113232046 ], [ -106.707531214550997, 28.503878542026541 ], [ -106.710404252724217, 28.504856415599679 ], [ -106.712406864865841, 28.506086801966397 ], [ -106.714157329160159, 28.506904913144957 ], [ -106.718394636802174, 28.506965831314467 ], [ -106.7226217184798, 28.505620649736471 ], [ -106.724502883281119, 28.507265016852138 ], [ -106.725376957342462, 28.507508587284153 ], [ -106.726381084278998, 28.508495836060874 ], [ -106.728001018980308, 28.508487374927412 ], [ -106.731512618670322, 28.511529117736625 ], [ -106.731255482746406, 28.510455280979276 ], [ -106.730247040513035, 28.508889145838225 ], [ -106.728230248083221, 28.505756848181335 ], [ -106.730970994235733, 28.505659780127313 ], [ -106.730716311762706, 28.504916755283912 ], [ -106.73170342528968, 28.503588262151656 ], [ -106.733816818206918, 28.50291548641075 ], [ -106.734198561940687, 28.50398866212624 ], [ -106.733458860464978, 28.505067748779837 ], [ -106.73284253291375, 28.505980768884278 ], [ -106.732350194219478, 28.50681042750232 ], [ -106.73235263023345, 28.507141241826986 ], [ -106.735221679460594, 28.50753965192445 ], [ -106.737466933772751, 28.508473151516604 ], [ -106.73934667003347, 28.509254639163153 ], [ -106.742469335987025, 28.510230490217062 ], [ -106.744841286072059, 28.510796756751773 ], [ -106.748835088587526, 28.511602377906883 ], [ -106.752703706937794, 28.512325850634948 ], [ -106.756443361529037, 28.512470970674016 ], [ -106.759936948018137, 28.51303086192673 ], [ -106.763184504975996, 28.514005541647027 ], [ -106.764697651627813, 28.516312985955498 ], [ -106.766083066589758, 28.518207586173578 ], [ -106.767597614149736, 28.520680395473484 ], [ -106.768108218406354, 28.522248978746852 ], [ -106.770231303587209, 28.522816160918747 ], [ -106.770481192559444, 28.522897480435923 ], [ -106.77161306290327, 28.524214483699073 ], [ -106.774119721956708, 28.52602005067348 ], [ -106.77556611702046, 28.526835768728763 ], [ -106.777750073867722, 28.528067392246676 ], [ -106.780373139612308, 28.528797016722304 ], [ -106.784005652761309, 28.531092284460794 ], [ -106.786014137088088, 28.532900429461883 ], [ -106.787901975046225, 28.535205455666841 ], [ -106.787793680406565, 28.537273690266247 ], [ -106.788841877547867, 28.543718699111317 ], [ -106.791600565299916, 28.545770588064581 ], [ -106.802631713464237, 28.553398627117978 ], [ -106.803272343511992, 28.555545219565122 ], [ -106.806632839878148, 28.554864052339234 ], [ -106.810522861392528, 28.557984082317656 ], [ -106.81327828309756, 28.559539291943544 ], [ -106.815285781380766, 28.561098850480789 ], [ -106.817050102758017, 28.563404145034021 ], [ -106.818926942766623, 28.564220083802635 ], [ -106.822053252520689, 28.565359389315869 ], [ -106.823060868793419, 28.566593947756363 ], [ -106.825082334655249, 28.569807330885769 ], [ -106.826350358281118, 28.572363557936356 ], [ -106.828730961683036, 28.573755260323974 ], [ -106.830249870891478, 28.576475345564365 ], [ -106.830436595795462, 28.583917491055917 ], [ -106.829323310702506, 28.584999317698948 ], [ -106.827844167463908, 28.587075764923068 ], [ -106.830599227382478, 28.588465172657255 ], [ -106.831728421541897, 28.589285404594833 ], [ -106.832114961000386, 28.590771726350404 ], [ -106.830766026270851, 28.593509042482623 ], [ -106.832901916897498, 28.595398335263457 ], [ -106.833662624809449, 28.596882391280431 ], [ -106.833562162926185, 28.599777591483267 ], [ -106.831976187162283, 28.604004999230284 ], [ -106.831371271047075, 28.60624161771754 ], [ -106.828308420135741, 28.612876259250392 ], [ -106.827078357604407, 28.614951209822554 ], [ -106.804042735191771, 28.619966930617 ] ] ] ] } },
{ "type": "Feature", "properties": { "ID": 348, "ENTIDAD": 8, "DISTRITO_F": 7, "DISTRITO_L": 14, "MUNICIPIO": 17, "SECCION": 379, "TIPO": 4, "CONTROL": 15354, "GEOMETRY1_": null }, "geometry": { "type": "MultiPolygon", "coordinates": [ [ [ [ -106.803272343511992, 28.555545219565122 ], [ -106.802631713464237, 28.553398627117978 ], [ -106.791600565299916, 28.545770588064581 ], [ -106.788841877547867, 28.543718699111317 ], [ -106.787793680406565, 28.537273690266247 ], [ -106.787901975046225, 28.535205455666841 ], [ -106.786014137088088, 28.532900429461883 ], [ -106.784005652761309, 28.531092284460794 ], [ -106.780373139612308, 28.528797016722304 ], [ -106.777750073867722, 28.528067392246676 ], [ -106.77556611702046, 28.526835768728763 ], [ -106.774119721956708, 28.52602005067348 ], [ -106.77161306290327, 28.524214483699073 ], [ -106.770481192559444, 28.522897480435923 ], [ -106.770231303587209, 28.522816160918747 ], [ -106.768108218406354, 28.522248978746852 ], [ -106.767597614149736, 28.520680395473484 ], [ -106.766083066589758, 28.518207586173578 ], [ -106.764697651627813, 28.516312985955498 ], [ -106.763184504975996, 28.514005541647027 ], [ -106.759936948018137, 28.51303086192673 ], [ -106.756443361529037, 28.512470970674016 ], [ -106.752703706937794, 28.512325850634948 ], [ -106.748835088587526, 28.511602377906883 ], [ -106.744841286072059, 28.510796756751773 ], [ -106.742469335987025, 28.510230490217062 ], [ -106.73934667003347, 28.509254639163153 ], [ -106.737466933772751, 28.508473151516604 ], [ -106.735221679460594, 28.50753965192445 ], [ -106.73235263023345, 28.507141241826986 ], [ -106.732350194219478, 28.50681042750232 ], [ -106.73284253291375, 28.505980768884278 ], [ -106.733458860464978, 28.505067748779837 ], [ -106.734198561940687, 28.50398866212624 ], [ -106.733816818206918, 28.50291548641075 ], [ -106.73170342528968, 28.503588262151656 ], [ -106.730716311762706, 28.504916755283912 ], [ -106.730970994235733, 28.505659780127313 ], [ -106.728230248083221, 28.505756848181335 ], [ -106.730247040513035, 28.508889145838225 ], [ -106.731255482746406, 28.510455280979276 ], [ -106.731512618670322, 28.511529117736625 ], [ -106.728001018980308, 28.508487374927412 ], [ -106.726381084278998, 28.508495836060874 ], [ -106.725376957342462, 28.507508587284153 ], [ -106.724502883281119, 28.507265016852138 ], [ -106.7226217184798, 28.505620649736471 ], [ -106.718394636802174, 28.506965831314467 ], [ -106.714157329160159, 28.506904913144957 ], [ -106.712406864865841, 28.506086801966397 ], [ -106.710404252724217, 28.504856415599679 ], [ -106.707531214550997, 28.503878542026541 ], [ -106.703451462824603, 28.508448113232046 ], [ -106.699932846894527, 28.508253613159813 ], [ -106.659570015012619, 28.506015867273501 ], [ -106.658900632193436, 28.499071473225872 ], [ -106.66425189264848, 28.49805361939109 ], [ -106.666606505117883, 28.496140097344242 ], [ -106.669976280043755, 28.496951059941683 ], [ -106.674096522458967, 28.498171858426776 ], [ -106.676830964212698, 28.497166125213941 ], [ -106.682063582961803, 28.497057946578277 ], [ -106.684676741972467, 28.496548901581686 ], [ -106.685305094317627, 28.49430199534352 ], [ -106.685649507627602, 28.493070377241327 ], [ -106.665401711601731, 28.483739500713884 ], [ -106.666505166474749, 28.481087556402706 ], [ -106.667488447408459, 28.479097849931335 ], [ -106.668595712004489, 28.477024835491275 ], [ -106.669826391785236, 28.47478580408178 ], [ -106.671550267313819, 28.471800015174853 ], [ -106.6726512151848, 28.468817203018819 ], [ -106.67300696858193, 28.466168804855219 ], [ -106.692681600545924, 28.4651629665949 ], [ -106.693187916764018, 28.466318375268489 ], [ -106.693824579359045, 28.468300218304723 ], [ -106.695708097822404, 28.470441272615634 ], [ -106.69747350510363, 28.473492677175525 ], [ -106.698860061626931, 28.475801576549969 ], [ -106.700363099804022, 28.476951961746618 ], [ -106.701869673393375, 28.47859855921557 ], [ -106.703008407010671, 28.481074069962482 ], [ -106.704140752133, 28.482639813727054 ], [ -106.705655687134183, 28.485444230062665 ], [ -106.70754329100339, 28.488081320535667 ], [ -106.710805034241858, 28.491207630043647 ], [ -106.712806791124677, 28.492355319232409 ], [ -106.715176421408898, 28.492674016127797 ], [ -106.716795526506672, 28.49258299464795 ], [ -106.727630061401172, 28.485197548388275 ], [ -106.727963172514052, 28.484970451281402 ], [ -106.730793191057245, 28.488066397875524 ], [ -106.737094253492572, 28.494958653132418 ], [ -106.744205022278322, 28.495109785752732 ], [ -106.748158792320737, 28.494694889128127 ], [ -106.75666386244859, 28.493085877371119 ], [ -106.758415601101305, 28.492676977429994 ], [ -106.762650494162131, 28.491752162960044 ], [ -106.768741533833094, 28.491230839815984 ], [ -106.772084945328416, 28.488565748589838 ], [ -106.774083419046676, 28.489216295378931 ], [ -106.773606851126203, 28.49203093974571 ], [ -106.776349720144495, 28.492263781604734 ], [ -106.779300509179393, 28.487202246974427 ], [ -106.784283795549413, 28.487174253969435 ], [ -106.78530707613497, 28.49055940435197 ], [ -106.786934632695321, 28.490932687055743 ], [ -106.788935720644375, 28.492523800116395 ], [ -106.792523934481579, 28.490223445864338 ], [ -106.794142153609243, 28.489185965807415 ], [ -106.795888956297347, 28.489506802306241 ], [ -106.799995599204991, 28.488904307470484 ], [ -106.804719783146012, 28.487636479747255 ], [ -106.807210741479054, 28.487539338730922 ], [ -106.811573752605, 28.48784476153153 ], [ -106.816315912858599, 28.488809452941396 ], [ -106.820186070111845, 28.48977912366119 ], [ -106.823173341561954, 28.489430646195178 ], [ -106.825902572702887, 28.488008483596232 ], [ -106.827901319861553, 28.488658224297193 ], [ -106.828663837473968, 28.490473168677905 ], [ -106.827423463656245, 28.491142192729033 ], [ -106.826313792529092, 28.492554765647654 ], [ -106.825078824213747, 28.493885370433432 ], [ -106.823595326645233, 28.495300142654088 ], [ -106.822109754160707, 28.496466799727393 ], [ -106.820362098757087, 28.496063609287699 ], [ -106.818728232911397, 28.49433645660962 ], [ -106.815983245753188, 28.493856375793651 ], [ -106.812871229053911, 28.494205430436033 ], [ -106.812251639669981, 28.494622575369764 ], [ -106.812186783761163, 28.501823072607003 ], [ -106.812156253525544, 28.505213384371764 ], [ -106.812120545231423, 28.509179319920015 ], [ -106.861708877790335, 28.508384018358313 ], [ -106.861107863977921, 28.510951538543793 ], [ -106.857404338787518, 28.515026929286279 ], [ -106.85480796646948, 28.517441346801348 ], [ -106.851834815569731, 28.519527222632803 ], [ -106.847377315475555, 28.522945369171651 ], [ -106.844283421358256, 28.525528047264 ], [ -106.842226076875761, 28.527967348514512 ], [ -106.841198411682342, 28.529185747851269 ], [ -106.83984624416378, 28.531426936965367 ], [ -106.838750916014732, 28.534576295059743 ], [ -106.837019183809957, 28.536158130960217 ], [ -106.83517312456442, 28.538981185283568 ], [ -106.83395018611219, 28.541800466420757 ], [ -106.834718077259794, 28.544194234612064 ], [ -106.812030342356891, 28.544080997156609 ], [ -106.810048745042835, 28.545663973125261 ], [ -106.809193646203823, 28.547819274457169 ], [ -106.809328366027643, 28.549059047148901 ], [ -106.809089796696043, 28.550383704526503 ], [ -106.808727907696493, 28.551874489603623 ], [ -106.807993375193334, 28.553532856571511 ], [ -106.806632839878148, 28.554864052339234 ], [ -106.803272343511992, 28.555545219565122 ] ] ] ] } },
{ "type": "Feature", "properties": { "ID": 342, "ENTIDAD": 8, "DISTRITO_F": 7, "DISTRITO_L": 14, "MUNICIPIO": 17, "SECCION": 373, "TIPO": 4, "CONTROL": 9683, "GEOMETRY1_": null }, "geometry": { "type": "MultiPolygon", "coordinates": [ [ [ [ -107.084540810355861, 28.434688038547151 ], [ -107.084297388614544, 28.436261169739232 ], [ -107.083804969545966, 28.437918892183887 ], [ -107.083317164375629, 28.440817062283124 ], [ -107.082702523101403, 28.443137301563006 ], [ -107.082090936873385, 28.446284504612219 ], [ -107.082349810341753, 28.448846204957675 ], [ -107.08173603660515, 28.451414530468316 ], [ -107.081996771893301, 28.454472408453682 ], [ -107.081876108685009, 28.455548409565854 ], [ -107.082380966579464, 28.457198550840381 ], [ -107.083264199932401, 28.460003594307246 ], [ -107.084772436428352, 28.463217362183745 ], [ -107.085902975463739, 28.465441606591423 ], [ -107.087158562403232, 28.467747582292287 ], [ -107.088665467923107, 28.470547811486313 ], [ -107.089674952163293, 28.473682623287324 ], [ -107.091558003895727, 28.476976119172072 ], [ -107.092686939686246, 28.478704113259081 ], [ -107.094564110448232, 28.480426338322811 ], [ -107.097070315865238, 28.483549547554002 ], [ -107.098452699273977, 28.486267903638634 ], [ -107.097714777982048, 28.488919938350115 ], [ -107.097480187345525, 28.492725853397637 ], [ -107.098367082403499, 28.496275006266774 ], [ -107.099625289701237, 28.499076994874464 ], [ -107.100522208923593, 28.500221370188601 ], [ -107.112074228130183, 28.511890014823802 ], [ -107.113336441777832, 28.513368335198457 ], [ -107.113842062920227, 28.514025809073139 ], [ -107.117632605740866, 28.518791417040731 ], [ -107.122575100185387, 28.526276426248241 ], [ -107.125085545817655, 28.527909837236383 ], [ -107.126592560902708, 28.52873572959539 ], [ -107.152296844728397, 28.542817787106738 ], [ -107.157917134626473, 28.543845637240977 ], [ -107.16239222506448, 28.542815616806553 ], [ -107.16875080467166, 28.543009856590558 ], [ -107.172034672186854, 28.544860644139153 ], [ -107.172731988698132, 28.545221220446138 ], [ -107.172785345815157, 28.545251939043506 ], [ -107.175399783644693, 28.546757066053026 ], [ -107.173957816924087, 28.551400116774516 ], [ -107.164492430175471, 28.552059393076348 ], [ -107.161267111564101, 28.553409725846219 ], [ -107.156677303566212, 28.555350309255822 ], [ -107.153820047153303, 28.55620122365001 ], [ -107.15108925864287, 28.557216406940256 ], [ -107.146491596799635, 28.558495184484787 ], [ -107.14202125359455, 28.560020832697528 ], [ -107.139775798254675, 28.559874066578676 ], [ -107.136303382696894, 28.561473954939856 ], [ -107.133973987326485, 28.564966283399663 ], [ -107.132635205349601, 28.567871571582621 ], [ -107.129535460312795, 28.569385538789362 ], [ -107.126684939129049, 28.57089739736713 ], [ -107.123861890561557, 28.574889775081949 ], [ -107.121296222670225, 28.579624242915717 ], [ -107.119194244718258, 28.581212545336506 ], [ -107.117345204600355, 28.583129535840964 ], [ -107.116143221016998, 28.587191281323122 ], [ -107.114193057379453, 28.591259086686755 ], [ -107.11225277146886, 28.596236417076756 ], [ -107.112787071141938, 28.599457135360922 ], [ -107.113219515656397, 28.604746009020143 ], [ -107.112783645845212, 28.610455383558389 ], [ -107.111568483630222, 28.613359495657356 ], [ -107.109486639401979, 28.616849461506792 ], [ -107.106044564696745, 28.6214253855725 ], [ -107.102459374016831, 28.624348512282751 ], [ -107.097354737427125, 28.625216372288705 ], [ -107.0913482442581, 28.623445014774738 ], [ -107.086133082144798, 28.625636438226831 ], [ -107.083920080619762, 28.628630926617092 ], [ -107.051766435011103, 28.631444692083676 ], [ -107.050752125183678, 28.629881252556025 ], [ -107.051729218667262, 28.627889082900957 ], [ -107.049831479613303, 28.625340056097819 ], [ -107.047201854973935, 28.624367795206823 ], [ -107.041207246223578, 28.62366912607142 ], [ -107.038075413780177, 28.622369706481138 ], [ -107.033425705192442, 28.6190142419658 ], [ -107.027682588640559, 28.618478456302544 ], [ -107.023947693946553, 28.619167915845892 ], [ -107.022208315643397, 28.619842440145199 ], [ -107.019968337513347, 28.620355268015707 ], [ -107.01756109442006, 28.61519845747409 ], [ -107.013106193544928, 28.605653581827887 ], [ -107.011044487192308, 28.601235574307257 ], [ -107.005341290412801, 28.604585262746252 ], [ -107.002487076497928, 28.606011949772274 ], [ -106.996524880527787, 28.608453505146599 ], [ -106.990182538382641, 28.610318664417782 ], [ -106.985342241803679, 28.612751663996999 ], [ -106.983495813954221, 28.615245813542874 ], [ -106.982877076253999, 28.615746424354807 ], [ -106.960429530798436, 28.616153139380991 ], [ -106.96034129276191, 28.619957881965934 ], [ -106.956869476591933, 28.622132246367801 ], [ -106.954902992299338, 28.625205763067903 ], [ -106.951564281176118, 28.628288761347125 ], [ -106.948468581959233, 28.630708418119998 ], [ -106.947110534918096, 28.632206359374738 ], [ -106.946392619135494, 28.635436553486272 ], [ -106.947414114245888, 28.637910472587002 ], [ -106.946940199032753, 28.640560095107759 ], [ -106.945456473652825, 28.641976191703407 ], [ -106.945944986318537, 28.643716071118657 ], [ -106.946360316217081, 28.645195211753098 ], [ -106.947609467328988, 28.645351995067379 ], [ -106.948735434265728, 28.645675014735538 ], [ -106.947993947876554, 28.646424421886952 ], [ -106.944758804402952, 28.64735640180092 ], [ -106.942641772897019, 28.64778444378415 ], [ -106.937910933016582, 28.648891920681439 ], [ -106.934431504549465, 28.650404220727424 ], [ -106.933323320554123, 28.65198303661159 ], [ -106.932453816672805, 28.652402438796486 ], [ -106.911870815855565, 28.652954153536054 ], [ -106.911731486226188, 28.628312146118557 ], [ -106.911672291755067, 28.617818954691035 ], [ -106.911661945558706, 28.61598539751261 ], [ -106.91146797522633, 28.581504031773463 ], [ -106.910346560063687, 28.581594138532136 ], [ -106.908730904502562, 28.582183696144423 ], [ -106.906743416645952, 28.583023781798097 ], [ -106.905126968970265, 28.583530602678351 ], [ -106.901634956383461, 28.583470773664715 ], [ -106.89887992585551, 28.582165542217517 ], [ -106.896887902146617, 28.582509310974942 ], [ -106.893148017321636, 28.582616274900943 ], [ -106.890902164083514, 28.582465393563279 ], [ -106.887402098149295, 28.581495535225788 ], [ -106.887132179780949, 28.579181637574916 ], [ -106.888740577783423, 28.577765369322783 ], [ -106.891215802044229, 28.575681880122584 ], [ -106.892943604175954, 28.573685887227935 ], [ -106.894299534518282, 28.571940387141971 ], [ -106.895532967419896, 28.570443772656482 ], [ -106.898902109325817, 28.570752679661371 ], [ -106.907384368653823, 28.57119338408981 ], [ -106.913592195000064, 28.570605567702177 ], [ -106.913282510004947, 28.563216591966992 ], [ -106.912532277369749, 28.545308875474291 ], [ -106.912201251960042, 28.537404089489236 ], [ -106.912097061392203, 28.527874531497787 ], [ -106.911859984340779, 28.506166386374321 ], [ -106.933625494261179, 28.506056705221678 ], [ -106.933561802086814, 28.504960072010157 ], [ -106.933455850923352, 28.501296602674667 ], [ -106.931419849312348, 28.501256407071896 ], [ -106.928132325531237, 28.501268524297156 ], [ -106.923362761632546, 28.501338947651487 ], [ -106.922915409371427, 28.501345058392822 ], [ -106.92278683834202, 28.496852577448703 ], [ -106.912687101781671, 28.496848847802521 ], [ -106.912340911436843, 28.492953285240255 ], [ -106.911780952789456, 28.491993986095302 ], [ -106.91186385059261, 28.489396733188617 ], [ -106.911923371850705, 28.487531882192744 ], [ -106.911916409764942, 28.487298457376731 ], [ -106.911349720329483, 28.468262245569441 ], [ -106.911062455546087, 28.458607309258174 ], [ -106.910538739227462, 28.451053766507812 ], [ -106.910412296512717, 28.449629616044923 ], [ -106.914136446698066, 28.449090337900316 ], [ -106.929134627264887, 28.445280153448202 ], [ -106.931546678731976, 28.444772865043387 ], [ -106.933242221447102, 28.444416240345983 ], [ -106.935923419844528, 28.44387940650595 ], [ -106.938379938721823, 28.442923739411135 ], [ -106.941091596470599, 28.44236866607725 ], [ -106.943800216499426, 28.439042258741644 ], [ -106.945763915212311, 28.4359689763325 ], [ -106.945862195036028, 28.433156476345321 ], [ -106.945438555425554, 28.427783794438959 ], [ -106.947541962582221, 28.426363562035441 ], [ -106.950894173970013, 28.42534827052615 ], [ -106.953999653155776, 28.424582694062604 ], [ -106.956729254628527, 28.423571532981946 ], [ -106.957845823063892, 28.423150343334562 ], [ -106.959304806439434, 28.423128271773752 ], [ -106.987971193889706, 28.42269140965502 ], [ -106.989102093918149, 28.423758460164095 ], [ -106.989859529005244, 28.424828161182052 ], [ -106.991749554663059, 28.427130269505199 ], [ -106.99288781043289, 28.428941526558908 ], [ -106.994501462500139, 28.428433786645627 ], [ -106.999342319754007, 28.426910456482361 ], [ -107.001345681786248, 28.428053816784292 ], [ -106.999863078459427, 28.429222286461773 ], [ -106.998129814716506, 28.430227144449216 ], [ -106.994656711891921, 28.431575250411978 ], [ -106.99292578177382, 28.432828126933174 ], [ -106.992941943400879, 28.434481998754652 ], [ -106.994946200369881, 28.435708141900321 ], [ -106.996948068445391, 28.436686172858813 ], [ -107.000452237291213, 28.43848034454707 ], [ -107.002587692339517, 28.4403670134657 ], [ -107.003465818369591, 28.441022258742837 ], [ -107.005451494883886, 28.440346295832224 ], [ -107.007151247516475, 28.435950932151325 ], [ -107.009737987613292, 28.433120380302935 ], [ -107.010593904252318, 28.431542875149415 ], [ -107.014324848644989, 28.431102172787075 ], [ -107.01843670791375, 28.431402862201022 ], [ -107.022812548303236, 28.43319005197251 ], [ -107.027679868360494, 28.434311869487651 ], [ -107.029792258993268, 28.433882718444796 ], [ -107.033017605638733, 28.432700971974743 ], [ -107.037847897817642, 28.43018399113814 ], [ -107.039696808332522, 28.428350798306482 ], [ -107.045311876210107, 28.429549080434771 ], [ -107.049950669470846, 28.432656558541815 ], [ -107.064656403763266, 28.433950304946777 ], [ -107.076098280177575, 28.432704225909628 ], [ -107.079699123179154, 28.431766570554142 ], [ -107.084678097250816, 28.434126871909605 ], [ -107.084540810355861, 28.434688038547151 ] ] ] ] } },
{ "type": "Feature", "properties": { "ID": 343, "ENTIDAD": 8, "DISTRITO_F": 7, "DISTRITO_L": 14, "MUNICIPIO": 17, "SECCION": 374, "TIPO": 4, "CONTROL": 9988, "GEOMETRY1_": null }, "geometry": { "type": "MultiPolygon", "coordinates": [ [ [ [ -106.750548151818037, 28.656064955080581 ], [ -106.746302112264004, 28.656131220784616 ], [ -106.743855780718192, 28.658649761746446 ], [ -106.731516562864172, 28.623619168929242 ], [ -106.726890459544521, 28.623359944045315 ], [ -106.723534848797883, 28.624155843411721 ], [ -106.720410277295926, 28.624038607140392 ], [ -106.716944935321465, 28.625580169114091 ], [ -106.714250522911001, 28.628184678399194 ], [ -106.711139303498527, 28.628728480496353 ], [ -106.705682689127642, 28.630630988811173 ], [ -106.70159093091894, 28.632099059104821 ], [ -106.698472818083133, 28.632311951730657 ], [ -106.69597731245409, 28.632432620549512 ], [ -106.690395341480567, 28.634336431117219 ], [ -106.689198411754305, 28.636917733090446 ], [ -106.687235557421403, 28.638683809420868 ], [ -106.684538473433008, 28.635003941616617 ], [ -106.682891981090037, 28.633871289030047 ], [ -106.680614579284835, 28.632417413633995 ], [ -106.680559787045198, 28.629689721668964 ], [ -106.683881035211968, 28.627159064835713 ], [ -106.686081796772271, 28.624810660988118 ], [ -106.687906252041827, 28.622385242748468 ], [ -106.690880912724538, 28.621265272079331 ], [ -106.692595375695561, 28.61958560335863 ], [ -106.6925402984035, 28.616857924032026 ], [ -106.690251569695633, 28.615567386315732 ], [ -106.685972026261993, 28.61315410109173 ], [ -106.679803582248752, 28.61068415314573 ], [ -106.67727044613531, 28.608903329781274 ], [ -106.670463428956523, 28.60569841745944 ], [ -106.667126004405233, 28.60740215607434 ], [ -106.662512167990826, 28.607719304436483 ], [ -106.65927802539241, 28.608346428929519 ], [ -106.656779720995843, 28.608301037059626 ], [ -106.657062349919997, 28.60366656323605 ], [ -106.658023226175501, 28.601750511898814 ], [ -106.658740988826793, 28.600168816822755 ], [ -106.658740988826779, 28.600168816822752 ], [ -106.658186182630246, 28.597249810034825 ], [ -106.657416791291595, 28.59411055677705 ], [ -106.656403010678233, 28.59171682473249 ], [ -106.655642568745904, 28.589900842580775 ], [ -106.655248542265937, 28.586925211819526 ], [ -106.654732599323395, 28.58436369368431 ], [ -106.653592078550432, 28.581639696337295 ], [ -106.653585466412977, 28.580647228632678 ], [ -106.652808654595916, 28.576350051177421 ], [ -106.652918493148576, 28.574116410310523 ], [ -106.653394691274173, 28.570723129874501 ], [ -106.653748933286735, 28.567743962796488 ], [ -106.65498143785716, 28.565587743522649 ], [ -106.658205987926252, 28.563008556576229 ], [ -106.661687519899843, 28.561585990396075 ], [ -106.664049115131945, 28.560499524304152 ], [ -106.669268595520293, 28.557993253198241 ], [ -106.673242264609243, 28.55565824370435 ], [ -106.674356359947168, 28.554494933173675 ], [ -106.678078746014791, 28.551912884595396 ], [ -106.682675291679004, 28.54957457394632 ], [ -106.685283412700642, 28.548155712912408 ], [ -106.685891193473438, 28.545919608363654 ], [ -106.686466758977403, 28.53905202676005 ], [ -106.69133065383798, 28.538870474994617 ], [ -106.696685588359344, 28.538670392560068 ], [ -106.704293786293235, 28.539293726663583 ], [ -106.706564020862572, 28.543004030033973 ], [ -106.708969152223531, 28.548119618538344 ], [ -106.709001167402278, 28.552585632121993 ], [ -106.710026385780921, 28.556467619104062 ], [ -106.711051091844283, 28.560266889240086 ], [ -106.711923031247125, 28.562703905230208 ], [ -106.712705226404154, 28.564889982542862 ], [ -106.715603948774685, 28.569175805204409 ], [ -106.717622291173655, 28.572390929956889 ], [ -106.721880946549248, 28.575015425360004 ], [ -106.726879446278602, 28.57647801306975 ], [ -106.730506464085565, 28.57794764893697 ], [ -106.732143993342959, 28.580172066426837 ], [ -106.73302789166182, 28.58165609844734 ], [ -106.73341302396905, 28.583142765713429 ], [ -106.734044496839886, 28.584214596300075 ], [ -106.735053159012608, 28.585697950517996 ], [ -106.735319172408012, 28.587929594280759 ], [ -106.736209346136505, 28.590240623724618 ], [ -106.738095996295641, 28.59238092261543 ], [ -106.738728812443938, 28.593618130157537 ], [ -106.739232601718186, 28.594277084337723 ], [ -106.741735504450531, 28.595421566089232 ], [ -106.743986543160261, 28.59623653259084 ], [ -106.74636545059731, 28.597464297011147 ], [ -106.749243273412404, 28.598689315077756 ], [ -106.750620164799471, 28.599343489438979 ], [ -106.752492792959188, 28.59958142628982 ], [ -106.75636088977609, 28.59980843430413 ], [ -106.759105915212714, 28.599958798189416 ], [ -106.762360641629655, 28.60151227779459 ], [ -106.765052172398356, 28.602596331051007 ], [ -106.76661449838366, 28.603225545134123 ], [ -106.770480162371712, 28.603121338930734 ], [ -106.772098525014471, 28.602659454802385 ], [ -106.772844665540575, 28.602446496949831 ], [ -106.775710596873708, 28.602099618045223 ], [ -106.777708678482085, 28.602419202098933 ], [ -106.779817170139012, 28.600918638820428 ], [ -106.782326507616844, 28.60280664818546 ], [ -106.784083031407206, 28.604119954382217 ], [ -106.785461502249717, 28.604939162291185 ], [ -106.789618124396867, 28.610043099905372 ], [ -106.790743961059377, 28.610450174449042 ], [ -106.790879907668867, 28.611855360811319 ], [ -106.791520725029486, 28.614001986008287 ], [ -106.792032870470365, 28.615653122715855 ], [ -106.793422813116223, 28.617878136946054 ], [ -106.795805405700904, 28.619435781688502 ], [ -106.799439459019666, 28.621482353577388 ], [ -106.803449886163804, 28.623774739076588 ], [ -106.807080863230226, 28.625407595083555 ], [ -106.807087642528501, 28.626240092797953 ], [ -106.80709231210551, 28.626813481967016 ], [ -106.805977676750345, 28.627812442329635 ], [ -106.803620239131376, 28.629397568784977 ], [ -106.801398918440839, 28.63115021407495 ], [ -106.800769077820704, 28.631647152622183 ], [ -106.798913824590329, 28.633642800211469 ], [ -106.799439556801318, 28.636947883301097 ], [ -106.798953879747415, 28.638604766402018 ], [ -106.798348098645846, 28.640841267056153 ], [ -106.784752239314102, 28.641332904767197 ], [ -106.784880944066529, 28.641828393674004 ], [ -106.78402596836618, 28.644148964823216 ], [ -106.782320498270124, 28.649368993267068 ], [ -106.781217824599736, 28.651939066909382 ], [ -106.781002956050742, 28.656323579162894 ], [ -106.75468144451024, 28.657462809898718 ], [ -106.75304138477513, 28.657553780844154 ], [ -106.750548151818037, 28.656064955080581 ] ] ] ] } },
{ "type": "Feature", "properties": { "ID": 344, "ENTIDAD": 8, "DISTRITO_F": 7, "DISTRITO_L": 14, "MUNICIPIO": 17, "SECCION": 375, "TIPO": 4, "CONTROL": 15349, "GEOMETRY1_": null }, "geometry": { "type": "MultiPolygon", "coordinates": [ [ [ [ -106.645319580617155, 28.597061192526613 ], [ -106.641775757515759, 28.594633193404274 ], [ -106.637839777766942, 28.591301369736961 ], [ -106.634954443109478, 28.590599811235577 ], [ -106.630699437115553, 28.590083727022972 ], [ -106.626950182207992, 28.589890814017583 ], [ -106.62165481833938, 28.587239939226521 ], [ -106.619630474387293, 28.585863956363838 ], [ -106.616943555094437, 28.582513206855811 ], [ -106.613290491995969, 28.580830184010157 ], [ -106.609075879264267, 28.575930541708853 ], [ -106.607002327906542, 28.571991853590823 ], [ -106.605218462181185, 28.570116035499129 ], [ -106.600845970179876, 28.569931432968342 ], [ -106.59887319919973, 28.571200285783952 ], [ -106.597506841613765, 28.571550804328787 ], [ -106.595625392116744, 28.57108190918656 ], [ -106.598006752093212, 28.566754007500137 ], [ -106.600867401355842, 28.565583762232894 ], [ -106.603987068675451, 28.565983822753552 ], [ -106.608480351841322, 28.566708655523787 ], [ -106.612357513000774, 28.568593981732576 ], [ -106.615478340863689, 28.569159186799386 ], [ -106.619089053350308, 28.568316081675793 ], [ -106.622698124981184, 28.567224761909056 ], [ -106.625310703533628, 28.566303247549577 ], [ -106.63004709618356, 28.566033758585434 ], [ -106.632420350945367, 28.566684664986347 ], [ -106.634925283003781, 28.568410143792185 ], [ -106.636431158252947, 28.568946841611591 ], [ -106.637674829404745, 28.569390072195386 ], [ -106.641407323143099, 28.568132276908695 ], [ -106.645995633879082, 28.564306441442564 ], [ -106.649474653881882, 28.562470650314992 ], [ -106.652964542055798, 28.562288892449843 ], [ -106.655458648655113, 28.562359867673415 ], [ -106.658205987926252, 28.563008556576229 ], [ -106.65498143785716, 28.565587743522649 ], [ -106.653748933286735, 28.567743962796488 ], [ -106.653394691274173, 28.570723129874501 ], [ -106.652918493148576, 28.574116410310523 ], [ -106.652808654595916, 28.576350051177421 ], [ -106.653585466412977, 28.580647228632678 ], [ -106.653592078550432, 28.581639696337295 ], [ -106.654732599323395, 28.58436369368431 ], [ -106.655248542265937, 28.586925211819526 ], [ -106.655642568745904, 28.589900842580775 ], [ -106.656403010678233, 28.59171682473249 ], [ -106.657416791291595, 28.59411055677705 ], [ -106.658186182630246, 28.597249810034825 ], [ -106.658740988826779, 28.600168816822752 ], [ -106.645319580617155, 28.597061192526613 ] ] ] ] } },
{ "type": "Feature", "properties": { "ID": 345, "ENTIDAD": 8, "DISTRITO_F": 7, "DISTRITO_L": 14, "MUNICIPIO": 17, "SECCION": 376, "TIPO": 4, "CONTROL": 15350, "GEOMETRY1_": null }, "geometry": { "type": "MultiPolygon", "coordinates": [ [ [ [ -106.595625392116744, 28.57108190918656 ], [ -106.592873584819088, 28.570790925107495 ], [ -106.596614874772555, 28.564122075629836 ], [ -106.598667743270212, 28.560536921896961 ], [ -106.600490047315873, 28.557947298147734 ], [ -106.600838878261101, 28.556619285573301 ], [ -106.602014877954758, 28.552881419245821 ], [ -106.604212876109983, 28.550368985292423 ], [ -106.606423552518208, 28.54851781202121 ], [ -106.605323233532459, 28.54324196387142 ], [ -106.605497712568479, 28.539353238015721 ], [ -106.605913704487151, 28.535047577628578 ], [ -106.606126702721554, 28.526693294883714 ], [ -106.610349884290329, 28.526586194203869 ], [ -106.6139700777087, 28.527480139401266 ], [ -106.618093053420566, 28.529033439833817 ], [ -106.62234393247526, 28.531082298319951 ], [ -106.625472113245849, 28.532970635146011 ], [ -106.630720460477434, 28.535014743751738 ], [ -106.634592521243178, 28.536237819132957 ], [ -106.639888976135538, 28.534491619591318 ], [ -106.643924870367385, 28.533713757396779 ], [ -106.649034204352219, 28.533524644981807 ], [ -106.654149551534687, 28.534245109033243 ], [ -106.656274020133864, 28.535062206642024 ], [ -106.65778854125017, 28.537867157947467 ], [ -106.657173022642411, 28.539027983922644 ], [ -106.65469761633274, 28.541686318174222 ], [ -106.651344014340239, 28.543521633757205 ], [ -106.649108395484689, 28.544772702587558 ], [ -106.648492198033082, 28.545850787407829 ], [ -106.648249968421524, 28.546927129378403 ], [ -106.649263630582823, 28.549403669022098 ], [ -106.651276311785637, 28.552123653552822 ], [ -106.65104395926312, 28.554688708016112 ], [ -106.650423350872813, 28.555105153180335 ], [ -106.647327864974756, 28.55834522513841 ], [ -106.644727098608769, 28.561003979169282 ], [ -106.641379743992005, 28.563914257462933 ], [ -106.639024826115417, 28.566075523700079 ], [ -106.636431158252947, 28.568946841611591 ], [ -106.634925283003781, 28.568410143792185 ], [ -106.632420350945367, 28.566684664986347 ], [ -106.63004709618356, 28.566033758585434 ], [ -106.625310703533628, 28.566303247549577 ], [ -106.622698124981184, 28.567224761909056 ], [ -106.619089053350308, 28.568316081675793 ], [ -106.615478340863689, 28.569159186799386 ], [ -106.612357513000774, 28.568593981732576 ], [ -106.608480351841322, 28.566708655523787 ], [ -106.603987068675451, 28.565983822753552 ], [ -106.600867401355842, 28.565583762232894 ], [ -106.598006752093212, 28.566754007500137 ], [ -106.595625392116744, 28.57108190918656 ] ] ] ] } },
{ "type": "Feature", "properties": { "ID": 350, "ENTIDAD": 8, "DISTRITO_F": 7, "DISTRITO_L": 14, "MUNICIPIO": 17, "SECCION": 381, "TIPO": 4, "CONTROL": 15353, "GEOMETRY1_": null }, "geometry": { "type": "MultiPolygon", "coordinates": [ [ [ [ -106.588489660665886, 28.491806915950612 ], [ -106.560062908583518, 28.452771372904003 ], [ -106.557269180407872, 28.450082256415346 ], [ -106.566552831853045, 28.453092706948169 ], [ -106.565521248267572, 28.451288259263965 ], [ -106.561597779950347, 28.448201844432383 ], [ -106.557819390776189, 28.446188186944816 ], [ -106.555027450473872, 28.443581677958157 ], [ -106.552620426049586, 28.441548486396758 ], [ -106.5504809173175, 28.440017199360916 ], [ -106.549334814206745, 28.439196878649003 ], [ -106.546040078840278, 28.436349191766634 ], [ -106.543607165760392, 28.432910509252245 ], [ -106.543530047670302, 28.428777222818354 ], [ -106.545470085893953, 28.42585591203359 ], [ -106.546933155492567, 28.424098907514271 ], [ -106.547108692876378, 28.420797908409657 ], [ -106.548417062749479, 28.421037486527041 ], [ -106.549846515809122, 28.420657003722109 ], [ -106.550523425263762, 28.419249049848343 ], [ -106.551207131748171, 28.419079636532842 ], [ -106.551708897775939, 28.41977836697513 ], [ -106.553087706342396, 28.421503761984006 ], [ -106.5537757583473, 28.42211874512914 ], [ -106.554839771484239, 28.423185513841158 ], [ -106.559766866105022, 28.424971100568364 ], [ -106.560641471082064, 28.425543583257365 ], [ -106.562265993721212, 28.426648033923005 ], [ -106.563828075099522, 28.427711573877858 ], [ -106.565326780221767, 28.428569067498238 ], [ -106.56682550903254, 28.429426543554147 ], [ -106.568450387632495, 28.430572199330395 ], [ -106.569292865133519, 28.431336546646719 ], [ -106.57007717893859, 28.432048109204114 ], [ -106.571330542225382, 28.433526387539001 ], [ -106.572460391072909, 28.435170587591553 ], [ -106.57340235268255, 28.436609552950401 ], [ -106.575217472058085, 28.438331901254923 ], [ -106.576154754601333, 28.43894515957961 ], [ -106.577648244460008, 28.438852969011634 ], [ -106.578704800782631, 28.438557154073663 ], [ -106.580384070550977, 28.438298591747781 ], [ -106.580752300365745, 28.437387924590407 ], [ -106.579872242496691, 28.435907328115682 ], [ -106.579358771362266, 28.433227071321376 ], [ -106.578126645276214, 28.424647575836492 ], [ -106.578470693829644, 28.424764037019472 ], [ -106.579143651490938, 28.424777778510329 ], [ -106.580499315899132, 28.425057109320051 ], [ -106.581802877401444, 28.425325690201436 ], [ -106.583486486912335, 28.425851497422602 ], [ -106.585047072854749, 28.426625796829512 ], [ -106.586668958056975, 28.42723453573516 ], [ -106.587478579544026, 28.427311835028789 ], [ -106.588724134277825, 28.427427571819742 ], [ -106.590905741518114, 28.427950034888649 ], [ -106.592217683326453, 28.42876716058656 ], [ -106.59277908050727, 28.428969910273459 ], [ -106.593840858130591, 28.429582230827766 ], [ -106.595587809384924, 28.430272610268528 ], [ -106.596399172485192, 28.43063884283961 ], [ -106.597146335684613, 28.430675208955289 ], [ -106.598758019583499, 28.429549874334246 ], [ -106.600118484856011, 28.428054612250204 ], [ -106.600980000466208, 28.426397496339835 ], [ -106.602411533003789, 28.426388021055701 ], [ -106.603279682398565, 28.425845556149319 ], [ -106.604394302863227, 28.424888595228726 ], [ -106.606318756024876, 28.424050097359935 ], [ -106.608556366292206, 28.423539768754218 ], [ -106.609923866684213, 28.423241644818397 ], [ -106.611035393229415, 28.421789227864473 ], [ -106.611164627688268, 28.422572786400536 ], [ -106.61161433293934, 28.424881760128056 ], [ -106.611314414181621, 28.426741608841343 ], [ -106.612259066747484, 28.428551841824081 ], [ -106.612955285261805, 28.43044630284999 ], [ -106.614149227785674, 28.432296133657047 ], [ -106.614968231323189, 28.433900760111023 ], [ -106.615230079581579, 28.436004549696523 ], [ -106.616221715212802, 28.435296031358874 ], [ -106.61746181070184, 28.434503261905981 ], [ -106.619064947770525, 28.432015337207229 ], [ -106.62180671164198, 28.432492229466835 ], [ -106.623299279311325, 28.432275692557223 ], [ -106.624916070455342, 28.432017010700694 ], [ -106.625165043211638, 28.432015319589848 ], [ -106.62640913663401, 28.431883007001371 ], [ -106.627592011745435, 28.431916240637729 ], [ -106.628581721402909, 28.43091865313696 ], [ -106.629251442603532, 28.428519548222379 ], [ -106.629614062140718, 28.426783098459055 ], [ -106.629855029259517, 28.425501614646326 ], [ -106.631907888715205, 28.425322446614587 ], [ -106.633226829475248, 28.427212531861713 ], [ -106.633921849086249, 28.428859171305284 ], [ -106.634738257576302, 28.430009552476143 ], [ -106.635665762998343, 28.431935794244541 ], [ -106.637296817837779, 28.433830746700981 ], [ -106.638554341971357, 28.435727375332494 ], [ -106.640685239078593, 28.437868139651922 ], [ -106.643938645032023, 28.440251853458602 ], [ -106.646561961133756, 28.441480446879325 ], [ -106.64955732414478, 28.44245913583265 ], [ -106.654295182521935, 28.443264221545292 ], [ -106.65803295913517, 28.443494867216877 ], [ -106.660771141213502, 28.443233865169166 ], [ -106.661776256448348, 28.444552479208848 ], [ -106.662165862978526, 28.446949216757201 ], [ -106.662046283400201, 28.447694167220142 ], [ -106.662056208798845, 28.449182891620026 ], [ -106.659332712207345, 28.451677014202019 ], [ -106.65637366944182, 28.456239929354606 ], [ -106.655031452808799, 28.460464398846728 ], [ -106.653563483484362, 28.46452402420044 ], [ -106.652948845785403, 28.465767534339182 ], [ -106.650983543968437, 28.469994871839937 ], [ -106.646775751727944, 28.474232561139988 ], [ -106.645045192146455, 28.476308286273007 ], [ -106.64755297703887, 28.478777997345816 ], [ -106.649949885624878, 28.483315908937715 ], [ -106.651100014800221, 28.487694159436924 ], [ -106.649633780124859, 28.492441829659132 ], [ -106.649514044336485, 28.492829516451696 ], [ -106.648513554825229, 28.493928747078503 ], [ -106.646792424167771, 28.495819672537635 ], [ -106.641828324223368, 28.498902802256996 ], [ -106.640706889533021, 28.498907946435029 ], [ -106.638573095321135, 28.496519129818417 ], [ -106.637315861890571, 28.494787961804242 ], [ -106.629574225334366, 28.491582194589078 ], [ -106.62672600602265, 28.49267408166844 ], [ -106.623439129865744, 28.493036037588094 ], [ -106.588489660665886, 28.491806915950612 ] ] ] ] } },
{ "type": "Feature", "properties": { "ID": 351, "ENTIDAD": 8, "DISTRITO_F": 7, "DISTRITO_L": 14, "MUNICIPIO": 17, "SECCION": 382, "TIPO": 4, "CONTROL": 7140, "GEOMETRY1_": null }, "geometry": { "type": "MultiPolygon", "coordinates": [ [ [ [ -106.635087795969568, 28.426208928208045 ], [ -106.634832863515214, 28.425261121288749 ], [ -106.634639395499079, 28.424189036708551 ], [ -106.634571964951476, 28.423363797588252 ], [ -106.634307964066764, 28.420971072606751 ], [ -106.638616115730855, 28.423129570950962 ], [ -106.64092624387817, 28.424269616257302 ], [ -106.642861147194722, 28.425123223212118 ], [ -106.644173952772775, 28.426022399625943 ], [ -106.645801939121085, 28.427538648191419 ], [ -106.647178891729268, 28.428726342203635 ], [ -106.649553063391295, 28.430113496456208 ], [ -106.651295022649293, 28.429977486029681 ], [ -106.652734041780874, 28.431123401837564 ], [ -106.654291425465928, 28.431318921942101 ], [ -106.65259435326756, 28.42877114486329 ], [ -106.651267605227943, 28.42572533914316 ], [ -106.650380847884165, 28.423337006141622 ], [ -106.649062458304059, 28.42157094593427 ], [ -106.648921284170598, 28.418970979683809 ], [ -106.651098706147636, 28.418831944757201 ], [ -106.653534132372656, 28.420094755151364 ], [ -106.653149784498424, 28.418404764898167 ], [ -106.652384858064408, 28.415602740875137 ], [ -106.651012546076686, 28.415116904750466 ], [ -106.650567887549968, 28.413716319328248 ], [ -106.652061981643669, 28.413788461044117 ], [ -106.653682141206417, 28.414107413570584 ], [ -106.654609742205125, 28.413192652687055 ], [ -106.654785748571072, 28.41154002472938 ], [ -106.654842635269375, 28.41071392855433 ], [ -106.65494652215105, 28.407534263893162 ], [ -106.655187417635872, 28.406294029253814 ], [ -106.655548484439365, 28.404392393487839 ], [ -106.65572500356491, 28.40282232957885 ], [ -106.656582507091045, 28.40071078647593 ], [ -106.656259350920195, 28.398855230836499 ], [ -106.654752658264272, 28.396801537884624 ], [ -106.653614821112896, 28.394043402804925 ], [ -106.653106681838892, 28.392436838378121 ], [ -106.653030097329903, 28.390207982165794 ], [ -106.652585002539467, 28.388724828816564 ], [ -106.652576763630236, 28.387445049886317 ], [ -106.650629507666125, 28.384568672446505 ], [ -106.648945745037679, 28.383961112772234 ], [ -106.648446973282731, 28.383799439059491 ], [ -106.647690114337507, 28.382194575693422 ], [ -106.647806891779581, 28.380996495615253 ], [ -106.64871737519627, 28.380250817802754 ], [ -106.649230383647861, 28.379830620859973 ], [ -106.649720354525797, 28.379469436583896 ], [ -106.650530745480168, 28.378872015088444 ], [ -106.652837613874951, 28.37964035082333 ], [ -106.654710360580793, 28.380618108331245 ], [ -106.65714145181515, 28.38134421471015 ], [ -106.659501238965049, 28.380667087994798 ], [ -106.661454152081916, 28.380131887028302 ], [ -106.664195087240714, 28.380224901676751 ], [ -106.66880353475868, 28.380737988351449 ], [ -106.672292699840952, 28.380668394067172 ], [ -106.673931928919316, 28.381966133142292 ], [ -106.675062724460204, 28.383532203660348 ], [ -106.676446408612023, 28.385676016740636 ], [ -106.677697828605019, 28.386662513466529 ], [ -106.678952080120808, 28.388062532611304 ], [ -106.679461210436415, 28.389714268610966 ], [ -106.679846444659589, 28.391449310278251 ], [ -106.707472299020779, 28.390237767058039 ], [ -106.707529635755918, 28.380725954150698 ], [ -106.7275702744531, 28.38095445165489 ], [ -106.727079615742568, 28.381949492880352 ], [ -106.72609827208025, 28.383939570810956 ], [ -106.724998997638451, 28.386840043605456 ], [ -106.725014531397576, 28.388990380731258 ], [ -106.725030665831667, 28.3912234224141 ], [ -106.724795462045179, 28.393126928363319 ], [ -106.722574569884017, 28.395867754932819 ], [ -106.721231484274128, 28.399513831406207 ], [ -106.743851607463256, 28.39859604996753 ], [ -106.744628005369961, 28.398564481808695 ], [ -106.745263296328716, 28.400297965888985 ], [ -106.745622128700887, 28.401421548158623 ], [ -106.746028009754056, 28.402692417424717 ], [ -106.7463217141906, 28.40373572287892 ], [ -106.746539479332199, 28.404509259441749 ], [ -106.747178535369045, 28.406738955429581 ], [ -106.74794396204544, 28.409216094247025 ], [ -106.749208644584854, 28.411855971082677 ], [ -106.750230579068869, 28.415324206766435 ], [ -106.753850387485855, 28.416545367786707 ], [ -106.754851371619125, 28.417201629858905 ], [ -106.756238339663255, 28.419509940147197 ], [ -106.75663492762466, 28.422567956398673 ], [ -106.757146066636381, 28.424302037663832 ], [ -106.785501799131922, 28.420010284740361 ], [ -106.78246352398736, 28.413576234485454 ], [ -106.774055438033201, 28.40493882268461 ], [ -106.770313245983431, 28.403966984794266 ], [ -106.766446002138849, 28.40291301879099 ], [ -106.771096546648707, 28.392466419804489 ], [ -106.776838191000493, 28.394502365529053 ], [ -106.782955399756105, 28.39678408268513 ], [ -106.786932937104126, 28.400066674939993 ], [ -106.78787092882196, 28.401534975395482 ], [ -106.789074549499759, 28.405220693299878 ], [ -106.792389313975505, 28.409219621002869 ], [ -106.7917844247754, 28.411456111556312 ], [ -106.79179873682088, 28.413275563850334 ], [ -106.79193689741021, 28.415011608052186 ], [ -106.792825315767956, 28.417156927630288 ], [ -106.793838273995192, 28.419301531918769 ], [ -106.794233323945235, 28.422028581552734 ], [ -106.794249648898045, 28.424096135367577 ], [ -106.800011708566856, 28.444077998261161 ], [ -106.777426928326932, 28.458251259833062 ], [ -106.770886164234184, 28.462354595084644 ], [ -106.768981295921094, 28.46347887843514 ], [ -106.767195277685218, 28.464832948156253 ], [ -106.76580676088534, 28.465262983522816 ], [ -106.765306803072448, 28.465502333188308 ], [ -106.764711446535586, 28.465787349219241 ], [ -106.760781408980407, 28.4676686840643 ], [ -106.759550682011451, 28.468916646849991 ], [ -106.7587302180183, 28.470235756306245 ], [ -106.758003846939516, 28.471202391790129 ], [ -106.755058833123144, 28.473289869729264 ], [ -106.74887700194995, 28.47577945360916 ], [ -106.742959557286795, 28.464686856208402 ], [ -106.737715202050993, 28.466832739361248 ], [ -106.735660706854432, 28.467647940991288 ], [ -106.731860774660731, 28.469155600381168 ], [ -106.724578371100293, 28.472206815309136 ], [ -106.726034850431788, 28.477699436279632 ], [ -106.727963172514052, 28.484970451281402 ], [ -106.727630061401172, 28.485197548388275 ], [ -106.716795526506672, 28.49258299464795 ], [ -106.715176421408898, 28.492674016127797 ], [ -106.712806791124677, 28.492355319232409 ], [ -106.710805034241858, 28.491207630043647 ], [ -106.70754329100339, 28.488081320535667 ], [ -106.705655687134183, 28.485444230062665 ], [ -106.704140752133, 28.482639813727054 ], [ -106.703008407010671, 28.481074069962482 ], [ -106.701869673393375, 28.47859855921557 ], [ -106.700363099804022, 28.476951961746618 ], [ -106.698860061626931, 28.475801576549969 ], [ -106.69747350510363, 28.473492677175525 ], [ -106.695708097822404, 28.470441272615634 ], [ -106.693824579359045, 28.468300218304723 ], [ -106.693187916764018, 28.466318375268489 ], [ -106.692681600545924, 28.4651629665949 ], [ -106.67300696858193, 28.466168804855219 ], [ -106.652948845785403, 28.465767534339182 ], [ -106.653563483484362, 28.46452402420044 ], [ -106.655031452808799, 28.460464398846728 ], [ -106.65637366944182, 28.456239929354606 ], [ -106.659332712207345, 28.451677014202019 ], [ -106.662056208798845, 28.449182891620026 ], [ -106.662046283400201, 28.447694167220142 ], [ -106.662165862978526, 28.446949216757201 ], [ -106.661776256448348, 28.444552479208848 ], [ -106.660771141213502, 28.443233865169166 ], [ -106.65803295913517, 28.443494867216877 ], [ -106.654295182521935, 28.443264221545292 ], [ -106.64955732414478, 28.44245913583265 ], [ -106.646561961133756, 28.441480446879325 ], [ -106.643938645032023, 28.440251853458602 ], [ -106.640685239078593, 28.437868139651922 ], [ -106.638554341971357, 28.435727375332494 ], [ -106.637296817837779, 28.433830746700981 ], [ -106.635665762998343, 28.431935794244541 ], [ -106.634738257576302, 28.430009552476143 ], [ -106.635087795969568, 28.426208928208045 ] ] ] ] } },
{ "type": "Feature", "properties": { "ID": 352, "ENTIDAD": 8, "DISTRITO_F": 7, "DISTRITO_L": 14, "MUNICIPIO": 17, "SECCION": 383, "TIPO": 3, "CONTROL": 9684, "GEOMETRY1_": null }, "geometry": { "type": "MultiPolygon", "coordinates": [ [ [ [ -106.788935720644375, 28.492523800116395 ], [ -106.786934632695321, 28.490932687055743 ], [ -106.78530707613497, 28.49055940435197 ], [ -106.784283795549428, 28.487174253969435 ], [ -106.779300509179393, 28.487202246974427 ], [ -106.776349720144495, 28.492263781604734 ], [ -106.773606851126203, 28.49203093974571 ], [ -106.774083419046676, 28.489216295378931 ], [ -106.772084945328416, 28.488565748589838 ], [ -106.768741533833094, 28.491230839815984 ], [ -106.762650494162131, 28.491752162960044 ], [ -106.760485755874228, 28.482573865174057 ], [ -106.76823367117521, 28.475041688418251 ], [ -106.769877813616802, 28.471027352710141 ], [ -106.76803926205551, 28.468275349369712 ], [ -106.767582208620098, 28.467794332263271 ], [ -106.766761065773423, 28.467042971937357 ], [ -106.766257949245755, 28.466557887220588 ], [ -106.765306803072448, 28.465502333188308 ], [ -106.76580676088534, 28.465262983522816 ], [ -106.767195277685218, 28.464832948156161 ], [ -106.768981295921094, 28.46347887843514 ], [ -106.770886164234184, 28.462354595084644 ], [ -106.777426928326932, 28.458251259833062 ], [ -106.800011708566856, 28.444077998261161 ], [ -106.794249648898045, 28.424096135367577 ], [ -106.794233323945235, 28.422028581552734 ], [ -106.793838273995192, 28.419301531918769 ], [ -106.792825315767956, 28.417156927630288 ], [ -106.79193689741021, 28.415011608052186 ], [ -106.79179873682088, 28.413275563850334 ], [ -106.7917844247754, 28.411456111556312 ], [ -106.792389313975505, 28.409219621002869 ], [ -106.789074549499759, 28.405220693299878 ], [ -106.78787092882196, 28.401534975395389 ], [ -106.786932937104126, 28.400066674939993 ], [ -106.782955399756105, 28.39678408268513 ], [ -106.778529788030127, 28.388870396525924 ], [ -106.777819790751678, 28.387600702836068 ], [ -106.78236649914443, 28.381888029535578 ], [ -106.789558225030703, 28.382040672246756 ], [ -106.790207446051824, 28.382054433078302 ], [ -106.797251213374494, 28.38458641807372 ], [ -106.802811174198254, 28.389358580725634 ], [ -106.807666270940487, 28.392928450573628 ], [ -106.81555165055272, 28.397042774794333 ], [ -106.819177762867923, 28.398255383931222 ], [ -106.82676269442247, 28.400791453489557 ], [ -106.829917556582203, 28.401846138389576 ], [ -106.830186302512132, 28.401935976225456 ], [ -106.831540590246206, 28.402388682543208 ], [ -106.83372038354689, 28.402986082106256 ], [ -106.834061680628707, 28.403079614521889 ], [ -106.835671062042209, 28.4035563491448 ], [ -106.836776077986258, 28.403882900498864 ], [ -106.837530126186621, 28.404099165603316 ], [ -106.837438762447675, 28.404213297446429 ], [ -106.836279095479185, 28.405661946872417 ], [ -106.833456551660859, 28.408981746190985 ], [ -106.832756711138501, 28.409819715962843 ], [ -106.829363724180141, 28.413882155806125 ], [ -106.829202055681122, 28.415952109750293 ], [ -106.826677840810888, 28.418748989390664 ], [ -106.825279741927361, 28.42029802986595 ], [ -106.827048165632419, 28.421793602195375 ], [ -106.826799820304856, 28.421858522148938 ], [ -106.826310085479037, 28.42200960072913 ], [ -106.82579784722175, 28.422170956536743 ], [ -106.825257548809489, 28.422338922655179 ], [ -106.824703111857303, 28.422518622469383 ], [ -106.824220811940378, 28.422674939490616 ], [ -106.823676496696493, 28.422834330564012 ], [ -106.822186338162268, 28.423261424266055 ], [ -106.821681543821228, 28.423410762731493 ], [ -106.821176747964557, 28.423560099385984 ], [ -106.82067489742542, 28.423708562470583 ], [ -106.820157427939392, 28.423861643789966 ], [ -106.8197080377644, 28.423994583501308 ], [ -106.819131589483007, 28.424165107233918 ], [ -106.818624023592164, 28.424313714307903 ], [ -106.818111242363997, 28.424463846037074 ], [ -106.817616518682655, 28.424608688688572 ], [ -106.817121135154295, 28.424753722360109 ], [ -106.816645637125688, 28.424915905526039 ], [ -106.816155212674687, 28.425084102826837 ], [ -106.815648005017849, 28.42525822936582 ], [ -106.815333252262207, 28.425345132792206 ], [ -106.814831910853044, 28.425488384996289 ], [ -106.814281559198662, 28.42564958695877 ], [ -106.813830868342905, 28.425781577622516 ], [ -106.811140716563813, 28.426700817529756 ], [ -106.81222930478279, 28.429167334377595 ], [ -106.814337600660835, 28.428339190733581 ], [ -106.81458604295419, 28.428236850140653 ], [ -106.815054633228314, 28.428069275110378 ], [ -106.815563267947411, 28.427843438498503 ], [ -106.816061234430634, 28.42765259166028 ], [ -106.816715931274459, 28.427385046520488 ], [ -106.81721003246885, 28.427167290301483 ], [ -106.817688891721232, 28.42695361219435 ], [ -106.818183750577361, 28.426739391234058 ], [ -106.815760664276851, 28.432321135728095 ], [ -106.815432349031767, 28.433102024842391 ], [ -106.815168096876619, 28.433680798111094 ], [ -106.810985639848596, 28.444065779051229 ], [ -106.810571172990095, 28.443926830768646 ], [ -106.80438649537939, 28.443642526066618 ], [ -106.804715074449888, 28.446986807904739 ], [ -106.804902641075699, 28.448895739757578 ], [ -106.805028391057405, 28.452877484399384 ], [ -106.809922269817065, 28.453595301774328 ], [ -106.819968715956307, 28.45518350859156 ], [ -106.821462763442057, 28.447136271456227 ], [ -106.821863854593843, 28.447255569902303 ], [ -106.829265189321248, 28.449457318253973 ], [ -106.833351452167122, 28.450803363110793 ], [ -106.834226120370303, 28.450892245808923 ], [ -106.835284213436594, 28.449509858999377 ], [ -106.835471034991414, 28.449499125083644 ], [ -106.835793857369453, 28.449480576571883 ], [ -106.847853367958152, 28.44878711740164 ], [ -106.849806441450454, 28.451912408804322 ], [ -106.852074415175238, 28.456625546892599 ], [ -106.852975234836009, 28.460106673743741 ], [ -106.853095419804561, 28.463244933529797 ], [ -106.853423027088681, 28.471797703637499 ], [ -106.849564464770438, 28.472152150174686 ], [ -106.849378221108154, 28.479596608113837 ], [ -106.847401850112561, 28.481593558853326 ], [ -106.84492710877258, 28.483593514663621 ], [ -106.842950580119179, 28.485590406873058 ], [ -106.841094399749721, 28.487090322105839 ], [ -106.839733028926489, 28.488173705259239 ], [ -106.837755627377007, 28.49008782948712 ], [ -106.833770367225426, 28.490277211549547 ], [ -106.828663837473968, 28.490473168677905 ], [ -106.827901319861553, 28.488658224297193 ], [ -106.825902572702887, 28.488008483596232 ], [ -106.823173341561954, 28.489430646195178 ], [ -106.820186070111845, 28.48977912366119 ], [ -106.816315912858599, 28.488809452941396 ], [ -106.811573752605, 28.48784476153153 ], [ -106.807210741479054, 28.487539338730922 ], [ -106.804719783146012, 28.487636479747255 ], [ -106.799995599204991, 28.488904307470484 ], [ -106.795888956297347, 28.489506802306241 ], [ -106.794142153609243, 28.489185965807415 ], [ -106.792523934481579, 28.490223445864338 ], [ -106.788935720644375, 28.492523800116395 ] ] ] ] } },
{ "type": "Feature", "properties": { "ID": 353, "ENTIDAD": 8, "DISTRITO_F": 7, "DISTRITO_L": 14, "MUNICIPIO": 17, "SECCION": 384, "TIPO": 3, "CONTROL": 9940, "GEOMETRY1_": null }, "geometry": { "type": "MultiPolygon", "coordinates": [ [ [ [ -107.064385996955622, 28.359506561258055 ], [ -107.066071175506863, 28.358247017695476 ], [ -107.067822291768024, 28.360301493039032 ], [ -107.069448326880732, 28.362191475288977 ], [ -107.069602067618234, 28.36520982918362 ], [ -107.069554471592241, 28.366929549864562 ], [ -107.070186642077701, 28.368209196077281 ], [ -107.07098908354989, 28.369916000047464 ], [ -107.072268657796215, 28.38263144308668 ], [ -107.071582881626895, 28.401706124001663 ], [ -107.071390524353333, 28.403015381466943 ], [ -107.07133960664008, 28.403361942743501 ], [ -107.068354550010454, 28.404955578590528 ], [ -107.066739870159495, 28.406456233929447 ], [ -107.066376300801821, 28.409353442442821 ], [ -107.066630997093, 28.410613501433563 ], [ -107.06701057126746, 28.412491302680753 ], [ -107.068262398813502, 28.414053245771587 ], [ -107.070385748605631, 28.415360549261003 ], [ -107.072631683421022, 28.416087999495787 ], [ -107.076122400318795, 28.416392539929713 ], [ -107.078741054534731, 28.416786279918046 ], [ -107.081110778013368, 28.41726455299785 ], [ -107.083979334656064, 28.417821696057501 ], [ -107.086601142119193, 28.419042248430621 ], [ -107.086666579132554, 28.419213726828755 ], [ -107.086852878983962, 28.419701924074811 ], [ -107.086612301617166, 28.422019329089363 ], [ -107.086127716314053, 28.425744474240428 ], [ -107.085640628016804, 28.428808044523791 ], [ -107.085154755418841, 28.432202399709787 ], [ -107.084678097250844, 28.434126871909527 ], [ -107.079699123179154, 28.431766570554142 ], [ -107.076098280177575, 28.432704225909628 ], [ -107.064656403763266, 28.433950304946777 ], [ -107.049950669470846, 28.432656558541815 ], [ -107.045311876210107, 28.429549080434771 ], [ -107.039696808332522, 28.428350798306482 ], [ -107.037847897817642, 28.43018399113814 ], [ -107.033017605638733, 28.432700971974743 ], [ -107.029792258993268, 28.433882718444796 ], [ -107.027679868360494, 28.434311869487651 ], [ -107.022812548303236, 28.43319005197251 ], [ -107.01843670791375, 28.431402862201022 ], [ -107.014324848644989, 28.431102172787075 ], [ -107.010593904252318, 28.431542875149326 ], [ -107.009737987613292, 28.433120380302935 ], [ -107.007151247516475, 28.435950932151325 ], [ -107.005451494883886, 28.440346295832224 ], [ -107.003465818369591, 28.441022258742837 ], [ -107.002587692339517, 28.4403670134657 ], [ -107.000452237291213, 28.43848034454707 ], [ -106.996948068445391, 28.436686172858813 ], [ -106.994946200369881, 28.435708141900321 ], [ -106.992941943400879, 28.434481998754652 ], [ -106.99292578177382, 28.432828126933174 ], [ -106.994656711891921, 28.431575250411978 ], [ -106.998129814716506, 28.430227144449216 ], [ -106.999863078459427, 28.429222286461773 ], [ -107.001345681786248, 28.428053816784292 ], [ -106.999342319754007, 28.426910456482361 ], [ -106.994501462500139, 28.428433786645627 ], [ -106.99288781043289, 28.428941526558908 ], [ -106.991749554663059, 28.427130269505199 ], [ -106.989859529005244, 28.424828161182052 ], [ -106.989102093918149, 28.423758460164095 ], [ -106.987971193889706, 28.42269140965502 ], [ -106.959304806439434, 28.423128271773752 ], [ -106.957845823063892, 28.423150343334562 ], [ -106.956729254628527, 28.423571532981946 ], [ -106.953999653155776, 28.424582694062604 ], [ -106.950894173970013, 28.42534827052615 ], [ -106.947541962582221, 28.426363562035441 ], [ -106.945438555425554, 28.427783794438959 ], [ -106.945862195036028, 28.433156476345321 ], [ -106.945763915212311, 28.4359689763325 ], [ -106.943800216499426, 28.439042258741644 ], [ -106.941091596470599, 28.442368666077162 ], [ -106.938379938721823, 28.44292373941105 ], [ -106.935923419844528, 28.44387940650595 ], [ -106.933242221447102, 28.444416240345888 ], [ -106.931546678731976, 28.444772865043387 ], [ -106.929134627264887, 28.445280153448202 ], [ -106.914136446698066, 28.449090337900316 ], [ -106.910412296512717, 28.449629616044923 ], [ -106.910691526206577, 28.447880536363517 ], [ -106.908228901612389, 28.44802362619167 ], [ -106.902065925917569, 28.448381526971975 ], [ -106.899374650711522, 28.44853772857482 ], [ -106.899142389369715, 28.450113834030006 ], [ -106.892357562636064, 28.450367561647973 ], [ -106.885775030932251, 28.450712159951419 ], [ -106.88658908074845, 28.457967957990402 ], [ -106.879714948477087, 28.458521389549016 ], [ -106.872067171618767, 28.458939713629864 ], [ -106.871055693892174, 28.447269083802794 ], [ -106.885593460259159, 28.446394613241406 ], [ -106.892575092354363, 28.445959649466612 ], [ -106.898858426494158, 28.445578756071626 ], [ -106.90174599249228, 28.44538726508878 ], [ -106.900909421972642, 28.43528791540318 ], [ -106.899609341007519, 28.419587652811369 ], [ -106.901456956077851, 28.419546663915085 ], [ -106.901688299160668, 28.419541529857074 ], [ -106.904026206048599, 28.419301010531449 ], [ -106.9046828746241, 28.419233446364657 ], [ -106.905339542173238, 28.419165879068032 ], [ -106.905929149469074, 28.41910520912722 ], [ -106.906519824137774, 28.419044426739397 ], [ -106.907223807644257, 28.41897198107592 ], [ -106.910324709841291, 28.41865380116354 ], [ -106.91128577904648, 28.418555300798264 ], [ -106.911904395301733, 28.418491366209132 ], [ -106.91122942670016, 28.413864921877213 ], [ -106.912826648535187, 28.413655104415106 ], [ -106.912572440559416, 28.411185248678439 ], [ -106.912276817984846, 28.409004539590669 ], [ -106.903542557221328, 28.410080864387755 ], [ -106.901924650161874, 28.403511930942283 ], [ -106.906255706461579, 28.403065303814898 ], [ -106.906229045765031, 28.402769118757536 ], [ -106.906070573173508, 28.40100912952353 ], [ -106.906066763201252, 28.400966815178382 ], [ -106.90690238410933, 28.400890238106268 ], [ -106.907484979582136, 28.400836845435339 ], [ -106.907482016980239, 28.400804508769145 ], [ -106.907332258119695, 28.399169863021108 ], [ -106.907181779730408, 28.395660028420782 ], [ -106.907061458636022, 28.394715570378075 ], [ -106.906860492361233, 28.393138042566452 ], [ -106.907019263604823, 28.393117140912597 ], [ -106.907362816962689, 28.393071912712003 ], [ -106.907799993623215, 28.393013378943948 ], [ -106.908368816599506, 28.392940931121831 ], [ -106.908840506290133, 28.392883062171499 ], [ -106.909274145864188, 28.392833456437156 ], [ -106.909754433970463, 28.392783370963997 ], [ -106.909591582738656, 28.391342653696867 ], [ -106.909532096292978, 28.390803739283548 ], [ -106.909387035265084, 28.38966018424038 ], [ -106.909262541806129, 28.388274004387554 ], [ -106.908646443154325, 28.388327028841008 ], [ -106.908132409303434, 28.388373205485955 ], [ -106.907703965880316, 28.388413296857035 ], [ -106.907126322860449, 28.388468272347858 ], [ -106.906674313116611, 28.388512393693546 ], [ -106.906321369138368, 28.388547275292691 ], [ -106.906195277868832, 28.387405445240468 ], [ -106.905982184191487, 28.385937885500688 ], [ -106.905885482405779, 28.385058014945006 ], [ -106.90575184099275, 28.38385370967568 ], [ -106.904322747620611, 28.383979346940304 ], [ -106.903111797596594, 28.384087947573637 ], [ -106.902594415535006, 28.384141013634405 ], [ -106.901002855929292, 28.37341211463141 ], [ -106.903397030778791, 28.372448936322819 ], [ -106.904680194797876, 28.371816679466427 ], [ -106.905450093209268, 28.370687639993736 ], [ -106.905552746330812, 28.369061802045259 ], [ -106.905296113637505, 28.368316619035191 ], [ -106.905937695647239, 28.367752082177752 ], [ -106.907323512788253, 28.368045641718517 ], [ -106.908170401041104, 28.367797245236886 ], [ -106.908968179829955, 28.368001157512698 ], [ -106.909864177434812, 28.368192420141781 ], [ -106.91045443299582, 28.367594011319419 ], [ -106.911147341566377, 28.367526266593845 ], [ -106.911917239978095, 28.368271456197117 ], [ -106.912327852464315, 28.367977897281097 ], [ -106.913046424201994, 28.366995597037633 ], [ -106.91273846495055, 28.366035871687213 ], [ -106.913598184843664, 28.365471322695676 ], [ -106.913803491086796, 28.364940643905246 ], [ -106.914329588334709, 28.364421253583156 ], [ -106.915343287910176, 28.363709910539004 ], [ -106.916510967167966, 28.362704989224103 ], [ -106.918140585472699, 28.361925886375552 ], [ -106.926127110413191, 28.419332559348998 ], [ -106.926689629856142, 28.419680570381544 ], [ -106.927814758179053, 28.420376633515652 ], [ -106.929533429485502, 28.417718713905888 ], [ -106.9310075943106, 28.415558620280507 ], [ -106.932977365296821, 28.413147087557284 ], [ -106.934463582277871, 28.412310104746471 ], [ -106.93669362584879, 28.411137298398437 ], [ -106.937184688398929, 28.410389680598762 ], [ -106.937167290622611, 28.409277102675837 ], [ -106.937025827779479, 28.400228037058991 ], [ -106.937015805836012, 28.399586779930317 ], [ -106.936992448203, 28.398092144437687 ], [ -106.936988695475435, 28.397851998749985 ], [ -106.936880967551858, 28.390956850837398 ], [ -106.939114368215755, 28.390197507028542 ], [ -106.941725703014271, 28.389931784339513 ], [ -106.94620158005516, 28.389405262219853 ], [ -106.94967094515394, 28.387727638698934 ], [ -106.953894665521801, 28.386871782101437 ], [ -106.955150069511035, 28.388020999727491 ], [ -106.955304801301196, 28.391245282291891 ], [ -106.955520307166523, 28.396292355592497 ], [ -106.955533541715269, 28.396602276910702 ], [ -106.955535754899728, 28.396654104064133 ], [ -106.955680206049024, 28.400036489833155 ], [ -106.956102811658042, 28.409930225277407 ], [ -106.95908786578255, 28.409941161533393 ], [ -106.971788891330377, 28.409986961690006 ], [ -106.972512046043391, 28.407500898671469 ], [ -106.97202410397216, 28.396754396360581 ], [ -106.971930098452219, 28.394683579639377 ], [ -106.971881439401898, 28.393611631280052 ], [ -106.981076365155715, 28.391975843158569 ], [ -106.981044510355744, 28.388668057769401 ], [ -106.982640086069424, 28.386341202021143 ], [ -106.984480497969855, 28.383599098558395 ], [ -106.98595867897113, 28.382017339976485 ], [ -106.987685704885394, 28.380433802808028 ], [ -106.988654002546767, 28.377615130147415 ], [ -106.988125799407115, 28.374476270893926 ], [ -106.987969332515419, 28.371169371960775 ], [ -106.987692453639312, 28.368276825488291 ], [ -106.987796876494855, 28.366208578704502 ], [ -106.988019320953867, 28.363477892757412 ], [ -106.988358176436975, 28.359919377653661 ], [ -106.991658118105278, 28.353776132759492 ], [ -106.99451960966573, 28.353755762061922 ], [ -106.997631535204192, 28.353898940542326 ], [ -107.001001197034554, 28.354949897697534 ], [ -107.004118030133753, 28.355589089971346 ], [ -107.00836359894295, 28.357129747565384 ], [ -107.010862537328592, 28.358186746214123 ], [ -107.012981715204916, 28.35858486084577 ], [ -107.018398007189546, 28.360173151037333 ], [ -107.023713818620422, 28.361731715811796 ], [ -107.027204216215637, 28.362367619308838 ], [ -107.030068381199939, 28.362594568853261 ], [ -107.03552864370188, 28.361148208182506 ], [ -107.037865753803871, 28.358484458090448 ], [ -107.06301585362084, 28.358018433046777 ], [ -107.064385996955622, 28.359506561258055 ] ] ] ] } },
{ "type": "Feature", "properties": { "ID": 354, "ENTIDAD": 8, "DISTRITO_F": 7, "DISTRITO_L": 14, "MUNICIPIO": 17, "SECCION": 385, "TIPO": 4, "CONTROL": 9941, "GEOMETRY1_": null }, "geometry": { "type": "MultiPolygon", "coordinates": [ [ [ [ -106.927814758179053, 28.420376633515652 ], [ -106.926689629856142, 28.419680570381544 ], [ -106.926127110413191, 28.419332559348998 ], [ -106.918140585472699, 28.361925886375552 ], [ -106.921124159599742, 28.361511845336267 ], [ -106.921720613203505, 28.361429065222637 ], [ -106.923927655317868, 28.360593495378726 ], [ -106.924954186533881, 28.360932240356888 ], [ -106.928033780181892, 28.360593495378652 ], [ -106.928521382628318, 28.361158071359338 ], [ -106.929522250564347, 28.361767808921094 ], [ -106.930651434782746, 28.361812973485854 ], [ -106.931031643840825, 28.36156839865361 ], [ -106.932742948978515, 28.360467551191171 ], [ -106.935468136772812, 28.359126089940833 ], [ -106.939570269990654, 28.358685041826252 ], [ -106.940795406740605, 28.356609245027357 ], [ -106.942368527706975, 28.351801927289227 ], [ -106.945311539507244, 28.347150736933131 ], [ -106.9475209388293, 28.343910398788839 ], [ -106.951841927788578, 28.340324856465678 ], [ -106.956668725127571, 28.337645444612505 ], [ -106.958523806384164, 28.336474911479733 ], [ -106.95988826438294, 28.336052039043921 ], [ -106.959492562998548, 28.333656410478692 ], [ -106.959090674986513, 28.330599208609478 ], [ -106.960301928368125, 28.327117426001379 ], [ -106.962404777336204, 28.325862444651627 ], [ -106.963888010625681, 28.324859809752706 ], [ -106.959714377539498, 28.317528061643284 ], [ -106.956695407115134, 28.313909853972071 ], [ -106.954070554851228, 28.31252183795835 ], [ -106.947743905077758, 28.314301560450087 ], [ -106.945630383487028, 28.314398555714224 ], [ -106.943271166789785, 28.314827983353197 ], [ -106.941050000683902, 28.316745086187751 ], [ -106.9373347329322, 28.318506763130632 ], [ -106.933726334959516, 28.318365471050473 ], [ -106.948950186614553, 28.296843213328263 ], [ -106.948194137932703, 28.295773200499642 ], [ -106.949155975423338, 28.292210487025876 ], [ -106.95199821315498, 28.290289056858569 ], [ -106.954848050219425, 28.289194541983104 ], [ -106.957320949265636, 28.287689034119502 ], [ -106.961139000855297, 28.283775906377628 ], [ -106.964468011105922, 28.280775768994911 ], [ -106.966197724356391, 28.279606030895234 ], [ -106.967555198704559, 28.278521543671449 ], [ -106.968657751864015, 28.276777190150934 ], [ -106.972285450480285, 28.274388473643132 ], [ -106.974526713796294, 28.273318003920014 ], [ -106.976763315567524, 28.277699947435483 ], [ -106.978502428525374, 28.2818332481807 ], [ -106.978126755327537, 28.2845588989953 ], [ -106.978621867424565, 28.287946774534831 ], [ -106.979865380029352, 28.289518295889444 ], [ -106.983223453828259, 28.293240878000496 ], [ -106.985460685746304, 28.297870464809673 ], [ -106.988319761081812, 28.30365746837214 ], [ -106.991179390860296, 28.309113944151488 ], [ -106.995657829581731, 28.314737806188472 ], [ -106.997773337105627, 28.316558163209987 ], [ -106.999015762187, 28.320938263183109 ], [ -107.007725325526991, 28.333341421513371 ], [ -107.009649825829143, 28.334088751313157 ], [ -107.031632144656584, 28.342622281028309 ], [ -107.056041518299992, 28.344794812831474 ], [ -107.056539645674889, 28.345373533276792 ], [ -107.057535859400744, 28.347770100560794 ], [ -107.058781157394804, 28.351901665462545 ], [ -107.059467230247634, 28.353842823761827 ], [ -107.060151118850612, 28.355785496006433 ], [ -107.06301585362084, 28.358018433046777 ], [ -107.037865753803871, 28.358484458090448 ], [ -107.03552864370188, 28.361148208182506 ], [ -107.030068381199939, 28.362594568853261 ], [ -107.027204216215637, 28.362367619308838 ], [ -107.023713818620422, 28.361731715811796 ], [ -107.018398007189546, 28.360173151037333 ], [ -107.012981715204916, 28.35858486084577 ], [ -107.010862537328592, 28.358186746214123 ], [ -107.00836359894295, 28.357129747565384 ], [ -107.004118030133753, 28.355589089971346 ], [ -107.001001197034554, 28.354949897697534 ], [ -106.997631535204192, 28.353898940542326 ], [ -106.99451960966573, 28.353755762061922 ], [ -106.991658118105278, 28.353776132759492 ], [ -106.988358176436975, 28.359919377653661 ], [ -106.988019320953867, 28.363477892757412 ], [ -106.987796876494855, 28.366208578704502 ], [ -106.987692453639312, 28.368276825488291 ], [ -106.987969332515419, 28.371169371960775 ], [ -106.988125799407115, 28.374476270893926 ], [ -106.988654002546767, 28.377615130147415 ], [ -106.987685704885394, 28.380433802808028 ], [ -106.98595867897113, 28.382017339976485 ], [ -106.984480497969855, 28.383599098558395 ], [ -106.982640086069424, 28.386341202021143 ], [ -106.981044510355744, 28.388668057769401 ], [ -106.981076365155715, 28.391975843158569 ], [ -106.971881439401898, 28.393611631280052 ], [ -106.971930098452219, 28.394683579639377 ], [ -106.97202410397216, 28.396754396360581 ], [ -106.972512046043391, 28.407500898671469 ], [ -106.971788891330377, 28.409986961690006 ], [ -106.95908786578255, 28.409941161533393 ], [ -106.956102811658042, 28.409930225277407 ], [ -106.955680206049024, 28.400036489833155 ], [ -106.955535754899728, 28.396654104064133 ], [ -106.955533541715269, 28.396602276910702 ], [ -106.955520307166523, 28.396292355592497 ], [ -106.955304801301196, 28.391245282291891 ], [ -106.955150069511035, 28.388020999727491 ], [ -106.953894665521801, 28.386871782101437 ], [ -106.94967094515394, 28.387727638698934 ], [ -106.94620158005516, 28.389405262219853 ], [ -106.941725703014271, 28.389931784339513 ], [ -106.939114368215755, 28.390197507028542 ], [ -106.936880967551858, 28.390956850837398 ], [ -106.936988695475435, 28.397851998749985 ], [ -106.936992448203, 28.398092144437687 ], [ -106.937015805836012, 28.399586779930317 ], [ -106.937025827779479, 28.400228037058991 ], [ -106.937167290622611, 28.409277102675837 ], [ -106.937184688398929, 28.410389680598762 ], [ -106.93669362584879, 28.411137298398437 ], [ -106.934463582277871, 28.412310104746471 ], [ -106.932977365296821, 28.413147087557284 ], [ -106.9310075943106, 28.415558620280507 ], [ -106.929533429485502, 28.417718713905888 ], [ -106.927814758179053, 28.420376633515652 ] ] ] ] } },
{ "type": "Feature", "properties": { "ID": 355, "ENTIDAD": 8, "DISTRITO_F": 7, "DISTRITO_L": 14, "MUNICIPIO": 17, "SECCION": 386, "TIPO": 3, "CONTROL": 17673, "GEOMETRY1_": null }, "geometry": { "type": "MultiPolygon", "coordinates": [ [ [ [ -106.757146066636381, 28.424302037663832 ], [ -106.75663492762466, 28.422567956398673 ], [ -106.756238339663255, 28.419509940147197 ], [ -106.754851371619125, 28.417201629858905 ], [ -106.753850387485855, 28.416545367786707 ], [ -106.750230579068869, 28.415324206766435 ], [ -106.749208644584854, 28.411855971082677 ], [ -106.74794396204544, 28.409216094247025 ], [ -106.747178535369045, 28.406738955429581 ], [ -106.746539479332199, 28.404509259441749 ], [ -106.7463217141906, 28.40373572287892 ], [ -106.746028009754056, 28.402692417424717 ], [ -106.745622128700901, 28.401421548158623 ], [ -106.745263296328716, 28.400297965888985 ], [ -106.744628005369961, 28.398564481808695 ], [ -106.743851607463256, 28.39859604996753 ], [ -106.721231484274128, 28.399513831406207 ], [ -106.722574569884017, 28.395867754932819 ], [ -106.724795462045179, 28.393126928363319 ], [ -106.725030665831667, 28.3912234224141 ], [ -106.725014531397576, 28.388990380731258 ], [ -106.724998997638451, 28.386840043605456 ], [ -106.72609827208025, 28.383939570810956 ], [ -106.727079615742568, 28.381949492880352 ], [ -106.7275702744531, 28.38095445165489 ], [ -106.707529635755918, 28.380725954150698 ], [ -106.707472299020779, 28.390237767058039 ], [ -106.679846444659589, 28.391449310278251 ], [ -106.679461210436415, 28.389714268610966 ], [ -106.678952080120808, 28.388062532611304 ], [ -106.677697828605019, 28.386662513466529 ], [ -106.676446408612023, 28.385676016740636 ], [ -106.675062724460204, 28.383532203660348 ], [ -106.673931928919316, 28.381966133142292 ], [ -106.672292699840952, 28.380668394067172 ], [ -106.676409331402198, 28.379361681662822 ], [ -106.680698360008563, 28.378490665952004 ], [ -106.694468586379998, 28.375693209840907 ], [ -106.710664290600846, 28.371636920279848 ], [ -106.722933283781543, 28.3770100941301 ], [ -106.725673901882288, 28.378210105216407 ], [ -106.726048984457634, 28.378340263206148 ], [ -106.72712385259085, 28.378713247250726 ], [ -106.728996924526811, 28.377397512670267 ], [ -106.730868159967883, 28.37666009645201 ], [ -106.731374198504383, 28.374183126844631 ], [ -106.732889534565473, 28.369214500997213 ], [ -106.733765542027726, 28.366341965860965 ], [ -106.73452646423695, 28.361965533906975 ], [ -106.735672236288664, 28.360485790194566 ], [ -106.737653200442779, 28.357927295915449 ], [ -106.743392661287416, 28.354888861795551 ], [ -106.748008511924439, 28.352590221181408 ], [ -106.756109781330125, 28.351045935196861 ], [ -106.758228068061769, 28.350804664576135 ], [ -106.760848097562459, 28.349325604291661 ], [ -106.762847111832372, 28.347183628259835 ], [ -106.764473994702257, 28.344462145514427 ], [ -106.767344260077849, 28.342488015064902 ], [ -106.770335343696004, 28.341836115782581 ], [ -106.774322126558658, 28.341434993259874 ], [ -106.779933780229712, 28.343722789173157 ], [ -106.795349926724469, 28.350006013611793 ], [ -106.792618373146979, 28.346528243792964 ], [ -106.792499465199185, 28.344297184325569 ], [ -106.79611049435708, 28.344720542364605 ], [ -106.799715846624636, 28.34745711899259 ], [ -106.804448618423592, 28.347635530008006 ], [ -106.812783501609729, 28.352119725864966 ], [ -106.81538955787623, 28.356340278081383 ], [ -106.817372969026522, 28.360559109829889 ], [ -106.821231708018743, 28.361891227828089 ], [ -106.823480665592257, 28.358922892960159 ], [ -106.826235802575937, 28.352320656645841 ], [ -106.837360516238192, 28.33400806387154 ], [ -106.839976712270214, 28.333601571760678 ], [ -106.863512161515928, 28.334897906600997 ], [ -106.866576505282254, 28.294257564283193 ], [ -106.899201673402501, 28.28662221462233 ], [ -106.910287811965446, 28.284025699470522 ], [ -106.912774983987319, 28.285683006974462 ], [ -106.918620251050925, 28.289494870063443 ], [ -106.922852684937283, 28.289503082281794 ], [ -106.927334721851381, 28.289015947175823 ], [ -106.930571787446411, 28.288608960758094 ], [ -106.934434392761844, 28.285642002137624 ], [ -106.937924055671061, 28.282095965663629 ], [ -106.941909627333857, 28.280037796028218 ], [ -106.945646291286337, 28.277813850291317 ], [ -106.947640739516814, 28.275173701565386 ], [ -106.950381863533693, 28.272534822458798 ], [ -106.954740205996615, 28.270476951207716 ], [ -106.957726719109175, 28.270977678943392 ], [ -106.961833070922467, 28.271810644112279 ], [ -106.965317883068437, 28.271898954844161 ], [ -106.969175013533402, 28.273144356231686 ], [ -106.972285450480285, 28.274388473643132 ], [ -106.968657751864015, 28.276777190150934 ], [ -106.967555198704559, 28.278521543671449 ], [ -106.966197724356391, 28.279606030895234 ], [ -106.964468011105922, 28.280775768994911 ], [ -106.961139000855297, 28.283775906377628 ], [ -106.957320949265636, 28.287689034119502 ], [ -106.954848050219425, 28.289194541983104 ], [ -106.95199821315498, 28.290289056858569 ], [ -106.949155975423338, 28.292210487025876 ], [ -106.948194137932703, 28.295773200499642 ], [ -106.948950186614553, 28.296843213328263 ], [ -106.933726334959516, 28.318365471050473 ], [ -106.9373347329322, 28.318506763130632 ], [ -106.941050000683902, 28.316745086187751 ], [ -106.943271166789785, 28.314827983353197 ], [ -106.945630383487028, 28.314398555714224 ], [ -106.947743905077758, 28.314301560450087 ], [ -106.954070554851228, 28.31252183795835 ], [ -106.956695407115134, 28.313909853972071 ], [ -106.959714377539498, 28.317528061643284 ], [ -106.963888010625681, 28.324859809752706 ], [ -106.962404777336204, 28.325862444651627 ], [ -106.960301928368125, 28.327117426001379 ], [ -106.959090674986513, 28.330599208609478 ], [ -106.959492562998548, 28.333656410478692 ], [ -106.95988826438294, 28.336052039043921 ], [ -106.958523806384164, 28.336474911479733 ], [ -106.956668725127571, 28.337645444612505 ], [ -106.951841927788578, 28.340324856465678 ], [ -106.9475209388293, 28.343910398788839 ], [ -106.945311539507244, 28.347150736933131 ], [ -106.942368527706975, 28.351801927289227 ], [ -106.940795406740605, 28.356609245027357 ], [ -106.939570269990654, 28.358685041826252 ], [ -106.935468136772812, 28.359126089940833 ], [ -106.932742948978515, 28.360467551191171 ], [ -106.931031643840825, 28.36156839865361 ], [ -106.930651434782746, 28.361812973485854 ], [ -106.929522250564347, 28.361767808921094 ], [ -106.928521382628318, 28.361158071359338 ], [ -106.928033780181892, 28.360593495378652 ], [ -106.924954186533881, 28.360932240356888 ], [ -106.923927655317868, 28.360593495378726 ], [ -106.921720613203505, 28.361429065222637 ], [ -106.921124159599742, 28.361511845336267 ], [ -106.918140585472699, 28.361925886375552 ], [ -106.916510967167966, 28.362704989224103 ], [ -106.915343287910176, 28.363709910539004 ], [ -106.914329588334709, 28.364421253583156 ], [ -106.913803491086796, 28.364940643905246 ], [ -106.913598184843664, 28.365471322695676 ], [ -106.91273846495055, 28.366035871687213 ], [ -106.913046424201994, 28.366995597037633 ], [ -106.912327852464315, 28.367977897281097 ], [ -106.911917239978095, 28.368271456197117 ], [ -106.911147341566377, 28.367526266593845 ], [ -106.91045443299582, 28.367594011319419 ], [ -106.909864177434812, 28.368192420141781 ], [ -106.908968179829955, 28.368001157512698 ], [ -106.908170401041104, 28.367797245236886 ], [ -106.907323512788253, 28.368045641718517 ], [ -106.905937695647239, 28.367752082177752 ], [ -106.905296113637505, 28.368316619035191 ], [ -106.905552746330812, 28.369061802045259 ], [ -106.905450093209268, 28.370687639993736 ], [ -106.904680194797876, 28.371816679466427 ], [ -106.903397030778791, 28.372448936322819 ], [ -106.901002855929292, 28.37341211463141 ], [ -106.899019106604584, 28.37425192793879 ], [ -106.894555915508448, 28.376182756645381 ], [ -106.886096769880538, 28.376202466265816 ], [ -106.881302685866274, 28.379674540453003 ], [ -106.87781441240611, 28.384522403982846 ], [ -106.877170213214939, 28.378147392679711 ], [ -106.876403617993972, 28.378167045094454 ], [ -106.875394813888363, 28.371818360889268 ], [ -106.873539760450498, 28.371294589991962 ], [ -106.873278464915785, 28.373113882269294 ], [ -106.87231290213451, 28.373142410264151 ], [ -106.872542278110856, 28.375397440164576 ], [ -106.873820726594118, 28.375501929354012 ], [ -106.873404650127881, 28.378330375749549 ], [ -106.870282639217749, 28.378476051669697 ], [ -106.868341280725261, 28.375095237300961 ], [ -106.863422055735725, 28.377871781441225 ], [ -106.863071700025728, 28.377443946948901 ], [ -106.862673333989335, 28.376980497846436 ], [ -106.862402726464708, 28.376635885873782 ], [ -106.862069211078136, 28.376218546074458 ], [ -106.861866491530051, 28.375964882171161 ], [ -106.860136743920734, 28.377208556885606 ], [ -106.85823911201976, 28.378682013225625 ], [ -106.857570156313955, 28.377371112743273 ], [ -106.855919234656838, 28.378636247599879 ], [ -106.855760614237127, 28.378755755429182 ], [ -106.850514071185145, 28.382766861855558 ], [ -106.851430801014729, 28.384607810362809 ], [ -106.851098439889242, 28.384847892243947 ], [ -106.850764023328097, 28.385081369047775 ], [ -106.850704833523139, 28.385015835599951 ], [ -106.850224704899844, 28.384650351687643 ], [ -106.850011689307138, 28.384488199619042 ], [ -106.848257690029129, 28.385749465304137 ], [ -106.847429997553377, 28.38634627207389 ], [ -106.846659688963669, 28.386974068184013 ], [ -106.845889371252312, 28.387601860304695 ], [ -106.84508870466351, 28.388254373990467 ], [ -106.844397660811623, 28.388817539273436 ], [ -106.844085503154218, 28.389071928733529 ], [ -106.84308612382506, 28.389677262839992 ], [ -106.836815000006411, 28.393475000343997 ], [ -106.835668293270558, 28.394169892028163 ], [ -106.833492901774349, 28.396159217669855 ], [ -106.829975517418688, 28.39940854320594 ], [ -106.830186302512132, 28.401935976225456 ], [ -106.829917556582203, 28.401846138389576 ], [ -106.82676269442247, 28.400791453489557 ], [ -106.819177762867923, 28.398255383931222 ], [ -106.81555165055272, 28.397042774794333 ], [ -106.807666270940487, 28.392928450573628 ], [ -106.802811174198254, 28.389358580725634 ], [ -106.797251213374494, 28.38458641807372 ], [ -106.790207446051824, 28.382054433078302 ], [ -106.789558225030703, 28.382040672246756 ], [ -106.78236649914443, 28.381888029535578 ], [ -106.777819790751678, 28.387600702836068 ], [ -106.778529788030127, 28.388870396525924 ], [ -106.782955399756105, 28.39678408268513 ], [ -106.776838191000493, 28.394502365529053 ], [ -106.771096546648707, 28.392466419804489 ], [ -106.766446002138849, 28.40291301879099 ], [ -106.770313245983431, 28.403966984794266 ], [ -106.774055438033201, 28.40493882268461 ], [ -106.78246352398736, 28.413576234485454 ], [ -106.785501799131922, 28.420010284740361 ], [ -106.757146066636381, 28.424302037663832 ] ] ] ] } },
{ "type": "Feature", "properties": { "ID": 356, "ENTIDAD": 8, "DISTRITO_F": 7, "DISTRITO_L": 21, "MUNICIPIO": 18, "SECCION": 388, "TIPO": 3, "CONTROL": 7063, "GEOMETRY1_": null }, "geometry": { "type": "MultiPolygon", "coordinates": [ [ [ [ -106.950381863533693, 28.272534822458798 ], [ -106.954740205996615, 28.270476951207716 ], [ -106.954740205996615, 28.270476951207716 ], [ -106.954740205996615, 28.270476951207801 ], [ -106.950381863533693, 28.272534822458798 ] ] ] ] } },
{ "type": "Feature", "properties": { "ID": 358, "ENTIDAD": 8, "DISTRITO_F": 7, "DISTRITO_L": 21, "MUNICIPIO": 18, "SECCION": 390, "TIPO": 4, "CONTROL": 15305, "GEOMETRY1_": null }, "geometry": { "type": "MultiPolygon", "coordinates": [ [ [ [ -106.837360516238192, 28.33400806387154 ], [ -106.839976712270214, 28.333601571760678 ], [ -106.837360516238192, 28.334008063871636 ], [ -106.826235802575937, 28.352320656645841 ], [ -106.837360516238192, 28.33400806387154 ] ] ] ] } },
{ "type": "Feature", "properties": { "ID": 359, "ENTIDAD": 8, "DISTRITO_F": 7, "DISTRITO_L": 21, "MUNICIPIO": 18, "SECCION": 391, "TIPO": 4, "CONTROL": 15306, "GEOMETRY1_": null }, "geometry": { "type": "MultiPolygon", "coordinates": [ [ [ [ -106.680698360008563, 28.378490665952093 ], [ -106.676409331402198, 28.379361681662822 ], [ -106.680698360008563, 28.378490665952004 ], [ -106.694468586379998, 28.375693209840907 ], [ -106.680698360008563, 28.378490665952093 ] ] ], [ [ [ -106.722933283781558, 28.377010094130192 ], [ -106.710664290600846, 28.371636920279848 ], [ -106.722933283781543, 28.3770100941301 ], [ -106.725673901882288, 28.378210105216407 ], [ -106.722933283781558, 28.377010094130192 ] ] ], [ [ [ -106.774322126558644, 28.341434993259877 ], [ -106.774322126558658, 28.341434993259874 ], [ -106.779933780229712, 28.343722789173157 ], [ -106.774322126558644, 28.341434993259877 ] ] ] ] } },
{ "type": "Feature", "properties": { "ID": 360, "ENTIDAD": 8, "DISTRITO_F": 7, "DISTRITO_L": 21, "MUNICIPIO": 18, "SECCION": 393, "TIPO": 4, "CONTROL": 7061, "GEOMETRY1_": null }, "geometry": { "type": "MultiPolygon", "coordinates": [ [ [ [ -106.954740205996615, 28.270476951207801 ], [ -106.954740205996615, 28.270476951207716 ], [ -106.957726719109175, 28.270977678943392 ], [ -106.954740205996615, 28.270476951207801 ] ] ] ] } },
{ "type": "Feature", "properties": { "ID": 1011, "ENTIDAD": 8, "DISTRITO_F": 7, "DISTRITO_L": 21, "MUNICIPIO": 26, "SECCION": 1071, "TIPO": 4, "CONTROL": 15310, "GEOMETRY1_": null }, "geometry": { "type": "MultiPolygon", "coordinates": [ [ [ [ -106.65494652215105, 28.407534263893162 ], [ -106.655187417635872, 28.406294029253726 ], [ -106.655548484439365, 28.404392393487839 ], [ -106.655187417635872, 28.406294029253814 ], [ -106.65494652215105, 28.407534263893162 ] ] ] ] } },
{ "type": "Feature", "properties": { "ID": 1145, "ENTIDAD": 8, "DISTRITO_F": 7, "DISTRITO_L": 13, "MUNICIPIO": 31, "SECCION": 1213, "TIPO": 4, "CONTROL": 15572, "GEOMETRY1_": null }, "geometry": { "type": "MultiPolygon", "coordinates": [ [ [ [ -107.157917134626473, 28.543845637240977 ], [ -107.16239222506448, 28.542815616806472 ], [ -107.16875080467166, 28.543009856590558 ], [ -107.16239222506448, 28.542815616806553 ], [ -107.157917134626473, 28.543845637240977 ] ] ] ] } },
{ "type": "Feature", "properties": { "ID": 1159, "ENTIDAD": 8, "DISTRITO_F": 7, "DISTRITO_L": 13, "MUNICIPIO": 31, "SECCION": 1228, "TIPO": 4, "CONTROL": 15581, "GEOMETRY1_": null }, "geometry": { "type": "MultiPolygon", "coordinates": [ [ [ [ -107.085902975463739, 28.465441606591423 ], [ -107.087158562403232, 28.467747582292198 ], [ -107.088665467923107, 28.470547811486313 ], [ -107.087158562403232, 28.467747582292287 ], [ -107.085902975463739, 28.465441606591423 ] ] ] ] } },
{ "type": "Feature", "properties": { "ID": 1160, "ENTIDAD": 8, "DISTRITO_F": 7, "DISTRITO_L": 13, "MUNICIPIO": 31, "SECCION": 1229, "TIPO": 4, "CONTROL": 7429, "GEOMETRY1_": null }, "geometry": { "type": "MultiPolygon", "coordinates": [ [ [ [ -107.081110778013368, 28.417264552997938 ], [ -107.078741054534731, 28.416786279918046 ], [ -107.081110778013368, 28.41726455299785 ], [ -107.083979334656064, 28.417821696057501 ], [ -107.086601142119193, 28.419042248430621 ], [ -107.083979334656078, 28.417821696057597 ], [ -107.081110778013368, 28.417264552997938 ] ] ], [ [ [ -107.08666657913254, 28.419213726828755 ], [ -107.086601142119193, 28.419042248430621 ], [ -107.086666579132554, 28.419213726828755 ], [ -107.086852878983962, 28.419701924074811 ], [ -107.08666657913254, 28.419213726828755 ] ] ] ] } },
{ "type": "Feature", "properties": { "ID": 2251, "ENTIDAD": 8, "DISTRITO_F": 7, "DISTRITO_L": 13, "MUNICIPIO": 48, "SECCION": 2362, "TIPO": 4, "CONTROL": 10004, "GEOMETRY1_": null }, "geometry": { "type": "MultiPolygon", "coordinates": [ [ [ [ -107.073516257902796, 29.167915629458779 ], [ -107.073463592248871, 29.169237347175574 ], [ -107.073516257902767, 29.167915629458779 ], [ -107.072497495631382, 29.165856718065097 ], [ -107.073516257902796, 29.167915629458779 ] ] ], [ [ [ -107.07253281907812, 29.172397957736251 ], [ -107.072081623948179, 29.172873158841337 ], [ -107.07253281907812, 29.172397957736155 ], [ -107.073410933381908, 29.170558887989021 ], [ -107.07253281907812, 29.172397957736251 ] ] ], [ [ [ -107.070439521601543, 29.189978219542787 ], [ -107.070311192837963, 29.190683051037549 ], [ -107.070439521601529, 29.189978219542787 ], [ -107.070664499095486, 29.188742536110368 ], [ -107.070439521601543, 29.189978219542787 ] ] ], [ [ [ -107.069714967354955, 29.195849983773577 ], [ -107.06975462520731, 29.196191472372654 ], [ -107.069983337090179, 29.19816082342696 ], [ -107.069754625206514, 29.196191472372302 ], [ -107.069714967354813, 29.195849983773495 ], [ -107.069744516046342, 29.195568199549481 ], [ -107.069714967354955, 29.195849983773577 ] ] ], [ [ [ -107.112745678695305, 29.149853375158827 ], [ -107.1128460629279, 29.14671465929521 ], [ -107.112745678695319, 29.149853375158827 ], [ -107.112637405431229, 29.152001149004558 ], [ -107.112745678695305, 29.149853375158827 ] ] ] ] } },
{ "type": "Feature", "properties": { "ID": 2260, "ENTIDAD": 8, "DISTRITO_F": 7, "DISTRITO_L": 13, "MUNICIPIO": 48, "SECCION": 2378, "TIPO": 4, "CONTROL": 16860, "GEOMETRY1_": null }, "geometry": { "type": "MultiPolygon", "coordinates": [ ] } },
{ "type": "Feature", "properties": { "ID": 2254, "ENTIDAD": 8, "DISTRITO_F": 7, "DISTRITO_L": 13, "MUNICIPIO": 48, "SECCION": 2365, "TIPO": 4, "CONTROL": 16859, "GEOMETRY1_": null }, "geometry": { "type": "MultiPolygon", "coordinates": [ ] } },
{ "type": "Feature", "properties": { "ID": 3205, "ENTIDAD": 8, "DISTRITO_F": 7, "DISTRITO_L": 14, "MUNICIPIO": 17, "SECCION": 3356, "TIPO": 2, "CONTROL": 10038, "GEOMETRY1_": null }, "geometry": { "type": "MultiPolygon", "coordinates": [ [ [ [ -106.898538002, 28.389439091999979 ], [ -106.898486652, 28.388987448999959 ], [ -106.898434707, 28.388609408000018 ], [ -106.89836608600001, 28.388207278000031 ], [ -106.898316412000014, 28.387813899 ], [ -106.898257558, 28.387437417999958 ], [ -106.898200775, 28.387044139999954 ], [ -106.898131241, 28.386598822000014 ], [ -106.898093479000011, 28.386281752 ], [ -106.898071127, 28.386122929000031 ], [ -106.897972568000014, 28.385422611999985 ], [ -106.897871340905922, 28.384935224114518 ], [ -106.902500657299996, 28.384376703217647 ], [ -106.902594416000014, 28.384141013999969 ], [ -106.903111798, 28.384087947999987 ], [ -106.904322748, 28.383979346999968 ], [ -106.905751841, 28.38385371 ], [ -106.905885482405779, 28.385058014945006 ], [ -106.905982184191487, 28.385937885500688 ], [ -106.906195277868832, 28.387405445240468 ], [ -106.906321369, 28.388547275 ], [ -106.905919603, 28.388582668999987 ], [ -106.905594754230165, 28.388622964426844 ], [ -106.905499153, 28.388634823000025 ], [ -106.90505878, 28.38868818499995 ], [ -106.904609173, 28.388725909000033 ], [ -106.904164271, 28.388765666 ], [ -106.903719184, 28.38881695199996 ], [ -106.903109598, 28.388904077000038 ], [ -106.902608349000019, 28.388973984999982 ], [ -106.902083395, 28.389044176000034 ], [ -106.901603742, 28.389087495999966 ], [ -106.901108947, 28.389132539999984 ], [ -106.900625977, 28.389194477000018 ], [ -106.900171891, 28.38925111900004 ], [ -106.899623091, 28.389313275000024 ], [ -106.899083992, 28.389387864999975 ], [ -106.898538002, 28.389439091999979 ] ] ] ] } },
{ "type": "Feature", "properties": { "ID": 2396, "ENTIDAD": 8, "DISTRITO_F": 7, "DISTRITO_L": 13, "MUNICIPIO": 54, "SECCION": 2527, "TIPO": 4, "CONTROL": 15345, "GEOMETRY1_": null }, "geometry": { "type": "MultiPolygon", "coordinates": [ [ [ [ -106.545470085893953, 28.42585591203359 ], [ -106.546933155492567, 28.424098907514185 ], [ -106.547108692876378, 28.420797908409657 ], [ -106.546933155492567, 28.424098907514271 ], [ -106.545470085893953, 28.42585591203359 ] ] ] ] } },
{ "type": "Feature", "properties": { "ID": 3164, "ENTIDAD": 8, "DISTRITO_F": 7, "DISTRITO_L": 14, "MUNICIPIO": 17, "SECCION": 3315, "TIPO": 2, "CONTROL": 17665, "GEOMETRY1_": null }, "geometry": { "type": "MultiPolygon", "coordinates": [ [ [ [ -106.821672253397495, 28.438964249071258 ], [ -106.822470698163755, 28.436904382408002 ], [ -106.822646323441987, 28.436451285252314 ], [ -106.822994702631206, 28.43555252457163 ], [ -106.823164048076976, 28.435139060464177 ], [ -106.823351911773017, 28.434680420177955 ], [ -106.823529513441997, 28.434246829441065 ], [ -106.823711252621123, 28.433803133893338 ], [ -106.823891729123005, 28.433359640918486 ], [ -106.824070101657, 28.432921351202626 ], [ -106.824252945506458, 28.43247199673862 ], [ -106.824443035555291, 28.432004868271051 ], [ -106.824993485711431, 28.430641323734449 ], [ -106.825175802843006, 28.43018969024066 ], [ -106.825351788625994, 28.429753737076094 ], [ -106.825534392985006, 28.429301384593835 ], [ -106.825703418963997, 28.428882665449343 ], [ -106.825884387499002, 28.428434358023612 ], [ -106.825972217566999, 28.42821883481033 ], [ -106.826066099880009, 28.427988302162262 ], [ -106.8262420396957, 28.427556412888332 ], [ -106.826421642060353, 28.427115529365871 ], [ -106.826604248816679, 28.426667267021596 ], [ -106.827132598166003, 28.426840593690496 ], [ -106.827661579633997, 28.427010961817601 ], [ -106.828131226790006, 28.427160503185689 ], [ -106.828652510718001, 28.427316436192157 ], [ -106.829198605648997, 28.427475086597479 ], [ -106.829689439526007, 28.427628174812458 ], [ -106.830197104578005, 28.427775768315438 ], [ -106.830702784543007, 28.427933352193374 ], [ -106.831244017288, 28.428090495389817 ], [ -106.831763171009001, 28.428240041487669 ], [ -106.832263373090996, 28.428359217425207 ], [ -106.833770440324017, 28.428831370008002 ], [ -106.834965496555995, 28.429193484509103 ], [ -106.835357017971006, 28.429314499907797 ], [ -106.835039745167606, 28.429534243877676 ], [ -106.834742899500682, 28.429738175807785 ], [ -106.833462861789371, 28.430617541253763 ], [ -106.832265625126354, 28.431472959940855 ], [ -106.831200667459782, 28.432233843953121 ], [ -106.830651326708619, 28.432626326630526 ], [ -106.83026552709822, 28.432901962521534 ], [ -106.830127559508227, 28.433004298145462 ], [ -106.829389014328612, 28.43355209862661 ], [ -106.82827537758638, 28.434333169097698 ], [ -106.827438719596742, 28.434919962010081 ], [ -106.826807359415554, 28.435362762274156 ], [ -106.826711542852209, 28.435429960679585 ], [ -106.826649287372504, 28.435473622585508 ], [ -106.825948065778832, 28.435965410203345 ], [ -106.825336840584967, 28.436394072283342 ], [ -106.825133512666937, 28.436536668089328 ], [ -106.824974235731347, 28.436648370281972 ], [ -106.824562059622991, 28.436937430787086 ], [ -106.823582539809493, 28.437624360329842 ], [ -106.822501589897229, 28.438373615040753 ], [ -106.821672253397495, 28.438964249071258 ] ] ] ] } },
{ "type": "Feature", "properties": { "ID": 3165, "ENTIDAD": 8, "DISTRITO_F": 7, "DISTRITO_L": 14, "MUNICIPIO": 17, "SECCION": 3316, "TIPO": 2, "CONTROL": 17669, "GEOMETRY1_": null }, "geometry": { "type": "MultiPolygon", "coordinates": [ [ [ [ -106.835357017971006, 28.429314499907797 ], [ -106.834965496555995, 28.429193484509103 ], [ -106.833770440324017, 28.428831370008002 ], [ -106.832263373090996, 28.428359217425207 ], [ -106.831763171009001, 28.428240041487669 ], [ -106.831244017288, 28.428090495389817 ], [ -106.830702784543007, 28.427933352193374 ], [ -106.830197104578005, 28.427775768315438 ], [ -106.829689439526007, 28.427628174812458 ], [ -106.829198605648997, 28.427475086597479 ], [ -106.828652510718001, 28.427316436192157 ], [ -106.828131226790006, 28.427160503185689 ], [ -106.827661579633997, 28.427010961817601 ], [ -106.827132598166003, 28.426840593690496 ], [ -106.826604248816679, 28.426667267021596 ], [ -106.826778290742666, 28.426235757160878 ], [ -106.826959601716695, 28.425785952760059 ], [ -106.827139750650886, 28.425339027473179 ], [ -106.827280659295667, 28.424989449480027 ], [ -106.827314408192635, 28.424905722046404 ], [ -106.827498532920728, 28.424449329257072 ], [ -106.827685358324089, 28.423986238302849 ], [ -106.82785920556843, 28.423555313203217 ], [ -106.82801956633196, 28.423157814752273 ], [ -106.828266528902915, 28.422545644051336 ], [ -106.828958277729029, 28.422242952209878 ], [ -106.829523145785643, 28.422016581069737 ], [ -106.830126742262181, 28.42175699183646 ], [ -106.830738824208311, 28.421509102848017 ], [ -106.830846030127006, 28.421470663689103 ], [ -106.831476299190001, 28.421195932832426 ], [ -106.832248417667998, 28.420847133227291 ], [ -106.833338768431616, 28.420364109097054 ], [ -106.833864869026186, 28.420151689723166 ], [ -106.834375352905028, 28.419941785929279 ], [ -106.835186573634132, 28.419624242370165 ], [ -106.835426233922007, 28.419530428683501 ], [ -106.835115431102665, 28.420567328341523 ], [ -106.834742069133, 28.421551259044424 ], [ -106.834427327903001, 28.422413584289565 ], [ -106.834832716248158, 28.422750836019873 ], [ -106.835242487170049, 28.42310735810932 ], [ -106.836111328369171, 28.423811730195482 ], [ -106.836671396700453, 28.42426577103582 ], [ -106.836710063652959, 28.424293986391501 ], [ -106.838351088960081, 28.425491376285013 ], [ -106.839569092531619, 28.426380073774872 ], [ -106.838242097463649, 28.427306180516972 ], [ -106.837844098085966, 28.427583937825624 ], [ -106.836544880071159, 28.428489600926348 ], [ -106.83605746986261, 28.428829359416408 ], [ -106.835357017971006, 28.429314499907797 ] ] ] ] } },
{ "type": "Feature", "properties": { "ID": 2390, "ENTIDAD": 8, "DISTRITO_F": 7, "DISTRITO_L": 13, "MUNICIPIO": 54, "SECCION": 2520, "TIPO": 4, "CONTROL": 7083, "GEOMETRY1_": null }, "geometry": { "type": "MultiPolygon", "coordinates": [ [ [ [ -106.850115795776219, 28.81701688748522 ], [ -106.846430440596777, 28.820136324996888 ], [ -106.850115795776219, 28.817016887485124 ], [ -106.852775125425538, 28.812756734459835 ], [ -106.850115795776219, 28.81701688748522 ] ] ], [ [ [ -106.888804254646431, 28.903021827593317 ], [ -106.888731494434381, 28.904892096372048 ], [ -106.888804254646431, 28.903021827593236 ], [ -106.888918171037403, 28.900093625235495 ], [ -106.888804254646431, 28.903021827593317 ] ] ], [ [ [ -106.795278502106996, 28.927990687760527 ], [ -106.791810547606588, 28.930998404428713 ], [ -106.795278502106996, 28.927990687760431 ], [ -106.799371049772887, 28.924894689996339 ], [ -106.795278502106996, 28.927990687760527 ] ] ], [ [ [ -106.810992507127551, 28.983180606860497 ], [ -106.810294075775928, 28.987404683887288 ], [ -106.810992507127551, 28.983180606860408 ], [ -106.81244226017094, 28.978949831506611 ], [ -106.810992507127551, 28.983180606860497 ] ] ], [ [ [ -106.783303130108152, 29.063729346830556 ], [ -106.782449281775499, 29.065638962633031 ], [ -106.783303130108152, 29.06372934683046 ], [ -106.783407011567917, 29.061991677218323 ], [ -106.783303130108152, 29.063729346830556 ] ] ], [ [ [ -106.873116164872428, 28.793405636425092 ], [ -106.871539824607055, 28.795664004391597 ], [ -106.873116164872428, 28.793405636425003 ], [ -106.874747123096427, 28.793626635975922 ], [ -106.873116164872428, 28.793405636425092 ] ] ], [ [ [ -106.775601546931043, 28.946604913142234 ], [ -106.775601546931028, 28.946604913142167 ], [ -106.77893316364468, 28.942606312185212 ], [ -106.775601546931043, 28.946604913142234 ] ] ] ] } },
{ "type": "Feature", "properties": { "ID": 3200, "ENTIDAD": 8, "DISTRITO_F": 7, "DISTRITO_L": 14, "MUNICIPIO": 17, "SECCION": 3351, "TIPO": 2, "CONTROL": 10040, "GEOMETRY1_": null }, "geometry": { "type": "MultiPolygon", "coordinates": [ [ [ [ -106.874383024000011, 28.400710717000027 ], [ -106.874280264, 28.400571975000048 ], [ -106.87369769, 28.400046373 ], [ -106.873284176300913, 28.399174734285701 ], [ -106.873341223768065, 28.399153732679242 ], [ -106.873429451515491, 28.399121252219114 ], [ -106.873878804, 28.398832463999987 ], [ -106.874636264, 28.398316439999981 ], [ -106.875455851, 28.397784101 ], [ -106.876357158, 28.397159803000022 ], [ -106.876161789, 28.396876237000026 ], [ -106.8758147, 28.396521406000012 ], [ -106.875645391, 28.39645471 ], [ -106.875280158, 28.395926897000027 ], [ -106.87531262, 28.395718803999962 ], [ -106.875315195, 28.395204635999974 ], [ -106.875212598, 28.394661068 ], [ -106.875157108, 28.394426490999976 ], [ -106.875074402, 28.394076858999959 ], [ -106.875085986, 28.393599468000016 ], [ -106.875225072, 28.392727757999968 ], [ -106.875539224, 28.391835753 ], [ -106.875719956, 28.391550985999981 ], [ -106.875803194363939, 28.391419833249905 ], [ -106.875900688033042, 28.39126621869465 ], [ -106.87596499856916, 28.39116488841789 ], [ -106.876444196, 28.390644155000015 ], [ -106.876877712, 28.39035639799998 ], [ -106.877340701, 28.390098352 ], [ -106.877578728, 28.390051628999956 ], [ -106.877872479, 28.390091022000036 ], [ -106.878098397, 28.390155314000022 ], [ -106.878127483173316, 28.390614764309163 ], [ -106.878156569978898, 28.391074215048711 ], [ -106.878200408, 28.391766668999981 ], [ -106.87988019, 28.391562473 ], [ -106.881231788, 28.391398154 ], [ -106.881822497, 28.391351451000034 ], [ -106.883159686, 28.391169771999966 ], [ -106.884630027, 28.391002059 ], [ -106.885737489, 28.390867000999979 ], [ -106.885966838, 28.390843119000046 ], [ -106.886011988, 28.391113278999953 ], [ -106.887472518, 28.390928555 ], [ -106.887558971, 28.391459806000015 ], [ -106.887623827, 28.391974218 ], [ -106.887689397, 28.392528948000017 ], [ -106.887769293000019, 28.393034192999952 ], [ -106.887809535, 28.393589271000025 ], [ -106.887884525, 28.394103541999975 ], [ -106.887939252, 28.394618092999984 ], [ -106.888012394, 28.395196938 ], [ -106.886556261, 28.39537239700001 ], [ -106.885175321, 28.395436934999971 ], [ -106.883766637, 28.395528391000013 ], [ -106.882394682, 28.395665999000038 ], [ -106.881778983, 28.395727750000017 ], [ -106.881855189007865, 28.396284266562919 ], [ -106.881929207567069, 28.396807520496168 ], [ -106.882002565553648, 28.397326098432817 ], [ -106.882067161769683, 28.397827073894394 ], [ -106.882116623796648, 28.398200705019708 ], [ -106.882140551547806, 28.398350991906447 ], [ -106.882210922, 28.398792976000031 ], [ -106.882255888572899, 28.399330069734333 ], [ -106.882325653323008, 28.399858364376279 ], [ -106.882372041000011, 28.400209630000031 ], [ -106.881614046, 28.400002121999982 ], [ -106.881104345, 28.39987639099996 ], [ -106.880482763, 28.39972305900001 ], [ -106.879346428, 28.399429888999979 ], [ -106.878888092, 28.399311637 ], [ -106.878502, 28.399226943000031 ], [ -106.878252381, 28.399183707999963 ], [ -106.877889672, 28.399142032999958 ], [ -106.877640876, 28.399145463000011 ], [ -106.87748261, 28.399150979000048 ], [ -106.877283172, 28.399173732999962 ], [ -106.877038732, 28.39921044299998 ], [ -106.876895956, 28.39923908400004 ], [ -106.876677904, 28.399275428999982 ], [ -106.8764529, 28.399345212000028 ], [ -106.876256117, 28.399420915999983 ], [ -106.876138305000012, 28.39946623899997 ], [ -106.875835723, 28.399627109000011 ], [ -106.875619489538366, 28.399766785040608 ], [ -106.875314662278214, 28.400014371471872 ], [ -106.874801398552052, 28.400392324351113 ], [ -106.874383024000011, 28.400710717000027 ] ] ] ] } },
{ "type": "Feature", "properties": { "ID": 3201, "ENTIDAD": 8, "DISTRITO_F": 7, "DISTRITO_L": 14, "MUNICIPIO": 17, "SECCION": 3352, "TIPO": 2, "CONTROL": 10041, "GEOMETRY1_": null }, "geometry": { "type": "MultiPolygon", "coordinates": [ [ [ [ -106.888012394, 28.395196938 ], [ -106.887939252, 28.394618092999984 ], [ -106.887884525, 28.394103541999975 ], [ -106.887809535, 28.393589271000025 ], [ -106.887769293000019, 28.393034192999952 ], [ -106.887689397, 28.392528948000017 ], [ -106.887623827, 28.391974218 ], [ -106.887558971, 28.391459806000015 ], [ -106.887472518, 28.390928555 ], [ -106.886011988, 28.391113278999953 ], [ -106.885966838, 28.390843119000046 ], [ -106.885737489, 28.390867000999979 ], [ -106.884630027449774, 28.391002059287516 ], [ -106.884352340191441, 28.389504380846073 ], [ -106.884317920848829, 28.389324365185619 ], [ -106.885177354401549, 28.389221955339409 ], [ -106.885760350554634, 28.388942861436345 ], [ -106.886318538360783, 28.388713384227135 ], [ -106.886498398876086, 28.388527321625062 ], [ -106.886774391735798, 28.388251328765367 ], [ -106.886944949121016, 28.388074569293426 ], [ -106.887155820069992, 28.387798576433735 ], [ -106.887245750327651, 28.387603210701517 ], [ -106.887270558674601, 28.387342723058644 ], [ -106.887593067184824, 28.387072932285719 ], [ -106.887865959001161, 28.386601573693852 ], [ -106.888163659164448, 28.386145720318854 ], [ -106.888501672891493, 28.385996870237172 ], [ -106.888979233570097, 28.385891434762652 ], [ -106.889425783815014, 28.385820110765266 ], [ -106.889856466249682, 28.385811276018895 ], [ -106.893072418440454, 28.385539489340488 ], [ -106.893128364, 28.386586562000019 ], [ -106.89323823, 28.387193370000013 ], [ -106.893300459, 28.387592014999981 ], [ -106.893354301, 28.387936928000027 ], [ -106.893421139000012, 28.388365103000016 ], [ -106.893506401, 28.388843273999957 ], [ -106.893548874, 28.389132850000017 ], [ -106.893659836, 28.390001259000048 ], [ -106.893755752, 28.390642279999959 ], [ -106.893861145, 28.391416271 ], [ -106.894102911, 28.392967072000037 ], [ -106.894120853, 28.393086635000021 ], [ -106.894348324079672, 28.394463527316848 ], [ -106.893738175, 28.39454328 ], [ -106.893277642, 28.394601843999965 ], [ -106.892257637, 28.394731547000035 ], [ -106.891391686, 28.394819825000038 ], [ -106.89068651800001, 28.394891709 ], [ -106.889347416, 28.395036057999967 ], [ -106.888012394, 28.395196938 ] ] ] ] } },
{ "type": "Feature", "properties": { "ID": 3202, "ENTIDAD": 8, "DISTRITO_F": 7, "DISTRITO_L": 14, "MUNICIPIO": 17, "SECCION": 3353, "TIPO": 2, "CONTROL": 10039, "GEOMETRY1_": null }, "geometry": { "type": "MultiPolygon", "coordinates": [ [ [ [ -106.894348324, 28.394463527000035 ], [ -106.894120853, 28.393086635000021 ], [ -106.894102911, 28.392967072000037 ], [ -106.893861145, 28.391416271 ], [ -106.893755752, 28.390642279999959 ], [ -106.893659836, 28.390001259000048 ], [ -106.893548874, 28.389132850000017 ], [ -106.893506401, 28.388843273999957 ], [ -106.893421139000012, 28.388365103000016 ], [ -106.893354301, 28.387936928000027 ], [ -106.893300459, 28.387592014999981 ], [ -106.89323823, 28.387193370000013 ], [ -106.893128364, 28.386586562000019 ], [ -106.893072418440454, 28.385539489340488 ], [ -106.893609811009455, 28.38546728281214 ], [ -106.894107746950468, 28.38540037589198 ], [ -106.894604603773985, 28.385337684667441 ], [ -106.895036356253982, 28.385283206503694 ], [ -106.895482075512291, 28.385226964539939 ], [ -106.896117882984896, 28.385146734164124 ], [ -106.897871340905922, 28.384935224114518 ], [ -106.897972568000014, 28.385422611999985 ], [ -106.898071127, 28.386122929000031 ], [ -106.898093479000011, 28.386281752 ], [ -106.898131241, 28.386598822000014 ], [ -106.898200775, 28.387044139999954 ], [ -106.898257558, 28.387437417999958 ], [ -106.898316412000014, 28.387813899 ], [ -106.89836608600001, 28.388207278000031 ], [ -106.898434707, 28.388609408000018 ], [ -106.898486652, 28.388987448999959 ], [ -106.898538002, 28.389439091999979 ], [ -106.898608425, 28.389921629000039 ], [ -106.898682857, 28.390408448000017 ], [ -106.898755592, 28.390867552999971 ], [ -106.897964713, 28.390960492999973 ], [ -106.897439449, 28.391008152 ], [ -106.896900025, 28.391063112 ], [ -106.897024172, 28.391915138000012 ], [ -106.89716233, 28.392751661000023 ], [ -106.897218013, 28.393216223000014 ], [ -106.897278212, 28.39366814599996 ], [ -106.897348263, 28.394140891000024 ], [ -106.897147424711534, 28.394166219841164 ], [ -106.89660089303274, 28.394235144523428 ], [ -106.896085167050828, 28.394292631677921 ], [ -106.895510240219892, 28.394349203763841 ], [ -106.895100380503919, 28.394389531940266 ], [ -106.894981155515353, 28.394401262855677 ], [ -106.894348324, 28.394463527000035 ] ] ] ] } },
{ "type": "Feature", "properties": { "ID": 3203, "ENTIDAD": 8, "DISTRITO_F": 7, "DISTRITO_L": 14, "MUNICIPIO": 17, "SECCION": 3354, "TIPO": 2, "CONTROL": 10042, "GEOMETRY1_": null }, "geometry": { "type": "MultiPolygon", "coordinates": [ [ [ [ -106.897348263, 28.394140891000024 ], [ -106.897278212, 28.39366814599996 ], [ -106.897218013, 28.393216223000014 ], [ -106.89716233, 28.392751661000023 ], [ -106.897024172, 28.391915138000012 ], [ -106.896900025, 28.391063112 ], [ -106.897439449, 28.391008152 ], [ -106.897964713, 28.390960492999973 ], [ -106.898755592, 28.390867552999971 ], [ -106.898682857, 28.390408448000017 ], [ -106.898608425, 28.389921629000039 ], [ -106.898538002, 28.389439091999979 ], [ -106.899083992, 28.389387864999975 ], [ -106.899623091, 28.389313275000024 ], [ -106.900171891, 28.38925111900004 ], [ -106.900625977, 28.389194477000018 ], [ -106.901108947, 28.389132539999984 ], [ -106.901603742, 28.389087495999966 ], [ -106.902083395, 28.389044176000034 ], [ -106.902608349000019, 28.388973984999982 ], [ -106.902823439, 28.390400557000017 ], [ -106.902955407, 28.391581036 ], [ -106.903035849, 28.392071869999988 ], [ -106.903258654, 28.393493949000042 ], [ -106.902736526132458, 28.39355038244631 ], [ -106.902216882081021, 28.393606545388106 ], [ -106.901673843038367, 28.393665234683088 ], [ -106.901159973434346, 28.393720769430907 ], [ -106.900646103177024, 28.393776302264335 ], [ -106.900274757530212, 28.393817360019863 ], [ -106.899703368644978, 28.393880533488137 ], [ -106.899186559962487, 28.393937670384656 ], [ -106.898724494602178, 28.393985842750507 ], [ -106.89822146220574, 28.394044363462971 ], [ -106.897682801660054, 28.394103910187297 ], [ -106.897348263, 28.394140891000024 ] ] ] ] } },
{ "type": "Feature", "properties": { "ID": 3204, "ENTIDAD": 8, "DISTRITO_F": 7, "DISTRITO_L": 14, "MUNICIPIO": 17, "SECCION": 3355, "TIPO": 2, "CONTROL": 10043, "GEOMETRY1_": null }, "geometry": { "type": "MultiPolygon", "coordinates": [ [ [ [ -106.903258654, 28.393493949000042 ], [ -106.903035849, 28.392071869999988 ], [ -106.902955407, 28.391581036 ], [ -106.902823439, 28.390400557000017 ], [ -106.902608349000019, 28.388973984999982 ], [ -106.903109598, 28.388904077000038 ], [ -106.903719184, 28.38881695199996 ], [ -106.904164271, 28.388765666 ], [ -106.904609173, 28.388725909000033 ], [ -106.90505878, 28.38868818499995 ], [ -106.905499153, 28.388634823000025 ], [ -106.905594754230165, 28.388622964426844 ], [ -106.905919603, 28.388582668999987 ], [ -106.906321369, 28.388547275 ], [ -106.906674313116611, 28.388512393693546 ], [ -106.907126322860449, 28.388468272347858 ], [ -106.907703965880316, 28.388413296857035 ], [ -106.908132409303434, 28.388373205485955 ], [ -106.908646443154325, 28.388327028841008 ], [ -106.909262541806129, 28.388274004387554 ], [ -106.909387035265084, 28.38966018424038 ], [ -106.909532096292978, 28.390803739283548 ], [ -106.909591582738656, 28.391342653696867 ], [ -106.909754433970463, 28.392783370963997 ], [ -106.909274145864188, 28.392833456437156 ], [ -106.908840506290133, 28.392883062171499 ], [ -106.908368816599506, 28.392940931121831 ], [ -106.907799993623215, 28.393013378943948 ], [ -106.907362816962689, 28.393071912712003 ], [ -106.907019263604823, 28.393117140912597 ], [ -106.906860492361233, 28.393138042566452 ], [ -106.906753554258316, 28.393146213239049 ], [ -106.906317285593403, 28.393179545739955 ], [ -106.905876822446118, 28.393232714813323 ], [ -106.90543821980242, 28.393277848106681 ], [ -106.905279422078678, 28.393294188428293 ], [ -106.905001304694494, 28.393320825926345 ], [ -106.904823929181816, 28.393337814277896 ], [ -106.904546751534255, 28.39336436053814 ], [ -106.904380135757989, 28.393380317629997 ], [ -106.903803567060081, 28.393435893528672 ], [ -106.903258654, 28.393493949000042 ] ] ] ] } }
]
}
