{
"type": "FeatureCollection",
"name": "PURISIMADELRINCONSECCIONES",
"crs": { "type": "name", "properties": { "name": "urn:ogc:def:crs:OGC:1.3:CRS84" } },
"features": [
{ "type": "Feature", "properties": { "ID": 46, "ENTIDAD": 11, "MUNICIPIO": 25, "NOMBRE": "PURISIMA DEL RINCON", "CONTROL": 25, "GEOMETRY1_": null, "ID_2": 1462, "ENTIDAD_2": 11, "DISTRITO_F": 5, "DISTRITO_L": 5, "MUNICIPIO_2": 20, "SECCION": 1484, "TIPO": 3, "CONTROL_2": 7155, "GEOMETRY1__2": null }, "geometry": { "type": "MultiPolygon", "coordinates": [ [ [ [ -101.801777956088756, 21.110764922971853 ], [ -101.800183158453493, 21.110967213569808 ], [ -101.801777955954876, 21.11076492297822 ], [ -101.811944945990831, 21.109192001443041 ], [ -101.801777956088756, 21.110764922971853 ] ] ] ] } },
{ "type": "Feature", "properties": { "ID": 46, "ENTIDAD": 11, "MUNICIPIO": 25, "NOMBRE": "PURISIMA DEL RINCON", "CONTROL": 25, "GEOMETRY1_": null, "ID_2": 2022, "ENTIDAD_2": 11, "DISTRITO_F": 7, "DISTRITO_L": 18, "MUNICIPIO_2": 25, "SECCION": 2058, "TIPO": 2, "CONTROL_2": 5320, "GEOMETRY1__2": null }, "geometry": { "type": "MultiPolygon", "coordinates": [ [ [ [ -101.84570056378746, 21.040097399364615 ], [ -101.84576441234131, 21.04004317449958 ], [ -101.847777588841325, 21.039064945529969 ], [ -101.848267700783367, 21.039011101468862 ], [ -101.850513671959789, 21.038764734390799 ], [ -101.850660689528596, 21.038748339417257 ], [ -101.850807707048958, 21.038731944319935 ], [ -101.850823137677864, 21.039387751567624 ], [ -101.850865414317568, 21.039593621967605 ], [ -101.850913891024916, 21.039829683284164 ], [ -101.850947966612523, 21.039911705866597 ], [ -101.850969719728653, 21.039964067245027 ], [ -101.85108716795213, 21.040298383954912 ], [ -101.851214282853633, 21.040659124381619 ], [ -101.8513495145109, 21.04100496092855 ], [ -101.851392169490538, 21.041098356508115 ], [ -101.85172239053891, 21.041821389857024 ], [ -101.851866992282538, 21.042149784205911 ], [ -101.851907990371288, 21.042242891607696 ], [ -101.851956951451825, 21.042438476530155 ], [ -101.852005912691737, 21.042634061420053 ], [ -101.85227668711336, 21.043555295482918 ], [ -101.852535434763197, 21.044435431683162 ], [ -101.852816975016324, 21.045389632380658 ], [ -101.85306679319946, 21.046190551069941 ], [ -101.853259420966168, 21.046750680108296 ], [ -101.853474801216336, 21.047813917039701 ], [ -101.853686736262603, 21.048860969129038 ], [ -101.853941973037792, 21.050121174639749 ], [ -101.854191480801433, 21.051759801360639 ], [ -101.853672238584082, 21.051847349365904 ], [ -101.853282564932073, 21.05191302218433 ], [ -101.853180235130111, 21.051883090708728 ], [ -101.85106393800902, 21.051018810213893 ], [ -101.850975192519257, 21.050971258782941 ], [ -101.848800675073505, 21.04960992066977 ], [ -101.848754274348977, 21.049244222877267 ], [ -101.848448866615499, 21.049177770445873 ], [ -101.848545678211309, 21.048678932422817 ], [ -101.848652068320035, 21.048130736885881 ], [ -101.848840595107973, 21.047159309554392 ], [ -101.848912947786275, 21.046786493571602 ], [ -101.849135954499303, 21.045637385545085 ], [ -101.849321132723375, 21.044683190849828 ], [ -101.849361254342071, 21.044476449272217 ], [ -101.849416579531081, 21.044191364999627 ], [ -101.849510863334785, 21.043705529804807 ], [ -101.84954565681501, 21.043526241869905 ], [ -101.849740478269453, 21.042522337568876 ], [ -101.849944788780888, 21.041469526815103 ], [ -101.847812398932632, 21.040455023859614 ], [ -101.846722950777021, 21.040720411577265 ], [ -101.84574896421627, 21.041206713370713 ], [ -101.845424150633775, 21.04128326100377 ], [ -101.845636715186714, 21.040151624210491 ], [ -101.84570056378746, 21.040097399364615 ] ] ] ] } },
{ "type": "Feature", "properties": { "ID": 46, "ENTIDAD": 11, "MUNICIPIO": 25, "NOMBRE": "PURISIMA DEL RINCON", "CONTROL": 25, "GEOMETRY1_": null, "ID_2": 581, "ENTIDAD_2": 11, "DISTRITO_F": 7, "DISTRITO_L": 18, "MUNICIPIO_2": 8, "SECCION": 588, "TIPO": 4, "CONTROL_2": 5943, "GEOMETRY1__2": null }, "geometry": { "type": "MultiPolygon", "coordinates": [ [ [ [ -102.055681562361698, 20.812650245758373 ], [ -102.056047430408853, 20.81199678219922 ], [ -102.056533191553243, 20.811221739964264 ], [ -102.057077572587701, 20.810447778107665 ], [ -102.057524031628489, 20.809590005105846 ], [ -102.057077572590146, 20.81044777810617 ], [ -102.056533191557833, 20.811221739962559 ], [ -102.056047430415347, 20.81199678219739 ], [ -102.0556815623696, 20.812650245756338 ], [ -102.055022559778138, 20.813298292185465 ], [ -102.055681562361698, 20.812650245758373 ] ] ], [ [ [ -102.057506892015212, 20.806824479886625 ], [ -102.057583142485981, 20.806000608878755 ], [ -102.057731154802838, 20.805459313281325 ], [ -102.057583142486749, 20.806000608877923 ], [ -102.057506892016193, 20.806824479885698 ], [ -102.057814606440076, 20.80783413097797 ], [ -102.057506892015212, 20.806824479886625 ] ] ], [ [ [ -102.057731233111568, 20.804559104607073 ], [ -102.057636017577181, 20.803525749058778 ], [ -102.057714906666092, 20.802578134402413 ], [ -102.057614403959604, 20.801792264873963 ], [ -102.057744863593712, 20.801175713076489 ], [ -102.057875322503037, 20.800559161273362 ], [ -102.057744863594195, 20.801175713076397 ], [ -102.057614403960571, 20.801792264873761 ], [ -102.05771490666659, 20.80257813440214 ], [ -102.057636017577934, 20.803525749058313 ], [ -102.057731233111838, 20.80455910460644 ], [ -102.057773994278335, 20.805302644551663 ], [ -102.057773994278278, 20.805302644551912 ], [ -102.057731233111568, 20.804559104607073 ] ] ], [ [ [ -102.061068291225979, 20.791086051127536 ], [ -102.061140984338806, 20.790427165432408 ], [ -102.061603924004785, 20.789342195770523 ], [ -102.061140984340597, 20.790427165432195 ], [ -102.061068291228025, 20.791086051127227 ], [ -102.057875322503037, 20.800559161273362 ], [ -102.061068291225979, 20.791086051127536 ] ] ] ] } },
{ "type": "Feature", "properties": { "ID": 46, "ENTIDAD": 11, "MUNICIPIO": 25, "NOMBRE": "PURISIMA DEL RINCON", "CONTROL": 25, "GEOMETRY1_": null, "ID_2": 1999, "ENTIDAD_2": 11, "DISTRITO_F": 7, "DISTRITO_L": 18, "MUNICIPIO_2": 25, "SECCION": 2035, "TIPO": 2, "CONTROL_2": 5318, "GEOMETRY1__2": null }, "geometry": { "type": "MultiPolygon", "coordinates": [ [ [ [ -101.857988706970275, 21.037475749370721 ], [ -101.858561228210831, 21.037292870621048 ], [ -101.85885845908723, 21.037206098897151 ], [ -101.859712967247631, 21.036977558746987 ], [ -101.859980752158108, 21.036905938066358 ], [ -101.860588814922878, 21.03674330626491 ], [ -101.861509266945475, 21.036498165245291 ], [ -101.862205053992568, 21.036325805649472 ], [ -101.862311415507165, 21.036294232716937 ], [ -101.862453056872312, 21.036235291057224 ], [ -101.862594698113483, 21.036176349291654 ], [ -101.862774236824492, 21.036176130860706 ], [ -101.862883029918891, 21.036176412407702 ], [ -101.863083048282036, 21.036176929855458 ], [ -101.863300085897407, 21.036177491065093 ], [ -101.864119860401217, 21.036179608308768 ], [ -101.864403355117062, 21.036179787698448 ], [ -101.866311184941367, 21.036180982611125 ], [ -101.867256078700564, 21.036132235731358 ], [ -101.867365960749737, 21.036126566597115 ], [ -101.867879475116908, 21.035738665075094 ], [ -101.868111427553941, 21.035708015246122 ], [ -101.869314923423786, 21.035633348638903 ], [ -101.870252426222279, 21.03556520346417 ], [ -101.870850497981593, 21.035506089663475 ], [ -101.871042841575218, 21.035487077845687 ], [ -101.8712027119021, 21.035471284125414 ], [ -101.871332095549008, 21.035458502906309 ], [ -101.871798927751712, 21.035417134453695 ], [ -101.871891265172664, 21.035456303055369 ], [ -101.872674432590571, 21.035484635104492 ], [ -101.873488093468751, 21.035256615846453 ], [ -101.873642940720714, 21.035213221809251 ], [ -101.874292438180049, 21.035031206382261 ], [ -101.87441754205939, 21.034996146895629 ], [ -101.874946900351745, 21.034847796775374 ], [ -101.875219103471437, 21.034965983737663 ], [ -101.87518412859086, 21.035106189343047 ], [ -101.875174712260645, 21.035371151732054 ], [ -101.875168900769026, 21.035610437520717 ], [ -101.875161877308599, 21.035875358464569 ], [ -101.87515044071101, 21.036306743351524 ], [ -101.875174391992843, 21.036485516470151 ], [ -101.875218240414284, 21.036812825705518 ], [ -101.875388078929291, 21.038268959789946 ], [ -101.875485800711147, 21.038542608150351 ], [ -101.875583522908627, 21.03881625640561 ], [ -101.874477255321494, 21.041434624441074 ], [ -101.874439281214507, 21.041995942374115 ], [ -101.874384466833121, 21.042857670819135 ], [ -101.874352670974645, 21.043524161740805 ], [ -101.874330825123053, 21.043982086191125 ], [ -101.874315455022284, 21.044304269013107 ], [ -101.874297288798388, 21.044685063858751 ], [ -101.874281095817949, 21.045024496762579 ], [ -101.874399177047238, 21.04577555098313 ], [ -101.874478184079535, 21.046086096727819 ], [ -101.874517060959576, 21.046555680843777 ], [ -101.874505459806073, 21.046751006216557 ], [ -101.874493858655342, 21.046946331588099 ], [ -101.874388210143337, 21.047361354619422 ], [ -101.874282561185964, 21.047776377634538 ], [ -101.873843612910704, 21.048316336112993 ], [ -101.873644037826026, 21.048560921329148 ], [ -101.873551801341705, 21.048681819803331 ], [ -101.873208716608602, 21.049094417196272 ], [ -101.872591272458422, 21.049837104510456 ], [ -101.872219941392487, 21.050284468016045 ], [ -101.872159870259424, 21.050356906851047 ], [ -101.872215392577161, 21.050646118429292 ], [ -101.872419080420826, 21.051677455634778 ], [ -101.872614643104612, 21.052678587507067 ], [ -101.872778756705173, 21.053432511909485 ], [ -101.872781038453141, 21.05370151024449 ], [ -101.872787561866261, 21.054470517838197 ], [ -101.87278981497758, 21.054736108198849 ], [ -101.872796821439209, 21.055561957662128 ], [ -101.872797683684354, 21.055779655961505 ], [ -101.872806294233726, 21.056830436269088 ], [ -101.872812806612615, 21.057648883413613 ], [ -101.868000012769912, 21.058423616404507 ], [ -101.868169062371081, 21.059694024723289 ], [ -101.864736947089781, 21.060364077794823 ], [ -101.864689590258408, 21.060192991262735 ], [ -101.86456864119333, 21.059756034981824 ], [ -101.863935839283357, 21.057469838888078 ], [ -101.863685404637877, 21.056238441361451 ], [ -101.863381601148504, 21.055033241989886 ], [ -101.863275498524857, 21.054566771023822 ], [ -101.863130723316914, 21.053930273158176 ], [ -101.863311673053715, 21.053845618573391 ], [ -101.863951297037516, 21.053582972122005 ], [ -101.864941239861864, 21.05322961489345 ], [ -101.865639621001918, 21.052965608979424 ], [ -101.865782992507292, 21.052897357978143 ], [ -101.865958863865103, 21.052813635410953 ], [ -101.86606717029143, 21.052361419279922 ], [ -101.86629077428266, 21.051427790157508 ], [ -101.866286977332095, 21.051322724818817 ], [ -101.866277227719905, 21.051052941607637 ], [ -101.8658564336654, 21.049023019079513 ], [ -101.865587352274773, 21.047724923699192 ], [ -101.865492975741105, 21.047269627683505 ], [ -101.865216472178943, 21.045935683721549 ], [ -101.864751504583722, 21.043692454828626 ], [ -101.864354439868094, 21.041776750278629 ], [ -101.863997699643278, 21.040904839903853 ], [ -101.863625738356447, 21.040271038645873 ], [ -101.863441136969996, 21.039956485592544 ], [ -101.862825745186086, 21.039083626750738 ], [ -101.86252676618939, 21.038756983076805 ], [ -101.862249600511731, 21.038515260973124 ], [ -101.862034792479378, 21.03836725412414 ], [ -101.861830464615068, 21.038235157175365 ], [ -101.861616355033092, 21.03812791104874 ], [ -101.861323977460771, 21.037998300235575 ], [ -101.861097371559879, 21.037909213659443 ], [ -101.860966008325789, 21.037901949542906 ], [ -101.860773918434163, 21.037886231399494 ], [ -101.857581560242366, 21.037750431559491 ], [ -101.857462371162143, 21.037722377632186 ], [ -101.857256277195106, 21.037673867941578 ], [ -101.857988706970275, 21.037475749370721 ] ] ] ] } },
{ "type": "Feature", "properties": { "ID": 46, "ENTIDAD": 11, "MUNICIPIO": 25, "NOMBRE": "PURISIMA DEL RINCON", "CONTROL": 25, "GEOMETRY1_": null, "ID_2": 1998, "ENTIDAD_2": 11, "DISTRITO_F": 7, "DISTRITO_L": 18, "MUNICIPIO_2": 25, "SECCION": 2034, "TIPO": 2, "CONTROL_2": 5264, "GEOMETRY1__2": null }, "geometry": { "type": "MultiPolygon", "coordinates": [ [ [ [ -101.875019275742787, 21.059115628701498 ], [ -101.872799057184793, 21.058282888702767 ], [ -101.872812806612615, 21.057648883413613 ], [ -101.872806294233726, 21.056830436269088 ], [ -101.872797683684354, 21.055779655961505 ], [ -101.872796821439209, 21.055561957662128 ], [ -101.87278981497758, 21.054736108198849 ], [ -101.872787561866261, 21.054470517838197 ], [ -101.872781038453141, 21.05370151024449 ], [ -101.872778756705173, 21.053432511909485 ], [ -101.872614643104612, 21.052678587507067 ], [ -101.872419080420826, 21.051677455634778 ], [ -101.872215392577161, 21.050646118429292 ], [ -101.872159870259424, 21.050356906851047 ], [ -101.872219941392487, 21.050284468016045 ], [ -101.872591272458422, 21.049837104510456 ], [ -101.873208716608602, 21.049094417196272 ], [ -101.873551801341705, 21.048681819803331 ], [ -101.873644037826026, 21.048560921329148 ], [ -101.873843612910704, 21.048316336112993 ], [ -101.874282561185964, 21.047776377634538 ], [ -101.874388210143337, 21.047361354619422 ], [ -101.874493858655342, 21.046946331588099 ], [ -101.874505459806073, 21.046751006216557 ], [ -101.874517060959576, 21.046555680843777 ], [ -101.874478184079535, 21.046086096727819 ], [ -101.874399177047238, 21.04577555098313 ], [ -101.874281095817949, 21.045024496762579 ], [ -101.874297288798388, 21.044685063858751 ], [ -101.874315455022284, 21.044304269013107 ], [ -101.874330825123053, 21.043982086191125 ], [ -101.874352670974645, 21.043524161740805 ], [ -101.874384466833121, 21.042857670819135 ], [ -101.874439281214507, 21.041995942374115 ], [ -101.874477255321494, 21.041434624441074 ], [ -101.875583522908627, 21.03881625640561 ], [ -101.875485800711147, 21.038542608150351 ], [ -101.875388078929291, 21.038268959789946 ], [ -101.875218240414284, 21.036812825705518 ], [ -101.875174391992843, 21.036485516470151 ], [ -101.87515044071101, 21.036306743351524 ], [ -101.875161877308599, 21.035875358464569 ], [ -101.875168900769026, 21.035610437520717 ], [ -101.875174712260645, 21.035371151732054 ], [ -101.87518412859086, 21.035106189343047 ], [ -101.875219103471437, 21.034965983737663 ], [ -101.875996262010645, 21.034781664002729 ], [ -101.876116924084073, 21.034753046066754 ], [ -101.87767740939411, 21.03472856324796 ], [ -101.878096102546721, 21.034721802697195 ], [ -101.877953878809549, 21.03577434812297 ], [ -101.878663179639716, 21.035755403143227 ], [ -101.879538587225056, 21.035732017475208 ], [ -101.882449237560522, 21.035493950494313 ], [ -101.882707565025399, 21.035235133204768 ], [ -101.882358816393804, 21.034716280701193 ], [ -101.882823114297906, 21.034598533347445 ], [ -101.883216106758482, 21.035278088273785 ], [ -101.883072102354674, 21.036228084507055 ], [ -101.882662921929025, 21.037257896598 ], [ -101.881589420722932, 21.038302823955807 ], [ -101.881160966958106, 21.038977794519734 ], [ -101.880992359418272, 21.039243410991585 ], [ -101.880684658632035, 21.041013294132878 ], [ -101.880090051204988, 21.042082177014674 ], [ -101.880270136109289, 21.042560395176103 ], [ -101.880416673981102, 21.043071266796399 ], [ -101.880734659033891, 21.043611314829352 ], [ -101.882963095446556, 21.047519923111111 ], [ -101.8832035232533, 21.048056256250312 ], [ -101.882050614020983, 21.050067596235944 ], [ -101.880897676257462, 21.05207893153554 ], [ -101.879977618866278, 21.052222880929644 ], [ -101.880850763885988, 21.054967356477572 ], [ -101.880570427140526, 21.056383843484117 ], [ -101.878135809466102, 21.055975954549243 ], [ -101.877775239402766, 21.058617191744943 ], [ -101.877580017872361, 21.060075222486105 ], [ -101.875019275742787, 21.059115628701498 ] ] ] ] } },
{ "type": "Feature", "properties": { "ID": 46, "ENTIDAD": 11, "MUNICIPIO": 25, "NOMBRE": "PURISIMA DEL RINCON", "CONTROL": 25, "GEOMETRY1_": null, "ID_2": 2000, "ENTIDAD_2": 11, "DISTRITO_F": 7, "DISTRITO_L": 18, "MUNICIPIO_2": 25, "SECCION": 2036, "TIPO": 2, "CONTROL_2": 5319, "GEOMETRY1__2": null }, "geometry": { "type": "MultiPolygon", "coordinates": [ [ [ [ -101.854221412495377, 21.03810216974912 ], [ -101.854809341108066, 21.037993698932343 ], [ -101.856942757589607, 21.037600072892296 ], [ -101.857256277195106, 21.037673867941578 ], [ -101.857462371162143, 21.037722377632186 ], [ -101.857581560242366, 21.037750431559491 ], [ -101.860773918434163, 21.037886231399494 ], [ -101.860966008325789, 21.037901949542906 ], [ -101.861097371559879, 21.037909213659443 ], [ -101.861323977460771, 21.037998300235575 ], [ -101.861616355033092, 21.03812791104874 ], [ -101.861830464615068, 21.038235157175365 ], [ -101.862034792479378, 21.03836725412414 ], [ -101.862249600511731, 21.038515260973124 ], [ -101.86252676618939, 21.038756983076805 ], [ -101.862825745186086, 21.039083626750738 ], [ -101.863441136969996, 21.039956485592544 ], [ -101.863625738356447, 21.040271038645873 ], [ -101.863997699643278, 21.040904839903853 ], [ -101.864354439868094, 21.041776750278629 ], [ -101.864751504583722, 21.043692454828626 ], [ -101.865216472178943, 21.045935683721549 ], [ -101.865492975741105, 21.047269627683505 ], [ -101.865587352274773, 21.047724923699192 ], [ -101.8658564336654, 21.049023019079513 ], [ -101.866277227719905, 21.051052941607637 ], [ -101.866286977332095, 21.051322724818817 ], [ -101.86629077428266, 21.051427790157508 ], [ -101.86606717029143, 21.052361419279922 ], [ -101.865958863865103, 21.052813635410953 ], [ -101.865782992507292, 21.052897357978143 ], [ -101.865639621001918, 21.052965608979424 ], [ -101.864941239861864, 21.05322961489345 ], [ -101.863951297037516, 21.053582972122005 ], [ -101.863311673053715, 21.053845618573391 ], [ -101.863130723316914, 21.053930273158176 ], [ -101.863275498524857, 21.054566771023822 ], [ -101.863381601148504, 21.055033241989886 ], [ -101.863685404637877, 21.056238441361451 ], [ -101.863935839283357, 21.057469838888078 ], [ -101.861774251259732, 21.05770415323769 ], [ -101.858525734902287, 21.058056237218786 ], [ -101.853822247991943, 21.058565903563149 ], [ -101.853828924156119, 21.058206373406318 ], [ -101.854191480801433, 21.051759801360639 ], [ -101.853941973037792, 21.050121174639749 ], [ -101.853686736262603, 21.048860969129038 ], [ -101.853474801216336, 21.047813917039701 ], [ -101.853259420966168, 21.046750680108296 ], [ -101.85306679319946, 21.046190551069941 ], [ -101.852816975016324, 21.045389632380658 ], [ -101.852535434763197, 21.044435431683162 ], [ -101.85227668711336, 21.043555295482918 ], [ -101.852005912691737, 21.042634061420053 ], [ -101.851956951451825, 21.042438476530155 ], [ -101.851907990371288, 21.042242891607696 ], [ -101.851866992282538, 21.042149784205911 ], [ -101.85172239053891, 21.041821389857024 ], [ -101.851392169490538, 21.041098356508115 ], [ -101.8513495145109, 21.04100496092855 ], [ -101.851214282853633, 21.040659124381619 ], [ -101.85108716795213, 21.040298383954912 ], [ -101.850969719728653, 21.039964067245027 ], [ -101.850947966612523, 21.039911705866597 ], [ -101.850913891024916, 21.039829683284164 ], [ -101.850865414317568, 21.039593621967605 ], [ -101.850823137677864, 21.039387751567624 ], [ -101.850807707048958, 21.038731944319935 ], [ -101.854221412495377, 21.03810216974912 ] ] ] ] } },
{ "type": "Feature", "properties": { "ID": 46, "ENTIDAD": 11, "MUNICIPIO": 25, "NOMBRE": "PURISIMA DEL RINCON", "CONTROL": 25, "GEOMETRY1_": null, "ID_2": 2001, "ENTIDAD_2": 11, "DISTRITO_F": 7, "DISTRITO_L": 18, "MUNICIPIO_2": 25, "SECCION": 2037, "TIPO": 2, "CONTROL_2": 3799, "GEOMETRY1__2": null }, "geometry": { "type": "MultiPolygon", "coordinates": [ [ [ [ -101.869260194467316, 21.03410367632663 ], [ -101.869356921640289, 21.033960099364215 ], [ -101.869839147127436, 21.033418092639355 ], [ -101.869998402369546, 21.033067388352482 ], [ -101.870063418759329, 21.032639644881723 ], [ -101.870140721952069, 21.032129924990556 ], [ -101.870149142783347, 21.031317034147396 ], [ -101.870268473755019, 21.030704641038408 ], [ -101.871008922195287, 21.030733135727949 ], [ -101.871296369714386, 21.030703039542949 ], [ -101.871529224544162, 21.03071156560646 ], [ -101.871879695178421, 21.030724397607905 ], [ -101.872220755904777, 21.030736884377934 ], [ -101.873695355734029, 21.030797290021603 ], [ -101.874439523157804, 21.030835682764192 ], [ -101.875506608564677, 21.030890729574004 ], [ -101.875390172035537, 21.031718395988442 ], [ -101.875319951483732, 21.032191198857927 ], [ -101.875297582760041, 21.032347044437724 ], [ -101.875283392067388, 21.032445912601279 ], [ -101.875172919126925, 21.033359196089734 ], [ -101.875041546389241, 21.034738318937944 ], [ -101.874946900351745, 21.034847796775374 ], [ -101.87441754205939, 21.034996146895629 ], [ -101.874292438180049, 21.035031206382261 ], [ -101.873642940720714, 21.035213221809251 ], [ -101.873488093468751, 21.035256615846453 ], [ -101.872674432590571, 21.035484635104492 ], [ -101.871891265172664, 21.035456303055369 ], [ -101.871798927751712, 21.035417134453695 ], [ -101.871332095549008, 21.035458502906309 ], [ -101.8712027119021, 21.035471284125414 ], [ -101.871042841575218, 21.035487077845687 ], [ -101.870850497981593, 21.035506089663475 ], [ -101.870252426222279, 21.03556520346417 ], [ -101.869314923423786, 21.035633348638903 ], [ -101.868111427553941, 21.035708015246122 ], [ -101.867879475116908, 21.035738665075094 ], [ -101.869260194467316, 21.03410367632663 ] ] ] ] } },
{ "type": "Feature", "properties": { "ID": 46, "ENTIDAD": 11, "MUNICIPIO": 25, "NOMBRE": "PURISIMA DEL RINCON", "CONTROL": 25, "GEOMETRY1_": null, "ID_2": 2002, "ENTIDAD_2": 11, "DISTRITO_F": 7, "DISTRITO_L": 18, "MUNICIPIO_2": 25, "SECCION": 2038, "TIPO": 2, "CONTROL_2": 3804, "GEOMETRY1__2": null }, "geometry": { "type": "MultiPolygon", "coordinates": [ [ [ [ -101.874946900351745, 21.034847796775374 ], [ -101.875041546389241, 21.034738318937944 ], [ -101.875172919126925, 21.033359196089734 ], [ -101.875283392067388, 21.032445912601279 ], [ -101.875297582760041, 21.032347044437724 ], [ -101.875319951483732, 21.032191198857927 ], [ -101.875390172035537, 21.031718395988442 ], [ -101.875506608564677, 21.030890729574004 ], [ -101.876864727924399, 21.030941352378868 ], [ -101.877955539394662, 21.030982003562482 ], [ -101.878741524814274, 21.031011290436151 ], [ -101.879832613489683, 21.031051939783556 ], [ -101.879833066966071, 21.03136661407364 ], [ -101.879833995929133, 21.032011044606897 ], [ -101.879834477216974, 21.03235804209541 ], [ -101.87851548245834, 21.032325427021775 ], [ -101.878491040263626, 21.032462545096987 ], [ -101.878466598040006, 21.032599663171808 ], [ -101.878393430231782, 21.033010125224948 ], [ -101.878365231782411, 21.033172461162142 ], [ -101.878313854762112, 21.03346823347178 ], [ -101.878214705232821, 21.034039025181627 ], [ -101.878171980698227, 21.034284984246394 ], [ -101.878096102546721, 21.034721802697195 ], [ -101.87767740939411, 21.03472856324796 ], [ -101.876116924084073, 21.034753046066754 ], [ -101.875996262010645, 21.034781664002729 ], [ -101.875219103471437, 21.034965983737663 ], [ -101.874946900351745, 21.034847796775374 ] ] ] ] } },
{ "type": "Feature", "properties": { "ID": 46, "ENTIDAD": 11, "MUNICIPIO": 25, "NOMBRE": "PURISIMA DEL RINCON", "CONTROL": 25, "GEOMETRY1_": null, "ID_2": 2003, "ENTIDAD_2": 11, "DISTRITO_F": 7, "DISTRITO_L": 18, "MUNICIPIO_2": 25, "SECCION": 2039, "TIPO": 2, "CONTROL_2": 3803, "GEOMETRY1__2": null }, "geometry": { "type": "MultiPolygon", "coordinates": [ [ [ [ -101.885021749806924, 21.030357150965546 ], [ -101.885624656430636, 21.030543477711088 ], [ -101.885874203691628, 21.030628111810799 ], [ -101.886718372090812, 21.03092694096479 ], [ -101.887363214169326, 21.03117413684507 ], [ -101.887551899783617, 21.031141306061727 ], [ -101.887668875830045, 21.031148659592894 ], [ -101.887767197109028, 21.031224928304692 ], [ -101.888257926894482, 21.031355765040761 ], [ -101.888367161788466, 21.03135454923498 ], [ -101.888482797342888, 21.03119509472949 ], [ -101.888912220140085, 21.030579645381803 ], [ -101.889037089108911, 21.030497566453757 ], [ -101.889275189174001, 21.030399024589354 ], [ -101.889328900181667, 21.030391983323049 ], [ -101.889360135944457, 21.030387888450122 ], [ -101.889729188645717, 21.030388880850726 ], [ -101.889814836364522, 21.030414076068404 ], [ -101.889851841638986, 21.030459481775992 ], [ -101.889852589404057, 21.030498235459387 ], [ -101.88985333717082, 21.030536989142487 ], [ -101.889794319288455, 21.030688212744209 ], [ -101.88948246011762, 21.031110255520172 ], [ -101.889455156894968, 21.031166446567322 ], [ -101.889462045576536, 21.031255976735775 ], [ -101.889518418256571, 21.031368894340233 ], [ -101.889609514256804, 21.031447159138423 ], [ -101.890135100478602, 21.031898711869932 ], [ -101.890249809596952, 21.031963063258463 ], [ -101.890447705390329, 21.032038736016048 ], [ -101.891553082171512, 21.032302674502592 ], [ -101.891785153369995, 21.032276328721629 ], [ -101.892226543300055, 21.035186549773425 ], [ -101.892554815083415, 21.035169094653263 ], [ -101.892771777215813, 21.037894537559094 ], [ -101.889959732652628, 21.037574563853706 ], [ -101.889716049356764, 21.036736235147767 ], [ -101.887174740431504, 21.038001631423207 ], [ -101.885127770613565, 21.036291317484814 ], [ -101.884019632643316, 21.036263978041539 ], [ -101.883072102354674, 21.036228084507055 ], [ -101.883216106758482, 21.035278088273785 ], [ -101.882823114297906, 21.034598533347445 ], [ -101.882358816393804, 21.034716280701193 ], [ -101.882707565025399, 21.035235133204768 ], [ -101.882449237560522, 21.035493950494313 ], [ -101.879538587225056, 21.035732017475208 ], [ -101.878663179639716, 21.035755403143227 ], [ -101.877953878809549, 21.03577434812297 ], [ -101.878096102546721, 21.034721802697195 ], [ -101.878171980698227, 21.034284984246394 ], [ -101.878214705232821, 21.034039025181627 ], [ -101.878313854762112, 21.03346823347178 ], [ -101.878365231782411, 21.033172461162142 ], [ -101.878393430231782, 21.033010125224948 ], [ -101.878466598040006, 21.032599663171808 ], [ -101.878491040263626, 21.032462545096987 ], [ -101.87851548245834, 21.032325427021775 ], [ -101.879834477216974, 21.03235804209541 ], [ -101.879833995929133, 21.032011044606897 ], [ -101.879833066966071, 21.03136661407364 ], [ -101.879832613489683, 21.031051939783556 ], [ -101.881928642676485, 21.031130009118375 ], [ -101.88215788332306, 21.029902439318189 ], [ -101.883705370539417, 21.030124897433073 ], [ -101.883812926608826, 21.030143469170461 ], [ -101.884796684148398, 21.03031736717411 ], [ -101.885021749806924, 21.030357150965546 ] ] ] ] } },
{ "type": "Feature", "properties": { "ID": 46, "ENTIDAD": 11, "MUNICIPIO": 25, "NOMBRE": "PURISIMA DEL RINCON", "CONTROL": 25, "GEOMETRY1_": null, "ID_2": 2004, "ENTIDAD_2": 11, "DISTRITO_F": 7, "DISTRITO_L": 18, "MUNICIPIO_2": 25, "SECCION": 2040, "TIPO": 2, "CONTROL_2": 3800, "GEOMETRY1__2": null }, "geometry": { "type": "MultiPolygon", "coordinates": [ [ [ [ -101.870458061773945, 21.02875751100532 ], [ -101.870502467455609, 21.028301445170907 ], [ -101.870607961068018, 21.028303278904517 ], [ -101.871764588653647, 21.028323377308912 ], [ -101.872666719443771, 21.028437409803889 ], [ -101.873880590655759, 21.028615557744118 ], [ -101.875865613709095, 21.028930354274269 ], [ -101.876836638865029, 21.029080383135547 ], [ -101.877377274201223, 21.029163911753731 ], [ -101.877513134404523, 21.029184901979182 ], [ -101.879215795578062, 21.029447951007384 ], [ -101.880183017312589, 21.029597371696475 ], [ -101.88215788332306, 21.029902439318189 ], [ -101.881928642676485, 21.031130009118375 ], [ -101.879832613489683, 21.031051939783556 ], [ -101.878741524814274, 21.031011290436151 ], [ -101.877955539394662, 21.030982003562482 ], [ -101.876864727924399, 21.030941352378868 ], [ -101.875506608564677, 21.030890729574004 ], [ -101.874439523157804, 21.030835682764192 ], [ -101.873695355734029, 21.030797290021603 ], [ -101.872220755904777, 21.030736884377934 ], [ -101.871879695178421, 21.030724397607905 ], [ -101.871529224544162, 21.03071156560646 ], [ -101.871296369714386, 21.030703039542949 ], [ -101.871008922195287, 21.030733135727949 ], [ -101.870268473755019, 21.030704641038408 ], [ -101.870458061773945, 21.02875751100532 ] ] ] ] } },
{ "type": "Feature", "properties": { "ID": 46, "ENTIDAD": 11, "MUNICIPIO": 25, "NOMBRE": "PURISIMA DEL RINCON", "CONTROL": 25, "GEOMETRY1_": null, "ID_2": 2005, "ENTIDAD_2": 11, "DISTRITO_F": 7, "DISTRITO_L": 18, "MUNICIPIO_2": 25, "SECCION": 2041, "TIPO": 2, "CONTROL_2": 3801, "GEOMETRY1__2": null }, "geometry": { "type": "MultiPolygon", "coordinates": [ [ [ [ -101.88215788332306, 21.029902439318189 ], [ -101.880183017312589, 21.029597371696475 ], [ -101.879215795578062, 21.029447951007384 ], [ -101.877513134404523, 21.029184901979182 ], [ -101.877377274201223, 21.029163911753731 ], [ -101.876836638865029, 21.029080383135547 ], [ -101.875865613709095, 21.028930354274269 ], [ -101.876062110959452, 21.02746381820246 ], [ -101.876330153448237, 21.025576996725007 ], [ -101.876941814919178, 21.025609421568031 ], [ -101.877623857472031, 21.025645574754812 ], [ -101.878142994734461, 21.025673090921551 ], [ -101.879765099560856, 21.025759058018814 ], [ -101.880816867592912, 21.025829346499744 ], [ -101.882499940240777, 21.025955224919198 ], [ -101.883333303957002, 21.026017546574355 ], [ -101.883683048471994, 21.026043700362457 ], [ -101.883946496714515, 21.026063400455012 ], [ -101.884348522148073, 21.026093462245488 ], [ -101.883995571674618, 21.028305860257639 ], [ -101.883860501065911, 21.029152512414541 ], [ -101.883705370539417, 21.030124897433073 ], [ -101.88215788332306, 21.029902439318189 ] ] ] ] } },
{ "type": "Feature", "properties": { "ID": 46, "ENTIDAD": 11, "MUNICIPIO": 25, "NOMBRE": "PURISIMA DEL RINCON", "CONTROL": 25, "GEOMETRY1_": null, "ID_2": 2006, "ENTIDAD_2": 11, "DISTRITO_F": 7, "DISTRITO_L": 18, "MUNICIPIO_2": 25, "SECCION": 2042, "TIPO": 2, "CONTROL_2": 3802, "GEOMETRY1__2": null }, "geometry": { "type": "MultiPolygon", "coordinates": [ [ [ [ -101.870348490323096, 21.028298768859543 ], [ -101.870398085137253, 21.027362505754645 ], [ -101.869677686366728, 21.027353118551083 ], [ -101.869218879427336, 21.027274599441064 ], [ -101.868578089028134, 21.027153001183354 ], [ -101.867870194095161, 21.027018665856598 ], [ -101.868038122543027, 21.025587896533494 ], [ -101.868146731506258, 21.024662535432547 ], [ -101.868250744167653, 21.023776330500191 ], [ -101.868835866340888, 21.02382490383593 ], [ -101.870013219270831, 21.023903405003264 ], [ -101.870871210517791, 21.023960607173812 ], [ -101.870998461992698, 21.02415991236445 ], [ -101.871083090240504, 21.024269475443784 ], [ -101.8713344996861, 21.02448529533255 ], [ -101.871408529252534, 21.024585680281511 ], [ -101.87158999379723, 21.024732769818218 ], [ -101.871744001590628, 21.024854392497488 ], [ -101.871924143587648, 21.024975288865214 ], [ -101.872093162399494, 21.025070264595669 ], [ -101.872263736205767, 21.025144213335576 ], [ -101.872519244472826, 21.025215801813555 ], [ -101.872657010615484, 21.023836704299786 ], [ -101.872865301123809, 21.021751593797362 ], [ -101.873031220846087, 21.020090625048404 ], [ -101.873205263816573, 21.018348323050468 ], [ -101.873273001262007, 21.01765907886762 ], [ -101.873370482162088, 21.016663500783206 ], [ -101.873566291348126, 21.01475860536473 ], [ -101.873692830320607, 21.013550712970606 ], [ -101.873699208674537, 21.013489904791957 ], [ -101.874089619447219, 21.010683853768633 ], [ -101.874195974610004, 21.009919423391263 ], [ -101.874450867835691, 21.009848560283377 ], [ -101.874593309709752, 21.009713323651457 ], [ -101.874624524373189, 21.008879249765503 ], [ -101.874623002546244, 21.008835945836594 ], [ -101.874593767137327, 21.008004064695616 ], [ -101.876711210638746, 21.007976203421993 ], [ -101.879357088737692, 21.008152366695104 ], [ -101.881854955313145, 21.008161042069236 ], [ -101.883354660383546, 21.013676124046057 ], [ -101.883391492628675, 21.013828460733738 ], [ -101.884176138169749, 21.013830595793326 ], [ -101.886546439367891, 21.013933931958963 ], [ -101.886210555420035, 21.015593295505607 ], [ -101.887113758906636, 21.015666801175918 ], [ -101.886984721615917, 21.016702431589163 ], [ -101.88824717392005, 21.016783128559258 ], [ -101.889630153253378, 21.016968882058578 ], [ -101.890123155669343, 21.017035096304465 ], [ -101.890460786337741, 21.01708044198238 ], [ -101.890886860336565, 21.017137665076625 ], [ -101.8912292928878, 21.017183654037304 ], [ -101.891399864426631, 21.017206561655978 ], [ -101.895261477819616, 21.017073205052167 ], [ -101.895565990950161, 21.01715782573125 ], [ -101.895776335473158, 21.017318889198588 ], [ -101.895961681592155, 21.019486069911114 ], [ -101.892026812113073, 21.019716014529546 ], [ -101.892484316096827, 21.021547173683324 ], [ -101.89281788395725, 21.023267413215429 ], [ -101.892855806748827, 21.023373508910289 ], [ -101.892720688646037, 21.024389275236487 ], [ -101.892361795036237, 21.02540695655771 ], [ -101.891304789906727, 21.027528126667079 ], [ -101.890401320581191, 21.028602747287458 ], [ -101.890257814268736, 21.028759512799354 ], [ -101.892901900390044, 21.030121717608321 ], [ -101.892801664817583, 21.030370606087285 ], [ -101.892102811735157, 21.031609398582315 ], [ -101.892002102692857, 21.03208341332445 ], [ -101.891952804174863, 21.032225399747837 ], [ -101.891868978789134, 21.032250864253875 ], [ -101.891785153369995, 21.032276328721629 ], [ -101.891553082171512, 21.032302674502592 ], [ -101.890447705390329, 21.032038736016048 ], [ -101.890249809596952, 21.031963063258463 ], [ -101.890135100478602, 21.031898711869932 ], [ -101.889609514256804, 21.031447159138423 ], [ -101.889518418256571, 21.031368894340233 ], [ -101.889462045576536, 21.031255976735775 ], [ -101.889455156894968, 21.031166446567322 ], [ -101.88948246011762, 21.031110255520172 ], [ -101.889794319288455, 21.030688212744209 ], [ -101.88985333717082, 21.030536989142487 ], [ -101.889852589404057, 21.030498235459387 ], [ -101.889851841638986, 21.030459481775992 ], [ -101.889814836364522, 21.030414076068404 ], [ -101.889729188645717, 21.030388880850726 ], [ -101.889360135944457, 21.030387888450122 ], [ -101.889328900181667, 21.030391983323049 ], [ -101.889275189174001, 21.030399024589354 ], [ -101.889037089108911, 21.030497566453757 ], [ -101.888912220140085, 21.030579645381803 ], [ -101.888482797342888, 21.03119509472949 ], [ -101.888367161788466, 21.03135454923498 ], [ -101.888257926894482, 21.031355765040761 ], [ -101.887767197109028, 21.031224928304692 ], [ -101.887668875830045, 21.031148659592894 ], [ -101.887551899783617, 21.031141306061727 ], [ -101.887363214169326, 21.03117413684507 ], [ -101.886718372090812, 21.03092694096479 ], [ -101.885874203691628, 21.030628111810799 ], [ -101.885624656430636, 21.030543477711088 ], [ -101.885021749806924, 21.030357150965546 ], [ -101.884796684148398, 21.03031736717411 ], [ -101.883812926608826, 21.030143469170461 ], [ -101.883705370539417, 21.030124897433073 ], [ -101.883860501065911, 21.029152512414541 ], [ -101.883995571674618, 21.028305860257639 ], [ -101.884348522148073, 21.026093462245488 ], [ -101.883946496714515, 21.026063400455012 ], [ -101.883683048471994, 21.026043700362457 ], [ -101.883333303957002, 21.026017546574355 ], [ -101.882499940240777, 21.025955224919198 ], [ -101.880816867592912, 21.025829346499744 ], [ -101.879765099560856, 21.025759058018814 ], [ -101.878142994734461, 21.025673090921551 ], [ -101.877623857472031, 21.025645574754812 ], [ -101.876941814919178, 21.025609421568031 ], [ -101.876330153448237, 21.025576996725007 ], [ -101.876062110959452, 21.02746381820246 ], [ -101.875865613709095, 21.028930354274269 ], [ -101.873880590655759, 21.028615557744118 ], [ -101.872666719443771, 21.028437409803889 ], [ -101.871764588653647, 21.028323377308912 ], [ -101.870607961068018, 21.028303278904517 ], [ -101.870502467455609, 21.028301445170907 ], [ -101.870348490323096, 21.028298768859543 ] ] ] ] } },
{ "type": "Feature", "properties": { "ID": 46, "ENTIDAD": 11, "MUNICIPIO": 25, "NOMBRE": "PURISIMA DEL RINCON", "CONTROL": 25, "GEOMETRY1_": null, "ID_2": 2007, "ENTIDAD_2": 11, "DISTRITO_F": 7, "DISTRITO_L": 18, "MUNICIPIO_2": 25, "SECCION": 2043, "TIPO": 4, "CONTROL_2": 4442, "GEOMETRY1__2": null }, "geometry": { "type": "MultiPolygon", "coordinates": [ [ [ [ -101.887095934328926, 21.052759121038719 ], [ -101.887403376611019, 21.053247823999691 ], [ -101.887890517979713, 21.053856318487533 ], [ -101.887908695812641, 21.054516998163297 ], [ -101.887626243552319, 21.05493673118383 ], [ -101.887288434943187, 21.055481702889992 ], [ -101.886894132668232, 21.056110620600357 ], [ -101.886497555473255, 21.056656952716477 ], [ -101.886159739381654, 21.05720192299907 ], [ -101.885812834887048, 21.057416552612874 ], [ -101.885511065341007, 21.057134310094213 ], [ -101.88503414110312, 21.05689744199708 ], [ -101.884497319153311, 21.056620640422224 ], [ -101.884568572128643, 21.057073498208148 ], [ -101.884640961139397, 21.057567648470446 ], [ -101.884957492350551, 21.058386695916553 ], [ -101.885085809368761, 21.058776253428398 ], [ -101.885214127176326, 21.059165810750432 ], [ -101.88543116088654, 21.05957397256357 ], [ -101.8856481958925, 21.059982133945205 ], [ -101.885862960399152, 21.060307709865128 ], [ -101.88607772589944, 21.060633285394182 ], [ -101.886291924372486, 21.060938214284683 ], [ -101.886506123766253, 21.061243142794158 ], [ -101.886573978299268, 21.061572121122964 ], [ -101.886641833222384, 21.061901099379099 ], [ -101.887540618356908, 21.062426718972858 ], [ -101.88721102554203, 21.063126990615203 ], [ -101.886926892714243, 21.063712521178367 ], [ -101.887002704631669, 21.064330546181722 ], [ -101.886962120197126, 21.064992587221269 ], [ -101.886920399364797, 21.065613335800098 ], [ -101.886998486186542, 21.066313945459875 ], [ -101.887194109484398, 21.067011830950168 ], [ -101.887457596241816, 21.06803869314815 ], [ -101.887707446157805, 21.068570045605284 ], [ -101.887901940148822, 21.069226637002508 ], [ -101.888091888496106, 21.069718058412136 ], [ -101.888455870731761, 21.07012280699831 ], [ -101.888884309823425, 21.070732653538695 ], [ -101.889366972473837, 21.071175966299684 ], [ -101.889259669950576, 21.07155032312982 ], [ -101.889211136478323, 21.071923317010757 ], [ -101.889280142121351, 21.072293584972623 ], [ -101.889540244448966, 21.073196563722036 ], [ -101.889735892473183, 21.073894443377554 ], [ -101.889756368855402, 21.07463770467362 ], [ -101.889893249853017, 21.075336946981643 ], [ -101.889639212656519, 21.076788993520246 ], [ -101.889239188590949, 21.077211459172272 ], [ -101.888955568252896, 21.077589905636955 ], [ -101.88850131788891, 21.078178902377385 ], [ -101.88810242435153, 21.078642658416211 ], [ -101.88740966647056, 21.079113227235279 ], [ -101.887062717295905, 21.079327864576197 ], [ -101.886600495742854, 21.079627810892244 ], [ -101.886187950332626, 21.079596054679072 ], [ -101.885718905702973, 21.079648244370265 ], [ -101.885536904356712, 21.079445868372055 ], [ -101.885354903514511, 21.079243492117225 ], [ -101.884772859858657, 21.079463572751965 ], [ -101.884423632749247, 21.079595620269377 ], [ -101.884014495889389, 21.079687736152863 ], [ -101.883486676576965, 21.079741281266291 ], [ -101.882955448844868, 21.079670947194465 ], [ -101.882484130064086, 21.07964054299714 ], [ -101.882009404283735, 21.079486259770537 ], [ -101.881300723617002, 21.079378710007251 ], [ -101.880943545083042, 21.079221702446979 ], [ -101.880295908988387, 21.07919537307977 ], [ -101.879822321197324, 21.079082375942068 ], [ -101.87928655649965, 21.078846859212096 ], [ -101.878811835491504, 21.078692566340891 ], [ -101.878051193753109, 21.078834118203172 ], [ -101.877408095918938, 21.078972948505264 ], [ -101.876887079501131, 21.079274229600603 ], [ -101.876483607195638, 21.079572791603127 ], [ -101.876376266832224, 21.079947144531403 ], [ -101.876386474146315, 21.080318779537929 ], [ -101.876689416556246, 21.080642326820762 ], [ -101.876877081558135, 21.08105117710954 ], [ -101.876827382348566, 21.081382878231192 ], [ -101.8767754143676, 21.081631993841416 ], [ -101.876847800515321, 21.082126147779675 ], [ -101.877212924535655, 21.082572212773233 ], [ -101.877401726240578, 21.083022355040971 ], [ -101.877884403557019, 21.083465699316495 ], [ -101.878128581414401, 21.083790602360967 ], [ -101.878083424085801, 21.08428747431163 ], [ -101.878161491145491, 21.08498809034112 ], [ -101.878350299572233, 21.085438230761724 ], [ -101.878710896914328, 21.085719120280022 ], [ -101.879131406909835, 21.086039941900701 ], [ -101.879674010091293, 21.086523211266002 ], [ -101.880333033612303, 21.086962465284302 ], [ -101.880638270314279, 21.087368587914593 ], [ -101.88082595409908, 21.087777431690899 ], [ -101.880483517659044, 21.088157229072895 ], [ -101.880083438551139, 21.088579679080716 ], [ -101.879678815449239, 21.0888369579577 ], [ -101.879043624918211, 21.08926484747964 ], [ -101.878697774952812, 21.089520764187 ], [ -101.878416376499786, 21.089981783572711 ], [ -101.878720479270612, 21.090346616964617 ], [ -101.879198645014441, 21.090624783517026 ], [ -101.879618034981377, 21.090904308992442 ], [ -101.87986450060437, 21.091311792813592 ], [ -101.880056732598263, 21.091885807087845 ], [ -101.880131410267225, 21.09246254242834 ], [ -101.880436658503569, 21.092868664143097 ], [ -101.880625487715562, 21.093318799550634 ], [ -101.880394917631108, 21.093489413347392 ], [ -101.880329079928401, 21.09357063994781 ], [ -101.880224261305372, 21.093699958649722 ], [ -101.879939454481359, 21.094037103027016 ], [ -101.879594731937161, 21.094334315113482 ], [ -101.879251511566196, 21.094517005798178 ], [ -101.87918895796119, 21.094550301959323 ], [ -101.878780911834014, 21.094683702739204 ], [ -101.878196527676124, 21.094821183188628 ], [ -101.878177071140783, 21.094835579806411 ], [ -101.877965952282537, 21.094991794234716 ], [ -101.877735376345058, 21.095162405024134 ], [ -101.877338677645838, 21.095708729264324 ], [ -101.876939706185226, 21.096172467526834 ], [ -101.876478547754246, 21.096513686698174 ], [ -101.876006039510429, 21.096441977761703 ], [ -101.875590042113998, 21.096286322683859 ], [ -101.875174045465911, 21.096130666481706 ], [ -101.874171386532907, 21.096029891137054 ], [ -101.8729177349053, 21.095356443767237 ], [ -101.871621183099705, 21.095262444048526 ], [ -101.871716076831618, 21.094433869859976 ], [ -101.871806431640849, 21.093440124833048 ], [ -101.872301429437499, 21.092189117664201 ], [ -101.865722706644277, 21.09150133022225 ], [ -101.863217850314186, 21.091241798983717 ], [ -101.862016275219517, 21.090319145904665 ], [ -101.861243115396817, 21.090006404369948 ], [ -101.860350142143176, 21.089613779783409 ], [ -101.859335098013773, 21.089058683197862 ], [ -101.858442134481621, 21.088666047291365 ], [ -101.856967044610471, 21.088493399693935 ], [ -101.854530075900414, 21.087557789781197 ], [ -101.85388577977622, 21.087655243814712 ], [ -101.853530853591934, 21.087580765465081 ], [ -101.853173675945442, 21.087423698367473 ], [ -101.852929541986995, 21.087098753759044 ], [ -101.85292051824382, 21.086768404631599 ], [ -101.852562215277032, 21.086570042282855 ], [ -101.852488776375949, 21.08603457560276 ], [ -101.85241646601213, 21.08554040246889 ], [ -101.852580390589921, 21.085082119633729 ], [ -101.852981675804813, 21.084701020300351 ], [ -101.853384086954279, 21.084361213870721 ], [ -101.853788752410182, 21.084103993926579 ], [ -101.853958312163286, 21.083852178442957 ], [ -101.854126743222182, 21.083559069235868 ], [ -101.854113205530425, 21.083063545868708 ], [ -101.854214068383257, 21.078144199541043 ], [ -101.854623228863346, 21.078052154016607 ], [ -101.854975871315716, 21.078044046154083 ], [ -101.855446061045271, 21.078033234535543 ], [ -101.85578629118487, 21.077570895607757 ], [ -101.856663378929767, 21.077385444682626 ], [ -101.856591062856467, 21.076891273985634 ], [ -101.85652439001359, 21.076603570964139 ], [ -101.856568492378315, 21.07606540288328 ], [ -101.856732397027926, 21.075607118214602 ], [ -101.857073746890237, 21.07518607121315 ], [ -101.856539152012218, 21.074991770298023 ], [ -101.85635155075758, 21.074582889811481 ], [ -101.856927988250206, 21.07415643634786 ], [ -101.858444842372364, 21.071559731314295 ], [ -101.854003319789186, 21.068273662491773 ], [ -101.853224656115188, 21.067754400123295 ], [ -101.852445997629459, 21.06723513353263 ], [ -101.851668471079591, 21.066757156512519 ], [ -101.851190428856157, 21.066478896976736 ], [ -101.850302133743639, 21.066251374091845 ], [ -101.849890748181721, 21.066260818195154 ], [ -101.848879278410465, 21.065829517540546 ], [ -101.848400117769685, 21.065509955258957 ], [ -101.847978602492958, 21.065147749070455 ], [ -101.847262119122092, 21.064750988434721 ], [ -101.846541138391714, 21.064189048321904 ], [ -101.845447303583143, 21.0628918966672 ], [ -101.845428181154389, 21.062189897805066 ], [ -101.845358165088427, 21.06177830459367 ], [ -101.845341293414904, 21.061158893700487 ], [ -101.845076981462739, 21.060090636769214 ], [ -101.845057862823424, 21.05938863742427 ], [ -101.844977729011205, 21.058605396891412 ], [ -101.844650162570019, 21.057373308775905 ], [ -101.844333845518179, 21.056554160503261 ], [ -101.844078546363903, 21.055816252853923 ], [ -101.843594932997988, 21.055331495230767 ], [ -101.843115818315553, 21.055011912559443 ], [ -101.842636705596831, 21.05469232829104 ], [ -101.842040064576167, 21.054375434153435 ], [ -101.84162196788445, 21.054137089135335 ], [ -101.841141737576891, 21.053776205677405 ], [ -101.840718028052393, 21.053331386694641 ], [ -101.84047286113811, 21.05296511931002 ], [ -101.840461630565841, 21.052552176415009 ], [ -101.840389389840482, 21.052057990087704 ], [ -101.840495688190941, 21.051642356778281 ], [ -101.84071726792304, 21.051141444421461 ], [ -101.841060866331944, 21.050803018392887 ], [ -101.84140446319347, 21.050464591832721 ], [ -101.841868955468115, 21.050247356341284 ], [ -101.842450973095097, 21.050027428181611 ], [ -101.843101865046378, 21.050177800054204 ], [ -101.843209278652466, 21.049803460171454 ], [ -101.843431970623527, 21.049343839708786 ], [ -101.843834321502186, 21.049004063067748 ], [ -101.843943980425891, 21.048712311336583 ], [ -101.844754974244623, 21.048450911932637 ], [ -101.846083980434415, 21.048681943700572 ], [ -101.846512603766556, 21.048756452293716 ], [ -101.847142998658143, 21.048893624867738 ], [ -101.848448866615499, 21.049177770445873 ], [ -101.848754274348977, 21.049244222877267 ], [ -101.848800675073505, 21.04960992066977 ], [ -101.850975192519257, 21.050971258782941 ], [ -101.85106393800902, 21.051018810213893 ], [ -101.853180235130111, 21.051883090708728 ], [ -101.853282564932073, 21.05191302218433 ], [ -101.853672238584082, 21.051847349365904 ], [ -101.854191480801433, 21.051759801360639 ], [ -101.853828924156119, 21.058206373406318 ], [ -101.853822247991943, 21.058565903563149 ], [ -101.858525734902287, 21.058056237218786 ], [ -101.861774251259732, 21.05770415323769 ], [ -101.863935839283357, 21.057469838888078 ], [ -101.86456864119333, 21.059756034981824 ], [ -101.864689590258408, 21.060192991262735 ], [ -101.864736947089781, 21.060364077794823 ], [ -101.868169062371081, 21.059694024723289 ], [ -101.868000012769912, 21.058423616404507 ], [ -101.872812806612615, 21.057648883413613 ], [ -101.872799057184793, 21.058282888702767 ], [ -101.875019275742787, 21.059115628701498 ], [ -101.877580017872361, 21.060075222486105 ], [ -101.877775239402766, 21.058617191744943 ], [ -101.878135809466102, 21.055975954549243 ], [ -101.880570427140526, 21.056383843484117 ], [ -101.880850763885988, 21.054967356477572 ], [ -101.879977618866278, 21.052222880929644 ], [ -101.880897676257462, 21.05207893153554 ], [ -101.882050614020983, 21.050067596235944 ], [ -101.8832035232533, 21.048056256250312 ], [ -101.883561759454651, 21.04825456050834 ], [ -101.883749388859712, 21.048663407240749 ], [ -101.88364775457633, 21.0492442244289 ], [ -101.883725807659701, 21.049944839525462 ], [ -101.883914575140665, 21.050394978350752 ], [ -101.884218596809802, 21.050759811075917 ], [ -101.884580246435505, 21.05108199007039 ], [ -101.885180350161932, 21.051522603556169 ], [ -101.886075402006867, 21.051997702529587 ], [ -101.886613344246314, 21.052315793341652 ], [ -101.887095934328926, 21.052759121038719 ] ] ] ] } },
{ "type": "Feature", "properties": { "ID": 46, "ENTIDAD": 11, "MUNICIPIO": 25, "NOMBRE": "PURISIMA DEL RINCON", "CONTROL": 25, "GEOMETRY1_": null, "ID_2": 2014, "ENTIDAD_2": 11, "DISTRITO_F": 7, "DISTRITO_L": 18, "MUNICIPIO_2": 25, "SECCION": 2050, "TIPO": 4, "CONTROL_2": 6260, "GEOMETRY1__2": null }, "geometry": { "type": "MultiPolygon", "coordinates": [ [ [ [ -101.943230673802532, 20.925094973003553 ], [ -101.941448787161733, 20.927892342874252 ], [ -101.940384836517438, 20.928959200915248 ], [ -101.937915173872113, 20.929933403371177 ], [ -101.936796118745477, 20.930586608168714 ], [ -101.934792029778507, 20.931935986064957 ], [ -101.935537560876938, 20.93384217889859 ], [ -101.936298318956702, 20.933971575280392 ], [ -101.936820782973513, 20.934553827034488 ], [ -101.937569177009337, 20.936129448395711 ], [ -101.938253681810551, 20.93832446389731 ], [ -101.937796177978356, 20.938958719706708 ], [ -101.937719888764533, 20.939064481768561 ], [ -101.938701312409592, 20.940807055510284 ], [ -101.939028561539573, 20.943660700334547 ], [ -101.938423768542819, 20.945846530460138 ], [ -101.938173426526134, 20.947704296932763 ], [ -101.938222249651275, 20.948934757614825 ], [ -101.934559740029911, 20.950976477744163 ], [ -101.933042663942345, 20.951537717102074 ], [ -101.931750851994025, 20.951599422342998 ], [ -101.931277558024092, 20.951441561377852 ], [ -101.930627186129456, 20.951245159231149 ], [ -101.930148211932647, 20.950798068379708 ], [ -101.929373840956501, 20.950272967859146 ], [ -101.929005892853141, 20.949493476834437 ], [ -101.928175210998518, 20.949093249370591 ], [ -101.927578741379691, 20.948647999694323 ], [ -101.926859901665722, 20.947956687567199 ], [ -101.926549916815446, 20.947134946033422 ], [ -101.926015455590246, 20.946854037804496 ], [ -101.925359436908622, 20.94636838443396 ], [ -101.924345229802739, 20.945599042174031 ], [ -101.92333427125314, 20.944994965996756 ], [ -101.922497152391884, 20.944264158894732 ], [ -101.922424640586755, 20.943562669207967 ], [ -101.922057556790833, 20.942824474869333 ], [ -101.921745993266299, 20.941920082982289 ], [ -101.921968866491582, 20.941296616225614 ], [ -101.921376490947566, 20.941057930867355 ], [ -101.920838825360747, 20.940611728690353 ], [ -101.920536170214831, 20.940161836242051 ], [ -101.917796644750922, 20.941320753512258 ], [ -101.917005401302077, 20.939927894734925 ], [ -101.91622386258625, 20.939030854096597 ], [ -101.915386003592289, 20.938258684957955 ], [ -101.914256011344861, 20.937573747324272 ], [ -101.913193651265388, 20.937342387952771 ], [ -101.910553953362694, 20.940607530866885 ], [ -101.90367425817216, 20.940425643129537 ], [ -101.90244044872675, 20.940444880778493 ], [ -101.90084769409124, 20.940139048185753 ], [ -101.900134629491404, 20.939736838065546 ], [ -101.899421568456461, 20.9393346244977 ], [ -101.898686759518483, 20.93932539798228 ], [ -101.897951950252235, 20.939316168285281 ], [ -101.896949946030816, 20.939166430542482 ], [ -101.895452049934818, 20.939563437064241 ], [ -101.891820090629537, 20.94052600017444 ], [ -101.889991967508323, 20.941010467154005 ], [ -101.889601838789304, 20.939073914218682 ], [ -101.889762094907113, 20.938244787611215 ], [ -101.890216911662762, 20.937452423250999 ], [ -101.891023435532006, 20.936613268369552 ], [ -101.891066979909226, 20.935827284533499 ], [ -101.888707313231549, 20.935367902149441 ], [ -101.888127792755739, 20.935790207149303 ], [ -101.887614216007989, 20.936583477355292 ], [ -101.886566267468297, 20.937095701569877 ], [ -101.886496326720319, 20.936518135351022 ], [ -101.886419194863592, 20.935568691212634 ], [ -101.88677212030062, 20.932545978116472 ], [ -101.887153806063296, 20.931010776192227 ], [ -101.887495117182198, 20.930426838418711 ], [ -101.887836425858282, 20.929842900234291 ], [ -101.888581781904136, 20.928880710632189 ], [ -101.889324730074705, 20.927794559721637 ], [ -101.890117619195408, 20.926252979395649 ], [ -101.891551913743839, 20.924453455067823 ], [ -101.890783401008548, 20.92421738355478 ], [ -101.890631334616558, 20.923951083511529 ], [ -101.89047926880724, 20.92368478326253 ], [ -101.890468072980994, 20.923106307932272 ], [ -101.890804557945629, 20.922274448672884 ], [ -101.890786964000995, 20.921365416102834 ], [ -101.890944808290698, 20.920412330843298 ], [ -101.891519466960958, 20.919742105533754 ], [ -101.892329900917687, 20.919109552956556 ], [ -101.892589053050884, 20.918836873908464 ], [ -101.892848204257831, 20.918564194568024 ], [ -101.889079709309485, 20.91745005162996 ], [ -101.882169109086647, 20.915406686775899 ], [ -101.878900723146273, 20.914440150920935 ], [ -101.877843331694265, 20.914456466208662 ], [ -101.877082842074316, 20.914633526204135 ], [ -101.874280609262826, 20.915586036090065 ], [ -101.873744689367285, 20.912163689068976 ], [ -101.874521790569062, 20.909795763558083 ], [ -101.878209820004713, 20.909077593773205 ], [ -101.878983811842431, 20.909602974696185 ], [ -101.880103095363793, 20.909751029972352 ], [ -101.880638145263831, 20.910073428795641 ], [ -101.884511132224802, 20.909806924017644 ], [ -101.884964417293034, 20.908602778670744 ], [ -101.886467351557897, 20.904610134727665 ], [ -101.894843257148423, 20.9068055104777 ], [ -101.897038562156027, 20.907380831993038 ], [ -101.898977790152728, 20.907392027810669 ], [ -101.897582982098413, 20.911216242512037 ], [ -101.90707893668106, 20.913052327221195 ], [ -101.917223139957173, 20.920994747656451 ], [ -101.917157498089395, 20.911613559135482 ], [ -101.918215639896914, 20.911638321491807 ], [ -101.921035195249871, 20.911594139200336 ], [ -101.923161979248988, 20.912180749771089 ], [ -101.923807076764604, 20.909009732110619 ], [ -101.924823667833294, 20.904012428290009 ], [ -101.925225129436697, 20.903510152709217 ], [ -101.926671220330448, 20.90534734756406 ], [ -101.947283135009528, 20.904774367802684 ], [ -101.947200448879542, 20.915480283505357 ], [ -101.946758226267505, 20.916892522931896 ], [ -101.946944111407376, 20.923337137771227 ], [ -101.943230673802532, 20.925094973003553 ] ] ] ] } },
{ "type": "Feature", "properties": { "ID": 46, "ENTIDAD": 11, "MUNICIPIO": 25, "NOMBRE": "PURISIMA DEL RINCON", "CONTROL": 25, "GEOMETRY1_": null, "ID_2": 2008, "ENTIDAD_2": 11, "DISTRITO_F": 7, "DISTRITO_L": 18, "MUNICIPIO_2": 25, "SECCION": 2044, "TIPO": 3, "CONTROL_2": 6500, "GEOMETRY1__2": null }, "geometry": { "type": "MultiPolygon", "coordinates": [ [ [ [ -101.871621183097929, 21.095262444048647 ], [ -101.870982541685024, 21.095566429932976 ], [ -101.859713714410432, 21.096446133543875 ], [ -101.85818428493991, 21.096440032961016 ], [ -101.858184284939824, 21.096440032961038 ], [ -101.858184284938659, 21.096440032961034 ], [ -101.857717427638718, 21.096574738967288 ], [ -101.842604969634124, 21.096689854326044 ], [ -101.836194393406302, 21.096738278031019 ], [ -101.835857436678054, 21.097324470516895 ], [ -101.835697944719371, 21.097947920875644 ], [ -101.835537328072945, 21.098530076952223 ], [ -101.835668378261715, 21.099022916637818 ], [ -101.835918119720034, 21.099554358903635 ], [ -101.836197734865436, 21.099702470197375 ], [ -101.837257883223742, 21.101106043050137 ], [ -101.836610324136856, 21.104433071886856 ], [ -101.835831144325397, 21.104893407446394 ], [ -101.834958201111689, 21.105244511675565 ], [ -101.834292378450399, 21.105200473566423 ], [ -101.832731335654302, 21.105104912555859 ], [ -101.83155128665453, 21.105662133470943 ], [ -101.828750718365114, 21.108049541500549 ], [ -101.827194092040344, 21.110062783676835 ], [ -101.825169704491188, 21.111455565156643 ], [ -101.822641776903183, 21.11157177753681 ], [ -101.821497887112585, 21.110534757405993 ], [ -101.820854300135807, 21.109703242468665 ], [ -101.818420410362606, 21.107776695639657 ], [ -101.816469990343705, 21.107846066986603 ], [ -101.811944945990831, 21.109192001443041 ], [ -101.801777955954876, 21.11076492297822 ], [ -101.800183158453493, 21.110967213569808 ], [ -101.792840955519594, 21.111898330439718 ], [ -101.79132092111611, 21.109539390847143 ], [ -101.792049039684088, 21.108094829877764 ], [ -101.797262382190937, 21.097752915086936 ], [ -101.797030758409917, 21.094866847504157 ], [ -101.796608103028632, 21.089364793658074 ], [ -101.796112124316679, 21.081976835466609 ], [ -101.795686004234952, 21.075254610079195 ], [ -101.795561432149697, 21.072955533239021 ], [ -101.795548258711122, 21.072712397937682 ], [ -101.79409904199585, 21.071453949104828 ], [ -101.794062627612291, 21.071266161682622 ], [ -101.794067592819786, 21.071047098382145 ], [ -101.794162833949343, 21.070676468385763 ], [ -101.79443874811777, 21.069891279761944 ], [ -101.795154984576811, 21.068954723795251 ], [ -101.79455169573427, 21.068389882433163 ], [ -101.794132506885092, 21.06811012055611 ], [ -101.793645660246014, 21.06750131937077 ], [ -101.79351367496767, 21.066967130934806 ], [ -101.793442684676094, 21.066514204677517 ], [ -101.793781990304751, 21.066010675112089 ], [ -101.794181176668118, 21.065547111284417 ], [ -101.794878663960901, 21.065242080745339 ], [ -101.795466382861349, 21.065228779545418 ], [ -101.796171645063524, 21.065212815430588 ], [ -101.796763809348647, 21.06536469325934 ], [ -101.797241765888927, 21.065643118173462 ], [ -101.797957035984297, 21.065998808894683 ], [ -101.798835279782267, 21.06585495249789 ], [ -101.799246683272102, 21.065845632105546 ], [ -101.800226704020432, 21.062930958652167 ], [ -101.800974955224277, 21.060145497363798 ], [ -101.801008700426905, 21.060071927826044 ], [ -101.801570019767269, 21.060181726963052 ], [ -101.802218148093928, 21.060405739984137 ], [ -101.802698243150729, 21.060540147634864 ], [ -101.802803337189772, 21.061218332622811 ], [ -101.80279667052298, 21.061254999289471 ], [ -101.802786670522906, 21.06129833262289 ], [ -101.802781670522847, 21.061346665956233 ], [ -101.802778337189523, 21.061396665956263 ], [ -101.802778337189523, 21.061444999289627 ], [ -101.802780003856228, 21.061493332622984 ], [ -101.802780003856228, 21.061539999289685 ], [ -101.80277667052286, 21.06158333262302 ], [ -101.802773337189521, 21.0616266659564 ], [ -101.802768337189491, 21.06167166595645 ], [ -101.802766670522828, 21.061719999289771 ], [ -101.802771670522858, 21.06176999928983 ], [ -101.802780003856299, 21.061818332623201 ], [ -101.802791670523064, 21.061864999289853 ], [ -101.802805003856548, 21.061911665956579 ], [ -101.802816670523328, 21.061953332623261 ], [ -101.802828337190107, 21.061996665956617 ], [ -101.802835003856828, 21.062043332623293 ], [ -101.802840003856915, 21.062088332623361 ], [ -101.802846670523664, 21.062133332623311 ], [ -101.802856670523795, 21.062174999290068 ], [ -101.802866670523883, 21.062209999290047 ], [ -101.802878337190634, 21.062243332623392 ], [ -101.802893337190795, 21.06227333262342 ], [ -101.80290667052428, 21.062289999290119 ], [ -101.802918337191073, 21.062301665956785 ], [ -101.802925003857766, 21.062304999290053 ], [ -101.802674238398282, 21.062511445898231 ], [ -101.802458195622791, 21.06275785634466 ], [ -101.802194143341595, 21.062937063685798 ], [ -101.801786062543442, 21.063250676013332 ], [ -101.801449996003839, 21.063564287679664 ], [ -101.801209948475488, 21.063877898684932 ], [ -101.801161938969869, 21.064146707591732 ], [ -101.801161938969912, 21.064393115329647 ], [ -101.801185943669608, 21.064605921539513 ], [ -101.801236670508658, 21.064888332625394 ], [ -101.801266670508952, 21.064938332625466 ], [ -101.801293337175892, 21.064986665958827 ], [ -101.801310003842772, 21.065038332625502 ], [ -101.801330003842963, 21.065093332625473 ], [ -101.801346670509758, 21.065158332625572 ], [ -101.801351670509831, 21.065223332625578 ], [ -101.80134000384308, 21.065289999292244 ], [ -101.801318337176255, 21.065353332625701 ], [ -101.801291670509315, 21.065419999292327 ], [ -101.801263337175726, 21.065484999292408 ], [ -101.801240003842182, 21.06554999929244 ], [ -101.801211670508565, 21.065618332625821 ], [ -101.801185003841681, 21.065681665959264 ], [ -101.801160003841417, 21.065744999292544 ], [ -101.801135003841225, 21.065808332625959 ], [ -101.801110003840975, 21.065866665959391 ], [ -101.801081670507401, 21.065923332626102 ], [ -101.801055003840489, 21.065979999292768 ], [ -101.8010266705069, 21.066029999292784 ], [ -101.800995003839944, 21.066079999292835 ], [ -101.800960003839606, 21.066128332626164 ], [ -101.800915003839123, 21.066171665959541 ], [ -101.800861670505313, 21.066209999292944 ], [ -101.800808337171489, 21.066243332626261 ], [ -101.800750003837578, 21.06627333262637 ], [ -101.800688337170342, 21.066301665959713 ], [ -101.800628337169798, 21.066331665959741 ], [ -101.800566670502491, 21.066353332626488 ], [ -101.800506670501932, 21.066364999293146 ], [ -101.800443337167977, 21.066364999293139 ], [ -101.800380003834064, 21.06635499929315 ], [ -101.800318337166786, 21.066333332626527 ], [ -101.800255003832845, 21.066306665959857 ], [ -101.800191670498904, 21.066278332626542 ], [ -101.800128337164921, 21.066244999293151 ], [ -101.800097503827914, 21.066227499296392 ], [ -101.800066670497699, 21.066209999293186 ], [ -101.800037503827355, 21.066191665962798 ], [ -101.800037477175749, 21.066212688558249 ], [ -101.80004667049748, 21.066363332626572 ], [ -101.800041670497492, 21.066393332626649 ], [ -101.800035003830715, 21.066424999293325 ], [ -101.800026670497317, 21.066458332626659 ], [ -101.800013337163875, 21.06648166596004 ], [ -101.800000003830405, 21.06650999929337 ], [ -101.799983337163582, 21.066538332626717 ], [ -101.799966670496772, 21.066569999293396 ], [ -101.799945003829905, 21.066603332626798 ], [ -101.799923337163051, 21.066639999293482 ], [ -101.799895003829462, 21.06668333262682 ], [ -101.799871670495904, 21.066724999293509 ], [ -101.79985500382908, 21.066764999293579 ], [ -101.799838337162257, 21.066804999293613 ], [ -101.799865682317247, 21.066834769944379 ], [ -101.800081725092809, 21.066991572082049 ], [ -101.800585824902399, 21.067215574849108 ], [ -101.800873881936496, 21.067417177051123 ], [ -101.800981903260393, 21.067506777957128 ], [ -101.801089924712088, 21.067596378779058 ], [ -101.801161938970665, 21.068021982017612 ], [ -101.801217248624411, 21.068181844563945 ], [ -101.801390837173855, 21.068494165964747 ], [ -101.801425003844514, 21.068511665960834 ], [ -101.801500003845291, 21.068536665960774 ], [ -101.801580003846084, 21.068559999294102 ], [ -101.801663337180216, 21.068584999294163 ], [ -101.80174833718101, 21.068609999294143 ], [ -101.801828337181846, 21.068639999294142 ], [ -101.801903337182551, 21.068676665960762 ], [ -101.801966670516492, 21.068723332627478 ], [ -101.802018337183668, 21.068776665960797 ], [ -101.802051670517386, 21.068841665960829 ], [ -101.802065003850856, 21.068908332627608 ], [ -101.802055003850754, 21.068978332627616 ], [ -101.802036670517253, 21.069049999294329 ], [ -101.802008337183693, 21.069118332627649 ], [ -101.801971670516664, 21.069186665961105 ], [ -101.801931670516367, 21.069254999294493 ], [ -101.801885003849179, 21.069331665961197 ], [ -101.801848337182179, 21.069416665961207 ], [ -101.801811670515193, 21.069503332627953 ], [ -101.801775003848164, 21.069593332628063 ], [ -101.801741670514517, 21.069684999294797 ], [ -101.801710003847589, 21.069778332628154 ], [ -101.801676670513956, 21.069869999294873 ], [ -101.80163833718025, 21.069964999294971 ], [ -101.801603337179927, 21.070053332628337 ], [ -101.80157000384628, 21.07014333262838 ], [ -101.80153833717938, 21.070241665961777 ], [ -101.801506670512396, 21.070333332628525 ], [ -101.801466670512013, 21.070426665961946 ], [ -101.801430003845027, 21.070526665962021 ], [ -101.80140000384479, 21.07062499929545 ], [ -101.801373337177822, 21.070723332628834 ], [ -101.80135500384435, 21.070823332628883 ], [ -101.801336670510864, 21.070921665962224 ], [ -101.801325837180016, 21.070970832629033 ], [ -101.801328611065799, 21.071087527194027 ], [ -101.801620254072546, 21.070998273093785 ], [ -101.801916349509625, 21.071074201128681 ], [ -101.802329992860706, 21.071147462944136 ], [ -101.802802410332546, 21.071219390693251 ], [ -101.803156166846975, 21.071252687806052 ], [ -101.803620788942723, 21.071035544076256 ], [ -101.804265071938033, 21.070938285473456 ], [ -101.805144448067253, 21.070835689419724 ], [ -101.80590961836738, 21.070859643625869 ], [ -101.806620472995363, 21.071050110578408 ], [ -101.807099578597828, 21.071369798893723 ], [ -101.807579800969506, 21.071730781047886 ], [ -101.807997906904561, 21.071969210186126 ], [ -101.808643303991246, 21.071913230209205 ], [ -101.809052490067785, 21.071821293456811 ], [ -101.809634650454512, 21.071601463571003 ], [ -101.809978368511224, 21.071263088042816 ], [ -101.811446076557687, 21.071285774526483 ], [ -101.811537803075524, 21.071520977434258 ], [ -101.817150152068422, 21.072848206852473 ], [ -101.817369852495005, 21.071123770615504 ], [ -101.817499108235822, 21.071009387254978 ], [ -101.818969549370024, 21.071017223557629 ], [ -101.819441968539124, 21.071089104060377 ], [ -101.819742541813326, 21.071330179828792 ], [ -101.819983224761685, 21.071531298970353 ], [ -101.820406937746412, 21.071976170097741 ], [ -101.820625254503028, 21.071351389218439 ], [ -101.820673961915375, 21.070978395523174 ], [ -101.821135196116956, 21.07063732191541 ], [ -101.821597546758838, 21.070337542190533 ], [ -101.821942350751485, 21.070040440621849 ], [ -101.822167371424115, 21.069663428056273 ], [ -101.822334737773105, 21.069329049897036 ], [ -101.822615171953615, 21.068826812603 ], [ -101.822780298832853, 21.068409844434086 ], [ -101.823001958625639, 21.067908946589228 ], [ -101.823284626265306, 21.067489298398971 ], [ -101.823921038081394, 21.06710290425675 ], [ -101.824445500811734, 21.066925662852352 ], [ -101.824853539655848, 21.066792395711278 ], [ -101.825321467993007, 21.066699081861739 ], [ -101.825730624781258, 21.066607107542591 ], [ -101.826197431980688, 21.066472496637044 ], [ -101.826544457273613, 21.066257977120191 ], [ -101.826773940460725, 21.066046139207593 ], [ -101.827058833667621, 21.065709075697839 ], [ -101.827230664957284, 21.065539873206379 ], [ -101.827518916290487, 21.065326693283833 ], [ -101.827863696660799, 21.065029582141939 ], [ -101.828210716034789, 21.064815059828661 ], [ -101.828676394409243, 21.064639148274694 ], [ -101.829143191988948, 21.064504530219946 ], [ -101.829607747454602, 21.064287321689392 ], [ -101.829895992687256, 21.064074138351341 ], [ -101.830181995676725, 21.063778365366172 ], [ -101.830465756026044, 21.063400002789635 ], [ -101.830514438437362, 21.063027009020622 ], [ -101.830621889719936, 21.062652672996887 ], [ -101.830550792566953, 21.062199774480206 ], [ -101.830593871144259, 21.06162030762059 ], [ -101.830764573101362, 21.061409807843148 ], [ -101.830935274593301, 21.061199307943415 ], [ -101.831165864782818, 21.0610287601537 ], [ -101.831278917923655, 21.060860896970443 ], [ -101.831273313583409, 21.06065442398625 ], [ -101.831325356521461, 21.060405313999539 ], [ -101.831316389656067, 21.060074957217253 ], [ -101.83130742292397, 21.05974460041875 ], [ -101.831479242850278, 21.05957539483272 ], [ -101.831819518690651, 21.059113099508171 ], [ -101.832225286122721, 21.058897228515047 ], [ -101.832511275394637, 21.058601453081071 ], [ -101.8329136766733, 21.058261697048852 ], [ -101.833374843091264, 21.057920597260349 ], [ -101.833596454506647, 21.05741969077976 ], [ -101.833819186018829, 21.056960078671615 ], [ -101.83398427133605, 21.056543104083335 ], [ -101.834092832506329, 21.056210061631973 ], [ -101.834256794989571, 21.055751792415531 ], [ -101.834364233691943, 21.055377455388772 ], [ -101.834294253133478, 21.054965853504278 ], [ -101.834161021899519, 21.054390416591129 ], [ -101.834145322647828, 21.053812293283311 ], [ -101.832381239957044, 21.053811282284322 ], [ -101.831616168358437, 21.053787438199002 ], [ -101.831026272534757, 21.053718270051856 ], [ -101.830495142469474, 21.053647757978815 ], [ -101.83013806860103, 21.053490629836137 ], [ -101.829782115546962, 21.053374795545277 ], [ -101.829541453567927, 21.05317368813159 ], [ -101.829240906985248, 21.05293262695389 ], [ -101.829057891701297, 21.052688882604095 ], [ -101.82893252225783, 21.052402502036944 ], [ -101.828976105179748, 21.045335736261851 ], [ -101.828970507343115, 21.045129262445396 ], [ -101.828960431368216, 21.044757609559774 ], [ -101.828951475087493, 21.044427251422139 ], [ -101.828795611319634, 21.044100245903238 ], [ -101.829755211039213, 21.044217361942362 ], [ -101.830078077286743, 21.044235169114977 ], [ -101.830400943532723, 21.044252975664218 ], [ -101.831929107144916, 21.044570873907649 ], [ -101.832549418629455, 21.044760281330515 ], [ -101.833257264620201, 21.044976413270394 ], [ -101.833636410064642, 21.045092179073624 ], [ -101.833930158136354, 21.045130900433055 ], [ -101.834223906296245, 21.045169621266222 ], [ -101.834869641814848, 21.045205217384819 ], [ -101.835123989627263, 21.045202959375885 ], [ -101.835215348686887, 21.04520214822989 ], [ -101.83563228052877, 21.045198445809358 ], [ -101.836746053155494, 21.045105896425049 ], [ -101.836861953059071, 21.045046894534316 ], [ -101.837738230868183, 21.044601152172483 ], [ -101.838727268158721, 21.044125594881752 ], [ -101.838964203583458, 21.044011668340779 ], [ -101.839371862936943, 21.04371875149246 ], [ -101.839546381097321, 21.043572582258509 ], [ -101.839720857035886, 21.04342635620263 ], [ -101.840058563076781, 21.043131888973907 ], [ -101.840143736311916, 21.043057620781486 ], [ -101.840396267775205, 21.042837421214657 ], [ -101.840534886491895, 21.042716549608912 ], [ -101.840621166829465, 21.04263949515061 ], [ -101.841639658803416, 21.04175618737354 ], [ -101.842452814786043, 21.040963727550565 ], [ -101.843152915059392, 21.040585541180974 ], [ -101.844309961333337, 21.039884445748076 ], [ -101.845020258793454, 21.039618354863251 ], [ -101.845764959316043, 21.039468894586975 ], [ -101.845636715186714, 21.040151624210491 ], [ -101.845424150633775, 21.04128326100377 ], [ -101.84574896421627, 21.041206713370713 ], [ -101.846722950777021, 21.040720411577265 ], [ -101.847812398932632, 21.040455023859614 ], [ -101.849944788780888, 21.041469526815103 ], [ -101.849740478269453, 21.042522337568876 ], [ -101.84954565681501, 21.043526241869905 ], [ -101.849510863334785, 21.043705529804807 ], [ -101.849416579531081, 21.044191364999627 ], [ -101.849361254342071, 21.044476449272217 ], [ -101.849321132723375, 21.044683190849828 ], [ -101.849135954499303, 21.045637385545085 ], [ -101.848912947786275, 21.046786493571602 ], [ -101.848840595107973, 21.047159309554392 ], [ -101.848652068320035, 21.048130736885881 ], [ -101.848545678211309, 21.048678932422817 ], [ -101.848448866615499, 21.049177770445873 ], [ -101.847142998658143, 21.048893624867738 ], [ -101.846512603766556, 21.048756452293716 ], [ -101.846083980434415, 21.048681943700572 ], [ -101.844754974244623, 21.048450911932637 ], [ -101.843943980425891, 21.048712311336583 ], [ -101.843834321502186, 21.049004063067748 ], [ -101.843431970623527, 21.049343839708786 ], [ -101.843209278652466, 21.049803460171454 ], [ -101.843101865046378, 21.050177800054204 ], [ -101.842450973095097, 21.050027428181611 ], [ -101.841868955468115, 21.050247356341284 ], [ -101.84140446319347, 21.050464591832721 ], [ -101.841060866331944, 21.050803018392887 ], [ -101.84071726792304, 21.051141444421461 ], [ -101.840495688190941, 21.051642356778281 ], [ -101.840389389840482, 21.052057990087704 ], [ -101.840461630565841, 21.052552176415009 ], [ -101.84047286113811, 21.05296511931002 ], [ -101.840718028052393, 21.053331386694641 ], [ -101.841141737576891, 21.053776205677405 ], [ -101.84162196788445, 21.054137089135335 ], [ -101.842040064576167, 21.054375434153435 ], [ -101.842636705596831, 21.05469232829104 ], [ -101.843115818315553, 21.055011912559443 ], [ -101.843594932997988, 21.055331495230767 ], [ -101.844078546363903, 21.055816252853923 ], [ -101.844333845518179, 21.056554160503261 ], [ -101.844650162570019, 21.057373308775905 ], [ -101.844977729011205, 21.058605396891412 ], [ -101.845057862823424, 21.05938863742427 ], [ -101.845076981462739, 21.060090636769214 ], [ -101.845341293414904, 21.061158893700487 ], [ -101.845358165088427, 21.06177830459367 ], [ -101.845428181154389, 21.062189897805066 ], [ -101.845447303583143, 21.0628918966672 ], [ -101.846541138391714, 21.064189048321904 ], [ -101.847262119122092, 21.064750988434721 ], [ -101.847978602492958, 21.065147749070455 ], [ -101.848400117769685, 21.065509955258957 ], [ -101.848879278410465, 21.065829517540546 ], [ -101.849890748181721, 21.066260818195154 ], [ -101.850302133743639, 21.066251374091845 ], [ -101.851190428856157, 21.066478896976736 ], [ -101.851668471079591, 21.066757156512519 ], [ -101.852445997629459, 21.06723513353263 ], [ -101.853224656115188, 21.067754400123295 ], [ -101.854003319789186, 21.068273662491773 ], [ -101.858444842372364, 21.071559731314295 ], [ -101.856927988250206, 21.07415643634786 ], [ -101.85635155075758, 21.074582889811481 ], [ -101.856539152012218, 21.074991770298023 ], [ -101.857073746890237, 21.07518607121315 ], [ -101.856732397027926, 21.075607118214602 ], [ -101.856568492378315, 21.07606540288328 ], [ -101.85652439001359, 21.076603570964139 ], [ -101.856591062856467, 21.076891273985634 ], [ -101.856663378929767, 21.077385444682626 ], [ -101.85578629118487, 21.077570895607757 ], [ -101.855446061045271, 21.078033234535543 ], [ -101.854975871315716, 21.078044046154083 ], [ -101.854623228863346, 21.078052154016607 ], [ -101.854214068383257, 21.078144199541043 ], [ -101.854113205530425, 21.083063545868708 ], [ -101.854126743222182, 21.083559069235868 ], [ -101.853958312163286, 21.083852178442957 ], [ -101.853788752410182, 21.084103993926579 ], [ -101.853384086954279, 21.084361213870721 ], [ -101.852981675804813, 21.084701020300351 ], [ -101.852580390589921, 21.085082119633729 ], [ -101.85241646601213, 21.08554040246889 ], [ -101.852488776375949, 21.08603457560276 ], [ -101.852562215277032, 21.086570042282855 ], [ -101.85292051824382, 21.086768404631599 ], [ -101.852929541986995, 21.087098753759044 ], [ -101.853173675945442, 21.087423698367473 ], [ -101.853530853591934, 21.087580765465081 ], [ -101.85388577977622, 21.087655243814712 ], [ -101.854530075900414, 21.087557789781197 ], [ -101.856967044610471, 21.088493399693935 ], [ -101.858442134481621, 21.088666047291365 ], [ -101.859335098013773, 21.089058683197862 ], [ -101.860350142143176, 21.089613779783409 ], [ -101.861243115396817, 21.090006404369948 ], [ -101.862016275219517, 21.090319145904665 ], [ -101.863217850314186, 21.091241798983717 ], [ -101.865722706644277, 21.09150133022225 ], [ -101.872301429437499, 21.092189117664201 ], [ -101.871806431640849, 21.093440124833048 ], [ -101.871716076831618, 21.094433869859976 ], [ -101.871621183099705, 21.095262444048526 ], [ -101.871621183099265, 21.095262444048739 ], [ -101.871621183097929, 21.095262444048647 ] ] ] ] } },
{ "type": "Feature", "properties": { "ID": 46, "ENTIDAD": 11, "MUNICIPIO": 25, "NOMBRE": "PURISIMA DEL RINCON", "CONTROL": 25, "GEOMETRY1_": null, "ID_2": 2009, "ENTIDAD_2": 11, "DISTRITO_F": 7, "DISTRITO_L": 18, "MUNICIPIO_2": 25, "SECCION": 2045, "TIPO": 4, "CONTROL_2": 6542, "GEOMETRY1__2": null }, "geometry": { "type": "MultiPolygon", "coordinates": [ [ [ [ -101.80153038202468, 21.058934601905765 ], [ -101.801865193714178, 21.058265877852772 ], [ -101.802260996694457, 21.057678412611725 ], [ -101.802477153510736, 21.056971056620771 ], [ -101.80257799825246, 21.056348956545396 ], [ -101.802673278647106, 21.055520377965045 ], [ -101.802423743017783, 21.054988862713859 ], [ -101.802110991834226, 21.054293496017383 ], [ -101.801804918562169, 21.053845902821845 ], [ -101.801616381040176, 21.053395645229756 ], [ -101.801720566056133, 21.052897432554659 ], [ -101.801761534580734, 21.052235368711852 ], [ -101.801854595115074, 21.051324198519804 ], [ -101.797789829369677, 21.050343992556957 ], [ -101.796447374241666, 21.049622369692859 ], [ -101.795590362388765, 21.04889274326586 ], [ -101.793681764246529, 21.045321849575227 ], [ -101.794840293145697, 21.045011594551582 ], [ -101.796031709703698, 21.044701147573186 ], [ -101.797511796355948, 21.044310455679948 ], [ -101.798542173203856, 21.044044087952553 ], [ -101.798117884916408, 21.042444908388401 ], [ -101.796613275890664, 21.03680929488381 ], [ -101.806671802697721, 21.036979918279233 ], [ -101.81005753851251, 21.035529169007965 ], [ -101.813443201824754, 21.034078359328394 ], [ -101.816006271311636, 21.0331936905819 ], [ -101.818050530514185, 21.032692673624087 ], [ -101.819793935080028, 21.033024891963386 ], [ -101.819527069422662, 21.0334933173982 ], [ -101.817428211394898, 21.037177278034218 ], [ -101.816776836079043, 21.038320590192789 ], [ -101.814438386393462, 21.042424844022474 ], [ -101.8137595404405, 21.043616255899188 ], [ -101.814525682716393, 21.043681482075726 ], [ -101.815320399617335, 21.04362844526802 ], [ -101.815464765053747, 21.043618810390498 ], [ -101.815648779522164, 21.043638071579988 ], [ -101.816113382453864, 21.043686701643761 ], [ -101.816179621692115, 21.043704996125147 ], [ -101.816528066893724, 21.043801231984602 ], [ -101.817061392823859, 21.04395438300017 ], [ -101.81771447731515, 21.04418744867543 ], [ -101.818421859570421, 21.04425399370453 ], [ -101.818868911750116, 21.044243819717636 ], [ -101.818950721281666, 21.044241957773838 ], [ -101.819597107416257, 21.044227244965391 ], [ -101.819788893382551, 21.04354281480672 ], [ -101.821887145275056, 21.044724605826254 ], [ -101.823034698982227, 21.04414895842746 ], [ -101.826486287841021, 21.042417467940702 ], [ -101.826890903498466, 21.042160318728509 ], [ -101.82697680746179, 21.042075718895095 ], [ -101.827062711328466, 21.04199111902831 ], [ -101.827233399830604, 21.041780624348551 ], [ -101.828575391713358, 21.043568106593362 ], [ -101.828700750925265, 21.043854488599695 ], [ -101.828795611319634, 21.044100245903238 ], [ -101.828951475087493, 21.044427251422139 ], [ -101.828960431368216, 21.044757609559774 ], [ -101.828970507343115, 21.045129262445396 ], [ -101.828976105179748, 21.045335736261851 ], [ -101.82893252225783, 21.052402502036944 ], [ -101.829057891701297, 21.052688882604095 ], [ -101.829240906985248, 21.05293262695389 ], [ -101.829541453567927, 21.05317368813159 ], [ -101.829782115546962, 21.053374795545189 ], [ -101.83013806860103, 21.053490629836137 ], [ -101.830495142469474, 21.053647757978815 ], [ -101.831026272534757, 21.053718270051856 ], [ -101.831616168358437, 21.053787438199002 ], [ -101.832381239957044, 21.053811282284322 ], [ -101.834145322647828, 21.053812293283311 ], [ -101.834161021899519, 21.054390416591129 ], [ -101.834294253133478, 21.054965853504278 ], [ -101.834364233691943, 21.055377455388772 ], [ -101.834256794989571, 21.055751792415531 ], [ -101.834092832506329, 21.056210061631973 ], [ -101.83398427133605, 21.056543104083335 ], [ -101.833819186018829, 21.056960078671615 ], [ -101.833596454506647, 21.05741969077976 ], [ -101.833374843091264, 21.057920597260349 ], [ -101.8329136766733, 21.058261697048852 ], [ -101.832511275394637, 21.058601453081071 ], [ -101.832225286122721, 21.058897228515047 ], [ -101.831819518690651, 21.059113099508171 ], [ -101.831479242850278, 21.05957539483272 ], [ -101.83130742292397, 21.05974460041875 ], [ -101.831316389656067, 21.060074957217253 ], [ -101.831325356521461, 21.060405313999539 ], [ -101.831273313583409, 21.06065442398625 ], [ -101.831278917923655, 21.060860896970443 ], [ -101.831165864782818, 21.061028760153611 ], [ -101.830935274593301, 21.061199307943415 ], [ -101.830764573101362, 21.061409807843052 ], [ -101.830593871144259, 21.06162030762059 ], [ -101.830550792566953, 21.062199774480206 ], [ -101.830621889719936, 21.062652672996887 ], [ -101.830514438437362, 21.063027009020622 ], [ -101.830465756026044, 21.063400002789635 ], [ -101.830181995676725, 21.063778365366172 ], [ -101.829895992687256, 21.064074138351341 ], [ -101.829607747454602, 21.064287321689392 ], [ -101.829143191988948, 21.064504530219946 ], [ -101.828676394409243, 21.064639148274694 ], [ -101.828210716034789, 21.064815059828661 ], [ -101.827863696660799, 21.065029582141939 ], [ -101.827518916290487, 21.065326693283833 ], [ -101.827230664957284, 21.065539873206379 ], [ -101.827058833667621, 21.065709075697839 ], [ -101.826773940460725, 21.066046139207593 ], [ -101.826544457273613, 21.066257977120191 ], [ -101.826197431980688, 21.066472496637044 ], [ -101.825730624781258, 21.066607107542591 ], [ -101.825321467993007, 21.066699081861739 ], [ -101.824853539655848, 21.066792395711278 ], [ -101.824445500811734, 21.066925662852352 ], [ -101.823921038081394, 21.06710290425675 ], [ -101.823284626265306, 21.067489298398971 ], [ -101.823001958625639, 21.067908946589228 ], [ -101.822780298832853, 21.068409844434086 ], [ -101.822615171953615, 21.068826812603 ], [ -101.822334737773105, 21.069329049897036 ], [ -101.822167371424115, 21.069663428056273 ], [ -101.821942350751485, 21.070040440621849 ], [ -101.821597546758838, 21.070337542190533 ], [ -101.821135196116956, 21.07063732191541 ], [ -101.820673961915375, 21.070978395523174 ], [ -101.820625254503028, 21.071351389218439 ], [ -101.820406937746412, 21.071976170097741 ], [ -101.819983224761685, 21.071531298970353 ], [ -101.819742541813326, 21.071330179828792 ], [ -101.819441968539124, 21.071089104060377 ], [ -101.818969549370024, 21.071017223557629 ], [ -101.817499108235822, 21.071009387254978 ], [ -101.817369852495005, 21.071123770615504 ], [ -101.817150152068422, 21.072848206852473 ], [ -101.811537803075524, 21.071520977434258 ], [ -101.811446076557687, 21.071285774526483 ], [ -101.809978368511224, 21.071263088042816 ], [ -101.809634650454512, 21.071601463571003 ], [ -101.809052490067785, 21.071821293456811 ], [ -101.808643303991246, 21.071913230209116 ], [ -101.807997906904561, 21.071969210186126 ], [ -101.807579800969506, 21.071730781047886 ], [ -101.807099578597828, 21.071369798893723 ], [ -101.806620472995363, 21.071050110578408 ], [ -101.80590961836738, 21.070859643625869 ], [ -101.805144448067253, 21.070835689419724 ], [ -101.804265071938033, 21.070938285473456 ], [ -101.803620788942723, 21.071035544076256 ], [ -101.803156166846975, 21.071252687806052 ], [ -101.802802410332546, 21.071219390693251 ], [ -101.802329992860706, 21.071147462944136 ], [ -101.801916349509625, 21.071074201128681 ], [ -101.801620254072546, 21.070998273093785 ], [ -101.801328611065799, 21.071087527194027 ], [ -101.801325837180016, 21.070970832629033 ], [ -101.801336670510864, 21.070921665962224 ], [ -101.80135500384435, 21.070823332628883 ], [ -101.801373337177822, 21.070723332628834 ], [ -101.80140000384479, 21.07062499929545 ], [ -101.801430003845027, 21.070526665962021 ], [ -101.801466670512013, 21.070426665961946 ], [ -101.801506670512396, 21.070333332628525 ], [ -101.80153833717938, 21.070241665961777 ], [ -101.80157000384628, 21.07014333262838 ], [ -101.801603337179927, 21.070053332628337 ], [ -101.80163833718025, 21.069964999294971 ], [ -101.801676670513956, 21.069869999294873 ], [ -101.801710003847589, 21.069778332628154 ], [ -101.801741670514517, 21.069684999294797 ], [ -101.801775003848164, 21.069593332628063 ], [ -101.801811670515193, 21.069503332627953 ], [ -101.801848337182179, 21.069416665961207 ], [ -101.801885003849179, 21.069331665961197 ], [ -101.801931670516367, 21.069254999294493 ], [ -101.801971670516664, 21.069186665961105 ], [ -101.802008337183693, 21.069118332627649 ], [ -101.802036670517253, 21.069049999294329 ], [ -101.802055003850754, 21.068978332627616 ], [ -101.802065003850856, 21.068908332627608 ], [ -101.802051670517386, 21.068841665960829 ], [ -101.802018337183668, 21.068776665960797 ], [ -101.801966670516492, 21.068723332627478 ], [ -101.801903337182551, 21.068676665960762 ], [ -101.801828337181846, 21.068639999294142 ], [ -101.80174833718101, 21.068609999294143 ], [ -101.801663337180216, 21.068584999294163 ], [ -101.801580003846084, 21.068559999294102 ], [ -101.801500003845291, 21.068536665960774 ], [ -101.801425003844514, 21.068511665960834 ], [ -101.801390837173855, 21.068494165964747 ], [ -101.801217248624411, 21.068181844563945 ], [ -101.801161938970665, 21.068021982017612 ], [ -101.801089924712088, 21.067596378779058 ], [ -101.800981903260393, 21.067506777957128 ], [ -101.800873881936496, 21.067417177051123 ], [ -101.800585824902399, 21.067215574849108 ], [ -101.800081725092809, 21.066991572082049 ], [ -101.799865682317247, 21.066834769944379 ], [ -101.799838337162257, 21.066804999293613 ], [ -101.79985500382908, 21.066764999293579 ], [ -101.799871670495904, 21.066724999293509 ], [ -101.799895003829462, 21.06668333262682 ], [ -101.799923337163051, 21.066639999293482 ], [ -101.799945003829905, 21.066603332626709 ], [ -101.799966670496772, 21.066569999293396 ], [ -101.799983337163582, 21.066538332626717 ], [ -101.800000003830405, 21.06650999929337 ], [ -101.800013337163875, 21.06648166596004 ], [ -101.800026670497317, 21.066458332626659 ], [ -101.800035003830715, 21.066424999293325 ], [ -101.800041670497492, 21.066393332626649 ], [ -101.80004667049748, 21.066363332626572 ], [ -101.800037477175749, 21.066212688558249 ], [ -101.800037503827355, 21.066191665962798 ], [ -101.800066670497699, 21.066209999293186 ], [ -101.800097503827914, 21.066227499296392 ], [ -101.800128337164921, 21.066244999293151 ], [ -101.800191670498904, 21.066278332626542 ], [ -101.800255003832845, 21.066306665959857 ], [ -101.800318337166786, 21.066333332626527 ], [ -101.800380003834064, 21.06635499929315 ], [ -101.800443337167977, 21.066364999293139 ], [ -101.800506670501932, 21.066364999293146 ], [ -101.800566670502491, 21.066353332626488 ], [ -101.800628337169798, 21.066331665959741 ], [ -101.800688337170342, 21.066301665959713 ], [ -101.800750003837578, 21.06627333262637 ], [ -101.800808337171489, 21.066243332626261 ], [ -101.800861670505313, 21.066209999292944 ], [ -101.800915003839123, 21.066171665959541 ], [ -101.800960003839606, 21.066128332626164 ], [ -101.800995003839944, 21.066079999292835 ], [ -101.8010266705069, 21.066029999292784 ], [ -101.801055003840489, 21.065979999292768 ], [ -101.801081670507401, 21.065923332626102 ], [ -101.801110003840975, 21.065866665959391 ], [ -101.801135003841225, 21.065808332625959 ], [ -101.801160003841417, 21.065744999292544 ], [ -101.801185003841681, 21.065681665959264 ], [ -101.801211670508565, 21.065618332625821 ], [ -101.801240003842182, 21.06554999929244 ], [ -101.801263337175726, 21.065484999292408 ], [ -101.801291670509315, 21.065419999292327 ], [ -101.801318337176255, 21.065353332625701 ], [ -101.80134000384308, 21.065289999292244 ], [ -101.801351670509831, 21.065223332625578 ], [ -101.801346670509758, 21.065158332625572 ], [ -101.801330003842963, 21.065093332625473 ], [ -101.801310003842772, 21.065038332625502 ], [ -101.801293337175892, 21.064986665958827 ], [ -101.801266670508952, 21.064938332625466 ], [ -101.801236670508658, 21.064888332625394 ], [ -101.801185943669608, 21.064605921539513 ], [ -101.801161938969912, 21.064393115329647 ], [ -101.801161938969869, 21.064146707591732 ], [ -101.801209948475488, 21.063877898684932 ], [ -101.801449996003839, 21.063564287679664 ], [ -101.801786062543442, 21.063250676013332 ], [ -101.802194143341595, 21.062937063685798 ], [ -101.802458195622791, 21.06275785634466 ], [ -101.802674238398282, 21.062511445898231 ], [ -101.802925003857766, 21.062304999290053 ], [ -101.802918337191073, 21.062301665956785 ], [ -101.80290667052428, 21.062289999290119 ], [ -101.802893337190795, 21.06227333262342 ], [ -101.802878337190634, 21.062243332623392 ], [ -101.802866670523883, 21.062209999290047 ], [ -101.802856670523795, 21.062174999290068 ], [ -101.802846670523664, 21.062133332623311 ], [ -101.802840003856915, 21.062088332623361 ], [ -101.802835003856828, 21.062043332623293 ], [ -101.802828337190107, 21.061996665956617 ], [ -101.802816670523328, 21.061953332623261 ], [ -101.802805003856548, 21.061911665956579 ], [ -101.802791670523064, 21.061864999289853 ], [ -101.802780003856299, 21.061818332623201 ], [ -101.802771670522858, 21.06176999928983 ], [ -101.802766670522828, 21.061719999289771 ], [ -101.802768337189491, 21.06167166595645 ], [ -101.802773337189521, 21.0616266659564 ], [ -101.80277667052286, 21.06158333262302 ], [ -101.802780003856228, 21.061539999289685 ], [ -101.802780003856228, 21.061493332622984 ], [ -101.802778337189523, 21.061444999289627 ], [ -101.802778337189523, 21.061396665956263 ], [ -101.802781670522847, 21.061346665956233 ], [ -101.802786670522906, 21.06129833262289 ], [ -101.80279667052298, 21.061254999289471 ], [ -101.802803337189772, 21.061218332622811 ], [ -101.802698243150729, 21.060540147634864 ], [ -101.802218148093928, 21.060405739984137 ], [ -101.801570019767269, 21.060181726963052 ], [ -101.801008700426905, 21.060071927826044 ], [ -101.80153038202468, 21.058934601905765 ] ] ] ] } },
{ "type": "Feature", "properties": { "ID": 46, "ENTIDAD": 11, "MUNICIPIO": 25, "NOMBRE": "PURISIMA DEL RINCON", "CONTROL": 25, "GEOMETRY1_": null, "ID_2": 2010, "ENTIDAD_2": 11, "DISTRITO_F": 7, "DISTRITO_L": 18, "MUNICIPIO_2": 25, "SECCION": 2046, "TIPO": 4, "CONTROL_2": 4455, "GEOMETRY1__2": null }, "geometry": { "type": "MultiPolygon", "coordinates": [ [ [ [ -101.870335093299531, 21.00254992683028 ], [ -101.870121358921551, 21.002483867280691 ], [ -101.869555965270393, 21.002309117667295 ], [ -101.869261324611955, 21.002218050366263 ], [ -101.868781900693151, 21.002071993962787 ], [ -101.868074872962907, 21.00185659500108 ], [ -101.867572981214025, 21.001703689332899 ], [ -101.867253731256739, 21.001606426099265 ], [ -101.866767573241887, 21.001502127231568 ], [ -101.865761397186617, 21.001100353896682 ], [ -101.863896984992309, 21.000356224319031 ], [ -101.862310472447547, 20.999710984806615 ], [ -101.861291018429654, 20.999296358468445 ], [ -101.858255119864481, 20.997971987419998 ], [ -101.857544168368108, 20.997669794300002 ], [ -101.856422022436135, 20.997425918113045 ], [ -101.856099797491453, 20.997355887775701 ], [ -101.855241087875626, 20.996418506766503 ], [ -101.85489795090642, 20.996043928096906 ], [ -101.854910501662133, 20.9949710624958 ], [ -101.854913253670674, 20.994735824193548 ], [ -101.854914116514294, 20.994662070072884 ], [ -101.854941970388964, 20.992281354182285 ], [ -101.854194664119859, 20.992249568199469 ], [ -101.853445481980302, 20.992438289775485 ], [ -101.852842112116875, 20.992590278068725 ], [ -101.852260018251911, 20.992736904704497 ], [ -101.851588297981309, 20.992906105048597 ], [ -101.850228124916811, 20.991981899504921 ], [ -101.8492458827223, 20.991314474518553 ], [ -101.848883770203912, 20.990824313122157 ], [ -101.848522430008359, 20.990375481503996 ], [ -101.848391705420624, 20.989674795254722 ], [ -101.848441264538906, 20.989177859869685 ], [ -101.848877406699771, 20.988448211516367 ], [ -101.849239921360322, 20.98784173349004 ], [ -101.849872936465417, 20.987087137016751 ], [ -101.850798443197633, 20.986245037344467 ], [ -101.852477578796424, 20.986145336671544 ], [ -101.853176521604709, 20.985803960990374 ], [ -101.853825402310207, 20.985918011622605 ], [ -101.855604449034615, 20.986717380358911 ], [ -101.855897522912883, 20.986671550439929 ], [ -101.85588245857457, 20.985886458827054 ], [ -101.855937267605412, 20.98567895383923 ], [ -101.85604847092786, 20.985346585090124 ], [ -101.856281976317845, 20.985260336099532 ], [ -101.856575047046107, 20.985214505355124 ], [ -101.856870496616622, 20.985292635898531 ], [ -101.857285871363132, 20.985492923000727 ], [ -101.857462982901552, 20.985531536473292 ], [ -101.85781165309885, 20.985319518944234 ], [ -101.858157942129594, 20.984983539172976 ], [ -101.858625741844605, 20.984852356035677 ], [ -101.859155487532917, 20.984885550809693 ], [ -101.859511297150604, 20.985045414715106 ], [ -101.859867901305194, 20.985246598268425 ], [ -101.860106167188917, 20.985408267140308 ], [ -101.86051757535401, 20.985401943514919 ], [ -101.860926600908911, 20.98527165756769 ], [ -101.861216492316061, 20.98506053724061 ], [ -101.861561183700019, 20.984641910620017 ], [ -101.861612012921228, 20.984227802610697 ], [ -101.861895546546023, 20.983686118111759 ], [ -101.861828831488793, 20.983273817751076 ], [ -101.861972980467556, 20.983126936725544 ], [ -101.862117129166734, 20.982980055607953 ], [ -101.862275374646657, 20.982801958109505 ], [ -101.862433619759017, 20.982623860503708 ], [ -101.862750108881087, 20.982267664969783 ], [ -101.862834293026836, 20.98205970688614 ], [ -101.866969909460792, 20.982697713195641 ], [ -101.867217217288356, 20.982735853705275 ], [ -101.86746293919937, 20.982773757241095 ], [ -101.867991879870644, 20.982765604901562 ], [ -101.868520820269936, 20.982757450922779 ], [ -101.869635082028751, 20.982616271164925 ], [ -101.870341130750816, 20.98264671222071 ], [ -101.871101169362319, 20.982428322821239 ], [ -101.871856423233865, 20.981962009902155 ], [ -101.872552104533767, 20.98145528153966 ], [ -101.873360537066603, 20.980698815448946 ], [ -101.873757573104399, 20.979948701273358 ], [ -101.874508817502644, 20.979275778931452 ], [ -101.875157674934513, 20.979389749596379 ], [ -101.877980203454371, 20.979428771103557 ], [ -101.878523659216626, 20.977188916536864 ], [ -101.879178067219542, 20.974491705380164 ], [ -101.879646608317969, 20.974401789961068 ], [ -101.880115148692795, 20.974311873315045 ], [ -101.881232524994331, 20.974335904973874 ], [ -101.883644377015003, 20.974422533116993 ], [ -101.884675601653981, 20.974551207453917 ], [ -101.884933407964311, 20.974583375028821 ], [ -101.885191214334867, 20.97461554219986 ], [ -101.885706827256627, 20.974679875330715 ], [ -101.887651747154393, 20.974939016414794 ], [ -101.887278575651607, 20.978776092413543 ], [ -101.887119054592119, 20.980816423766864 ], [ -101.886361678949584, 20.987234634199257 ], [ -101.886261761627551, 20.988145488259054 ], [ -101.886034684018114, 20.98856233305445 ], [ -101.885631287177219, 20.988981914587249 ], [ -101.885403405694461, 20.989357439321378 ], [ -101.884997602192158, 20.989653061136831 ], [ -101.882912987983744, 20.991297348218222 ], [ -101.88156039089958, 20.991276986327428 ], [ -101.881113828888232, 20.995541110371079 ], [ -101.876703260336512, 20.995485419780792 ], [ -101.87648333584967, 20.996274134270156 ], [ -101.87637856558969, 20.996937070352544 ], [ -101.876331772436458, 20.997557777165316 ], [ -101.876226202449914, 20.998179393422969 ], [ -101.876178610045386, 20.998758780408522 ], [ -101.876131816473062, 20.999379487210991 ], [ -101.875703387329295, 21.000522317751575 ], [ -101.875364246481567, 21.00102216388612 ], [ -101.875025103499851, 21.001522009578348 ], [ -101.873635549350638, 21.003569966482861 ], [ -101.870335093299531, 21.00254992683028 ] ] ] ] } },
{ "type": "Feature", "properties": { "ID": 46, "ENTIDAD": 11, "MUNICIPIO": 25, "NOMBRE": "PURISIMA DEL RINCON", "CONTROL": 25, "GEOMETRY1_": null, "ID_2": 2011, "ENTIDAD_2": 11, "DISTRITO_F": 7, "DISTRITO_L": 18, "MUNICIPIO_2": 25, "SECCION": 2047, "TIPO": 4, "CONTROL_2": 4443, "GEOMETRY1__2": null }, "geometry": { "type": "MultiPolygon", "coordinates": [ [ [ [ -101.924974723535485, 20.97867928140511 ], [ -101.924819925886268, 20.978780347439255 ], [ -101.924790036337029, 20.983244555461326 ], [ -101.922626145698402, 20.983815922521092 ], [ -101.92251509767425, 20.984148317432815 ], [ -101.922350144967254, 20.984729546437382 ], [ -101.922360687025929, 20.985266683148073 ], [ -101.921950923387072, 20.985355792523578 ], [ -101.921134637142401, 20.985699281421862 ], [ -101.920671775815336, 20.986078540049032 ], [ -101.919869259177716, 20.987124434291829 ], [ -101.919821024552519, 20.987662495871614 ], [ -101.918613579570561, 20.989045400110744 ], [ -101.918324584995119, 20.989297928089837 ], [ -101.917975198166019, 20.989468742490821 ], [ -101.917685391709384, 20.98967995125119 ], [ -101.917456785482173, 20.9900141913722 ], [ -101.917171026345926, 20.990431991242449 ], [ -101.916528586429791, 20.990648737404857 ], [ -101.916180003692929, 20.990860867090205 ], [ -101.915832229402795, 20.991114314576297 ], [ -101.915370147217146, 20.991534880494726 ], [ -101.91771042295089, 20.996953823594854 ], [ -101.914721349922601, 21.000431257180473 ], [ -101.914693485075446, 21.000387132139256 ], [ -101.914067647404224, 21.002346686241161 ], [ -101.913124643207894, 21.005299237213222 ], [ -101.912955262660788, 21.005551092131761 ], [ -101.912727139298141, 21.005804315010938 ], [ -101.91250015602715, 21.00609882942938 ], [ -101.912329632809204, 21.006309392164574 ], [ -101.911184435474283, 21.007410334094232 ], [ -101.911435376148773, 21.007982948669756 ], [ -101.911044703437256, 21.008735774704739 ], [ -101.910112203498443, 21.011153947724047 ], [ -101.906751225591805, 21.010777645233819 ], [ -101.906516247346161, 21.010783109972767 ], [ -101.906225942451073, 21.010913816386402 ], [ -101.905994381699756, 21.011043156394809 ], [ -101.905884867062085, 21.011334932258222 ], [ -101.905774212821498, 21.011585416096821 ], [ -101.905755342059578, 21.013032001766124 ], [ -101.905905874534056, 21.014226737185489 ], [ -101.905700513969393, 21.015305792926256 ], [ -101.9047844934869, 21.016194779703678 ], [ -101.904154224795718, 21.016787890668517 ], [ -101.903705887687067, 21.017583363737007 ], [ -101.903188549098573, 21.018008572912578 ], [ -101.902729955292685, 21.018432415658584 ], [ -101.902101946317643, 21.019108105096862 ], [ -101.901245768433171, 21.020037004685442 ], [ -101.900651673585259, 21.020877176383625 ], [ -101.900057572412848, 21.021717346703529 ], [ -101.89946780431768, 21.021648405445944 ], [ -101.898936785710021, 21.021578098065969 ], [ -101.898291681825242, 21.021634393294267 ], [ -101.897474878773778, 21.021859945832482 ], [ -101.896899894472398, 21.02232779523985 ], [ -101.897081829918761, 21.022530166478077 ], [ -101.897263765867592, 21.02273253746019 ], [ -101.897451389588255, 21.023141369480797 ], [ -101.897877427413775, 21.023668623069629 ], [ -101.898361080855665, 21.024153219064761 ], [ -101.898615425030243, 21.024849730666126 ], [ -101.898591739034998, 21.025056873717503 ], [ -101.898568053011402, 21.02526401676878 ], [ -101.89834101491715, 21.025558518332911 ], [ -101.898230340017975, 21.025808999573723 ], [ -101.898234322297682, 21.025953522323164 ], [ -101.89823830460341, 21.026098045069389 ], [ -101.898307296095766, 21.026468310959807 ], [ -101.898371736560108, 21.026673407951929 ], [ -101.898436177234913, 21.026878504894796 ], [ -101.898773145859579, 21.027369787117472 ], [ -101.89917395685184, 21.027954142420882 ], [ -101.899574772375743, 21.028538496191047 ], [ -101.901253746496792, 21.030986235969401 ], [ -101.900732942450148, 21.031287567001616 ], [ -101.900270889230001, 21.031587531745004 ], [ -101.900048402292811, 21.032047204383161 ], [ -101.899917152898524, 21.032401644872099 ], [ -101.897941747514949, 21.037736120261986 ], [ -101.895834958619986, 21.043425025020142 ], [ -101.895022260845082, 21.048071576220547 ], [ -101.894289101106708, 21.049204195572614 ], [ -101.893924025487294, 21.048758162325374 ], [ -101.893504742060102, 21.04847866051081 ], [ -101.892969077540982, 21.04824317614397 ], [ -101.892381477567184, 21.048256806804513 ], [ -101.89174080212527, 21.048478259943103 ], [ -101.891098987680778, 21.048658418501962 ], [ -101.890576965477621, 21.048918434897853 ], [ -101.889710333535078, 21.049475669704922 ], [ -101.88925274830882, 21.049940782665036 ], [ -101.888973716048639, 21.050484394028466 ], [ -101.888694681956622, 21.051028005136455 ], [ -101.888239361420531, 21.05157570113106 ], [ -101.887664242011041, 21.052043534342413 ], [ -101.886613344246314, 21.052315793341652 ], [ -101.886075402006867, 21.051997702529587 ], [ -101.885180350161932, 21.051522603556169 ], [ -101.884580246435505, 21.05108199007039 ], [ -101.884218596809802, 21.050759811075917 ], [ -101.883914575140665, 21.050394978350752 ], [ -101.883725807659701, 21.049944839525462 ], [ -101.88364775457633, 21.0492442244289 ], [ -101.883749388859712, 21.048663407240749 ], [ -101.883561759454651, 21.04825456050834 ], [ -101.8832035232533, 21.048056256250312 ], [ -101.882963095446556, 21.047519923111111 ], [ -101.880734659033891, 21.043611314829352 ], [ -101.880416673981102, 21.043071266796399 ], [ -101.880270136109289, 21.042560395176103 ], [ -101.880090051204988, 21.042082177014674 ], [ -101.880684658632035, 21.041013294132878 ], [ -101.880992359418272, 21.039243410991585 ], [ -101.881160966958106, 21.038977794519734 ], [ -101.881589420722932, 21.038302823955807 ], [ -101.882662921929025, 21.037257896598 ], [ -101.883072102354674, 21.036228084507055 ], [ -101.884019632643316, 21.036263978041539 ], [ -101.885127770613565, 21.036291317484814 ], [ -101.887174740431504, 21.038001631423207 ], [ -101.889716049356764, 21.036736235147767 ], [ -101.889959732652628, 21.037574563853706 ], [ -101.892771777215813, 21.037894537559094 ], [ -101.892554815083415, 21.035169094653263 ], [ -101.892226543300055, 21.035186549773425 ], [ -101.891785153369995, 21.032276328721629 ], [ -101.891868978789134, 21.032250864253875 ], [ -101.891952804174863, 21.032225399747837 ], [ -101.892002102692857, 21.03208341332445 ], [ -101.892102811735157, 21.031609398582315 ], [ -101.892801664817583, 21.030370606087285 ], [ -101.892901900390044, 21.030121717608321 ], [ -101.890257814268736, 21.028759512799354 ], [ -101.890401320581191, 21.028602747287458 ], [ -101.891304789906727, 21.027528126667079 ], [ -101.892361795036237, 21.02540695655771 ], [ -101.892720688646037, 21.024389275236487 ], [ -101.892855806748827, 21.023373508910289 ], [ -101.89281788395725, 21.023267413215429 ], [ -101.892484316096827, 21.021547173683324 ], [ -101.892026812113073, 21.019716014529546 ], [ -101.895961681592155, 21.019486069911114 ], [ -101.895776335473158, 21.017318889198588 ], [ -101.895565990950161, 21.01715782573125 ], [ -101.895261477819616, 21.017073205052167 ], [ -101.891399864426631, 21.017206561655978 ], [ -101.8912292928878, 21.017183654037304 ], [ -101.890886860336565, 21.017137665076625 ], [ -101.890460786337741, 21.01708044198238 ], [ -101.890123155669343, 21.017035096304465 ], [ -101.889630153253378, 21.016968882058578 ], [ -101.88824717392005, 21.016783128559258 ], [ -101.886984721615917, 21.016702431589163 ], [ -101.887113758906636, 21.015666801175918 ], [ -101.886210555420035, 21.015593295505607 ], [ -101.886546439367891, 21.013933931958963 ], [ -101.884176138169749, 21.013830595793326 ], [ -101.883391492628675, 21.013828460733738 ], [ -101.883354660383546, 21.013676124046057 ], [ -101.881854955313145, 21.008161042069236 ], [ -101.879357088737692, 21.008152366695104 ], [ -101.876711210638746, 21.007976203421993 ], [ -101.874593767137327, 21.008004064695616 ], [ -101.874129092875151, 21.004030778614826 ], [ -101.87402849917369, 21.003937304743008 ], [ -101.873635549350638, 21.003569966482861 ], [ -101.875025103499851, 21.001522009578348 ], [ -101.875364246481567, 21.00102216388612 ], [ -101.875703387329295, 21.000522317751575 ], [ -101.876131816473062, 20.999379487210991 ], [ -101.876178610045386, 20.998758780408522 ], [ -101.876226202449914, 20.998179393422969 ], [ -101.876331772436458, 20.997557777165316 ], [ -101.87637856558969, 20.996937070352544 ], [ -101.87648333584967, 20.996274134270156 ], [ -101.876703260336512, 20.995485419780792 ], [ -101.881113828888232, 20.995541110371079 ], [ -101.88156039089958, 20.991276986327428 ], [ -101.882912987983744, 20.991297348218222 ], [ -101.884997602192158, 20.989653061136831 ], [ -101.885403405694461, 20.989357439321378 ], [ -101.885631287177219, 20.988981914587249 ], [ -101.886034684018114, 20.98856233305445 ], [ -101.886261761627551, 20.988145488259054 ], [ -101.886361678949584, 20.987234634199257 ], [ -101.887119054592119, 20.980816423766864 ], [ -101.887278575651607, 20.978776092413543 ], [ -101.887651747154393, 20.974939016414794 ], [ -101.889591861275534, 20.974950217778293 ], [ -101.893070344668288, 20.975474785755299 ], [ -101.894541125384748, 20.975534562246676 ], [ -101.896011905602847, 20.975594325879594 ], [ -101.896158019480083, 20.975550718489448 ], [ -101.896304133257487, 20.975507110983511 ], [ -101.900186762517478, 20.975653249409977 ], [ -101.900484619283588, 20.97585526092767 ], [ -101.905898405475838, 20.976142699033421 ], [ -101.90831348207675, 20.976394247287185 ], [ -101.911436991692725, 20.976799988907612 ], [ -101.914678043948513, 20.977203827675567 ], [ -101.915437156580509, 20.976943932155706 ], [ -101.917044889909477, 20.977993309602947 ], [ -101.917799953524977, 20.977526811560377 ], [ -101.917908582321076, 20.977070463469506 ], [ -101.925922692721571, 20.978060354923734 ], [ -101.924974723535485, 20.97867928140511 ] ] ] ] } },
{ "type": "Feature", "properties": { "ID": 46, "ENTIDAD": 11, "MUNICIPIO": 25, "NOMBRE": "PURISIMA DEL RINCON", "CONTROL": 25, "GEOMETRY1_": null, "ID_2": 2012, "ENTIDAD_2": 11, "DISTRITO_F": 7, "DISTRITO_L": 18, "MUNICIPIO_2": 25, "SECCION": 2048, "TIPO": 4, "CONTROL_2": 6055, "GEOMETRY1__2": null }, "geometry": { "type": "MultiPolygon", "coordinates": [ [ [ [ -101.862918476971203, 20.981851748783168 ], [ -101.862850171594289, 20.981356808190103 ], [ -101.862314084280513, 20.980993060276631 ], [ -101.861899511890286, 20.980834105139213 ], [ -101.861483352052502, 20.980592507995521 ], [ -101.861422993221126, 20.980510770651797 ], [ -101.861362634458558, 20.980429033278327 ], [ -101.861221273093705, 20.979191226495573 ], [ -101.86114900591862, 20.978489681964103 ], [ -101.861173230297069, 20.978220647241461 ], [ -101.861197454650963, 20.977951612517916 ], [ -101.861163703350343, 20.977724801597745 ], [ -101.861129952195483, 20.977497990653987 ], [ -101.861185149131629, 20.977311145215339 ], [ -101.861212747558625, 20.977217722493823 ], [ -101.861240345958194, 20.977124299770963 ], [ -101.861407920585378, 20.976667064574144 ], [ -101.861740685326069, 20.975628632590404 ], [ -101.862017061172764, 20.974715065034424 ], [ -101.862583302314818, 20.973590377381132 ], [ -101.862783827687821, 20.973318631738668 ], [ -101.862896570489653, 20.973165845776858 ], [ -101.862984352367619, 20.973046885935652 ], [ -101.86333139797074, 20.972752220201155 ], [ -101.862916054566497, 20.972551944486202 ], [ -101.862263260692913, 20.972231320267923 ], [ -101.861539795809762, 20.971291789107891 ], [ -101.861151064325526, 20.970946434973335 ], [ -101.860762334618727, 20.970601079732685 ], [ -101.861456424288065, 20.970011756920673 ], [ -101.862497548442818, 20.969127768498264 ], [ -101.863767369270235, 20.967909596605374 ], [ -101.864504312259598, 20.966492952094814 ], [ -101.865107030446211, 20.964210385844289 ], [ -101.866120281839912, 20.961880168886243 ], [ -101.867005820830272, 20.959300387387945 ], [ -101.867261334469106, 20.958555999499097 ], [ -101.868402346296818, 20.955231826946338 ], [ -101.869940455378384, 20.955745458446202 ], [ -101.871185565966329, 20.956304924344987 ], [ -101.872371924093827, 20.956865286293471 ], [ -101.873664661385675, 20.956845343868718 ], [ -101.874318996038681, 20.957248569927202 ], [ -101.874973334018904, 20.957651793047301 ], [ -101.876929190890408, 20.958489564860926 ], [ -101.877928928926806, 20.958515447674515 ], [ -101.878813538133045, 20.958667101474411 ], [ -101.879407534995806, 20.958988574133162 ], [ -101.880059497274189, 20.959267815538706 ], [ -101.881415001367955, 20.959453502096629 ], [ -101.882294823645125, 20.959357217966449 ], [ -101.884235543268261, 20.95940982353655 ], [ -101.885243280777985, 20.959848859388426 ], [ -101.885842893208221, 20.960459545027884 ], [ -101.885804931095734, 20.961534767120437 ], [ -101.88535403286059, 20.962533727219462 ], [ -101.885252506265005, 20.963361942468349 ], [ -101.885382031265067, 20.963979915328846 ], [ -101.885632284327897, 20.964761344203527 ], [ -101.885643485768597, 20.965339819187363 ], [ -101.885719852603671, 20.966247939947962 ], [ -101.885963710544189, 20.966698810535675 ], [ -101.886563356597136, 20.967309489698994 ], [ -101.887515074940865, 20.967927957235919 ], [ -101.887501879019396, 20.968318465872326 ], [ -101.887436796767986, 20.970244481322418 ], [ -101.887261446147534, 20.970828460405599 ], [ -101.887166697811935, 20.971144004067732 ], [ -101.886484727550723, 20.972353214349585 ], [ -101.885735175336848, 20.973108819068855 ], [ -101.885095146152423, 20.973449402327617 ], [ -101.884675601653981, 20.974551207453917 ], [ -101.883644377015003, 20.974422533116993 ], [ -101.881232524994331, 20.974335904973874 ], [ -101.880115148692795, 20.974311873315045 ], [ -101.879646608317969, 20.974401789961068 ], [ -101.879178067219542, 20.974491705380164 ], [ -101.878523659216626, 20.977188916536864 ], [ -101.877980203454371, 20.979428771103557 ], [ -101.875157674934513, 20.979389749596379 ], [ -101.874508817502644, 20.979275778931452 ], [ -101.873757573104399, 20.979948701273358 ], [ -101.873360537066603, 20.980698815448946 ], [ -101.872552104533767, 20.98145528153966 ], [ -101.871856423233865, 20.981962009902155 ], [ -101.871101169362319, 20.982428322821239 ], [ -101.870341130750816, 20.98264671222071 ], [ -101.869635082028751, 20.982616271164925 ], [ -101.868520820269936, 20.982757450922779 ], [ -101.867991879870644, 20.982765604901562 ], [ -101.86746293919937, 20.982773757241095 ], [ -101.867217217288356, 20.982735853705275 ], [ -101.866969909460792, 20.982697713195641 ], [ -101.862834293026836, 20.98205970688614 ], [ -101.862918476971203, 20.981851748783168 ] ] ] ] } },
{ "type": "Feature", "properties": { "ID": 46, "ENTIDAD": 11, "MUNICIPIO": 25, "NOMBRE": "PURISIMA DEL RINCON", "CONTROL": 25, "GEOMETRY1_": null, "ID_2": 2013, "ENTIDAD_2": 11, "DISTRITO_F": 7, "DISTRITO_L": 18, "MUNICIPIO_2": 25, "SECCION": 2049, "TIPO": 4, "CONTROL_2": 4465, "GEOMETRY1__2": null }, "geometry": { "type": "MultiPolygon", "coordinates": [ [ [ [ -101.938032808411748, 20.951252267512899 ], [ -101.937640239632415, 20.952209076470982 ], [ -101.937132595742725, 20.953291695252712 ], [ -101.936913031834493, 20.954080447001228 ], [ -101.936692652438012, 20.954827880867878 ], [ -101.936533469366509, 20.955698339786661 ], [ -101.934959226872081, 20.956343164753921 ], [ -101.934087622415248, 20.956852894170975 ], [ -101.934180531239832, 20.958587317909597 ], [ -101.934661983827937, 20.959158346303138 ], [ -101.933987781908655, 20.960739558303441 ], [ -101.933596795644647, 20.961778998743455 ], [ -101.932509626351816, 20.96328406438683 ], [ -101.931890084773073, 20.964657755232469 ], [ -101.931619037465566, 20.965819293067995 ], [ -101.931407561585218, 20.967021221721634 ], [ -101.930886832033082, 20.967442744100641 ], [ -101.929488728631242, 20.968084754132128 ], [ -101.928265275888975, 20.968641339843817 ], [ -101.927159338800863, 20.96919606643295 ], [ -101.92588278310842, 20.970042789646136 ], [ -101.925012690564373, 20.970635121148426 ], [ -101.923800549361133, 20.971770133782179 ], [ -101.925464600656014, 20.972694552663608 ], [ -101.925693640722102, 20.975377454596817 ], [ -101.925922692721571, 20.978060354923734 ], [ -101.917908582321076, 20.977070463469506 ], [ -101.917799953524977, 20.977526811560377 ], [ -101.917044889909477, 20.977993309602947 ], [ -101.915437156580509, 20.976943932155706 ], [ -101.914678043948513, 20.977203827675567 ], [ -101.911436991692725, 20.976799988907612 ], [ -101.90831348207675, 20.976394247287185 ], [ -101.905898405475838, 20.976142699033421 ], [ -101.900484619283588, 20.97585526092767 ], [ -101.900186762517478, 20.975653249409977 ], [ -101.896304133257487, 20.975507110983511 ], [ -101.896158019480083, 20.975550718489448 ], [ -101.896011905602847, 20.975594325879594 ], [ -101.894541125384748, 20.975534562246676 ], [ -101.893070344668288, 20.975474785755299 ], [ -101.889591861275534, 20.974950217778293 ], [ -101.887651747154393, 20.974939016414794 ], [ -101.885706827256627, 20.974679875330715 ], [ -101.885191214334867, 20.97461554219986 ], [ -101.884933407964311, 20.974583375028821 ], [ -101.884675601653981, 20.974551207453917 ], [ -101.885095146152423, 20.973449402327617 ], [ -101.885735175336848, 20.973108819068855 ], [ -101.886484727550723, 20.972353214349585 ], [ -101.887166697811935, 20.971144004067732 ], [ -101.887261446147534, 20.970828460405599 ], [ -101.887436796767986, 20.970244481322418 ], [ -101.887501879019396, 20.968318465872326 ], [ -101.887515074940865, 20.967927957235919 ], [ -101.886563356597136, 20.967309489698994 ], [ -101.885963710544189, 20.966698810535675 ], [ -101.885719852603671, 20.966247939947962 ], [ -101.885643485768597, 20.965339819187363 ], [ -101.885632284327897, 20.964761344203527 ], [ -101.885382031265067, 20.963979915328846 ], [ -101.885252506265005, 20.963361942468349 ], [ -101.88535403286059, 20.962533727219462 ], [ -101.885804931095734, 20.961534767120437 ], [ -101.885842893208221, 20.960459545027884 ], [ -101.885243280777985, 20.959848859388426 ], [ -101.884235543268261, 20.95940982353655 ], [ -101.882294823645125, 20.959357217966449 ], [ -101.881415001367955, 20.959453502096629 ], [ -101.880059497274189, 20.959267815538706 ], [ -101.879407534995806, 20.958988574133162 ], [ -101.878813538133045, 20.958667101474411 ], [ -101.877928928926806, 20.958515447674515 ], [ -101.876929190890408, 20.958489564860926 ], [ -101.874973334018904, 20.957651793047301 ], [ -101.874318996038681, 20.957248569927202 ], [ -101.873664661385675, 20.956845343868718 ], [ -101.872371924093827, 20.956865286293471 ], [ -101.871185565966329, 20.956304924344987 ], [ -101.869940455378384, 20.955745458446202 ], [ -101.868402346296818, 20.955231826946338 ], [ -101.867261334469106, 20.958555999499097 ], [ -101.86527732943695, 20.958545196685645 ], [ -101.863293321675442, 20.958534370705738 ], [ -101.863273479859245, 20.957501358447452 ], [ -101.862787517448709, 20.956682172706824 ], [ -101.863068626864631, 20.9560165296568 ], [ -101.863293354121922, 20.955475750955518 ], [ -101.863518079975606, 20.954934972113566 ], [ -101.864132695549074, 20.95327221752429 ], [ -101.864100155026463, 20.951578077549243 ], [ -101.863530063525516, 20.949437538317824 ], [ -101.863550740738731, 20.947453250173037 ], [ -101.863812001232574, 20.945754594414808 ], [ -101.864014502022556, 20.944056841445754 ], [ -101.864634684100537, 20.939624710995684 ], [ -101.864994398524189, 20.936932556835384 ], [ -101.864950743324158, 20.936189238636846 ], [ -101.864907089034077, 20.935445920320678 ], [ -101.864064725378554, 20.934425542042618 ], [ -101.864314875846077, 20.932148398429906 ], [ -101.864554589467204, 20.931330378377151 ], [ -101.865142220699866, 20.929325063011049 ], [ -101.873169626119889, 20.931144185803934 ], [ -101.872238445372616, 20.934671798587466 ], [ -101.875021284179198, 20.935744876316093 ], [ -101.880308454174695, 20.938680501452776 ], [ -101.877941468197506, 20.946983540568027 ], [ -101.878253590470479, 20.947929361623093 ], [ -101.878272727820047, 20.948921041423738 ], [ -101.881483144882694, 20.950814017728657 ], [ -101.883091623560915, 20.948887843340813 ], [ -101.884875532046962, 20.946917608145931 ], [ -101.885180668999084, 20.946666192449513 ], [ -101.887073881319466, 20.945106263080845 ], [ -101.888055125660927, 20.94418174446162 ], [ -101.888326502226263, 20.943020238687172 ], [ -101.888125443089592, 20.941742062502879 ], [ -101.889058707848747, 20.941376267129279 ], [ -101.889991967508323, 20.941010467154005 ], [ -101.891820090629537, 20.94052600017444 ], [ -101.895452049934818, 20.939563437064241 ], [ -101.896949946030816, 20.939166430542482 ], [ -101.897951950252235, 20.939316168285281 ], [ -101.898686759518483, 20.93932539798228 ], [ -101.899421568456461, 20.9393346244977 ], [ -101.900134629491404, 20.939736838065546 ], [ -101.90084769409124, 20.940139048185753 ], [ -101.90244044872675, 20.940444880778493 ], [ -101.90367425817216, 20.940425643129537 ], [ -101.910553953362694, 20.940607530866885 ], [ -101.913193651265388, 20.937342387952771 ], [ -101.914256011344861, 20.937573747324272 ], [ -101.915386003592289, 20.938258684957955 ], [ -101.91622386258625, 20.939030854096597 ], [ -101.917005401302077, 20.939927894734925 ], [ -101.917796644750922, 20.941320753512258 ], [ -101.920536170214831, 20.940161836242051 ], [ -101.920838825360747, 20.940611728690353 ], [ -101.921376490947566, 20.941057930867355 ], [ -101.921968866491582, 20.941296616225614 ], [ -101.921745993266299, 20.941920082982289 ], [ -101.922057556790833, 20.942824474869333 ], [ -101.922424640586755, 20.943562669207967 ], [ -101.922497152391884, 20.944264158894732 ], [ -101.92333427125314, 20.944994965996756 ], [ -101.924345229802739, 20.945599042174113 ], [ -101.925359436908622, 20.94636838443396 ], [ -101.926015455590246, 20.946854037804496 ], [ -101.926549916815446, 20.947134946033422 ], [ -101.926859901665722, 20.947956687567199 ], [ -101.927578741379691, 20.948647999694323 ], [ -101.928175210998518, 20.949093249370591 ], [ -101.929005892853141, 20.949493476834437 ], [ -101.929373840956501, 20.950272967859146 ], [ -101.930148211932647, 20.950798068379708 ], [ -101.930627186129456, 20.951245159231149 ], [ -101.931277558024092, 20.951441561377852 ], [ -101.931750851994025, 20.951599422342998 ], [ -101.933042663942345, 20.951537717102074 ], [ -101.934559740029911, 20.950976477744163 ], [ -101.938222249651275, 20.948934757614825 ], [ -101.938032808411748, 20.951252267512899 ] ] ] ] } },
{ "type": "Feature", "properties": { "ID": 46, "ENTIDAD": 11, "MUNICIPIO": 25, "NOMBRE": "PURISIMA DEL RINCON", "CONTROL": 25, "GEOMETRY1_": null, "ID_2": 2015, "ENTIDAD_2": 11, "DISTRITO_F": 7, "DISTRITO_L": 18, "MUNICIPIO_2": 25, "SECCION": 2051, "TIPO": 4, "CONTROL_2": 4466, "GEOMETRY1__2": null }, "geometry": { "type": "MultiPolygon", "coordinates": [ [ [ [ -101.887010393557347, 20.903406697306252 ], [ -101.887199846993823, 20.902986843803149 ], [ -101.887410863367165, 20.901743611554544 ], [ -101.889143273507898, 20.901318135415668 ], [ -101.88992543607344, 20.901126031677965 ], [ -101.890225117333969, 20.901431380921537 ], [ -101.890524799822145, 20.90173672948751 ], [ -101.891451828775558, 20.901061050980694 ], [ -101.893309058922185, 20.899874960323952 ], [ -101.894316394027555, 20.900313988454467 ], [ -101.894964907852284, 20.900427922353394 ], [ -101.895549883842278, 20.900294847815569 ], [ -101.89594904332175, 20.899668671947307 ], [ -101.89616958780374, 20.898921272338772 ], [ -101.896211519745222, 20.898052649407223 ], [ -101.896022507210802, 20.897394271314539 ], [ -101.895229337243904, 20.895877295753714 ], [ -101.894745854975014, 20.895182152033453 ], [ -101.894271172459185, 20.894941522700247 ], [ -101.893794093083386, 20.894576932811812 ], [ -101.893782102080351, 20.893957137524076 ], [ -101.89418605298907, 20.893578884541888 ], [ -101.894177258820335, 20.893124368107593 ], [ -101.894464536798822, 20.892789256151548 ], [ -101.89480575050338, 20.892205314852259 ], [ -101.895381898624876, 20.891617728430386 ], [ -101.895679568671937, 20.891819770229123 ], [ -101.896272511083808, 20.892099893161692 ], [ -101.896862254856728, 20.892214735437815 ], [ -101.897564665925614, 20.892079834260983 ], [ -101.898387745994768, 20.892108383958341 ], [ -101.898973486794034, 20.892016621200487 ], [ -101.899394236141646, 20.892506067289162 ], [ -101.899172912564779, 20.89321214909727 ], [ -101.899184925233826, 20.893831941470101 ], [ -101.899666819130076, 20.894444431879133 ], [ -101.900089180637323, 20.89501651398259 ], [ -101.899977317972798, 20.895307576104251 ], [ -101.900161536125495, 20.895718031576205 ], [ -101.90086716394454, 20.895748392974255 ], [ -101.901215569614507, 20.895536315831492 ], [ -101.902081368234576, 20.894737544384803 ], [ -101.90230829106595, 20.894320695858525 ], [ -101.902412131112612, 20.893616439080983 ], [ -101.902632637529635, 20.892869035437599 ], [ -101.902914281659591, 20.892244675971469 ], [ -101.902720441087055, 20.891338391261975 ], [ -101.90264166530244, 20.890306320557709 ], [ -101.902391502050165, 20.889524906590349 ], [ -101.901962739431539, 20.88862227379342 ], [ -101.90218484699507, 20.887957509761108 ], [ -101.902765758436573, 20.887617819760393 ], [ -101.902873603760654, 20.887120159950079 ], [ -101.902398938360847, 20.88687955158321 ], [ -101.902744116477621, 20.886502196196538 ], [ -101.903210764452666, 20.886329609918317 ], [ -101.904030602944957, 20.886192858550089 ], [ -101.905029040499926, 20.886177318604727 ], [ -101.905918840294234, 20.886618114116114 ], [ -101.906391904058452, 20.886776073618051 ], [ -101.907397568758725, 20.887132392420327 ], [ -101.908038800817408, 20.886874409451011 ], [ -101.908731533517141, 20.886243636186375 ], [ -101.909425063713854, 20.885654179901501 ], [ -101.909953644025265, 20.885645937140346 ], [ -101.910487045748368, 20.885885607424878 ], [ -101.911023664117849, 20.886290552199842 ], [ -101.911731655702241, 20.886444830806635 ], [ -101.912194269452186, 20.886065625936681 ], [ -101.912662510320942, 20.885975653296125 ], [ -101.913352804401725, 20.885220906931188 ], [ -101.914163770890738, 20.884629599811628 ], [ -101.914992436239345, 20.884947306510828 ], [ -101.915935345657445, 20.885097897165434 ], [ -101.916941819084826, 20.885495477319331 ], [ -101.918181608943527, 20.885806738236859 ], [ -101.919522742712815, 20.885289775464425 ], [ -101.921249169812157, 20.883444165973405 ], [ -101.923265548645887, 20.884437519791195 ], [ -101.923108923795652, 20.886037706462798 ], [ -101.923097601899855, 20.886130662921765 ], [ -101.922892776022138, 20.887741884584742 ], [ -101.922874734645021, 20.887901807064736 ], [ -101.923798776518623, 20.891230666308065 ], [ -101.92303201929478, 20.896518252867104 ], [ -101.923246473874215, 20.89696953390801 ], [ -101.923460929883291, 20.897420814506987 ], [ -101.923060282931786, 20.897964403615074 ], [ -101.922544584619828, 20.898633789681313 ], [ -101.922407135730353, 20.900619845281579 ], [ -101.925611227673187, 20.902222825515608 ], [ -101.925962839675151, 20.902175974140587 ], [ -101.925863153813509, 20.903086824699532 ], [ -101.925225129436697, 20.903510152709217 ], [ -101.924823667833294, 20.904012428290009 ], [ -101.923807076764604, 20.909009732110619 ], [ -101.923161979248988, 20.912180749771089 ], [ -101.921035195249871, 20.911594139200336 ], [ -101.918215639896914, 20.911638321491807 ], [ -101.917157498089395, 20.911613559135482 ], [ -101.917223139957173, 20.920994747656451 ], [ -101.90707893668106, 20.913052327221195 ], [ -101.897582982098413, 20.911216242512037 ], [ -101.898977790152728, 20.907392027810669 ], [ -101.897038562156027, 20.907380831993038 ], [ -101.894843257148423, 20.9068055104777 ], [ -101.886467351557897, 20.904610134727665 ], [ -101.887010393557347, 20.903406697306252 ] ] ] ] } },
{ "type": "Feature", "properties": { "ID": 46, "ENTIDAD": 11, "MUNICIPIO": 25, "NOMBRE": "PURISIMA DEL RINCON", "CONTROL": 25, "GEOMETRY1_": null, "ID_2": 2016, "ENTIDAD_2": 11, "DISTRITO_F": 7, "DISTRITO_L": 18, "MUNICIPIO_2": 25, "SECCION": 2052, "TIPO": 4, "CONTROL_2": 4468, "GEOMETRY1__2": null }, "geometry": { "type": "MultiPolygon", "coordinates": [ [ [ [ -101.983207487692979, 20.89721730044775 ], [ -101.982387713648805, 20.897354430775678 ], [ -101.982149079706645, 20.897528570718649 ], [ -101.981576996890482, 20.897946037743175 ], [ -101.980700130863028, 20.898166734584823 ], [ -101.979407196623185, 20.898146111686941 ], [ -101.976990121662183, 20.897730168604109 ], [ -101.976381424325879, 20.89666533125903 ], [ -101.975297951758535, 20.895360102483266 ], [ -101.974915982922141, 20.893878335468916 ], [ -101.973685917666216, 20.894063309562959 ], [ -101.974224355541452, 20.894550664732019 ], [ -101.973422647228148, 20.895596719224095 ], [ -101.972731004055063, 20.896269044274074 ], [ -101.971869725017186, 20.897274714693854 ], [ -101.971120155376596, 20.89798928942437 ], [ -101.970607972643108, 20.898824062669846 ], [ -101.969917122944892, 20.899537696194983 ], [ -101.969341273199831, 20.900125503078762 ], [ -101.968589217247455, 20.900716118997401 ], [ -101.968082752566588, 20.901840105427191 ], [ -101.966109547969708, 20.903070132543927 ], [ -101.962432976839835, 20.904327259561899 ], [ -101.96137000624293, 20.90405486363796 ], [ -101.961203618720532, 20.904553472583853 ], [ -101.96034221490217, 20.905559098793471 ], [ -101.960113981117601, 20.908869142560537 ], [ -101.958647176919172, 20.908975127200108 ], [ -101.957939871948156, 20.908862379178029 ], [ -101.957817491390145, 20.908616342717025 ], [ -101.956619142935267, 20.910412584087968 ], [ -101.956748879512787, 20.911030476864589 ], [ -101.957337082500885, 20.911062461065736 ], [ -101.95822224907414, 20.911255043755354 ], [ -101.958467017333348, 20.91174711515399 ], [ -101.958366714302912, 20.912616644058964 ], [ -101.958210124888382, 20.913611058405507 ], [ -101.958286040061466, 20.914477785733045 ], [ -101.958475347117869, 20.915136058963576 ], [ -101.958848240280361, 20.916163383909446 ], [ -101.958442783227227, 20.916459142832004 ], [ -101.95821109274361, 20.916628147578706 ], [ -101.958099337089976, 20.916919235814124 ], [ -101.957736742113269, 20.917896260269263 ], [ -101.957374143178086, 20.918873284416684 ], [ -101.955959439331835, 20.918647785820031 ], [ -101.955802015355403, 20.919600882722825 ], [ -101.956633396891306, 20.920042304442365 ], [ -101.956946734409698, 20.921029249491177 ], [ -101.961982659786187, 20.921966496981927 ], [ -101.96349335347908, 20.922247623533664 ], [ -101.959833760461834, 20.930406956138945 ], [ -101.959497831719645, 20.931155890057337 ], [ -101.956816774087073, 20.932273128901709 ], [ -101.955969929763896, 20.934022461917372 ], [ -101.949592482234877, 20.931699950106946 ], [ -101.946617639526352, 20.930616473481901 ], [ -101.948651742841548, 20.929468317266394 ], [ -101.94851301093685, 20.928395934564808 ], [ -101.947786067724067, 20.927291524496518 ], [ -101.947241052352283, 20.926473550354615 ], [ -101.946872276270028, 20.925652782546958 ], [ -101.946944111407376, 20.923337137771227 ], [ -101.946758226267505, 20.916892522931896 ], [ -101.947200448879542, 20.915480283505357 ], [ -101.947283135009528, 20.904774367802684 ], [ -101.926671220330448, 20.90534734756406 ], [ -101.925225129436697, 20.903510152709217 ], [ -101.925863153813509, 20.903086824699532 ], [ -101.925962839675151, 20.902175974140587 ], [ -101.925611227673187, 20.902222825515608 ], [ -101.922407135730353, 20.900619845281579 ], [ -101.922544584619828, 20.898633789681313 ], [ -101.923060282931786, 20.897964403615074 ], [ -101.923460929883291, 20.897420814506987 ], [ -101.923246473874215, 20.89696953390801 ], [ -101.92303201929478, 20.896518252867104 ], [ -101.923798776518623, 20.891230666308065 ], [ -101.924595793836588, 20.894101766383429 ], [ -101.924493513160627, 20.896286775670479 ], [ -101.924454705983891, 20.897115815496225 ], [ -101.926038402647393, 20.896719778945393 ], [ -101.92788716975187, 20.89587917683696 ], [ -101.928026345510958, 20.895815894917359 ], [ -101.928403631829269, 20.894136795891782 ], [ -101.930099444728214, 20.886589309864874 ], [ -101.933461702519452, 20.886560610405205 ], [ -101.93438637405275, 20.886515738567468 ], [ -101.934095801669599, 20.884823898527635 ], [ -101.933621666733998, 20.882092827476477 ], [ -101.932790535187223, 20.880599417510894 ], [ -101.930130978647469, 20.880268117789168 ], [ -101.929200847818919, 20.880393325764476 ], [ -101.929060526874068, 20.880405165985582 ], [ -101.928465719384945, 20.880490009377962 ], [ -101.928513558728397, 20.879403788004545 ], [ -101.929614022403754, 20.878601215279893 ], [ -101.930661408613972, 20.878088788317921 ], [ -101.931353189942527, 20.877416620189564 ], [ -101.931520471275604, 20.876959349197236 ], [ -101.93196924757919, 20.875877687450096 ], [ -101.932308658139931, 20.875211055033148 ], [ -101.932586103626363, 20.874380072083888 ], [ -101.933631831001037, 20.87378499470281 ], [ -101.934219083701706, 20.873775758292155 ], [ -101.934370147474084, 20.873990369873397 ], [ -101.934445679530171, 20.874097675593035 ], [ -101.934521211699547, 20.874204981265351 ], [ -101.934823341509599, 20.8746342034813 ], [ -101.935485522401677, 20.875450403159657 ], [ -101.936310924782319, 20.875602734459264 ], [ -101.937654323010477, 20.875209601226121 ], [ -101.938291386296569, 20.874744925678069 ], [ -101.938568796993309, 20.873913936973597 ], [ -101.938848637710535, 20.873206902477371 ], [ -101.939485689084833, 20.872742223817649 ], [ -101.940245863468576, 20.872564918301414 ], [ -101.941241744508673, 20.872425223454172 ], [ -101.942180522119671, 20.872369085433647 ], [ -101.942825677203871, 20.872317575729657 ], [ -101.943459462761268, 20.871687612259933 ], [ -101.943647816169644, 20.872304600951921 ], [ -101.943715473949979, 20.87275817141337 ], [ -101.94395362025945, 20.872919735166558 ], [ -101.944840173357974, 20.873195052537962 ], [ -101.945301843018868, 20.872774454184242 ], [ -101.946324542100044, 20.873998219053608 ], [ -101.945797645168881, 20.874089205126246 ], [ -101.947806326060231, 20.877653225572402 ], [ -101.946816928154774, 20.878123504441746 ], [ -101.947425339638002, 20.879188482935724 ], [ -101.948656971297055, 20.879086344005035 ], [ -101.951112896169661, 20.878510181334423 ], [ -101.95327761345844, 20.878062590837381 ], [ -101.955584234498929, 20.878852636127377 ], [ -101.957483873021388, 20.879855758753941 ], [ -101.959591486715524, 20.879491654812437 ], [ -101.960762740496449, 20.879307727349499 ], [ -101.962225167251319, 20.878995172753033 ], [ -101.962879327636088, 20.879398073892066 ], [ -101.963481308184882, 20.880132443507165 ], [ -101.966262505764618, 20.878186999286442 ], [ -101.971263981208338, 20.878603257977122 ], [ -101.976265464532744, 20.879019366758595 ], [ -101.9759012010379, 20.881380987111164 ], [ -101.980332786907866, 20.882673995335434 ], [ -101.98067418400862, 20.882663485173396 ], [ -101.982676320811692, 20.882566505271747 ], [ -101.984487072410644, 20.883758087983335 ], [ -101.984532063412047, 20.884231582787056 ], [ -101.984582579423019, 20.88662272021951 ], [ -101.983983232840302, 20.888732708799171 ], [ -101.983839976579176, 20.890635759317124 ], [ -101.984188832980024, 20.89339924534784 ], [ -101.984115875247028, 20.895632210242383 ], [ -101.984216433311175, 20.897485102673034 ], [ -101.983207487692979, 20.89721730044775 ] ] ] ] } },
{ "type": "Feature", "properties": { "ID": 46, "ENTIDAD": 11, "MUNICIPIO": 25, "NOMBRE": "PURISIMA DEL RINCON", "CONTROL": 25, "GEOMETRY1_": null, "ID_2": 2021, "ENTIDAD_2": 11, "DISTRITO_F": 7, "DISTRITO_L": 18, "MUNICIPIO_2": 25, "SECCION": 2057, "TIPO": 4, "CONTROL_2": 5384, "GEOMETRY1__2": null }, "geometry": { "type": "MultiPolygon", "coordinates": [ [ [ [ -101.897931345265064, 20.841194364966526 ], [ -101.901252042738378, 20.834489718104738 ], [ -101.901700575861753, 20.833538267104235 ], [ -101.902046716513084, 20.832804008483247 ], [ -101.902057294941301, 20.832781568649793 ], [ -101.902449441339144, 20.832028489639985 ], [ -101.902694638548979, 20.831520367890523 ], [ -101.902985627166188, 20.831002898316274 ], [ -101.903129227159653, 20.830619762742668 ], [ -101.903261184206045, 20.830349731062096 ], [ -101.903459128850216, 20.829885149168376 ], [ -101.903468348042793, 20.829423034910587 ], [ -101.90347625423216, 20.829156504916064 ], [ -101.903483620935546, 20.828833676195096 ], [ -101.90348920650294, 20.828588903389111 ], [ -101.903386993684308, 20.827895503334112 ], [ -101.903280813540931, 20.827062608936295 ], [ -101.90323162971454, 20.826673114800187 ], [ -101.903194885704252, 20.826368951594578 ], [ -101.903152250558804, 20.826016421033383 ], [ -101.911242990379208, 20.82197493938315 ], [ -101.914044783449697, 20.820529370422971 ], [ -101.916846518668606, 20.819083761683292 ], [ -101.926021347156507, 20.814349346625885 ], [ -101.935185566806851, 20.809619800879883 ], [ -101.935265556273734, 20.810192044157148 ], [ -101.93504044002708, 20.810691551486237 ], [ -101.935161071644828, 20.810854983227262 ], [ -101.935633907271367, 20.811012887415334 ], [ -101.936044005555274, 20.810965119042379 ], [ -101.936294150609157, 20.811746485005031 ], [ -101.936607847513542, 20.812774839266392 ], [ -101.936798491416852, 20.813515806711717 ], [ -101.937338117913015, 20.814085967754885 ], [ -101.937870475614474, 20.814284260605003 ], [ -101.93805304674035, 20.814612041236963 ], [ -101.938068402083218, 20.815397091445522 ], [ -101.938546912856836, 20.815844214350331 ], [ -101.938844467709785, 20.816046193309344 ], [ -101.939144448902113, 20.816372126808385 ], [ -101.939269131470098, 20.816742146614558 ], [ -101.939396240651035, 20.817236121358896 ], [ -101.939404327088923, 20.817649305062627 ], [ -101.939353710356755, 20.818063411688577 ], [ -101.939535481429431, 20.818349871325509 ], [ -101.93995449403586, 20.818756593205926 ], [ -101.940255292468393, 20.819123842074415 ], [ -101.940321276950982, 20.81949478371639 ], [ -101.94032774886459, 20.819825330318363 ], [ -101.940626933742806, 20.820109941283658 ], [ -101.940745555610647, 20.820170071773465 ], [ -101.940864177564976, 20.820230202169398 ], [ -101.941161743051367, 20.820432175834508 ], [ -101.941052426941425, 20.820847206056712 ], [ -101.941033190287143, 20.821364146527412 ], [ -101.941013955077622, 20.821881086761955 ], [ -101.940022444379906, 20.822227333241621 ], [ -101.938854814399988, 20.822576343286855 ], [ -101.938516330232957, 20.823284293170275 ], [ -101.938824414799342, 20.824023408993337 ], [ -101.938783502027562, 20.824933335926819 ], [ -101.938505337559576, 20.825722999912514 ], [ -101.938696015342387, 20.826463961222419 ], [ -101.938888313289141, 20.827287558726031 ], [ -101.939018670683581, 20.827946805656289 ], [ -101.938979379228044, 20.828939368923635 ], [ -101.938527514266056, 20.829855758351421 ], [ -101.937954992451481, 20.830608719837336 ], [ -101.937150056511172, 20.831489326518859 ], [ -101.936028705570536, 20.832436821122112 ], [ -101.935329298026346, 20.832738002779816 ], [ -101.93451555127227, 20.83320647493715 ], [ -101.933756604484302, 20.833467312596905 ], [ -101.932414147958923, 20.833944682619112 ], [ -101.931598022590052, 20.834289157570208 ], [ -101.930600149726331, 20.834347296360818 ], [ -101.929716618044068, 20.834238138931994 ], [ -101.928718743317603, 20.834296266787256 ], [ -101.927843074141705, 20.834600384554708 ], [ -101.927431073052603, 20.834565969742453 ], [ -101.927134203937285, 20.834405593346855 ], [ -101.9263109885501, 20.834378087693423 ], [ -101.925843385623537, 20.834509970471931 ], [ -101.924847860820265, 20.834692061970795 ], [ -101.92373641249614, 20.83495877801094 ], [ -101.922976647368088, 20.835178242332571 ], [ -101.922274840474117, 20.835355388959936 ], [ -101.921045889176071, 20.835624060328978 ], [ -101.920458431614335, 20.835633913926834 ], [ -101.920047211114991, 20.835640810249657 ], [ -101.919870973706182, 20.835643765515087 ], [ -101.919285867257912, 20.835777601557787 ], [ -101.918642013546176, 20.835912420377824 ], [ -101.917583801923385, 20.835888811926136 ], [ -101.916821669875247, 20.835984263760121 ], [ -101.916636032981827, 20.835491268729946 ], [ -101.916262414219332, 20.834381290745107 ], [ -101.915987880785579, 20.833848441120903 ], [ -101.915713349480015, 20.833315590798513 ], [ -101.915361661445829, 20.83336282057196 ], [ -101.914769514070613, 20.833124679648414 ], [ -101.914525143415247, 20.832632664140089 ], [ -101.914312494183903, 20.832264143641776 ], [ -101.914099846074322, 20.831895622742884 ], [ -101.913444268557967, 20.831410484845488 ], [ -101.91320538005273, 20.831207769997022 ], [ -101.913022890465328, 20.830880085020915 ], [ -101.912848612440897, 20.830986355112163 ], [ -101.912674334157629, 20.831092625053525 ], [ -101.912328122380771, 20.831429151782562 ], [ -101.911859729187142, 20.831519667606283 ], [ -101.911394461724825, 20.831775498738228 ], [ -101.911285569777121, 20.832232083123646 ], [ -101.911294167573644, 20.83268670357123 ], [ -101.911189964766365, 20.833391262752421 ], [ -101.911137472344748, 20.833722877777756 ], [ -101.910849215589295, 20.834017091395161 ], [ -101.910322848867281, 20.834149915076519 ], [ -101.909440100183929, 20.834081980178496 ], [ -101.908966228846666, 20.833883184772407 ], [ -101.908494701341056, 20.833808375586919 ], [ -101.908145350405192, 20.833979578630895 ], [ -101.908029030034228, 20.834043534380982 ], [ -101.907912709557849, 20.834107490063086 ], [ -101.907803806052868, 20.834564073559374 ], [ -101.907813956019453, 20.835101353785895 ], [ -101.907758332857199, 20.83526765166917 ], [ -101.905107725649941, 20.834939807176806 ], [ -101.905003493339862, 20.835644366003208 ], [ -101.906578313876793, 20.841240642516787 ], [ -101.903563153730573, 20.843399412460599 ], [ -101.905085067222288, 20.849956119555404 ], [ -101.905226459285615, 20.850565226299793 ], [ -101.900276391802322, 20.850085740428497 ], [ -101.897931345265064, 20.841194364966526 ] ] ] ] } },
{ "type": "Feature", "properties": { "ID": 46, "ENTIDAD": 11, "MUNICIPIO": 25, "NOMBRE": "PURISIMA DEL RINCON", "CONTROL": 25, "GEOMETRY1_": null, "ID_2": 2017, "ENTIDAD_2": 11, "DISTRITO_F": 7, "DISTRITO_L": 18, "MUNICIPIO_2": 25, "SECCION": 2053, "TIPO": 4, "CONTROL_2": 6121, "GEOMETRY1__2": null }, "geometry": { "type": "MultiPolygon", "coordinates": [ [ [ [ -101.887384530402031, 20.900380055484884 ], [ -101.887312269841175, 20.899519903762698 ], [ -101.886625274624123, 20.891341390538802 ], [ -101.886469146057465, 20.889482494465433 ], [ -101.886145463183638, 20.88640824088052 ], [ -101.885821801700189, 20.883333984179814 ], [ -101.885966854334526, 20.873639670538452 ], [ -101.885975831368043, 20.873039846974031 ], [ -101.88747463033414, 20.868511463521006 ], [ -101.891622525236755, 20.858196918786092 ], [ -101.891119518726256, 20.850605726307837 ], [ -101.891042513758052, 20.849443441449715 ], [ -101.894916472270964, 20.849712971979653 ], [ -101.900276391802322, 20.850085740428497 ], [ -101.905226459285615, 20.850565226299793 ], [ -101.905085067222288, 20.849956119555404 ], [ -101.903563153730573, 20.843399412460599 ], [ -101.906578313876793, 20.841240642516787 ], [ -101.905003493339862, 20.835644366003208 ], [ -101.905107725649941, 20.834939807176806 ], [ -101.907758332857199, 20.83526765166917 ], [ -101.907813956019453, 20.835101353785895 ], [ -101.907803806052868, 20.834564073559374 ], [ -101.907912709557849, 20.834107490063086 ], [ -101.908029030034228, 20.834043534380982 ], [ -101.908145350405192, 20.833979578630895 ], [ -101.908494701341056, 20.833808375586919 ], [ -101.908966228846666, 20.833883184772407 ], [ -101.909440100183929, 20.834081980178496 ], [ -101.910322848867281, 20.834149915076519 ], [ -101.910849215589295, 20.834017091395161 ], [ -101.911137472344748, 20.833722877777756 ], [ -101.911189964766365, 20.833391262752421 ], [ -101.911294167573644, 20.83268670357123 ], [ -101.911285569777121, 20.832232083123646 ], [ -101.911394461724825, 20.831775498738228 ], [ -101.911859729187142, 20.831519667606283 ], [ -101.912328122380771, 20.831429151782562 ], [ -101.912674334157629, 20.831092625053525 ], [ -101.912848612440897, 20.830986355112163 ], [ -101.913022890465328, 20.830880085020915 ], [ -101.91320538005273, 20.831207769997022 ], [ -101.913444268557967, 20.831410484845488 ], [ -101.914099846074322, 20.831895622742884 ], [ -101.914312494183903, 20.832264143641776 ], [ -101.914525143415247, 20.832632664140089 ], [ -101.914769514070613, 20.833124679648414 ], [ -101.915361661445829, 20.83336282057196 ], [ -101.915713349480015, 20.833315590798513 ], [ -101.915987880785579, 20.833848441120903 ], [ -101.916262414219332, 20.834381290745107 ], [ -101.916636032981827, 20.835491268729946 ], [ -101.916821669875247, 20.835984263760121 ], [ -101.917583801923385, 20.835888811926136 ], [ -101.918642013546176, 20.835912420377824 ], [ -101.919285867257912, 20.835777601557787 ], [ -101.919870973706182, 20.835643765515087 ], [ -101.920047211114991, 20.835640810249657 ], [ -101.920458431614335, 20.835633913926834 ], [ -101.921045889176071, 20.835624060328978 ], [ -101.922274840474117, 20.835355388959936 ], [ -101.922976647368088, 20.835178242332571 ], [ -101.92373641249614, 20.83495877801094 ], [ -101.924847860820265, 20.834692061970795 ], [ -101.925843385623537, 20.834509970471931 ], [ -101.9263109885501, 20.834378087693423 ], [ -101.927134203937285, 20.834405593346855 ], [ -101.927431073052603, 20.834565969742453 ], [ -101.927843074141705, 20.834600384554708 ], [ -101.928718743317603, 20.834296266787256 ], [ -101.929716618044068, 20.834238138931994 ], [ -101.930600149726331, 20.834347296360818 ], [ -101.931598022590052, 20.834289157570208 ], [ -101.932414147958923, 20.833944682619112 ], [ -101.933756604484302, 20.833467312596905 ], [ -101.93451555127227, 20.83320647493715 ], [ -101.935329298026346, 20.832738002779816 ], [ -101.936028705570536, 20.832436821122112 ], [ -101.937150056511172, 20.831489326518859 ], [ -101.937822543245673, 20.832842680349117 ], [ -101.938659844359194, 20.833614803214026 ], [ -101.939553435501367, 20.834262042303383 ], [ -101.940270094893066, 20.834870729685015 ], [ -101.940581457798402, 20.835775110603095 ], [ -101.940476183279372, 20.836396732517606 ], [ -101.939367160304784, 20.836744834270586 ], [ -101.939204788557745, 20.83745001639754 ], [ -101.938922565213701, 20.838033091104418 ], [ -101.938639530603083, 20.838574847273172 ], [ -101.938652480086475, 20.839235939992868 ], [ -101.938955751501027, 20.839727140755897 ], [ -101.939310450836842, 20.839845552405439 ], [ -101.939904856388893, 20.840208176337889 ], [ -101.939863149126154, 20.841076783546121 ], [ -101.939525449880151, 20.841826056714869 ], [ -101.938949657842642, 20.842413752366859 ], [ -101.93861033270305, 20.843080387971249 ], [ -101.938859757724515, 20.843820421250985 ], [ -101.938699809170814, 20.844649558372915 ], [ -101.938600192707412, 20.845560408083173 ], [ -101.938618004618377, 20.846469409848432 ], [ -101.938346291692014, 20.847589622780298 ], [ -101.938011003005926, 20.848462849900759 ], [ -101.938147054863478, 20.849411322213953 ], [ -101.938982030945425, 20.850059476393337 ], [ -101.939640055892681, 20.850669081104961 ], [ -101.940128419738556, 20.851612002330029 ], [ -101.940851656967027, 20.852551221347017 ], [ -101.941634431331508, 20.853530828915229 ], [ -101.942470256291188, 20.854220279370416 ], [ -101.942199377567235, 20.855381813892102 ], [ -101.941814303319418, 20.856710471854758 ], [ -101.941772615320431, 20.857579077312025 ], [ -101.942309193653927, 20.857983926887027 ], [ -101.943085518342343, 20.85863297849496 ], [ -101.943345549868866, 20.859910132669782 ], [ -101.94359747092706, 20.860774105722999 ], [ -101.944567026526869, 20.862288046102329 ], [ -101.945758488829597, 20.863137183030176 ], [ -101.945673540389393, 20.864791753915 ], [ -101.944932905849541, 20.865960708710027 ], [ -101.944830894103461, 20.866747603498119 ], [ -101.944610625096075, 20.867495034437031 ], [ -101.943921385714447, 20.868291198431095 ], [ -101.943817744616368, 20.868995457330183 ], [ -101.944181451797235, 20.869568347261932 ], [ -101.944028022072899, 20.870728030503678 ], [ -101.943459462761268, 20.871687612259933 ], [ -101.942825677203871, 20.872317575729657 ], [ -101.942180522119671, 20.872369085433647 ], [ -101.941241744508673, 20.872425223454172 ], [ -101.940245863468576, 20.872564918301414 ], [ -101.939485689084833, 20.872742223817649 ], [ -101.938848637710535, 20.873206902477371 ], [ -101.938568796993309, 20.873913936973597 ], [ -101.938291386296569, 20.874744925678069 ], [ -101.937654323010477, 20.875209601226121 ], [ -101.936310924782319, 20.875602734459264 ], [ -101.935485522401677, 20.875450403159657 ], [ -101.934823341509599, 20.8746342034813 ], [ -101.934521211699547, 20.874204981265351 ], [ -101.934445679530171, 20.874097675593035 ], [ -101.934370147474084, 20.873990369873397 ], [ -101.934219083701706, 20.873775758292155 ], [ -101.933631831001037, 20.87378499470281 ], [ -101.932586103626363, 20.874380072083888 ], [ -101.932308658139931, 20.875211055033148 ], [ -101.93196924757919, 20.875877687450096 ], [ -101.931520471275604, 20.876959349197236 ], [ -101.931353189942527, 20.877416620189564 ], [ -101.930661408613972, 20.878088788317921 ], [ -101.929614022403754, 20.878601215279893 ], [ -101.928513558728397, 20.879403788004545 ], [ -101.928465719384945, 20.880490009377962 ], [ -101.929060526874068, 20.880405165985582 ], [ -101.929200847818919, 20.880393325764476 ], [ -101.930130978647469, 20.880268117789168 ], [ -101.932790535187223, 20.880599417510894 ], [ -101.933621666733998, 20.882092827476477 ], [ -101.934095801669599, 20.884823898527635 ], [ -101.93438637405275, 20.886515738567468 ], [ -101.933461702519452, 20.886560610405205 ], [ -101.930099444728214, 20.886589309864874 ], [ -101.928403631829269, 20.894136795891782 ], [ -101.928026345510958, 20.895815894917359 ], [ -101.92788716975187, 20.89587917683696 ], [ -101.926038402647393, 20.896719778945393 ], [ -101.924454705983891, 20.897115815496225 ], [ -101.924493513160627, 20.896286775670479 ], [ -101.924595793836588, 20.894101766383429 ], [ -101.923798776518623, 20.891230666308065 ], [ -101.922874734645021, 20.887901807064736 ], [ -101.922892776022138, 20.887741884584742 ], [ -101.923097601899855, 20.886130662921765 ], [ -101.923108923795652, 20.886037706462798 ], [ -101.923265548645887, 20.884437519791195 ], [ -101.921249169812157, 20.883444165973405 ], [ -101.919522742712815, 20.885289775464425 ], [ -101.918181608943527, 20.885806738236859 ], [ -101.916941819084826, 20.885495477319331 ], [ -101.915935345657445, 20.885097897165434 ], [ -101.914992436239345, 20.884947306510828 ], [ -101.914163770890738, 20.884629599811628 ], [ -101.913352804401725, 20.885220906931188 ], [ -101.912662510320942, 20.885975653296125 ], [ -101.912194269452186, 20.886065625936681 ], [ -101.911731655702241, 20.886444830806635 ], [ -101.911023664117849, 20.886290552199842 ], [ -101.910487045748368, 20.885885607424878 ], [ -101.909953644025265, 20.885645937140346 ], [ -101.909425063713854, 20.885654179901501 ], [ -101.908731533517141, 20.886243636186375 ], [ -101.908038800817408, 20.886874409451011 ], [ -101.907397568758725, 20.887132392420327 ], [ -101.906391904058452, 20.886776073618051 ], [ -101.905918840294234, 20.886618114116114 ], [ -101.905029040499926, 20.886177318604727 ], [ -101.904030602944957, 20.886192858550089 ], [ -101.903210764452666, 20.886329609918317 ], [ -101.902744116477621, 20.886502196196538 ], [ -101.902398938360847, 20.88687955158321 ], [ -101.902873603760654, 20.887120159950079 ], [ -101.902765758436573, 20.887617819760393 ], [ -101.90218484699507, 20.887957509761108 ], [ -101.901962739431539, 20.88862227379342 ], [ -101.902391502050165, 20.889524906590349 ], [ -101.90264166530244, 20.890306320557709 ], [ -101.902720441087055, 20.891338391261975 ], [ -101.902914281659591, 20.892244675971469 ], [ -101.902632637529635, 20.892869035437599 ], [ -101.902412131112612, 20.893616439080983 ], [ -101.90230829106595, 20.894320695858525 ], [ -101.902081368234576, 20.894737544384803 ], [ -101.901215569614507, 20.895536315831492 ], [ -101.90086716394454, 20.895748392974255 ], [ -101.900161536125495, 20.895718031576205 ], [ -101.899977317972798, 20.895307576104251 ], [ -101.900089180637323, 20.89501651398259 ], [ -101.899666819130076, 20.894444431879133 ], [ -101.899184925233826, 20.893831941470101 ], [ -101.899172912564779, 20.89321214909727 ], [ -101.899394236141646, 20.892506067289162 ], [ -101.898973486794034, 20.892016621200487 ], [ -101.898387745994768, 20.892108383958341 ], [ -101.897564665925614, 20.892079834260983 ], [ -101.896862254856728, 20.892214735437815 ], [ -101.896272511083808, 20.892099893161692 ], [ -101.895679568671937, 20.891819770229123 ], [ -101.895381898624876, 20.891617728430386 ], [ -101.89480575050338, 20.892205314852259 ], [ -101.894464536798822, 20.892789256151548 ], [ -101.894177258820335, 20.893124368107593 ], [ -101.89418605298907, 20.893578884541888 ], [ -101.893782102080351, 20.893957137524076 ], [ -101.893794093083386, 20.894576932811812 ], [ -101.894271172459185, 20.894941522700247 ], [ -101.894745854975014, 20.895182152033453 ], [ -101.895229337243904, 20.895877295753714 ], [ -101.896022507210802, 20.897394271314539 ], [ -101.896211519745222, 20.898052649407223 ], [ -101.89616958780374, 20.898921272338772 ], [ -101.89594904332175, 20.899668671947307 ], [ -101.895549883842278, 20.900294847815569 ], [ -101.894964907852284, 20.900427922353394 ], [ -101.894316394027555, 20.900313988454467 ], [ -101.893309058922185, 20.899874960323952 ], [ -101.891451828775558, 20.901061050980694 ], [ -101.890524799822145, 20.90173672948751 ], [ -101.890225117333969, 20.901431380921537 ], [ -101.88992543607344, 20.901126031677965 ], [ -101.889143273507898, 20.901318135415668 ], [ -101.887410863367165, 20.901743611554544 ], [ -101.887384530402031, 20.900380055484884 ] ] ] ] } },
{ "type": "Feature", "properties": { "ID": 46, "ENTIDAD": 11, "MUNICIPIO": 25, "NOMBRE": "PURISIMA DEL RINCON", "CONTROL": 25, "GEOMETRY1_": null, "ID_2": 2018, "ENTIDAD_2": 11, "DISTRITO_F": 7, "DISTRITO_L": 18, "MUNICIPIO_2": 25, "SECCION": 2054, "TIPO": 4, "CONTROL_2": 4469, "GEOMETRY1__2": null }, "geometry": { "type": "MultiPolygon", "coordinates": [ [ [ [ -102.021114366519654, 20.862513888247804 ], [ -102.020902858406146, 20.862798770132336 ], [ -102.020691349456257, 20.863083651650449 ], [ -102.020508714547645, 20.863389704385504 ], [ -102.020326078956657, 20.863695757006184 ], [ -102.020019449336999, 20.864308958776576 ], [ -102.019774143655923, 20.864799519553099 ], [ -102.019467510686709, 20.865412719499925 ], [ -102.018986726445789, 20.865940133248973 ], [ -102.018388650730827, 20.866465348547347 ], [ -102.017851005378688, 20.86690916797474 ], [ -102.017255606730146, 20.867310640819802 ], [ -102.016838825871886, 20.867591670339181 ], [ -102.016187462495367, 20.867868302567242 ], [ -102.015829323658807, 20.868150428243418 ], [ -102.015407165195825, 20.868678928168986 ], [ -102.015044544979233, 20.869167280455464 ], [ -102.014920088421334, 20.869495047228099 ], [ -102.014909340408778, 20.869989995955166 ], [ -102.014839050188712, 20.870525090735395 ], [ -102.01471011280438, 20.871059085692469 ], [ -102.014877990370664, 20.871433596215596 ], [ -102.014922304917121, 20.872094627368057 ], [ -102.014851116931922, 20.872670967637774 ], [ -102.014960348921704, 20.873044378507633 ], [ -102.015181501477826, 20.873667463036959 ], [ -102.015407134180833, 20.874084318839351 ], [ -102.01528088131623, 20.874494576756248 ], [ -102.014800052369054, 20.875021972755956 ], [ -102.014268636656837, 20.87517705582372 ], [ -102.013679468289098, 20.875289791191367 ], [ -102.013003787018448, 20.877131479871174 ], [ -102.011995533372883, 20.879879581588504 ], [ -102.01264337028833, 20.879767955241096 ], [ -102.013171217516742, 20.879777861906231 ], [ -102.013698168602232, 20.879829012578679 ], [ -102.014345108660663, 20.879758625245362 ], [ -102.014873852798004, 20.879727280979218 ], [ -102.01534394714237, 20.879694835156577 ], [ -102.015757183385617, 20.879578796843205 ], [ -102.016110873607815, 20.8795029035591 ], [ -102.016580071809301, 20.879511699955046 ], [ -102.017090013147111, 20.882073392462917 ], [ -102.017214914331191, 20.882700815733479 ], [ -102.016510206055798, 20.882728867206943 ], [ -102.015868628755143, 20.882551787111712 ], [ -102.015462552665738, 20.882337859203005 ], [ -102.01522884555807, 20.882292213443989 ], [ -102.014995138549807, 20.882246567347334 ], [ -102.014349980349365, 20.882234464588873 ], [ -102.01381764140983, 20.882430788646761 ], [ -102.013282611256486, 20.882750847678079 ], [ -102.012806229932011, 20.883072005687119 ], [ -102.012271195600988, 20.883392060993085 ], [ -102.011678405132187, 20.883669767465161 ], [ -102.011026961477825, 20.883946370036067 ], [ -102.010433269467867, 20.884265317115581 ], [ -102.009840472828728, 20.884543016354982 ], [ -102.009125881797132, 20.885024735919508 ], [ -102.008820950186333, 20.885555414695517 ], [ -102.008550281768322, 20.88585979405017 ], [ -102.008279612282195, 20.886164173098713 ], [ -102.007676024240169, 20.886936807836054 ], [ -102.007369286095056, 20.887549973539052 ], [ -102.007124792175489, 20.887999260120022 ], [ -102.006762092499827, 20.888487585011394 ], [ -102.006338040920397, 20.889098541325644 ], [ -102.005978931641891, 20.889421882707502 ], [ -102.005620719900477, 20.889703977862606 ], [ -102.005320260928045, 20.890028421186948 ], [ -102.005068562189706, 20.890807665484186 ], [ -102.004152593283479, 20.88975886942276 ], [ -102.00016572942782, 20.890331910412524 ], [ -101.99875790741369, 20.890437269384186 ], [ -101.997645380078268, 20.890620519961189 ], [ -101.997348423303322, 20.890459985150997 ], [ -101.996530344536453, 20.89067981195722 ], [ -101.99571810621832, 20.891188845875192 ], [ -101.995254877355165, 20.891526930538024 ], [ -101.99455343734941, 20.891703539189926 ], [ -101.993849515293476, 20.891756197260982 ], [ -101.993086036723824, 20.891768481300549 ], [ -101.99226300212932, 20.891740390436681 ], [ -101.991878370938622, 20.891601923196337 ], [ -101.991493740354073, 20.891463455001396 ], [ -101.990984393722144, 20.891088548323232 ], [ -101.990892824329379, 20.890791181484435 ], [ -101.990827900481008, 20.890482255743667 ], [ -101.989539993869883, 20.890709597277684 ], [ -101.988939368753947, 20.892992363151041 ], [ -101.987721717910006, 20.893797179643073 ], [ -101.987371815548386, 20.893926778151204 ], [ -101.986965648783979, 20.894181283486049 ], [ -101.986859737999097, 20.894761594595437 ], [ -101.986690145164872, 20.895094952932773 ], [ -101.986460384529579, 20.895347072115761 ], [ -101.986281909910446, 20.89532446395231 ], [ -101.986165607487123, 20.895309731307769 ], [ -101.98593488938883, 20.895520370710344 ], [ -101.986004342805501, 20.896056537747999 ], [ -101.985778487665641, 20.896514786802136 ], [ -101.985258156390628, 20.896936426709203 ], [ -101.984795822150474, 20.897315911485936 ], [ -101.984216433311175, 20.897485102673034 ], [ -101.984115875247028, 20.895632210242383 ], [ -101.984188832980024, 20.89339924534784 ], [ -101.983839976579176, 20.890635759317124 ], [ -101.983983232840302, 20.888732708799171 ], [ -101.984582579423019, 20.88662272021951 ], [ -101.984532063412047, 20.884231582787056 ], [ -101.984487072410644, 20.883758087983335 ], [ -101.982676320811692, 20.882566505271747 ], [ -101.98067418400862, 20.882663485173396 ], [ -101.980332786907866, 20.882673995335434 ], [ -101.9759012010379, 20.881380987111164 ], [ -101.976265464532744, 20.879019366758595 ], [ -101.979569522558464, 20.879308512986086 ], [ -101.979756448928271, 20.87831347010102 ], [ -101.981805655870957, 20.878629388599041 ], [ -101.982145569273314, 20.877652881345185 ], [ -101.982544210411319, 20.877731208874113 ], [ -101.982889424383828, 20.876839850181863 ], [ -101.983056090767235, 20.876409506451296 ], [ -101.983539513005695, 20.875161265796425 ], [ -101.983643665474446, 20.874892332181602 ], [ -101.984501456858723, 20.873721359234533 ], [ -101.986055663181546, 20.872125923574863 ], [ -101.987058079128403, 20.871083173371741 ], [ -101.992673293615255, 20.865241676125606 ], [ -101.995270547873147, 20.865881861087331 ], [ -101.997867819286625, 20.86652200751562 ], [ -101.999283692230264, 20.863895465505912 ], [ -102.000425788580955, 20.862265230975904 ], [ -102.000423623969255, 20.862499207888408 ], [ -102.003587326219986, 20.861854986826575 ], [ -102.005065955359939, 20.861305122474644 ], [ -102.006071848758097, 20.860911408832486 ], [ -102.007012813667586, 20.860805305054811 ], [ -102.007424205206007, 20.860771772184787 ], [ -102.008249679413808, 20.860580966854794 ], [ -102.009073358331392, 20.860472648377446 ], [ -102.009718420560446, 20.860484759824654 ], [ -102.010242612893464, 20.860659649761512 ], [ -102.010530444771717, 20.860912626927718 ], [ -102.011229670562997, 20.86113206169912 ], [ -102.011701498175853, 20.861017127662926 ], [ -102.0123474602849, 20.860987983816543 ], [ -102.012761540515356, 20.860830700948068 ], [ -102.013236053764004, 20.860592025298661 ], [ -102.013821581102547, 20.860644267333438 ], [ -102.014347571311063, 20.860736653814495 ], [ -102.015051280241209, 20.860749844652158 ], [ -102.015637704746055, 20.8607608348131 ], [ -102.016399162264477, 20.860816364854863 ], [ -102.016866513126601, 20.860907645165724 ], [ -102.017452939225635, 20.860918629182859 ], [ -102.01821529369235, 20.860932905409769 ], [ -102.018919006047412, 20.860946080460128 ], [ -102.019445896600715, 20.860997205797613 ], [ -102.020030536648733, 20.86109067295164 ], [ -102.020613390195194, 20.86126663016347 ], [ -102.022077934986243, 20.861628962127398 ], [ -102.021114366519654, 20.862513888247804 ] ] ] ] } },
{ "type": "Feature", "properties": { "ID": 46, "ENTIDAD": 11, "MUNICIPIO": 25, "NOMBRE": "PURISIMA DEL RINCON", "CONTROL": 25, "GEOMETRY1_": null, "ID_2": 2019, "ENTIDAD_2": 11, "DISTRITO_F": 7, "DISTRITO_L": 18, "MUNICIPIO_2": 25, "SECCION": 2055, "TIPO": 4, "CONTROL_2": 4731, "GEOMETRY1__2": null }, "geometry": { "type": "MultiPolygon", "coordinates": [ [ [ [ -101.945160104201463, 20.820699865237263 ], [ -101.947786936565265, 20.819429931106001 ], [ -101.949733536755559, 20.818428974743924 ], [ -101.951091881112504, 20.817754469480306 ], [ -101.952017317399296, 20.817037231581658 ], [ -101.952713622357152, 20.816612924690112 ], [ -101.95324356593548, 20.81668721260834 ], [ -101.953955304236942, 20.81704794010048 ], [ -101.954372721327346, 20.817371986891931 ], [ -101.954786888780745, 20.817530761261459 ], [ -101.955311957886096, 20.817357135589535 ], [ -101.956008253136233, 20.816932816231859 ], [ -101.956348266961172, 20.816307478244791 ], [ -101.960091332949645, 20.815545602890818 ], [ -101.961571854653769, 20.819159222776221 ], [ -101.96216458522467, 20.819439138402934 ], [ -101.971120720154246, 20.818015656280114 ], [ -101.970890458521524, 20.827153286902334 ], [ -101.964268982960817, 20.827878479490245 ], [ -101.966702141191391, 20.832138185611377 ], [ -101.967252031764204, 20.832745690017724 ], [ -101.969283779436367, 20.834990252161099 ], [ -101.972110991809259, 20.838375648333617 ], [ -101.972881582542968, 20.838735343134772 ], [ -101.973525750413231, 20.838642418759662 ], [ -101.974153537021849, 20.83772315265303 ], [ -101.974601913946017, 20.836641425036888 ], [ -101.974812995089337, 20.835439490639221 ], [ -101.975205931419268, 20.834523965317164 ], [ -101.975598863543155, 20.833608440477466 ], [ -101.975882569291628, 20.83310795731499 ], [ -101.97552377337864, 20.832783038325839 ], [ -101.975811574626746, 20.832489139147217 ], [ -101.976521794057788, 20.832767122669175 ], [ -101.977455369713311, 20.832462920423353 ], [ -101.979296264048557, 20.83053236452492 ], [ -101.980693723461229, 20.829931431047338 ], [ -101.981745502814448, 20.82966664983806 ], [ -101.984614681197797, 20.829248814507626 ], [ -101.984865489543409, 20.827095656777132 ], [ -101.985565410552738, 20.826850750762429 ], [ -101.985617273054402, 20.82683260366278 ], [ -101.996995125703407, 20.822850937346907 ], [ -101.997429132913823, 20.824001189956245 ], [ -102.000432042177692, 20.824407541228982 ], [ -102.004152494382666, 20.82510090103592 ], [ -102.004322648367904, 20.822669616224914 ], [ -102.010933218170166, 20.823453834399508 ], [ -102.010105269239205, 20.829173805535639 ], [ -102.010193881960475, 20.830495867902563 ], [ -102.00950606396043, 20.834965472435943 ], [ -102.009237815566948, 20.836708573916777 ], [ -102.008829177822605, 20.836618382246044 ], [ -102.008234785992755, 20.836978590771782 ], [ -102.007579169051141, 20.836692114247747 ], [ -102.006923554324857, 20.836405634898124 ], [ -102.003005408612054, 20.834693471281547 ], [ -102.00165560939287, 20.843941980520178 ], [ -102.001160199923305, 20.847336257845306 ], [ -102.000664778458287, 20.850730535276426 ], [ -102.000321728116077, 20.851464783992942 ], [ -101.999594693659418, 20.853020872202542 ], [ -101.997350225746018, 20.858264481424929 ], [ -101.995938129746833, 20.860371164044967 ], [ -101.992840743210721, 20.864991884573975 ], [ -101.992673293615255, 20.865241676125606 ], [ -101.987058079128403, 20.871083173371741 ], [ -101.986055663181546, 20.872125923574863 ], [ -101.984501456858723, 20.873721359234533 ], [ -101.983643665474446, 20.874892332181602 ], [ -101.983539513005695, 20.875161265796425 ], [ -101.983056090767235, 20.876409506451296 ], [ -101.982889424383828, 20.876839850181863 ], [ -101.982544210411319, 20.877731208874113 ], [ -101.982145569273314, 20.877652881345185 ], [ -101.981805655870957, 20.878629388599041 ], [ -101.979756448928271, 20.87831347010102 ], [ -101.979569522558464, 20.879308512986086 ], [ -101.976265464532744, 20.879019366758595 ], [ -101.971263981208338, 20.878603257977122 ], [ -101.966262505764618, 20.878186999286442 ], [ -101.963481308184882, 20.880132443507165 ], [ -101.962879327636088, 20.879398073892066 ], [ -101.962225167251319, 20.878995172753033 ], [ -101.960762740496449, 20.879307727349499 ], [ -101.959591486715524, 20.879491654812437 ], [ -101.957483873021388, 20.879855758753941 ], [ -101.955584234498929, 20.878852636127377 ], [ -101.95327761345844, 20.878062590837381 ], [ -101.951112896169661, 20.878510181334423 ], [ -101.948656971297055, 20.879086344005035 ], [ -101.947425339638002, 20.879188482935724 ], [ -101.946816928154774, 20.878123504441746 ], [ -101.947806326060231, 20.877653225572402 ], [ -101.945797645168881, 20.874089205126246 ], [ -101.946324542100044, 20.873998219053608 ], [ -101.945301843018868, 20.872774454184242 ], [ -101.944840173357974, 20.873195052537962 ], [ -101.94395362025945, 20.872919735166558 ], [ -101.943715473949979, 20.87275817141337 ], [ -101.943647816169644, 20.872304600951921 ], [ -101.943459462761268, 20.871687612259933 ], [ -101.944028022072899, 20.870728030503678 ], [ -101.944181451797235, 20.869568347261932 ], [ -101.943817744616368, 20.868995457330183 ], [ -101.943921385714447, 20.868291198431095 ], [ -101.944610625096075, 20.867495034437031 ], [ -101.944830894103461, 20.866747603498119 ], [ -101.944932905849541, 20.865960708710027 ], [ -101.945673540389393, 20.864791753915 ], [ -101.945758488829597, 20.863137183030176 ], [ -101.944567026526869, 20.862288046102329 ], [ -101.94359747092706, 20.860774105722999 ], [ -101.943345549868866, 20.859910132669782 ], [ -101.943085518342343, 20.85863297849496 ], [ -101.942309193653927, 20.857983926887027 ], [ -101.941772615320431, 20.857579077312025 ], [ -101.941814303319418, 20.856710471854758 ], [ -101.942199377567235, 20.855381813892102 ], [ -101.942470256291188, 20.854220279370416 ], [ -101.941634431331508, 20.853530828915229 ], [ -101.940851656967027, 20.852551221347017 ], [ -101.940128419738556, 20.851612002330029 ], [ -101.939640055892681, 20.850669081104961 ], [ -101.938982030945425, 20.850059476393337 ], [ -101.938147054863478, 20.849411322213953 ], [ -101.938011003005926, 20.848462849900759 ], [ -101.938346291692014, 20.847589622780298 ], [ -101.938618004618377, 20.846469409848432 ], [ -101.938600192707412, 20.845560408083173 ], [ -101.938699809170814, 20.844649558372915 ], [ -101.938859757724515, 20.843820421250985 ], [ -101.93861033270305, 20.843080387971249 ], [ -101.938949657842642, 20.842413752366859 ], [ -101.939525449880151, 20.841826056714869 ], [ -101.939863149126154, 20.841076783546121 ], [ -101.939904856388893, 20.840208176337889 ], [ -101.939310450836842, 20.839845552405439 ], [ -101.938955751501027, 20.839727140755897 ], [ -101.938652480086475, 20.839235939992868 ], [ -101.938639530603083, 20.838574847273172 ], [ -101.938922565213701, 20.838033091104418 ], [ -101.939204788557745, 20.83745001639754 ], [ -101.939367160304784, 20.836744834270586 ], [ -101.940476183279372, 20.836396732517606 ], [ -101.940581457798402, 20.835775110603095 ], [ -101.940270094893066, 20.834870729685015 ], [ -101.939553435501367, 20.834262042303383 ], [ -101.938659844359194, 20.833614803214026 ], [ -101.937822543245673, 20.832842680349117 ], [ -101.937150056511172, 20.831489326518859 ], [ -101.937954992451481, 20.830608719837336 ], [ -101.938527514266056, 20.829855758351421 ], [ -101.938979379228044, 20.828939368923635 ], [ -101.939018670683581, 20.827946805656289 ], [ -101.938888313289141, 20.827287558726031 ], [ -101.938696015342387, 20.826463961222419 ], [ -101.938505337559576, 20.825722999912514 ], [ -101.938783502027562, 20.824933335926819 ], [ -101.938824414799342, 20.824023408993337 ], [ -101.938516330232957, 20.823284293170275 ], [ -101.938854814399988, 20.822576343286855 ], [ -101.940022444379906, 20.822227333241621 ], [ -101.941013955077622, 20.821881086761955 ], [ -101.945160104201463, 20.820699865237263 ] ] ] ] } },
{ "type": "Feature", "properties": { "ID": 46, "ENTIDAD": 11, "MUNICIPIO": 25, "NOMBRE": "PURISIMA DEL RINCON", "CONTROL": 25, "GEOMETRY1_": null, "ID_2": 2020, "ENTIDAD_2": 11, "DISTRITO_F": 7, "DISTRITO_L": 18, "MUNICIPIO_2": 25, "SECCION": 2056, "TIPO": 4, "CONTROL_2": 6667, "GEOMETRY1__2": null }, "geometry": { "type": "MultiPolygon", "coordinates": [ [ [ [ -102.073966544268416, 20.781992975465922 ], [ -102.077585672359362, 20.784570650309387 ], [ -102.078702533870882, 20.784295997056674 ], [ -102.078804750494754, 20.783930078290332 ], [ -102.079286940676866, 20.782344903824317 ], [ -102.082861114539867, 20.781413153672045 ], [ -102.083947670969792, 20.78113612147758 ], [ -102.085062402586985, 20.78115145834817 ], [ -102.086113375199645, 20.781870355215148 ], [ -102.086992385129008, 20.782027471517413 ], [ -102.08787139746272, 20.782184583522763 ], [ -102.089294422793515, 20.780132230603204 ], [ -102.090302547049518, 20.778654300843336 ], [ -102.09125466212771, 20.776802652332819 ], [ -102.09220258651348, 20.775531071324924 ], [ -102.092622186244938, 20.774293680821483 ], [ -102.093048915312096, 20.77362152480163 ], [ -102.093274915099812, 20.773266665097392 ], [ -102.093445110520662, 20.772962457663535 ], [ -102.093819152444198, 20.772293889254513 ], [ -102.093913170758356, 20.772125838238736 ], [ -102.093946079270836, 20.772067016510952 ], [ -102.093988180778709, 20.771991864171849 ], [ -102.095166631507084, 20.771912907732304 ], [ -102.095631602675056, 20.771881757679253 ], [ -102.097610345404448, 20.771751419402339 ], [ -102.096761779676982, 20.773599172067794 ], [ -102.095897952883661, 20.776565541809845 ], [ -102.094289353585182, 20.778364005351346 ], [ -102.091303981315292, 20.782129382895874 ], [ -102.090139725897373, 20.785588015699794 ], [ -102.090335849941809, 20.788196182217966 ], [ -102.09006320738888, 20.790798123476723 ], [ -102.090678006105165, 20.792832835949866 ], [ -102.091062678883944, 20.794574985173789 ], [ -102.089394600715295, 20.796413942213114 ], [ -102.088093983514355, 20.796859489077434 ], [ -102.087571531869671, 20.797038459430173 ], [ -102.085094418693785, 20.797886987456092 ], [ -102.08368729763761, 20.798683127855988 ], [ -102.081666436508385, 20.799826485801553 ], [ -102.079940204803378, 20.801623197689047 ], [ -102.079992698405235, 20.802037476211947 ], [ -102.080330254655465, 20.802993210741995 ], [ -102.081353352808534, 20.805157474245018 ], [ -102.07992674209585, 20.80650323550061 ], [ -102.078371319199661, 20.808633062913579 ], [ -102.077682434649958, 20.811098233532203 ], [ -102.077381082260416, 20.812176589064023 ], [ -102.077755829974009, 20.814580344420563 ], [ -102.077325407053749, 20.815939392077784 ], [ -102.076805762703543, 20.819365125832434 ], [ -102.07820055355198, 20.824139911195722 ], [ -102.079791431256794, 20.827552510178407 ], [ -102.07972547910434, 20.828047921049826 ], [ -102.077953717827299, 20.828934095931601 ], [ -102.07682297713302, 20.830076977083635 ], [ -102.076803372610442, 20.831400157444971 ], [ -102.077062732019357, 20.833678296561768 ], [ -102.075864746103491, 20.835399272315648 ], [ -102.074332234662521, 20.835957742370102 ], [ -102.073483424274116, 20.83784880604022 ], [ -102.071013681399094, 20.83835331342291 ], [ -102.068845983505867, 20.838472065259424 ], [ -102.067375968067523, 20.838552580465922 ], [ -102.064742073961938, 20.838268999224358 ], [ -102.063592048346834, 20.840693586881589 ], [ -102.061994047572455, 20.841705981556064 ], [ -102.061399263727466, 20.842276961914813 ], [ -102.058163114658825, 20.843060433702274 ], [ -102.055927255936282, 20.845274702180255 ], [ -102.054949641079787, 20.8462428476079 ], [ -102.053772695705405, 20.846510359489496 ], [ -102.052958896933092, 20.846695309198857 ], [ -102.052465078772087, 20.846761766139153 ], [ -102.05149296869925, 20.846892586112698 ], [ -102.04916855595917, 20.847228603506863 ], [ -102.046340438004833, 20.84661162511609 ], [ -102.044463856932055, 20.846888858369894 ], [ -102.044176965118695, 20.846626542731929 ], [ -102.043416921345155, 20.845931600810115 ], [ -102.043184613559461, 20.845972265103395 ], [ -102.042023167409198, 20.846175565145479 ], [ -102.039545659066803, 20.846609200418861 ], [ -102.036956845567701, 20.848080226483301 ], [ -102.036941313907178, 20.848106180150413 ], [ -102.035882912443967, 20.849874759233934 ], [ -102.035651114411152, 20.850262086905278 ], [ -102.034852865807295, 20.851100930460181 ], [ -102.034015537165715, 20.851980826081025 ], [ -102.033295117495982, 20.852737856859878 ], [ -102.032662178886127, 20.853322132132718 ], [ -102.03004567973278, 20.855432800364795 ], [ -102.026803459086395, 20.858076105925942 ], [ -102.026626136238676, 20.858220668225336 ], [ -102.026093004569177, 20.85869733894344 ], [ -102.02497424221184, 20.85969760299578 ], [ -102.024132898838587, 20.860086335432406 ], [ -102.02321039203558, 20.860512560985523 ], [ -102.022077934986243, 20.861628962127398 ], [ -102.020613390195194, 20.86126663016347 ], [ -102.020030536648733, 20.86109067295164 ], [ -102.019445896600715, 20.860997205797613 ], [ -102.018919006047412, 20.860946080460128 ], [ -102.01821529369235, 20.860932905409769 ], [ -102.017452939225635, 20.860918629182859 ], [ -102.016866513126601, 20.860907645165724 ], [ -102.016399162264477, 20.860816364854863 ], [ -102.015637704746055, 20.8607608348131 ], [ -102.015051280241209, 20.860749844652158 ], [ -102.014347571311063, 20.860736653814495 ], [ -102.013821581102547, 20.860644267333438 ], [ -102.013236053764004, 20.860592025298661 ], [ -102.012761540515356, 20.860830700948068 ], [ -102.0123474602849, 20.860987983816543 ], [ -102.011701498175853, 20.861017127662926 ], [ -102.011229670562997, 20.86113206169912 ], [ -102.010530444771717, 20.860912626927718 ], [ -102.010242612893464, 20.860659649761512 ], [ -102.009718420560446, 20.860484759824654 ], [ -102.009073358331392, 20.860472648377446 ], [ -102.008249679413808, 20.860580966854794 ], [ -102.007424205206007, 20.860771772184787 ], [ -102.007012813667586, 20.860805305054811 ], [ -102.006071848758097, 20.860911408832486 ], [ -102.005065955359939, 20.861305122474644 ], [ -102.003587326219986, 20.861854986826575 ], [ -102.000423623969255, 20.862499207888408 ], [ -102.000425788580955, 20.862265230975904 ], [ -101.999283692230264, 20.863895465505912 ], [ -101.997867819286625, 20.86652200751562 ], [ -101.995270547873147, 20.865881861087331 ], [ -101.992673293615255, 20.865241676125606 ], [ -101.992840743210721, 20.864991884573975 ], [ -101.995938129746833, 20.860371164044967 ], [ -101.997350225746018, 20.858264481424929 ], [ -101.999594693659418, 20.853020872202542 ], [ -102.000321728116077, 20.851464783992942 ], [ -102.000664778458287, 20.850730535276426 ], [ -102.001160199923305, 20.847336257845306 ], [ -102.00165560939287, 20.843941980520178 ], [ -102.003005408612054, 20.834693471281547 ], [ -102.006923554324857, 20.836405634898124 ], [ -102.007579169051141, 20.836692114247747 ], [ -102.008234785992755, 20.836978590771782 ], [ -102.008829177822605, 20.836618382246044 ], [ -102.009237815566948, 20.836708573916777 ], [ -102.00950606396043, 20.834965472435943 ], [ -102.010193881960475, 20.830495867902563 ], [ -102.010105269239205, 20.829173805535639 ], [ -102.010933218170166, 20.823453834399508 ], [ -102.01222796531448, 20.823558133869948 ], [ -102.01260187708651, 20.823588254059317 ], [ -102.014270539299162, 20.823722659918932 ], [ -102.01444351363871, 20.8237666851395 ], [ -102.014761382521456, 20.823847589121094 ], [ -102.015229969264198, 20.823966852532031 ], [ -102.015495474465041, 20.82403442801235 ], [ -102.016107944359618, 20.824190308994275 ], [ -102.016720415795135, 20.824346187932736 ], [ -102.02441828179073, 20.822323698762613 ], [ -102.0259364876988, 20.821924769094181 ], [ -102.032115897156856, 20.820300888732863 ], [ -102.032291780498625, 20.820304162341085 ], [ -102.032467663594133, 20.820307436242253 ], [ -102.032819429697625, 20.820313983981503 ], [ -102.0328021068418, 20.820437450893738 ], [ -102.032784783971451, 20.82056091780618 ], [ -102.032750137953286, 20.820807852106498 ], [ -102.032274004023876, 20.821129094900304 ], [ -102.032262447240541, 20.821665301246018 ], [ -102.032254447339625, 20.822036520839902 ], [ -102.032240224890586, 20.82269646673781 ], [ -102.032232224536386, 20.823067686278971 ], [ -102.032281075047877, 20.823522490519625 ], [ -102.03256266441737, 20.824064153799846 ], [ -102.032847810935507, 20.824440830305754 ], [ -102.033132070043308, 20.824858753132826 ], [ -102.033417219338929, 20.82523542900956 ], [ -102.03375922255961, 20.825695688972406 ], [ -102.034280673673692, 20.825994234399896 ], [ -102.034872303990255, 20.825757662344344 ], [ -102.035353776734084, 20.825188933453894 ], [ -102.036067989767972, 20.824707057132368 ], [ -102.036433085276556, 20.82409489672709 ], [ -102.037028256048401, 20.823693328711045 ], [ -102.037569233785803, 20.823084434256693 ], [ -102.03740133266038, 20.822709944129283 ], [ -102.037884561978245, 20.822058711738158 ], [ -102.038127951232582, 20.821650600904643 ], [ -102.038426417076892, 20.821408566501511 ], [ -102.038962056602543, 20.821047147343769 ], [ -102.039440837500578, 20.820602143726521 ], [ -102.039804134668358, 20.820072466874063 ], [ -102.039992432343311, 20.819498276091871 ], [ -102.039888477082982, 20.818877394874857 ], [ -102.039662834158548, 20.818460570867703 ], [ -102.039494046080705, 20.818127329296491 ], [ -102.039334126379458, 20.817381618530575 ], [ -102.039517987581775, 20.81701366252755 ], [ -102.03981821457279, 20.816689130354668 ], [ -102.039825307304781, 20.816359154879255 ], [ -102.039595234221565, 20.816148565795604 ], [ -102.039134203238618, 20.815768633829347 ], [ -102.039316290725665, 20.81548317141193 ], [ -102.039968271315175, 20.81516517039697 ], [ -102.040386631647721, 20.814801566513552 ], [ -102.04115763153446, 20.814403242886122 ], [ -102.041748320539128, 20.814207887055694 ], [ -102.042153386414142, 20.814462983471966 ], [ -102.042672162952485, 20.814885242373197 ], [ -102.042959094101008, 20.815179409200677 ], [ -102.04389091720985, 20.815485535441539 ], [ -102.044470984982155, 20.815785135664544 ], [ -102.044874289790869, 20.816122720905568 ], [ -102.045337108428683, 20.816420144959281 ], [ -102.045800813949654, 20.816676320809997 ], [ -102.046149921519813, 20.816806581233635 ], [ -102.046558541712415, 20.816896680135077 ], [ -102.047148351834622, 20.816742553247604 ], [ -102.047797672527793, 20.816548262812223 ], [ -102.048381290718822, 20.816682862142059 ], [ -102.049139023819436, 20.816903210490928 ], [ -102.049667553506168, 20.81687173109728 ], [ -102.050199618307929, 20.816675260741295 ], [ -102.05061177653117, 20.816600360850156 ], [ -102.050621496664519, 20.816146640072279 ], [ -102.051261093917233, 20.816406056661581 ], [ -102.051845599576907, 20.81649939709159 ], [ -102.052192947169544, 20.816712140558543 ], [ -102.052536763183411, 20.817089873083912 ], [ -102.052821953173719, 20.817466520938609 ], [ -102.053338124118653, 20.818012494468938 ], [ -102.053755582683408, 20.817690102547289 ], [ -102.054003335660241, 20.817075725883079 ], [ -102.054411081121614, 20.81720705415194 ], [ -102.054773437857136, 20.816718585577316 ], [ -102.05478491060947, 20.816182368075857 ], [ -102.054738638414264, 20.815603819600806 ], [ -102.054753640528858, 20.814902612020948 ], [ -102.054598939711155, 20.813909421656472 ], [ -102.055022559778138, 20.813298292185465 ], [ -102.055681562361698, 20.812650245758373 ], [ -102.056047430408853, 20.81199678219922 ], [ -102.056533191553243, 20.811221739964264 ], [ -102.057077572587701, 20.810447778107665 ], [ -102.05756684868156, 20.809507741050215 ], [ -102.057932699697929, 20.808854271374454 ], [ -102.057835721383398, 20.80790341121504 ], [ -102.057506892015212, 20.806824479886625 ], [ -102.057583142485981, 20.806000608878755 ], [ -102.057773994278293, 20.805302644552377 ], [ -102.057731233111568, 20.804559104607073 ], [ -102.057636017577181, 20.803525749058778 ], [ -102.057714906666092, 20.802578134402413 ], [ -102.057614403959604, 20.801792264873963 ], [ -102.057744863593712, 20.801175713076489 ], [ -102.057875322503037, 20.800559161273362 ], [ -102.061068291225979, 20.791086051127536 ], [ -102.061140984338806, 20.790427165432408 ], [ -102.061603924004785, 20.789342195770523 ], [ -102.062066856179214, 20.788257225803829 ], [ -102.06235378592956, 20.788551359384652 ], [ -102.063170029581869, 20.78877271145836 ], [ -102.063867283746546, 20.789074397724821 ], [ -102.064283756457741, 20.788793214982356 ], [ -102.064698470418449, 20.788594527053526 ], [ -102.065165650971096, 20.788685652807072 ], [ -102.065866423162092, 20.788822339172111 ], [ -102.066686188063457, 20.788878682956792 ], [ -102.067149999655285, 20.788685040468145 ], [ -102.067690584821676, 20.788525775143508 ], [ -102.068280268789422, 20.788371559246546 ], [ -102.068808702030367, 20.788340008307845 ], [ -102.069457881036428, 20.788145617065066 ], [ -102.069930326224963, 20.787989241011228 ], [ -102.070178828937955, 20.787333577261094 ], [ -102.070078260019315, 20.786547707338475 ], [ -102.069918198135426, 20.785802008766957 ], [ -102.069758137353759, 20.785056310177101 ], [ -102.069598954797868, 20.78426936335493 ], [ -102.069199171126385, 20.783766846019514 ], [ -102.068984885678717, 20.782813829229053 ], [ -102.06896478878177, 20.782380184627495 ], [ -102.068954740689165, 20.782163362069827 ], [ -102.068944692668879, 20.78194653950321 ], [ -102.073966544268416, 20.781992975465922 ] ] ] ] } },
{ "type": "Feature", "properties": { "ID": 46, "ENTIDAD": 11, "MUNICIPIO": 25, "NOMBRE": "PURISIMA DEL RINCON", "CONTROL": 25, "GEOMETRY1_": null, "ID_2": 2460, "ENTIDAD_2": 11, "DISTRITO_F": 7, "DISTRITO_L": 10, "MUNICIPIO_2": 31, "SECCION": 2499, "TIPO": 4, "CONTROL_2": 4471, "GEOMETRY1__2": null }, "geometry": { "type": "MultiPolygon", "coordinates": [ [ [ [ -101.885821801700189, 20.883333984179796 ], [ -101.885966854334526, 20.873639670538452 ], [ -101.885821801700189, 20.883333984179814 ], [ -101.885821801700189, 20.883333984179796 ] ] ] ] } }
]
}
