{
"type": "FeatureCollection",
"name": "SANLUISDELAPAZSECCIONES",
"crs": { "type": "name", "properties": { "name": "urn:ogc:def:crs:OGC:1.3:CRS84" } },
"features": [
{ "type": "Feature", "properties": { "ID": 25, "ENTIDAD": 11, "MUNICIPIO": 33, "NOMBRE": "SAN LUIS DE LA PAZ", "CONTROL": 46, "GEOMETRY1_": null, "ID_2": 733, "ENTIDAD_2": 11, "DISTRITO_F": 1, "DISTRITO_L": 2, "MUNICIPIO_2": 13, "SECCION": 742, "TIPO": 4, "CONTROL_2": 393, "GEOMETRY1__2": null }, "geometry": { "type": "MultiPolygon", "coordinates": [ [ [ [ -100.389260582694433, 21.190556090775413 ], [ -100.391633764381695, 21.191152212328049 ], [ -100.389260582694433, 21.190556090775502 ], [ -100.386901951264861, 21.190496115981929 ], [ -100.389260582694433, 21.190556090775413 ] ] ] ] } },
{ "type": "Feature", "properties": { "ID": 25, "ENTIDAD": 11, "MUNICIPIO": 33, "NOMBRE": "SAN LUIS DE LA PAZ", "CONTROL": 46, "GEOMETRY1_": null, "ID_2": 739, "ENTIDAD_2": 11, "DISTRITO_F": 1, "DISTRITO_L": 2, "MUNICIPIO_2": 13, "SECCION": 748, "TIPO": 4, "CONTROL_2": 3584, "GEOMETRY1__2": null }, "geometry": { "type": "MultiPolygon", "coordinates": [ [ [ [ -100.410785579526305, 21.179522193442136 ], [ -100.413164639174781, 21.181400622427258 ], [ -100.410785579526305, 21.179522193442136 ], [ -100.408835564824528, 21.179216276476893 ], [ -100.410785579526305, 21.179522193442136 ] ] ], [ [ [ -100.426411415185513, 21.19557912564898 ], [ -100.427788208595601, 21.197426831977722 ], [ -100.426411415185513, 21.195579125649076 ], [ -100.425270938214837, 21.19377023048267 ], [ -100.426411415185513, 21.19557912564898 ] ] ] ] } },
{ "type": "Feature", "properties": { "ID": 25, "ENTIDAD": 11, "MUNICIPIO": 33, "NOMBRE": "SAN LUIS DE LA PAZ", "CONTROL": 46, "GEOMETRY1_": null, "ID_2": 2511, "ENTIDAD_2": 11, "DISTRITO_F": 1, "DISTRITO_L": 2, "MUNICIPIO_2": 33, "SECCION": 2551, "TIPO": 2, "CONTROL_2": 183, "GEOMETRY1__2": null }, "geometry": { "type": "MultiPolygon", "coordinates": [ [ [ [ -100.532056760949004, 21.287764255297709 ], [ -100.532208990888321, 21.287767067876391 ], [ -100.532466774777035, 21.287771830340191 ], [ -100.532611512281193, 21.28777450413962 ], [ -100.533459383639439, 21.287790164733394 ], [ -100.533841341538349, 21.287797218281813 ], [ -100.534223299414194, 21.287804270961075 ], [ -100.534467246833444, 21.287808774885239 ], [ -100.535694635698135, 21.287831430400992 ], [ -100.535738864455553, 21.287832246621342 ], [ -100.535856474743809, 21.287834417005836 ], [ -100.537137692263656, 21.287858055303278 ], [ -100.537194271949417, 21.288039389905123 ], [ -100.5372888863985, 21.288342622547276 ], [ -100.538330725005679, 21.291681545523286 ], [ -100.538484350919802, 21.292286605963003 ], [ -100.538637978252865, 21.292891666144488 ], [ -100.538419456652548, 21.2929575732662 ], [ -100.537727613467339, 21.293166234139488 ], [ -100.536820863374544, 21.293439706128229 ], [ -100.53661754224045, 21.293501026125895 ], [ -100.536265497050877, 21.293607199398014 ], [ -100.534803238512964, 21.294048192448123 ], [ -100.534371729940403, 21.29417832543426 ], [ -100.533827960128022, 21.294312582115875 ], [ -100.531713362257918, 21.294834657256935 ], [ -100.530785121776162, 21.295063822042319 ], [ -100.530684317016977, 21.295088708459609 ], [ -100.529645391704079, 21.295345191695993 ], [ -100.529098567484652, 21.295480185270709 ], [ -100.528940580317766, 21.295511293084488 ], [ -100.5285470336526, 21.295588782079765 ], [ -100.528163739663768, 21.295679052836068 ], [ -100.528012052654489, 21.295714776846385 ], [ -100.527034134204385, 21.295945084082717 ], [ -100.52693570946181, 21.2959682635089 ], [ -100.52639753631523, 21.296095004338238 ], [ -100.525859362135208, 21.296221743499483 ], [ -100.524142705212057, 21.296561007874764 ], [ -100.52415300997464, 21.296403181116286 ], [ -100.524155851239556, 21.296359664545125 ], [ -100.524159768927277, 21.296299661554258 ], [ -100.524225862229599, 21.295287378265872 ], [ -100.525045638623254, 21.295237828732049 ], [ -100.52521400310799, 21.294130565795196 ], [ -100.525113099292881, 21.29415254180584 ], [ -100.524842185131789, 21.293159039473188 ], [ -100.524629995717589, 21.292380882859376 ], [ -100.524520740246956, 21.291980209414564 ], [ -100.524505823868651, 21.291925506265425 ], [ -100.523498797751571, 21.292537677571346 ], [ -100.522725529269294, 21.293007740259636 ], [ -100.522272489855737, 21.29328313573318 ], [ -100.522230614434847, 21.293309011045061 ], [ -100.521390401779144, 21.293828184262537 ], [ -100.52148707954187, 21.2933955456832 ], [ -100.521602509153922, 21.293085068761815 ], [ -100.521732679565602, 21.292734941246298 ], [ -100.52180251769957, 21.292547092578921 ], [ -100.522143112650681, 21.291630963153018 ], [ -100.522243473256424, 21.291556339668958 ], [ -100.522834338478148, 21.290689678557005 ], [ -100.522929770009867, 21.290549701726771 ], [ -100.523090031818427, 21.29013468308742 ], [ -100.523206277747477, 21.289843050148093 ], [ -100.523293148461434, 21.289625111786616 ], [ -100.523303455803386, 21.289599253027664 ], [ -100.523400633562289, 21.289355455863614 ], [ -100.523421217925787, 21.289279161009219 ], [ -100.523426184383453, 21.289260753085841 ], [ -100.523581906807337, 21.288678827889523 ], [ -100.523726561471065, 21.288106396841854 ], [ -100.523772009447256, 21.287926548157124 ], [ -100.523789696810098, 21.287856554859065 ], [ -100.523855914448987, 21.28774011621007 ], [ -100.523831924963375, 21.287592901532339 ], [ -100.523762126834086, 21.28736185470563 ], [ -100.523614008345689, 21.287163109183638 ], [ -100.523444070834444, 21.287027746024325 ], [ -100.523123435384235, 21.287037637892222 ], [ -100.522961067967984, 21.287042646827793 ], [ -100.522574612424123, 21.286999245235368 ], [ -100.522353611046455, 21.286974424860421 ], [ -100.522060943713541, 21.286905981754231 ], [ -100.521863313271325, 21.286859763621578 ], [ -100.521587067930227, 21.286795160054073 ], [ -100.521060527971088, 21.286672020398413 ], [ -100.520157629966164, 21.286460859110029 ], [ -100.520651019851599, 21.285098729800247 ], [ -100.52109393227434, 21.283727153691309 ], [ -100.521273394438595, 21.283171402671961 ], [ -100.521418027467334, 21.281447206801435 ], [ -100.523144915590336, 21.281389706416491 ], [ -100.524436069735486, 21.281346703135721 ], [ -100.525795520552137, 21.281301414454028 ], [ -100.525852423295476, 21.2815938511316 ], [ -100.526317099493099, 21.283700240174824 ], [ -100.528334172105559, 21.283412483905419 ], [ -100.528620865614599, 21.287605997351584 ], [ -100.529677626112175, 21.287647530671961 ], [ -100.529925687554041, 21.28766601064007 ], [ -100.530069660399619, 21.287676736092674 ], [ -100.531050913032203, 21.287745667926458 ], [ -100.532056760949004, 21.287764255297709 ] ] ] ] } },
{ "type": "Feature", "properties": { "ID": 25, "ENTIDAD": 11, "MUNICIPIO": 33, "NOMBRE": "SAN LUIS DE LA PAZ", "CONTROL": 46, "GEOMETRY1_": null, "ID_2": 771, "ENTIDAD_2": 11, "DISTRITO_F": 1, "DISTRITO_L": 1, "MUNICIPIO_2": 14, "SECCION": 780, "TIPO": 4, "CONTROL_2": 501, "GEOMETRY1__2": null }, "geometry": { "type": "MultiPolygon", "coordinates": [ [ [ [ -100.726584630725299, 21.293307829237879 ], [ -100.72488351814664, 21.294024786142494 ], [ -100.724883518091673, 21.294024786059087 ], [ -100.726584630692216, 21.293307829145238 ], [ -100.726584630725299, 21.293307829237879 ] ] ] ] } },
{ "type": "Feature", "properties": { "ID": 25, "ENTIDAD": 11, "MUNICIPIO": 33, "NOMBRE": "SAN LUIS DE LA PAZ", "CONTROL": 46, "GEOMETRY1_": null, "ID_2": 2512, "ENTIDAD_2": 11, "DISTRITO_F": 1, "DISTRITO_L": 2, "MUNICIPIO_2": 33, "SECCION": 2552, "TIPO": 2, "CONTROL_2": 181, "GEOMETRY1__2": null }, "geometry": { "type": "MultiPolygon", "coordinates": [ [ [ [ -100.520453626751575, 21.296792371659578 ], [ -100.520547917012323, 21.295605201896112 ], [ -100.520653396498332, 21.29427714009298 ], [ -100.521390401779144, 21.293828184262537 ], [ -100.522230614434847, 21.293309011045061 ], [ -100.522272489855737, 21.29328313573318 ], [ -100.522725529269294, 21.293007740259636 ], [ -100.523498797751571, 21.292537677571346 ], [ -100.524505823868651, 21.291925506265425 ], [ -100.524520740246956, 21.291980209414564 ], [ -100.524629995717589, 21.292380882859376 ], [ -100.524842185131789, 21.293159039473188 ], [ -100.525113099292881, 21.29415254180584 ], [ -100.52521400310799, 21.294130565795196 ], [ -100.525045638623254, 21.295237828732049 ], [ -100.524225862229599, 21.295287378265872 ], [ -100.524159768927277, 21.296299661554258 ], [ -100.524155851239556, 21.296359664545125 ], [ -100.52415300997464, 21.296403181116286 ], [ -100.524142705212057, 21.296561007874764 ], [ -100.522426039263905, 21.296900255192003 ], [ -100.520418671635383, 21.297232474289494 ], [ -100.520453626751575, 21.296792371659578 ] ] ] ] } },
{ "type": "Feature", "properties": { "ID": 25, "ENTIDAD": 11, "MUNICIPIO": 33, "NOMBRE": "SAN LUIS DE LA PAZ", "CONTROL": 46, "GEOMETRY1_": null, "ID_2": 2513, "ENTIDAD_2": 11, "DISTRITO_F": 1, "DISTRITO_L": 2, "MUNICIPIO_2": 33, "SECCION": 2553, "TIPO": 2, "CONTROL_2": 180, "GEOMETRY1__2": null }, "geometry": { "type": "MultiPolygon", "coordinates": [ [ [ [ -100.51719243892785, 21.297261767459631 ], [ -100.517372507641085, 21.296705650406995 ], [ -100.517546297554517, 21.295905873913881 ], [ -100.517576125645348, 21.295735677732665 ], [ -100.517865310611512, 21.294085599751678 ], [ -100.517984620824535, 21.293404811557398 ], [ -100.518408836345301, 21.293454935762679 ], [ -100.519628435680019, 21.29294897902443 ], [ -100.519587202823431, 21.293357490439565 ], [ -100.520219926949807, 21.293370796585357 ], [ -100.52148707954187, 21.2933955456832 ], [ -100.521390401779144, 21.293828184262537 ], [ -100.520653396498332, 21.29427714009298 ], [ -100.520547917012323, 21.295605201896112 ], [ -100.520453626751575, 21.296792371659578 ], [ -100.520418671635383, 21.297232474289494 ], [ -100.520357073117822, 21.297242668438393 ], [ -100.518414233813928, 21.297750980809575 ], [ -100.518279563025743, 21.297801321431237 ], [ -100.517689682740553, 21.297853182375651 ], [ -100.517127975271791, 21.297830969068958 ], [ -100.51719243892785, 21.297261767459631 ] ] ] ] } },
{ "type": "Feature", "properties": { "ID": 25, "ENTIDAD": 11, "MUNICIPIO": 33, "NOMBRE": "SAN LUIS DE LA PAZ", "CONTROL": 46, "GEOMETRY1_": null, "ID_2": 2514, "ENTIDAD_2": 11, "DISTRITO_F": 1, "DISTRITO_L": 2, "MUNICIPIO_2": 33, "SECCION": 2554, "TIPO": 2, "CONTROL_2": 179, "GEOMETRY1__2": null }, "geometry": { "type": "MultiPolygon", "coordinates": [ [ [ [ -100.515145220277319, 21.297243386628484 ], [ -100.515141225636583, 21.296978871700656 ], [ -100.515121124860045, 21.295647802729498 ], [ -100.515120310901906, 21.295593900958018 ], [ -100.515111509612154, 21.295011055547935 ], [ -100.515125862462412, 21.293273902673533 ], [ -100.514824047442787, 21.292766349764122 ], [ -100.514738060863351, 21.292621748023809 ], [ -100.514291206291219, 21.291870276870455 ], [ -100.514997942943268, 21.291578853971416 ], [ -100.515098498657309, 21.291537389489562 ], [ -100.515280785200844, 21.291462222821547 ], [ -100.515704676645768, 21.291287428260205 ], [ -100.515790873130712, 21.291251884367842 ], [ -100.51670518531003, 21.290874855864249 ], [ -100.516751392530153, 21.290855801537912 ], [ -100.516797599737643, 21.29083674719946 ], [ -100.516893712800865, 21.291532564331355 ], [ -100.516951542792015, 21.29195122453066 ], [ -100.517051686738199, 21.292676209484544 ], [ -100.517066632318247, 21.292784406172178 ], [ -100.51717388594237, 21.293560849699155 ], [ -100.517783850655903, 21.293180732471807 ], [ -100.518053321144009, 21.293012802821238 ], [ -100.517984620824535, 21.293404811557398 ], [ -100.517865310611512, 21.294085599751678 ], [ -100.517576125645348, 21.295735677732665 ], [ -100.517546297554517, 21.295905873913881 ], [ -100.517372507641085, 21.296705650406995 ], [ -100.51719243892785, 21.297261767459631 ], [ -100.517127975271791, 21.297830969068958 ], [ -100.51635656742279, 21.297842053226852 ], [ -100.51541188481211, 21.297855622308404 ], [ -100.515154293352651, 21.297868262290425 ], [ -100.515145220277319, 21.297243386628484 ] ] ] ] } },
{ "type": "Feature", "properties": { "ID": 25, "ENTIDAD": 11, "MUNICIPIO": 33, "NOMBRE": "SAN LUIS DE LA PAZ", "CONTROL": 46, "GEOMETRY1_": null, "ID_2": 2515, "ENTIDAD_2": 11, "DISTRITO_F": 1, "DISTRITO_L": 2, "MUNICIPIO_2": 33, "SECCION": 2555, "TIPO": 2, "CONTROL_2": 170, "GEOMETRY1__2": null }, "geometry": { "type": "MultiPolygon", "coordinates": [ [ [ [ -100.511197122152083, 21.298086123323902 ], [ -100.510140120625664, 21.29802516964785 ], [ -100.510069391081814, 21.298022938896839 ], [ -100.509076515290843, 21.297991621267492 ], [ -100.509112487115345, 21.29797340886698 ], [ -100.509945241216698, 21.297551785252949 ], [ -100.510183039085675, 21.297431386962561 ], [ -100.511289554140745, 21.296871145841592 ], [ -100.512033199683813, 21.296631394659819 ], [ -100.512198188977763, 21.296552221730533 ], [ -100.512248480658855, 21.29652808836099 ], [ -100.512363178086829, 21.296473048649226 ], [ -100.513020783020977, 21.296122891820634 ], [ -100.513223285412224, 21.296020178445008 ], [ -100.513683253009731, 21.2957951818567 ], [ -100.51450748906764, 21.295391995886408 ], [ -100.514617329359055, 21.295322722717192 ], [ -100.515111509612154, 21.295011055547935 ], [ -100.515120310901906, 21.295593900958018 ], [ -100.515121124860045, 21.295647802729498 ], [ -100.515141225636583, 21.296978871700656 ], [ -100.515145220277319, 21.297243386628484 ], [ -100.515154293352651, 21.297868262290425 ], [ -100.515002695904528, 21.297874808307604 ], [ -100.514735596767395, 21.297861560972795 ], [ -100.514639213487854, 21.297832834363966 ], [ -100.513734610574474, 21.297770611942358 ], [ -100.512685694602126, 21.297692795030038 ], [ -100.512538493400967, 21.297688489180636 ], [ -100.512260574190876, 21.297823267235259 ], [ -100.511659805216453, 21.298104483552642 ], [ -100.511197122152083, 21.298086123323902 ] ] ] ] } },
{ "type": "Feature", "properties": { "ID": 25, "ENTIDAD": 11, "MUNICIPIO": 33, "NOMBRE": "SAN LUIS DE LA PAZ", "CONTROL": 46, "GEOMETRY1_": null, "ID_2": 775, "ENTIDAD_2": 11, "DISTRITO_F": 1, "DISTRITO_L": 1, "MUNICIPIO_2": 14, "SECCION": 784, "TIPO": 4, "CONTROL_2": 2992, "GEOMETRY1__2": null }, "geometry": { "type": "MultiPolygon", "coordinates": [ [ [ [ -100.707841206646123, 21.272514193584151 ], [ -100.708918582471256, 21.273199044537424 ], [ -100.707841206646137, 21.272514193584239 ], [ -100.697411293151319, 21.26437915376918 ], [ -100.707841206646123, 21.272514193584151 ] ] ] ] } },
{ "type": "Feature", "properties": { "ID": 25, "ENTIDAD": 11, "MUNICIPIO": 33, "NOMBRE": "SAN LUIS DE LA PAZ", "CONTROL": 46, "GEOMETRY1_": null, "ID_2": 782, "ENTIDAD_2": 11, "DISTRITO_F": 1, "DISTRITO_L": 1, "MUNICIPIO_2": 14, "SECCION": 791, "TIPO": 4, "CONTROL_2": 3586, "GEOMETRY1__2": null }, "geometry": { "type": "MultiPolygon", "coordinates": [ [ [ [ -100.636837385893301, 21.223291087220552 ], [ -100.63683738589333, 21.223291087220563 ], [ -100.636610406576324, 21.223997473130314 ], [ -100.636837385893301, 21.223291087220552 ] ] ], [ [ [ -100.635391364996892, 21.234897855991377 ], [ -100.636162084997181, 21.235219626132739 ], [ -100.635391364996892, 21.234897855991473 ], [ -100.633739295775172, 21.234835106830737 ], [ -100.635391364996892, 21.234897855991377 ] ] ], [ [ [ -100.650995882683645, 21.242323584825559 ], [ -100.652424262981228, 21.243340861703714 ], [ -100.650995882683645, 21.242323584825559 ], [ -100.650995882683645, 21.242323584825559 ] ] ], [ [ [ -100.664102018684403, 21.2433631530009 ], [ -100.665157609642023, 21.242894877093804 ], [ -100.664102018684403, 21.243363153000988 ], [ -100.662106636047142, 21.244132704084258 ], [ -100.664102018684403, 21.2433631530009 ] ] ] ] } },
{ "type": "Feature", "properties": { "ID": 25, "ENTIDAD": 11, "MUNICIPIO": 33, "NOMBRE": "SAN LUIS DE LA PAZ", "CONTROL": 46, "GEOMETRY1_": null, "ID_2": 2516, "ENTIDAD_2": 11, "DISTRITO_F": 1, "DISTRITO_L": 2, "MUNICIPIO_2": 33, "SECCION": 2556, "TIPO": 2, "CONTROL_2": 174, "GEOMETRY1__2": null }, "geometry": { "type": "MultiPolygon", "coordinates": [ [ [ [ -100.502680650443779, 21.298825953432278 ], [ -100.502770800978126, 21.298560510192203 ], [ -100.502931068594748, 21.298332629674867 ], [ -100.502973013635028, 21.298300701360578 ], [ -100.503215919241484, 21.297461800554814 ], [ -100.50350202197896, 21.296576572391153 ], [ -100.503548975382316, 21.296571564028099 ], [ -100.503619718509967, 21.29635307419143 ], [ -100.503702982545164, 21.296175903349575 ], [ -100.503726459201843, 21.296105786745144 ], [ -100.50411773756268, 21.294488711535731 ], [ -100.504147787785811, 21.294448957175895 ], [ -100.504258597817639, 21.294030758863808 ], [ -100.504321828400776, 21.293970032462166 ], [ -100.504453297930056, 21.293574997828994 ], [ -100.504639675138435, 21.293634917897961 ], [ -100.504960115684298, 21.293693752007918 ], [ -100.505278060354186, 21.293752127207952 ], [ -100.505556906188943, 21.293803323253869 ], [ -100.505715184251372, 21.293303938841223 ], [ -100.506621243184426, 21.293486187917807 ], [ -100.506615478735441, 21.293589596102755 ], [ -100.506656621831638, 21.29359213706914 ], [ -100.507654820620871, 21.29368772440559 ], [ -100.508392719756657, 21.293757158228473 ], [ -100.508430469828767, 21.29343934773679 ], [ -100.508768078449407, 21.293488976254064 ], [ -100.508704962685286, 21.293910777675443 ], [ -100.509010764407805, 21.293946082692802 ], [ -100.509316566239434, 21.293981387145607 ], [ -100.510535501066386, 21.294117750637017 ], [ -100.51055117748534, 21.294017657160573 ], [ -100.510922773399486, 21.29428434720236 ], [ -100.51159161815383, 21.294764364586875 ], [ -100.513223285412224, 21.296020178445008 ], [ -100.513020783020977, 21.296122891820634 ], [ -100.512363178086829, 21.296473048649226 ], [ -100.512248480658855, 21.29652808836099 ], [ -100.512198188977763, 21.296552221730533 ], [ -100.512033199683813, 21.296631394659819 ], [ -100.511289554140745, 21.296871145841592 ], [ -100.510183039085675, 21.297431386962561 ], [ -100.509945241216698, 21.297551785252949 ], [ -100.509112487115345, 21.29797340886698 ], [ -100.509076515290843, 21.297991621267492 ], [ -100.508594294827986, 21.298125429114105 ], [ -100.508292448708389, 21.298149912448988 ], [ -100.508224472742427, 21.298155426038388 ], [ -100.508055886597703, 21.298169100086803 ], [ -100.507917350948986, 21.298168313018106 ], [ -100.507544456460323, 21.298166193909307 ], [ -100.50748041038365, 21.29816582986091 ], [ -100.507171561926597, 21.298164073973265 ], [ -100.506466442815565, 21.298118593758357 ], [ -100.505718475006518, 21.298194876770633 ], [ -100.505531545332801, 21.298213940643841 ], [ -100.504796346959168, 21.298288917212648 ], [ -100.504666168312667, 21.298303652083202 ], [ -100.504402462784768, 21.29833350049438 ], [ -100.504044816852954, 21.298364232749652 ], [ -100.50380268178867, 21.298401387182977 ], [ -100.503658282781018, 21.298435497858485 ], [ -100.503183688124111, 21.298620213805307 ], [ -100.50270301074012, 21.298936483145845 ], [ -100.502680650443779, 21.298825953432278 ] ] ] ] } },
{ "type": "Feature", "properties": { "ID": 25, "ENTIDAD": 11, "MUNICIPIO": 33, "NOMBRE": "SAN LUIS DE LA PAZ", "CONTROL": 46, "GEOMETRY1_": null, "ID_2": 2517, "ENTIDAD_2": 11, "DISTRITO_F": 1, "DISTRITO_L": 2, "MUNICIPIO_2": 33, "SECCION": 2557, "TIPO": 2, "CONTROL_2": 175, "GEOMETRY1__2": null }, "geometry": { "type": "MultiPolygon", "coordinates": [ [ [ [ -100.51159161815383, 21.294764364586875 ], [ -100.510922773399486, 21.29428434720236 ], [ -100.51055117748534, 21.294017657160573 ], [ -100.510565651440999, 21.293758233405558 ], [ -100.510629670769234, 21.293366028749507 ], [ -100.510658661310771, 21.293188422062158 ], [ -100.510687651796744, 21.293010815370344 ], [ -100.510766910179768, 21.292525246750547 ], [ -100.510822320117597, 21.292185781732424 ], [ -100.511071117718899, 21.292341511700769 ], [ -100.511231666142194, 21.292108390893848 ], [ -100.51135293313277, 21.291932307267984 ], [ -100.51157728314169, 21.291375343711707 ], [ -100.511251036823722, 21.291255215299085 ], [ -100.510784017664136, 21.290998618277232 ], [ -100.509997010029096, 21.290592492158023 ], [ -100.510251769323801, 21.29023215645968 ], [ -100.510506527409646, 21.289871820434623 ], [ -100.510555735491593, 21.289836735154907 ], [ -100.510860209451863, 21.289619645064175 ], [ -100.511218405609796, 21.289331915004528 ], [ -100.511599941759386, 21.289600507218637 ], [ -100.51178728823615, 21.28976067291169 ], [ -100.512198268662516, 21.290035724330298 ], [ -100.512796506596914, 21.289651170142076 ], [ -100.51302620946845, 21.290012512417693 ], [ -100.513833128673696, 21.291281847766939 ], [ -100.513961385425986, 21.291483601287794 ], [ -100.514086162463769, 21.291598318611744 ], [ -100.514123443957871, 21.291647766725255 ], [ -100.51415255299041, 21.29168637530687 ], [ -100.514291206291219, 21.291870276870455 ], [ -100.514738060863351, 21.292621748023809 ], [ -100.514824047442787, 21.292766349764122 ], [ -100.515125862462412, 21.293273902673533 ], [ -100.515111509612154, 21.295011055547935 ], [ -100.514617329359055, 21.295322722717192 ], [ -100.51450748906764, 21.295391995886408 ], [ -100.513683253009731, 21.2957951818567 ], [ -100.513223285412224, 21.296020178445008 ], [ -100.51159161815383, 21.294764364586875 ] ] ] ] } },
{ "type": "Feature", "properties": { "ID": 25, "ENTIDAD": 11, "MUNICIPIO": 33, "NOMBRE": "SAN LUIS DE LA PAZ", "CONTROL": 46, "GEOMETRY1_": null, "ID_2": 2518, "ENTIDAD_2": 11, "DISTRITO_F": 1, "DISTRITO_L": 2, "MUNICIPIO_2": 33, "SECCION": 2558, "TIPO": 2, "CONTROL_2": 3524, "GEOMETRY1__2": null }, "geometry": { "type": "MultiPolygon", "coordinates": [ [ [ [ -100.500235390933128, 21.289654555494053 ], [ -100.499762634130903, 21.289691407095965 ], [ -100.498917784487176, 21.289761064542926 ], [ -100.498758092130643, 21.289774750002532 ], [ -100.499030596053188, 21.288865644714825 ], [ -100.497817263588217, 21.288284212059494 ], [ -100.497917320211627, 21.287906195034036 ], [ -100.497368475464626, 21.28789069904769 ], [ -100.496843172664043, 21.287920277621925 ], [ -100.497059060731715, 21.286017376002768 ], [ -100.497368138027554, 21.2851531976284 ], [ -100.497453365467351, 21.284980858137313 ], [ -100.497924138908687, 21.285295205188596 ], [ -100.498163298002211, 21.285450956547816 ], [ -100.498279450048116, 21.285510173276975 ], [ -100.498449327860598, 21.285596780282681 ], [ -100.498731976845576, 21.285728285777441 ], [ -100.499533899641989, 21.286101385055741 ], [ -100.499755335494612, 21.286204408349203 ], [ -100.500036625187093, 21.28633527806743 ], [ -100.500531979901382, 21.286565739544663 ], [ -100.501036055195414, 21.286800255932199 ], [ -100.501141631846352, 21.286849374202788 ], [ -100.501404700035522, 21.286971763080263 ], [ -100.501816959734043, 21.287163559996635 ], [ -100.502505804186299, 21.287484029873504 ], [ -100.503265196824913, 21.287857490595965 ], [ -100.503520476745052, 21.287992762135506 ], [ -100.503960771180374, 21.288216899902164 ], [ -100.504938469966646, 21.288708746896592 ], [ -100.505341106417603, 21.288924119697541 ], [ -100.505590196335476, 21.289126319376884 ], [ -100.50617985743736, 21.289135093004912 ], [ -100.506945208854447, 21.289073489720646 ], [ -100.507053514169328, 21.289064771921101 ], [ -100.507357685406873, 21.289236981150545 ], [ -100.507923378345026, 21.289531675865231 ], [ -100.508220424844254, 21.289686419381312 ], [ -100.508416265254994, 21.289789533676071 ], [ -100.508647076977127, 21.289915287873594 ], [ -100.508795077492195, 21.289995923377266 ], [ -100.509111495378903, 21.290168317397569 ], [ -100.50999701006387, 21.290592491797472 ], [ -100.510784017699052, 21.290998617916948 ], [ -100.511251036858738, 21.291255214938897 ], [ -100.511577283176734, 21.291375343351522 ], [ -100.511352933167785, 21.291932306908066 ], [ -100.511231666177196, 21.292108390534022 ], [ -100.511071117753858, 21.292341511341032 ], [ -100.510822320152542, 21.292185781372599 ], [ -100.510766910214699, 21.292525246390998 ], [ -100.510687651831645, 21.293010815010973 ], [ -100.510658661345644, 21.293188421702876 ], [ -100.510629670804136, 21.293366028390221 ], [ -100.510565651475886, 21.293758233046542 ], [ -100.51055117752027, 21.294017656801646 ], [ -100.510535501101302, 21.294117750278183 ], [ -100.509316566274094, 21.293981386786683 ], [ -100.509010764442408, 21.293946082333878 ], [ -100.508704962719847, 21.29391077731643 ], [ -100.508768078483982, 21.293488975894871 ], [ -100.508430469863271, 21.293439347377596 ], [ -100.508392719791175, 21.293757157869372 ], [ -100.507654820655262, 21.293687724046499 ], [ -100.506656621865815, 21.293592136710043 ], [ -100.50661547876966, 21.293589595743665 ], [ -100.506621243218632, 21.293486187558624 ], [ -100.505715184285435, 21.293303938481948 ], [ -100.505556906222949, 21.29380332289486 ], [ -100.505278060388164, 21.293752126848855 ], [ -100.504960115718191, 21.293693751648828 ], [ -100.504639675172285, 21.293634917538864 ], [ -100.504453297963877, 21.293574997469896 ], [ -100.504347496249991, 21.293551208224368 ], [ -100.504758808074243, 21.292136345551597 ], [ -100.504977923956375, 21.291327494923951 ], [ -100.505318150536979, 21.290104127795967 ], [ -100.50494728622877, 21.289933751383199 ], [ -100.504734214788826, 21.289744935138632 ], [ -100.504668040572184, 21.289669883370017 ], [ -100.504601487054288, 21.289557551249281 ], [ -100.504557232784535, 21.289343564745007 ], [ -100.504548783351524, 21.289266473180771 ], [ -100.504216166680933, 21.289299454377606 ], [ -100.50372978165764, 21.289342846978599 ], [ -100.503568565440034, 21.289357229490321 ], [ -100.503098787956418, 21.289399138651287 ], [ -100.502573188616552, 21.289446026143587 ], [ -100.501259005564108, 21.289563254079408 ], [ -100.500733027897212, 21.289610169499923 ], [ -100.500235390933128, 21.289654555494053 ] ] ] ] } },
{ "type": "Feature", "properties": { "ID": 25, "ENTIDAD": 11, "MUNICIPIO": 33, "NOMBRE": "SAN LUIS DE LA PAZ", "CONTROL": 46, "GEOMETRY1_": null, "ID_2": 2519, "ENTIDAD_2": 11, "DISTRITO_F": 1, "DISTRITO_L": 2, "MUNICIPIO_2": 33, "SECCION": 2559, "TIPO": 2, "CONTROL_2": 182, "GEOMETRY1__2": null }, "geometry": { "type": "MultiPolygon", "coordinates": [ [ [ [ -100.517984620824535, 21.293404811557398 ], [ -100.518053321144009, 21.293012802821238 ], [ -100.518231423264965, 21.292170949655855 ], [ -100.518271765227453, 21.291976635253999 ], [ -100.518488585690889, 21.291442796430349 ], [ -100.518797641563026, 21.290681856044383 ], [ -100.519154787237795, 21.289802501975402 ], [ -100.519273203270288, 21.289469584237651 ], [ -100.519517950964271, 21.288758695731101 ], [ -100.519538454918532, 21.288694469777592 ], [ -100.519760094441779, 21.288000209637691 ], [ -100.520157629966164, 21.286460859110029 ], [ -100.521060527971088, 21.286672020398413 ], [ -100.521587067930227, 21.286795160054073 ], [ -100.521863313271325, 21.286859763621578 ], [ -100.522060943713541, 21.286905981754231 ], [ -100.522353611046455, 21.286974424860421 ], [ -100.522574612424123, 21.286999245235368 ], [ -100.522961067967984, 21.287042646827793 ], [ -100.523123435384235, 21.287037637892222 ], [ -100.523444070834444, 21.287027746024325 ], [ -100.523614008345689, 21.287163109183638 ], [ -100.523762126834086, 21.28736185470563 ], [ -100.523831924963375, 21.287592901532339 ], [ -100.523855914448987, 21.28774011621007 ], [ -100.523789696810098, 21.287856554859065 ], [ -100.523772009447256, 21.287926548157124 ], [ -100.523726561471065, 21.288106396841854 ], [ -100.523581906807337, 21.288678827889523 ], [ -100.523426184383453, 21.289260753085841 ], [ -100.523421217925787, 21.289279161009219 ], [ -100.523400633562289, 21.289355455863614 ], [ -100.523303455803386, 21.289599253027664 ], [ -100.523293148461434, 21.289625111786616 ], [ -100.523206277747477, 21.289843050148093 ], [ -100.523090031818427, 21.29013468308742 ], [ -100.522929770009867, 21.290549701726771 ], [ -100.522834338478148, 21.290689678557005 ], [ -100.522243473256424, 21.291556339668958 ], [ -100.522143112650681, 21.291630963153018 ], [ -100.52180251769957, 21.292547092578921 ], [ -100.521732679565602, 21.292734941246298 ], [ -100.521602509153922, 21.293085068761815 ], [ -100.52148707954187, 21.2933955456832 ], [ -100.520219926949807, 21.293370796585357 ], [ -100.519587202823431, 21.293357490439565 ], [ -100.519628435680019, 21.29294897902443 ], [ -100.518408836345301, 21.293454935762679 ], [ -100.517984620824535, 21.293404811557398 ] ] ] ] } },
{ "type": "Feature", "properties": { "ID": 25, "ENTIDAD": 11, "MUNICIPIO": 33, "NOMBRE": "SAN LUIS DE LA PAZ", "CONTROL": 46, "GEOMETRY1_": null, "ID_2": 2520, "ENTIDAD_2": 11, "DISTRITO_F": 1, "DISTRITO_L": 2, "MUNICIPIO_2": 33, "SECCION": 2560, "TIPO": 2, "CONTROL_2": 178, "GEOMETRY1__2": null }, "geometry": { "type": "MultiPolygon", "coordinates": [ [ [ [ -100.517066632318247, 21.292784406172178 ], [ -100.517051686738199, 21.292676209484544 ], [ -100.516951542792015, 21.29195122453066 ], [ -100.516893712800865, 21.291532564331355 ], [ -100.516797599737643, 21.29083674719946 ], [ -100.516751392530153, 21.290855801537912 ], [ -100.51670518531003, 21.290874855864249 ], [ -100.515790873130712, 21.291251884367842 ], [ -100.515704676645768, 21.291287428260205 ], [ -100.515280785200844, 21.291462222821547 ], [ -100.515098498657309, 21.291537389489562 ], [ -100.514997942943268, 21.291578853971416 ], [ -100.514291206291219, 21.291870276870455 ], [ -100.51415255299041, 21.29168637530687 ], [ -100.514123443957871, 21.291647766725255 ], [ -100.514086162463769, 21.291598318611744 ], [ -100.513961385425986, 21.291483601287794 ], [ -100.513833128673696, 21.291281847766939 ], [ -100.51302620946845, 21.290012512417693 ], [ -100.512796506596914, 21.289651170142076 ], [ -100.512743107084134, 21.289563233876709 ], [ -100.51259722026461, 21.289322992405641 ], [ -100.51245133393725, 21.289082750773368 ], [ -100.5121826791827, 21.288640334895174 ], [ -100.511768063572887, 21.287957546805917 ], [ -100.51161054298467, 21.287698140184773 ], [ -100.511362362151289, 21.287289430985734 ], [ -100.511184824604683, 21.286997056850161 ], [ -100.510995093185841, 21.286684599890851 ], [ -100.51096197725586, 21.286630063141967 ], [ -100.510917212302488, 21.28655634219686 ], [ -100.51090686841971, 21.286539307410951 ], [ -100.510878222191579, 21.286492131448348 ], [ -100.510567651865884, 21.285980667150643 ], [ -100.510221525200876, 21.285450460341899 ], [ -100.509862736846955, 21.284931241482553 ], [ -100.509558093363438, 21.284445491138143 ], [ -100.509347076949993, 21.283338393720413 ], [ -100.509257537804359, 21.282846748747694 ], [ -100.509196202621609, 21.282509964884618 ], [ -100.51122329749424, 21.281652213036928 ], [ -100.511965653528605, 21.283572746539921 ], [ -100.51623297261871, 21.284305017145172 ], [ -100.521273394438595, 21.283171402671961 ], [ -100.52109393227434, 21.283727153691309 ], [ -100.520651019851599, 21.285098729800247 ], [ -100.520157629966164, 21.286460859110029 ], [ -100.519760094441779, 21.288000209637691 ], [ -100.519538454918532, 21.288694469777592 ], [ -100.519517950964271, 21.288758695731101 ], [ -100.519273203270288, 21.289469584237651 ], [ -100.519154787237795, 21.289802501975402 ], [ -100.518797641563026, 21.290681856044383 ], [ -100.518488585690889, 21.291442796430349 ], [ -100.518271765227453, 21.291976635253999 ], [ -100.518231423264965, 21.292170949655855 ], [ -100.518053321144009, 21.293012802821238 ], [ -100.517783850655903, 21.293180732471807 ], [ -100.51717388594237, 21.293560849699155 ], [ -100.517066632318247, 21.292784406172178 ] ] ] ] } },
{ "type": "Feature", "properties": { "ID": 25, "ENTIDAD": 11, "MUNICIPIO": 33, "NOMBRE": "SAN LUIS DE LA PAZ", "CONTROL": 46, "GEOMETRY1_": null, "ID_2": 2521, "ENTIDAD_2": 11, "DISTRITO_F": 1, "DISTRITO_L": 2, "MUNICIPIO_2": 33, "SECCION": 2561, "TIPO": 2, "CONTROL_2": 177, "GEOMETRY1__2": null }, "geometry": { "type": "MultiPolygon", "coordinates": [ [ [ [ -100.505341106383668, 21.288924120058805 ], [ -100.504938469932753, 21.288708747257946 ], [ -100.503960771146666, 21.288216900263695 ], [ -100.503520476711444, 21.287992762497218 ], [ -100.503265196791318, 21.287857490957673 ], [ -100.502505804152847, 21.287484030235394 ], [ -100.501816959700705, 21.287163560358707 ], [ -100.501404700002269, 21.28697176344242 ], [ -100.501141631813141, 21.286849374565033 ], [ -100.501036055162217, 21.286800256294356 ], [ -100.500531979868256, 21.286565739906997 ], [ -100.500036625154081, 21.286335278429863 ], [ -100.499755335461629, 21.286204408711718 ], [ -100.499533899609048, 21.286101385418259 ], [ -100.498731976812792, 21.285728286140142 ], [ -100.498449327827828, 21.285596780645378 ], [ -100.498279450015374, 21.285510173639768 ], [ -100.498163297969484, 21.285450956910605 ], [ -100.497924138908687, 21.285295205188596 ], [ -100.497453365467351, 21.284980858137313 ], [ -100.496784537528242, 21.284551829465382 ], [ -100.495927725856163, 21.284002208303441 ], [ -100.495774520182621, 21.283903930147428 ], [ -100.495316624301964, 21.283610198084766 ], [ -100.494443574517817, 21.283081406006431 ], [ -100.493750519571577, 21.282622015950345 ], [ -100.494044620598672, 21.281376765752107 ], [ -100.492989731749574, 21.281374084016232 ], [ -100.49265998723952, 21.281014822008522 ], [ -100.493089022450647, 21.279869506790952 ], [ -100.493724308908895, 21.278190165034733 ], [ -100.494285427954722, 21.278784061451624 ], [ -100.49471266431334, 21.279170934966469 ], [ -100.495410849948129, 21.279732619242743 ], [ -100.49580454434043, 21.279887571140875 ], [ -100.496091947848754, 21.280123781849667 ], [ -100.497477226612091, 21.281207075618426 ], [ -100.498515095618728, 21.28187615832384 ], [ -100.49886788302355, 21.282129678295355 ], [ -100.499013902264309, 21.282567930287072 ], [ -100.49905544747547, 21.282807196917329 ], [ -100.499214024477382, 21.283026822800274 ], [ -100.499224109815316, 21.282991037974586 ], [ -100.499454369547323, 21.282174025400568 ], [ -100.499612586834118, 21.281612630599454 ], [ -100.499733170331567, 21.281184767344143 ], [ -100.499901935816723, 21.28058593739998 ], [ -100.500613261879636, 21.278061892958089 ], [ -100.500864051826468, 21.278050948356647 ], [ -100.501256085708462, 21.278033839048117 ], [ -100.501577497469654, 21.278019811178076 ], [ -100.501898909128684, 21.278005782697978 ], [ -100.503017607220059, 21.280272950196018 ], [ -100.50571311593221, 21.280188819873583 ], [ -100.50613382145734, 21.281739691482272 ], [ -100.508051294715003, 21.281924141937115 ], [ -100.508845085046175, 21.282011101523164 ], [ -100.509196202621609, 21.282509964884618 ], [ -100.509257537804359, 21.282846748747694 ], [ -100.509347076949993, 21.283338393720413 ], [ -100.509558093363438, 21.284445491138143 ], [ -100.509862736846955, 21.284931241482553 ], [ -100.510221525200876, 21.285450460341899 ], [ -100.510567651865884, 21.285980667150643 ], [ -100.510878222191579, 21.286492131448348 ], [ -100.51090686841971, 21.286539307410951 ], [ -100.510917212302488, 21.28655634219686 ], [ -100.51096197725586, 21.286630063141967 ], [ -100.510995093185841, 21.286684599890851 ], [ -100.511184824604683, 21.286997056850161 ], [ -100.511362362151289, 21.287289430985734 ], [ -100.51161054298467, 21.287698140184773 ], [ -100.511768063572887, 21.287957546805917 ], [ -100.5121826791827, 21.288640334895174 ], [ -100.51245133393725, 21.289082750773368 ], [ -100.51259722026461, 21.289322992405641 ], [ -100.512743107084134, 21.289563233876709 ], [ -100.512796506596914, 21.289651170142076 ], [ -100.512198268662516, 21.290035724330298 ], [ -100.51178728823615, 21.28976067291169 ], [ -100.511599941759386, 21.289600507218637 ], [ -100.511218405609796, 21.289331915004528 ], [ -100.510860209451863, 21.289619645064175 ], [ -100.510555735491593, 21.289836735154907 ], [ -100.510506527409646, 21.289871820434623 ], [ -100.510251769323801, 21.29023215645968 ], [ -100.509997010029096, 21.290592492158023 ], [ -100.509111495344285, 21.29016831775829 ], [ -100.508795077457663, 21.289995923737987 ], [ -100.508647076942538, 21.289915288234411 ], [ -100.508416265220532, 21.289789534036892 ], [ -100.508220424809807, 21.28968641974231 ], [ -100.50792337831065, 21.28953167622614 ], [ -100.507357685372554, 21.289236981511639 ], [ -100.507053514135094, 21.289064772282277 ], [ -100.506945208820213, 21.289073490081815 ], [ -100.506179857403268, 21.289135093365996 ], [ -100.505590196301469, 21.289126319737964 ], [ -100.505341106383668, 21.288924120058805 ] ] ] ] } },
{ "type": "Feature", "properties": { "ID": 25, "ENTIDAD": 11, "MUNICIPIO": 33, "NOMBRE": "SAN LUIS DE LA PAZ", "CONTROL": 46, "GEOMETRY1_": null, "ID_2": 2522, "ENTIDAD_2": 11, "DISTRITO_F": 1, "DISTRITO_L": 2, "MUNICIPIO_2": 33, "SECCION": 2563, "TIPO": 4, "CONTROL_2": 3485, "GEOMETRY1__2": null }, "geometry": { "type": "MultiPolygon", "coordinates": [ [ [ [ -100.46277931219835, 21.554311625919023 ], [ -100.461661853088515, 21.554495077926937 ], [ -100.460424811652956, 21.55459768772478 ], [ -100.45942289670937, 21.554655139847984 ], [ -100.458252485633651, 21.555149745795479 ], [ -100.457082066196108, 21.555644343940301 ], [ -100.456203743142879, 21.555989434880633 ], [ -100.455854665808033, 21.556243289452286 ], [ -100.455505587239088, 21.556497143353347 ], [ -100.455395663986977, 21.556912673883115 ], [ -100.455409341902623, 21.557615863346875 ], [ -100.455308268101874, 21.558486398735784 ], [ -100.455565130529507, 21.55955808523203 ], [ -100.455875349771304, 21.560339277512316 ], [ -100.455141833816299, 21.560969084073317 ], [ -100.454598572652841, 21.561435529930165 ], [ -100.454512777497513, 21.563091982324096 ], [ -100.454350295772869, 21.563839369518924 ], [ -100.45431061484723, 21.564833051853448 ], [ -100.455603518424624, 21.564564081218052 ], [ -100.456177881438066, 21.565572270545694 ], [ -100.456397730310456, 21.56595817055792 ], [ -100.456825946866616, 21.566737468653322 ], [ -100.457306714151386, 21.567184907642304 ], [ -100.457638401221672, 21.567551981763835 ], [ -100.457970089980066, 21.567919055114928 ], [ -100.458156724444848, 21.568412584787339 ], [ -100.458342554574884, 21.568864750185494 ], [ -100.458824945355587, 21.569394911934342 ], [ -100.459306533690224, 21.569883708115146 ], [ -100.459965095091661, 21.570369662590938 ], [ -100.46019406751499, 21.570912885943518 ], [ -100.460398182613517, 21.571397132771502 ], [ -100.460707650030756, 21.572136948196292 ], [ -100.461075305152377, 21.57283445174491 ], [ -100.461623971146778, 21.573735931515987 ], [ -100.462230828839949, 21.574595097525471 ], [ -100.462686699888422, 21.575093123049268 ], [ -100.463014669594386, 21.575451417146223 ], [ -100.463555284623283, 21.575939250822977 ], [ -100.464093480757029, 21.576302991090483 ], [ -100.465116543127621, 21.577320961091488 ], [ -100.465659596046763, 21.577932878346964 ], [ -100.466321447885363, 21.578584258985131 ], [ -100.467220087373548, 21.579273202495379 ], [ -100.467405961015984, 21.579725354834871 ], [ -100.467598304618775, 21.580508416586436 ], [ -100.46790621269254, 21.581165487276365 ], [ -100.468156746944473, 21.581906234479757 ], [ -100.46845980751155, 21.58231512161171 ], [ -100.468821055499319, 21.582681694261893 ], [ -100.469183114421966, 21.58308962967568 ], [ -100.469372236351234, 21.583707233639448 ], [ -100.469385183322871, 21.584369052156127 ], [ -100.469455507736669, 21.584947192896703 ], [ -100.469522595813118, 21.585359878948807 ], [ -100.469765053321112, 21.585686986087001 ], [ -100.470008321355593, 21.586055456431559 ], [ -100.470426959961543, 21.586338346775843 ], [ -100.470844790498518, 21.58657987235199 ], [ -100.471265051746869, 21.586945487603209 ], [ -100.4716845051787, 21.587269738065427 ], [ -100.47180138474657, 21.587672078535793 ], [ -100.471859824797832, 21.587873248719347 ], [ -100.471918265027369, 21.588074418868519 ], [ -100.472703852472776, 21.588810797350646 ], [ -100.473529912612364, 21.589349900178718 ], [ -100.475241081672351, 21.589972699942596 ], [ -100.476598232274981, 21.590305295960896 ], [ -100.47795538976338, 21.590596475885071 ], [ -100.479076522187952, 21.59088741288048 ], [ -100.480315674405915, 21.591137052441304 ], [ -100.481259791478507, 21.591469206283438 ], [ -100.481849865116359, 21.591966631712033 ], [ -100.483089031883182, 21.592754509155704 ], [ -100.483679116847995, 21.593251927367302 ], [ -100.484033172687745, 21.59383192807362 ], [ -100.484977318307756, 21.594371081868111 ], [ -100.485567420667323, 21.595075515115351 ], [ -100.485685469714412, 21.596441974909357 ], [ -100.485508465696682, 21.597559730099881 ], [ -100.484800357814578, 21.598262939417978 ], [ -100.484210260875543, 21.598717830828718 ], [ -100.483384116299518, 21.599048282083352 ], [ -100.482439946279115, 21.599461425491807 ], [ -100.481495770974504, 21.599791754713316 ], [ -100.480079501702292, 21.600121620618307 ], [ -100.479666413143903, 21.600742287362515 ], [ -100.478604170265541, 21.602314623801224 ], [ -100.478073049205207, 21.602769553077746 ], [ -100.477659957033453, 21.602976169531754 ], [ -100.476892785866596, 21.603265244125481 ], [ -100.476243644794309, 21.603347409539804 ], [ -100.47571252631225, 21.603471094797737 ], [ -100.475240400691163, 21.604008883807754 ], [ -100.47423717315003, 21.604173496659907 ], [ -100.473292958427862, 21.604296758596352 ], [ -100.472466757316852, 21.604585753945145 ], [ -100.471522514415838, 21.605040243615196 ], [ -100.471168382970419, 21.605743761414217 ], [ -100.470755209451738, 21.60677845567217 ], [ -100.470578063464302, 21.608144629042407 ], [ -100.470282865430136, 21.609759109150623 ], [ -100.469515564537218, 21.611000460431949 ], [ -100.469338446869386, 21.611849074078535 ], [ -100.469161327442137, 21.612697687569675 ], [ -100.468630139066263, 21.613152589964095 ], [ -100.467626808062093, 21.613648404481797 ], [ -100.46685950600731, 21.614475698165769 ], [ -100.46632825328247, 21.615427450624363 ], [ -100.465737967080912, 21.616461949073308 ], [ -100.465147735959647, 21.616916779452207 ], [ -100.464675524236668, 21.61749594704829 ], [ -100.464203318340822, 21.617992303979033 ], [ -100.463317931155217, 21.618860862883352 ], [ -100.462786702008614, 21.619315748582295 ], [ -100.462196396960294, 21.620184617217454 ], [ -100.461606123212349, 21.620763650631424 ], [ -100.461310929289212, 21.62146721443008 ], [ -100.461015760684944, 21.621963753906858 ], [ -100.460602531647524, 21.622584379824577 ], [ -100.460366281567175, 21.623784863407451 ], [ -100.459953015689862, 21.624612511952552 ], [ -100.45989384756291, 21.625647567586089 ], [ -100.460247858895741, 21.62651745106254 ], [ -100.459369028304437, 21.627561882848369 ], [ -100.459208135815189, 21.62839199904122 ], [ -100.459208135818159, 21.628391999045498 ], [ -100.459208135805639, 21.628391999110132 ], [ -100.460544395991349, 21.630315232474636 ], [ -100.460681004490183, 21.631264698629707 ], [ -100.460646225261485, 21.632506554836485 ], [ -100.460838621118896, 21.633289617714858 ], [ -100.460159515368531, 21.634790087246309 ], [ -100.46064780210385, 21.635609772021311 ], [ -100.461136094556792, 21.636429454973182 ], [ -100.460849091357176, 21.636847833612432 ], [ -100.459972723939913, 21.637317058994427 ], [ -100.459806173406491, 21.637857630245374 ], [ -100.458819028734965, 21.638701018764593 ], [ -100.457320080402212, 21.64054565597737 ], [ -100.456974846793258, 21.641006339803617 ], [ -100.45621486540675, 21.641390925359303 ], [ -100.456049103719067, 21.641972857270289 ], [ -100.456117804452219, 21.642468273925246 ], [ -100.456650591742104, 21.642542477292672 ], [ -100.457298996614171, 21.642490693278482 ], [ -100.45768540301917, 21.64413955228602 ], [ -100.457577857751588, 21.644679174168399 ], [ -100.456767716923906, 21.645519710281565 ], [ -100.456129787897254, 21.646109219995996 ], [ -100.4559951631758, 21.646814195029645 ], [ -100.455862116652838, 21.647520318198438 ], [ -100.455934048165247, 21.648181188938047 ], [ -100.45665441378685, 21.648790276511633 ], [ -100.457083711411556, 21.649610916243429 ], [ -100.456567040131915, 21.650363987534689 ], [ -100.455753635845085, 21.651039065871203 ], [ -100.455072791406209, 21.652456791892423 ], [ -100.454322425030696, 21.653337735276505 ], [ -100.453513025546158, 21.65421962204227 ], [ -100.452996320139817, 21.654972683768921 ], [ -100.453064213271816, 21.655426737543262 ], [ -100.453663330112207, 21.655872274173849 ], [ -100.453211289556378, 21.65691393558189 ], [ -100.452578941221873, 21.657792979866763 ], [ -100.452422823903277, 21.658871272440965 ], [ -100.45267989013135, 21.659942942131021 ], [ -100.452638601058567, 21.660853887832872 ], [ -100.451230820657628, 21.661331590254711 ], [ -100.450887133228406, 21.661874991431731 ], [ -100.449416281992953, 21.662146806535734 ], [ -100.449161932641118, 21.662730150603892 ], [ -100.44890758136745, 21.66331349435638 ], [ -100.449218828116997, 21.664136042908325 ], [ -100.449885861394336, 21.665035646490853 ], [ -100.450544039569209, 21.665480246894504 ], [ -100.450970941326531, 21.666176809147004 ], [ -100.451278176639562, 21.666792534511096 ], [ -100.450581912186593, 21.66742433736411 ], [ -100.449999672979089, 21.667847428653971 ], [ -100.449544351358199, 21.668723627629362 ], [ -100.44896049310033, 21.669063988379545 ], [ -100.448384684554, 21.669817983774276 ], [ -100.447516935547796, 21.670742155281292 ], [ -100.446288549398389, 21.671341078663801 ], [ -100.445472569171542, 21.671892023073365 ], [ -100.445303518871725, 21.672308491705653 ], [ -100.446913472603882, 21.673110273936324 ], [ -100.447399414579934, 21.673805900028057 ], [ -100.447362924359993, 21.674965026909465 ], [ -100.446488700890896, 21.675558285279507 ], [ -100.445675112672532, 21.676233322712015 ], [ -100.444632621643393, 21.677284404734177 ], [ -100.443937887321454, 21.677998910737539 ], [ -100.443119449651178, 21.678425754570029 ], [ -100.442475699015887, 21.678725674579177 ], [ -100.441762464447351, 21.678488806273162 ], [ -100.441460061359606, 21.678121245795623 ], [ -100.440613501647093, 21.677100345745977 ], [ -100.440015133083278, 21.676696129534808 ], [ -100.439302714894879, 21.676500613626043 ], [ -100.439302714894879, 21.676500613626047 ], [ -100.439302714894865, 21.676500613626043 ], [ -100.438957343343205, 21.676961265977287 ], [ -100.439332420361751, 21.678031074369731 ], [ -100.43845653836101, 21.678541565412988 ], [ -100.437932450600641, 21.678922312851018 ], [ -100.437591081275912, 21.679589781917585 ], [ -100.436949719536358, 21.680013772861471 ], [ -100.43607381680188, 21.68052425232672 ], [ -100.435617571696071, 21.681359054779719 ], [ -100.435340033317914, 21.682273762461296 ], [ -100.434456896896592, 21.68241195946662 ], [ -100.434032423405526, 21.681839445959469 ], [ -100.433886302685821, 21.680393589656948 ], [ -100.43381204175229, 21.679608615448505 ], [ -100.433736179299387, 21.678740913268825 ], [ -100.433546255540875, 21.678081910109167 ], [ -100.433245475524913, 21.677797061291365 ], [ -100.432012161014967, 21.678147701357574 ], [ -100.431073212745702, 21.678452274290436 ], [ -100.429890919346789, 21.678388320373351 ], [ -100.429056434734292, 21.677987817097705 ], [ -100.428097488570771, 21.677258272803854 ], [ -100.427315653818013, 21.676525909866832 ], [ -100.426359123289473, 21.675920446605758 ], [ -100.425822226807327, 21.675639331764639 ], [ -100.425341170593839, 21.67519182186307 ], [ -100.42498776846378, 21.675238806409272 ], [ -100.42457852694227, 21.67545218322098 ], [ -100.424111847432428, 21.67574922371665 ], [ -100.423643569261799, 21.675963534730403 ], [ -100.422762850176184, 21.676225760507617 ], [ -100.42206481532294, 21.676774724000307 ], [ -100.421358000134774, 21.676868678911031 ], [ -100.420250702132321, 21.677631003672314 ], [ -100.419966691920948, 21.678214777398029 ], [ -100.419863771526693, 21.679002566985702 ], [ -100.419751282369759, 21.679293986186082 ], [ -100.419549442392665, 21.679545443412728 ], [ -100.419347601726855, 21.679796900424584 ], [ -100.418732586796523, 21.680377116919551 ], [ -100.417138349620387, 21.680416426185428 ], [ -100.41642972050056, 21.680622515746482 ], [ -100.415366465393689, 21.681656235795263 ], [ -100.414362455299553, 21.682193165935644 ], [ -100.413181534915054, 21.682191584555678 ], [ -100.411646523801778, 21.681775463541303 ], [ -100.410052532182362, 21.681235031543075 ], [ -100.408576564630081, 21.680860366763579 ], [ -100.406982473080703, 21.680568336100134 ], [ -100.405093365132714, 21.679861825271306 ], [ -100.402909112919161, 21.679030660882233 ], [ -100.401019933925951, 21.678531128604202 ], [ -100.399898302841351, 21.678115480083296 ], [ -100.398068188736573, 21.677615997032188 ], [ -100.396828391728491, 21.677365779345841 ], [ -100.394289457121985, 21.677403501536254 ], [ -100.392636162849527, 21.677483893350491 ], [ -100.391100758508003, 21.677895688093205 ], [ -100.390273859197336, 21.678349926435985 ], [ -100.389505499925747, 21.679632360999506 ], [ -100.389091529095793, 21.680708292156286 ], [ -100.387378991770632, 21.681036979635483 ], [ -100.386257426128253, 21.680538426618895 ], [ -100.385254430869537, 21.679294741980829 ], [ -100.384664715013514, 21.678134488744174 ], [ -100.384074743284529, 21.677388289816001 ], [ -100.383248385578597, 21.676972974104007 ], [ -100.382244275937609, 21.677509714742978 ], [ -100.381712573210692, 21.677964363454059 ], [ -100.38118056598087, 21.678874473782781 ], [ -100.380589781870995, 21.679370434265888 ], [ -100.379822050551169, 21.679576278995846 ], [ -100.379172352535917, 21.679865114740601 ], [ -100.379408145736789, 21.680445160996086 ], [ -100.379584700146324, 21.681314955800591 ], [ -100.379289189508285, 21.681728556802568 ], [ -100.378403266015823, 21.682058430222789 ], [ -100.377871308630617, 21.682844314079901 ], [ -100.377398393006146, 21.683630288463473 ], [ -100.376689310150184, 21.684374487181671 ], [ -100.375862555906068, 21.684497411335236 ], [ -100.375153489775343, 21.685200198249841 ], [ -100.375034494310327, 21.686483592485231 ], [ -100.374797660625916, 21.687394148788613 ], [ -100.374206878733901, 21.687807277421143 ], [ -100.373616210924894, 21.688054780867784 ], [ -100.373202335246901, 21.688799432319943 ], [ -100.372694865965329, 21.68913552405488 ], [ -100.37162586374545, 21.688821130668209 ], [ -100.371029189214795, 21.688499388594984 ], [ -100.370489207146193, 21.688052631248183 ], [ -100.370130265416577, 21.687809945455896 ], [ -100.369711501557546, 21.687526810961117 ], [ -100.369469859165719, 21.687240923823403 ], [ -100.368408705445745, 21.687340160291615 ], [ -100.3675223223117, 21.687312545023367 ], [ -100.366991744381821, 21.687362157913395 ], [ -100.366463512903607, 21.687535864779687 ], [ -100.365878586265254, 21.687834581647842 ], [ -100.365470778406788, 21.688130549289706 ], [ -100.364941760177047, 21.688262886292826 ], [ -100.364122228022879, 21.688647990049912 ], [ -100.363419991555261, 21.688989894576622 ], [ -100.362773667457319, 21.68916542031404 ], [ -100.362007697482113, 21.689260042229602 ], [ -100.361300767336061, 21.689353746334856 ], [ -100.360594616774691, 21.689488812795858 ], [ -100.360004205562092, 21.6894979525973 ], [ -100.359994839547554, 21.689001568563281 ], [ -100.359581552993191, 21.689007965078861 ], [ -100.358819481693757, 21.689309399112283 ], [ -100.358356513390618, 21.689813090440385 ], [ -100.357895881672192, 21.690440876728445 ], [ -100.357435246045924, 21.691068661898136 ], [ -100.357269817037476, 21.691691881468579 ], [ -100.356934276956039, 21.692690127932714 ], [ -100.35676728498629, 21.693230616335637 ], [ -100.35636256087362, 21.693692024681351 ], [ -100.355784601834301, 21.69436299661972 ], [ -100.355205858241007, 21.69499260136811 ], [ -100.354752209546632, 21.695992668733556 ], [ -100.354461664357956, 21.696245421643937 ], [ -100.353872781754049, 21.696337271887746 ], [ -100.352798308885738, 21.695733199936598 ], [ -100.35208277685328, 21.695371846610954 ], [ -100.351480666306429, 21.694760475276112 ], [ -100.350765142176513, 21.694399115802447 ], [ -100.349876380323707, 21.694247311776447 ], [ -100.349571831982246, 21.693755477188695 ], [ -100.348982177820957, 21.693805944196818 ], [ -100.34808642617827, 21.693281840393709 ], [ -100.347548045785018, 21.692917736940256 ], [ -100.347248946715126, 21.692715456421219 ], [ -100.34741442035218, 21.692092244631176 ], [ -100.347224862122189, 21.691433123729666 ], [ -100.346921882598608, 21.691024014502606 ], [ -100.34627319587355, 21.691075380608666 ], [ -100.345977985096596, 21.691079925461839 ], [ -100.345730945919883, 21.69050444247701 ], [ -100.345015456329605, 21.690143056180208 ], [ -100.34482901664768, 21.689649394211855 ], [ -100.344525271577766, 21.689198914341688 ], [ -100.344045956539745, 21.688833889731967 ], [ -100.343511481631396, 21.688676599896688 ], [ -100.34285814979647, 21.688479758153864 ], [ -100.342262309888767, 21.688199274839317 ], [ -100.341730164748697, 21.688166076116342 ], [ -100.341773700444264, 21.687337854786172 ], [ -100.341584950194118, 21.686720091133516 ], [ -100.341447490610292, 21.685687762797773 ], [ -100.341382637215091, 21.685378427098204 ], [ -100.341317784134219, 21.685069091347824 ], [ -100.330528900726691, 21.686062064207405 ], [ -100.332016063699726, 21.683473884991137 ], [ -100.332127963234043, 21.683141150101402 ], [ -100.331708509728415, 21.682816549029507 ], [ -100.332113287577172, 21.682355197796603 ], [ -100.332282680150058, 21.68193882718203 ], [ -100.332094750489077, 21.681362415820896 ], [ -100.332033394867949, 21.681239221828154 ], [ -100.332966422044194, 21.680604270538943 ], [ -100.333728509422258, 21.680302954594275 ], [ -100.334251349804788, 21.679839789999537 ], [ -100.335476452824182, 21.679034839209187 ], [ -100.33582217093398, 21.678574384785581 ], [ -100.33599232224995, 21.678199376829419 ], [ -100.336105755997281, 21.677949371444345 ], [ -100.336157832069048, 21.677576173574412 ], [ -100.336213001725199, 21.677368439125452 ], [ -100.336089514137441, 21.677080688363503 ], [ -100.336026610455519, 21.676874764136791 ], [ -100.336079459903402, 21.676542932120508 ], [ -100.336188251855887, 21.676044731504742 ], [ -100.336303230675313, 21.675877457757508 ], [ -100.336292402565263, 21.67529833561948 ], [ -100.336225632505844, 21.674885582044581 ], [ -100.336101373940053, 21.674556465225205 ], [ -100.33615576941439, 21.674307364900038 ], [ -100.336092093729945, 21.674060074695852 ], [ -100.336146489084143, 21.673810974367974 ], [ -100.336850272392411, 21.673551916923579 ], [ -100.33749347043593, 21.673211030443714 ], [ -100.338076082628092, 21.672788315657137 ], [ -100.338536751879488, 21.672160581581387 ], [ -100.338515854318416, 21.671043703782324 ], [ -100.339806863063558, 21.670610111853502 ], [ -100.340567333972416, 21.670226035932249 ], [ -100.341150699773493, 21.669844677083585 ], [ -100.341556962006109, 21.669466037102669 ], [ -100.3421348973786, 21.668795114514605 ], [ -100.342419212952166, 21.668211457834396 ], [ -100.342464295450029, 21.66746596647608 ], [ -100.342507052681484, 21.666596377686091 ], [ -100.342847294611389, 21.665846350086031 ], [ -100.343126951247115, 21.665014497698277 ], [ -100.343326197510038, 21.66461834684188 ], [ -100.343525442734091, 21.664222195784024 ], [ -100.343026064125056, 21.662781652040536 ], [ -100.342337983162835, 21.660723339783456 ], [ -100.342205202435963, 21.659939202934599 ], [ -100.342428923464453, 21.659273721778025 ], [ -100.343004491872051, 21.658478700178605 ], [ -100.343342389458002, 21.657604574491742 ], [ -100.343215032164068, 21.657109999093755 ], [ -100.34279175986822, 21.656578593275324 ], [ -100.342253533526815, 21.656214463355049 ], [ -100.341542872988825, 21.656101246638155 ], [ -100.340714931602861, 21.65603120537228 ], [ -100.340005820901951, 21.656000713750149 ], [ -100.339475342296353, 21.656050233370994 ], [ -100.338997701166207, 21.655767918292764 ], [ -100.33846026035782, 21.655445141320502 ], [ -100.33910260266201, 21.655062886278237 ], [ -100.339563215510978, 21.654435151170699 ], [ -100.339964797301462, 21.653808320957012 ], [ -100.340152184759944, 21.653567522386499 ], [ -100.340245878260106, 21.653447123031388 ], [ -100.340339571607529, 21.653326723629714 ], [ -100.340526957844205, 21.653085924686653 ], [ -100.340714343470012, 21.652845125557342 ], [ -100.342157478810222, 21.651085096067391 ], [ -100.341703167367768, 21.650471407568681 ], [ -100.34124885984761, 21.649857717584695 ], [ -100.341524628709337, 21.648819037934626 ], [ -100.341745241252823, 21.647988093940231 ], [ -100.341794973337031, 21.647490796576111 ], [ -100.341840833271235, 21.646786669651423 ], [ -100.342126661043309, 21.646285745941 ], [ -100.34235268858113, 21.645744362602095 ], [ -100.342461441870199, 21.645246158372284 ], [ -100.342272754088867, 21.644628389783364 ], [ -100.341963698759074, 21.643888336153548 ], [ -100.341592527082213, 21.642983724366754 ], [ -100.341517246264303, 21.642115946071325 ], [ -100.341443514938007, 21.641330899493749 ], [ -100.341892463395638, 21.640082670563942 ], [ -100.342349922562505, 21.639289465945602 ], [ -100.342516144534997, 21.638707623133751 ], [ -100.342921546123065, 21.638287617177777 ], [ -100.343735441154195, 21.637613066271633 ], [ -100.344431288209421, 21.636940326229894 ], [ -100.345541818422433, 21.636343962534671 ], [ -100.346598748016007, 21.636038060932464 ], [ -100.347539185094831, 21.635816701201534 ], [ -100.347948443185501, 21.635603513248558 ], [ -100.349589307802475, 21.633124214185248 ], [ -100.350244774495437, 21.632133796011516 ], [ -100.347011050356684, 21.631947289274933 ], [ -100.346025660457215, 21.631817242999421 ], [ -100.343750402108554, 21.631516943663172 ], [ -100.339418103915577, 21.62964882614995 ], [ -100.333771497676125, 21.626497039051515 ], [ -100.331686574039367, 21.625385889836156 ], [ -100.326735662550874, 21.622747149485264 ], [ -100.324592464826679, 21.620941141988659 ], [ -100.323401342023843, 21.621162404837872 ], [ -100.322651141090361, 21.621301757405838 ], [ -100.321996605102498, 21.621022082220744 ], [ -100.321476996401785, 21.621650668325429 ], [ -100.319768642407155, 21.62184218982684 ], [ -100.318885723253246, 21.621979759486095 ], [ -100.317827291519677, 21.622202750087883 ], [ -100.316409399659506, 21.622141550806948 ], [ -100.315524941784759, 21.622196369795073 ], [ -100.315108771954471, 21.622037179816125 ], [ -100.314630523759092, 21.621713418878894 ], [ -100.313732282400508, 21.621023629933017 ], [ -100.312556583879768, 21.621289745637018 ], [ -100.311318805211926, 21.621391281927828 ], [ -100.311088101653979, 21.621684428805096 ], [ -100.310329321443888, 21.622151096228642 ], [ -100.309916980452556, 21.622198726172716 ], [ -100.309266284761719, 21.622125833127299 ], [ -100.308731326542357, 21.621927049013834 ], [ -100.307832345822675, 21.621195860171721 ], [ -100.307057514353602, 21.620793812380906 ], [ -100.305737813097195, 21.619655198901995 ], [ -100.305266462738956, 21.619703710184801 ], [ -100.305205158412548, 21.619580502918197 ], [ -100.305084076726672, 21.619416821797294 ], [ -100.305009796720299, 21.618590379625882 ], [ -100.30452929171679, 21.618142487496954 ], [ -100.304465699390306, 21.617895179563007 ], [ -100.304577621308795, 21.617562460045267 ], [ -100.304688779592695, 21.617188373695708 ], [ -100.304020559800747, 21.616164022839193 ], [ -100.303654277299287, 21.615507508559404 ], [ -100.303400683683265, 21.614559641201922 ], [ -100.303967918961035, 21.6133097139924 ], [ -100.30389593889123, 21.612607370679402 ], [ -100.304240089163841, 21.612064247743781 ], [ -100.304292233921345, 21.611691054033514 ], [ -100.304227119634774, 21.611361012044945 ], [ -100.303207156945589, 21.610466110379271 ], [ -100.303144333518247, 21.610260168269676 ], [ -100.303197243306428, 21.609928341549953 ], [ -100.303309925696468, 21.609636989571563 ], [ -100.303241764491517, 21.609141479611832 ], [ -100.302442507698544, 21.608218119903928 ], [ -100.302216488029245, 21.607957002548318 ], [ -100.302271686221275, 21.607749276560373 ], [ -100.300378439282369, 21.606816992654661 ], [ -100.299883929977199, 21.606135735959899 ], [ -100.298983798173396, 21.605609894412773 ], [ -100.29808027706629, 21.60470345084066 ], [ -100.297665145799087, 21.603793193256685 ], [ -100.29773483988987, 21.603073979142732 ], [ -100.297804533493121, 21.60235476497359 ], [ -100.297610012362782, 21.601405994288079 ], [ -100.29777485981829, 21.600741452787414 ], [ -100.297533507398569, 21.600455443477838 ], [ -100.299110572512234, 21.601574298238038 ], [ -100.300250103983274, 21.601565397265983 ], [ -100.301378743365888, 21.600338579772778 ], [ -100.30284929316818, 21.600936068916472 ], [ -100.304805493899835, 21.601225238635305 ], [ -100.30692995998497, 21.602122059326845 ], [ -100.308890290363365, 21.60286789411354 ], [ -100.312304781095378, 21.602384251687692 ], [ -100.315553702988979, 21.601597352065305 ], [ -100.317337492795559, 21.600821996317986 ], [ -100.319284049949459, 21.600045331759869 ], [ -100.321231967321395, 21.599420882816787 ], [ -100.32335372678557, 21.600013015592015 ], [ -100.324814650990234, 21.599544645889157 ], [ -100.326105843739796, 21.598316375586393 ], [ -100.327397014709931, 21.597088096200263 ], [ -100.329190411699543, 21.597378277815807 ], [ -100.331480522346311, 21.598577953882391 ], [ -100.333454862053628, 21.600845862049219 ], [ -100.335249710929773, 21.601288211736687 ], [ -100.340621693680831, 21.60124501568507 ], [ -100.347448875959245, 21.600124137958915 ], [ -100.356052371113705, 21.598776477422334 ], [ -100.354689054001597, 21.598466487465416 ], [ -100.353380086814198, 21.597907380838009 ], [ -100.352672037382931, 21.597918294429633 ], [ -100.352079667359135, 21.597803288915046 ], [ -100.351542421992804, 21.597480542460676 ], [ -100.3506783527679, 21.595466331798431 ], [ -100.350204775930024, 21.595390867775897 ], [ -100.349721893825091, 21.594819010151095 ], [ -100.349241341520667, 21.594371248986281 ], [ -100.348703339868038, 21.594007126205739 ], [ -100.34816766585854, 21.593767099699075 ], [ -100.34763199353705, 21.593527071369255 ], [ -100.347220525514203, 21.593616155247094 ], [ -100.34638674490057, 21.593215194741006 ], [ -100.346260221215786, 21.59276198166345 ], [ -100.346195798077105, 21.592473325913211 ], [ -100.346012596893331, 21.59214511777316 ], [ -100.345889947038287, 21.591898734797141 ], [ -100.345647745573146, 21.591571432954218 ], [ -100.345409416041775, 21.591450961299245 ], [ -100.344938950368103, 21.591540945946139 ], [ -100.344583391909254, 21.59146365209849 ], [ -100.344403291165719, 21.591300906458301 ], [ -100.344462292841285, 21.591300000175611 ], [ -100.344338872485679, 21.591012249715249 ], [ -100.344390135400431, 21.590597682017986 ], [ -100.344561722232243, 21.590305400165406 ], [ -100.345077252767467, 21.589469919838443 ], [ -100.345543066771896, 21.589131738350904 ], [ -100.345654874841145, 21.588798996014042 ], [ -100.345823360278089, 21.588341248522692 ], [ -100.345994941753531, 21.588048965402496 ], [ -100.346345071838272, 21.587836693813003 ], [ -100.346933524909872, 21.58774489167217 ], [ -100.347161005202892, 21.587286235947456 ], [ -100.34833867960576, 21.587143990212322 ], [ -100.34886812839359, 21.587053089001223 ], [ -100.349163902677745, 21.587089915987086 ], [ -100.349818328083813, 21.587369490551811 ], [ -100.349937878679043, 21.587450406402144 ], [ -100.350053552420547, 21.587324491900755 ], [ -100.350110226104633, 21.587199485545703 ], [ -100.350047349305058, 21.586993563475776 ], [ -100.349687148359891, 21.586668083692963 ], [ -100.348487781671096, 21.585652088244021 ], [ -100.348486231848639, 21.585569356061193 ], [ -100.348542906316681, 21.585444350179777 ], [ -100.349365019039851, 21.585224811132967 ], [ -100.351169944361331, 21.583914308751044 ], [ -100.352863825691657, 21.582977900686686 ], [ -100.35338859836439, 21.582638789910906 ], [ -100.354150136059474, 21.582337405619615 ], [ -100.354971444740883, 21.582076474171863 ], [ -100.35561808823681, 21.581942366959208 ], [ -100.356089291833314, 21.581893719947466 ], [ -100.356270169664512, 21.582097819004421 ], [ -100.358258980640301, 21.581156807090743 ], [ -100.356852306233947, 21.578530332524583 ], [ -100.359916992198109, 21.578317499228561 ], [ -100.360917589011635, 21.578177903168612 ], [ -100.361565765462174, 21.578126505741928 ], [ -100.362269043876097, 21.577867364196813 ], [ -100.362618345854031, 21.577613694788464 ], [ -100.362907872253601, 21.57731957139416 ], [ -100.36313606547904, 21.57690226261613 ], [ -100.363473679244223, 21.576028103871369 ], [ -100.363809731181505, 21.575071212874544 ], [ -100.364210227048318, 21.574402969309855 ], [ -100.364671271856409, 21.573816543526441 ], [ -100.365189748063713, 21.573146471722879 ], [ -100.365593350533246, 21.572643688596461 ], [ -100.366232143917372, 21.572095884570665 ], [ -100.367280764168498, 21.571376217938084 ], [ -100.366376377670989, 21.570355779460389 ], [ -100.365663010280869, 21.570077180448838 ], [ -100.36528801353893, 21.568965782370796 ], [ -100.364632867770297, 21.5686448993727 ], [ -100.364207460261838, 21.567989435603408 ], [ -100.363728517054327, 21.567624444318952 ], [ -100.363307788941398, 21.567217173170356 ], [ -100.363001152660075, 21.566601246649689 ], [ -100.362755067066047, 21.566067138983989 ], [ -100.36268906959431, 21.565695757978194 ], [ -100.362740275338723, 21.565281186602039 ], [ -100.362734825859434, 21.564991625177644 ], [ -100.362553183631618, 21.564746166172593 ], [ -100.362374655553751, 21.564666170641285 ], [ -100.36202149136767, 21.56471300864423 ], [ -100.361022543712409, 21.564935338547091 ], [ -100.359709976161966, 21.564169435111705 ], [ -100.358889553781736, 21.564471750739397 ], [ -100.358350867543621, 21.564066287345771 ], [ -100.357344924828283, 21.563916301055912 ], [ -100.357104302625899, 21.563671745794146 ], [ -100.356862127650245, 21.563344458051901 ], [ -100.356734826590511, 21.562849885654163 ], [ -100.356670399700292, 21.562561233341587 ], [ -100.356722398833497, 21.562188028873621 ], [ -100.356837270920735, 21.562020744593323 ], [ -100.35706934476616, 21.561810273964888 ], [ -100.357420173457811, 21.561639348612829 ], [ -100.357832321608797, 21.561591610270451 ], [ -100.358832807282155, 21.56145203238713 ], [ -100.359125421107535, 21.561323380338983 ], [ -100.359474691026961, 21.561069718830701 ], [ -100.360339305643919, 21.559980536214258 ], [ -100.360964065868657, 21.558688165710095 ], [ -100.361191460950096, 21.558229493946477 ], [ -100.361538385939085, 21.557851730659447 ], [ -100.362584598084695, 21.557007998673509 ], [ -100.363515938220559, 21.556331549099184 ], [ -100.363980826357164, 21.555951956570393 ], [ -100.364449605902919, 21.555779192517985 ], [ -100.364802747529993, 21.555732350500325 ], [ -100.36545238046385, 21.555763674973694 ], [ -100.366083312067687, 21.554802215248007 ], [ -100.370327657242512, 21.551467597299574 ], [ -100.37050227061772, 21.551340755880268 ], [ -100.37073820978145, 21.551337097051025 ], [ -100.371393287459497, 21.551657960089564 ], [ -100.371688211926553, 21.551653384891605 ], [ -100.372336264663602, 21.551601951824477 ], [ -100.372451110580883, 21.551434657958598 ], [ -100.372387440268824, 21.551187378514111 ], [ -100.371670255419602, 21.550701971188545 ], [ -100.371255802666255, 21.550625644484935 ], [ -100.371016742644827, 21.550463840667835 ], [ -100.370776122261205, 21.550219304805442 ], [ -100.37112300341407, 21.549841523529444 ], [ -100.371590973422883, 21.549627374925972 ], [ -100.374358533983752, 21.549336151637473 ], [ -100.375080410003065, 21.550069741867198 ], [ -100.375969081641074, 21.550262824331359 ], [ -100.3765155809145, 21.551081888713835 ], [ -100.377398001536577, 21.550944037469325 ], [ -100.378106597243757, 21.550974396509595 ], [ -100.378815193062906, 21.551004752521116 ], [ -100.379022812741979, 21.551063589303599 ], [ -100.379230432574232, 21.551122425818072 ], [ -100.379774603943687, 21.551817381327528 ], [ -100.379494556384387, 21.55260791825647 ], [ -100.381438711631489, 21.552453520273367 ], [ -100.381489077827439, 21.551997579956204 ], [ -100.382021507874128, 21.552072043237079 ], [ -100.382614490824778, 21.552228317015281 ], [ -100.383211394999321, 21.552591416503581 ], [ -100.383632915122689, 21.553040002936712 ], [ -100.385064248514055, 21.553845243378959 ], [ -100.385486562611291, 21.554335190084149 ], [ -100.385970219907193, 21.554948311873002 ], [ -100.386161305801039, 21.555690130232968 ], [ -100.386343758985944, 21.555976927740932 ], [ -100.386524642833024, 21.556180994014788 ], [ -100.386821929700304, 21.556300488037042 ], [ -100.387177418184166, 21.556377695360247 ], [ -100.388015794633887, 21.557026651304032 ], [ -100.388490044251881, 21.55714337913469 ], [ -100.38890530787863, 21.557261026884497 ], [ -100.389085411051127, 21.557423724633271 ], [ -100.389266300471888, 21.557627787594008 ], [ -100.389700429580799, 21.55873820336835 ], [ -100.39081882801689, 21.558596592749467 ], [ -100.39142206979767, 21.559290583128718 ], [ -100.392555419665769, 21.559934902587987 ], [ -100.393996314819404, 21.561236443287545 ], [ -100.395366431771791, 21.561918414369277 ], [ -100.395605536234328, 21.562080180581781 ], [ -100.396726316119796, 21.562062625082117 ], [ -100.397252482335659, 21.561806115194688 ], [ -100.397553730057254, 21.562132415120271 ], [ -100.397856555926765, 21.562541444885152 ], [ -100.398166479992838, 21.563322761015094 ], [ -100.40028849959441, 21.563206727629897 ], [ -100.40258905959486, 21.563170618956367 ], [ -100.403821500607492, 21.562820241791876 ], [ -100.405067372727189, 21.563173062314167 ], [ -100.406005655190256, 21.562868669819711 ], [ -100.4066576917145, 21.563023926586325 ], [ -100.407539354440416, 21.562844548497356 ], [ -100.408540574187839, 21.562746039207013 ], [ -100.409179154918959, 21.562198080829209 ], [ -100.408515249075108, 21.561422358504501 ], [ -100.409140368080799, 21.560171195153575 ], [ -100.409955896848288, 21.559620448747754 ], [ -100.410714016466756, 21.559153357700421 ], [ -100.411533494270856, 21.558809429052822 ], [ -100.412062789469715, 21.55871833422594 ], [ -100.412415124223671, 21.558630026785941 ], [ -100.412768251037946, 21.558583083577464 ], [ -100.413173230312808, 21.558162925204673 ], [ -100.413284069039761, 21.557788780833874 ], [ -100.413568694461276, 21.557246386634048 ], [ -100.413611825799165, 21.556418157683275 ], [ -100.41328202274002, 21.554602749330829 ], [ -100.413689368190475, 21.554306685072348 ], [ -100.414151732533981, 21.553802864998328 ], [ -100.414551144803667, 21.553093149355639 ], [ -100.414837343258782, 21.552633483339271 ], [ -100.415063763058399, 21.552133382416933 ], [ -100.415287009064244, 21.551467821486931 ], [ -100.420305205774881, 21.54878899132553 ], [ -100.420718441567672, 21.548568385586943 ], [ -100.421910009786586, 21.549170206472169 ], [ -100.422438466780093, 21.5490377160483 ], [ -100.422565972659143, 21.549532227680302 ], [ -100.423636408525709, 21.549970442227472 ], [ -100.424164070903828, 21.549796581500992 ], [ -100.424345792528399, 21.550041969166607 ], [ -100.424176004378367, 21.550417052987257 ], [ -100.42525281822995, 21.551186174436253 ], [ -100.425485567123374, 21.551016979244963 ], [ -100.42577650246939, 21.550805484835905 ], [ -100.425948675022553, 21.550554493785981 ], [ -100.426061864190899, 21.550304436882744 ], [ -100.42617584912567, 21.550095744641787 ], [ -100.426286649116051, 21.549721593439518 ], [ -100.427168201779793, 21.549542116936799 ], [ -100.427406521050727, 21.549662472224615 ], [ -100.42775324698502, 21.54928458108725 ], [ -100.430369198399816, 21.550318907559621 ], [ -100.431853338041904, 21.55079188102361 ], [ -100.43369058617273, 21.55121785447378 ], [ -100.434227820263985, 21.551540336999366 ], [ -100.434881425759386, 21.551778213729957 ], [ -100.435474452396505, 21.551934296388513 ], [ -100.436362396367628, 21.552085687270143 ], [ -100.437247144618638, 21.552071615365161 ], [ -100.438544774538471, 21.55205096809091 ], [ -100.439195988725416, 21.552164734015328 ], [ -100.43973083739975, 21.552363104580984 ], [ -100.440210704969601, 21.55276923481545 ], [ -100.441167246237157, 21.553416033034789 ], [ -100.443294958145458, 21.556650914357991 ], [ -100.445989370819603, 21.555464546023241 ], [ -100.446220140727405, 21.555362933592413 ], [ -100.44240082341561, 21.55008620397015 ], [ -100.441584213125964, 21.548259824977823 ], [ -100.441299932155331, 21.547624007454498 ], [ -100.441015653808648, 21.546988189261317 ], [ -100.440674100267444, 21.546224260470538 ], [ -100.441675138711147, 21.546383287124119 ], [ -100.441857717074996, 21.546412291137848 ], [ -100.44221520438893, 21.546592791907162 ], [ -100.442572692552915, 21.546773291856486 ], [ -100.443169709363644, 21.547136169870537 ], [ -100.443947678093465, 21.547703045877622 ], [ -100.444951961700326, 21.547769782144599 ], [ -100.445561011885289, 21.548753116064905 ], [ -100.446044089065722, 21.549324686722631 ], [ -100.44646578240544, 21.549773104307711 ], [ -100.447061216665773, 21.550053238430252 ], [ -100.447716437549218, 21.550373792633707 ], [ -100.448189899927996, 21.550448984932508 ], [ -100.449306548423522, 21.550224259725649 ], [ -100.451194777926972, 21.550235453080663 ], [ -100.453731808262447, 21.550236241505917 ], [ -100.455342822344619, 21.551162118788007 ], [ -100.455758112066391, 21.551279597976922 ], [ -100.4564093318929, 21.551393296083468 ], [ -100.457715799650515, 21.551827504817329 ], [ -100.458489820051113, 21.552187487794836 ], [ -100.459441597962794, 21.552585992641024 ], [ -100.460323921573774, 21.552447706128444 ], [ -100.460858795701384, 21.552646007201542 ], [ -100.461690197735066, 21.552922299970124 ], [ -100.462049739256784, 21.553206165705014 ], [ -100.462169317936429, 21.553286999436075 ], [ -100.464860442143518, 21.554477888117322 ], [ -100.46277931219835, 21.554311625919023 ] ] ] ] } },
{ "type": "Feature", "properties": { "ID": 25, "ENTIDAD": 11, "MUNICIPIO": 33, "NOMBRE": "SAN LUIS DE LA PAZ", "CONTROL": 46, "GEOMETRY1_": null, "ID_2": 2505, "ENTIDAD_2": 11, "DISTRITO_F": 1, "DISTRITO_L": 2, "MUNICIPIO_2": 33, "SECCION": 2545, "TIPO": 2, "CONTROL_2": 3029, "GEOMETRY1__2": null }, "geometry": { "type": "MultiPolygon", "coordinates": [ [ [ [ -100.509419684086552, 21.306950497067625 ], [ -100.509507067910874, 21.306740846066472 ], [ -100.509594451504157, 21.306531195029489 ], [ -100.507107484696448, 21.306264374759461 ], [ -100.505478542268648, 21.306089589110631 ], [ -100.50330617964714, 21.30585646905217 ], [ -100.498359976587764, 21.305325575075234 ], [ -100.498100941733554, 21.304305319083873 ], [ -100.497654765120387, 21.302547932287933 ], [ -100.498333997308848, 21.302566575919176 ], [ -100.498843734902607, 21.302580565438255 ], [ -100.499635199706276, 21.30260228376148 ], [ -100.49988007142467, 21.302609002448019 ], [ -100.500414193620713, 21.302623656225435 ], [ -100.500722881379488, 21.302632124375918 ], [ -100.501332134439295, 21.302648836187114 ], [ -100.501556468107523, 21.302654989101711 ], [ -100.501890974289537, 21.302629667977843 ], [ -100.502270323842623, 21.302599759290981 ], [ -100.502394496862237, 21.302589842675676 ], [ -100.502463330138269, 21.302587106383925 ], [ -100.502785802150726, 21.302597458205419 ], [ -100.502835343960356, 21.302598422316322 ], [ -100.503091376322672, 21.302606593379497 ], [ -100.503306613188713, 21.302607592743069 ], [ -100.503589115583779, 21.302533852009272 ], [ -100.503719635576104, 21.302475978444757 ], [ -100.503767932275196, 21.302454563282058 ], [ -100.503946748764761, 21.302375274375361 ], [ -100.504368349227406, 21.302162917747427 ], [ -100.504627209308481, 21.302032531283086 ], [ -100.504785037266217, 21.301927532319468 ], [ -100.504861101596106, 21.30186255049183 ], [ -100.504929225174635, 21.30178341284001 ], [ -100.505198838380707, 21.3015821471406 ], [ -100.505272203723834, 21.301599463753718 ], [ -100.505669301358068, 21.301246302957082 ], [ -100.5056683779313, 21.301155672119961 ], [ -100.505901135536817, 21.300946414156076 ], [ -100.506161919873975, 21.300775750361336 ], [ -100.506354680664259, 21.300709282671722 ], [ -100.506520205739761, 21.300681903931284 ], [ -100.507169545949424, 21.300676089156262 ], [ -100.507241472773899, 21.300674569322339 ], [ -100.507797841410238, 21.300662812058519 ], [ -100.507838528156583, 21.300661952188079 ], [ -100.508688108258312, 21.300643994981879 ], [ -100.508719067394964, 21.30064334053105 ], [ -100.509296905309881, 21.300631124464527 ], [ -100.509807822662012, 21.300600644185213 ], [ -100.51020886927887, 21.300530602950836 ], [ -100.510276763278924, 21.300518745427254 ], [ -100.510708861307052, 21.300568794179046 ], [ -100.511028871657899, 21.30060585937369 ], [ -100.511106764954931, 21.300614881268082 ], [ -100.51151205035049, 21.300724478087151 ], [ -100.512450731697456, 21.30097831078298 ], [ -100.512904228552358, 21.301251787600435 ], [ -100.512941540994504, 21.301274288398535 ], [ -100.51343235220159, 21.301570264454917 ], [ -100.513453320604896, 21.301582909063733 ], [ -100.513910536217949, 21.301858623273301 ], [ -100.513494446199402, 21.303053619849525 ], [ -100.512920724832441, 21.30389619571277 ], [ -100.512704919170304, 21.304213128325323 ], [ -100.51237161130264, 21.304047795428918 ], [ -100.512023598211997, 21.304582680314187 ], [ -100.511781474262804, 21.304954814440997 ], [ -100.511407973628266, 21.305528864769002 ], [ -100.511143225581378, 21.305935765200825 ], [ -100.510968960929986, 21.30620359719757 ], [ -100.51048008593402, 21.30695495641157 ], [ -100.510231225737499, 21.307337430031097 ], [ -100.509419684086552, 21.306950497067625 ] ] ] ] } },
{ "type": "Feature", "properties": { "ID": 25, "ENTIDAD": 11, "MUNICIPIO": 33, "NOMBRE": "SAN LUIS DE LA PAZ", "CONTROL": 46, "GEOMETRY1_": null, "ID_2": 2506, "ENTIDAD_2": 11, "DISTRITO_F": 1, "DISTRITO_L": 2, "MUNICIPIO_2": 33, "SECCION": 2546, "TIPO": 2, "CONTROL_2": 168, "GEOMETRY1__2": null }, "geometry": { "type": "MultiPolygon", "coordinates": [ [ [ [ -100.516300539130981, 21.303170787290071 ], [ -100.516262524642386, 21.303143214837085 ], [ -100.515507055812265, 21.302595258400363 ], [ -100.515220259995402, 21.302413690445768 ], [ -100.515103740389819, 21.302339922612806 ], [ -100.514584744518288, 21.302144118925224 ], [ -100.514299236485002, 21.302036403219596 ], [ -100.514201457844834, 21.30199168230493 ], [ -100.513910536217949, 21.301858623273301 ], [ -100.513453320604896, 21.301582909063733 ], [ -100.51343235220159, 21.301570264454917 ], [ -100.512941540994504, 21.301274288398535 ], [ -100.512904228552358, 21.301251787600435 ], [ -100.512450731697456, 21.30097831078298 ], [ -100.51151205035049, 21.300724478087151 ], [ -100.511106764954931, 21.300614881268082 ], [ -100.511028871657899, 21.30060585937369 ], [ -100.510708861307052, 21.300568794179046 ], [ -100.510276763278924, 21.300518745427254 ], [ -100.51020886927887, 21.300530602950836 ], [ -100.509807822662012, 21.300600644185213 ], [ -100.509296905309881, 21.300631124464527 ], [ -100.508719067394964, 21.30064334053105 ], [ -100.508688108258312, 21.300643994981879 ], [ -100.507838528156583, 21.300661952188079 ], [ -100.507797841410238, 21.300662812058519 ], [ -100.507241472773899, 21.300674569322339 ], [ -100.507169545949424, 21.300676089156262 ], [ -100.506520205739761, 21.300681903931284 ], [ -100.506354680664259, 21.300709282671722 ], [ -100.506161919873975, 21.300775750361336 ], [ -100.505901135536817, 21.300946414156076 ], [ -100.5056683779313, 21.301155672119961 ], [ -100.505669301358068, 21.301246302957082 ], [ -100.505272203723834, 21.301599463753718 ], [ -100.505198838380707, 21.3015821471406 ], [ -100.504929225174635, 21.30178341284001 ], [ -100.504861101596106, 21.30186255049183 ], [ -100.504785037266217, 21.301927532319468 ], [ -100.504627209308481, 21.302032531283086 ], [ -100.504368349227406, 21.302162917747427 ], [ -100.503946748764761, 21.302375274375361 ], [ -100.503767932275196, 21.302454563282058 ], [ -100.503719635576104, 21.302475978444757 ], [ -100.503589115583779, 21.302533852009272 ], [ -100.503306613188713, 21.302607592743069 ], [ -100.503091376322672, 21.302606593379497 ], [ -100.502835343960356, 21.302598422316322 ], [ -100.502785802150726, 21.302597458205419 ], [ -100.502463330138269, 21.302587106383925 ], [ -100.502394496862237, 21.302589842675676 ], [ -100.502270323842623, 21.302599759290981 ], [ -100.501890974289537, 21.302629667977843 ], [ -100.501556468107523, 21.302654989101711 ], [ -100.501332134439295, 21.302648836187114 ], [ -100.500722881379488, 21.302632124375918 ], [ -100.500414193620713, 21.302623656225435 ], [ -100.49988007142467, 21.302609002448019 ], [ -100.499635199706276, 21.30260228376148 ], [ -100.498843734902607, 21.302580565438255 ], [ -100.498333997308848, 21.302566575919176 ], [ -100.497654765120387, 21.302547932287933 ], [ -100.497141356982866, 21.300525675157285 ], [ -100.498991752239291, 21.300468689377247 ], [ -100.501800932658185, 21.300477498195988 ], [ -100.502611512584238, 21.300446264366727 ], [ -100.5027650880902, 21.300439560125813 ], [ -100.502881705758497, 21.300435852226734 ], [ -100.503133044681448, 21.300415338426973 ], [ -100.504090312485332, 21.300374391981293 ], [ -100.505713219560647, 21.300132343834512 ], [ -100.505892164069564, 21.30006600032948 ], [ -100.505960187073072, 21.299961804029927 ], [ -100.506559836700305, 21.299623089677628 ], [ -100.506833146825301, 21.299563899098274 ], [ -100.507114664968071, 21.299461401469127 ], [ -100.507307029143661, 21.299381318531356 ], [ -100.507378198189059, 21.299362442076035 ], [ -100.507423036237881, 21.29934600259099 ], [ -100.507468471460697, 21.299330366142037 ], [ -100.508277716370202, 21.299002437765175 ], [ -100.508533146351908, 21.298902883309779 ], [ -100.511654405022483, 21.299145500018941 ], [ -100.514506771404868, 21.299367164004227 ], [ -100.514441408418051, 21.299730307640711 ], [ -100.514870620486462, 21.299825535293863 ], [ -100.516675518525687, 21.300277424375881 ], [ -100.51712798558215, 21.300381749947935 ], [ -100.517917900750987, 21.300553577960844 ], [ -100.517720251391424, 21.301972384730792 ], [ -100.51771613019352, 21.302001968127534 ], [ -100.517712008994337, 21.302031551524177 ], [ -100.517567747284502, 21.302783859234605 ], [ -100.517297854402173, 21.303092450514047 ], [ -100.516802962759186, 21.303658297553504 ], [ -100.516300539130981, 21.303170787290071 ] ] ] ] } },
{ "type": "Feature", "properties": { "ID": 25, "ENTIDAD": 11, "MUNICIPIO": 33, "NOMBRE": "SAN LUIS DE LA PAZ", "CONTROL": 46, "GEOMETRY1_": null, "ID_2": 2507, "ENTIDAD_2": 11, "DISTRITO_F": 1, "DISTRITO_L": 2, "MUNICIPIO_2": 33, "SECCION": 2547, "TIPO": 2, "CONTROL_2": 169, "GEOMETRY1__2": null }, "geometry": { "type": "MultiPolygon", "coordinates": [ [ [ [ -100.51712798558215, 21.300381749947935 ], [ -100.516675518525687, 21.300277424375881 ], [ -100.514870620486462, 21.299825535293863 ], [ -100.514441408418051, 21.299730307640711 ], [ -100.514506771404868, 21.299367164004227 ], [ -100.511654405022483, 21.299145500018941 ], [ -100.508533146351908, 21.298902883309779 ], [ -100.508277716370202, 21.299002437765175 ], [ -100.507468471460697, 21.299330366142037 ], [ -100.507423036237881, 21.29934600259099 ], [ -100.507378198189059, 21.299362442076035 ], [ -100.507307029143661, 21.299381318531356 ], [ -100.507114664968071, 21.299461401469127 ], [ -100.506833146825301, 21.299563899098274 ], [ -100.506559836700305, 21.299623089677628 ], [ -100.505960187073072, 21.299961804029927 ], [ -100.505892164069564, 21.30006600032948 ], [ -100.505713219560647, 21.300132343834512 ], [ -100.504090312485332, 21.300374391981293 ], [ -100.503133044681448, 21.300415338426973 ], [ -100.502881705758497, 21.300435852226734 ], [ -100.5027650880902, 21.300439560125813 ], [ -100.502611512584238, 21.300446264366727 ], [ -100.501800932658185, 21.300477498195988 ], [ -100.498991752239291, 21.300468689377247 ], [ -100.499214863190176, 21.298957423436985 ], [ -100.499126590835857, 21.298898574696011 ], [ -100.499047083072924, 21.298834718067525 ], [ -100.498811043300478, 21.298600352615725 ], [ -100.499163936289222, 21.29800073982549 ], [ -100.499188837978821, 21.298003858071457 ], [ -100.499349390530924, 21.298068032942641 ], [ -100.499495568038682, 21.298148109684895 ], [ -100.499608333377708, 21.298209999552114 ], [ -100.499730999851295, 21.298277939189571 ], [ -100.499907898315556, 21.298369571740402 ], [ -100.500127149042186, 21.298488073871258 ], [ -100.500351354627, 21.298604737601291 ], [ -100.500571775522189, 21.298725378245589 ], [ -100.500845733778831, 21.298872429436067 ], [ -100.501076840119111, 21.298990465058083 ], [ -100.501149395173968, 21.299024950680085 ], [ -100.501203081779664, 21.299047236400028 ], [ -100.501266364767204, 21.299072752599471 ], [ -100.50132902298833, 21.299093255845353 ], [ -100.501393097508881, 21.299111952988117 ], [ -100.501456754894733, 21.299127248568009 ], [ -100.50157582122597, 21.299146082810125 ], [ -100.501688749307689, 21.299153768194888 ], [ -100.501788774060742, 21.299152786400604 ], [ -100.501888329871434, 21.299143293446249 ], [ -100.501980570619864, 21.299129205722505 ], [ -100.502113388022096, 21.299098982297544 ], [ -100.502417805183939, 21.299015244521833 ], [ -100.50270301074012, 21.298936483145845 ], [ -100.503183688124111, 21.298620213805307 ], [ -100.503658282781018, 21.298435497858485 ], [ -100.50380268178867, 21.298401387182977 ], [ -100.504044816852954, 21.298364232749652 ], [ -100.504402462784768, 21.29833350049438 ], [ -100.504666168312667, 21.298303652083202 ], [ -100.504796346959168, 21.298288917212648 ], [ -100.505531545332801, 21.298213940643841 ], [ -100.505718475006518, 21.298194876770633 ], [ -100.506466442815565, 21.298118593758357 ], [ -100.507171561926597, 21.298164073973265 ], [ -100.50748041038365, 21.29816582986091 ], [ -100.507544456460323, 21.298166193909307 ], [ -100.507917350948986, 21.298168313018106 ], [ -100.508055886597703, 21.298169100086803 ], [ -100.508224472742427, 21.298155426038388 ], [ -100.508292448708389, 21.298149912448988 ], [ -100.508594294827986, 21.298125429114105 ], [ -100.509076515290843, 21.297991621267492 ], [ -100.510069391081814, 21.298022938896839 ], [ -100.510140120625664, 21.29802516964785 ], [ -100.511197122152083, 21.298086123323902 ], [ -100.511659805216453, 21.298104483552642 ], [ -100.512260574190876, 21.297823267235259 ], [ -100.512538493400967, 21.297688489180636 ], [ -100.512685694602126, 21.297692795030038 ], [ -100.513734610574474, 21.297770611942358 ], [ -100.514639213487854, 21.297832834363966 ], [ -100.514735596767395, 21.297861560972795 ], [ -100.515002695904528, 21.297874808307604 ], [ -100.515154293352651, 21.297868262290425 ], [ -100.51541188481211, 21.297855622308404 ], [ -100.51635656742279, 21.297842053226852 ], [ -100.517127975271791, 21.297830969068958 ], [ -100.517689682740553, 21.297853182375651 ], [ -100.518279563025743, 21.297801321431237 ], [ -100.518414233813928, 21.297750980809575 ], [ -100.518261319139057, 21.298766907989329 ], [ -100.518226421187137, 21.299073894101657 ], [ -100.518094172341463, 21.299897293770215 ], [ -100.517917900750987, 21.300553577960844 ], [ -100.51712798558215, 21.300381749947935 ] ] ] ] } },
{ "type": "Feature", "properties": { "ID": 25, "ENTIDAD": 11, "MUNICIPIO": 33, "NOMBRE": "SAN LUIS DE LA PAZ", "CONTROL": 46, "GEOMETRY1_": null, "ID_2": 2508, "ENTIDAD_2": 11, "DISTRITO_F": 1, "DISTRITO_L": 2, "MUNICIPIO_2": 33, "SECCION": 2548, "TIPO": 2, "CONTROL_2": 171, "GEOMETRY1__2": null }, "geometry": { "type": "MultiPolygon", "coordinates": [ [ [ [ -100.520010887709418, 21.301017323020513 ], [ -100.517917900750987, 21.300553577960844 ], [ -100.518094172341463, 21.299897293770215 ], [ -100.518226421187137, 21.299073894101657 ], [ -100.518261319139057, 21.298766907989329 ], [ -100.518414233813928, 21.297750980809575 ], [ -100.520357073117822, 21.297242668438393 ], [ -100.520418671635383, 21.297232474289494 ], [ -100.522426039263905, 21.296900255192003 ], [ -100.522332688029707, 21.297908622345172 ], [ -100.522324739235941, 21.297994483710795 ], [ -100.522223438255395, 21.299088712121083 ], [ -100.522197664987573, 21.299367106995557 ], [ -100.522105232527821, 21.300365528325905 ], [ -100.522078090084861, 21.30065870933641 ], [ -100.52200400756378, 21.301458913109663 ], [ -100.520010887709418, 21.301017323020513 ] ] ] ] } },
{ "type": "Feature", "properties": { "ID": 25, "ENTIDAD": 11, "MUNICIPIO": 33, "NOMBRE": "SAN LUIS DE LA PAZ", "CONTROL": 46, "GEOMETRY1_": null, "ID_2": 2509, "ENTIDAD_2": 11, "DISTRITO_F": 1, "DISTRITO_L": 2, "MUNICIPIO_2": 33, "SECCION": 2549, "TIPO": 2, "CONTROL_2": 172, "GEOMETRY1__2": null }, "geometry": { "type": "MultiPolygon", "coordinates": [ [ [ [ -100.528448686496418, 21.30228156678147 ], [ -100.528056135505039, 21.302265650575901 ], [ -100.527787382983533, 21.302254753318699 ], [ -100.527626769467773, 21.302248240627261 ], [ -100.527525821318775, 21.302244147218094 ], [ -100.527406384023251, 21.302239304002246 ], [ -100.527173210436871, 21.302229848501902 ], [ -100.526568377806726, 21.30220532021448 ], [ -100.52591891630351, 21.302178979617075 ], [ -100.525692053963184, 21.302169778031054 ], [ -100.525229748601305, 21.3021510258714 ], [ -100.525105321605039, 21.302145978610241 ], [ -100.524683485131305, 21.302052528697466 ], [ -100.524158072912172, 21.301936131862401 ], [ -100.523950297683839, 21.301890102008787 ], [ -100.523507856986342, 21.301792084159082 ], [ -100.522700987091014, 21.301613327663791 ], [ -100.52200400756378, 21.301458913109663 ], [ -100.522078090084861, 21.30065870933641 ], [ -100.522105232527821, 21.300365528325905 ], [ -100.522197664987573, 21.299367106995557 ], [ -100.522223438255395, 21.299088712121083 ], [ -100.522324739235941, 21.297994483710795 ], [ -100.522332688029707, 21.297908622345172 ], [ -100.522426039263905, 21.296900255192003 ], [ -100.524142705212057, 21.296561007874764 ], [ -100.525859362135208, 21.296221743499483 ], [ -100.52639753631523, 21.296095004338238 ], [ -100.52693570946181, 21.2959682635089 ], [ -100.527034134204385, 21.295945084082717 ], [ -100.528012052654489, 21.295714776846385 ], [ -100.528163739663768, 21.295679052836068 ], [ -100.5285470336526, 21.295588782079765 ], [ -100.528407115887589, 21.296755404208174 ], [ -100.528151333071108, 21.296738304444897 ], [ -100.527895550287354, 21.296721204289124 ], [ -100.52779640377554, 21.297822714161548 ], [ -100.528017614560881, 21.297823433415324 ], [ -100.528038271694243, 21.297823500566 ], [ -100.528058928827448, 21.297823567714033 ], [ -100.528300277264293, 21.297824352052974 ], [ -100.528321453854403, 21.297824420856635 ], [ -100.528846503833279, 21.297826125912092 ], [ -100.528635902374617, 21.299622899302655 ], [ -100.528429419839455, 21.30089148429084 ], [ -100.528444558889618, 21.301746504625715 ], [ -100.528491204589116, 21.302283290646631 ], [ -100.528448686496418, 21.30228156678147 ] ] ] ] } },
{ "type": "Feature", "properties": { "ID": 25, "ENTIDAD": 11, "MUNICIPIO": 33, "NOMBRE": "SAN LUIS DE LA PAZ", "CONTROL": 46, "GEOMETRY1_": null, "ID_2": 2510, "ENTIDAD_2": 11, "DISTRITO_F": 1, "DISTRITO_L": 2, "MUNICIPIO_2": 33, "SECCION": 2550, "TIPO": 2, "CONTROL_2": 173, "GEOMETRY1__2": null }, "geometry": { "type": "MultiPolygon", "coordinates": [ [ [ [ -100.531935094009853, 21.302371206906336 ], [ -100.531468590734633, 21.302323253505723 ], [ -100.530840734917533, 21.302275171858575 ], [ -100.52986584779029, 21.302313427991194 ], [ -100.529279823171947, 21.30231526265241 ], [ -100.529236831680706, 21.302313519796442 ], [ -100.529066170995947, 21.302306601179172 ], [ -100.528491204589116, 21.302283290646631 ], [ -100.528444558889618, 21.301746504625715 ], [ -100.528429419839455, 21.30089148429084 ], [ -100.528635902374617, 21.299622899302655 ], [ -100.528846503833279, 21.297826125912092 ], [ -100.528321453854403, 21.297824420856635 ], [ -100.528300277264293, 21.297824352052974 ], [ -100.528058928827448, 21.297823567714033 ], [ -100.528038271694243, 21.297823500566 ], [ -100.528017614560881, 21.297823433415324 ], [ -100.52779640377554, 21.297822714161548 ], [ -100.527895550287354, 21.296721204289124 ], [ -100.528151333071108, 21.296738304444897 ], [ -100.528407115887589, 21.296755404208174 ], [ -100.5285470336526, 21.295588782079765 ], [ -100.528940580317766, 21.295511293084488 ], [ -100.529098567484652, 21.295480185270709 ], [ -100.529645391704079, 21.295345191695993 ], [ -100.530684317016977, 21.295088708459609 ], [ -100.530785121776162, 21.295063822042319 ], [ -100.531713362257918, 21.294834657256935 ], [ -100.533827960128022, 21.294312582115875 ], [ -100.534371729940403, 21.29417832543426 ], [ -100.534803238512964, 21.294048192448123 ], [ -100.536265497050877, 21.293607199398014 ], [ -100.53661754224045, 21.293501026125895 ], [ -100.536820863374544, 21.293439706128229 ], [ -100.537727613467339, 21.293166234139488 ], [ -100.538419456652548, 21.2929575732662 ], [ -100.538637978252865, 21.292891666144488 ], [ -100.539211368977163, 21.295316184392355 ], [ -100.538702948151908, 21.298410245242355 ], [ -100.53649897539087, 21.298232660422009 ], [ -100.53528645698708, 21.298293157430393 ], [ -100.534944670018561, 21.298395136558849 ], [ -100.534550270192867, 21.298509952456637 ], [ -100.534191129017671, 21.298606326181485 ], [ -100.533443439561722, 21.299494580406829 ], [ -100.533415204947659, 21.299938908194672 ], [ -100.533384339061001, 21.300424642855337 ], [ -100.533353295936976, 21.300737340144345 ], [ -100.532043912399033, 21.302380755822405 ], [ -100.531935094009853, 21.302371206906336 ] ] ] ] } },
{ "type": "Feature", "properties": { "ID": 25, "ENTIDAD": 11, "MUNICIPIO": 33, "NOMBRE": "SAN LUIS DE LA PAZ", "CONTROL": 46, "GEOMETRY1_": null, "ID_2": 2503, "ENTIDAD_2": 11, "DISTRITO_F": 1, "DISTRITO_L": 2, "MUNICIPIO_2": 33, "SECCION": 2543, "TIPO": 2, "CONTROL_2": 165, "GEOMETRY1__2": null }, "geometry": { "type": "MultiPolygon", "coordinates": [ [ [ [ -100.520116837666961, 21.308848521248425 ], [ -100.519424481585133, 21.307336667858888 ], [ -100.519291269834014, 21.307300525863806 ], [ -100.519078276213122, 21.307256805286407 ], [ -100.518935868143288, 21.30718755038783 ], [ -100.518841947022963, 21.307110068984453 ], [ -100.518803544618748, 21.307020107053248 ], [ -100.518495064268379, 21.306297452600596 ], [ -100.518148185586469, 21.30548483519777 ], [ -100.518102056867747, 21.305388216746206 ], [ -100.517908123724197, 21.304982014346905 ], [ -100.517841015764319, 21.30488758617647 ], [ -100.517487524295476, 21.304390182791156 ], [ -100.517263808738193, 21.304133232687136 ], [ -100.516802962759186, 21.303658297553504 ], [ -100.517297854402173, 21.303092450514047 ], [ -100.517567747284502, 21.302783859234605 ], [ -100.517712008994337, 21.302031551524177 ], [ -100.51771613019352, 21.302001968127534 ], [ -100.517720251391424, 21.301972384730792 ], [ -100.517917900750987, 21.300553577960844 ], [ -100.520010887709418, 21.301017323020513 ], [ -100.52200400756378, 21.301458913109663 ], [ -100.522700987091014, 21.301613327663791 ], [ -100.523507856986342, 21.301792084159082 ], [ -100.523950297683839, 21.301890102008787 ], [ -100.524158072912172, 21.301936131862401 ], [ -100.524683485131305, 21.302052528697466 ], [ -100.525105321605039, 21.302145978610241 ], [ -100.525229748601305, 21.3021510258714 ], [ -100.525692053963184, 21.302169778031054 ], [ -100.52591891630351, 21.302178979617075 ], [ -100.526568377806726, 21.30220532021448 ], [ -100.527173210436871, 21.302229848501902 ], [ -100.527406384023251, 21.302239304002246 ], [ -100.527525821318775, 21.302244147218094 ], [ -100.527626769467773, 21.302248240627261 ], [ -100.527787382983533, 21.302254753318699 ], [ -100.528056135505039, 21.302265650575901 ], [ -100.528448686496418, 21.30228156678147 ], [ -100.528491204589116, 21.302283290646631 ], [ -100.529066170995947, 21.302306601179172 ], [ -100.529236831680706, 21.302313519796442 ], [ -100.529279823171947, 21.30231526265241 ], [ -100.529341049250803, 21.302890907111159 ], [ -100.52940227595883, 21.303466551481016 ], [ -100.529946107132716, 21.305892094564815 ], [ -100.530044053787989, 21.306328934286821 ], [ -100.529015377293589, 21.305685041223413 ], [ -100.529138717853471, 21.306389110252709 ], [ -100.529240135836872, 21.30716810891608 ], [ -100.523105395558233, 21.308635637326415 ], [ -100.521335325559278, 21.309055690506394 ], [ -100.520116837666961, 21.308848521248425 ] ] ] ] } },
{ "type": "Feature", "properties": { "ID": 25, "ENTIDAD": 11, "MUNICIPIO": 33, "NOMBRE": "SAN LUIS DE LA PAZ", "CONTROL": 46, "GEOMETRY1_": null, "ID_2": 2504, "ENTIDAD_2": 11, "DISTRITO_F": 1, "DISTRITO_L": 2, "MUNICIPIO_2": 33, "SECCION": 2544, "TIPO": 2, "CONTROL_2": 166, "GEOMETRY1__2": null }, "geometry": { "type": "MultiPolygon", "coordinates": [ [ [ [ -100.517657794319234, 21.308430401774363 ], [ -100.51634769553165, 21.30820762540446 ], [ -100.515991179151371, 21.311101001958328 ], [ -100.513155624857589, 21.312134927241853 ], [ -100.512853830100255, 21.311768181322247 ], [ -100.512051469858804, 21.310793127896257 ], [ -100.511011414660246, 21.309752725701706 ], [ -100.510158429808499, 21.309240239922474 ], [ -100.511236475120242, 21.30767786377535 ], [ -100.510402567900385, 21.307419123060427 ], [ -100.510231225737499, 21.307337430031097 ], [ -100.51048008593402, 21.30695495641157 ], [ -100.510968960929986, 21.30620359719757 ], [ -100.511143225581378, 21.305935765200825 ], [ -100.511407973628266, 21.305528864769002 ], [ -100.511781474262804, 21.304954814440997 ], [ -100.512023598211997, 21.304582680314187 ], [ -100.51237161130264, 21.304047795428918 ], [ -100.512704919170304, 21.304213128325323 ], [ -100.512920724832441, 21.30389619571277 ], [ -100.513494446199402, 21.303053619849525 ], [ -100.513910536217949, 21.301858623273301 ], [ -100.514201457844834, 21.30199168230493 ], [ -100.514299236485002, 21.302036403219596 ], [ -100.514584744518288, 21.302144118925224 ], [ -100.515103740389819, 21.302339922612806 ], [ -100.515220259995402, 21.302413690445768 ], [ -100.515507055812265, 21.302595258400363 ], [ -100.516262524642386, 21.303143214837085 ], [ -100.516300539130981, 21.303170787290071 ], [ -100.516802962759186, 21.303658297553504 ], [ -100.517263808738193, 21.304133232687136 ], [ -100.517487524295476, 21.304390182791156 ], [ -100.517841015764319, 21.30488758617647 ], [ -100.517908123724197, 21.304982014346905 ], [ -100.518102056867747, 21.305388216746206 ], [ -100.518148185586469, 21.30548483519777 ], [ -100.518495064268379, 21.306297452600596 ], [ -100.518803544618748, 21.307020107053248 ], [ -100.518841947022963, 21.307110068984453 ], [ -100.518935868143288, 21.30718755038783 ], [ -100.519078276213122, 21.307256805286407 ], [ -100.519291269834014, 21.307300525863806 ], [ -100.519424481585133, 21.307336667858888 ], [ -100.520116837666961, 21.308848521248425 ], [ -100.517657794319234, 21.308430401774363 ] ] ] ] } },
{ "type": "Feature", "properties": { "ID": 25, "ENTIDAD": 11, "MUNICIPIO": 33, "NOMBRE": "SAN LUIS DE LA PAZ", "CONTROL": 46, "GEOMETRY1_": null, "ID_2": 2523, "ENTIDAD_2": 11, "DISTRITO_F": 1, "DISTRITO_L": 2, "MUNICIPIO_2": 33, "SECCION": 2564, "TIPO": 4, "CONTROL_2": 3208, "GEOMETRY1__2": null }, "geometry": { "type": "MultiPolygon", "coordinates": [ [ [ [ -100.275488142255952, 21.689351422430484 ], [ -100.274898183377928, 21.68938658024312 ], [ -100.271588813322907, 21.687775014682195 ], [ -100.239785252788778, 21.681094687061549 ], [ -100.219610230990767, 21.669142929248817 ], [ -100.21665387069875, 21.665627558734311 ], [ -100.220025364199543, 21.662640369165477 ], [ -100.220073297702541, 21.662018984224115 ], [ -100.220240037728956, 21.661437240146522 ], [ -100.220409736896272, 21.661020968294 ], [ -100.220876820965231, 21.660724481680742 ], [ -100.221813204687038, 21.66025560896249 ], [ -100.22275254509843, 21.659952203444472 ], [ -100.223930975875788, 21.659810805523186 ], [ -100.224222433244705, 21.659599640621646 ], [ -100.224334568881247, 21.659266966346028 ], [ -100.223905039026306, 21.658362924149021 ], [ -100.223541214688737, 21.657830328272471 ], [ -100.223469587653938, 21.657127936041753 ], [ -100.223575055289658, 21.656422949664659 ], [ -100.223857614992468, 21.655715368924604 ], [ -100.22460278234098, 21.654463083422272 ], [ -100.224344428456334, 21.653225501644719 ], [ -100.224033718569146, 21.652361096523858 ], [ -100.223132719975197, 21.651505336164423 ], [ -100.223209300541271, 21.649186993822781 ], [ -100.222670640570996, 21.648781091793232 ], [ -100.22206629281888, 21.64800373873441 ], [ -100.221994680295339, 21.6473013444919 ], [ -100.221568164618688, 21.646562765202816 ], [ -100.221211410666811, 21.646423159130997 ], [ -100.220854657367212, 21.646283552258247 ], [ -100.219381195058403, 21.646429238954092 ], [ -100.218441932595354, 21.646732622109294 ], [ -100.217508577826521, 21.64736694583981 ], [ -100.216870354817232, 21.647996954096399 ], [ -100.216409211106409, 21.648624374168012 ], [ -100.21405914932572, 21.649279361925846 ], [ -100.213512716519261, 21.649243198809266 ], [ -100.212522192379438, 21.649177640924659 ], [ -100.209969960594606, 21.648428630747002 ], [ -100.210083595936467, 21.648178701219077 ], [ -100.210316761093878, 21.648009788670979 ], [ -100.211554140429939, 21.647867622515253 ], [ -100.212023415314349, 21.64769526641588 ], [ -100.212193124537848, 21.647279001937743 ], [ -100.212185012402173, 21.646823950534149 ], [ -100.211943002687718, 21.646496445755663 ], [ -100.21128927668903, 21.646257698768661 ], [ -100.210040121240809, 21.645737968713547 ], [ -100.209502245796955, 21.64537338985329 ], [ -100.209213978014091, 21.645010794170471 ], [ -100.209079480827924, 21.644841616965344 ], [ -100.208661873867172, 21.644599421519917 ], [ -100.208070132997435, 21.644525275539895 ], [ -100.206774486160739, 21.644709641573364 ], [ -100.207167803070192, 21.643586684289566 ], [ -100.206686025637254, 21.643055763174878 ], [ -100.207595850450659, 21.641097709670159 ], [ -100.206666158900873, 21.641938815560771 ], [ -100.206196895096298, 21.642111156071568 ], [ -100.205424410439392, 21.64183273254632 ], [ -100.204888031333994, 21.641550874295984 ], [ -100.204761157117161, 21.641056168191845 ], [ -100.20498255329727, 21.640225367700214 ], [ -100.205553683424682, 21.639141208612649 ], [ -100.20512212837626, 21.638113002028906 ], [ -100.204813773687093, 21.637372658034671 ], [ -100.20456591617986, 21.636714192681232 ], [ -100.204497336617194, 21.636177259762391 ], [ -100.204602887240753, 21.635472280110942 ], [ -100.20464573873474, 21.634561315439029 ], [ -100.2049290906876, 21.633895131270226 ], [ -100.205269992038822, 21.633145351923201 ], [ -100.205672853253816, 21.63256018808589 ], [ -100.205943695572174, 21.6311907379269 ], [ -100.208945078840017, 21.627340197177865 ], [ -100.209176004623075, 21.627047181914122 ], [ -100.209344964943156, 21.626589551612003 ], [ -100.209338338797096, 21.626217235424875 ], [ -100.208861031284599, 21.625934528070928 ], [ -100.207913779845583, 21.625782793911036 ], [ -100.20790053525954, 21.62503816098948 ], [ -100.207775139824165, 21.624626193035176 ], [ -100.207532443679455, 21.624257310286982 ], [ -100.207173918603019, 21.624014249236954 ], [ -100.206815394706382, 21.623771187350929 ], [ -100.206569760913993, 21.623236828865213 ], [ -100.206593754588326, 21.62292613586153 ], [ -100.2066177481952, 21.622615442847902 ], [ -100.206429664390626, 21.621997488834332 ], [ -100.206266416965462, 21.621807751136274 ], [ -100.206218690846683, 21.621752280337681 ], [ -100.206137167841931, 21.621657528181853 ], [ -100.206007718022363, 21.621507071533156 ], [ -100.205407987522378, 21.620977857298247 ], [ -100.204574397175605, 21.62057617569484 ], [ -100.203385240198031, 21.620096893984762 ], [ -100.202644731434674, 21.61828695544957 ], [ -100.20240352754135, 21.618000801102799 ], [ -100.20174774423019, 21.617637903179496 ], [ -100.199971394621599, 21.617332631164203 ], [ -100.198784477312586, 21.616977420516982 ], [ -100.198042605596186, 21.61659653733664 ], [ -100.197295160529833, 21.616212787250323 ], [ -100.196278713668789, 21.615482675306129 ], [ -100.195679042745951, 21.61495342281609 ], [ -100.194610184036122, 21.614596472814462 ], [ -100.193823236273914, 21.61349061072578 ], [ -100.193281865386098, 21.61291912652397 ], [ -100.192390069650756, 21.612559601723742 ], [ -100.191386827567953, 21.612574096531741 ], [ -100.190686490931242, 21.611920306614081 ], [ -100.190426526592844, 21.611677618043611 ], [ -100.189287736279198, 21.610700950715856 ], [ -100.189929409465776, 21.609470957466694 ], [ -100.189972890935323, 21.609387609074314 ], [ -100.190185649526782, 21.608979776713493 ], [ -100.190658033690724, 21.608074264974434 ], [ -100.192904892632015, 21.608290082543913 ], [ -100.194041251598691, 21.605790890066444 ], [ -100.194951775376353, 21.60387426892601 ], [ -100.195463843449446, 21.602790996536196 ], [ -100.195688174162328, 21.602125680242249 ], [ -100.195904451921933, 21.601005306559113 ], [ -100.195886886438757, 21.600012454547095 ], [ -100.196473316637721, 21.59979707116571 ], [ -100.196458675945266, 21.598969694574031 ], [ -100.196444035667312, 21.598142317892808 ], [ -100.196830737916173, 21.596647061508133 ], [ -100.197296209270746, 21.596267908633152 ], [ -100.196507884323523, 21.595079315539198 ], [ -100.195906105293673, 21.594425952174415 ], [ -100.195654712455763, 21.593560620606592 ], [ -100.196725276326333, 21.588384952568479 ], [ -100.196796495344017, 21.588040630746409 ], [ -100.195488161574815, 21.587480247247857 ], [ -100.195346505973859, 21.584674825062763 ], [ -100.195306518301592, 21.583882858132629 ], [ -100.195957009222937, 21.583956208241428 ], [ -100.196910563874468, 21.584480344513711 ], [ -100.198815174885794, 21.582052760167684 ], [ -100.199677490012874, 21.580757505162463 ], [ -100.201131262159919, 21.579536432001358 ], [ -100.202426342293393, 21.579352135119166 ], [ -100.203005345178241, 21.57872304428259 ], [ -100.203393405333586, 21.577310512390643 ], [ -100.203442868617643, 21.576771861653 ], [ -100.202956204571933, 21.575951332835135 ], [ -100.202297682167156, 21.575422951182311 ], [ -100.201878824855115, 21.575097989239836 ], [ -100.202278619069361, 21.574347361024017 ], [ -100.20346445692833, 21.574661195402662 ], [ -100.204162901651742, 21.574113126839787 ], [ -100.204512122025605, 21.573839091538144 ], [ -100.204861341074292, 21.573565055556436 ], [ -100.207424199172621, 21.571665754323334 ], [ -100.21046778629028, 21.570255974483182 ], [ -100.21049103356529, 21.570093783901992 ], [ -100.210546536657219, 21.569706551125481 ], [ -100.210625286539056, 21.569157127722999 ], [ -100.210782784847467, 21.568058280783077 ], [ -100.211140437156388, 21.56825997307163 ], [ -100.211057017055424, 21.570206020439802 ], [ -100.211476614678503, 21.570572327898276 ], [ -100.21218899103485, 21.570810233098694 ], [ -100.213356410975422, 21.570089780425089 ], [ -100.213708917299286, 21.570001886016041 ], [ -100.214069524015699, 21.570369046232738 ], [ -100.213488393351639, 21.570874066353372 ], [ -100.212551804308987, 21.571301502726293 ], [ -100.212143976609042, 21.571597097382735 ], [ -100.212211069184477, 21.572051293946817 ], [ -100.212396157268202, 21.572503772176098 ], [ -100.213956604704279, 21.573970698726097 ], [ -100.214210274553523, 21.574960107084067 ], [ -100.215469876189971, 21.576100367070151 ], [ -100.216368866465288, 21.57687346340203 ], [ -100.216591577455191, 21.579435733541363 ], [ -100.216368847817847, 21.580183810862241 ], [ -100.21531715631852, 21.580778460469389 ], [ -100.215156367381852, 21.581691150444801 ], [ -100.213427576601774, 21.584033592608392 ], [ -100.213899962056232, 21.584047398356645 ], [ -100.214372347528595, 21.584061202760218 ], [ -100.21501179005655, 21.583513949153289 ], [ -100.215771442631748, 21.5830890779505 ], [ -100.21657976850797, 21.582084182788968 ], [ -100.218169850994883, 21.581895459033067 ], [ -100.218405855632625, 21.581892013367895 ], [ -100.218637432390238, 21.581640356200861 ], [ -100.21850909925368, 21.581062919777299 ], [ -100.219207513403106, 21.580514789731165 ], [ -100.219839539149532, 21.579553833741784 ], [ -100.220179511297601, 21.578762660076599 ], [ -100.220223743995817, 21.577934427698068 ], [ -100.221042351179563, 21.577508672220837 ], [ -100.221371232844803, 21.576096968844272 ], [ -100.221291553210165, 21.574939512884701 ], [ -100.221222215034146, 21.574361215968061 ], [ -100.221295298003383, 21.573126070865353 ], [ -100.221312883968594, 21.572828855996125 ], [ -100.221344248320818, 21.572833642300143 ], [ -100.224034895732331, 21.573244220651841 ], [ -100.225033415544701, 21.572981331011739 ], [ -100.226424395770138, 21.57486440963358 ], [ -100.227415518280509, 21.574187821305529 ], [ -100.230324196301439, 21.575138276211952 ], [ -100.23063178811428, 21.57583721008298 ], [ -100.230347913819784, 21.576462063393564 ], [ -100.229665865036978, 21.577920341298498 ], [ -100.230277352646752, 21.579111368327691 ], [ -100.230350436137357, 21.579896500986319 ], [ -100.231546010470865, 21.580747918217348 ], [ -100.233711951495721, 21.579764388500156 ], [ -100.234116042953616, 21.57926190097551 ], [ -100.235588806599878, 21.579116115464039 ], [ -100.236129460480328, 21.579646094164413 ], [ -100.236193660691441, 21.579934804029559 ], [ -100.235791803386022, 21.580561400986884 ], [ -100.236284607848432, 21.581712769638024 ], [ -100.236002976997028, 21.582461736188197 ], [ -100.236252354650063, 21.583202892950965 ], [ -100.235851975160372, 21.583912226646081 ], [ -100.236040867168285, 21.584571514790436 ], [ -100.235459762829535, 21.585076609829351 ], [ -100.235715086224758, 21.586148712704027 ], [ -100.234667894349968, 21.586991691708612 ], [ -100.235031566796494, 21.58752427413155 ], [ -100.235406384987556, 21.58867737851492 ], [ -100.234137266683291, 21.590309821104338 ], [ -100.234964810441596, 21.590380414774188 ], [ -100.235670631477348, 21.590245898910975 ], [ -100.236371991985536, 21.589863171103062 ], [ -100.237064428385892, 21.588984022579588 ], [ -100.237828500214235, 21.588807261597186 ], [ -100.241524121446417, 21.587552832130765 ], [ -100.242124576713977, 21.588123286606397 ], [ -100.242603305502257, 21.588488638697765 ], [ -100.243548847110318, 21.588557449645595 ], [ -100.244484698492755, 21.588088470785056 ], [ -100.246779845655283, 21.587723549260371 ], [ -100.24815407868843, 21.588654959688068 ], [ -100.249048833415273, 21.589179658761061 ], [ -100.24993612423836, 21.589290673425857 ], [ -100.250773379874161, 21.589898971282445 ], [ -100.251780178227435, 21.590090965420298 ], [ -100.252604733322585, 21.589995999515782 ], [ -100.2535778718199, 21.5883264287171 ], [ -100.257127608671894, 21.585542798222896 ], [ -100.25759662540473, 21.585370324394614 ], [ -100.258184393210882, 21.585237465915821 ], [ -100.260085187207636, 21.585912687630529 ], [ -100.260736456126551, 21.586027150344464 ], [ -100.261263721064523, 21.585812422049006 ], [ -100.261905235815078, 21.585389099686072 ], [ -100.261707223980551, 21.584233433825009 ], [ -100.261925970987775, 21.583278468384538 ], [ -100.262092468135748, 21.582696689287399 ], [ -100.262558467413442, 21.582358731220594 ], [ -100.263144716485044, 21.5821431205434 ], [ -100.264204465646017, 21.582003222543324 ], [ -100.265019950063476, 21.581411785344201 ], [ -100.265427689755029, 21.581116065352536 ], [ -100.265957183730322, 21.581025426306734 ], [ -100.266486676955722, 21.580934785608147 ], [ -100.267260436744948, 21.581295672651549 ], [ -100.267682457066329, 21.581785932609442 ], [ -100.267805720305631, 21.58207374821577 ], [ -100.266997009899171, 21.583037507470124 ], [ -100.266945526661814, 21.583452062610633 ], [ -100.267248047503429, 21.583861345346843 ], [ -100.267667819873424, 21.584227501944365 ], [ -100.269143592885271, 21.584246889296892 ], [ -100.27004892587756, 21.585350619564952 ], [ -100.270822717644805, 21.585711488282289 ], [ -100.271477003980564, 21.585991378813901 ], [ -100.272126773227257, 21.586023061425657 ], [ -100.272779556344545, 21.586220211582727 ], [ -100.273660056898052, 21.585958792205467 ], [ -100.274252332300293, 21.586074082599254 ], [ -100.274791639130768, 21.58652119224212 ], [ -100.275099466861093, 21.587220031509986 ], [ -100.275027464078875, 21.589745210466827 ], [ -100.275525887670625, 21.591186017275135 ], [ -100.275314010434798, 21.592513302926903 ], [ -100.276633983589406, 21.593693552907077 ], [ -100.277004615846053, 21.594598341567721 ], [ -100.277248183898706, 21.595008485524961 ], [ -100.277722488649331, 21.595125526569024 ], [ -100.277868868547472, 21.595061268611726 ], [ -100.278015248310666, 21.594997010531539 ], [ -100.278124196585566, 21.594498836263291 ], [ -100.278348132553319, 21.593833426595374 ], [ -100.278460099827242, 21.593500721666711 ], [ -100.278929113031666, 21.593328187863278 ], [ -100.281235568965727, 21.593583301679242 ], [ -100.281591106832394, 21.593660732305548 ], [ -100.282003380730572, 21.593613176003636 ], [ -100.28235362482468, 21.59340103380536 ], [ -100.283224312984728, 21.592601787855166 ], [ -100.283514025889431, 21.589080259206309 ], [ -100.284480768889594, 21.590307120676417 ], [ -100.285201673148251, 21.590999742474292 ], [ -100.285557206256655, 21.591077164858184 ], [ -100.286029231457974, 21.591070080818085 ], [ -100.286193366097137, 21.590364180684254 ], [ -100.28630682763297, 21.590114205866421 ], [ -100.286539051501649, 21.589903826784997 ], [ -100.28735902732025, 21.589560486418669 ], [ -100.287537550192269, 21.589640562700854 ], [ -100.287960419489082, 21.590172133426041 ], [ -100.287977091976984, 21.591082212241151 ], [ -100.28804064230728, 21.59132952923963 ], [ -100.288583041503443, 21.591942059672824 ], [ -100.289002888942619, 21.592308158313998 ], [ -100.289595199524328, 21.592423392140724 ], [ -100.289844865410373, 21.593164453570019 ], [ -100.290267753769385, 21.593696017284724 ], [ -100.290686093145538, 21.593979376836003 ], [ -100.291164197249543, 21.594303214924594 ], [ -100.291580263206995, 21.594462470633932 ], [ -100.292119652618013, 21.594909519506505 ], [ -100.292131798528175, 21.595571393388052 ], [ -100.293387607845915, 21.596462820108311 ], [ -100.294163031427033, 21.596906308188085 ], [ -100.294702437781154, 21.597353347712403 ], [ -100.294946059294944, 21.597763462924732 ], [ -100.295011144878501, 21.59809351043101 ], [ -100.294548977156083, 21.598638392789368 ], [ -100.294494530372447, 21.598887483869603 ], [ -100.294855406641446, 21.599254454447369 ], [ -100.296046935638941, 21.599857178000427 ], [ -100.296818582502183, 21.600093817179761 ], [ -100.297233910082554, 21.600211690509138 ], [ -100.297533507398569, 21.600455443477838 ], [ -100.29777485981829, 21.600741452787414 ], [ -100.297610012362782, 21.601405994288079 ], [ -100.297804533493121, 21.60235476497359 ], [ -100.29773483988987, 21.603073979142732 ], [ -100.297665145799087, 21.603793193256685 ], [ -100.29808027706629, 21.60470345084066 ], [ -100.298983798173396, 21.605609894412773 ], [ -100.299883929977199, 21.606135735959899 ], [ -100.300378439282369, 21.606816992654661 ], [ -100.302271686221275, 21.607749276560373 ], [ -100.302216488029245, 21.607957002548318 ], [ -100.302442507698544, 21.608218119903928 ], [ -100.303241764491517, 21.609141479611832 ], [ -100.303309925696468, 21.609636989571563 ], [ -100.303197243306428, 21.609928341549953 ], [ -100.303144333518247, 21.610260168269676 ], [ -100.303207156945589, 21.610466110379271 ], [ -100.304227119634774, 21.611361012044945 ], [ -100.304292233921345, 21.611691054033514 ], [ -100.304240089163841, 21.612064247743781 ], [ -100.30389593889123, 21.612607370679402 ], [ -100.303967918961035, 21.6133097139924 ], [ -100.303400683683265, 21.614559641201922 ], [ -100.303654277299287, 21.615507508559404 ], [ -100.304020559800747, 21.616164022839193 ], [ -100.304688779592695, 21.617188373695708 ], [ -100.304577621308795, 21.617562460045267 ], [ -100.304465699390306, 21.617895179563007 ], [ -100.30452929171679, 21.618142487496954 ], [ -100.305009796720299, 21.618590379625882 ], [ -100.305084076726672, 21.619416821797294 ], [ -100.305205158412548, 21.619580502918197 ], [ -100.305266462738956, 21.619703710184801 ], [ -100.305737813097195, 21.619655198901995 ], [ -100.307057514353602, 21.620793812380906 ], [ -100.307832345822675, 21.621195860171721 ], [ -100.308731326542357, 21.621927049013834 ], [ -100.309266284761719, 21.622125833127299 ], [ -100.309916980452556, 21.622198726172716 ], [ -100.310329321443888, 21.622151096228642 ], [ -100.311088101653979, 21.621684428805096 ], [ -100.311318805211926, 21.621391281927828 ], [ -100.312556583879768, 21.621289745637018 ], [ -100.313732282400508, 21.621023629933017 ], [ -100.314630523759092, 21.621713418878894 ], [ -100.315108771954471, 21.622037179816125 ], [ -100.315524941784759, 21.622196369795073 ], [ -100.316409399659506, 21.622141550806948 ], [ -100.317827291519677, 21.622202750087883 ], [ -100.318885723253246, 21.621979759486095 ], [ -100.319768642407155, 21.62184218982684 ], [ -100.321476996401785, 21.621650668325429 ], [ -100.321996605102498, 21.621022082220744 ], [ -100.322651141090361, 21.621301757405838 ], [ -100.323401342023843, 21.621162404837872 ], [ -100.324592464826679, 21.620941141988659 ], [ -100.326735662550874, 21.622747149485264 ], [ -100.331686574039367, 21.625385889836156 ], [ -100.333771497676125, 21.626497039051515 ], [ -100.339418103915577, 21.62964882614995 ], [ -100.343750402108554, 21.631516943663172 ], [ -100.346025660457215, 21.631817242999421 ], [ -100.347011050356684, 21.631947289274933 ], [ -100.350244774495437, 21.632133796011516 ], [ -100.349589307802475, 21.633124214185248 ], [ -100.347948443185501, 21.635603513248558 ], [ -100.347539185094831, 21.635816701201534 ], [ -100.346598748016007, 21.636038060932464 ], [ -100.345541818422433, 21.636343962534671 ], [ -100.344431288209421, 21.636940326229894 ], [ -100.343735441154195, 21.637613066271633 ], [ -100.342921546123065, 21.638287617177777 ], [ -100.342516144534997, 21.638707623133751 ], [ -100.342349922562505, 21.639289465945602 ], [ -100.341892463395638, 21.640082670563942 ], [ -100.341443514938007, 21.641330899493749 ], [ -100.341517246264303, 21.642115946071325 ], [ -100.341592527082213, 21.642983724366754 ], [ -100.341963698759074, 21.643888336153548 ], [ -100.342272754088867, 21.644628389783364 ], [ -100.342461441870199, 21.645246158372284 ], [ -100.34235268858113, 21.645744362602095 ], [ -100.342126661043309, 21.646285745941 ], [ -100.341840833271235, 21.646786669651423 ], [ -100.341794973337031, 21.647490796576111 ], [ -100.341745241252823, 21.647988093940231 ], [ -100.341524628709337, 21.648819037934626 ], [ -100.34124885984761, 21.649857717584695 ], [ -100.341703167367768, 21.650471407568681 ], [ -100.342157478810222, 21.651085096067391 ], [ -100.340714343470012, 21.652845125557342 ], [ -100.340526957844205, 21.653085924686653 ], [ -100.340339571607529, 21.653326723629714 ], [ -100.340245878260106, 21.653447123031388 ], [ -100.340152184759944, 21.653567522386499 ], [ -100.339964797301462, 21.653808320957012 ], [ -100.339563215510978, 21.654435151170699 ], [ -100.33910260266201, 21.655062886278237 ], [ -100.33846026035782, 21.655445141320502 ], [ -100.338997701166207, 21.655767918292764 ], [ -100.339475342296353, 21.656050233370994 ], [ -100.340005820901951, 21.656000713750149 ], [ -100.340714931602861, 21.65603120537228 ], [ -100.341542872988825, 21.656101246638155 ], [ -100.342253533526815, 21.656214463355049 ], [ -100.34279175986822, 21.656578593275324 ], [ -100.343215032164068, 21.657109999093755 ], [ -100.343342389458002, 21.657604574491742 ], [ -100.343004491872051, 21.658478700178605 ], [ -100.342428923464453, 21.659273721778025 ], [ -100.342205202435963, 21.659939202934599 ], [ -100.342337983162835, 21.660723339783456 ], [ -100.343026064125056, 21.662781652040536 ], [ -100.343525442734091, 21.664222195784024 ], [ -100.343326197510038, 21.66461834684188 ], [ -100.343126951247115, 21.665014497698277 ], [ -100.342847294611389, 21.665846350086031 ], [ -100.342507052681484, 21.666596377686091 ], [ -100.342464295450029, 21.66746596647608 ], [ -100.342419212952166, 21.668211457834396 ], [ -100.3421348973786, 21.668795114514605 ], [ -100.341556962006109, 21.669466037102669 ], [ -100.341150699773493, 21.669844677083585 ], [ -100.340567333972416, 21.670226035932249 ], [ -100.339806863063558, 21.670610111853502 ], [ -100.338515854318416, 21.671043703782324 ], [ -100.338536751879488, 21.672160581581387 ], [ -100.338076082628092, 21.672788315657137 ], [ -100.33749347043593, 21.673211030443714 ], [ -100.336850272392411, 21.673551916923579 ], [ -100.336146489084143, 21.673810974367974 ], [ -100.336092093729945, 21.674060074695852 ], [ -100.33615576941439, 21.674307364900038 ], [ -100.336101373940053, 21.674556465225205 ], [ -100.336225632505844, 21.674885582044581 ], [ -100.336292402565263, 21.67529833561948 ], [ -100.336303230675313, 21.675877457757508 ], [ -100.336188251855887, 21.676044731504742 ], [ -100.336079459903402, 21.676542932120508 ], [ -100.336026610455519, 21.676874764136791 ], [ -100.336089514137441, 21.677080688363503 ], [ -100.336213001725199, 21.677368439125452 ], [ -100.336157832069048, 21.677576173574412 ], [ -100.336105755997281, 21.677949371444345 ], [ -100.33599232224995, 21.678199376829419 ], [ -100.33582217093398, 21.678574384785581 ], [ -100.335476452824182, 21.679034839209187 ], [ -100.334251349804788, 21.679839789999537 ], [ -100.333728509422258, 21.680302954594275 ], [ -100.332966422044194, 21.680604270538943 ], [ -100.332033394867949, 21.681239221828154 ], [ -100.332094750489077, 21.681362415820896 ], [ -100.332282680150058, 21.68193882718203 ], [ -100.332113287577172, 21.682355197796603 ], [ -100.331708509728415, 21.682816549029507 ], [ -100.332127963234043, 21.683141150101402 ], [ -100.332016063699726, 21.683473884991137 ], [ -100.330528900726691, 21.686062064207405 ], [ -100.275488142255952, 21.689351422430484 ] ] ] ] } },
{ "type": "Feature", "properties": { "ID": 25, "ENTIDAD": 11, "MUNICIPIO": 33, "NOMBRE": "SAN LUIS DE LA PAZ", "CONTROL": 46, "GEOMETRY1_": null, "ID_2": 2524, "ENTIDAD_2": 11, "DISTRITO_F": 1, "DISTRITO_L": 2, "MUNICIPIO_2": 33, "SECCION": 2566, "TIPO": 4, "CONTROL_2": 344, "GEOMETRY1__2": null }, "geometry": { "type": "MultiPolygon", "coordinates": [ [ [ [ -100.210151478635439, 21.569060572901272 ], [ -100.209886820284254, 21.567450624588819 ], [ -100.210115449732967, 21.567033504213171 ], [ -100.210746748164553, 21.566031212391909 ], [ -100.211089685064323, 21.565405530180008 ], [ -100.211835280180239, 21.564194673865888 ], [ -100.212002698135947, 21.563654303803439 ], [ -100.212625875158523, 21.562196949659935 ], [ -100.212853753204186, 21.56173845728771 ], [ -100.213019693070521, 21.561115348889615 ], [ -100.213185631652223, 21.560492240347131 ], [ -100.213358929309734, 21.560282818983257 ], [ -100.213462193100511, 21.559453725788835 ], [ -100.213389216383007, 21.558668579064364 ], [ -100.213323600534395, 21.558297119629035 ], [ -100.214729092326309, 21.557697330451955 ], [ -100.216728168453045, 21.557295770466105 ], [ -100.218194100917358, 21.556777830045515 ], [ -100.218890192284348, 21.556105599218267 ], [ -100.21975587097775, 21.55501709508367 ], [ -100.220044919595566, 21.554681838571319 ], [ -100.220273501171846, 21.554264705937261 ], [ -100.220737302511722, 21.553802757558927 ], [ -100.221089764694369, 21.553714849427323 ], [ -100.221442226414766, 21.553626940569409 ], [ -100.221912666875227, 21.553537306704822 ], [ -100.222619803407142, 21.553485590669972 ], [ -100.223147016000553, 21.553270985172801 ], [ -100.222782000725715, 21.552655631341302 ], [ -100.222652944540272, 21.552036827109635 ], [ -100.222643344024419, 21.551499035187867 ], [ -100.222975857735904, 21.550294170902816 ], [ -100.223146913634793, 21.549960634512612 ], [ -100.223244208395244, 21.548800588312112 ], [ -100.223229436413362, 21.547973215990648 ], [ -100.223150508037619, 21.546857125696881 ], [ -100.222904960438683, 21.546322783213657 ], [ -100.222545871935367, 21.546038376610309 ], [ -100.221770188999869, 21.545553160137032 ], [ -100.221412580590368, 21.545351488198069 ], [ -100.220998200609998, 21.545274783144972 ], [ -100.220755614990622, 21.544905911607824 ], [ -100.220397271781309, 21.544662868650381 ], [ -100.219861971850676, 21.544422408741628 ], [ -100.219387134343179, 21.544263823356374 ], [ -100.219033218816548, 21.544268989532828 ], [ -100.218680040449115, 21.544315523677238 ], [ -100.218263453196215, 21.544114705437746 ], [ -100.218020139336105, 21.543704460721262 ], [ -100.217953783571446, 21.543291633958898 ], [ -100.217473793589377, 21.542843461623505 ], [ -100.217214275371319, 21.541523102861461 ], [ -100.217085991664717, 21.540945660696742 ], [ -100.216472576551624, 21.539630460930972 ], [ -100.215988921748718, 21.538975439395852 ], [ -100.215332001309648, 21.538529838968159 ], [ -100.214914699120243, 21.538287642417473 ], [ -100.214083777757267, 21.538010090128434 ], [ -100.213488057448288, 21.537687729331303 ], [ -100.212766283641955, 21.536912026106322 ], [ -100.213396708492169, 21.535868358809726 ], [ -100.213916516990636, 21.535240095919878 ], [ -100.214548398506494, 21.534279162481294 ], [ -100.215965438593912, 21.534341273495723 ], [ -100.216370948852983, 21.533921567015902 ], [ -100.217237997516889, 21.532915816050128 ], [ -100.217698061187946, 21.532247033724893 ], [ -100.218042369449762, 21.531704077450733 ], [ -100.218274608683657, 21.531493791820708 ], [ -100.218797328757177, 21.531030990263133 ], [ -100.219265487800897, 21.530817260658242 ], [ -100.219790414030598, 21.530478562528135 ], [ -100.220314600378799, 21.530098494086516 ], [ -100.220838783962762, 21.529718424109472 ], [ -100.221185287624252, 21.529299568274595 ], [ -100.221475022783054, 21.529005679580102 ], [ -100.222350124791575, 21.528454960621151 ], [ -100.222819008112111, 21.528282590342492 ], [ -100.223220791013361, 21.527656025021042 ], [ -100.223567283001529, 21.527237164691947 ], [ -100.223798030463627, 21.526944134541868 ], [ -100.223968321599642, 21.52656922906608 ], [ -100.224310378263979, 21.525902155090794 ], [ -100.224481405472062, 21.525568617876218 ], [ -100.224773342383855, 21.525398830111083 ], [ -100.224825673352868, 21.525025649113783 ], [ -100.224877265526132, 21.524611099388729 ], [ -100.224990050953636, 21.524319793085077 ], [ -100.224864709841555, 21.523907831324468 ], [ -100.224684823115453, 21.523744944291991 ], [ -100.224560960360307, 21.523415719649442 ], [ -100.224611076028552, 21.522918432477653 ], [ -100.224721645393146, 21.52250302017017 ], [ -100.224423806755794, 21.522341857818688 ], [ -100.224235062396787, 21.521682545372663 ], [ -100.224225464102517, 21.521144751810102 ], [ -100.22433455681778, 21.520646602208824 ], [ -100.224619838620143, 21.52010449645276 ], [ -100.224792335946859, 21.519853696517295 ], [ -100.224896995133193, 21.519107334199013 ], [ -100.224827681238096, 21.518529034416918 ], [ -100.224760583246237, 21.518074840771089 ], [ -100.225207274933396, 21.516661403054769 ], [ -100.225020012702402, 21.516084828373465 ], [ -100.224537881168331, 21.515512565459048 ], [ -100.224414764978533, 21.515224708807029 ], [ -100.223819119502252, 21.514902380728287 ], [ -100.223563297656483, 21.513788871813485 ], [ -100.223438709094552, 21.513418276644231 ], [ -100.223064947474967, 21.512306490302048 ], [ -100.222938148311712, 21.51181178815515 ], [ -100.222388215915615, 21.510743953567435 ], [ -100.222380840049681, 21.510330265329177 ], [ -100.221950336120472, 21.509343443315959 ], [ -100.221886202424699, 21.509054722763626 ], [ -100.22145275690167, 21.507902423577651 ], [ -100.221207288569758, 21.507368072763278 ], [ -100.220830613375909, 21.506090803605414 ], [ -100.220529128246625, 21.505722787808551 ], [ -100.220094230893565, 21.504487745885186 ], [ -100.219969660188696, 21.504117146931215 ], [ -100.219357865332327, 21.502884683852191 ], [ -100.219232561517273, 21.502472715205524 ], [ -100.218561811777064, 21.501241108564162 ], [ -100.218320047474563, 21.500913596782173 ], [ -100.216825775345654, 21.500219364051773 ], [ -100.216764785435714, 21.500075092258808 ], [ -100.216703795652649, 21.499930820435448 ], [ -100.216581816466828, 21.499642276697578 ], [ -100.216491473092901, 21.499518990250674 ], [ -100.2164011298742, 21.499395703746018 ], [ -100.216220443902714, 21.499149130563183 ], [ -100.216099480083571, 21.498943360998684 ], [ -100.215978516615664, 21.498737591325646 ], [ -100.215915754457228, 21.498448463512279 ], [ -100.215884373482126, 21.498303899588684 ], [ -100.215852992576444, 21.498159335653842 ], [ -100.215669268897258, 21.497664437764989 ], [ -100.215313477121668, 21.49762654984853 ], [ -100.214897458345874, 21.497506469518704 ], [ -100.21453913517314, 21.497261643191901 ], [ -100.214357442422084, 21.496932292955492 ], [ -100.214235470592044, 21.496643747066326 ], [ -100.214440440408708, 21.496455464147672 ], [ -100.214542925118963, 21.496361322601686 ], [ -100.214645409697198, 21.496267180998071 ], [ -100.214850884900613, 21.496120284966622 ], [ -100.214953622345405, 21.496046836862355 ], [ -100.215056359685647, 21.495973388699216 ], [ -100.215122151805176, 21.495905478319088 ], [ -100.215187943863967, 21.49583756791538 ], [ -100.21531952779911, 21.495701747037245 ], [ -100.215451111491149, 21.495565926064891 ], [ -100.215582694939997, 21.495430104998139 ], [ -100.215727941433769, 21.495201016506901 ], [ -100.215800564514737, 21.495086472219665 ], [ -100.215873187485116, 21.494971927904587 ], [ -100.216018686468118, 21.494763532859618 ], [ -100.216091435807613, 21.494659335294994 ], [ -100.216127810439332, 21.494607236502155 ], [ -100.21616418504577, 21.494555137702296 ], [ -100.216296780586035, 21.494502090798566 ], [ -100.216429376025573, 21.494449043793789 ], [ -100.2166945666022, 21.494342949480959 ], [ -100.216901304483585, 21.494299519431262 ], [ -100.217108042229128, 21.494256089131227 ], [ -100.217315033391188, 21.494233352239739 ], [ -100.217522024475258, 21.494210615094694 ], [ -100.217756846551524, 21.494042730123283 ], [ -100.217844841282997, 21.493974599765828 ], [ -100.217932835931762, 21.493906469365246 ], [ -100.218108824981002, 21.493770208435194 ], [ -100.218284813699213, 21.493633947332928 ], [ -100.218460802086483, 21.49349768605865 ], [ -100.218621352725364, 21.493309836552648 ], [ -100.218639297702353, 21.493288840303563 ], [ -100.21878190295665, 21.493121986907781 ], [ -100.218942452780325, 21.492934137123882 ], [ -100.219103002196377, 21.492746287201033 ], [ -100.219142949139368, 21.492683804462871 ], [ -100.219182896049162, 21.492621321716221 ], [ -100.219262789769132, 21.492496356197829 ], [ -100.219422576810771, 21.492246425060213 ], [ -100.219582363321251, 21.491996493788267 ], [ -100.219742149300686, 21.491746562382104 ], [ -100.219939208560973, 21.49146429760226 ], [ -100.220136267077848, 21.49118203261672 ], [ -100.220207716930929, 21.491079688125641 ], [ -100.220441007113635, 21.490787637850577 ], [ -100.220674296378903, 21.490495587283764 ], [ -100.220787892594871, 21.49010123820624 ], [ -100.220901488251826, 21.489706889062305 ], [ -100.220928934504897, 21.489530700612633 ], [ -100.220956380703129, 21.489354512157956 ], [ -100.221011272935016, 21.48900213523358 ], [ -100.220995454200732, 21.488919506922116 ], [ -100.220979635486728, 21.488836878607504 ], [ -100.220947998119684, 21.488671621968969 ], [ -100.220884723629268, 21.488341108654062 ], [ -100.220794130260202, 21.488197130567599 ], [ -100.220703537074428, 21.488053152421031 ], [ -100.220641025359612, 21.487784719894272 ], [ -100.220578513899511, 21.487516287324734 ], [ -100.220457300690995, 21.487289826820767 ], [ -100.2203360878718, 21.487063366205096 ], [ -100.219920096151952, 21.486943297011155 ], [ -100.219797615296216, 21.486613367656247 ], [ -100.219793554013805, 21.486282269127887 ], [ -100.219789492790312, 21.48595117058575 ], [ -100.219876022299502, 21.485764050829339 ], [ -100.219962551597959, 21.485576931034494 ], [ -100.220109051403597, 21.485451307547958 ], [ -100.220255550956665, 21.485325683943032 ], [ -100.220783353584196, 21.48490654783113 ], [ -100.221193243718361, 21.484529967528697 ], [ -100.221899682876241, 21.484191847617023 ], [ -100.222164596688103, 21.484065051916506 ], [ -100.222297053415645, 21.484001653916248 ], [ -100.222429510024241, 21.483938255815957 ], [ -100.222548943769723, 21.484019859475882 ], [ -100.222608660691591, 21.484060661271212 ], [ -100.222668377646201, 21.484101463043419 ], [ -100.222728730191534, 21.48419399889147 ], [ -100.222789082815126, 21.484286534713107 ], [ -100.222849435517077, 21.4843790705084 ], [ -100.222909788297287, 21.484471606277179 ], [ -100.222944589003802, 21.48453778326606 ], [ -100.223002979379885, 21.484648818186628 ], [ -100.223061369847969, 21.484759853081044 ], [ -100.22313716085597, 21.484903976417126 ], [ -100.223212952019026, 21.485048099709324 ], [ -100.223452839674934, 21.485294080191757 ], [ -100.223625379510125, 21.484878450037758 ], [ -100.223622835955652, 21.484671513730689 ], [ -100.223620292424229, 21.484464577418223 ], [ -100.223598950754365, 21.484393262281873 ], [ -100.223577609107011, 21.484321947141215 ], [ -100.223506322783223, 21.484083736545934 ], [ -100.223435036710882, 21.483845525902503 ], [ -100.223402380726782, 21.483597495171274 ], [ -100.223369724875838, 21.483349464421217 ], [ -100.22324215415945, 21.482605664907855 ], [ -100.2232335087362, 21.48190208114104 ], [ -100.223342769725178, 21.481155938663271 ], [ -100.223631685420898, 21.480573587958183 ], [ -100.223918564105333, 21.479825687699719 ], [ -100.223970775436172, 21.479840757222682 ], [ -100.224022986776987, 21.479855826728695 ], [ -100.224334538021296, 21.479945747843583 ], [ -100.224633625564806, 21.480191141039981 ], [ -100.224871725662396, 21.480292264467362 ], [ -100.22510982607433, 21.480393387538644 ], [ -100.225525802444565, 21.480513444586013 ], [ -100.226120928651483, 21.480755902353327 ], [ -100.226359794716984, 21.480919104415765 ], [ -100.226598661306468, 21.48108230610827 ], [ -100.22677934020102, 21.481328868815698 ], [ -100.227078944183859, 21.481615644487295 ], [ -100.227257076160996, 21.481655270507449 ], [ -100.227435208224819, 21.481694896332826 ], [ -100.227731245500181, 21.481691960261184 ], [ -100.228024733261606, 21.481482087642178 ], [ -100.228170966890943, 21.481335763949012 ], [ -100.228317200228972, 21.481189440139314 ], [ -100.228727060087678, 21.480812842609883 ], [ -100.229048872711587, 21.48049920653639 ], [ -100.229370683959431, 21.480185569897387 ], [ -100.229896910024522, 21.479642245317034 ], [ -100.230277668775699, 21.479307325488367 ], [ -100.230658425779254, 21.478972404862308 ], [ -100.231655736795375, 21.47821743269736 ], [ -100.232272033448027, 21.477776686253222 ], [ -100.232888326338539, 21.477335937691297 ], [ -100.233079210709249, 21.477209861873959 ], [ -100.23327009474518, 21.4770837858524 ], [ -100.233651861812987, 21.476831633197083 ], [ -100.234063230160459, 21.476579185022718 ], [ -100.234413857135152, 21.476203164060642 ], [ -100.234764482321651, 21.475827142432937 ], [ -100.235470846109465, 21.475488968308863 ], [ -100.235942948117284, 21.475360087225027 ], [ -100.235974956605446, 21.475351349039457 ], [ -100.23641504922719, 21.475231204845713 ], [ -100.236830250037798, 21.475289153449744 ], [ -100.237245451121737, 21.475347101006143 ], [ -100.237840572988006, 21.475589517262204 ], [ -100.238106994338011, 21.475586858771852 ], [ -100.238373415655005, 21.475584199857177 ], [ -100.238906258189957, 21.475578880755311 ], [ -100.239731532495028, 21.475280893936617 ], [ -100.240115335844095, 21.475194275374879 ], [ -100.240499138693409, 21.475107655952801 ], [ -100.241031979045374, 21.475102330161036 ], [ -100.241619914849977, 21.474765314528401 ], [ -100.241912083817084, 21.474451951448341 ], [ -100.242204251542518, 21.474138587906531 ], [ -100.242409667384706, 21.47399166040902 ], [ -100.242615082808925, 21.473844732676348 ], [ -100.243025912403411, 21.473550876505989 ], [ -100.2434073955298, 21.473278009220166 ], [ -100.243749609762645, 21.473033228624924 ], [ -100.243788877214598, 21.473005141123672 ], [ -100.244037761817808, 21.472648481195819 ], [ -100.244254276697816, 21.472338206512919 ], [ -100.244247778495392, 21.472292655008427 ], [ -100.244221846447033, 21.472110874576988 ], [ -100.244189416316061, 21.471883542623868 ], [ -100.244390712370532, 21.471405517037258 ], [ -100.244491359932283, 21.471166504166934 ], [ -100.244592007183741, 21.470927491245138 ], [ -100.245184034156722, 21.470921559918832 ], [ -100.245480047581779, 21.470918593470167 ], [ -100.245776060965895, 21.470915626497987 ], [ -100.245982240783263, 21.470830775387299 ], [ -100.246188420350393, 21.470745924032954 ], [ -100.24665998124928, 21.47057562685114 ], [ -100.246925104989941, 21.470469487387206 ], [ -100.247190228327369, 21.470363347520092 ], [ -100.247485725209899, 21.470318990638653 ], [ -100.247781221885333, 21.470274633243317 ], [ -100.247958828977062, 21.470272850717027 ], [ -100.248136436053997, 21.470271068002258 ], [ -100.248631585508377, 21.470328941166802 ], [ -100.248788692966414, 21.47034730359881 ], [ -100.249382779462593, 21.470506905149378 ], [ -100.249679307354228, 21.470545318209442 ], [ -100.250030910622087, 21.470252040649516 ], [ -100.250265140027963, 21.470042726267383 ], [ -100.250427301106896, 21.469989356275569 ], [ -100.250589462060006, 21.469935986131947 ], [ -100.250913783588729, 21.469829245388933 ], [ -100.251046472163921, 21.469786519157214 ], [ -100.25117916065652, 21.469743792823635 ], [ -100.25144453739405, 21.46965833985125 ], [ -100.251975289878246, 21.469487432685209 ], [ -100.252211710289131, 21.469454009919122 ], [ -100.252300284800953, 21.469441488046261 ], [ -100.252448130574024, 21.469420586823713 ], [ -100.252920970765601, 21.469353739645271 ], [ -100.253481579502335, 21.469203223276757 ], [ -100.25404218699093, 21.469052705081747 ], [ -100.254867390323042, 21.46875464658584 ], [ -100.255147433881802, 21.468658692057634 ], [ -100.255427477051029, 21.468562737077054 ], [ -100.255987562220909, 21.468370825759219 ], [ -100.256267474817037, 21.468264522722144 ], [ -100.256547386985147, 21.46815821923483 ], [ -100.257107210036992, 21.467945610909862 ], [ -100.258111039616722, 21.467728518247586 ], [ -100.259296616526385, 21.467840719308843 ], [ -100.259622481882317, 21.467858122418949 ], [ -100.259948347280272, 21.467875524889958 ], [ -100.260360161175313, 21.467664401891597 ], [ -100.260655647374421, 21.467620022177506 ], [ -100.260951133366049, 21.467575641949793 ], [ -100.261838628446895, 21.467525271601986 ], [ -100.262439954570311, 21.466996080652272 ], [ -100.263361224781931, 21.46618531487114 ], [ -100.26394439256643, 21.465475744464548 ], [ -100.264527554780585, 21.464766172242722 ], [ -100.265232230721693, 21.464303717861675 ], [ -100.26605582109292, 21.463881446432818 ], [ -100.267915827536243, 21.462188633557425 ], [ -100.268631414568389, 21.46153735424565 ], [ -100.269131363109935, 21.461365113379031 ], [ -100.270231620383854, 21.460986049248149 ], [ -100.271107309999536, 21.460684347406971 ], [ -100.271075624431347, 21.460519102164799 ], [ -100.271043938944814, 21.460353856909922 ], [ -100.271098963558444, 21.460022162017207 ], [ -100.271245653512679, 21.459917190002813 ], [ -100.271807851470612, 21.45988592444974 ], [ -100.272370049082312, 21.459854657018472 ], [ -100.273434162621086, 21.46000431953852 ], [ -100.273846065630011, 21.459956801175231 ], [ -100.274322177294835, 21.460197979943224 ], [ -100.274738588409448, 21.460398668151996 ], [ -100.274918446082509, 21.460561503563884 ], [ -100.275040104742757, 21.460766585999835 ], [ -100.27527816262571, 21.460887173738662 ], [ -100.275575171824869, 21.461006881824169 ], [ -100.275868423159608, 21.460919748837679 ], [ -100.276101971540626, 21.460792126749492 ], [ -100.276575833756695, 21.460909194479598 ], [ -100.277050448657448, 21.4610676289095 ], [ -100.277822076029011, 21.461345765903062 ], [ -100.27818104836534, 21.461630061328229 ], [ -100.278542279397854, 21.462038460052323 ], [ -100.278667706731753, 21.462450379729656 ], [ -100.27873042068579, 21.462656339512527 ], [ -100.279030446404974, 21.462941513266713 ], [ -100.27944687131307, 21.463142188978996 ], [ -100.279979695098888, 21.463258365797838 ], [ -100.280634941519821, 21.463620986670815 ], [ -100.280993924795908, 21.463905275432872 ], [ -100.281238771556872, 21.464398166046664 ], [ -100.281304503159788, 21.464769596534534 ], [ -100.28125157697788, 21.465101421794095 ], [ -100.28143747418396, 21.465595193289627 ], [ -100.281680818726528, 21.466005347000735 ], [ -100.28264441272006, 21.467108174133802 ], [ -100.282764580347305, 21.467230514094982 ], [ -100.282886255734013, 21.467435589840481 ], [ -100.282893039798296, 21.467807901300443 ], [ -100.282899823950899, 21.468180212742254 ], [ -100.282967069625158, 21.468634377985897 ], [ -100.28314996211013, 21.468962675147022 ], [ -100.283218716884662, 21.469499576041198 ], [ -100.283169563536347, 21.470038241208051 ], [ -100.283060701453451, 21.470536420564994 ], [ -100.282954100351944, 21.471158703622528 ], [ -100.283483939689319, 21.471109395920209 ], [ -100.283836914288287, 21.471062733893852 ], [ -100.284368261373345, 21.471096159215001 ], [ -100.284838390614965, 21.471006361956647 ], [ -100.285544337864422, 21.470913031516069 ], [ -100.286071910725539, 21.470739612096359 ], [ -100.286657681835962, 21.470523939826943 ], [ -100.287184496748537, 21.470309149175332 ], [ -100.287591135997289, 21.469972020894822 ], [ -100.28799701809335, 21.469593523870824 ], [ -100.288401387344649, 21.469132290290805 ], [ -100.288858663838994, 21.46833922911339 ], [ -100.288776291325604, 21.467057710511718 ], [ -100.288593389204252, 21.46672941994445 ], [ -100.288471706707938, 21.466524348705732 ], [ -100.288466419379162, 21.466234773809177 ], [ -100.288579037272825, 21.465943430976811 ], [ -100.288753628803946, 21.465816675415237 ], [ -100.289104321937671, 21.465645899453843 ], [ -100.289632626970231, 21.465513837679069 ], [ -100.291798738884594, 21.464653746950006 ], [ -100.294295826140115, 21.462547281467366 ], [ -100.295461217195978, 21.461784939550377 ], [ -100.296273650915211, 21.461069277718696 ], [ -100.296851033778651, 21.460398527299695 ], [ -100.297089864859785, 21.460560450835992 ], [ -100.296754344945555, 21.461558596847471 ], [ -100.296650837070871, 21.462346356881159 ], [ -100.296724939638509, 21.463172824244381 ], [ -100.29679980094096, 21.464040659151355 ], [ -100.296992567317233, 21.464906720081185 ], [ -100.297303240826281, 21.465771006521472 ], [ -100.29743478678283, 21.466513850538909 ], [ -100.297623013358759, 21.467131704134538 ], [ -100.297809725667079, 21.467666822072175 ], [ -100.298360773203783, 21.468775762297394 ], [ -100.299087174336265, 21.469799301687281 ], [ -100.29926327744684, 21.469755270681464 ], [ -100.299499092769054, 21.469751719218131 ], [ -100.299676712807965, 21.469790423017777 ], [ -100.299855091549844, 21.469870494235298 ], [ -100.30009318305909, 21.469991044747999 ], [ -100.300272320995987, 21.470112483097733 ], [ -100.30039478157137, 21.470358912277945 ], [ -100.3004567708238, 21.4705234944207 ], [ -100.30058150862105, 21.470894026199218 ], [ -100.302360766429757, 21.471446513310134 ], [ -100.302888318213817, 21.471273041732619 ], [ -100.303123376022569, 21.471228117494057 ], [ -100.303359193306136, 21.471224560470606 ], [ -100.303713678912018, 21.471260591844409 ], [ -100.303895100620764, 21.471506128647246 ], [ -100.304550438928075, 21.471868650603394 ], [ -100.305203499846144, 21.472107067313896 ], [ -100.305618463047097, 21.472224939522047 ], [ -100.30603266644583, 21.472301443182033 ], [ -100.306387915520034, 21.472378836191456 ], [ -100.306623734308928, 21.472375274472917 ], [ -100.307096132511901, 21.472409517501454 ], [ -100.307390905960986, 21.472405064050417 ], [ -100.307684918478387, 21.472359242629516 ], [ -100.308036363453198, 21.472229794853202 ], [ -100.308270659737786, 21.472143495941626 ], [ -100.308625148185811, 21.472179516721376 ], [ -100.30892068219751, 21.472216428028073 ], [ -100.309157261751935, 21.472254230176414 ], [ -100.309514034774736, 21.472414351299989 ], [ -100.312378154948092, 21.474233066937515 ], [ -100.312613976083583, 21.474229496623614 ], [ -100.312909514857765, 21.47426640060667 ], [ -100.313265534045456, 21.474385145889507 ], [ -100.313622316377391, 21.474545257710314 ], [ -100.313919381326428, 21.474664894506212 ], [ -100.314159016800943, 21.474868158564853 ], [ -100.314756963966715, 21.475314266085871 ], [ -100.315169653534269, 21.475308011795185 ], [ -100.315583106183354, 21.475343123773477 ], [ -100.315996558971477, 21.475378234718558 ], [ -100.316408485077659, 21.475330610090193 ], [ -100.316939849154821, 21.475363930691163 ], [ -100.317411494060821, 21.475356776684485 ], [ -100.317940566748931, 21.475265992356015 ], [ -100.318821079419038, 21.475045736116218 ], [ -100.319532366024106, 21.475241832789951 ], [ -100.319947347716294, 21.475359668338076 ], [ -100.320419756507562, 21.475393873046144 ], [ -100.320891400765333, 21.475386709222743 ], [ -100.321304854181875, 21.475421806964281 ], [ -100.321716013009649, 21.475332802165678 ], [ -100.3220092604098, 21.475245588325919 ], [ -100.322362993001363, 21.475240212240006 ], [ -100.324749542116493, 21.476734935578474 ], [ -100.324989195272664, 21.476938183114093 ], [ -100.325109405050256, 21.477060490286245 ], [ -100.325291634993363, 21.477347368587239 ], [ -100.325414909365222, 21.477635143855078 ], [ -100.325538950293051, 21.477964286080468 ], [ -100.325545844734592, 21.478336589817108 ], [ -100.325610163842512, 21.478625262096944 ], [ -100.325497612781618, 21.478916626194344 ], [ -100.325329168413489, 21.479374355762872 ], [ -100.325276339430332, 21.479706189599217 ], [ -100.325106361655287, 21.480081184824712 ], [ -100.325052766042106, 21.480371651522542 ], [ -100.325058893752669, 21.480702588154685 ], [ -100.325123213225083, 21.480991260538339 ], [ -100.325306214591137, 21.481319505509944 ], [ -100.325488450699481, 21.481606383161107 ], [ -100.325610197229793, 21.481811423813053 ], [ -100.325965477590287, 21.481888773409381 ], [ -100.326205141190073, 21.482092018557697 ], [ -100.326444805451843, 21.482295263323142 ], [ -100.326627811498696, 21.48262350656087 ], [ -100.326751859987326, 21.482952647336301 ], [ -100.326819250098609, 21.483406786894147 ], [ -100.327430303704958, 21.484556084152864 ], [ -100.328512276071478, 21.485656824522959 ], [ -100.329212884145548, 21.485273738748003 ], [ -100.33162330170282, 21.484864572287332 ], [ -100.334852207774077, 21.484070462507571 ], [ -100.336159296791038, 21.484588411929934 ], [ -100.338751942966113, 21.484466008366091 ], [ -100.337941914933651, 21.485305971148851 ], [ -100.337478707798454, 21.485768219664077 ], [ -100.336954229950649, 21.486107268015566 ], [ -100.336488709177189, 21.486445413555472 ], [ -100.335323359676678, 21.487208038464409 ], [ -100.334808866858239, 21.488084849632653 ], [ -100.334192590283635, 21.489832164572103 ], [ -100.333784475181474, 21.490086669086764 ], [ -100.333201780436312, 21.490467974009057 ], [ -100.332913121321042, 21.490803409828203 ], [ -100.332275300992308, 21.491392446283427 ], [ -100.33193535770593, 21.492142449360973 ], [ -100.331011931550762, 21.49323238299484 ], [ -100.330904757252767, 21.49381331856123 ], [ -100.330679656413892, 21.494396052914013 ], [ -100.330570176695289, 21.494852887600189 ], [ -100.330404036480758, 21.495434722264537 ], [ -100.330119200180491, 21.49597698841189 ], [ -100.328531019651791, 21.496208094970001 ], [ -100.327766025526898, 21.496302510000689 ], [ -100.327058460277897, 21.496313289497863 ], [ -100.324635580245499, 21.496060527816198 ], [ -100.324297885751989, 21.496934618543804 ], [ -100.32401532172932, 21.497600976534358 ], [ -100.32373352125957, 21.498308701141351 ], [ -100.323387392011639, 21.498727753171273 ], [ -100.322989187879685, 21.499520004568847 ], [ -100.323054279586003, 21.499850043920237 ], [ -100.323002206545539, 21.50022324390865 ], [ -100.323009098911271, 21.500595547062257 ], [ -100.323015991367612, 21.500967850197448 ], [ -100.322556516526262, 21.50163689656355 ], [ -100.321464481904144, 21.503184510238164 ], [ -100.320535553008355, 21.503984822846807 ], [ -100.319896860652278, 21.504532449584804 ], [ -100.319746733757384, 21.505982983837338 ], [ -100.318987799304551, 21.506408297941441 ], [ -100.318639343894944, 21.506703240212168 ], [ -100.318293945597375, 21.507163650109238 ], [ -100.317888047525599, 21.507542220396594 ], [ -100.317541116066124, 21.507919894750771 ], [ -100.317031033728753, 21.509044860765648 ], [ -100.316806620878282, 21.50966894650746 ], [ -100.316580677815935, 21.510210297821093 ], [ -100.316473437146669, 21.510791226554197 ], [ -100.316367724117939, 21.511454889397651 ], [ -100.31650094899102, 21.512280441602211 ], [ -100.316452677698024, 21.512860475483549 ], [ -100.316462612872115, 21.513398247485998 ], [ -100.316180749110842, 21.514105961468871 ], [ -100.315558806124955, 21.515563649844292 ], [ -100.315332086510068, 21.516063632713504 ], [ -100.315337434464254, 21.516353202293004 ], [ -100.31522407391914, 21.516603193636968 ], [ -100.315053268482217, 21.516936813447664 ], [ -100.314821198132975, 21.517147226137777 ], [ -100.314648099710979, 21.517356744325276 ], [ -100.314296555278744, 21.517486210555404 ], [ -100.314121928335453, 21.517612994052257 ], [ -100.315039987897705, 21.522605890871592 ], [ -100.315509492913932, 21.522474633343464 ], [ -100.315620564318806, 21.522100540628625 ], [ -100.31561597912544, 21.521852338340576 ], [ -100.315730870981284, 21.52168508080517 ], [ -100.315963711060817, 21.521516033704494 ], [ -100.316196550593929, 21.521346986302998 ], [ -100.31643091840489, 21.521260672673517 ], [ -100.316669108325129, 21.521381193886189 ], [ -100.318090606828378, 21.521690643551466 ], [ -100.318739323480926, 21.521680791531686 ], [ -100.319034194609046, 21.521676312508539 ], [ -100.319388805158155, 21.52171230397165 ], [ -100.319509049490676, 21.521834612889759 ], [ -100.319510580086146, 21.521917346838688 ], [ -100.319633120705987, 21.522163756565138 ], [ -100.319693625819681, 21.522245594415061 ], [ -100.320049768759688, 21.522364318319017 ], [ -100.320344641090955, 21.522359836911583 ], [ -100.320640279002106, 21.52239672193426 ], [ -100.321053865979195, 21.522431813295906 ], [ -100.321232320980442, 21.522511857323025 ], [ -100.321414605438392, 21.522798735818313 ], [ -100.321599954301021, 21.523251081780103 ], [ -100.321956867074988, 21.523411168315992 ], [ -100.322195064704317, 21.523531681196651 ], [ -100.322253273478182, 21.52348941726137 ], [ -100.322653071815395, 21.522779900100829 ], [ -100.322947178346411, 21.522734047149203 ], [ -100.323840994814617, 21.523216988537897 ], [ -100.325012819892237, 21.522785364020166 ], [ -100.325466208026654, 21.521785374824447 ], [ -100.325752640824319, 21.52132584848782 ], [ -100.326041373249737, 21.520990422290897 ], [ -100.326450353294291, 21.52077729932638 ], [ -100.326860866803869, 21.520646909096389 ], [ -100.327154199891609, 21.520559682169104 ], [ -100.327920088261294, 21.520506630473502 ], [ -100.32897853935394, 21.520324978427361 ], [ -100.330151860965742, 21.519976053214904 ], [ -100.33315026415714, 21.519433738324768 ], [ -100.333420574111443, 21.519510441710818 ], [ -100.336471226739917, 21.52037606098866 ], [ -100.337668410310073, 21.521309449601233 ], [ -100.338330990563605, 21.522044120675602 ], [ -100.339272259227911, 21.521905575360243 ], [ -100.339942162269139, 21.519867774993887 ], [ -100.341525944347765, 21.519388348738573 ], [ -100.342929710430951, 21.518746154613734 ], [ -100.343806575136355, 21.518318923511615 ], [ -100.344446774225261, 21.517853940708353 ], [ -100.344851082012212, 21.517392575340637 ], [ -100.344959756865592, 21.516894367419262 ], [ -100.347231045855665, 21.515328500609563 ], [ -100.347351306741274, 21.51545078862036 ], [ -100.347589509807278, 21.515571264947287 ], [ -100.347769515377792, 21.515734013263636 ], [ -100.347772608013997, 21.515899479109773 ], [ -100.347715956337623, 21.516024484369797 ], [ -100.347424965818902, 21.516235845780187 ], [ -100.347075003092527, 21.516448112382356 ], [ -100.346905045401272, 21.516823127506768 ], [ -100.346676115217178, 21.517199048022491 ], [ -100.346626417989569, 21.517696351243245 ], [ -100.346578266273767, 21.518276387382848 ], [ -100.346584449319707, 21.518607319152704 ], [ -100.346706258400616, 21.518812340404526 ], [ -100.34735959244702, 21.519050576605245 ], [ -100.347489134579263, 21.519669261689511 ], [ -100.348083500913503, 21.519908400623301 ], [ -100.348031488129593, 21.520281604604037 ], [ -100.34797792848741, 21.520572075700233 ], [ -100.348046954991844, 21.521108933233055 ], [ -100.348060102182188, 21.521812162496719 ], [ -100.34818423645396, 21.522141281611773 ], [ -100.348365798124419, 21.52238676153781 ], [ -100.348726602579745, 21.522753621458744 ], [ -100.349025340165838, 21.522955921377946 ], [ -100.349206904289588, 21.523201400238555 ], [ -100.349331042461884, 21.523530518250279 ], [ -100.349282127220548, 21.524069187925559 ], [ -100.349233985504455, 21.524649223959663 ], [ -100.349070988809302, 21.525396538629852 ], [ -100.348379534329965, 21.526276110016354 ], [ -100.348031870336996, 21.52661247876128 ], [ -100.347920107024251, 21.526945222344153 ], [ -100.347812210376247, 21.527484797874941 ], [ -100.347821491612123, 21.527981194673661 ], [ -100.347890522671193, 21.528518051654761 ], [ -100.348015436687078, 21.528888536751356 ], [ -100.34789980444809, 21.529014448371903 ], [ -100.34772364867419, 21.529058533287721 ], [ -100.347486969590847, 21.529020791295522 ], [ -100.34678079881283, 21.52911439533213 ], [ -100.346725688139273, 21.529322133200946 ], [ -100.346731100306343, 21.529611698086178 ], [ -100.34679548931895, 21.529900357137567 ], [ -100.34662551729717, 21.53027537224326 ], [ -100.345451387787662, 21.530583048725017 ], [ -100.345219343198579, 21.530793502225439 ], [ -100.34499270692308, 21.531293520493982 ], [ -100.344596089906588, 21.532168551847107 ], [ -100.343891446295018, 21.532344877404075 ], [ -100.343491730711435, 21.533054440698141 ], [ -100.344613087887893, 21.533078613467097 ], [ -100.345381349156924, 21.533149577873928 ], [ -100.346092178957974, 21.533304177176678 ], [ -100.346980718086513, 21.533497421929894 ], [ -100.34769464502881, 21.533817479719225 ], [ -100.348351917698096, 21.534262539827914 ], [ -100.349364614338029, 21.534784889109883 ], [ -100.350131337143708, 21.534773098385841 ], [ -100.3513877047167, 21.535705469123425 ], [ -100.352508305483397, 21.535688221389279 ], [ -100.353099645291366, 21.535761873128045 ], [ -100.353573802823291, 21.535878705731225 ], [ -100.353871023877829, 21.535998262422545 ], [ -100.354170571660276, 21.536241917256415 ], [ -100.354352161956839, 21.536487388817893 ], [ -100.354536079495475, 21.536856958811395 ], [ -100.354661794064441, 21.537268803532186 ], [ -100.354912449847632, 21.538051126309494 ], [ -100.353863993625751, 21.538770708517095 ], [ -100.352996344188099, 21.539694391226767 ], [ -100.352119384609608, 21.540121674876666 ], [ -100.351768599284043, 21.540292587114351 ], [ -100.351298301839265, 21.540382581453635 ], [ -100.348819554404599, 21.540337951517177 ], [ -100.347871990348168, 21.540145625454386 ], [ -100.347045484127989, 21.54011694705952 ], [ -100.34663223104836, 21.540102606319262 ], [ -100.346218977989068, 21.540088264550302 ], [ -100.344907485480732, 21.539363592945517 ], [ -100.344372023156382, 21.539123541932721 ], [ -100.343533162875275, 21.538432983021305 ], [ -100.34329183484121, 21.538147037254788 ], [ -100.34281999307359, 21.53815427473085 ], [ -100.342355100298732, 21.538533808939508 ], [ -100.341417588667824, 21.538879209134894 ], [ -100.340889078720721, 21.539011444808594 ], [ -100.340362110882154, 21.539226411826512 ], [ -100.339890264991197, 21.539233641199299 ], [ -100.33930122873123, 21.53928404254696 ], [ -100.339545636733718, 21.539735460357104 ], [ -100.339790046309702, 21.540186877706933 ], [ -100.339826479952478, 21.540558724330545 ], [ -100.339862913836583, 21.540930570920363 ], [ -100.340586896320218, 21.541788421936747 ], [ -100.341114644659086, 21.541614820268912 ], [ -100.341072643509648, 21.542525786397043 ], [ -100.340371032139814, 21.542867565538771 ], [ -100.340014824228263, 21.542748888745454 ], [ -100.339428088107184, 21.542923390701379 ], [ -100.339018297463483, 21.543095180673504 ], [ -100.338668259404102, 21.543307432952794 ], [ -100.338201026325322, 21.543562857252187 ], [ -100.337867176504119, 21.544643804604792 ], [ -100.336405701249745, 21.545369603796964 ], [ -100.336057194808376, 21.545664584085049 ], [ -100.335767670522799, 21.545958661446747 ], [ -100.335537128772941, 21.546251836170477 ], [ -100.33536711058801, 21.546626841571708 ], [ -100.335197861865154, 21.547043213373978 ], [ -100.335085285634634, 21.547334583345155 ], [ -100.335343562286411, 21.548530604557833 ], [ -100.334997357212515, 21.548949682637286 ], [ -100.335611859850019, 21.550264389777752 ], [ -100.335285682263731, 21.55175899809181 ], [ -100.335772980898426, 21.552579109824631 ], [ -100.335897888907382, 21.552949603488013 ], [ -100.335783769057045, 21.553158240888841 ], [ -100.335669648893187, 21.553366878223205 ], [ -100.335497312278875, 21.553617784341419 ], [ -100.335203919760559, 21.553705028776882 ], [ -100.33491052686378, 21.553792272712911 ], [ -100.334498389736211, 21.553839953641251 ], [ -100.334201915445703, 21.553761730249768 ], [ -100.333073468192964, 21.553365196666473 ], [ -100.332780844218917, 21.553493803444745 ], [ -100.332546436778003, 21.553580141889821 ], [ -100.332194055480244, 21.553668282395062 ], [ -100.332016325587318, 21.553629619230442 ], [ -100.331718313909207, 21.553468658171624 ], [ -100.331480058900411, 21.553348162231252 ], [ -100.331306945511713, 21.553557697800528 ], [ -100.331252574653078, 21.553806798166789 ], [ -100.331198203632709, 21.554055898517724 ], [ -100.331202819518609, 21.554304098033533 ], [ -100.331385935689468, 21.55463232809797 ], [ -100.331867836915407, 21.555162885623652 ], [ -100.332051725316902, 21.555532481354579 ], [ -100.332411808045023, 21.555858006485693 ], [ -100.332503613270433, 21.554449740970096 ], [ -100.332799318473718, 21.554486600798157 ], [ -100.332919602092986, 21.554608897612916 ], [ -100.333100412835023, 21.554813025922627 ], [ -100.3332819940115, 21.555058520546861 ], [ -100.333462035853614, 21.5552212818607 ], [ -100.333846993936575, 21.555298153767456 ], [ -100.334231952375433, 21.555375024763229 ], [ -100.335234738199176, 21.555359689051404 ], [ -100.335523510598179, 21.555024245420768 ], [ -100.335934109219991, 21.554893828826117 ], [ -100.336464993738204, 21.554885705342034 ], [ -100.336821229432957, 21.555004388169785 ], [ -100.33717900772838, 21.555205803136069 ], [ -100.337300837601163, 21.555410829483829 ], [ -100.337428065620813, 21.555905420926358 ], [ -100.337435005721204, 21.556277719032618 ], [ -100.337386813683992, 21.556857752464477 ], [ -100.33842277993395, 21.558621153709254 ], [ -100.339136044835215, 21.55889987539674 ], [ -100.340037857729286, 21.559796377648645 ], [ -100.342057389592952, 21.560510221481241 ], [ -100.343972103580739, 21.561929077893627 ], [ -100.345518988129655, 21.562608754266972 ], [ -100.347722521290308, 21.563692103490411 ], [ -100.348431180520677, 21.563722585761763 ], [ -100.349735942024694, 21.564074919664058 ], [ -100.350505918558142, 21.564228583883065 ], [ -100.350893232721461, 21.564429513084452 ], [ -100.351280547915522, 21.564630441324883 ], [ -100.351076018418354, 21.564737035084836 ], [ -100.350871488611645, 21.564843628607836 ], [ -100.350462428069861, 21.565056814943329 ], [ -100.349992825529654, 21.565188175715623 ], [ -100.349523996826022, 21.565360901380853 ], [ -100.348762534943873, 21.565662260982439 ], [ -100.34841710679116, 21.566122732408104 ], [ -100.348067804660033, 21.566376372220077 ], [ -100.347657961185334, 21.566548185864917 ], [ -100.347248116696264, 21.566719998548184 ], [ -100.346426102934146, 21.566939522350193 ], [ -100.346311988813056, 21.567148166408455 ], [ -100.345552057649627, 21.567532244576292 ], [ -100.345506991698201, 21.568277743065249 ], [ -100.345395969912161, 21.568651851538174 ], [ -100.345165415130111, 21.568945039663969 ], [ -100.344698888490228, 21.56924185133807 ], [ -100.344350345650668, 21.569536850238599 ], [ -100.344058474478203, 21.569706844006177 ], [ -100.34378284053804, 21.570745528775866 ], [ -100.343437384940756, 21.571205991044096 ], [ -100.343093473348446, 21.571749185218383 ], [ -100.342747240311041, 21.572168279967663 ], [ -100.342401005310521, 21.572587374079717 ], [ -100.341936779672253, 21.573008277629768 ], [ -100.341356107535873, 21.573513722268043 ], [ -100.339285120505451, 21.573214447592367 ], [ -100.338869843273599, 21.573096676634091 ], [ -100.337919758622661, 21.572780206005437 ], [ -100.337509884138029, 21.572951996101544 ], [ -100.338416410385975, 21.574096699783464 ], [ -100.339066897861699, 21.574169489460111 ], [ -100.339779469496946, 21.574406837565636 ], [ -100.340256835452678, 21.57468916679273 ], [ -100.340679842815987, 21.575220596946998 ], [ -100.34104772076104, 21.575959762029925 ], [ -100.34136201562545, 21.576989394862668 ], [ -100.341840165979832, 21.577313085133326 ], [ -100.342496853087084, 21.577716790565667 ], [ -100.343154316979479, 21.57816185943334 ], [ -100.343753561675001, 21.57864919747897 ], [ -100.344175820081006, 21.579139251038242 ], [ -100.344596534015437, 21.579546570955575 ], [ -100.345017250307663, 21.5799538896682 ], [ -100.345201980064715, 21.580364832648605 ], [ -100.345386710920934, 21.580775775350112 ], [ -100.345572990849789, 21.581269450113624 ], [ -100.345932394958652, 21.581553574015718 ], [ -100.346114032913349, 21.581799051038164 ], [ -100.346178449912003, 21.582087707433818 ], [ -100.347778364145228, 21.582435513806285 ], [ -100.348728531106275, 21.582751923440117 ], [ -100.349681802695727, 21.583233791746867 ], [ -100.350279538963022, 21.583638371652945 ], [ -100.350869523000085, 21.5836292886796 ], [ -100.351169944361331, 21.583914308751044 ], [ -100.349365019039851, 21.585224811132967 ], [ -100.348542906316681, 21.585444350179777 ], [ -100.348486231848639, 21.585569356061193 ], [ -100.348487781671096, 21.585652088244021 ], [ -100.349687148359891, 21.586668083692963 ], [ -100.350047349305058, 21.586993563475776 ], [ -100.350110226104633, 21.587199485545703 ], [ -100.350053552420547, 21.587324491900755 ], [ -100.349937878679043, 21.587450406402144 ], [ -100.349818328083813, 21.587369490551811 ], [ -100.349163902677745, 21.587089915987086 ], [ -100.34886812839359, 21.587053089001223 ], [ -100.34833867960576, 21.587143990212322 ], [ -100.347161005202892, 21.587286235947456 ], [ -100.346933524909872, 21.58774489167217 ], [ -100.346345071838272, 21.587836693813003 ], [ -100.345994941753531, 21.588048965402496 ], [ -100.345823360278089, 21.588341248522692 ], [ -100.345654874841145, 21.588798996014042 ], [ -100.345543066771896, 21.589131738350904 ], [ -100.345077252767467, 21.589469919838443 ], [ -100.344561722232243, 21.590305400165406 ], [ -100.344390135400431, 21.590597682017986 ], [ -100.344338872485679, 21.591012249715249 ], [ -100.344462292841285, 21.591300000175611 ], [ -100.344403291165719, 21.591300906458301 ], [ -100.344583391909254, 21.59146365209849 ], [ -100.344938950368103, 21.591540945946139 ], [ -100.345409416041775, 21.591450961299245 ], [ -100.345647745573146, 21.591571432954218 ], [ -100.345889947038287, 21.591898734797141 ], [ -100.346012596893331, 21.59214511777316 ], [ -100.346195798077105, 21.592473325913211 ], [ -100.346260221215786, 21.59276198166345 ], [ -100.34638674490057, 21.593215194741006 ], [ -100.347220525514203, 21.593616155247094 ], [ -100.34763199353705, 21.593527071369255 ], [ -100.34816766585854, 21.593767099699075 ], [ -100.348703339868038, 21.594007126205739 ], [ -100.349241341520667, 21.594371248986281 ], [ -100.349721893825091, 21.594819010151095 ], [ -100.350204775930024, 21.595390867775897 ], [ -100.3506783527679, 21.595466331798431 ], [ -100.351542421992804, 21.597480542460676 ], [ -100.352079667359135, 21.597803288915046 ], [ -100.352672037382931, 21.597918294429633 ], [ -100.353380086814198, 21.597907380838009 ], [ -100.354689054001597, 21.598466487465416 ], [ -100.356052371113705, 21.598776477422334 ], [ -100.347448875959245, 21.600124137958915 ], [ -100.340621693680831, 21.60124501568507 ], [ -100.335249710929773, 21.601288211736687 ], [ -100.333454862053628, 21.600845862049219 ], [ -100.331480522346311, 21.598577953882391 ], [ -100.329190411699543, 21.597378277815807 ], [ -100.327397014709931, 21.597088096200263 ], [ -100.326105843739796, 21.598316375586393 ], [ -100.324814650990234, 21.599544645889157 ], [ -100.32335372678557, 21.600013015592015 ], [ -100.321231967321395, 21.599420882816787 ], [ -100.319284049949459, 21.600045331759869 ], [ -100.317337492795559, 21.600821996317986 ], [ -100.315553702988979, 21.601597352065305 ], [ -100.312304781095378, 21.602384251687692 ], [ -100.308890290363365, 21.60286789411354 ], [ -100.30692995998497, 21.602122059326845 ], [ -100.304805493899835, 21.601225238635305 ], [ -100.30284929316818, 21.600936068916472 ], [ -100.301378743365888, 21.600338579772778 ], [ -100.300250103983274, 21.601565397265983 ], [ -100.299110572512234, 21.601574298238038 ], [ -100.297533507398569, 21.600455443477838 ], [ -100.297233910082554, 21.600211690509138 ], [ -100.296818582502183, 21.600093817179761 ], [ -100.296046935638941, 21.599857178000427 ], [ -100.294855406641446, 21.599254454447369 ], [ -100.294494530372447, 21.598887483869603 ], [ -100.294548977156083, 21.598638392789368 ], [ -100.295011144878501, 21.59809351043101 ], [ -100.294946059294944, 21.597763462924732 ], [ -100.294702437781154, 21.597353347712403 ], [ -100.294163031427033, 21.596906308188085 ], [ -100.293387607845915, 21.596462820108311 ], [ -100.292131798528175, 21.595571393388052 ], [ -100.292119652618013, 21.594909519506505 ], [ -100.291580263206995, 21.594462470633932 ], [ -100.291164197249543, 21.594303214924594 ], [ -100.290686093145538, 21.593979376836003 ], [ -100.290267753769385, 21.593696017284724 ], [ -100.289844865410373, 21.593164453570019 ], [ -100.289595199524328, 21.592423392140724 ], [ -100.289002888942619, 21.592308158313998 ], [ -100.288583041503443, 21.591942059672824 ], [ -100.28804064230728, 21.59132952923963 ], [ -100.287977091976984, 21.591082212241151 ], [ -100.287960419489082, 21.590172133426041 ], [ -100.287537550192269, 21.589640562700854 ], [ -100.28735902732025, 21.589560486418669 ], [ -100.286539051501649, 21.589903826784997 ], [ -100.28630682763297, 21.590114205866421 ], [ -100.286193366097137, 21.590364180684254 ], [ -100.286029231457974, 21.591070080818085 ], [ -100.285557206256655, 21.591077164858184 ], [ -100.285201673148251, 21.590999742474292 ], [ -100.284480768889594, 21.590307120676417 ], [ -100.283514025889431, 21.589080259206309 ], [ -100.283224312984728, 21.592601787855166 ], [ -100.28235362482468, 21.59340103380536 ], [ -100.282003380730572, 21.593613176003636 ], [ -100.281591106832394, 21.593660732305548 ], [ -100.281235568965727, 21.593583301679242 ], [ -100.278929113031666, 21.593328187863278 ], [ -100.278460099827242, 21.593500721666711 ], [ -100.278348132553319, 21.593833426595374 ], [ -100.278124196585566, 21.594498836263291 ], [ -100.278015248310666, 21.594997010531539 ], [ -100.277868868547472, 21.595061268611726 ], [ -100.277722488649331, 21.595125526569024 ], [ -100.277248183898706, 21.595008485524961 ], [ -100.277004615846053, 21.594598341567721 ], [ -100.276633983589406, 21.593693552907077 ], [ -100.275314010434798, 21.592513302926903 ], [ -100.275525887670625, 21.591186017275135 ], [ -100.275027464078875, 21.589745210466827 ], [ -100.275099466861093, 21.587220031509986 ], [ -100.274791639130768, 21.58652119224212 ], [ -100.274252332300293, 21.586074082599254 ], [ -100.273660056898052, 21.585958792205467 ], [ -100.272779556344545, 21.586220211582727 ], [ -100.272126773227257, 21.586023061425657 ], [ -100.271477003980564, 21.585991378813901 ], [ -100.270822717644805, 21.585711488282289 ], [ -100.27004892587756, 21.585350619564952 ], [ -100.269143592885271, 21.584246889296892 ], [ -100.267667819873424, 21.584227501944365 ], [ -100.267248047503429, 21.583861345346843 ], [ -100.266945526661814, 21.583452062610633 ], [ -100.266997009899171, 21.583037507470124 ], [ -100.267805720305631, 21.58207374821577 ], [ -100.267682457066329, 21.581785932609442 ], [ -100.267260436744948, 21.581295672651549 ], [ -100.266486676955722, 21.580934785608147 ], [ -100.265957183730322, 21.581025426306734 ], [ -100.265427689755029, 21.581116065352536 ], [ -100.265019950063476, 21.581411785344201 ], [ -100.264204465646017, 21.582003222543324 ], [ -100.263144716485044, 21.5821431205434 ], [ -100.262558467413442, 21.582358731220594 ], [ -100.262092468135748, 21.582696689287399 ], [ -100.261925970987775, 21.583278468384538 ], [ -100.261707223980551, 21.584233433825009 ], [ -100.261905235815078, 21.585389099686072 ], [ -100.261263721064523, 21.585812422049006 ], [ -100.260736456126551, 21.586027150344464 ], [ -100.260085187207636, 21.585912687630529 ], [ -100.258184393210882, 21.585237465915821 ], [ -100.25759662540473, 21.585370324394614 ], [ -100.257127608671894, 21.585542798222896 ], [ -100.2535778718199, 21.5883264287171 ], [ -100.252604733322585, 21.589995999515782 ], [ -100.251780178227435, 21.590090965420298 ], [ -100.250773379874161, 21.589898971282445 ], [ -100.24993612423836, 21.589290673425857 ], [ -100.249048833415273, 21.589179658761061 ], [ -100.24815407868843, 21.588654959688068 ], [ -100.246779845655283, 21.587723549260371 ], [ -100.244484698492755, 21.588088470785056 ], [ -100.243548847110318, 21.588557449645595 ], [ -100.242603305502257, 21.588488638697765 ], [ -100.242124576713977, 21.588123286606397 ], [ -100.241524121446417, 21.587552832130765 ], [ -100.237828500214235, 21.588807261597186 ], [ -100.237064428385892, 21.588984022579588 ], [ -100.236371991985536, 21.589863171103062 ], [ -100.235670631477348, 21.590245898910975 ], [ -100.234964810441596, 21.590380414774188 ], [ -100.234137266683291, 21.590309821104338 ], [ -100.235406384987556, 21.58867737851492 ], [ -100.235031566796494, 21.58752427413155 ], [ -100.234667894349968, 21.586991691708612 ], [ -100.235715086224758, 21.586148712704027 ], [ -100.235459762829535, 21.585076609829351 ], [ -100.236040867168285, 21.584571514790436 ], [ -100.235851975160372, 21.583912226646081 ], [ -100.236252354650063, 21.583202892950965 ], [ -100.236002976997028, 21.582461736188197 ], [ -100.236284607848432, 21.581712769638024 ], [ -100.235791803386022, 21.580561400986884 ], [ -100.236193660691441, 21.579934804029559 ], [ -100.236129460480328, 21.579646094164413 ], [ -100.235588806599878, 21.579116115464039 ], [ -100.234116042953616, 21.57926190097551 ], [ -100.233711951495721, 21.579764388500156 ], [ -100.231546010470865, 21.580747918217348 ], [ -100.230350436137357, 21.579896500986319 ], [ -100.230277352646752, 21.579111368327691 ], [ -100.229665865036978, 21.577920341298498 ], [ -100.230347913819784, 21.576462063393564 ], [ -100.23063178811428, 21.57583721008298 ], [ -100.230324196301439, 21.575138276211952 ], [ -100.227415518280509, 21.574187821305529 ], [ -100.226424395770138, 21.57486440963358 ], [ -100.225033415544701, 21.572981331011739 ], [ -100.224034895732331, 21.573244220651841 ], [ -100.221344248320818, 21.572833642300143 ], [ -100.221312883968594, 21.572828855996125 ], [ -100.221295298003383, 21.573126070865353 ], [ -100.221222215034146, 21.574361215968061 ], [ -100.221291553210165, 21.574939512884701 ], [ -100.221371232844803, 21.576096968844272 ], [ -100.221042351179563, 21.577508672220837 ], [ -100.220223743995817, 21.577934427698068 ], [ -100.220179511297601, 21.578762660076599 ], [ -100.219839539149532, 21.579553833741784 ], [ -100.219207513403106, 21.580514789731165 ], [ -100.21850909925368, 21.581062919777299 ], [ -100.218637432390238, 21.581640356200861 ], [ -100.218405855632625, 21.581892013367895 ], [ -100.218169850994883, 21.581895459033067 ], [ -100.21657976850797, 21.582084182788968 ], [ -100.215771442631748, 21.5830890779505 ], [ -100.21501179005655, 21.583513949153289 ], [ -100.214372347528595, 21.584061202760218 ], [ -100.213899962056232, 21.584047398356645 ], [ -100.213427576601774, 21.584033592608392 ], [ -100.215156367381852, 21.581691150444801 ], [ -100.21531715631852, 21.580778460469389 ], [ -100.216368847817847, 21.580183810862241 ], [ -100.216591577455191, 21.579435733541363 ], [ -100.216368866465288, 21.57687346340203 ], [ -100.215469876189971, 21.576100367070151 ], [ -100.214210274553523, 21.574960107084067 ], [ -100.213956604704279, 21.573970698726097 ], [ -100.212396157268202, 21.572503772176098 ], [ -100.212211069184477, 21.572051293946817 ], [ -100.212143976609042, 21.571597097382735 ], [ -100.212551804308987, 21.571301502726293 ], [ -100.213488393351639, 21.570874066353372 ], [ -100.214069524015699, 21.570369046232738 ], [ -100.213708917299286, 21.570001886016041 ], [ -100.213356410975422, 21.570089780425089 ], [ -100.21218899103485, 21.570810233098694 ], [ -100.211476614678503, 21.570572327898276 ], [ -100.211057017055424, 21.570206020439802 ], [ -100.211140437156388, 21.56825997307163 ], [ -100.210782784847467, 21.568058280783077 ], [ -100.210625286539056, 21.569157127722999 ], [ -100.210546536657219, 21.569706551125481 ], [ -100.21049103356529, 21.570093783901992 ], [ -100.210151478635439, 21.569060572901272 ] ] ] ] } },
{ "type": "Feature", "properties": { "ID": 25, "ENTIDAD": 11, "MUNICIPIO": 33, "NOMBRE": "SAN LUIS DE LA PAZ", "CONTROL": 46, "GEOMETRY1_": null, "ID_2": 2525, "ENTIDAD_2": 11, "DISTRITO_F": 1, "DISTRITO_L": 2, "MUNICIPIO_2": 33, "SECCION": 2568, "TIPO": 4, "CONTROL_2": 3204, "GEOMETRY1__2": null }, "geometry": { "type": "MultiPolygon", "coordinates": [ [ [ [ -100.584768959371829, 21.522725442698093 ], [ -100.584415591511544, 21.523470566868038 ], [ -100.584061972799731, 21.523843061762967 ], [ -100.58335456618434, 21.524339630403233 ], [ -100.581762695287907, 21.525167077299308 ], [ -100.580465354987837, 21.525456386004773 ], [ -100.57969873849629, 21.525621690650301 ], [ -100.579109004028268, 21.525704257609849 ], [ -100.578401389008704, 21.525910983782985 ], [ -100.57781180692028, 21.526241965987946 ], [ -100.577340180281709, 21.526572995628207 ], [ -100.576927479656476, 21.526821242267708 ], [ -100.575630012023126, 21.5269449015079 ], [ -100.575335065355219, 21.526861968298995 ], [ -100.573919389693629, 21.526571530056376 ], [ -100.573211933012246, 21.527068058435638 ], [ -100.572327387127388, 21.527316084681072 ], [ -100.571030099712729, 21.527770935812956 ], [ -100.569556004536523, 21.528474115805487 ], [ -100.568730492655902, 21.528846361477335 ], [ -100.567491976085961, 21.528969986530772 ], [ -100.566548381377672, 21.529135148332401 ], [ -100.565840773449267, 21.529424630180493 ], [ -100.564779322764991, 21.529796742380203 ], [ -100.563894677555894, 21.529920515162338 ], [ -100.562538011550899, 21.52971281722764 ], [ -100.5610042170415, 21.529132384934488 ], [ -100.560355264062622, 21.528800820901608 ], [ -100.559765211439242, 21.528303670639495 ], [ -100.558939713107947, 21.528758676508748 ], [ -100.557878407930005, 21.529461974519414 ], [ -100.55693485220695, 21.529819498206269 ], [ -100.556234958789204, 21.530736686547289 ], [ -100.555761382061689, 21.53053348447229 ], [ -100.554464633423038, 21.530627089892711 ], [ -100.552991309979333, 21.530763573693857 ], [ -100.551584383043647, 21.531769449244358 ], [ -100.550761899858415, 21.532149087694904 ], [ -100.549348943404922, 21.532450746801274 ], [ -100.547817674964676, 21.53271194381152 ], [ -100.54751962104794, 21.532341564397552 ], [ -100.546929858244255, 21.532346427238746 ], [ -100.546166334697816, 21.53272555771656 ], [ -100.545818107137848, 21.533391249632025 ], [ -100.54517604681989, 21.534183639890362 ], [ -100.54417765442399, 21.53468897502718 ], [ -100.542944047013322, 21.535279091278145 ], [ -100.541948095172387, 21.536074379150982 ], [ -100.540894556653697, 21.537035840306256 ], [ -100.539663367294025, 21.537915899577268 ], [ -100.538546970964688, 21.538422170911833 ], [ -100.537192202227956, 21.538640401164034 ], [ -100.536015064976539, 21.538940020715803 ], [ -100.534606540603647, 21.539780068836336 ], [ -100.534082350654188, 21.540571457001558 ], [ -100.533969273383036, 21.541152352924311 ], [ -100.533976597738601, 21.542022251287754 ], [ -100.533033257186588, 21.542071381688018 ], [ -100.532561586537128, 21.542095944900144 ], [ -100.532089915638736, 21.54212050678699 ], [ -100.530734751846595, 21.542297263289694 ], [ -100.528847366854947, 21.54231263478216 ], [ -100.527078288591667, 21.542368450026608 ], [ -100.525426476866201, 21.542340441201038 ], [ -100.523598067672424, 21.542355274493438 ], [ -100.521884510547963, 21.541996317052181 ], [ -100.520172340191067, 21.541803037448688 ], [ -100.51857985688298, 21.541815907379746 ], [ -100.513685809203423, 21.542021071780418 ], [ -100.513454000421731, 21.542520059611185 ], [ -100.50660678786663, 21.542236209983582 ], [ -100.504946354179779, 21.542167334426463 ], [ -100.499942305346565, 21.541959663459007 ], [ -100.479713786638342, 21.542329156360747 ], [ -100.478808034043126, 21.541267994596051 ], [ -100.477806224734124, 21.54132555170635 ], [ -100.476953797357965, 21.539973880200304 ], [ -100.474997833543071, 21.539508921175752 ], [ -100.472990995242753, 21.539458527204864 ], [ -100.471515759302136, 21.539440922688421 ], [ -100.47062301792316, 21.539041533415013 ], [ -100.469500030805662, 21.538935483951164 ], [ -100.467553790168338, 21.538966802403809 ], [ -100.469605413337348, 21.526330466298514 ], [ -100.469754911536043, 21.525409608827069 ], [ -100.469870786235958, 21.524695854027811 ], [ -100.470460094060741, 21.52466567909002 ], [ -100.47104940150696, 21.524635502084017 ], [ -100.469913599273781, 21.523867625792093 ], [ -100.468286379973136, 21.521536206279769 ], [ -100.467486153041079, 21.520389635617864 ], [ -100.465357602937161, 21.520134210748566 ], [ -100.465672703597605, 21.518143050213588 ], [ -100.468466060464891, 21.516194798502703 ], [ -100.464396470409071, 21.516218831556216 ], [ -100.461460150746248, 21.516886621394391 ], [ -100.460842287447505, 21.515448334411261 ], [ -100.460182373141492, 21.514879638063388 ], [ -100.459699096986412, 21.513752763010505 ], [ -100.459256018404574, 21.512742879112331 ], [ -100.459061418174699, 21.511835701263752 ], [ -100.458698771407086, 21.511386364630425 ], [ -100.458567164586853, 21.51068506212011 ], [ -100.458024480915327, 21.510164504639487 ], [ -100.457845903131357, 21.509993206540756 ], [ -100.457510737480192, 21.50943998374483 ], [ -100.457175574458063, 21.508886760097017 ], [ -100.457588330772182, 21.508880149132903 ], [ -100.457998674481672, 21.508749444310947 ], [ -100.45840821312207, 21.508577374247384 ], [ -100.458757177050671, 21.508323519606517 ], [ -100.459159473234138, 21.507779169452956 ], [ -100.460035091509155, 21.507309985047723 ], [ -100.460090032382112, 21.507102218491557 ], [ -100.460028653893787, 21.506979071080494 ], [ -100.460141754214789, 21.506728994940129 ], [ -100.460196694768925, 21.50652122835583 ], [ -100.46042772258572, 21.506269261288232 ], [ -100.460602200188092, 21.506142332161545 ], [ -100.46095115446974, 21.505888473406742 ], [ -100.461359876325133, 21.505675032466684 ], [ -100.461768596942335, 21.505461590588265 ], [ -100.462119963233562, 21.505331822217794 ], [ -100.462413170633567, 21.505244363472642 ], [ -100.462764535755127, 21.505114593804223 ], [ -100.4631191223109, 21.505150280198148 ], [ -100.463409106220652, 21.504897363004812 ], [ -100.463642542819642, 21.5047694844523 ], [ -100.463934942283259, 21.504640658965577 ], [ -100.464228147031335, 21.504553197165684 ], [ -100.465289485045744, 21.504536152461508 ], [ -100.465703839908983, 21.504612250428217 ], [ -100.466056812861694, 21.504565202342871 ], [ -100.466234508825522, 21.504603724219368 ], [ -100.466469555161765, 21.504558570128271 ], [ -100.466584255551084, 21.50439121853206 ], [ -100.466641605650011, 21.504307542708784 ], [ -100.466745014341981, 21.503561093298035 ], [ -100.466736142762187, 21.503106087920109 ], [ -100.466722432428355, 21.502402897736371 ], [ -100.466476099931469, 21.501868954079637 ], [ -100.466345274066072, 21.501209022702849 ], [ -100.466335598016244, 21.500712652953819 ], [ -100.466369563480612, 21.499429416914221 ], [ -100.46594232435308, 21.498691493117352 ], [ -100.466391434895371, 21.497525718303145 ], [ -100.466564284344869, 21.497316055382573 ], [ -100.466736326949786, 21.497065028148782 ], [ -100.466850215316668, 21.496856312419908 ], [ -100.466966522610221, 21.496771689089822 ], [ -100.466962490553911, 21.496564868316813 ], [ -100.466897079515277, 21.496234902571207 ], [ -100.466402020241688, 21.495042920878628 ], [ -100.466334192801, 21.494588862210474 ], [ -100.466326937198531, 21.494216584595407 ], [ -100.466437599424481, 21.493842412451425 ], [ -100.466487690032935, 21.493386459184016 ], [ -100.466596738912159, 21.492929558594259 ], [ -100.466644410235233, 21.492349512727912 ], [ -100.466748620652282, 21.491644426948262 ], [ -100.466736527335257, 21.491023964150951 ], [ -100.466783391760529, 21.490402553993306 ], [ -100.466530633119078, 21.489537694953448 ], [ -100.466421756059404, 21.488146745068416 ], [ -100.466298145896985, 21.486686405888737 ], [ -100.465413171375147, 21.485424111857711 ], [ -100.46476670532256, 21.484499405654049 ], [ -100.46399339255666, 21.483413237289103 ], [ -100.464633840204854, 21.482989185373242 ], [ -100.466074535758494, 21.48429012165748 ], [ -100.468098360151572, 21.485250654642172 ], [ -100.469239488066833, 21.486308113484384 ], [ -100.469538301238032, 21.486510193530783 ], [ -100.469834694269693, 21.486588180554058 ], [ -100.470186815127093, 21.486499762053537 ], [ -100.47118260451235, 21.486152722785725 ], [ -100.471354627001034, 21.485901691670595 ], [ -100.471528263790972, 21.485733388634731 ], [ -100.471820618446699, 21.48560455161963 ], [ -100.472113780159816, 21.485517078224138 ], [ -100.472526467516417, 21.48551043410502 ], [ -100.472995686543314, 21.485378747323967 ], [ -100.473344570435785, 21.485124866106037 ], [ -100.473693453098846, 21.484870984221324 ], [ -100.473922000418312, 21.484494908909717 ], [ -100.47415054660577, 21.484118833336222 ], [ -100.474195762833446, 21.483414694385395 ], [ -100.475602583406911, 21.482978253434009 ], [ -100.476608848870271, 21.483168916141569 ], [ -100.476905237966733, 21.483246890821469 ], [ -100.477377681240156, 21.483280648367472 ], [ -100.47773059780198, 21.483233578647269 ], [ -100.478082704861166, 21.483145144204244 ], [ -100.478255521120843, 21.482935470764573 ], [ -100.478427527579242, 21.482684433184268 ], [ -100.478539770213033, 21.482392982761667 ], [ -100.478594677350443, 21.482185211551858 ], [ -100.4784719138528, 21.481938930176295 ], [ -100.477686097508268, 21.480958558458763 ], [ -100.480145941149047, 21.480091321180844 ], [ -100.481635966837061, 21.480894798425521 ], [ -100.482168976552614, 21.481010318291379 ], [ -100.482701987003821, 21.481125836406783 ], [ -100.483175234276771, 21.481200941778084 ], [ -100.483587907181814, 21.481194271058264 ], [ -100.48400057998218, 21.481187599321345 ], [ -100.484071483862081, 21.480587021718666 ], [ -100.484152302394463, 21.479902459566091 ], [ -100.4850284820198, 21.47947452059363 ], [ -100.486450645656532, 21.479823905083087 ], [ -100.486629126652289, 21.479903770612609 ], [ -100.486980407564971, 21.47977395433313 ], [ -100.487560191582673, 21.479268045639206 ], [ -100.488084267209103, 21.478928544909163 ], [ -100.488843336444688, 21.478543859742803 ], [ -100.489776819893336, 21.478032214695311 ], [ -100.490417163838941, 21.47760806932596 ], [ -100.491112391623858, 21.476976147386196 ], [ -100.491864938558166, 21.47626053956062 ], [ -100.492556901161691, 21.475463157341089 ], [ -100.492955730989479, 21.474753281228484 ], [ -100.493298860231661, 21.474209815485548 ], [ -100.49375581978245, 21.473457617770766 ], [ -100.494000567554224, 21.473908792575898 ], [ -100.494026069561556, 21.474220885181431 ], [ -100.494078228714585, 21.474859201051721 ], [ -100.494037176165605, 21.475770158862026 ], [ -100.493932291084818, 21.476433891052313 ], [ -100.493707875639146, 21.47701680885179 ], [ -100.493718451110553, 21.477554536812139 ], [ -100.493671702087966, 21.478175948630312 ], [ -100.492889482692789, 21.480381613774323 ], [ -100.492905749748132, 21.481208887548053 ], [ -100.492740277294189, 21.481790848046462 ], [ -100.492578870181504, 21.482579626852672 ], [ -100.492963695068951, 21.482656138249062 ], [ -100.493165572897155, 21.482696275475941 ], [ -100.493348520302774, 21.482732648734974 ], [ -100.494299101698672, 21.483089614769483 ], [ -100.495130965733381, 21.483407125833363 ], [ -100.495730274377763, 21.483893916634059 ], [ -100.496273890384728, 21.484547117006009 ], [ -100.497267150674105, 21.484075835751238 ], [ -100.499642431812049, 21.484906136336594 ], [ -100.503413159489327, 21.481477901590829 ], [ -100.505367597463021, 21.482707487835309 ], [ -100.504198596311241, 21.48453509738107 ], [ -100.505160073164319, 21.487425721106163 ], [ -100.507634345001748, 21.486790185236337 ], [ -100.507990101547549, 21.487077681962301 ], [ -100.506758347701307, 21.488285031081752 ], [ -100.507350862363694, 21.488695235458053 ], [ -100.50806338820631, 21.489435730686552 ], [ -100.524435326550375, 21.493970488940214 ], [ -100.531804234974118, 21.492890780107555 ], [ -100.53156410809008, 21.492230234690151 ], [ -100.531442244296002, 21.491610336308085 ], [ -100.531438127366116, 21.490948335180661 ], [ -100.531609984918987, 21.49011974239081 ], [ -100.531724384141384, 21.489539763737174 ], [ -100.532074012878979, 21.488834204230393 ], [ -100.532422865869393, 21.488004518930456 ], [ -100.532477745694109, 21.487342153780009 ], [ -100.532413338372649, 21.486473641257884 ], [ -100.531580655196677, 21.485402982724938 ], [ -100.530749783247757, 21.484621944998644 ], [ -100.530331140074964, 21.483714235281095 ], [ -100.529971757341926, 21.482847536213203 ], [ -100.529553637845552, 21.482022574072559 ], [ -100.529195033825403, 21.481279998124805 ], [ -100.528308275796192, 21.480995810579987 ], [ -100.527481542248651, 21.480876756784799 ], [ -100.528889278516615, 21.479544054396818 ], [ -100.531376916433587, 21.481101062163511 ], [ -100.533339034441994, 21.483530184959871 ], [ -100.533816436095861, 21.48439614658675 ], [ -100.53427810809923, 21.482738228149756 ], [ -100.540783473795955, 21.485180496093449 ], [ -100.544431750605639, 21.483626837019496 ], [ -100.545022776124014, 21.483788653696287 ], [ -100.546028880872868, 21.48427888620833 ], [ -100.550506977262756, 21.483340556430477 ], [ -100.548539090633057, 21.480042781176511 ], [ -100.549777494579033, 21.479952266792587 ], [ -100.54941722391051, 21.478961491126498 ], [ -100.549177832548722, 21.478425097776146 ], [ -100.548642154938051, 21.477683677705873 ], [ -100.548286086720168, 21.477354895799852 ], [ -100.548048010921107, 21.477025374492012 ], [ -100.548222903155093, 21.476693267886279 ], [ -100.548575303697106, 21.47644280250633 ], [ -100.547866576743132, 21.476323110007549 ], [ -100.550885774624703, 21.468649544651015 ], [ -100.5492948242496, 21.468949153356075 ], [ -100.548703070946559, 21.468663223610694 ], [ -100.548724578548857, 21.467326868297874 ], [ -100.548696852995079, 21.465540995654116 ], [ -100.548674027031879, 21.464070612645337 ], [ -100.549258693474769, 21.463239422128918 ], [ -100.562688946099968, 21.460134314231873 ], [ -100.573036552688308, 21.463874986788227 ], [ -100.587910768212339, 21.474081664699781 ], [ -100.592228502430316, 21.475749964033007 ], [ -100.592583013083541, 21.475830402567318 ], [ -100.592702920582084, 21.476119250553491 ], [ -100.592823377267734, 21.476490846399535 ], [ -100.593556353218148, 21.477830292172552 ], [ -100.593838633696151, 21.478346125660721 ], [ -100.593487685795296, 21.478803551837839 ], [ -100.593254725914989, 21.479260206834748 ], [ -100.5929037741126, 21.4797176319857 ], [ -100.592848071915739, 21.480214504858694 ], [ -100.592854109593887, 21.481124732226977 ], [ -100.592623065278971, 21.481871004362969 ], [ -100.592392567561106, 21.48270002420168 ], [ -100.592219144124854, 21.483239040984898 ], [ -100.592046816666937, 21.483943553518063 ], [ -100.591695576517225, 21.484359602837547 ], [ -100.59134406029824, 21.484734277541893 ], [ -100.58975085783608, 21.484703284460242 ], [ -100.588100569888368, 21.484962278056301 ], [ -100.586802351185341, 21.484929338602704 ], [ -100.585505767109055, 21.48514463356458 ], [ -100.584150996997209, 21.485484423279452 ], [ -100.583148577080564, 21.485573666599553 ], [ -100.582381875783966, 21.485620003522339 ], [ -100.585305468528261, 21.490566168788082 ], [ -100.58543000986235, 21.491558380696254 ], [ -100.586142104569561, 21.492174395775724 ], [ -100.587457599040334, 21.494813899126328 ], [ -100.588820105632237, 21.495632549493607 ], [ -100.587064254655544, 21.497795512490903 ], [ -100.586890524075272, 21.498293151120098 ], [ -100.587071357593786, 21.498871236375038 ], [ -100.58742865620475, 21.4993654222062 ], [ -100.587726680349007, 21.499818616988723 ], [ -100.587788418170831, 21.50023197285697 ], [ -100.587791426015897, 21.500687086542424 ], [ -100.589127017687019, 21.501793765651815 ], [ -100.59020217410422, 21.503358824066215 ], [ -100.591036400278469, 21.504345959018071 ], [ -100.591868815940359, 21.505125975028289 ], [ -100.59252325368081, 21.505783222951671 ], [ -100.592769321615492, 21.506941053791646 ], [ -100.592776615510303, 21.507769509085382 ], [ -100.592548777421854, 21.508682816848616 ], [ -100.592968466608326, 21.509466336610881 ], [ -100.593327369867367, 21.510043243311724 ], [ -100.593806763940933, 21.510909103743391 ], [ -100.594286163960618, 21.511774962360505 ], [ -100.594231945062901, 21.512313960026134 ], [ -100.593587689741469, 21.512816557870305 ], [ -100.592472056017897, 21.513364591325729 ], [ -100.591474713233879, 21.513953037666681 ], [ -100.590301186804197, 21.514625827358579 ], [ -100.58912874072881, 21.515422877801161 ], [ -100.587993839008689, 21.516311658873221 ], [ -100.587898767006592, 21.51638611225728 ], [ -100.586903563607777, 21.517223070452612 ], [ -100.586817683359897, 21.51732697275586 ], [ -100.586144952571274, 21.518140870429161 ], [ -100.585623663298449, 21.519222360885447 ], [ -100.585104906459676, 21.520593810007682 ], [ -100.584768959371829, 21.522725442698093 ] ] ] ] } },
{ "type": "Feature", "properties": { "ID": 25, "ENTIDAD": 11, "MUNICIPIO": 33, "NOMBRE": "SAN LUIS DE LA PAZ", "CONTROL": 46, "GEOMETRY1_": null, "ID_2": 2526, "ENTIDAD_2": 11, "DISTRITO_F": 1, "DISTRITO_L": 2, "MUNICIPIO_2": 33, "SECCION": 2569, "TIPO": 4, "CONTROL_2": 329, "GEOMETRY1__2": null }, "geometry": { "type": "MultiPolygon", "coordinates": [ [ [ [ -100.467280880791719, 21.54069260881645 ], [ -100.466690870077699, 21.541727102103135 ], [ -100.465215968725204, 21.543174687751424 ], [ -100.464508022616357, 21.543753590448194 ], [ -100.463269138353496, 21.54453893546377 ], [ -100.462384196591785, 21.545200446281303 ], [ -100.461381295009502, 21.545696201816529 ], [ -100.460141772096549, 21.549959557847984 ], [ -100.460554654861809, 21.550291257443504 ], [ -100.461616285144274, 21.551617395282147 ], [ -100.462147133871724, 21.552114840786579 ], [ -100.463031933845102, 21.552654076782314 ], [ -100.464860442143518, 21.554477888117322 ], [ -100.462169317936429, 21.553286999436075 ], [ -100.462049739256784, 21.553206165705014 ], [ -100.461690197735081, 21.552922299970124 ], [ -100.460858795701384, 21.552646007201542 ], [ -100.460323921573774, 21.552447706128444 ], [ -100.459441597962794, 21.552585992641024 ], [ -100.458489820051113, 21.552187487794836 ], [ -100.457715799650515, 21.551827504817329 ], [ -100.4564093318929, 21.551393296083468 ], [ -100.455758112066391, 21.551279597976922 ], [ -100.455342822344619, 21.551162118788007 ], [ -100.453731808262447, 21.550236241505917 ], [ -100.451194777926972, 21.550235453080663 ], [ -100.449306548423522, 21.550224259725649 ], [ -100.448189899927996, 21.550448984932508 ], [ -100.447716437549218, 21.550373792633707 ], [ -100.447061216665773, 21.550053238430252 ], [ -100.44646578240544, 21.549773104307711 ], [ -100.446044089065722, 21.549324686722631 ], [ -100.445561011885289, 21.548753116064905 ], [ -100.444951961700326, 21.547769782144599 ], [ -100.443947678093465, 21.547703045877622 ], [ -100.443169709363644, 21.547136169870445 ], [ -100.442572692552915, 21.546773291856486 ], [ -100.44221520438893, 21.546592791907162 ], [ -100.441857717074996, 21.546412291137848 ], [ -100.441675138711147, 21.546383287124119 ], [ -100.440674100267444, 21.546224260470538 ], [ -100.441015653808648, 21.546988189261317 ], [ -100.441299932155331, 21.547624007454498 ], [ -100.441584213125964, 21.548259824977823 ], [ -100.44240082341561, 21.55008620397015 ], [ -100.446220140727405, 21.555362933592413 ], [ -100.445989370819603, 21.555464546023241 ], [ -100.443294958145458, 21.556650914357991 ], [ -100.441167246237157, 21.553416033034789 ], [ -100.440210704969601, 21.55276923481545 ], [ -100.43973083739975, 21.552363104580984 ], [ -100.439195988725416, 21.552164734015328 ], [ -100.438544774538471, 21.55205096809091 ], [ -100.437247144618624, 21.552071615365069 ], [ -100.436362396367628, 21.552085687270143 ], [ -100.435474452396505, 21.551934296388513 ], [ -100.434881425759386, 21.551778213729957 ], [ -100.434227820263985, 21.551540336999366 ], [ -100.43369058617273, 21.55121785447378 ], [ -100.431853338041904, 21.55079188102361 ], [ -100.430369198399816, 21.550318907559621 ], [ -100.42775324698502, 21.54928458108725 ], [ -100.427406521050727, 21.549662472224615 ], [ -100.427168201779793, 21.549542116936706 ], [ -100.426286649116051, 21.549721593439518 ], [ -100.42617584912567, 21.550095744641787 ], [ -100.426061864190899, 21.550304436882744 ], [ -100.425948675022553, 21.550554493785981 ], [ -100.42577650246939, 21.550805484835905 ], [ -100.425485567123374, 21.551016979244963 ], [ -100.42525281822995, 21.551186174436253 ], [ -100.424176004378367, 21.550417052987257 ], [ -100.424345792528399, 21.550041969166607 ], [ -100.424164070903828, 21.549796581500992 ], [ -100.423636408525709, 21.549970442227472 ], [ -100.422565972659143, 21.549532227680302 ], [ -100.422438466780093, 21.5490377160483 ], [ -100.421910009786586, 21.549170206472169 ], [ -100.420718441567672, 21.548568385586943 ], [ -100.420305205774881, 21.54878899132553 ], [ -100.415287009064244, 21.551467821486931 ], [ -100.415063763058399, 21.552133382416933 ], [ -100.414837343258782, 21.552633483339271 ], [ -100.414551144803667, 21.553093149355639 ], [ -100.414151732533981, 21.553802864998328 ], [ -100.413689368190475, 21.554306685072348 ], [ -100.41328202274002, 21.554602749330829 ], [ -100.413611825799165, 21.556418157683275 ], [ -100.413568694461276, 21.557246386634048 ], [ -100.413284069039761, 21.557788780833874 ], [ -100.413173230312808, 21.558162925204673 ], [ -100.412768251037946, 21.558583083577464 ], [ -100.412415124223671, 21.558630026785941 ], [ -100.412062789469715, 21.55871833422594 ], [ -100.41153349427087, 21.558809429052822 ], [ -100.410714016466756, 21.559153357700421 ], [ -100.409955896848288, 21.559620448747754 ], [ -100.409140368080799, 21.560171195153575 ], [ -100.408515249075108, 21.561422358504501 ], [ -100.409179154918959, 21.562198080829209 ], [ -100.408540574187839, 21.562746039207013 ], [ -100.407539354440416, 21.562844548497356 ], [ -100.4066576917145, 21.563023926586325 ], [ -100.406005655190256, 21.562868669819711 ], [ -100.405067372727189, 21.563173062314167 ], [ -100.403821500607492, 21.562820241791876 ], [ -100.40258905959486, 21.563170618956367 ], [ -100.40028849959441, 21.563206727629897 ], [ -100.398166479992838, 21.563322761015094 ], [ -100.397856555926765, 21.562541444885152 ], [ -100.397553730057254, 21.562132415120271 ], [ -100.397252482335659, 21.561806115194688 ], [ -100.396726316119796, 21.562062625082117 ], [ -100.395605536234328, 21.562080180581781 ], [ -100.395366431771791, 21.561918414369277 ], [ -100.393996314819404, 21.561236443287545 ], [ -100.392555419665769, 21.559934902587987 ], [ -100.39142206979767, 21.559290583128718 ], [ -100.39081882801689, 21.558596592749467 ], [ -100.389700429580799, 21.55873820336835 ], [ -100.389266300471888, 21.557627787594008 ], [ -100.389085411051113, 21.557423724633175 ], [ -100.38890530787863, 21.557261026884497 ], [ -100.388490044251881, 21.55714337913469 ], [ -100.388015794633887, 21.557026651304032 ], [ -100.387177418184166, 21.556377695360247 ], [ -100.386821929700304, 21.556300488037042 ], [ -100.386524642833024, 21.556180994014788 ], [ -100.386343758985944, 21.555976927740932 ], [ -100.386161305801039, 21.555690130232968 ], [ -100.385970219907193, 21.554948311873002 ], [ -100.385486562611291, 21.554335190084149 ], [ -100.385064248514055, 21.553845243378959 ], [ -100.383632915122689, 21.553040002936712 ], [ -100.383211394999321, 21.552591416503581 ], [ -100.382614490824778, 21.552228317015281 ], [ -100.382021507874128, 21.552072043237079 ], [ -100.381489077827439, 21.551997579956204 ], [ -100.381438711631489, 21.552453520273367 ], [ -100.379494556384387, 21.55260791825647 ], [ -100.379774603943687, 21.551817381327528 ], [ -100.379230432574232, 21.551122425818072 ], [ -100.379022812741979, 21.551063589303599 ], [ -100.378815193062906, 21.551004752521116 ], [ -100.378106597243757, 21.550974396509595 ], [ -100.377398001536577, 21.550944037469325 ], [ -100.3765155809145, 21.551081888713835 ], [ -100.375969081641074, 21.550262824331359 ], [ -100.375080410003065, 21.550069741867198 ], [ -100.374358533983752, 21.549336151637473 ], [ -100.371590973422883, 21.549627374925972 ], [ -100.37112300341407, 21.549841523529349 ], [ -100.370776122261205, 21.550219304805349 ], [ -100.371016742644827, 21.550463840667835 ], [ -100.371255802666255, 21.550625644484935 ], [ -100.371670255419602, 21.550701971188545 ], [ -100.372387440268824, 21.551187378514111 ], [ -100.372451110580883, 21.551434657958598 ], [ -100.372336264663602, 21.551601951824477 ], [ -100.371688211926553, 21.551653384891605 ], [ -100.371393287459497, 21.551657960089564 ], [ -100.37073820978145, 21.551337097051025 ], [ -100.37050227061772, 21.551340755880268 ], [ -100.370327657242512, 21.551467597299482 ], [ -100.366083312067687, 21.554802215248007 ], [ -100.36545238046385, 21.555763674973694 ], [ -100.364802747529993, 21.555732350500325 ], [ -100.364449605902919, 21.555779192517985 ], [ -100.363980826357164, 21.555951956570393 ], [ -100.363515938220559, 21.556331549099184 ], [ -100.362584598084695, 21.557007998673509 ], [ -100.361538385939085, 21.557851730659447 ], [ -100.361191460950096, 21.558229493946477 ], [ -100.360964065868657, 21.558688165709995 ], [ -100.360339305643919, 21.559980536214258 ], [ -100.359474691026961, 21.561069718830701 ], [ -100.359125421107535, 21.561323380338983 ], [ -100.358832807282155, 21.56145203238713 ], [ -100.357832321608797, 21.561591610270451 ], [ -100.357420173457811, 21.561639348612829 ], [ -100.35706934476616, 21.561810273964888 ], [ -100.356837270920735, 21.562020744593323 ], [ -100.356722398833497, 21.562188028873621 ], [ -100.356670399700292, 21.562561233341587 ], [ -100.356734826590511, 21.562849885654163 ], [ -100.356862127650245, 21.563344458051901 ], [ -100.357104302625899, 21.563671745794146 ], [ -100.357344924828283, 21.563916301055912 ], [ -100.358350867543621, 21.564066287345771 ], [ -100.358889553781736, 21.564471750739397 ], [ -100.359709976161966, 21.564169435111705 ], [ -100.361022543712409, 21.564935338547091 ], [ -100.36202149136767, 21.56471300864423 ], [ -100.362374655553751, 21.564666170641285 ], [ -100.362553183631618, 21.564746166172593 ], [ -100.362734825859434, 21.564991625177552 ], [ -100.362740275338723, 21.565281186602039 ], [ -100.36268906959431, 21.565695757978194 ], [ -100.362755067066047, 21.566067138983989 ], [ -100.363001152660075, 21.566601246649689 ], [ -100.363307788941398, 21.567217173170356 ], [ -100.363728517054327, 21.567624444318952 ], [ -100.364207460261838, 21.567989435603408 ], [ -100.364632867770297, 21.5686448993727 ], [ -100.36528801353893, 21.568965782370796 ], [ -100.365663010280869, 21.570077180448838 ], [ -100.366376377670989, 21.570355779460389 ], [ -100.367280764168498, 21.571376217938084 ], [ -100.366232143917372, 21.572095884570665 ], [ -100.365593350533246, 21.572643688596461 ], [ -100.365189748063713, 21.573146471722879 ], [ -100.364671271856409, 21.573816543526441 ], [ -100.364210227048318, 21.574402969309855 ], [ -100.363809731181505, 21.575071212874544 ], [ -100.363473679244223, 21.576028103871369 ], [ -100.36313606547904, 21.57690226261613 ], [ -100.362907872253601, 21.57731957139416 ], [ -100.362618345854031, 21.577613694788464 ], [ -100.362269043876097, 21.577867364196813 ], [ -100.361565765462174, 21.578126505741835 ], [ -100.360917589011635, 21.578177903168612 ], [ -100.359916992198109, 21.578317499228561 ], [ -100.356852306233947, 21.578530332524583 ], [ -100.358258980640301, 21.581156807090743 ], [ -100.356270169664512, 21.582097819004421 ], [ -100.356089291833314, 21.581893719947466 ], [ -100.35561808823681, 21.581942366959119 ], [ -100.354971444740883, 21.582076474171863 ], [ -100.354150136059474, 21.582337405619615 ], [ -100.35338859836439, 21.582638789910906 ], [ -100.352863825691657, 21.582977900686686 ], [ -100.351169944361331, 21.583914308751044 ], [ -100.350869523000085, 21.5836292886796 ], [ -100.350279538963022, 21.583638371652945 ], [ -100.349681802695727, 21.583233791746867 ], [ -100.348728531106275, 21.582751923440117 ], [ -100.347778364145228, 21.582435513806285 ], [ -100.346178449912003, 21.582087707433818 ], [ -100.346114032913349, 21.581799051038164 ], [ -100.345932394958652, 21.581553574015718 ], [ -100.345572990849789, 21.581269450113624 ], [ -100.345386710920934, 21.580775775350112 ], [ -100.345201980064715, 21.580364832648605 ], [ -100.345017250307663, 21.5799538896682 ], [ -100.344596534015437, 21.579546570955575 ], [ -100.344175820081006, 21.579139251038242 ], [ -100.343753561675015, 21.57864919747897 ], [ -100.343154316979494, 21.578161859433241 ], [ -100.342496853087084, 21.577716790565667 ], [ -100.341840165979832, 21.577313085133326 ], [ -100.34136201562545, 21.576989394862668 ], [ -100.34104772076104, 21.575959762029925 ], [ -100.340679842815987, 21.575220596946998 ], [ -100.340256835452678, 21.57468916679273 ], [ -100.339779469496946, 21.574406837565636 ], [ -100.339066897861699, 21.574169489460111 ], [ -100.338416410385975, 21.574096699783464 ], [ -100.337509884138029, 21.572951996101455 ], [ -100.337919758622661, 21.572780206005437 ], [ -100.338869843273599, 21.573096676634091 ], [ -100.339285120505451, 21.573214447592367 ], [ -100.341356107535873, 21.573513722268043 ], [ -100.341936779672253, 21.573008277629768 ], [ -100.342401005310521, 21.572587374079717 ], [ -100.342747240311041, 21.572168279967663 ], [ -100.343093473348446, 21.571749185218383 ], [ -100.343437384940756, 21.571205991044096 ], [ -100.34378284053804, 21.570745528775866 ], [ -100.344058474478203, 21.569706844006177 ], [ -100.344350345650668, 21.569536850238599 ], [ -100.344698888490228, 21.56924185133807 ], [ -100.345165415130111, 21.568945039663969 ], [ -100.345395969912161, 21.568651851538174 ], [ -100.345506991698201, 21.568277743065249 ], [ -100.345552057649627, 21.567532244576292 ], [ -100.346311988813056, 21.567148166408455 ], [ -100.346426102934132, 21.566939522350104 ], [ -100.347248116696264, 21.566719998548184 ], [ -100.347657961185334, 21.566548185864917 ], [ -100.348067804660033, 21.566376372220077 ], [ -100.34841710679116, 21.566122732408104 ], [ -100.348762534943873, 21.565662260982439 ], [ -100.349523996826036, 21.565360901380853 ], [ -100.349992825529668, 21.565188175715623 ], [ -100.350462428069861, 21.565056814943329 ], [ -100.350871488611645, 21.564843628607836 ], [ -100.351076018418354, 21.564737035084836 ], [ -100.351280547915522, 21.564630441324883 ], [ -100.350893232721461, 21.564429513084452 ], [ -100.350505918558142, 21.564228583883065 ], [ -100.349735942024694, 21.564074919664058 ], [ -100.348431180520677, 21.563722585761763 ], [ -100.347722521290308, 21.563692103490411 ], [ -100.345518988129655, 21.562608754266972 ], [ -100.343972103580739, 21.561929077893627 ], [ -100.342057389592952, 21.560510221481241 ], [ -100.340037857729286, 21.559796377648645 ], [ -100.339136044835215, 21.55889987539674 ], [ -100.33842277993395, 21.558621153709254 ], [ -100.337386813683992, 21.556857752464477 ], [ -100.337435005721204, 21.556277719032618 ], [ -100.337428065620813, 21.555905420926358 ], [ -100.337300837601163, 21.555410829483829 ], [ -100.33717900772838, 21.555205803136069 ], [ -100.336821229432957, 21.555004388169785 ], [ -100.336464993738204, 21.554885705342034 ], [ -100.335934109219991, 21.554893828826117 ], [ -100.335523510598179, 21.555024245420768 ], [ -100.335234738199176, 21.555359689051404 ], [ -100.334231952375433, 21.555375024763229 ], [ -100.333846993936575, 21.555298153767456 ], [ -100.333462035853614, 21.5552212818607 ], [ -100.3332819940115, 21.555058520546861 ], [ -100.333100412835023, 21.554813025922627 ], [ -100.332919602092986, 21.554608897612916 ], [ -100.332799318473718, 21.554486600798157 ], [ -100.332503613270433, 21.554449740970096 ], [ -100.332411808045023, 21.555858006485693 ], [ -100.332051725316902, 21.555532481354579 ], [ -100.331867836915407, 21.555162885623652 ], [ -100.331385935689468, 21.55463232809797 ], [ -100.331202819518609, 21.554304098033533 ], [ -100.331198203632709, 21.554055898517632 ], [ -100.331252574653078, 21.553806798166789 ], [ -100.331306945511713, 21.553557697800528 ], [ -100.331480058900411, 21.553348162231252 ], [ -100.331718313909207, 21.553468658171624 ], [ -100.332016325587318, 21.553629619230442 ], [ -100.332194055480244, 21.553668282395062 ], [ -100.332546436778003, 21.553580141889821 ], [ -100.332780844218917, 21.553493803444656 ], [ -100.333073468192964, 21.553365196666473 ], [ -100.334201915445703, 21.553761730249768 ], [ -100.334498389736211, 21.553839953641251 ], [ -100.33491052686378, 21.553792272712911 ], [ -100.335203919760559, 21.553705028776882 ], [ -100.335497312278875, 21.553617784341419 ], [ -100.335669648893187, 21.553366878223205 ], [ -100.335783769057045, 21.553158240888841 ], [ -100.335897888907382, 21.552949603488013 ], [ -100.335772980898426, 21.552579109824631 ], [ -100.335285682263731, 21.55175899809181 ], [ -100.335611859850019, 21.550264389777752 ], [ -100.334997357212515, 21.548949682637286 ], [ -100.335343562286411, 21.548530604557833 ], [ -100.335085285634634, 21.547334583345155 ], [ -100.335197861865154, 21.547043213373978 ], [ -100.33536711058801, 21.546626841571708 ], [ -100.335537128772941, 21.546251836170477 ], [ -100.335767670522799, 21.545958661446747 ], [ -100.33605719480839, 21.545664584085049 ], [ -100.336405701249745, 21.545369603796964 ], [ -100.337867176504119, 21.544643804604792 ], [ -100.338201026325322, 21.543562857252187 ], [ -100.338668259404102, 21.543307432952794 ], [ -100.339018297463483, 21.543095180673504 ], [ -100.339428088107184, 21.542923390701379 ], [ -100.340014824228263, 21.542748888745454 ], [ -100.340371032139814, 21.542867565538771 ], [ -100.341072643509648, 21.542525786397043 ], [ -100.341114644659086, 21.541614820268912 ], [ -100.340586896320218, 21.541788421936747 ], [ -100.339862913836583, 21.540930570920363 ], [ -100.339826479952478, 21.540558724330545 ], [ -100.339790046309702, 21.540186877706933 ], [ -100.339545636733718, 21.539735460357104 ], [ -100.33930122873123, 21.53928404254696 ], [ -100.339890264991197, 21.539233641199299 ], [ -100.340362110882154, 21.539226411826512 ], [ -100.340889078720721, 21.539011444808594 ], [ -100.341417588667824, 21.538879209134894 ], [ -100.342355100298732, 21.538533808939508 ], [ -100.34281999307359, 21.53815427473085 ], [ -100.34329183484121, 21.538147037254788 ], [ -100.343533162875275, 21.538432983021305 ], [ -100.344372023156382, 21.539123541932721 ], [ -100.344907485480732, 21.539363592945517 ], [ -100.346218977989068, 21.540088264550302 ], [ -100.34663223104836, 21.540102606319262 ], [ -100.347045484127989, 21.54011694705952 ], [ -100.347871990348168, 21.540145625454386 ], [ -100.348819554404599, 21.540337951517177 ], [ -100.351298301839265, 21.540382581453635 ], [ -100.351768599284043, 21.540292587114351 ], [ -100.352119384609608, 21.540121674876666 ], [ -100.352996344188099, 21.539694391226767 ], [ -100.353863993625751, 21.538770708517095 ], [ -100.354912449847632, 21.538051126309494 ], [ -100.354661794064441, 21.537268803532093 ], [ -100.354536079495475, 21.536856958811395 ], [ -100.354352161956839, 21.536487388817893 ], [ -100.354170571660276, 21.536241917256415 ], [ -100.353871023877829, 21.535998262422545 ], [ -100.353573802823291, 21.535878705731225 ], [ -100.353099645291366, 21.535761873128045 ], [ -100.352508305483397, 21.535688221389279 ], [ -100.3513877047167, 21.535705469123425 ], [ -100.350131337143708, 21.534773098385841 ], [ -100.349364614338029, 21.534784889109883 ], [ -100.348351917698096, 21.534262539827914 ], [ -100.34769464502881, 21.533817479719129 ], [ -100.346980718086513, 21.533497421929894 ], [ -100.346092178957974, 21.533304177176678 ], [ -100.345381349156924, 21.533149577873928 ], [ -100.344613087887893, 21.533078613467097 ], [ -100.343491730711435, 21.533054440698141 ], [ -100.343891446295018, 21.532344877404075 ], [ -100.344596089906588, 21.532168551847107 ], [ -100.34499270692308, 21.531293520493982 ], [ -100.345219343198579, 21.530793502225439 ], [ -100.345451387787662, 21.530583048725017 ], [ -100.34662551729717, 21.53027537224326 ], [ -100.34679548931895, 21.529900357137567 ], [ -100.346731100306343, 21.529611698086178 ], [ -100.346725688139273, 21.529322133200946 ], [ -100.34678079881283, 21.52911439533213 ], [ -100.347486969590847, 21.529020791295522 ], [ -100.34772364867419, 21.529058533287721 ], [ -100.34789980444809, 21.529014448371903 ], [ -100.348015436687078, 21.528888536751356 ], [ -100.347890522671193, 21.528518051654761 ], [ -100.347821491612123, 21.527981194673661 ], [ -100.347812210376247, 21.527484797874941 ], [ -100.347920107024251, 21.526945222344153 ], [ -100.348031870336996, 21.52661247876128 ], [ -100.348379534329965, 21.526276110016354 ], [ -100.349070988809302, 21.525396538629852 ], [ -100.349233985504455, 21.524649223959663 ], [ -100.349282127220548, 21.524069187925559 ], [ -100.349331042461884, 21.523530518250279 ], [ -100.349206904289588, 21.523201400238555 ], [ -100.349025340165838, 21.522955921377857 ], [ -100.348726602579745, 21.522753621458744 ], [ -100.348365798124419, 21.52238676153781 ], [ -100.34818423645396, 21.522141281611773 ], [ -100.348060102182188, 21.521812162496719 ], [ -100.348046954991844, 21.521108933233055 ], [ -100.34797792848741, 21.520572075700233 ], [ -100.348031488129593, 21.520281604604037 ], [ -100.348083500913503, 21.519908400623301 ], [ -100.347489134579263, 21.519669261689511 ], [ -100.34735959244702, 21.519050576605245 ], [ -100.346706258400616, 21.518812340404526 ], [ -100.346584449319707, 21.518607319152704 ], [ -100.346578266273767, 21.518276387382848 ], [ -100.346626417989569, 21.517696351243245 ], [ -100.346676115217178, 21.517199048022491 ], [ -100.346905045401272, 21.516823127506768 ], [ -100.347075003092527, 21.516448112382356 ], [ -100.347424965818902, 21.516235845780187 ], [ -100.347715956337623, 21.516024484369797 ], [ -100.347772608013997, 21.515899479109773 ], [ -100.347769515377792, 21.515734013263636 ], [ -100.347589509807278, 21.515571264947287 ], [ -100.347351306741274, 21.51545078862036 ], [ -100.347231045855665, 21.515328500609563 ], [ -100.344959756865606, 21.516894367419262 ], [ -100.344851082012212, 21.517392575340637 ], [ -100.344446774225261, 21.517853940708353 ], [ -100.343806575136355, 21.518318923511615 ], [ -100.342929710430951, 21.518746154613734 ], [ -100.341525944347765, 21.519388348738573 ], [ -100.339942162269139, 21.519867774993887 ], [ -100.339272259227911, 21.521905575360243 ], [ -100.338330990563605, 21.522044120675602 ], [ -100.337668410310073, 21.521309449601233 ], [ -100.336471226739917, 21.52037606098866 ], [ -100.333420574111443, 21.519510441710818 ], [ -100.33315026415714, 21.519433738324768 ], [ -100.330151860965742, 21.519976053214904 ], [ -100.32897853935394, 21.520324978427361 ], [ -100.327920088261294, 21.520506630473502 ], [ -100.327154199891609, 21.520559682169104 ], [ -100.326860866803869, 21.520646909096389 ], [ -100.326450353294291, 21.52077729932638 ], [ -100.326041373249737, 21.520990422290897 ], [ -100.325752640824319, 21.52132584848782 ], [ -100.325466208026654, 21.521785374824447 ], [ -100.325012819892237, 21.522785364020166 ], [ -100.323840994814617, 21.523216988537897 ], [ -100.322947178346411, 21.522734047149203 ], [ -100.322653071815395, 21.522779900100829 ], [ -100.322253273478182, 21.52348941726137 ], [ -100.322195064704317, 21.523531681196651 ], [ -100.321956867074988, 21.523411168315992 ], [ -100.321599954301021, 21.523251081780103 ], [ -100.321414605438392, 21.522798735818313 ], [ -100.321232320980442, 21.522511857323025 ], [ -100.321053865979195, 21.522431813295906 ], [ -100.320640279002106, 21.52239672193426 ], [ -100.320344641090955, 21.522359836911583 ], [ -100.320049768759688, 21.522364318319017 ], [ -100.319693625819681, 21.522245594415061 ], [ -100.319633120705987, 21.522163756565039 ], [ -100.319510580086146, 21.521917346838688 ], [ -100.319509049490676, 21.521834612889759 ], [ -100.319388805158155, 21.52171230397165 ], [ -100.319034194609046, 21.521676312508539 ], [ -100.318739323480926, 21.521680791531686 ], [ -100.318090606828392, 21.521690643551466 ], [ -100.316669108325129, 21.521381193886189 ], [ -100.31643091840489, 21.521260672673517 ], [ -100.316196550593929, 21.521346986302998 ], [ -100.315963711060817, 21.521516033704494 ], [ -100.315730870981284, 21.52168508080517 ], [ -100.31561597912544, 21.521852338340576 ], [ -100.315620564318806, 21.522100540628625 ], [ -100.315509492913932, 21.522474633343464 ], [ -100.315039987897705, 21.522605890871592 ], [ -100.314121928335453, 21.517612994052257 ], [ -100.314296555278744, 21.517486210555404 ], [ -100.314648099710979, 21.517356744325276 ], [ -100.314821198132975, 21.517147226137777 ], [ -100.315053268482217, 21.516936813447579 ], [ -100.31522407391914, 21.516603193636968 ], [ -100.315337434464254, 21.516353202293004 ], [ -100.315332086510068, 21.516063632713504 ], [ -100.315558806124955, 21.515563649844292 ], [ -100.316180749110842, 21.514105961468871 ], [ -100.316462612872115, 21.513398247485998 ], [ -100.316452677698024, 21.512860475483549 ], [ -100.31650094899102, 21.512280441602211 ], [ -100.316367724117939, 21.511454889397651 ], [ -100.316473437146669, 21.510791226554197 ], [ -100.316580677815935, 21.510210297821093 ], [ -100.316806620878282, 21.50966894650746 ], [ -100.317031033728753, 21.509044860765648 ], [ -100.317541116066124, 21.507919894750771 ], [ -100.317888047525599, 21.507542220396594 ], [ -100.318293945597375, 21.507163650109238 ], [ -100.318639343894944, 21.506703240212168 ], [ -100.318987799304551, 21.506408297941441 ], [ -100.319746733757384, 21.505982983837338 ], [ -100.319896860652278, 21.504532449584804 ], [ -100.320535553008355, 21.503984822846807 ], [ -100.321464481904144, 21.503184510238164 ], [ -100.322556516526262, 21.50163689656355 ], [ -100.323015991367612, 21.500967850197448 ], [ -100.323009098911271, 21.500595547062257 ], [ -100.323002206545539, 21.50022324390865 ], [ -100.323054279586003, 21.499850043920237 ], [ -100.322989187879685, 21.499520004568847 ], [ -100.323387392011639, 21.498727753171273 ], [ -100.32373352125957, 21.498308701141351 ], [ -100.32401532172932, 21.497600976534358 ], [ -100.324297885751989, 21.496934618543804 ], [ -100.324635580245499, 21.496060527816198 ], [ -100.327058460277897, 21.496313289497863 ], [ -100.327766025526898, 21.496302510000689 ], [ -100.328531019651791, 21.496208094970001 ], [ -100.330119200180491, 21.49597698841189 ], [ -100.330404036480758, 21.495434722264537 ], [ -100.330570176695289, 21.494852887600189 ], [ -100.330679656413892, 21.494396052914013 ], [ -100.330904757252767, 21.49381331856123 ], [ -100.331011931550762, 21.49323238299484 ], [ -100.33193535770593, 21.492142449360973 ], [ -100.332275300992308, 21.491392446283339 ], [ -100.332913121321042, 21.490803409828203 ], [ -100.333201780436312, 21.490467974009057 ], [ -100.333784475181474, 21.490086669086764 ], [ -100.334192590283635, 21.489832164572103 ], [ -100.334808866858239, 21.488084849632653 ], [ -100.335323359676678, 21.487208038464409 ], [ -100.336488709177189, 21.486445413555472 ], [ -100.336954229950649, 21.486107268015566 ], [ -100.337478707798454, 21.485768219664077 ], [ -100.337941914933651, 21.485305971148851 ], [ -100.338751942966113, 21.484466008366091 ], [ -100.339489141606094, 21.482882342182442 ], [ -100.339720352826305, 21.482630532214092 ], [ -100.339953103679647, 21.48246145552595 ], [ -100.34012766646174, 21.482334647813225 ], [ -100.34042168510355, 21.482288768351438 ], [ -100.340588543439097, 21.481748292447822 ], [ -100.340643649043173, 21.481540555933556 ], [ -100.340756941475362, 21.481290549954668 ], [ -100.34152107516168, 21.481154713010771 ], [ -100.341812778754004, 21.480984730974694 ], [ -100.342588070999753, 21.478283247740272 ], [ -100.342934868965088, 21.477905527030746 ], [ -100.343340620936743, 21.477526902170901 ], [ -100.343803784062374, 21.477064639284311 ], [ -100.344149033504692, 21.476604182850053 ], [ -100.344369428585338, 21.475773232966684 ], [ -100.343897016975163, 21.47573909631075 ], [ -100.343062394896961, 21.475255344649668 ], [ -100.342525634743097, 21.474932539994029 ], [ -100.341865573571553, 21.474321971892454 ], [ -100.343098992770123, 21.474054805182714 ], [ -100.343258894985524, 21.473142026204389 ], [ -100.344600181969923, 21.472335274473931 ], [ -100.346544107885009, 21.47222270260924 ], [ -100.347367141283613, 21.472085937000806 ], [ -100.348484167518066, 21.471903274937507 ], [ -100.349365377423211, 21.47172422779488 ], [ -100.3517327867349, 21.472184389713622 ], [ -100.351510118411667, 21.472891247360121 ], [ -100.351810300295625, 21.47317628180901 ], [ -100.352333922920621, 21.472795823947223 ], [ -100.353280275812693, 21.472946782175672 ], [ -100.354675035397804, 21.47184947975428 ], [ -100.355328940566039, 21.472129062939604 ], [ -100.35516601782092, 21.472876383424016 ], [ -100.356042576015284, 21.472449102071504 ], [ -100.357766948966997, 21.473208727838148 ], [ -100.358304761200557, 21.472394430315454 ], [ -100.358408588137493, 21.472237225533259 ], [ -100.358512414857771, 21.472080020695454 ], [ -100.361966625067666, 21.473888766427542 ], [ -100.361634501658116, 21.470145196098528 ], [ -100.36159448876019, 21.469646330265892 ], [ -100.361613327648683, 21.468971060373146 ], [ -100.361628365438861, 21.468432039150489 ], [ -100.361798235726909, 21.468057011873579 ], [ -100.361998356953933, 21.467722895942934 ], [ -100.362198477299543, 21.467388779807997 ], [ -100.361586182149594, 21.466974711526987 ], [ -100.36081845366698, 21.46693125096504 ], [ -100.360288528560744, 21.467313739456849 ], [ -100.359932808100339, 21.466934225212796 ], [ -100.359580343746771, 21.467400725664262 ], [ -100.359224312583024, 21.466936601163233 ], [ -100.35887106060774, 21.467197673522904 ], [ -100.358985067446497, 21.466119713388064 ], [ -100.358806690417708, 21.465789272874495 ], [ -100.358687668415115, 21.465541356636336 ], [ -100.358391211324729, 21.4652116010691 ], [ -100.358094912076183, 21.464923278544848 ], [ -100.357680532930814, 21.464635640256493 ], [ -100.357384548806166, 21.464430183648954 ], [ -100.356911444342188, 21.464225752907847 ], [ -100.356557045943489, 21.464186371544159 ], [ -100.356084722855329, 21.46418910679105 ], [ -100.355494007367113, 21.464109656581371 ], [ -100.354962021568284, 21.463946995426081 ], [ -100.354784278440789, 21.463782284758661 ], [ -100.3546651094086, 21.463492931441355 ], [ -100.354782100989723, 21.463202212804031 ], [ -100.355076056241487, 21.462869036165621 ], [ -100.355311281756983, 21.462619068007065 ], [ -100.355546662203736, 21.462410533256964 ], [ -100.35578188618743, 21.462160564504057 ], [ -100.356076148849425, 21.461910253694668 ], [ -100.35631121520241, 21.461618850576578 ], [ -100.356664203064767, 21.461285329584378 ], [ -100.356957525855606, 21.460786415233986 ], [ -100.357192120238622, 21.460370709962955 ], [ -100.357485908228739, 21.45999609588165 ], [ -100.357661461440017, 21.459580732268797 ], [ -100.357777975387933, 21.459165710828156 ], [ -100.357834825350977, 21.458585296911853 ], [ -100.35801053245082, 21.458211366691859 ], [ -100.358007718295369, 21.457465560317413 ], [ -100.358123604492945, 21.456884803914502 ], [ -100.358121415572029, 21.45630473223035 ], [ -100.3580600335534, 21.455683569159508 ], [ -100.358058470419806, 21.455269232177706 ], [ -100.35805737627355, 21.454979196278234 ], [ -100.357997558210741, 21.454772370080718 ], [ -100.358233079022952, 21.454605265926137 ], [ -100.358410657654616, 21.454728539790146 ], [ -100.358765189789153, 21.454809352140771 ], [ -100.359179072086405, 21.454972688377971 ], [ -100.35941506181571, 21.454929883656515 ], [ -100.359591231156074, 21.454680253096313 ], [ -100.359766302490044, 21.45414058663701 ], [ -100.359942313525863, 21.453849522089683 ], [ -100.360353997158143, 21.453432784122697 ], [ -100.360411934545468, 21.45314240531134 ], [ -100.360528593533004, 21.45276881599867 ], [ -100.360645251978482, 21.452395226620009 ], [ -100.360702874499566, 21.452021980379428 ], [ -100.360819846063862, 21.451731258247296 ], [ -100.361055044565262, 21.451481283148659 ], [ -100.361054573306205, 21.451356982137685 ], [ -100.360403147379785, 21.450822119349009 ], [ -100.359753136482055, 21.450660156999657 ], [ -100.35922135304277, 21.450538940513621 ], [ -100.358630535601222, 21.450418064727845 ], [ -100.357803111556166, 21.45017425432254 ], [ -100.357506533475444, 21.449803061116562 ], [ -100.356972883847831, 21.449184632276104 ], [ -100.356676154131662, 21.448772003586146 ], [ -100.356320547805751, 21.448401149602532 ], [ -100.3559647877033, 21.44798886098425 ], [ -100.355550617762816, 21.447742647880286 ], [ -100.354840814916869, 21.447373837714899 ], [ -100.354249547804955, 21.447128644153157 ], [ -100.35371747098128, 21.446924541589386 ], [ -100.353126207365989, 21.446679343850256 ], [ -100.352358309260595, 21.446559465894875 ], [ -100.351826545597092, 21.446438224737648 ], [ -100.351353970279007, 21.446358075926774 ], [ -100.350763791052117, 21.446402906500431 ], [ -100.350409436902666, 21.446363509672793 ], [ -100.350055544562011, 21.446448413691673 ], [ -100.350084522622112, 21.446303225488968 ], [ -100.350113500633171, 21.446158037281737 ], [ -100.350349171814543, 21.446032378182071 ], [ -100.350407743090983, 21.445907737160617 ], [ -100.350614205122071, 21.445865115157169 ], [ -100.350820667018553, 21.445822492904949 ], [ -100.351115370076158, 21.445696493197403 ], [ -100.351469414153669, 21.445653020907411 ], [ -100.351764116253406, 21.445527020101984 ], [ -100.351881255894966, 21.445277737184441 ], [ -100.352175030090081, 21.444903132652929 ], [ -100.352409615729897, 21.444487433946946 ], [ -100.352467412019621, 21.444155623099665 ], [ -100.352584394923653, 21.443864905929374 ], [ -100.352701222809628, 21.443532754850757 ], [ -100.352640954143297, 21.443201624287763 ], [ -100.352757781460667, 21.442869473178661 ], [ -100.35299313573492, 21.442660943022531 ], [ -100.353109807205868, 21.442287357870651 ], [ -100.353345005326588, 21.442037393442629 ], [ -100.353580202651344, 21.441787428719095 ], [ -100.353932997146117, 21.441412481079489 ], [ -100.354168347436669, 21.441203949446422 ], [ -100.354403697055915, 21.440995417512664 ], [ -100.354639201085718, 21.440828319101911 ], [ -100.354933890681153, 21.440702313297432 ], [ -100.355287765912138, 21.440617399783321 ], [ -100.35570067156948, 21.440532144366756 ], [ -100.35611404316704, 21.440571189361613 ], [ -100.356409353142197, 21.440610916238995 ], [ -100.356586290184481, 21.440568458040744 ], [ -100.356526948092807, 21.440485931938078 ], [ -100.355994893191593, 21.440281835354366 ], [ -100.355875743715572, 21.439992481227645 ], [ -100.355697564195538, 21.439703468158598 ], [ -100.35575597323546, 21.439537391733896 ], [ -100.355814382153156, 21.439371315292505 ], [ -100.356226972958112, 21.439203191153066 ], [ -100.356580688112317, 21.439076841318894 ], [ -100.356993432829896, 21.438950149170239 ], [ -100.357465518618369, 21.438905981855619 ], [ -100.357937292088351, 21.438778945661657 ], [ -100.358409532993605, 21.438776209501871 ], [ -100.358586467148342, 21.438733749327447 ], [ -100.358999521435919, 21.43868991989995 ], [ -100.359471605446046, 21.438645747001324 ], [ -100.359411167931299, 21.438273185629619 ], [ -100.359882937383247, 21.438146144138461 ], [ -100.36035533253245, 21.438184836344025 ], [ -100.36076869802254, 21.438223870136515 ], [ -100.361122876969304, 21.438221812222242 ], [ -100.361535771706954, 21.438136542921214 ], [ -100.36165336021584, 21.438011555318415 ], [ -100.362065782603977, 21.437801983593442 ], [ -100.3625373905586, 21.437633501100613 ], [ -100.362831751607459, 21.43742461462033 ], [ -100.363126111804746, 21.437215727661819 ], [ -100.363479342917415, 21.436965062680187 ], [ -100.363773543653622, 21.43671474097092 ], [ -100.36400902963608, 21.436547630220847 ], [ -100.364185170674332, 21.436297995876096 ], [ -100.364243253386817, 21.436049049616187 ], [ -100.364418604710238, 21.435592246596869 ], [ -100.364595059566682, 21.435425479275434 ], [ -100.364594586183401, 21.435301178199087 ], [ -100.364771040498553, 21.435134410715744 ], [ -100.365006364929314, 21.434925865039201 ], [ -100.365182818324641, 21.434759097163354 ], [ -100.365300401038581, 21.434634107258049 ], [ -100.365537620486108, 21.434922765073225 ], [ -100.365774524632997, 21.435128555144427 ], [ -100.366129170070892, 21.435250788042239 ], [ -100.366483657732687, 21.435331586493398 ], [ -100.366778641954411, 21.435288428193161 ], [ -100.367132178929623, 21.435120623331535 ], [ -100.367426369536233, 21.434870295676109 ], [ -100.367838456863296, 21.434577843269356 ], [ -100.368191514453173, 21.434285735392418 ], [ -100.368839233423515, 21.433867597809499 ], [ -100.369192128210202, 21.433534054367456 ], [ -100.369485675522071, 21.43311798890441 ], [ -100.369602775664802, 21.432868695346343 ], [ -100.369600706616026, 21.432330058214372 ], [ -100.36959927427705, 21.431957155564426 ], [ -100.369420920236948, 21.431626724120022 ], [ -100.369420283888218, 21.43146098958568 ], [ -100.36971669176458, 21.431790729208679 ], [ -100.369894409753073, 21.431955425791131 ], [ -100.37024841294533, 21.431911915758448 ], [ -100.370306324619875, 21.431621534289608 ], [ -100.370363917401306, 21.431248285563697 ], [ -100.370421828663027, 21.430957904058655 ], [ -100.370538288131343, 21.43054287547967 ], [ -100.37056724351558, 21.430397684703959 ], [ -100.370596198850976, 21.430252493923859 ], [ -100.370890533397699, 21.430043594492322 ], [ -100.371479838476276, 21.429791528633842 ], [ -100.372010594709749, 21.429664108317194 ], [ -100.372541349925626, 21.429536686365264 ], [ -100.373249182092422, 21.429408221468211 ], [ -100.37378025563558, 21.429363662841528 ], [ -100.374015237057506, 21.429072238394337 ], [ -100.37419087108492, 21.428698293979419 ], [ -100.374307639146849, 21.428366130477304 ], [ -100.374305553905003, 21.427827494042184 ], [ -100.374380367687124, 21.427326764136414 ], [ -100.376786835730769, 21.428345168766622 ], [ -100.376734761892365, 21.429502969427599 ], [ -100.377118266521009, 21.42954247209536 ], [ -100.377501771302946, 21.429581973873226 ], [ -100.378033176208149, 21.429703447022785 ], [ -100.378447149062424, 21.429908164669182 ], [ -100.378743443543698, 21.430154787773901 ], [ -100.378922306029338, 21.430484656864362 ], [ -100.379220329780466, 21.4310206581731 ], [ -100.379519096362486, 21.431680678417983 ], [ -100.379935299640294, 21.432257450700948 ], [ -100.380231601446511, 21.432504070715062 ], [ -100.38058587960181, 21.43258504674289 ], [ -100.380880699566802, 21.432583626435136 ], [ -100.381115318903852, 21.432375790607281 ], [ -100.381290973762205, 21.432168238740626 ], [ -100.381820410454552, 21.431958980499864 ], [ -100.382647141056779, 21.432161695524492 ], [ -100.382826510392988, 21.432574239388973 ], [ -100.383242233051092, 21.433068322946106 ], [ -100.383423093241419, 21.433728904765864 ], [ -100.383661679515441, 21.434182502178107 ], [ -100.383899274749723, 21.434470740006361 ], [ -100.384255297000962, 21.434841086337432 ], [ -100.384611072702853, 21.435170092028283 ], [ -100.385025069625797, 21.435374791952352 ], [ -100.387147061886552, 21.43524047651805 ], [ -100.388150462542342, 21.435400963937695 ], [ -100.388624677045058, 21.435812066406996 ], [ -100.389276788729973, 21.436387664763199 ], [ -100.389632578998757, 21.436716658909614 ], [ -100.390282198720755, 21.436878856186087 ], [ -100.390636992003522, 21.437042489350013 ], [ -100.390933821148323, 21.437371768096796 ], [ -100.390995789246205, 21.437867556146905 ], [ -100.390821143070966, 21.438240476295544 ], [ -100.390705212096137, 21.43857176894824 ], [ -100.39029419909734, 21.438863159968264 ], [ -100.389883434357685, 21.439195889719905 ], [ -100.389472917549099, 21.439569958218875 ], [ -100.389949649288383, 21.440394452377284 ], [ -100.390218000869993, 21.440889234318995 ], [ -100.390486354338549, 21.441384015703886 ], [ -100.391145258106206, 21.443075774575018 ], [ -100.39167697170852, 21.443238540579369 ], [ -100.391387891471012, 21.444190792204754 ], [ -100.391213490179084, 21.444605052456847 ], [ -100.391451368207541, 21.444934617107791 ], [ -100.391688495701928, 21.445140162541566 ], [ -100.392457848091311, 21.445591149763377 ], [ -100.392350943317624, 21.447410668428819 ], [ -100.391882945532672, 21.448033069376411 ], [ -100.391655335546488, 21.449398428853378 ], [ -100.391321305846958, 21.452665984991434 ], [ -100.392029719858044, 21.452786543453747 ], [ -100.392619940144414, 21.45286633672271 ], [ -100.392857333714161, 21.45311321907154 ], [ -100.39321191880687, 21.453235504644326 ], [ -100.393801387424219, 21.453191275020576 ], [ -100.394390604102043, 21.453105703819656 ], [ -100.394861121467073, 21.452896691051382 ], [ -100.395273924190676, 21.452894664185234 ], [ -100.395804166741371, 21.452809377725817 ], [ -100.396391868229458, 21.452475762686902 ], [ -100.396803913144311, 21.452349713663473 ], [ -100.397275685549189, 21.452347391779355 ], [ -100.397923867573837, 21.452261518090637 ], [ -100.399922572761568, 21.451218141735403 ], [ -100.400804858978731, 21.450841716207069 ], [ -100.401274345622539, 21.450467328572419 ], [ -100.402037161175699, 21.449843443822854 ], [ -100.402273550090328, 21.449924954692037 ], [ -100.402452744470608, 21.450296133095598 ], [ -100.402809613370195, 21.450790452804828 ], [ -100.403167754217151, 21.451491468489042 ], [ -100.403526406679276, 21.452275161900534 ], [ -100.403765849360809, 21.452852742741133 ], [ -100.404122475071333, 21.45330571956687 ], [ -100.404537566308463, 21.45367572389971 ], [ -100.405128557761302, 21.453879490459418 ], [ -100.405539324647023, 21.453546723487921 ], [ -100.406009316070296, 21.453255001513529 ], [ -100.406596993823484, 21.452921351803614 ], [ -100.407303376886148, 21.452711130396953 ], [ -100.408010268324048, 21.452583584695954 ], [ -100.40830410375014, 21.452416756752548 ], [ -100.408538200972359, 21.452126204770344 ], [ -100.408713070749457, 21.451794607567415 ], [ -100.408886151215029, 21.451173635234031 ], [ -100.409176660297376, 21.450469395287737 ], [ -100.40976099492822, 21.449598324776019 ], [ -100.410529398195678, 21.449883867295366 ], [ -100.411061666829923, 21.450129247544918 ], [ -100.411710596559118, 21.450167339112443 ], [ -100.411887315268658, 21.450135448516257 ], [ -100.412064033890033, 21.450103557737396 ], [ -100.412417470868363, 21.450039775632074 ], [ -100.413299457261331, 21.449621947078494 ], [ -100.414238866443711, 21.448955782698146 ], [ -100.415708477488678, 21.448204265407274 ], [ -100.416709927068283, 21.448033861441559 ], [ -100.41812235237893, 21.447571995143349 ], [ -100.418886626594585, 21.447196072921038 ], [ -100.419471664768025, 21.446448989436242 ], [ -100.420936822373662, 21.444994664021529 ], [ -100.423226456858188, 21.44337078309562 ], [ -100.426100242273264, 21.440875752163212 ], [ -100.426286248704074, 21.442321717546768 ], [ -100.426303946812993, 21.445132771046691 ], [ -100.425957945423491, 21.446374743547793 ], [ -100.425785723327635, 21.447119746628715 ], [ -100.425673769639445, 21.448071144408178 ], [ -100.425735340754031, 21.448484234260118 ], [ -100.425972779587283, 21.448731067062926 ], [ -100.426982033893168, 21.449800771631363 ], [ -100.427759595391578, 21.451533096805811 ], [ -100.427940159267806, 21.452110938936777 ], [ -100.428002260975958, 21.452606705211139 ], [ -100.428005392103103, 21.453102772587474 ], [ -100.427949030199443, 21.453516463211212 ], [ -100.427543534224384, 21.454676061391233 ], [ -100.427313645079465, 21.45562806120089 ], [ -100.426560297413246, 21.457740258839188 ], [ -100.425631310097273, 21.460060050074809 ], [ -100.425526346876339, 21.460306983459034 ], [ -100.425421383323751, 21.460553916790019 ], [ -100.425050158574436, 21.461427239574206 ], [ -100.424055391179266, 21.462672510975967 ], [ -100.424586166592832, 21.462669810249299 ], [ -100.425059008018707, 21.46283276399113 ], [ -100.42529594982264, 21.462996918228107 ], [ -100.425415202117776, 21.463203012035361 ], [ -100.42547600029225, 21.463492084128209 ], [ -100.425477823277518, 21.463781456699866 ], [ -100.425715027614871, 21.463986949147319 ], [ -100.4261808375595, 21.463033748341125 ], [ -100.426885148715044, 21.462492731962925 ], [ -100.427473331964507, 21.462241687649573 ], [ -100.428003321736398, 21.462114959455043 ], [ -100.428593330257897, 21.46215328363952 ], [ -100.429183600400634, 21.462232944606633 ], [ -100.429460204043465, 21.461859999901257 ], [ -100.430353148223929, 21.460656027848575 ], [ -100.430705421681182, 21.460406181314173 ], [ -100.431235925439822, 21.46036212108385 ], [ -100.431885163114188, 21.460441470372157 ], [ -100.432476739060178, 21.460727814182412 ], [ -100.433009343054565, 21.461014458879198 ], [ -100.433600660657774, 21.461259459631489 ], [ -100.433955557227264, 21.461422994544286 ], [ -100.434486588863024, 21.461461601444913 ], [ -100.434899145959449, 21.461418136680805 ], [ -100.436547790258501, 21.4609962350195 ], [ -100.437138585570281, 21.461158545433833 ], [ -100.437494276673377, 21.461446088858867 ], [ -100.437909735188001, 21.46185734279798 ], [ -100.441160739146582, 21.462998027236505 ], [ -100.443462612207881, 21.463275446815128 ], [ -100.443935473226048, 21.463438345879226 ], [ -100.444997818486854, 21.463556832053612 ], [ -100.446296863596601, 21.463798095869233 ], [ -100.447124378652802, 21.464083153791183 ], [ -100.44807038062595, 21.464450267567781 ], [ -100.448603292922854, 21.464778198529491 ], [ -100.449255227031657, 21.465270863906387 ], [ -100.449727832720086, 21.46539240731466 ], [ -100.450199636803461, 21.465389933838392 ], [ -100.450552954731009, 21.465305400867496 ], [ -100.451141906169781, 21.465178290467897 ], [ -100.451848807116193, 21.465050558407544 ], [ -100.454000001423722, 21.464656621774242 ], [ -100.454172561172285, 21.464846835795047 ], [ -100.454397270058493, 21.465132453282212 ], [ -100.454536492139525, 21.465402837795594 ], [ -100.454608720022904, 21.465801614499838 ], [ -100.454731353102716, 21.466120071670485 ], [ -100.455006628419028, 21.466341343468549 ], [ -100.455400890190276, 21.466513650640536 ], [ -100.455930093180328, 21.46652502010847 ], [ -100.456424211528713, 21.466440836349925 ], [ -100.456868878675778, 21.46653282002287 ], [ -100.457332042258869, 21.466768426925462 ], [ -100.457846246279374, 21.466987611313428 ], [ -100.458328068781896, 21.467382814379008 ], [ -100.458621530959846, 21.467715754415099 ], [ -100.458899041892522, 21.468160666230567 ], [ -100.459140513027265, 21.468414177957072 ], [ -100.459910399348786, 21.468599171807437 ], [ -100.460597823293938, 21.469072453258075 ], [ -100.461663737491705, 21.469845970270004 ], [ -100.461973003106763, 21.470050956358278 ], [ -100.461974916192133, 21.470242653447023 ], [ -100.461907288540445, 21.47030714937469 ], [ -100.461625545903871, 21.470523954324239 ], [ -100.461094697923201, 21.470686337403873 ], [ -100.460386764341493, 21.470930345874809 ], [ -100.459383954964707, 21.471255394453557 ], [ -100.458558429079858, 21.471457561908448 ], [ -100.458091963670043, 21.471553166971006 ], [ -100.457968881676919, 21.471578393175932 ], [ -100.456909393776755, 21.471449381155502 ], [ -100.45566623281988, 21.471249554764682 ], [ -100.454590171841133, 21.471292856916776 ], [ -100.453960921583445, 21.471212244954717 ], [ -100.45256821633771, 21.472051927031632 ], [ -100.455470432277636, 21.472708946243433 ], [ -100.455768396374083, 21.472869689378211 ], [ -100.45606636110179, 21.473030431941744 ], [ -100.456130128641561, 21.473277675788687 ], [ -100.456192290786447, 21.473442190596927 ], [ -100.456196304884571, 21.473649013083101 ], [ -100.456080008388369, 21.473733628451942 ], [ -100.455845006801312, 21.473778765458057 ], [ -100.45549290542526, 21.473867152617856 ], [ -100.455081049873044, 21.473915117371398 ], [ -100.45466919398649, 21.473963081124911 ], [ -100.454435796142988, 21.474090945253916 ], [ -100.454320300521886, 21.474216924003514 ], [ -100.454147457852315, 21.474426574263468 ], [ -100.454151469181909, 21.474633396936991 ], [ -100.454214432115918, 21.474839277080463 ], [ -100.454395298548391, 21.475043272020269 ], [ -100.454633512378848, 21.475163595006826 ], [ -100.455167287794879, 21.475320567997553 ], [ -100.456073240254341, 21.476423263620276 ], [ -100.456549675377744, 21.47666390399765 ], [ -100.457021293222354, 21.476656356140321 ], [ -100.457329709050327, 21.477354833809375 ], [ -100.457398300595614, 21.477850263528662 ], [ -100.458465877224867, 21.478164188532389 ], [ -100.459195012736942, 21.479269696770128 ], [ -100.459859577866382, 21.480086595014878 ], [ -100.460334422531389, 21.480244494712647 ], [ -100.461041060858335, 21.48019179108304 ], [ -100.461575665004943, 21.480390106436186 ], [ -100.462050512211135, 21.480548001090209 ], [ -100.46228793616973, 21.480626947888268 ], [ -100.462763589644254, 21.480826204749818 ], [ -100.463066407636191, 21.481235119230995 ], [ -100.463966014562857, 21.482006851488343 ], [ -100.46385132695066, 21.482174200892583 ], [ -100.463677684769635, 21.482342496280747 ], [ -100.463622756091169, 21.482550263796465 ], [ -100.46362678175899, 21.48275708527628 ], [ -100.463571852889771, 21.482964852778245 ], [ -100.463635638334935, 21.483212092511771 ], [ -100.46372507680114, 21.483262378783611 ], [ -100.463814515326817, 21.48331266500378 ], [ -100.463859234611974, 21.483337808094525 ], [ -100.463903953912009, 21.483362951172271 ], [ -100.46399339255666, 21.483413237289103 ], [ -100.46476670532256, 21.484499405654049 ], [ -100.465413171375147, 21.485424111857711 ], [ -100.466298145896985, 21.486686405888737 ], [ -100.466421756059404, 21.488146745068416 ], [ -100.466530633119078, 21.489537694953448 ], [ -100.466783391760529, 21.490402553993306 ], [ -100.466736527335257, 21.491023964150951 ], [ -100.466748620652282, 21.491644426948262 ], [ -100.466644410235233, 21.492349512727912 ], [ -100.466596738912159, 21.492929558594259 ], [ -100.466487690032935, 21.493386459184016 ], [ -100.466437599424481, 21.493842412451425 ], [ -100.466326937198531, 21.494216584595407 ], [ -100.466334192801, 21.494588862210474 ], [ -100.466402020241688, 21.495042920878628 ], [ -100.466897079515277, 21.496234902571207 ], [ -100.466962490553911, 21.496564868316813 ], [ -100.466966522610221, 21.496771689089822 ], [ -100.466850215316668, 21.496856312419908 ], [ -100.466736326949786, 21.497065028148782 ], [ -100.466564284344869, 21.497316055382573 ], [ -100.466391434895371, 21.497525718303145 ], [ -100.46594232435308, 21.498691493117352 ], [ -100.466369563480612, 21.499429416914221 ], [ -100.466335598016244, 21.500712652953819 ], [ -100.466345274066072, 21.501209022702849 ], [ -100.466476099931469, 21.501868954079637 ], [ -100.466722432428355, 21.502402897736371 ], [ -100.466736142762187, 21.503106087920109 ], [ -100.466745014341981, 21.503561093298035 ], [ -100.466641605650011, 21.504307542708784 ], [ -100.466584255551084, 21.50439121853206 ], [ -100.466469555161765, 21.504558570128271 ], [ -100.466234508825522, 21.504603724219368 ], [ -100.466056812861694, 21.504565202342871 ], [ -100.465703839908983, 21.504612250428217 ], [ -100.465289485045744, 21.504536152461508 ], [ -100.464228147031335, 21.504553197165684 ], [ -100.463934942283259, 21.504640658965577 ], [ -100.463642542819642, 21.5047694844523 ], [ -100.463409106220652, 21.504897363004812 ], [ -100.4631191223109, 21.505150280198148 ], [ -100.462764535755127, 21.505114593804223 ], [ -100.462413170633567, 21.505244363472642 ], [ -100.462119963233562, 21.505331822217794 ], [ -100.461768596942335, 21.505461590588265 ], [ -100.461359876325133, 21.505675032466684 ], [ -100.46095115446974, 21.505888473406742 ], [ -100.460602200188092, 21.506142332161453 ], [ -100.46042772258572, 21.506269261288232 ], [ -100.460196694768925, 21.50652122835583 ], [ -100.460141754214789, 21.506728994940129 ], [ -100.460028653893787, 21.506979071080494 ], [ -100.460090032382112, 21.507102218491557 ], [ -100.460035091509155, 21.507309985047723 ], [ -100.459159473234138, 21.507779169452956 ], [ -100.458757177050671, 21.508323519606517 ], [ -100.45840821312207, 21.508577374247384 ], [ -100.457998674481672, 21.508749444310947 ], [ -100.457588330772182, 21.508880149132903 ], [ -100.457175574458063, 21.508886760097017 ], [ -100.457510737480192, 21.50943998374483 ], [ -100.457845903131357, 21.509993206540756 ], [ -100.458024480915327, 21.510164504639487 ], [ -100.458567164586853, 21.51068506212011 ], [ -100.458698771407086, 21.511386364630425 ], [ -100.459061418174699, 21.511835701263752 ], [ -100.459256018404574, 21.512742879112331 ], [ -100.459699096986412, 21.513752763010505 ], [ -100.460182373141492, 21.514879638063388 ], [ -100.460842287447505, 21.515448334411261 ], [ -100.461460150746248, 21.516886621394391 ], [ -100.464396470409071, 21.516218831556216 ], [ -100.468466060464891, 21.516194798502703 ], [ -100.465672703597605, 21.518143050213588 ], [ -100.465357602937161, 21.520134210748566 ], [ -100.467486153041079, 21.520389635617864 ], [ -100.468286379973136, 21.521536206279769 ], [ -100.469913599273781, 21.523867625792093 ], [ -100.47104940150696, 21.524635502084017 ], [ -100.470460094060741, 21.52466567909002 ], [ -100.469870786235958, 21.524695854027811 ], [ -100.469754911536043, 21.525409608827069 ], [ -100.469605413337348, 21.526330466298514 ], [ -100.467553790168338, 21.538966802403809 ], [ -100.467280880791719, 21.54069260881645 ] ] ] ] } },
{ "type": "Feature", "properties": { "ID": 25, "ENTIDAD": 11, "MUNICIPIO": 33, "NOMBRE": "SAN LUIS DE LA PAZ", "CONTROL": 46, "GEOMETRY1_": null, "ID_2": 2527, "ENTIDAD_2": 11, "DISTRITO_F": 1, "DISTRITO_L": 2, "MUNICIPIO_2": 33, "SECCION": 2570, "TIPO": 4, "CONTROL_2": 371, "GEOMETRY1__2": null }, "geometry": { "type": "MultiPolygon", "coordinates": [ [ [ [ -100.271392343253723, 21.459812217868752 ], [ -100.272158258057814, 21.45951468028662 ], [ -100.272392437807824, 21.459305337039822 ], [ -100.272861839537796, 21.458969422774238 ], [ -100.273566982663581, 21.458548322188719 ], [ -100.274093486241711, 21.458046255456132 ], [ -100.274800189174286, 21.457749309638576 ], [ -100.275624236413464, 21.457368380473461 ], [ -100.275740014881364, 21.4571602403343 ], [ -100.275618484898487, 21.456913128691586 ], [ -100.27573164862207, 21.456498055930833 ], [ -100.276022399653201, 21.456081171630188 ], [ -100.276548885998352, 21.455579097880381 ], [ -100.277192713259822, 21.454993041145311 ], [ -100.277895730604456, 21.454406377672633 ], [ -100.278834998505502, 21.453775905940699 ], [ -100.279715587439213, 21.453187420879519 ], [ -100.280829801472237, 21.452348190952335 ], [ -100.281298636781685, 21.451970868349608 ], [ -100.281353111552122, 21.451597784613565 ], [ -100.281406012957618, 21.45110054148876 ], [ -100.28151758331542, 21.450561306199287 ], [ -100.281691492979675, 21.450269783852203 ], [ -100.282045604726861, 21.450183376105645 ], [ -100.282282903055886, 21.45022233890997 ], [ -100.282403388516315, 21.450386672734929 ], [ -100.282525448306828, 21.450675165775433 ], [ -100.282708276571242, 21.45108721188905 ], [ -100.283005819953203, 21.451208340308565 ], [ -100.283362032732185, 21.451287475403962 ], [ -100.283657476929136, 21.451243056944342 ], [ -100.283773239330969, 21.451034911905346 ], [ -100.28388900141637, 21.450826766797626 ], [ -100.284000562396528, 21.450287530301281 ], [ -100.283937168373868, 21.449957045510921 ], [ -100.284170265609106, 21.449664914304993 ], [ -100.284400735990303, 21.449165850740677 ], [ -100.284751691499693, 21.44883111900408 ], [ -100.285040825972473, 21.448290061466768 ], [ -100.285327856725459, 21.447583457878274 ], [ -100.285849550724691, 21.446708879847819 ], [ -100.286194189603592, 21.44587750865087 ], [ -100.286304162354028, 21.44521411171548 ], [ -100.286470696946793, 21.444343175383896 ], [ -100.286695369021515, 21.443388858722436 ], [ -100.287099712331596, 21.442598265002282 ], [ -100.287624535115484, 21.441972000730168 ], [ -100.288326396490589, 21.441302524964783 ], [ -100.289030883089424, 21.440839978408725 ], [ -100.289501766700027, 21.440628180695658 ], [ -100.290027098821653, 21.440043295978114 ], [ -100.290904926031061, 21.439247825689698 ], [ -100.291542300931525, 21.438165082915688 ], [ -100.291828755654834, 21.437417083563385 ], [ -100.29208983065827, 21.43700047912402 ], [ -100.292350904223539, 21.436583874331863 ], [ -100.292347213993452, 21.436294169946919 ], [ -100.292283282050278, 21.435922302075781 ], [ -100.292279064905557, 21.435591211313469 ], [ -100.292390586338186, 21.435051970395804 ], [ -100.292443447365841, 21.434554724998481 ], [ -100.292435012849097, 21.433892543394983 ], [ -100.292312949835647, 21.433604057295565 ], [ -100.292009112047793, 21.432986307419892 ], [ -100.291916380290914, 21.432676823215825 ], [ -100.291823648959692, 21.432367338929474 ], [ -100.291791157806003, 21.4321400183678 ], [ -100.291758666772836, 21.431912697788739 ], [ -100.291579001808046, 21.431748978987684 ], [ -100.291158907214708, 21.431297990300013 ], [ -100.290739868446707, 21.430929773197317 ], [ -100.290438149368924, 21.430477565278601 ], [ -100.290494701983221, 21.43027002481421 ], [ -100.29055125445332, 21.430062484333742 ], [ -100.290721964157129, 21.429522635603174 ], [ -100.290946591081365, 21.428568314115889 ], [ -100.291642581051462, 21.42744357699528 ], [ -100.292349100327456, 21.427146565157663 ], [ -100.292938830550696, 21.42697492814413 ], [ -100.293647981439236, 21.426884842898755 ], [ -100.294707484655831, 21.426418618687766 ], [ -100.29540976952299, 21.425790503724173 ], [ -100.295697239416086, 21.425125271566738 ], [ -100.295929219773782, 21.42475035362504 ], [ -100.296756722999902, 21.424659035263456 ], [ -100.297467973045627, 21.424734479750288 ], [ -100.298354128891361, 21.424601156435685 ], [ -100.299535667104948, 21.424423384844822 ], [ -100.300598307687665, 21.424205442644311 ], [ -100.301365032762661, 21.423990554949096 ], [ -100.302193586203131, 21.423981982568687 ], [ -100.303143153869485, 21.424179111621239 ], [ -100.303589142470344, 21.424340059867795 ], [ -100.304035131990403, 21.424501006873761 ], [ -100.304690383182475, 21.42482535076401 ], [ -100.305344045325441, 21.425025533418026 ], [ -100.306109704764225, 21.4247278518305 ], [ -100.306698875559789, 21.424514781462271 ], [ -100.307523180419821, 21.42417509346447 ], [ -100.308344824120837, 21.423628470964552 ], [ -100.309752430008217, 21.422620447478035 ], [ -100.309808420737966, 21.422371515733399 ], [ -100.309392554825408, 21.422251662690599 ], [ -100.308799676665217, 21.422175039061049 ], [ -100.308680782197015, 21.422134882403096 ], [ -100.308736774627334, 21.421885950919361 ], [ -100.308793298406457, 21.421678405546963 ], [ -100.308849290514758, 21.421429474030933 ], [ -100.308845038334212, 21.421098385002171 ], [ -100.3090188605224, 21.420806837770176 ], [ -100.309191618835683, 21.420432518130184 ], [ -100.30930466406663, 21.420017427114914 ], [ -100.309419303676734, 21.419726494415748 ], [ -100.309414518840057, 21.419354019270838 ], [ -100.309648581621119, 21.419144628821908 ], [ -100.310004194859999, 21.419182324606002 ], [ -100.310420584271256, 21.419343562701929 ], [ -100.31066049745813, 21.41958941809008 ], [ -100.311259219597247, 21.420121282663001 ], [ -100.311503393508701, 21.420698225375613 ], [ -100.311928306949, 21.421521636609764 ], [ -100.311930968939379, 21.421728566972849 ], [ -100.311756087012327, 21.421937344808637 ], [ -100.311640918326276, 21.422186892809485 ], [ -100.311702761481058, 21.422393207406365 ], [ -100.311820059716823, 21.422309203652325 ], [ -100.312114369630905, 21.422181966067601 ], [ -100.312527041703049, 21.42205349589285 ], [ -100.312703520480085, 21.421968875476509 ], [ -100.313059673731459, 21.422047950422076 ], [ -100.313357178782724, 21.422169027009126 ], [ -100.313536854337656, 21.422332721985033 ], [ -100.313774112982529, 21.422371642127178 ], [ -100.314127602506673, 21.422243784561314 ], [ -100.314655969461995, 21.421907145789312 ], [ -100.314949742590201, 21.421738517363149 ], [ -100.315120886512133, 21.421240034309221 ], [ -100.314997192094282, 21.420827407990277 ], [ -100.3149332122792, 21.420455550675356 ], [ -100.314927880122269, 21.420041690409143 ], [ -100.315100088978753, 21.419625979430826 ], [ -100.315215249892589, 21.4193764293809 ], [ -100.315510084145316, 21.419290572259353 ], [ -100.315808118689304, 21.419453030730313 ], [ -100.316165334144586, 21.419614871340212 ], [ -100.316462836387046, 21.419735942565893 ], [ -100.316937346377188, 21.419813774591294 ], [ -100.317233781873568, 21.419852072413963 ], [ -100.317589397842013, 21.419889751901536 ], [ -100.31812575966795, 21.420173892540731 ], [ -100.319316316177691, 21.42069954553164 ], [ -100.320091011035871, 21.421105363378249 ], [ -100.320689236997453, 21.421595806154127 ], [ -100.321348788312406, 21.422251170998862 ], [ -100.321827054705082, 21.422618689861302 ], [ -100.322485544890668, 21.423191277892119 ], [ -100.323025676650815, 21.423765102697921 ], [ -100.323627673400821, 21.424545234738599 ], [ -100.323867080779522, 21.424749683637742 ], [ -100.324222709559081, 21.424787348318759 ], [ -100.324288323081518, 21.425283358097399 ], [ -100.324530948756518, 21.425736120904393 ], [ -100.324891405254817, 21.42614625643526 ], [ -100.325072706660848, 21.42643409549612 ], [ -100.325375592356735, 21.426969007802608 ], [ -100.325560113915088, 21.42750516102695 ], [ -100.325565477531768, 21.427919019037766 ], [ -100.325334107038202, 21.428335360086226 ], [ -100.325161919011265, 21.42875108020214 ], [ -100.325048913966469, 21.429166179542211 ], [ -100.325054812736042, 21.429621423361361 ], [ -100.32517908015069, 21.430075425787422 ], [ -100.325243627641299, 21.430488663012124 ], [ -100.325248990970906, 21.430902520929919 ], [ -100.325194096979132, 21.431234227992721 ], [ -100.325202142027919, 21.431855014818616 ], [ -100.325086453635066, 21.432063185217402 ], [ -100.32515046572928, 21.432435036565831 ], [ -100.325096643810582, 21.432849515146142 ], [ -100.324981490869362, 21.433099071280644 ], [ -100.324689853246255, 21.433433260816745 ], [ -100.324634957370009, 21.43376496771273 ], [ -100.32463817472491, 21.434013282432534 ], [ -100.324702186834969, 21.43438513388292 ], [ -100.324586495929125, 21.434593304014395 ], [ -100.324413763254768, 21.434967637762149 ], [ -100.324772098462716, 21.435212228842815 ], [ -100.324894761767581, 21.435542073663903 ], [ -100.325019034786791, 21.435996075662914 ], [ -100.325385957383602, 21.43690283739652 ], [ -100.325631290564928, 21.437562525589776 ], [ -100.325753958040593, 21.437892369489877 ], [ -100.325757714418415, 21.438182069711903 ], [ -100.325644168786269, 21.438555783541695 ], [ -100.325410100802273, 21.438765196298764 ], [ -100.325239512008508, 21.439305073857064 ], [ -100.325186761965327, 21.439802323746875 ], [ -100.325016707818975, 21.440383586864595 ], [ -100.324905304664071, 21.44092284326981 ], [ -100.324852553222783, 21.44142009304932 ], [ -100.324622234380683, 21.441919205155923 ], [ -100.324508683477958, 21.442292918351427 ], [ -100.324157302071058, 21.442586342567491 ], [ -100.323860283032261, 21.442506673805958 ], [ -100.323504075005729, 21.442427624878935 ], [ -100.323149475257878, 21.442472732484362 ], [ -100.323094037717468, 21.44276305311087 ], [ -100.323098861493335, 21.443135525028826 ], [ -100.323162875076932, 21.443507376669306 ], [ -100.323169843227092, 21.444045391591903 ], [ -100.323174131402553, 21.444376477679999 ], [ -100.323058967217975, 21.444626032792314 ], [ -100.323003528933228, 21.444916353367276 ], [ -100.322770519201143, 21.445208534520127 ], [ -100.322715616106919, 21.445540240783068 ], [ -100.322896939588432, 21.445828080535772 ], [ -100.323136382484108, 21.446032528236103 ], [ -100.323670707729136, 21.446151101797529 ], [ -100.323966125325015, 21.446106613275283 ], [ -100.324201279283074, 21.445979973474437 ], [ -100.324321269824537, 21.44610288924958 ], [ -100.324383678992504, 21.446350582882033 ], [ -100.324268515562437, 21.446600138743491 ], [ -100.324096842399285, 21.447057243872379 ], [ -100.323864368065159, 21.44739081227107 ], [ -100.323631892698955, 21.447724380388205 ], [ -100.323517263213361, 21.448015321549814 ], [ -100.323639936151849, 21.44834516639289 ], [ -100.323762073402222, 21.44863362537663 ], [ -100.323943939388769, 21.448962849312288 ], [ -100.324244726720593, 21.449332217208731 ], [ -100.324483104393792, 21.449453891082445 ], [ -100.324661217212153, 21.449493414115334 ], [ -100.325012613286134, 21.4491999882752 ], [ -100.32530159580034, 21.44865886870787 ], [ -100.325473266716443, 21.448201762524853 ], [ -100.325823047590987, 21.447784178091311 ], [ -100.325938745993696, 21.44757600697784 ], [ -100.326170141851577, 21.447159664546632 ], [ -100.326339123707996, 21.446495629159134 ], [ -100.326569442837823, 21.445996514885632 ], [ -100.326862173463255, 21.445745092869682 ], [ -100.32744870618771, 21.44532501879409 ], [ -100.327563863203324, 21.445075461037838 ], [ -100.327677407935482, 21.444701746180833 ], [ -100.327847992715178, 21.444161866615516 ], [ -100.327964760343946, 21.444036465664073 ], [ -100.328372101796489, 21.443494097579514 ], [ -100.328723476317251, 21.443200664866904 ], [ -100.328897281405773, 21.442909098428728 ], [ -100.329248115775613, 21.442574279059194 ], [ -100.329660288850306, 21.442404379114695 ], [ -100.330070847143091, 21.442110321255551 ], [ -100.330657356091393, 21.441690236982783 ], [ -100.331242785154885, 21.441187379543255 ], [ -100.331651721749253, 21.440769161219833 ], [ -100.331763638117764, 21.440271287231322 ], [ -100.331759331232746, 21.439940202201871 ], [ -100.331988007270255, 21.43931692469025 ], [ -100.332216681502729, 21.438693646921845 ], [ -100.332742367607196, 21.438150022685512 ], [ -100.333030224116158, 21.437526120439184 ], [ -100.333443455979619, 21.437438983267004 ], [ -100.333914796448127, 21.437268449958058 ], [ -100.334385596715109, 21.437056529778346 ], [ -100.334857473896932, 21.436927379518732 ], [ -100.335148554545, 21.436551787657518 ], [ -100.335615035646057, 21.4360087795664 ], [ -100.336198267104436, 21.435340364222014 ], [ -100.336783651976759, 21.434837489332747 ], [ -100.337313625818908, 21.434624936568532 ], [ -100.337547669571251, 21.434415508288282 ], [ -100.337601456395902, 21.434001027575807 ], [ -100.337831179250983, 21.43346051453133 ], [ -100.338178730653453, 21.432877365003723 ], [ -100.338823283847205, 21.432373858347447 ], [ -100.339352705327116, 21.432119914149993 ], [ -100.339765917473756, 21.43203276230264 ], [ -100.339704571056686, 21.431867846082202 ], [ -100.339464050043887, 21.431580650681742 ], [ -100.339163805319444, 21.431252695018085 ], [ -100.338746273713355, 21.431008760904426 ], [ -100.338328743457453, 21.430764825670039 ], [ -100.338385227487748, 21.43055727250794 ], [ -100.338558999292573, 21.430265697384449 ], [ -100.33903085061948, 21.430136536586783 ], [ -100.339441896214893, 21.4298838436276 ], [ -100.339737815315488, 21.429880714668933 ], [ -100.340153723537597, 21.430000489837028 ], [ -100.340805827228081, 21.430076373679313 ], [ -100.341279838951223, 21.43011274871553 ], [ -100.342044900699051, 21.429773519870146 ], [ -100.342632949273721, 21.42947755385309 ], [ -100.343279637450365, 21.429139573337213 ], [ -100.343985505819603, 21.428800963154369 ], [ -100.344750012135393, 21.428420337123956 ], [ -100.345398858274734, 21.428247890663577 ], [ -100.345575865297846, 21.428204621700385 ], [ -100.345752872206177, 21.4281613525553 ], [ -100.346048244892771, 21.428116827197606 ], [ -100.346286603288576, 21.428238471168623 ], [ -100.346524962065288, 21.428360114777828 ], [ -100.346702511149445, 21.428358230054407 ], [ -100.34693219214688, 21.42781770638295 ], [ -100.346922971746665, 21.427114154247384 ], [ -100.346854027066925, 21.426369844918366 ], [ -100.346606995288141, 21.425586034663088 ], [ -100.346360508538453, 21.424843609276753 ], [ -100.346292652710517, 21.42418207020981 ], [ -100.346281810310586, 21.423354361214201 ], [ -100.34621504008193, 21.422775592858748 ], [ -100.346209077270956, 21.4223203528292 ], [ -100.345850741816037, 21.422075807485705 ], [ -100.345432685266715, 21.421790503527838 ], [ -100.345191629462491, 21.421461930261199 ], [ -100.344889769586885, 21.421009827604045 ], [ -100.344648174742517, 21.420639867900363 ], [ -100.344347401324413, 21.420270535049045 ], [ -100.344518442249722, 21.419772027140358 ], [ -100.344857812823719, 21.418568083390063 ], [ -100.345141791423828, 21.417654465086624 ], [ -100.345491446245319, 21.417236844779939 ], [ -100.345959455900086, 21.416817968335778 ], [ -100.346192917777941, 21.416567144180817 ], [ -100.345779753374615, 21.416654309565669 ], [ -100.345425766801753, 21.416740846389995 ], [ -100.344951256524283, 21.416663095316643 ], [ -100.344595103346705, 21.416584088353627 ], [ -100.344295963188088, 21.416338911359908 ], [ -100.343756863906492, 21.415847928633518 ], [ -100.343393678452884, 21.41523090692456 ], [ -100.343326384048524, 21.414610750532372 ], [ -100.343079935338139, 21.413868317535837 ], [ -100.343012102237864, 21.413206775255823 ], [ -100.343297707264242, 21.412417316136409 ], [ -100.343936202782615, 21.41145855311898 ], [ -100.344106154171612, 21.410877274478402 ], [ -100.344155587748872, 21.410131707501286 ], [ -100.344264196496852, 21.409385513470188 ], [ -100.344432520793376, 21.408680077875896 ], [ -100.344480870066008, 21.407851739614681 ], [ -100.344584604502344, 21.406733075268502 ], [ -100.344746970468933, 21.405572398135028 ], [ -100.344827611369865, 21.404950673931062 ], [ -100.344908251743604, 21.4043289496793 ], [ -100.344608054788793, 21.404001000456834 ], [ -100.344483755021287, 21.403547013050506 ], [ -100.344538598437339, 21.403215301408618 ], [ -100.344709081065176, 21.402675407809877 ], [ -100.344940358952201, 21.402259043728701 ], [ -100.34546533175093, 21.401674000952923 ], [ -100.345551112206337, 21.401445439362607 ], [ -100.345636892413637, 21.401216877736427 ], [ -100.34574928014726, 21.400760381740525 ], [ -100.345804661523715, 21.400470055356884 ], [ -100.346334499564279, 21.400257480375426 ], [ -100.346979970103007, 21.399836720505906 ], [ -100.347329038191276, 21.399377712449031 ], [ -100.347617307047031, 21.398795175089859 ], [ -100.347669974250522, 21.39829792049775 ], [ -100.348529854853041, 21.401003112234729 ], [ -100.351021833823538, 21.404593669119425 ], [ -100.351729725031603, 21.404506734222633 ], [ -100.352025575933254, 21.404712209054036 ], [ -100.352321120088789, 21.404834815243778 ], [ -100.352852885242839, 21.404997497365112 ], [ -100.353561855760063, 21.405200592795651 ], [ -100.35421181127937, 21.405404025044547 ], [ -100.354684872332896, 21.405649909020614 ], [ -100.355394312110889, 21.405977298329301 ], [ -100.355690480338893, 21.40626563417905 ], [ -100.356104529281652, 21.406511854294639 ], [ -100.356400390041017, 21.406717320817101 ], [ -100.356755113892532, 21.406881011979845 ], [ -100.356814906641603, 21.407087840896427 ], [ -100.356697957211253, 21.407378560273603 ], [ -100.356403644435474, 21.407587433970342 ], [ -100.356109950417093, 21.407962043032448 ], [ -100.35587527286124, 21.408336311089268 ], [ -100.355817183906396, 21.408585255418345 ], [ -100.355936304049123, 21.408874611995142 ], [ -100.356114597877337, 21.409205061751738 ], [ -100.356410464300339, 21.409410527904523 ], [ -100.356765815321012, 21.409739954416846 ], [ -100.357061373293959, 21.409862551429836 ], [ -100.357062149334254, 21.410069721107469 ], [ -100.356944577663285, 21.410194704912925 ], [ -100.356768607618932, 21.410485765327671 ], [ -100.356710984938843, 21.410859011680355 ], [ -100.35665289667817, 21.411107956204191 ], [ -100.356830884748092, 21.411355537019311 ], [ -100.357245416163053, 21.411726055083722 ], [ -100.357482425361695, 21.411973293962408 ], [ -100.357837474258346, 21.412219849823281 ], [ -100.358134127017422, 21.41263248194252 ], [ -100.358430470183364, 21.412962245630272 ], [ -100.358373785015985, 21.413584095661488 ], [ -100.358434984316958, 21.414163828622371 ], [ -100.358496184238007, 21.414743561496355 ], [ -100.358498052683856, 21.415240768156028 ], [ -100.358559409294841, 21.41586193478069 ], [ -100.358561278197726, 21.416359141363049 ], [ -100.358622947379885, 21.4170631755979 ], [ -100.358624972545684, 21.417601815971679 ], [ -100.358508486941943, 21.418016838132701 ], [ -100.35856953388712, 21.418555136750392 ], [ -100.358926315924236, 21.419257461659331 ], [ -100.359044204481364, 21.419215344017886 ], [ -100.359162092966542, 21.419173226296824 ], [ -100.359692199979094, 21.41888011094159 ], [ -100.360399058035554, 21.418503099297283 ], [ -100.36098833824768, 21.418251071532104 ], [ -100.361460042761763, 21.418124028786224 ], [ -100.362167205885314, 21.417829877714382 ], [ -100.362519923460681, 21.417454915146646 ], [ -100.363168059745064, 21.417161103191443 ], [ -100.363580265793175, 21.416910096656586 ], [ -100.364051806082728, 21.41674161314786 ], [ -100.364406719768724, 21.416946719965232 ], [ -100.364584728081169, 21.4171942913039 ], [ -100.364939801140423, 21.41744083065727 ], [ -100.365234907997618, 21.417439110646505 ], [ -100.365884458613237, 21.417518192310801 ], [ -100.366534009777951, 21.417597271418018 ], [ -100.367241950036231, 21.417510268266785 ], [ -100.367713170693037, 21.417258907121571 ], [ -100.368125368557344, 21.417007889802843 ], [ -100.368537406409345, 21.416715437817839 ], [ -100.368949918631799, 21.416547286040036 ], [ -100.369599307532923, 21.416584919705326 ], [ -100.370249173762147, 21.416746851912752 ], [ -100.370662798020405, 21.416868731820053 ], [ -100.371018038953309, 21.417156691472748 ], [ -100.371844653450438, 21.417234711570909 ], [ -100.3724945245432, 21.41739663476784 ], [ -100.373202618668799, 21.417351040302766 ], [ -100.373969573169248, 21.417263662119559 ], [ -100.374913589645317, 21.417175238191941 ], [ -100.375444778860881, 21.417172110228563 ], [ -100.376388793354849, 21.417083678064497 ], [ -100.377391827289316, 21.416994892323011 ], [ -100.378277785886198, 21.417155399325242 ], [ -100.378927662188175, 21.417317297200334 ], [ -100.379812329862531, 21.417146327592253 ], [ -100.379696067048386, 21.417602794826525 ], [ -100.379520620628867, 21.418018177568392 ], [ -100.379404356371538, 21.41847464464001 ], [ -100.379288576398451, 21.419055412253488 ], [ -100.379113288917992, 21.419512228190221 ], [ -100.379056367723521, 21.420051213134194 ], [ -100.379117652461801, 21.42063093359484 ], [ -100.379002031767527, 21.421253134547026 ], [ -100.379005263978755, 21.422081805097974 ], [ -100.378948988424284, 21.42278652401307 ], [ -100.37883320427656, 21.423367291300966 ], [ -100.378598564340635, 21.423741588748008 ], [ -100.378244745695866, 21.423826548818834 ], [ -100.377831902931447, 21.423911856804786 ], [ -100.377006215785315, 21.424082469797824 ], [ -100.376298252381247, 21.424169515546463 ], [ -100.375473364885735, 21.424547288999843 ], [ -100.374943112123049, 21.424799019952012 ], [ -100.37470829940726, 21.425131878960851 ], [ -100.374380367687124, 21.427326764136414 ], [ -100.374305553905003, 21.427827494042184 ], [ -100.374307639146849, 21.428366130477304 ], [ -100.37419087108492, 21.428698293979419 ], [ -100.374015237057506, 21.429072238394337 ], [ -100.37378025563558, 21.429363662841528 ], [ -100.373249182092422, 21.429408221468211 ], [ -100.372541349925626, 21.429536686365264 ], [ -100.372010594709749, 21.429664108317194 ], [ -100.371479838476276, 21.429791528633842 ], [ -100.370890533397699, 21.430043594492322 ], [ -100.370596198850976, 21.430252493923859 ], [ -100.37056724351558, 21.430397684703959 ], [ -100.370538288131343, 21.43054287547967 ], [ -100.370421828663027, 21.430957904058655 ], [ -100.370363917401306, 21.431248285563697 ], [ -100.370306324619875, 21.431621534289608 ], [ -100.37024841294533, 21.431911915758448 ], [ -100.369894409753073, 21.431955425791131 ], [ -100.36971669176458, 21.431790729208679 ], [ -100.369420283888218, 21.43146098958568 ], [ -100.369420920236948, 21.431626724120022 ], [ -100.36959927427705, 21.431957155564426 ], [ -100.369600706616026, 21.432330058214372 ], [ -100.369602775664802, 21.432868695346343 ], [ -100.369485675522071, 21.43311798890441 ], [ -100.369192128210202, 21.433534054367456 ], [ -100.368839233423515, 21.433867597809499 ], [ -100.368191514453173, 21.434285735392418 ], [ -100.367838456863296, 21.434577843269356 ], [ -100.367426369536233, 21.434870295676109 ], [ -100.367132178929623, 21.435120623331535 ], [ -100.366778641954411, 21.435288428193161 ], [ -100.366483657732687, 21.435331586493398 ], [ -100.366129170070892, 21.435250788042239 ], [ -100.365774524632997, 21.435128555144427 ], [ -100.365537620486108, 21.434922765073225 ], [ -100.365300401038581, 21.434634107258049 ], [ -100.365182818324641, 21.434759097163354 ], [ -100.365006364929314, 21.434925865039201 ], [ -100.364771040498553, 21.435134410715744 ], [ -100.364594586183401, 21.435301178199087 ], [ -100.364595059566682, 21.435425479275434 ], [ -100.364418604710224, 21.435592246596869 ], [ -100.364243253386817, 21.436049049616187 ], [ -100.364185170674332, 21.436297995876096 ], [ -100.36400902963608, 21.436547630220847 ], [ -100.363773543653622, 21.43671474097092 ], [ -100.363479342917415, 21.436965062680187 ], [ -100.363126111804746, 21.437215727661819 ], [ -100.362831751607459, 21.43742461462033 ], [ -100.3625373905586, 21.437633501100613 ], [ -100.362065782603977, 21.437801983593442 ], [ -100.36165336021584, 21.438011555318415 ], [ -100.361535771706954, 21.438136542921214 ], [ -100.361122876969304, 21.438221812222242 ], [ -100.36076869802254, 21.438223870136515 ], [ -100.36035533253245, 21.438184836344025 ], [ -100.359882937383247, 21.438146144138461 ], [ -100.359411167931299, 21.438273185629619 ], [ -100.359471605446046, 21.438645747001324 ], [ -100.358999521435919, 21.43868991989995 ], [ -100.358586467148342, 21.438733749327447 ], [ -100.358409532993605, 21.438776209501871 ], [ -100.357937292088351, 21.438778945661657 ], [ -100.357465518618369, 21.438905981855619 ], [ -100.356993432829896, 21.438950149170239 ], [ -100.356580688112317, 21.439076841318894 ], [ -100.356226972958112, 21.439203191153066 ], [ -100.355814382153156, 21.439371315292505 ], [ -100.35575597323546, 21.439537391733896 ], [ -100.355697564195538, 21.439703468158598 ], [ -100.355875743715572, 21.439992481227645 ], [ -100.355994893191593, 21.440281835354366 ], [ -100.356526948092807, 21.440485931938078 ], [ -100.356586290184481, 21.440568458040744 ], [ -100.356409353142197, 21.440610916238995 ], [ -100.35611404316704, 21.440571189361709 ], [ -100.35570067156948, 21.440532144366756 ], [ -100.355287765912138, 21.440617399783321 ], [ -100.354933890681153, 21.440702313297432 ], [ -100.354639201085718, 21.440828319101911 ], [ -100.354403697055915, 21.440995417512664 ], [ -100.354168347436669, 21.441203949446422 ], [ -100.353932997146117, 21.441412481079489 ], [ -100.353580202651344, 21.441787428719095 ], [ -100.353345005326588, 21.442037393442629 ], [ -100.353109807205868, 21.442287357870651 ], [ -100.35299313573492, 21.442660943022531 ], [ -100.352757781460667, 21.442869473178661 ], [ -100.352640954143297, 21.443201624287763 ], [ -100.352701222809628, 21.443532754850757 ], [ -100.352584394923653, 21.443864905929374 ], [ -100.352467412019621, 21.444155623099665 ], [ -100.352409615729897, 21.444487433946946 ], [ -100.352175030090081, 21.444903132652929 ], [ -100.351881255894966, 21.445277737184441 ], [ -100.351764116253406, 21.445527020101984 ], [ -100.351469414153655, 21.445653020907411 ], [ -100.351115370076158, 21.445696493197403 ], [ -100.350820667018553, 21.445822492904949 ], [ -100.350614205122071, 21.445865115157169 ], [ -100.350407743090997, 21.445907737160706 ], [ -100.350349171814543, 21.446032378182071 ], [ -100.350113500633171, 21.446158037281737 ], [ -100.350084522622112, 21.446303225488968 ], [ -100.350055544562011, 21.446448413691673 ], [ -100.350409436902666, 21.446363509672793 ], [ -100.350763791052117, 21.446402906500431 ], [ -100.351353970279007, 21.446358075926774 ], [ -100.351826545597092, 21.446438224737648 ], [ -100.352358309260595, 21.446559465894875 ], [ -100.353126207365989, 21.446679343850352 ], [ -100.35371747098128, 21.446924541589386 ], [ -100.354249547804955, 21.447128644153157 ], [ -100.354840814916869, 21.447373837714899 ], [ -100.355550617762816, 21.447742647880286 ], [ -100.3559647877033, 21.44798886098425 ], [ -100.356320547805751, 21.448401149602532 ], [ -100.356676154131662, 21.448772003586146 ], [ -100.356972883847831, 21.449184632276104 ], [ -100.357506533475444, 21.449803061116562 ], [ -100.357803111556166, 21.45017425432254 ], [ -100.358630535601222, 21.450418064727845 ], [ -100.35922135304277, 21.450538940513709 ], [ -100.359753136482055, 21.450660156999657 ], [ -100.360403147379785, 21.450822119349009 ], [ -100.361054573306205, 21.451356982137685 ], [ -100.361055044565262, 21.451481283148659 ], [ -100.360819846063862, 21.451731258247296 ], [ -100.360702874499566, 21.452021980379428 ], [ -100.360645251978482, 21.452395226620009 ], [ -100.360528593533004, 21.45276881599867 ], [ -100.360411934545468, 21.45314240531134 ], [ -100.360353997158143, 21.453432784122697 ], [ -100.359942313525863, 21.453849522089683 ], [ -100.359766302490044, 21.45414058663701 ], [ -100.359591231156074, 21.454680253096313 ], [ -100.35941506181571, 21.454929883656515 ], [ -100.359179072086405, 21.454972688377971 ], [ -100.358765189789153, 21.454809352140771 ], [ -100.358410657654616, 21.454728539790146 ], [ -100.358233079022952, 21.454605265926137 ], [ -100.357997558210741, 21.454772370080718 ], [ -100.35805737627355, 21.454979196278234 ], [ -100.358058470419806, 21.455269232177706 ], [ -100.3580600335534, 21.455683569159508 ], [ -100.358121415572029, 21.45630473223035 ], [ -100.358123604492945, 21.456884803914502 ], [ -100.358007718295369, 21.457465560317413 ], [ -100.35801053245082, 21.458211366691859 ], [ -100.357834825350977, 21.458585296911853 ], [ -100.357777975387933, 21.459165710828156 ], [ -100.357661461440017, 21.459580732268797 ], [ -100.357485908228739, 21.45999609588165 ], [ -100.357192120238622, 21.460370709962955 ], [ -100.356957525855606, 21.460786415233986 ], [ -100.356664203064767, 21.461285329584378 ], [ -100.35631121520241, 21.461618850576578 ], [ -100.356076148849425, 21.461910253694668 ], [ -100.35578188618743, 21.462160564504057 ], [ -100.355546662203736, 21.462410533256964 ], [ -100.355311281756983, 21.462619068007065 ], [ -100.355076056241487, 21.462869036165621 ], [ -100.354782100989723, 21.463202212804031 ], [ -100.3546651094086, 21.463492931441355 ], [ -100.354784278440789, 21.463782284758661 ], [ -100.354962021568284, 21.463946995426081 ], [ -100.355494007367113, 21.464109656581371 ], [ -100.356084722855329, 21.46418910679105 ], [ -100.356557045943489, 21.464186371544159 ], [ -100.356911444342188, 21.464225752907847 ], [ -100.357384548806166, 21.464430183648954 ], [ -100.357680532930814, 21.464635640256493 ], [ -100.358094912076183, 21.464923278544848 ], [ -100.358391211324729, 21.4652116010691 ], [ -100.358687668415115, 21.465541356636336 ], [ -100.358806690417708, 21.465789272874495 ], [ -100.358985067446497, 21.466119713388064 ], [ -100.35887106060774, 21.467197673522904 ], [ -100.359224312583024, 21.466936601163233 ], [ -100.359580343746771, 21.467400725664262 ], [ -100.359932808100339, 21.466934225212796 ], [ -100.360288528560744, 21.467313739456849 ], [ -100.36081845366698, 21.46693125096504 ], [ -100.361586182149594, 21.466974711526987 ], [ -100.362198477299543, 21.467388779807997 ], [ -100.361998356953919, 21.467722895942934 ], [ -100.361798235726909, 21.468057011873579 ], [ -100.361628365438861, 21.468432039150489 ], [ -100.361613327648683, 21.468971060373146 ], [ -100.36159448876019, 21.469646330265892 ], [ -100.361634501658116, 21.470145196098528 ], [ -100.361966625067666, 21.473888766427542 ], [ -100.358512414857771, 21.472080020695454 ], [ -100.358408588137493, 21.472237225533259 ], [ -100.358304761200557, 21.472394430315454 ], [ -100.357766948966997, 21.473208727838148 ], [ -100.356042576015284, 21.472449102071504 ], [ -100.35516601782092, 21.472876383424016 ], [ -100.355328940566039, 21.472129062939604 ], [ -100.354675035397804, 21.47184947975428 ], [ -100.353280275812693, 21.472946782175672 ], [ -100.352333922920621, 21.472795823947223 ], [ -100.351810300295625, 21.47317628180901 ], [ -100.351510118411667, 21.472891247360121 ], [ -100.3517327867349, 21.472184389713622 ], [ -100.349365377423211, 21.47172422779488 ], [ -100.348484167518066, 21.471903274937507 ], [ -100.347367141283613, 21.472085937000806 ], [ -100.346544107885009, 21.47222270260924 ], [ -100.344600181969923, 21.472335274473931 ], [ -100.343258894985524, 21.473142026204389 ], [ -100.343098992770123, 21.474054805182714 ], [ -100.341865573571553, 21.474321971892547 ], [ -100.342525634743097, 21.474932539994029 ], [ -100.343062394896961, 21.475255344649668 ], [ -100.343897016975163, 21.47573909631075 ], [ -100.344369428585338, 21.475773232966684 ], [ -100.344149033504692, 21.476604182850053 ], [ -100.343803784062374, 21.477064639284311 ], [ -100.343340620936743, 21.477526902170901 ], [ -100.342934868965088, 21.477905527030746 ], [ -100.342588070999753, 21.478283247740272 ], [ -100.341812778754004, 21.480984730974694 ], [ -100.34152107516168, 21.481154713010771 ], [ -100.340756941475362, 21.481290549954668 ], [ -100.340643649043173, 21.481540555933556 ], [ -100.340588543439097, 21.481748292447822 ], [ -100.34042168510355, 21.482288768351438 ], [ -100.34012766646174, 21.482334647813225 ], [ -100.339953103679647, 21.48246145552595 ], [ -100.339720352826305, 21.482630532214092 ], [ -100.339489141606094, 21.482882342182442 ], [ -100.338751942966113, 21.484466008366091 ], [ -100.336159296791038, 21.484588411929934 ], [ -100.334852207774077, 21.484070462507571 ], [ -100.33162330170282, 21.484864572287332 ], [ -100.329212884145548, 21.485273738748003 ], [ -100.328512276071478, 21.485656824522959 ], [ -100.327430303704958, 21.484556084152864 ], [ -100.326819250098609, 21.483406786894147 ], [ -100.326751859987326, 21.482952647336301 ], [ -100.326627811498696, 21.48262350656087 ], [ -100.326444805451843, 21.482295263323142 ], [ -100.326205141190073, 21.482092018557697 ], [ -100.325965477590287, 21.481888773409381 ], [ -100.325610197229793, 21.481811423813053 ], [ -100.325488450699481, 21.481606383161107 ], [ -100.325306214591137, 21.481319505509944 ], [ -100.325123213225083, 21.480991260538339 ], [ -100.325058893752669, 21.480702588154685 ], [ -100.325052766042106, 21.480371651522542 ], [ -100.325106361655287, 21.480081184824712 ], [ -100.325276339430332, 21.479706189599217 ], [ -100.325329168413489, 21.479374355762872 ], [ -100.325497612781618, 21.478916626194344 ], [ -100.325610163842512, 21.478625262096944 ], [ -100.325545844734592, 21.478336589817108 ], [ -100.325538950293051, 21.477964286080468 ], [ -100.325414909365222, 21.477635143855078 ], [ -100.325291634993363, 21.477347368587239 ], [ -100.325109405050256, 21.477060490286245 ], [ -100.324989195272664, 21.476938183114093 ], [ -100.324749542116493, 21.476734935578474 ], [ -100.322362993001363, 21.475240212240006 ], [ -100.3220092604098, 21.475245588325919 ], [ -100.321716013009649, 21.475332802165678 ], [ -100.321304854181875, 21.475421806964281 ], [ -100.320891400765333, 21.475386709222743 ], [ -100.320419756507562, 21.475393873046144 ], [ -100.319947347716294, 21.475359668338076 ], [ -100.319532366024106, 21.475241832789951 ], [ -100.318821079419038, 21.475045736116218 ], [ -100.317940566748931, 21.475265992356015 ], [ -100.317411494060821, 21.475356776684485 ], [ -100.316939849154821, 21.475363930691163 ], [ -100.316408485077659, 21.475330610090193 ], [ -100.315996558971477, 21.475378234718558 ], [ -100.315583106183354, 21.475343123773477 ], [ -100.315169653534269, 21.475308011795185 ], [ -100.314756963966715, 21.475314266085871 ], [ -100.314159016800943, 21.474868158564853 ], [ -100.313919381326428, 21.474664894506212 ], [ -100.313622316377391, 21.474545257710314 ], [ -100.313265534045456, 21.474385145889507 ], [ -100.312909514857765, 21.47426640060667 ], [ -100.312613976083583, 21.474229496623614 ], [ -100.312378154948092, 21.474233066937515 ], [ -100.309514034774736, 21.472414351299989 ], [ -100.309157261751935, 21.472254230176414 ], [ -100.30892068219751, 21.472216428028073 ], [ -100.308625148185811, 21.472179516721376 ], [ -100.308270659737786, 21.472143495941626 ], [ -100.308036363453198, 21.472229794853202 ], [ -100.307684918478387, 21.472359242629516 ], [ -100.307390905960986, 21.472405064050417 ], [ -100.307096132511901, 21.472409517501454 ], [ -100.306623734308928, 21.472375274472917 ], [ -100.306387915520034, 21.472378836191456 ], [ -100.30603266644583, 21.472301443182033 ], [ -100.305618463047097, 21.472224939522047 ], [ -100.305203499846144, 21.472107067313896 ], [ -100.304550438928075, 21.471868650603394 ], [ -100.303895100620764, 21.471506128647246 ], [ -100.303713678912018, 21.471260591844409 ], [ -100.303359193306136, 21.471224560470606 ], [ -100.303123376022569, 21.471228117494057 ], [ -100.302888318213817, 21.471273041732619 ], [ -100.302360766429757, 21.471446513310134 ], [ -100.30058150862105, 21.470894026199218 ], [ -100.3004567708238, 21.4705234944207 ], [ -100.30039478157137, 21.470358912277945 ], [ -100.300272320995987, 21.470112483097733 ], [ -100.30009318305909, 21.469991044747999 ], [ -100.299855091549844, 21.469870494235298 ], [ -100.299676712807965, 21.469790423017777 ], [ -100.299499092769054, 21.469751719218131 ], [ -100.29926327744684, 21.469755270681464 ], [ -100.299087174336265, 21.469799301687281 ], [ -100.298360773203783, 21.468775762297394 ], [ -100.297809725667079, 21.467666822072175 ], [ -100.297623013358759, 21.467131704134538 ], [ -100.29743478678283, 21.466513850538909 ], [ -100.297303240826281, 21.465771006521472 ], [ -100.296992567317233, 21.464906720081185 ], [ -100.29679980094096, 21.464040659151355 ], [ -100.296724939638509, 21.463172824244381 ], [ -100.296650837070871, 21.462346356881159 ], [ -100.296754344945555, 21.461558596847471 ], [ -100.297089864859785, 21.460560450835992 ], [ -100.296851033778651, 21.460398527299695 ], [ -100.296273650915211, 21.461069277718696 ], [ -100.295461217195978, 21.461784939550377 ], [ -100.294295826140115, 21.462547281467366 ], [ -100.291798738884594, 21.464653746950006 ], [ -100.289632626970231, 21.465513837679069 ], [ -100.289104321937671, 21.465645899453843 ], [ -100.288753628803946, 21.465816675415237 ], [ -100.288579037272825, 21.465943430976811 ], [ -100.288466419379162, 21.466234773809177 ], [ -100.288471706707938, 21.466524348705732 ], [ -100.288593389204252, 21.46672941994445 ], [ -100.288776291325604, 21.467057710511718 ], [ -100.288858663838994, 21.46833922911339 ], [ -100.288401387344649, 21.469132290290805 ], [ -100.28799701809335, 21.469593523870824 ], [ -100.287591135997289, 21.469972020894822 ], [ -100.287184496748537, 21.470309149175332 ], [ -100.286657681835962, 21.470523939826943 ], [ -100.286071910725539, 21.470739612096359 ], [ -100.285544337864422, 21.470913031516069 ], [ -100.284838390614965, 21.471006361956647 ], [ -100.284368261373345, 21.471096159215001 ], [ -100.283836914288287, 21.471062733893852 ], [ -100.283483939689319, 21.471109395920209 ], [ -100.282954100351944, 21.471158703622528 ], [ -100.283060701453451, 21.470536420564994 ], [ -100.283169563536347, 21.470038241208051 ], [ -100.283218716884662, 21.469499576041198 ], [ -100.28314996211013, 21.468962675147022 ], [ -100.282967069625158, 21.468634377985897 ], [ -100.282899823950899, 21.468180212742254 ], [ -100.282893039798296, 21.467807901300443 ], [ -100.282886255734013, 21.467435589840481 ], [ -100.282764580347305, 21.467230514094982 ], [ -100.28264441272006, 21.467108174133802 ], [ -100.281680818726528, 21.466005347000735 ], [ -100.28143747418396, 21.465595193289627 ], [ -100.28125157697788, 21.465101421794095 ], [ -100.281304503159788, 21.464769596534534 ], [ -100.281238771556872, 21.464398166046664 ], [ -100.280993924795908, 21.463905275432872 ], [ -100.280634941519821, 21.463620986670815 ], [ -100.279979695098888, 21.463258365797838 ], [ -100.27944687131307, 21.463142188978996 ], [ -100.279030446404974, 21.462941513266713 ], [ -100.27873042068579, 21.462656339512527 ], [ -100.278667706731753, 21.462450379729656 ], [ -100.278542279397854, 21.462038460052323 ], [ -100.27818104836534, 21.461630061328229 ], [ -100.277822076029011, 21.461345765903062 ], [ -100.277050448657448, 21.4610676289095 ], [ -100.276575833756695, 21.460909194479598 ], [ -100.276101971540626, 21.460792126749492 ], [ -100.275868423159608, 21.460919748837679 ], [ -100.275575171824869, 21.461006881824169 ], [ -100.27527816262571, 21.460887173738662 ], [ -100.275040104742757, 21.460766585999835 ], [ -100.274918446082509, 21.460561503563884 ], [ -100.274738588409448, 21.460398668151996 ], [ -100.274322177294835, 21.460197979943224 ], [ -100.273846065630011, 21.459956801175231 ], [ -100.273434162621086, 21.46000431953852 ], [ -100.272370049082312, 21.459854657018472 ], [ -100.271807851470612, 21.45988592444974 ], [ -100.271245653512679, 21.459917190002813 ], [ -100.271392343253723, 21.459812217868752 ] ] ] ] } },
{ "type": "Feature", "properties": { "ID": 25, "ENTIDAD": 11, "MUNICIPIO": 33, "NOMBRE": "SAN LUIS DE LA PAZ", "CONTROL": 46, "GEOMETRY1_": null, "ID_2": 2539, "ENTIDAD_2": 11, "DISTRITO_F": 1, "DISTRITO_L": 2, "MUNICIPIO_2": 33, "SECCION": 2582, "TIPO": 4, "CONTROL_2": 412, "GEOMETRY1__2": null }, "geometry": { "type": "MultiPolygon", "coordinates": [ [ [ [ -100.630726938921825, 21.327352729476203 ], [ -100.627652890259313, 21.321949215398231 ], [ -100.626518462980869, 21.319955013836385 ], [ -100.625579725197312, 21.320436235554762 ], [ -100.625242383070358, 21.32052466342477 ], [ -100.624933152388451, 21.32060572173366 ], [ -100.624402535765114, 21.32052659599675 ], [ -100.62387252666997, 21.320530080263364 ], [ -100.623462724701426, 21.320863236013679 ], [ -100.623231108332192, 21.321401759776617 ], [ -100.62270291520737, 21.321653075805653 ], [ -100.622532162175432, 21.323858600324666 ], [ -100.622361406416061, 21.326064124440506 ], [ -100.622258866667323, 21.326468663634351 ], [ -100.621918548684533, 21.327811269989663 ], [ -100.616579908665656, 21.323098503049891 ], [ -100.614347015484512, 21.321127235679153 ], [ -100.609388549849015, 21.321037731670497 ], [ -100.601931985153229, 21.320402244920956 ], [ -100.592854903181802, 21.319877389270484 ], [ -100.593795504871167, 21.310855768374338 ], [ -100.607021056831499, 21.314659045744659 ], [ -100.599965162180141, 21.308126265626687 ], [ -100.599491026493965, 21.30771558521198 ], [ -100.599016893431298, 21.307304903275391 ], [ -100.59800970948848, 21.306483917506242 ], [ -100.597237422634123, 21.305537271402226 ], [ -100.597028002397693, 21.305247214793543 ], [ -100.596818583005984, 21.304957157862937 ], [ -100.596642735765926, 21.30471359898506 ], [ -100.596342679227575, 21.303888014177655 ], [ -100.595922877617681, 21.302773568840664 ], [ -100.595657228085258, 21.301372183794189 ], [ -100.592993364478716, 21.287317671976187 ], [ -100.614851336244755, 21.287092367260865 ], [ -100.616064253794804, 21.287640739055025 ], [ -100.616565203048111, 21.287867219222431 ], [ -100.625743195010983, 21.287816083989895 ], [ -100.628498209075488, 21.287800636760981 ], [ -100.649680715616228, 21.287680361331848 ], [ -100.655863226458379, 21.287644754154186 ], [ -100.65715910187734, 21.287594521959001 ], [ -100.658821639722078, 21.28749733529747 ], [ -100.660162106223851, 21.287325706386394 ], [ -100.660360731889142, 21.287293312811322 ], [ -100.660559357450552, 21.287260919007448 ], [ -100.661113856260556, 21.288412598963816 ], [ -100.664668292186875, 21.29581557012661 ], [ -100.66575384930691, 21.298048900275713 ], [ -100.666905257031345, 21.300315020055372 ], [ -100.670177917702404, 21.306755580716228 ], [ -100.67111942832868, 21.308608337294604 ], [ -100.676463668837371, 21.319123960797906 ], [ -100.678445480396306, 21.3230230212645 ], [ -100.678276301853458, 21.323852008581373 ], [ -100.677625122088401, 21.323724985739741 ], [ -100.676771408685397, 21.323561592143925 ], [ -100.675917696862115, 21.323398194083175 ], [ -100.67225760044262, 21.322697607811971 ], [ -100.673417922778697, 21.327241148778477 ], [ -100.673252835119058, 21.32852533600121 ], [ -100.673207425164009, 21.330015539028999 ], [ -100.673038961271558, 21.330927287073163 ], [ -100.66676651905486, 21.329938303304758 ], [ -100.662574705811849, 21.328891466435191 ], [ -100.659834228230253, 21.328585907039137 ], [ -100.653137655953728, 21.327839053621943 ], [ -100.649666940780264, 21.328772985664383 ], [ -100.645042436108383, 21.324790977192801 ], [ -100.643655261193359, 21.327564853449953 ], [ -100.642977533404562, 21.328920038633019 ], [ -100.642135738200352, 21.330603257516927 ], [ -100.639234042735794, 21.328595454279071 ], [ -100.637479656628102, 21.330593319223972 ], [ -100.635939719248199, 21.329486542461247 ], [ -100.635642785092003, 21.329157533855224 ], [ -100.635522369862443, 21.328785961728901 ], [ -100.635578472380928, 21.32837182653514 ], [ -100.635222891149155, 21.328084587199108 ], [ -100.634811489735128, 21.328252856007964 ], [ -100.634343133179016, 21.328711137163143 ], [ -100.632178110435831, 21.331001340126072 ], [ -100.632947365683506, 21.33145131321929 ], [ -100.632300777619193, 21.331703906432292 ], [ -100.631654751345735, 21.332039245175114 ], [ -100.631128001910753, 21.332580661562247 ], [ -100.629490765333955, 21.334494914309616 ], [ -100.630726938921825, 21.327352729476203 ] ] ] ] } },
{ "type": "Feature", "properties": { "ID": 25, "ENTIDAD": 11, "MUNICIPIO": 33, "NOMBRE": "SAN LUIS DE LA PAZ", "CONTROL": 46, "GEOMETRY1_": null, "ID_2": 2528, "ENTIDAD_2": 11, "DISTRITO_F": 1, "DISTRITO_L": 2, "MUNICIPIO_2": 33, "SECCION": 2571, "TIPO": 4, "CONTROL_2": 387, "GEOMETRY1__2": null }, "geometry": { "type": "MultiPolygon", "coordinates": [ [ [ [ -100.453960921583445, 21.471212244954717 ], [ -100.454590171841133, 21.471292856916776 ], [ -100.45566623281988, 21.471249554764682 ], [ -100.456909393776755, 21.471449381155502 ], [ -100.457968881676919, 21.471578393175932 ], [ -100.458091963670043, 21.471553166971006 ], [ -100.458558429079858, 21.471457561908448 ], [ -100.459383954964707, 21.471255394453557 ], [ -100.460386764341493, 21.470930345874809 ], [ -100.461094697923201, 21.470686337403873 ], [ -100.461625545903871, 21.470523954324239 ], [ -100.461907288540445, 21.47030714937469 ], [ -100.461974916192133, 21.470242653447023 ], [ -100.461973003106763, 21.470050956358278 ], [ -100.461663737491705, 21.469845970270004 ], [ -100.460597823293938, 21.469072453258075 ], [ -100.459910399348786, 21.468599171807437 ], [ -100.459140513027265, 21.468414177957072 ], [ -100.458899041892522, 21.468160666230567 ], [ -100.458621530959846, 21.467715754415099 ], [ -100.458328068781896, 21.467382814379008 ], [ -100.457846246279374, 21.466987611313428 ], [ -100.457332042258869, 21.466768426925462 ], [ -100.456868878675778, 21.46653282002287 ], [ -100.456424211528713, 21.466440836349925 ], [ -100.455930093180328, 21.46652502010847 ], [ -100.455400890190276, 21.466513650640536 ], [ -100.455006628419028, 21.466341343468549 ], [ -100.454731353102716, 21.466120071670485 ], [ -100.454608720022904, 21.465801614499838 ], [ -100.454536492139525, 21.465402837795594 ], [ -100.454397270058493, 21.465132453282212 ], [ -100.454172561172285, 21.464846835795047 ], [ -100.454000001423722, 21.464656621774242 ], [ -100.451848807116193, 21.465050558407544 ], [ -100.451141906169781, 21.465178290467897 ], [ -100.450552954731009, 21.465305400867496 ], [ -100.450199636803461, 21.465389933838392 ], [ -100.449727832720086, 21.46539240731466 ], [ -100.449255227031657, 21.465270863906387 ], [ -100.448603292922854, 21.464778198529491 ], [ -100.44807038062595, 21.464450267567781 ], [ -100.447124378652802, 21.464083153791268 ], [ -100.446296863596601, 21.463798095869233 ], [ -100.444997818486854, 21.463556832053612 ], [ -100.443935473226048, 21.463438345879226 ], [ -100.443462612207881, 21.463275446815128 ], [ -100.441160739146582, 21.462998027236505 ], [ -100.437909735188001, 21.46185734279798 ], [ -100.437494276673377, 21.461446088858867 ], [ -100.437138585570281, 21.461158545433833 ], [ -100.436547790258501, 21.4609962350195 ], [ -100.443340879021676, 21.448636025011947 ], [ -100.443578898547997, 21.448142207663526 ], [ -100.443909008533623, 21.44741560052303 ], [ -100.444153585676375, 21.446961855163327 ], [ -100.444471045587832, 21.446372891504833 ], [ -100.444992388889901, 21.445378730740998 ], [ -100.447146335603492, 21.441271172913652 ], [ -100.448041746559667, 21.439665075580649 ], [ -100.45046438838844, 21.435319397556945 ], [ -100.45088840119891, 21.426834481457171 ], [ -100.450414947432876, 21.426547513846298 ], [ -100.449877625919569, 21.425391964549036 ], [ -100.449576918754374, 21.424359210281153 ], [ -100.449336821892388, 21.423615759946991 ], [ -100.449156401945174, 21.42299610653227 ], [ -100.447940871512472, 21.416589345005836 ], [ -100.44882408189379, 21.416336092386679 ], [ -100.449766262401155, 21.416082502065148 ], [ -100.450589793837409, 21.415705443026464 ], [ -100.450939904703816, 21.415041411611913 ], [ -100.450936409220873, 21.414420758407832 ], [ -100.450815201916683, 21.413842149160519 ], [ -100.450575352428416, 21.413140075974347 ], [ -100.45045391505964, 21.412520089340489 ], [ -100.450214069831546, 21.411818015309922 ], [ -100.449913626957738, 21.410826635505128 ], [ -100.449614583925936, 21.41008351637727 ], [ -100.448960093043297, 21.409052754968094 ], [ -100.44854381490515, 21.40843442963531 ], [ -100.448068570204512, 21.407816435471542 ], [ -100.447534591574893, 21.40724014890904 ], [ -100.44953468686856, 21.4063599251472 ], [ -100.450947161170916, 21.405855406074924 ], [ -100.452124448360635, 21.405476341720728 ], [ -100.453184258057377, 21.405180691586132 ], [ -100.454598577700168, 21.405007157950919 ], [ -100.455483578930455, 21.405084889280587 ], [ -100.456251580362817, 21.405328793767559 ], [ -100.458437895312414, 21.406102534115991 ], [ -100.460093270891889, 21.406837898439537 ], [ -100.461395079656469, 21.407616645218727 ], [ -100.463580033375194, 21.4081420546093 ], [ -100.464995547607785, 21.40817531569153 ], [ -100.466292647517193, 21.408126489242754 ], [ -100.467175295103104, 21.407790391049915 ], [ -100.468411517686036, 21.407410874679037 ], [ -100.469704559221185, 21.406658620195667 ], [ -100.470528458605941, 21.40636422181646 ], [ -100.471708554844838, 21.406481541252973 ], [ -100.473713740478217, 21.406511321227352 ], [ -100.475483049497029, 21.406542445529247 ], [ -100.476840055787335, 21.406658702252852 ], [ -100.478260843992373, 21.407602133610176 ], [ -100.479151404722089, 21.408631395932701 ], [ -100.480277134912029, 21.409535148427398 ], [ -100.482355109747814, 21.411922930693123 ], [ -100.483661431870871, 21.413446268299229 ], [ -100.484669767989573, 21.414433429794922 ], [ -100.487647570194753, 21.41938127750598 ], [ -100.488500503241241, 21.424010555532426 ], [ -100.490107745920625, 21.426525122492166 ], [ -100.491350413688636, 21.427221210869796 ], [ -100.493002990856752, 21.427418335858626 ], [ -100.493247235919043, 21.428823727269975 ], [ -100.498493763494238, 21.438268043189911 ], [ -100.502123569714186, 21.433736277921636 ], [ -100.502979485598161, 21.42893139257778 ], [ -100.508066738500915, 21.431424945567372 ], [ -100.509903059228222, 21.432737982464694 ], [ -100.511365003505119, 21.430660320127796 ], [ -100.511921408594574, 21.430015620639377 ], [ -100.512477808861021, 21.429370919541501 ], [ -100.513530112687363, 21.427833614241553 ], [ -100.514349002887016, 21.426711485274289 ], [ -100.516068366901422, 21.428190670488139 ], [ -100.515190757270275, 21.429354539627045 ], [ -100.515016339820676, 21.429769365933243 ], [ -100.515079842571922, 21.430513771421644 ], [ -100.516891504959617, 21.437454169029415 ], [ -100.520390575538968, 21.440577589107857 ], [ -100.520453354316217, 21.441197863194052 ], [ -100.522229146994022, 21.44222147993921 ], [ -100.522409899340701, 21.44284103390498 ], [ -100.533241138800918, 21.44881569893592 ], [ -100.533950751961513, 21.449100963421103 ], [ -100.534600096475231, 21.449179712525009 ], [ -100.535366638056573, 21.449133605204096 ], [ -100.538904672029815, 21.448946218657387 ], [ -100.539669657255786, 21.448651841004615 ], [ -100.541970558970618, 21.448720315088437 ], [ -100.542797116156137, 21.448839307804892 ], [ -100.543625233581139, 21.449206546664858 ], [ -100.544690593617503, 21.4497791867127 ], [ -100.545165072962504, 21.45018999667392 ], [ -100.545815727921706, 21.450475576605502 ], [ -100.545825367422864, 21.452006451624374 ], [ -100.543494802598019, 21.456613779161614 ], [ -100.544025428206879, 21.456569098614462 ], [ -100.544498627737354, 21.456773033944962 ], [ -100.544678453365961, 21.457227056142116 ], [ -100.544563341642927, 21.457682916271139 ], [ -100.544566986054207, 21.458262166144578 ], [ -100.547455826588575, 21.457995878847068 ], [ -100.546988361540556, 21.45870220118363 ], [ -100.544930549953662, 21.459790834360117 ], [ -100.544286881431987, 21.460622378294723 ], [ -100.549125274098486, 21.460799042546512 ], [ -100.548957464562619, 21.462248271508031 ], [ -100.549258693474769, 21.463239422128918 ], [ -100.548674027031879, 21.464070612645337 ], [ -100.548696852995079, 21.465540995654116 ], [ -100.548724578548857, 21.467326868297874 ], [ -100.548703070946559, 21.468663223610694 ], [ -100.5492948242496, 21.468949153356075 ], [ -100.550885774624703, 21.468649544651015 ], [ -100.547866576743132, 21.476323110007549 ], [ -100.548575303697106, 21.47644280250633 ], [ -100.548222903155093, 21.476693267886279 ], [ -100.548048010921107, 21.477025374492012 ], [ -100.548286086720168, 21.477354895799852 ], [ -100.548642154938051, 21.477683677705873 ], [ -100.549177832548722, 21.478425097776146 ], [ -100.54941722391051, 21.478961491126498 ], [ -100.549777494579033, 21.479952266792587 ], [ -100.548539090633057, 21.480042781176511 ], [ -100.550506977262756, 21.483340556430477 ], [ -100.546028880872868, 21.48427888620833 ], [ -100.545022776124014, 21.483788653696287 ], [ -100.544431750605639, 21.483626837019496 ], [ -100.540783473795955, 21.485180496093449 ], [ -100.53427810809923, 21.482738228149756 ], [ -100.533816436095861, 21.48439614658675 ], [ -100.533339034441994, 21.483530184959871 ], [ -100.531376916433587, 21.481101062163511 ], [ -100.528889278516615, 21.479544054396818 ], [ -100.527481542248651, 21.480876756784799 ], [ -100.528308275796192, 21.480995810579987 ], [ -100.529195033825403, 21.481279998124805 ], [ -100.529553637845552, 21.482022574072559 ], [ -100.529971757341926, 21.482847536213203 ], [ -100.530331140074964, 21.483714235281095 ], [ -100.530749783247757, 21.484621944998644 ], [ -100.531580655196677, 21.485402982724938 ], [ -100.532413338372649, 21.486473641257884 ], [ -100.532477745694109, 21.487342153780009 ], [ -100.532422865869393, 21.488004518930456 ], [ -100.532074012878979, 21.488834204230393 ], [ -100.531724384141384, 21.489539763737174 ], [ -100.531609984918987, 21.49011974239081 ], [ -100.531438127366116, 21.490948335180661 ], [ -100.531442244296002, 21.491610336308085 ], [ -100.53156410809008, 21.492230234690151 ], [ -100.531804234974118, 21.492890780107555 ], [ -100.524435326550375, 21.493970488940214 ], [ -100.50806338820631, 21.489435730686552 ], [ -100.507350862363694, 21.488695235458053 ], [ -100.506758347701307, 21.488285031081752 ], [ -100.507990101547549, 21.487077681962301 ], [ -100.507634345001748, 21.486790185236337 ], [ -100.505160073164319, 21.487425721106163 ], [ -100.504198596311241, 21.48453509738107 ], [ -100.505367597463021, 21.482707487835309 ], [ -100.503413159489327, 21.481477901590829 ], [ -100.499642431812049, 21.484906136336594 ], [ -100.497267150674105, 21.484075835751238 ], [ -100.496273890384728, 21.484547117006009 ], [ -100.495730274377763, 21.483893916634059 ], [ -100.495130965733381, 21.483407125833363 ], [ -100.494299101698672, 21.483089614769483 ], [ -100.493348520302774, 21.482732648734974 ], [ -100.493165572897155, 21.482696275475941 ], [ -100.492963695068951, 21.482656138249062 ], [ -100.492578870181504, 21.482579626852672 ], [ -100.492740277294189, 21.481790848046462 ], [ -100.492905749748132, 21.481208887548053 ], [ -100.492889482692789, 21.480381613774323 ], [ -100.493671702087966, 21.478175948630312 ], [ -100.493718451110553, 21.477554536812139 ], [ -100.493707875639146, 21.47701680885179 ], [ -100.493932291084818, 21.476433891052313 ], [ -100.494037176165605, 21.475770158862026 ], [ -100.494078228714585, 21.474859201051721 ], [ -100.494026069561556, 21.474220885181431 ], [ -100.494000567554224, 21.473908792575898 ], [ -100.49375581978245, 21.473457617770766 ], [ -100.493298860231661, 21.474209815485548 ], [ -100.492955730989479, 21.474753281228484 ], [ -100.492556901161691, 21.475463157341089 ], [ -100.491864938558166, 21.47626053956062 ], [ -100.491112391623858, 21.476976147386196 ], [ -100.490417163838941, 21.47760806932596 ], [ -100.489776819893336, 21.478032214695311 ], [ -100.488843336444688, 21.478543859742803 ], [ -100.488084267209103, 21.478928544909163 ], [ -100.487560191582673, 21.479268045639206 ], [ -100.486980407564971, 21.47977395433313 ], [ -100.486629126652289, 21.479903770612609 ], [ -100.486450645656532, 21.479823905083087 ], [ -100.4850284820198, 21.47947452059363 ], [ -100.484152302394463, 21.479902459566091 ], [ -100.484071483862081, 21.480587021718666 ], [ -100.48400057998218, 21.481187599321345 ], [ -100.483587907181814, 21.481194271058264 ], [ -100.483175234276771, 21.481200941778084 ], [ -100.482701987003821, 21.481125836406783 ], [ -100.482168976552614, 21.481010318291379 ], [ -100.481635966837061, 21.480894798425521 ], [ -100.480145941149047, 21.480091321180844 ], [ -100.477686097508268, 21.480958558458763 ], [ -100.4784719138528, 21.481938930176295 ], [ -100.478594677350443, 21.482185211551858 ], [ -100.478539770213033, 21.482392982761667 ], [ -100.478427527579242, 21.482684433184268 ], [ -100.478255521120843, 21.482935470764573 ], [ -100.478082704861166, 21.483145144204244 ], [ -100.47773059780198, 21.483233578647269 ], [ -100.477377681240156, 21.483280648367472 ], [ -100.476905237966733, 21.483246890821469 ], [ -100.476608848870271, 21.483168916141569 ], [ -100.475602583406911, 21.482978253434009 ], [ -100.474195762833446, 21.483414694385395 ], [ -100.47415054660577, 21.484118833336222 ], [ -100.473922000418312, 21.484494908909717 ], [ -100.473693453098846, 21.484870984221324 ], [ -100.473344570435785, 21.485124866106037 ], [ -100.472995686543314, 21.485378747323967 ], [ -100.472526467516417, 21.48551043410502 ], [ -100.472113780159816, 21.485517078224138 ], [ -100.471820618446699, 21.48560455161963 ], [ -100.471528263790972, 21.485733388634731 ], [ -100.471354627001034, 21.485901691670595 ], [ -100.47118260451235, 21.486152722785725 ], [ -100.470186815127093, 21.486499762053537 ], [ -100.469834694269693, 21.486588180554058 ], [ -100.469538301238032, 21.486510193530783 ], [ -100.469239488066833, 21.486308113484384 ], [ -100.468098360151572, 21.485250654642172 ], [ -100.466074535758494, 21.48429012165748 ], [ -100.464633840204854, 21.482989185373242 ], [ -100.46399339255666, 21.483413237289103 ], [ -100.463903953912009, 21.483362951172271 ], [ -100.463859234611974, 21.483337808094525 ], [ -100.463814515326817, 21.48331266500378 ], [ -100.46372507680114, 21.483262378783611 ], [ -100.463635638334921, 21.483212092511771 ], [ -100.463571852889771, 21.482964852778245 ], [ -100.46362678175899, 21.48275708527628 ], [ -100.463622756091169, 21.482550263796465 ], [ -100.463677684769635, 21.482342496280747 ], [ -100.46385132695066, 21.482174200892583 ], [ -100.463966014562857, 21.482006851488343 ], [ -100.463066407636191, 21.481235119230995 ], [ -100.462763589644254, 21.480826204749818 ], [ -100.46228793616973, 21.480626947888268 ], [ -100.462050512211135, 21.480548001090209 ], [ -100.461575665004943, 21.480390106436186 ], [ -100.461041060858335, 21.48019179108304 ], [ -100.460334422531389, 21.480244494712647 ], [ -100.459859577866382, 21.480086595014971 ], [ -100.459195012736942, 21.479269696770128 ], [ -100.458465877224867, 21.478164188532389 ], [ -100.457398300595614, 21.477850263528662 ], [ -100.457329709050327, 21.477354833809375 ], [ -100.457021293222354, 21.476656356140321 ], [ -100.456549675377744, 21.47666390399765 ], [ -100.456073240254341, 21.476423263620276 ], [ -100.455167287794879, 21.475320567997553 ], [ -100.454633512378848, 21.475163595006826 ], [ -100.454395298548391, 21.475043272020358 ], [ -100.454214432115918, 21.474839277080463 ], [ -100.454151469181909, 21.474633396936991 ], [ -100.454147457852315, 21.474426574263468 ], [ -100.454320300521886, 21.474216924003514 ], [ -100.454435796142988, 21.474090945253916 ], [ -100.45466919398649, 21.473963081124911 ], [ -100.455081049873044, 21.473915117371398 ], [ -100.45549290542526, 21.473867152617856 ], [ -100.455845006801312, 21.473778765458057 ], [ -100.456080008388369, 21.473733628451942 ], [ -100.456196304884571, 21.473649013083101 ], [ -100.456192290786447, 21.473442190596927 ], [ -100.456130128641561, 21.473277675788687 ], [ -100.45606636110179, 21.473030431941744 ], [ -100.455768396374083, 21.472869689378211 ], [ -100.455470432277636, 21.472708946243433 ], [ -100.45256821633771, 21.472051927031632 ], [ -100.453960921583445, 21.471212244954717 ] ] ] ] } },
{ "type": "Feature", "properties": { "ID": 25, "ENTIDAD": 11, "MUNICIPIO": 33, "NOMBRE": "SAN LUIS DE LA PAZ", "CONTROL": 46, "GEOMETRY1_": null, "ID_2": 2540, "ENTIDAD_2": 11, "DISTRITO_F": 1, "DISTRITO_L": 2, "MUNICIPIO_2": 33, "SECCION": 2583, "TIPO": 4, "CONTROL_2": 411, "GEOMETRY1__2": null }, "geometry": { "type": "MultiPolygon", "coordinates": [ [ [ [ -100.692658652638315, 21.260671342079934 ], [ -100.697411293151319, 21.26437915376918 ], [ -100.707841206646137, 21.272514193584239 ], [ -100.70318014427265, 21.277889004554023 ], [ -100.704626946513073, 21.281519633613126 ], [ -100.699928522435783, 21.282880345793401 ], [ -100.698843755035696, 21.283219622095046 ], [ -100.699676032416576, 21.287434617178246 ], [ -100.695926775659274, 21.28737024811392 ], [ -100.681342316091516, 21.28711905889925 ], [ -100.666757811095422, 21.286866602296385 ], [ -100.662356568632234, 21.287042379479569 ], [ -100.661751108635315, 21.287066551377212 ], [ -100.660956608261344, 21.287196130712911 ], [ -100.660559357450552, 21.287260919007448 ], [ -100.660360731889142, 21.287293312811322 ], [ -100.660162106223851, 21.287325706386394 ], [ -100.658821639722078, 21.28749733529747 ], [ -100.65715910187734, 21.287594521959001 ], [ -100.655863226458379, 21.287644754154186 ], [ -100.649680715616228, 21.287680361331848 ], [ -100.628498209075488, 21.287800636760981 ], [ -100.625743195010983, 21.287816083989895 ], [ -100.616565203048111, 21.287867219222431 ], [ -100.616064253794804, 21.287640739055025 ], [ -100.614851336244755, 21.287092367260865 ], [ -100.614730185255482, 21.286596649462055 ], [ -100.614253046930244, 21.285730888330026 ], [ -100.614071325925337, 21.284987310510246 ], [ -100.613299891339764, 21.284164858815895 ], [ -100.612468446864312, 21.283177291904135 ], [ -100.61151835642606, 21.282066369938011 ], [ -100.610749152405987, 21.281574901157949 ], [ -100.614092698854918, 21.27935998725313 ], [ -100.614281773753873, 21.279277683492975 ], [ -100.615443861250213, 21.278771823631267 ], [ -100.616380125627401, 21.277813998445392 ], [ -100.615660999944041, 21.275998178455755 ], [ -100.620250104509225, 21.275057608632153 ], [ -100.62268639203576, 21.278144694540284 ], [ -100.625262965894251, 21.275810526286623 ], [ -100.626870658366798, 21.278323782736415 ], [ -100.628277307722684, 21.277238636543728 ], [ -100.629107975350109, 21.278101998668397 ], [ -100.630555314092632, 21.265638127755448 ], [ -100.646642964403156, 21.266357546590289 ], [ -100.648654408043271, 21.267585197922354 ], [ -100.649363597862148, 21.267911394939034 ], [ -100.649841995464598, 21.267908148708159 ], [ -100.650188321974682, 21.267905797815519 ], [ -100.650795291068974, 21.26791233257449 ], [ -100.652544961075762, 21.267931157639538 ], [ -100.654960794439745, 21.267997456623309 ], [ -100.656376329317609, 21.268236054633871 ], [ -100.657908533645553, 21.268308340255341 ], [ -100.658202501431319, 21.268223579306031 ], [ -100.65328211046041, 21.263788562543613 ], [ -100.650249273937405, 21.259671590926654 ], [ -100.650869915792953, 21.258614266069745 ], [ -100.650774543131647, 21.257917185242594 ], [ -100.650527516331508, 21.25731127821652 ], [ -100.65010718845069, 21.256155605827775 ], [ -100.650102048944589, 21.255410874790897 ], [ -100.651335028105848, 21.254823243999589 ], [ -100.652920271917907, 21.254067706316217 ], [ -100.653802388153551, 21.253854826555159 ], [ -100.654625024999305, 21.253559595732682 ], [ -100.655270949668747, 21.253265565199793 ], [ -100.656148749697465, 21.252432066031883 ], [ -100.6583945266147, 21.253492508231879 ], [ -100.659991821753522, 21.254474605218164 ], [ -100.661116465823611, 21.255253045070948 ], [ -100.661771046321405, 21.256200201515252 ], [ -100.662602059062834, 21.257104769169928 ], [ -100.663727894103317, 21.258048683813584 ], [ -100.66502987849735, 21.25890862802893 ], [ -100.666095966935487, 21.259728808815776 ], [ -100.66651091472967, 21.26009833368947 ], [ -100.666718389400884, 21.260283095686127 ], [ -100.666925864588265, 21.26046785738933 ], [ -100.666984915174879, 21.260488138575539 ], [ -100.667043965776344, 21.260508419739935 ], [ -100.667103016392616, 21.260528700882514 ], [ -100.667162067023739, 21.260548982003289 ], [ -100.670677271368433, 21.262940655236733 ], [ -100.672120168992549, 21.262311465280746 ], [ -100.68442788682276, 21.256943860029736 ], [ -100.689098010448603, 21.260270152235719 ], [ -100.690780324719597, 21.259048481990256 ], [ -100.692658652638315, 21.260671342079934 ] ] ] ] } },
{ "type": "Feature", "properties": { "ID": 25, "ENTIDAD": 11, "MUNICIPIO": 33, "NOMBRE": "SAN LUIS DE LA PAZ", "CONTROL": 46, "GEOMETRY1_": null, "ID_2": 2529, "ENTIDAD_2": 11, "DISTRITO_F": 1, "DISTRITO_L": 2, "MUNICIPIO_2": 33, "SECCION": 2572, "TIPO": 4, "CONTROL_2": 3203, "GEOMETRY1__2": null }, "geometry": { "type": "MultiPolygon", "coordinates": [ [ [ [ -100.687462071859343, 21.41979384294817 ], [ -100.688054505185193, 21.420120346143413 ], [ -100.68870359193248, 21.420198103925888 ], [ -100.689410091795551, 21.420109878503485 ], [ -100.692743156056565, 21.423601752182801 ], [ -100.693582093082455, 21.425085081292011 ], [ -100.693640650678191, 21.425043243117461 ], [ -100.693765039795252, 21.425745809658348 ], [ -100.693710310412214, 21.42620145994529 ], [ -100.69430354896167, 21.426610700548643 ], [ -100.695542076035608, 21.426683856119528 ], [ -100.691170418819155, 21.432014923118441 ], [ -100.691170418838027, 21.432014923160903 ], [ -100.691170418791728, 21.432014923217359 ], [ -100.693215823285954, 21.43661902440239 ], [ -100.697913485817992, 21.447191916352125 ], [ -100.700558853555592, 21.451631538185058 ], [ -100.700620142876375, 21.451734393786968 ], [ -100.700714678818116, 21.451893043441338 ], [ -100.700870504661054, 21.452154548507728 ], [ -100.701182158088031, 21.452677558071162 ], [ -100.701321573366727, 21.452911520056052 ], [ -100.703902656147491, 21.45724283721216 ], [ -100.703972044604342, 21.458359658290551 ], [ -100.703570576330421, 21.459562932439297 ], [ -100.702994942828724, 21.461057255595776 ], [ -100.702132244659509, 21.463381499285376 ], [ -100.7014436892308, 21.465414691464353 ], [ -100.701443689220483, 21.465414691503611 ], [ -100.701443689202023, 21.465414691558124 ], [ -100.700931216458542, 21.467363738070311 ], [ -100.700071926345103, 21.470060401696006 ], [ -100.700071926341707, 21.470060401709983 ], [ -100.700071926316468, 21.470060401789148 ], [ -100.699617611258248, 21.471926223334489 ], [ -100.69928313374281, 21.473998027821441 ], [ -100.699129001276788, 21.476440878709056 ], [ -100.699143268432451, 21.477971969821706 ], [ -100.699632320299614, 21.479830423657393 ], [ -100.700176103273648, 21.481233225299459 ], [ -100.702013997955618, 21.482294831341061 ], [ -100.704435744935978, 21.482731082542784 ], [ -100.704206086673551, 21.483395022803762 ], [ -100.704206086674105, 21.483395022808836 ], [ -100.704206086644362, 21.483395022894836 ], [ -100.704334856098924, 21.484552757927773 ], [ -100.704344150274849, 21.485545894562517 ], [ -100.704239000920268, 21.486912381974953 ], [ -100.704488030887532, 21.488317475451005 ], [ -100.704382882846971, 21.489683962563667 ], [ -100.704336700411503, 21.491049986991221 ], [ -100.703113884154476, 21.492714922140468 ], [ -100.701783934321966, 21.495539432841014 ], [ -100.701783934325917, 21.49553943286044 ], [ -100.701783934293047, 21.495539432930276 ], [ -100.701969350432563, 21.496448422866756 ], [ -100.702100830102708, 21.497895823050602 ], [ -100.701940558763468, 21.499676577693272 ], [ -100.70206507759778, 21.500379125191586 ], [ -100.701655766371942, 21.500754784281359 ], [ -100.700713396365643, 21.500886312568557 ], [ -100.699650764874789, 21.500770473613507 ], [ -100.698473667051474, 21.501027975826062 ], [ -100.697769489341397, 21.501405929353606 ], [ -100.697769489353206, 21.501405929420258 ], [ -100.697769489312932, 21.501405929441873 ], [ -100.697831739697918, 21.501757205344596 ], [ -100.69795874972074, 21.50272873175884 ], [ -100.69766813599648, 21.503186222402629 ], [ -100.6970225322098, 21.503522332271004 ], [ -100.696319880526644, 21.504065803679737 ], [ -100.696319880563166, 21.504065803717513 ], [ -100.696319880498365, 21.504065803767634 ], [ -100.696558081943806, 21.504312248142128 ], [ -100.696979371426735, 21.50521940345746 ], [ -100.697460411008919, 21.50620885828349 ], [ -100.697882098233549, 21.507157391115783 ], [ -100.698776739272915, 21.50822637731342 ], [ -100.699494857781886, 21.509338122295837 ], [ -100.700506313235195, 21.510282032705714 ], [ -100.701516620497131, 21.511101794148452 ], [ -100.702706576307563, 21.51220982549151 ], [ -100.703717296810098, 21.513070952305046 ], [ -100.704899135065901, 21.513309974195558 ], [ -100.706255961049692, 21.513340693668233 ], [ -100.725329668959517, 21.509589270783955 ], [ -100.732012695452255, 21.509326563215453 ], [ -100.741188676712866, 21.50896542211084 ], [ -100.741589925861234, 21.51388675858222 ], [ -100.733927558828981, 21.514403675800263 ], [ -100.733927558841103, 21.514403675883635 ], [ -100.733927558795799, 21.51440367588669 ], [ -100.734053833099992, 21.515271706868656 ], [ -100.733582425504736, 21.515316875216701 ], [ -100.732639609046188, 21.515407207983067 ], [ -100.731225381414163, 21.515542697286698 ], [ -100.72957959372242, 21.516135243277656 ], [ -100.727993557303279, 21.516810062434224 ], [ -100.726463721837405, 21.517194735972232 ], [ -100.726463721848134, 21.517194736047404 ], [ -100.726463721805246, 21.517194736058187 ], [ -100.726906141065569, 21.520294942253447 ], [ -100.726692276059055, 21.52237339442468 ], [ -100.726582251867342, 21.523442652442778 ], [ -100.723641832744349, 21.524170075845884 ], [ -100.721050790495397, 21.524811019560527 ], [ -100.719931353286839, 21.524944072986411 ], [ -100.718985321894863, 21.524703291701734 ], [ -100.717744002854076, 21.524423465485651 ], [ -100.717569807519652, 21.524714531288982 ], [ -100.716869101713556, 21.52546499075746 ], [ -100.715816463610651, 21.526425154227848 ], [ -100.714879425993544, 21.527136095954322 ], [ -100.714176348401296, 21.527638263946034 ], [ -100.714176348399135, 21.527638264010143 ], [ -100.714176348370728, 21.527638264030436 ], [ -100.714130272555849, 21.529004280010895 ], [ -100.714724392561678, 21.529454792143998 ], [ -100.715316950407981, 21.529739780927621 ], [ -100.717026248505945, 21.529602076818779 ], [ -100.718263688619743, 21.529468103577152 ], [ -100.719328106693567, 21.529749329404265 ], [ -100.719747654992943, 21.530449509621377 ], [ -100.719347736953949, 21.53181833698082 ], [ -100.719123584010788, 21.53306161679658 ], [ -100.718903746327314, 21.534760077953958 ], [ -100.719033885441348, 21.536041924495638 ], [ -100.719279640885802, 21.53707455189063 ], [ -100.719519900743407, 21.537527856987413 ], [ -100.719992958790016, 21.537648243838319 ], [ -100.720466410617547, 21.537810009386128 ], [ -100.720882844461315, 21.538179143533711 ], [ -100.730071438623654, 21.536740096059141 ], [ -100.730496602157515, 21.538019562211762 ], [ -100.730983135889673, 21.539546832569915 ], [ -100.737698576934363, 21.550831737637445 ], [ -100.737909821350769, 21.551326627763334 ], [ -100.738121067309621, 21.55182151749694 ], [ -100.738427177059862, 21.552977766770738 ], [ -100.738791884671954, 21.554092159025991 ], [ -100.739245505795637, 21.558309543364313 ], [ -100.740230111978676, 21.562522629590195 ], [ -100.741184810694378, 21.563632240485745 ], [ -100.741512679520227, 21.563981339963007 ], [ -100.741840549931808, 21.564330438674997 ], [ -100.742969458505954, 21.565148947785485 ], [ -100.743922593855245, 21.566093022272572 ], [ -100.744994134507735, 21.567077512012183 ], [ -100.745827297666096, 21.567815634466498 ], [ -100.746421674264866, 21.568266014417826 ], [ -100.746548093496898, 21.569134022515868 ], [ -100.746379528535229, 21.570004428008364 ], [ -100.746506351116523, 21.570913815253803 ], [ -100.74675077022826, 21.57178086355048 ], [ -100.747114393689955, 21.572771089669843 ], [ -100.750553783332705, 21.580605764877305 ], [ -100.749155302764294, 21.580342747959275 ], [ -100.748031302991279, 21.580539955313476 ], [ -100.747434865159022, 21.581112562109666 ], [ -100.746544047323226, 21.58160032238942 ], [ -100.745713980547919, 21.581923598137344 ], [ -100.744364480660522, 21.581087922883182 ], [ -100.743805900393042, 21.580856603382895 ], [ -100.743247321784665, 21.58062528188222 ], [ -100.742184498504699, 21.580616732337205 ], [ -100.740473888337974, 21.580437989383864 ], [ -100.739537747534754, 21.579605601976354 ], [ -100.738596889317634, 21.579226833496108 ], [ -100.73777154557942, 21.579096444844119 ], [ -100.736944481841746, 21.579131006647788 ], [ -100.736057080466935, 21.57928880302866 ], [ -100.734761098705491, 21.578989624816817 ], [ -100.734057297721719, 21.578530263365376 ], [ -100.732413098083256, 21.577650854624356 ], [ -100.731414519376699, 21.577147848344314 ], [ -100.729774241387446, 21.575897262108541 ], [ -100.728661056877101, 21.575063367789362 ], [ -100.728434402965064, 21.574154193082741 ], [ -100.727796615605627, 21.57303546079914 ], [ -100.727333367354504, 21.572165600488692 ], [ -100.727167935849948, 21.571050709288706 ], [ -100.727292084880219, 21.570474326746528 ], [ -100.726948665355152, 21.569440470341881 ], [ -100.726130320512141, 21.568650197229591 ], [ -100.724957304791957, 21.567898268970527 ], [ -100.724666005639492, 21.567524710362438 ], [ -100.724377312488826, 21.566903717597278 ], [ -100.72385897418043, 21.565662212025408 ], [ -100.723163092027434, 21.564460496060725 ], [ -100.722283583323673, 21.563875912840306 ], [ -100.721347652337315, 21.563043407515234 ], [ -100.72094264603119, 21.562256484799597 ], [ -100.720258124954981, 21.559982539021121 ], [ -100.720038520621017, 21.558413521774394 ], [ -100.719989499643347, 21.557464540348882 ], [ -100.719232913098807, 21.556427274620063 ], [ -100.718831861692067, 21.555269192606261 ], [ -100.717791894628604, 21.553116042214558 ], [ -100.717629621995883, 21.551712459109591 ], [ -100.716930809129408, 21.550799381176038 ], [ -100.714460550322428, 21.54991297324036 ], [ -100.713219961836813, 21.549985244516634 ], [ -100.711386402212355, 21.550300073763449 ], [ -100.708909597934564, 21.550032169531342 ], [ -100.708204261033799, 21.549737639639964 ], [ -100.707202878604079, 21.549523143297588 ], [ -100.706495789274385, 21.549393562936189 ], [ -100.705611599284069, 21.549262512624342 ], [ -100.704788204232088, 21.5489669895296 ], [ -100.703725595619673, 21.548958178984655 ], [ -100.702892514674943, 21.549569911874663 ], [ -100.702353717142842, 21.550266570566219 ], [ -100.701993781468431, 21.550799741143415 ], [ -100.701811829259029, 21.55125190330029 ], [ -100.701329851381772, 21.552155246357778 ], [ -100.700735530207083, 21.552521495358825 ], [ -100.700376906804053, 21.552930944941888 ], [ -100.699614299976957, 21.552470930255936 ], [ -100.699409883365902, 21.552263014582461 ], [ -100.699205467341272, 21.552055098615099 ], [ -100.698679891919241, 21.551514564862011 ], [ -100.697919065067978, 21.550889583814797 ], [ -100.69721683710668, 21.550306330200915 ], [ -100.696738195422753, 21.549925453276408 ], [ -100.696221655053989, 21.549514414695192 ], [ -100.694344075136073, 21.548426423454764 ], [ -100.693171820406292, 21.547633008531136 ], [ -100.692236598171448, 21.546759080733825 ], [ -100.691706630442894, 21.546630917119032 ], [ -100.690939199283235, 21.546624493531727 ], [ -100.689580103073538, 21.546736838769686 ], [ -100.688810448131733, 21.546936603335123 ], [ -100.687508599999802, 21.547214385386166 ], [ -100.686680795666263, 21.547331165756653 ], [ -100.685499233384803, 21.54740372585335 ], [ -100.683667852893763, 21.547512053629546 ], [ -100.682131637108554, 21.547622848485254 ], [ -100.681305610695162, 21.54757464377839 ], [ -100.680184862560125, 21.54748270525204 ], [ -100.679602125843729, 21.546776648369065 ], [ -100.678547129050273, 21.546066600368793 ], [ -100.677844549501174, 21.545524497986236 ], [ -100.677438482526355, 21.544861168656798 ], [ -100.677267653766094, 21.544282314440515 ], [ -100.677158546066622, 21.543456520467068 ], [ -100.676866968706321, 21.543124105775352 ], [ -100.675989555346433, 21.542374296879242 ], [ -100.675576332750239, 21.542370798680462 ], [ -100.674754373181031, 21.54195140095263 ], [ -100.674059008223836, 21.540749442669281 ], [ -100.673706616721134, 21.540581480521112 ], [ -100.673301032269293, 21.539876898764248 ], [ -100.672538123686024, 21.539457989342008 ], [ -100.670715368066993, 21.538782610805871 ], [ -100.669483830602061, 21.538029753260169 ], [ -100.668133795105831, 21.537317120548416 ], [ -100.667315490001329, 21.536567762926389 ], [ -100.667031162726076, 21.535575488829956 ], [ -100.667037475106454, 21.534998129156936 ], [ -100.666218737983399, 21.534290004745884 ], [ -100.665819074499709, 21.533049280738922 ], [ -100.665478897661515, 21.531767818823681 ], [ -100.665079248821584, 21.530527091833196 ], [ -100.66473998915761, 21.529163147160208 ], [ -100.664696319181701, 21.527760481652717 ], [ -100.664705804567561, 21.526894440624922 ], [ -100.664478736696054, 21.526067623040205 ], [ -100.663372624125216, 21.524655877270693 ], [ -100.66261479914013, 21.523783273654367 ], [ -100.662270152990232, 21.522914201711576 ], [ -100.661803842741634, 21.522374039231792 ], [ -100.661153672866433, 21.522450960815284 ], [ -100.659736188532946, 21.522521304365927 ], [ -100.658852186735658, 21.522389992325991 ], [ -100.658320062672487, 21.522467915448988 ], [ -100.657130955502382, 21.523241345809275 ], [ -100.65589189543455, 21.52318945713019 ], [ -100.654893478890358, 21.522727187742479 ], [ -100.653773381144546, 21.522593817780809 ], [ -100.653002879738594, 21.522875893031351 ], [ -100.652052569477661, 21.523403880621153 ], [ -100.650748102705052, 21.523928809021452 ], [ -100.649682462405067, 21.524208324022212 ], [ -100.648378891473953, 21.524650754215479 ], [ -100.64696228526266, 21.524638510268371 ], [ -100.646018794794784, 21.524547860246287 ], [ -100.644420537843516, 21.524946466043954 ], [ -100.643828452755088, 21.52510631344208 ], [ -100.643229041689523, 21.525926005003431 ], [ -100.642520273118976, 21.525961103441045 ], [ -100.640931157581278, 21.525534868836107 ], [ -100.638689095713531, 21.525432896748413 ], [ -100.638216889460722, 21.525428789479967 ], [ -100.637213450940166, 21.52542005708964 ], [ -100.636914185781976, 21.525788651931538 ], [ -100.636614919141252, 21.526157246316661 ], [ -100.633323733164374, 21.524849970568035 ], [ -100.627451210272824, 21.522117700695407 ], [ -100.621808959529204, 21.519923416926915 ], [ -100.620375205075661, 21.521436852151865 ], [ -100.619522382715502, 21.523780294506967 ], [ -100.618879891203918, 21.525270230169248 ], [ -100.618370684479586, 21.52645105740331 ], [ -100.616322828434861, 21.530062537079726 ], [ -100.615055764024319, 21.53248479506253 ], [ -100.613605977329655, 21.535400369029066 ], [ -100.612045535056637, 21.537655035408072 ], [ -100.610059680617667, 21.540978289702242 ], [ -100.608315016496618, 21.543849970203546 ], [ -100.607292267810351, 21.545531940074159 ], [ -100.606161251895841, 21.546346798484624 ], [ -100.605216224338974, 21.546379647586431 ], [ -100.60421637714262, 21.546040798464375 ], [ -100.603362949321763, 21.545806358650299 ], [ -100.602509523961359, 21.54557191428939 ], [ -100.601722605820356, 21.545680456824606 ], [ -100.602763306744521, 21.536682180519552 ], [ -100.585104906476971, 21.520593809922254 ], [ -100.585623663315758, 21.519222360799834 ], [ -100.58614495258864, 21.518140870343451 ], [ -100.586817683377319, 21.517326972669967 ], [ -100.586903563625228, 21.517223070366825 ], [ -100.587898767024086, 21.516386112171212 ], [ -100.587993839026225, 21.516311658787156 ], [ -100.589128740746403, 21.515422877714997 ], [ -100.590301186821918, 21.514625827272337 ], [ -100.591474713251699, 21.51395303758034 ], [ -100.592472056035788, 21.513364591239295 ], [ -100.593587689759445, 21.512816557783779 ], [ -100.594231945080907, 21.512313959939522 ], [ -100.594286163978637, 21.511774962273797 ], [ -100.593806763958924, 21.510909103656598 ], [ -100.593327369885287, 21.51004324322475 ], [ -100.592968466626218, 21.509466336523822 ], [ -100.592548777439731, 21.508682816761468 ], [ -100.592776615528194, 21.507769508998138 ], [ -100.592769321633369, 21.506941053704129 ], [ -100.592523253698673, 21.505783222864071 ], [ -100.591868815958165, 21.505125974940594 ], [ -100.591036400296218, 21.504345958930195 ], [ -100.590202174121885, 21.50335882397825 ], [ -100.589127017704612, 21.501793765563665 ], [ -100.587791426033363, 21.500687086454107 ], [ -100.587788418188282, 21.500231972768557 ], [ -100.587726680366458, 21.499818616900214 ], [ -100.587428656222173, 21.499365422117602 ], [ -100.58707135761118, 21.498871236286444 ], [ -100.586890524092667, 21.498293151031415 ], [ -100.587064254672939, 21.497795512402131 ], [ -100.588820105649788, 21.495632549404476 ], [ -100.587457599057771, 21.49481389903702 ], [ -100.58614210458687, 21.492174395686039 ], [ -100.585430009879602, 21.491558380606492 ], [ -100.585305468545499, 21.490566168698223 ], [ -100.582381875800976, 21.48562000343167 ], [ -100.583148577097603, 21.485573666508888 ], [ -100.584150997014333, 21.485484423188787 ], [ -100.585505767126293, 21.48514463347383 ], [ -100.586802351202678, 21.484929338511947 ], [ -100.588100569905833, 21.484962277965543 ], [ -100.589750857853687, 21.484703284369477 ], [ -100.591344060315947, 21.484734277451128 ], [ -100.59169557653496, 21.4843596027467 ], [ -100.5920468166847, 21.48394355342711 ], [ -100.592219144142632, 21.483239040893867 ], [ -100.592392567578898, 21.482700024110546 ], [ -100.592623065296792, 21.481871004271664 ], [ -100.592854109611707, 21.481124732135672 ], [ -100.59284807193356, 21.480214504767197 ], [ -100.59290377413042, 21.479717631894122 ], [ -100.593254725932837, 21.479260206743081 ], [ -100.593487685813187, 21.478803551746076 ], [ -100.593838633714057, 21.478346125568958 ], [ -100.593556353236039, 21.4778302920807 ], [ -100.594302072854362, 21.477060448355729 ], [ -100.595411958964633, 21.475398160199006 ], [ -100.595755464802849, 21.47382363413012 ], [ -100.596016667220837, 21.47318060055942 ], [ -100.596277867515468, 21.472537566675133 ], [ -100.596625764192964, 21.471625022417825 ], [ -100.598033850128189, 21.470457275558406 ], [ -100.599150546619171, 21.469829314738291 ], [ -100.600207413560184, 21.469077612858772 ], [ -100.601030242996359, 21.468617073262855 ], [ -100.601854727343351, 21.468404773067366 ], [ -100.602738199394253, 21.468192080590626 ], [ -100.60356406426871, 21.468186641397544 ], [ -100.603796144062855, 21.467605853066235 ], [ -100.603673174208836, 21.466861901556804 ], [ -100.610070135475652, 21.461937314694275 ], [ -100.60449423498693, 21.457340086599558 ], [ -100.605544416357489, 21.455779799902004 ], [ -100.606067258185675, 21.455018419144508 ], [ -100.612321525117224, 21.445910034308195 ], [ -100.614774665632908, 21.442335445612635 ], [ -100.614778582736008, 21.442914677890524 ], [ -100.615020379560193, 21.443781958057933 ], [ -100.617452315216823, 21.445793175032556 ], [ -100.6177592258354, 21.445937375579781 ], [ -100.619242148086613, 21.446634107502312 ], [ -100.622008502137462, 21.447914278793533 ], [ -100.622544414995573, 21.448655450079738 ], [ -100.623314003534844, 21.449064050520274 ], [ -100.624199017257098, 21.449099494577212 ], [ -100.625435376977748, 21.44876019748429 ], [ -100.626729012361409, 21.448172254440188 ], [ -100.627316561009565, 21.44783730246607 ], [ -100.627847110685636, 21.447792359479081 ], [ -100.62838021364783, 21.448119775817378 ], [ -100.633347171507893, 21.44134210614828 ], [ -100.633102993987634, 21.440143871730623 ], [ -100.633631232488185, 21.439767925200155 ], [ -100.635019592622228, 21.435827884860128 ], [ -100.635610213455536, 21.435948014607725 ], [ -100.636201692181061, 21.436192262248277 ], [ -100.637148462339084, 21.436640976505419 ], [ -100.638685254460427, 21.438385821295046 ], [ -100.639466897909273, 21.4392732619418 ], [ -100.639741827479952, 21.439653427476131 ], [ -100.639883756999453, 21.439849682951376 ], [ -100.640311130221775, 21.440118140295112 ], [ -100.64053538395666, 21.440259005914108 ], [ -100.641540883662955, 21.440665918356487 ], [ -100.642494024716655, 21.442024809606259 ], [ -100.642695414486369, 21.445540324809176 ], [ -100.643164376807434, 21.445123377434257 ], [ -100.642979378804995, 21.44396613462985 ], [ -100.643559671947315, 21.442596799659086 ], [ -100.64432639769241, 21.442591570451746 ], [ -100.645796829915611, 21.442002280631719 ], [ -100.651299239174719, 21.444447103370905 ], [ -100.652016573896987, 21.445807551919007 ], [ -100.654492275467518, 21.445583651568551 ], [ -100.65643104549244, 21.445570293043019 ], [ -100.65655656746759, 21.445569427396482 ], [ -100.659145242180273, 21.44464130680872 ], [ -100.660387689918352, 21.438977739874343 ], [ -100.660745141536438, 21.437348265154299 ], [ -100.663109178876553, 21.438035264981988 ], [ -100.665473236133295, 21.438722229919151 ], [ -100.66369457055346, 21.445726920099144 ], [ -100.664109484148838, 21.44601366379058 ], [ -100.665514112345207, 21.444473040556534 ], [ -100.666807822223745, 21.443926172708331 ], [ -100.668517069358387, 21.443072884784868 ], [ -100.668390898422686, 21.442163385664049 ], [ -100.66867849132224, 21.44137489144018 ], [ -100.66878096400626, 21.439677346468411 ], [ -100.668763662692427, 21.437773790087189 ], [ -100.668689298334456, 21.436077590122334 ], [ -100.668974623547683, 21.435040805673808 ], [ -100.669846381663518, 21.433668480282108 ], [ -100.670661815618288, 21.432586271845636 ], [ -100.671834667701631, 21.431915179981367 ], [ -100.673423508262644, 21.4316133653276 ], [ -100.675072795532685, 21.431476611680292 ], [ -100.676602300973144, 21.431133836625026 ], [ -100.677955725876629, 21.430875165966079 ], [ -100.678893513694291, 21.430288596747342 ], [ -100.679595523147185, 21.42970383149818 ], [ -100.680995731958191, 21.428120478559666 ], [ -100.681576044605308, 21.427122796687449 ], [ -100.681274128916058, 21.426338812578109 ], [ -100.680847129986176, 21.424769484585866 ], [ -100.680954014249679, 21.423568516699131 ], [ -100.681357871541209, 21.422613574940087 ], [ -100.682528694840869, 21.421735508477006 ], [ -100.684875241588216, 21.420517311912953 ], [ -100.686167708817663, 21.420052128694898 ], [ -100.687462071829358, 21.41979384285883 ], [ -100.687462071859343, 21.41979384294817 ] ] ] ] } },
{ "type": "Feature", "properties": { "ID": 25, "ENTIDAD": 11, "MUNICIPIO": 33, "NOMBRE": "SAN LUIS DE LA PAZ", "CONTROL": 46, "GEOMETRY1_": null, "ID_2": 2530, "ENTIDAD_2": 11, "DISTRITO_F": 1, "DISTRITO_L": 2, "MUNICIPIO_2": 33, "SECCION": 2573, "TIPO": 4, "CONTROL_2": 414, "GEOMETRY1__2": null }, "geometry": { "type": "MultiPolygon", "coordinates": [ [ [ [ -100.597975566989561, 21.39064351859296 ], [ -100.605205025613088, 21.396057813866371 ], [ -100.605211927646806, 21.397092167448456 ], [ -100.605041943879542, 21.398127683227198 ], [ -100.604909411988586, 21.398834820594047 ], [ -100.604871130106361, 21.399039076417161 ], [ -100.604700314593288, 21.399950469538041 ], [ -100.604700314593686, 21.399950469540318 ], [ -100.604700314574686, 21.399950469641738 ], [ -100.604822933260849, 21.400653055158458 ], [ -100.605122167507133, 21.401313103830123 ], [ -100.605373652786966, 21.40132027235294 ], [ -100.607481256496655, 21.401380334155686 ], [ -100.608889450340797, 21.400260031785756 ], [ -100.611938834408164, 21.397833968881631 ], [ -100.612822983469371, 21.397786744943971 ], [ -100.616972939989935, 21.401110669651953 ], [ -100.621521963436166, 21.400066710822507 ], [ -100.621800598719034, 21.400002762170956 ], [ -100.621800598683052, 21.400002762080224 ], [ -100.621800598739171, 21.400002762067338 ], [ -100.621440648438877, 21.399094898082861 ], [ -100.62487765076537, 21.399433978457235 ], [ -100.628314663971665, 21.399772987320304 ], [ -100.635188722777841, 21.400450790480054 ], [ -100.636428638937289, 21.400690667226897 ], [ -100.638018622314789, 21.400390285058787 ], [ -100.638666348846442, 21.400261773525674 ], [ -100.64014669175333, 21.40116200019056 ], [ -100.645164235663827, 21.40195540511348 ], [ -100.648461810086488, 21.401312282140811 ], [ -100.6484618100706, 21.401312282044792 ], [ -100.648461810109168, 21.401312282037264 ], [ -100.648277139552221, 21.400196411795243 ], [ -100.656910243698334, 21.397904005192583 ], [ -100.6585407601291, 21.397470986144672 ], [ -100.661872429899532, 21.396586132598159 ], [ -100.664231117827796, 21.39661119423031 ], [ -100.664893244643153, 21.396441108797536 ], [ -100.665555369746684, 21.396271020844946 ], [ -100.666879614818072, 21.395930837380522 ], [ -100.668263126926618, 21.395606658570202 ], [ -100.668557398467954, 21.395563040063614 ], [ -100.66885166979722, 21.395519421051358 ], [ -100.669500642258882, 21.39559726124482 ], [ -100.669855344141254, 21.39571872016537 ], [ -100.670213801748048, 21.396253996693655 ], [ -100.670751681065852, 21.397077600579546 ], [ -100.671109393862523, 21.397530111050536 ], [ -100.671822946075011, 21.398228220223089 ], [ -100.672533495197982, 21.398595271629592 ], [ -100.673301095962401, 21.398754961841156 ], [ -100.674069451491007, 21.398997411916458 ], [ -100.675071646852615, 21.399031150788002 ], [ -100.676013402866062, 21.398899806911761 ], [ -100.677073772503832, 21.398850320354704 ], [ -100.678076721807656, 21.39896680460479 ], [ -100.678255968991834, 21.399234432859526 ], [ -100.678435216850971, 21.399502060871473 ], [ -100.678621080041452, 21.400493867449391 ], [ -100.678865499512213, 21.401443840765364 ], [ -100.679050612695391, 21.402352883042369 ], [ -100.679294660641716, 21.40326147352852 ], [ -100.68359308776509, 21.415685206396464 ], [ -100.684009065005952, 21.416054466674112 ], [ -100.684599955665718, 21.416215457951314 ], [ -100.685307961284735, 21.416292776616974 ], [ -100.686073763164842, 21.416245493931907 ], [ -100.686663133810271, 21.416240952120855 ], [ -100.686928731240201, 21.416280289024542 ], [ -100.687194328781644, 21.416319625497493 ], [ -100.687433123818025, 21.416648858467816 ], [ -100.687141864845898, 21.417023563460862 ], [ -100.687141864839489, 21.417023563535629 ], [ -100.687141864818983, 21.417023563562019 ], [ -100.687088639042784, 21.41764473881782 ], [ -100.68697723668356, 21.418349131268375 ], [ -100.687462071829358, 21.41979384285883 ], [ -100.686167708817663, 21.420052128694898 ], [ -100.684875241588216, 21.420517311912953 ], [ -100.682528694840869, 21.421735508477006 ], [ -100.681357871541209, 21.422613574940087 ], [ -100.680954014249679, 21.423568516699131 ], [ -100.680847129986176, 21.424769484585866 ], [ -100.681274128916058, 21.426338812578109 ], [ -100.681576044605308, 21.427122796687449 ], [ -100.680995731958191, 21.428120478559666 ], [ -100.679595523147185, 21.42970383149818 ], [ -100.678893513694291, 21.430288596747342 ], [ -100.677955725876629, 21.430875165966079 ], [ -100.676602300973144, 21.431133836625026 ], [ -100.675072795532685, 21.431476611680292 ], [ -100.673423508262644, 21.4316133653276 ], [ -100.671834667701631, 21.431915179981367 ], [ -100.670661815618288, 21.432586271845636 ], [ -100.669846381663518, 21.433668480282108 ], [ -100.668974623547683, 21.435040805673808 ], [ -100.668689298334456, 21.436077590122334 ], [ -100.668763662692427, 21.437773790087189 ], [ -100.66878096400626, 21.439677346468411 ], [ -100.66867849132224, 21.44137489144018 ], [ -100.668390898422686, 21.442163385664049 ], [ -100.668517069358387, 21.443072884784868 ], [ -100.666807822223745, 21.443926172708331 ], [ -100.665514112345207, 21.444473040556534 ], [ -100.664109484148838, 21.44601366379058 ], [ -100.66369457055346, 21.445726920099144 ], [ -100.665473236133295, 21.438722229919151 ], [ -100.663109178876553, 21.438035264981988 ], [ -100.660745141536438, 21.437348265154299 ], [ -100.660387689918352, 21.438977739874343 ], [ -100.659145242180273, 21.44464130680872 ], [ -100.65655656746759, 21.445569427396482 ], [ -100.65643104549244, 21.445570293043019 ], [ -100.654492275467518, 21.445583651568551 ], [ -100.652016573896987, 21.445807551919007 ], [ -100.651299239174719, 21.444447103370905 ], [ -100.645796829915611, 21.442002280631719 ], [ -100.64432639769241, 21.442591570451746 ], [ -100.643559671947315, 21.442596799659086 ], [ -100.642979378804995, 21.44396613462985 ], [ -100.643164376807434, 21.445123377434257 ], [ -100.642695414486369, 21.445540324809176 ], [ -100.642494024716655, 21.442024809606259 ], [ -100.641540883662955, 21.440665918356487 ], [ -100.64053538395666, 21.440259005914108 ], [ -100.640311130221775, 21.440118140295112 ], [ -100.639883756999453, 21.439849682951376 ], [ -100.639741827479952, 21.439653427476131 ], [ -100.639466897909273, 21.4392732619418 ], [ -100.638685254460427, 21.438385821295046 ], [ -100.637148462339084, 21.436640976505419 ], [ -100.636201692181061, 21.436192262248277 ], [ -100.635610213455536, 21.435948014607725 ], [ -100.635019592622228, 21.435827884860128 ], [ -100.633631232488185, 21.439767925200155 ], [ -100.633102993987634, 21.440143871730623 ], [ -100.633347171507893, 21.44134210614828 ], [ -100.62838021364783, 21.448119775817378 ], [ -100.627847110685636, 21.447792359479081 ], [ -100.627316561009565, 21.44783730246607 ], [ -100.626729012361409, 21.448172254440188 ], [ -100.625435376977748, 21.44876019748429 ], [ -100.624199017257098, 21.449099494577212 ], [ -100.623314003534844, 21.449064050520274 ], [ -100.622544414995573, 21.448655450079738 ], [ -100.622008502137462, 21.447914278793533 ], [ -100.619242148086613, 21.446634107502312 ], [ -100.6177592258354, 21.445937375579781 ], [ -100.617452315216823, 21.445793175032556 ], [ -100.615020379560193, 21.443781958057933 ], [ -100.614778582736008, 21.442914677890524 ], [ -100.614774665632908, 21.442335445612635 ], [ -100.612321525117224, 21.445910034308195 ], [ -100.608905918821989, 21.437947145059493 ], [ -100.603467491427153, 21.436121088149896 ], [ -100.600994573925178, 21.436757968801842 ], [ -100.599167088162915, 21.436894076974014 ], [ -100.596983532526494, 21.436701486292556 ], [ -100.596389636837927, 21.436084728985925 ], [ -100.595798489059646, 21.435881710558455 ], [ -100.595325297767232, 21.435677920093159 ], [ -100.594735522807611, 21.435681768477401 ], [ -100.594675175452124, 21.435475282421368 ], [ -100.594908892891752, 21.435142750199464 ], [ -100.5949604713783, 21.434025263211762 ], [ -100.594665861124696, 21.434068560978577 ], [ -100.594077461302362, 21.434279277510512 ], [ -100.593547215843842, 21.434365485247458 ], [ -100.592956898751694, 21.434286578651076 ], [ -100.592482622870904, 21.433917282726092 ], [ -100.591951284747807, 21.433837988525344 ], [ -100.591185131565766, 21.433925723435483 ], [ -100.595519537347769, 21.429387508701698 ], [ -100.59788806925711, 21.421924366631682 ], [ -100.594573327441793, 21.420084081881445 ], [ -100.592432891210507, 21.417449948867375 ], [ -100.592249158466799, 21.416416741853403 ], [ -100.592833123242301, 21.415544047004769 ], [ -100.593301874393418, 21.415085860746885 ], [ -100.594062461300723, 21.414170636745624 ], [ -100.594703734452139, 21.413049306831397 ], [ -100.595051252720722, 21.412095393505918 ], [ -100.595634089965614, 21.411057193531732 ], [ -100.596334853661446, 21.410018222645121 ], [ -100.597150252226143, 21.408481988652156 ], [ -100.596736390744539, 21.4083191854915 ], [ -100.596263289894011, 21.408115391585337 ], [ -100.595730129313381, 21.407746483576123 ], [ -100.595195603865804, 21.407170702268591 ], [ -100.594774640573874, 21.405932162200845 ], [ -100.594302642831025, 21.405893859282902 ], [ -100.591548006884736, 21.39949846577456 ], [ -100.59295766618807, 21.398661787402762 ], [ -100.593057049349099, 21.395847563604342 ], [ -100.590932527660939, 21.395571722665625 ], [ -100.591274051280109, 21.393707579001404 ], [ -100.593549521542656, 21.39005170055847 ], [ -100.590468692133314, 21.387796002422892 ], [ -100.587754977746485, 21.387565307250068 ], [ -100.582784137601152, 21.384783770605445 ], [ -100.578298809183323, 21.384109164726894 ], [ -100.575177547644756, 21.384667024322425 ], [ -100.57514340470388, 21.379382368990829 ], [ -100.575137185084799, 21.378419430976635 ], [ -100.571477442184971, 21.377739356331521 ], [ -100.57422376375753, 21.373915218061192 ], [ -100.576429580819138, 21.374434460619153 ], [ -100.584320664906713, 21.376291725616124 ], [ -100.586806196578351, 21.377723875086165 ], [ -100.587804902326127, 21.377179534127954 ], [ -100.589393140115547, 21.376631374831572 ], [ -100.591275318482971, 21.375957167757317 ], [ -100.591504338888214, 21.37492127674529 ], [ -100.591859961164971, 21.3752086053962 ], [ -100.592628258781374, 21.37549325625044 ], [ -100.592981979253054, 21.37549096091719 ], [ -100.593335699660742, 21.37548866483861 ], [ -100.594039325670067, 21.374904827980117 ], [ -100.594800262954209, 21.374072358548638 ], [ -100.595034778649023, 21.373874296867207 ], [ -100.595269293708171, 21.373676234892862 ], [ -100.595738321919612, 21.373280110065075 ], [ -100.596678829139819, 21.37286022670574 ], [ -100.597051400034687, 21.375712757429284 ], [ -100.598249249108463, 21.375730422074529 ], [ -100.602888601131085, 21.375798757602599 ], [ -100.597975567007566, 21.39064351848792 ], [ -100.597975567020995, 21.390643518497978 ], [ -100.597975566989561, 21.39064351859296 ] ] ] ] } },
{ "type": "Feature", "properties": { "ID": 25, "ENTIDAD": 11, "MUNICIPIO": 33, "NOMBRE": "SAN LUIS DE LA PAZ", "CONTROL": 46, "GEOMETRY1_": null, "ID_2": 2531, "ENTIDAD_2": 11, "DISTRITO_F": 1, "DISTRITO_L": 2, "MUNICIPIO_2": 33, "SECCION": 2574, "TIPO": 4, "CONTROL_2": 388, "GEOMETRY1__2": null }, "geometry": { "type": "MultiPolygon", "coordinates": [ [ [ [ -100.592823377267734, 21.476490846399535 ], [ -100.592702920582084, 21.476119250553491 ], [ -100.592583013083541, 21.475830402567318 ], [ -100.592228502430316, 21.475749964033007 ], [ -100.587910768212339, 21.474081664699781 ], [ -100.573036552688308, 21.463874986788227 ], [ -100.562688946099968, 21.460134314231873 ], [ -100.549258693474769, 21.463239422128918 ], [ -100.548957464562619, 21.462248271508031 ], [ -100.549125274098486, 21.460799042546512 ], [ -100.544286881431987, 21.460622378294723 ], [ -100.544930549953662, 21.459790834360117 ], [ -100.546988361540556, 21.45870220118363 ], [ -100.547455826588575, 21.457995878847068 ], [ -100.544566986054207, 21.458262166144578 ], [ -100.544563341642927, 21.457682916271139 ], [ -100.544678453365961, 21.457227056142116 ], [ -100.544498627737354, 21.456773033944962 ], [ -100.544025428206879, 21.456569098614462 ], [ -100.543494802598019, 21.456613779161614 ], [ -100.545825367422864, 21.452006451624374 ], [ -100.545815727921706, 21.450475576605502 ], [ -100.545165072962504, 21.45018999667392 ], [ -100.544690593617503, 21.4497791867127 ], [ -100.543625233581139, 21.449206546664858 ], [ -100.542797116156137, 21.448839307804892 ], [ -100.541970558970618, 21.448720315088437 ], [ -100.539669657255786, 21.448651841004615 ], [ -100.538904672029815, 21.448946218657387 ], [ -100.535366638056573, 21.449133605204096 ], [ -100.534600096475231, 21.449179712525009 ], [ -100.533950751961513, 21.449100963421103 ], [ -100.533241138800918, 21.44881569893592 ], [ -100.522409899340701, 21.44284103390498 ], [ -100.522229146994022, 21.44222147993921 ], [ -100.520453354316217, 21.441197863194052 ], [ -100.520390575538968, 21.440577589107857 ], [ -100.516891504959617, 21.437454169029415 ], [ -100.515079842571922, 21.430513771421644 ], [ -100.515016339820676, 21.429769365933243 ], [ -100.515190757270275, 21.429354539627045 ], [ -100.516068366901422, 21.428190670488139 ], [ -100.514349002887016, 21.426711485274289 ], [ -100.513530112687363, 21.427833614241553 ], [ -100.512477808861021, 21.429370919541501 ], [ -100.511921408594574, 21.430015620639377 ], [ -100.511365003505119, 21.430660320127796 ], [ -100.509903059228222, 21.432737982464694 ], [ -100.508066738500915, 21.431424945567372 ], [ -100.502979485598161, 21.42893139257778 ], [ -100.502123569714186, 21.433736277921636 ], [ -100.498493763494238, 21.438268043189911 ], [ -100.493247235919043, 21.428823727269975 ], [ -100.493002990856752, 21.427418335858626 ], [ -100.491350413688636, 21.427221210869796 ], [ -100.490107745920625, 21.426525122492166 ], [ -100.488500503241241, 21.424010555532426 ], [ -100.487647570194753, 21.41938127750598 ], [ -100.484669767989573, 21.414433429794922 ], [ -100.480443431346671, 21.407713555623943 ], [ -100.481065072855046, 21.372704246613292 ], [ -100.481355756506304, 21.371999128789348 ], [ -100.481644751962634, 21.371004374687814 ], [ -100.481580741210095, 21.370135810357297 ], [ -100.481400749367992, 21.369598944985846 ], [ -100.481042694617045, 21.368856225948974 ], [ -100.481685407324051, 21.367859412608507 ], [ -100.481918330870258, 21.367361520296466 ], [ -100.481974394236289, 21.366864658064962 ], [ -100.482936826233484, 21.360031683249293 ], [ -100.483411320222487, 21.360525452729465 ], [ -100.485301595731229, 21.3611764660082 ], [ -100.486368269641261, 21.362121922389207 ], [ -100.492630215757359, 21.364319577604988 ], [ -100.494447700902811, 21.362612376695392 ], [ -100.497282651337201, 21.353533896582373 ], [ -100.497693076997109, 21.353159069524366 ], [ -100.497867468159413, 21.352744260052987 ], [ -100.499508407419938, 21.35112081245223 ], [ -100.511914980922597, 21.359140968961746 ], [ -100.513666294270209, 21.360300873695234 ], [ -100.514539859661653, 21.360837568434551 ], [ -100.516029286669877, 21.359105213417763 ], [ -100.517294595262683, 21.357762048321117 ], [ -100.519048600611228, 21.355803705135013 ], [ -100.521797193926517, 21.358589478203818 ], [ -100.522429772071519, 21.359258944105473 ], [ -100.523185513656628, 21.357516509114163 ], [ -100.524182581737577, 21.356682908650402 ], [ -100.525591034116644, 21.357587353609059 ], [ -100.526609056950505, 21.35824049418315 ], [ -100.528965210460385, 21.357936491831357 ], [ -100.530269440176653, 21.35912846970287 ], [ -100.5346900657064, 21.359018645764746 ], [ -100.536464147685791, 21.359918047835052 ], [ -100.537208606505502, 21.358833879838471 ], [ -100.537691049312286, 21.358131282384999 ], [ -100.536932415801445, 21.357652370014691 ], [ -100.535678891225558, 21.356860959794052 ], [ -100.535499236797833, 21.356406913647451 ], [ -100.535615086211848, 21.356075184469859 ], [ -100.535790393585302, 21.355825844492223 ], [ -100.536083082794434, 21.355493028812411 ], [ -100.536258388716917, 21.355243688418742 ], [ -100.536375180201119, 21.355105340212489 ], [ -100.536433949919626, 21.355035723512625 ], [ -100.536334918039813, 21.354921304604343 ], [ -100.536255830635355, 21.3548299319664 ], [ -100.535130733972039, 21.354009296485156 ], [ -100.534950574454825, 21.353472497939169 ], [ -100.535006455584337, 21.352975628103984 ], [ -100.534766075613632, 21.352232312450287 ], [ -100.534282516895146, 21.350290546744063 ], [ -100.53416080036294, 21.349670633856487 ], [ -100.533805602319319, 21.349424547173452 ], [ -100.53327204290413, 21.348931288404749 ], [ -100.53297655665034, 21.348808965950763 ], [ -100.533387128113603, 21.348475433342365 ], [ -100.533503487152061, 21.348226456867518 ], [ -100.533443778424328, 21.348102690732638 ], [ -100.534088592258854, 21.347519457930012 ], [ -100.5346218935927, 21.347971338617281 ], [ -100.535799788142484, 21.346855229322529 ], [ -100.536555791802243, 21.346138869564491 ], [ -100.538050708773554, 21.345754307973387 ], [ -100.541499301173914, 21.34486711343861 ], [ -100.545918437655729, 21.34459151784414 ], [ -100.54857498515662, 21.345237064294185 ], [ -100.549687371056308, 21.344030213219494 ], [ -100.551397207844545, 21.344102322688087 ], [ -100.552287319305393, 21.345048445859096 ], [ -100.553110429194192, 21.344712294642289 ], [ -100.554169042555998, 21.344333291507244 ], [ -100.555289201096045, 21.344367666869111 ], [ -100.556117522590839, 21.344859008127468 ], [ -100.557063211205374, 21.345266855835522 ], [ -100.557893375086238, 21.346047814639697 ], [ -100.558486728775947, 21.346664747005914 ], [ -100.559199808161196, 21.347570563643323 ], [ -100.55984529782117, 21.347111363957044 ], [ -100.560208401141111, 21.348598650359669 ], [ -100.561274375907914, 21.34937810795568 ], [ -100.562224051538777, 21.350406551563147 ], [ -100.563292419705647, 21.351558371190638 ], [ -100.564186605554369, 21.353125050125758 ], [ -100.564667135197183, 21.354528828009514 ], [ -100.564796635219807, 21.35634858860616 ], [ -100.564452715514207, 21.357881700813696 ], [ -100.564282995317399, 21.358999945114512 ], [ -100.564052479053828, 21.359828935616289 ], [ -100.570294843980591, 21.35883775515212 ], [ -100.570942202341811, 21.358668137362066 ], [ -100.571650898655676, 21.358870517177984 ], [ -100.565579814575898, 21.368218763867727 ], [ -100.560452668915957, 21.371050749528671 ], [ -100.560351285958419, 21.371106745932785 ], [ -100.562597015912544, 21.371961507818408 ], [ -100.565429393027316, 21.37235738507772 ], [ -100.567670927136149, 21.372550076305675 ], [ -100.568497859286765, 21.372793092892437 ], [ -100.569379764653149, 21.372415106838922 ], [ -100.574223763741458, 21.373915218168744 ], [ -100.571477442169083, 21.377739356438521 ], [ -100.575137185068641, 21.378419431083554 ], [ -100.575143404687722, 21.379382369097662 ], [ -100.575177547628556, 21.384667024428349 ], [ -100.57829880916691, 21.384109164832907 ], [ -100.582784137584383, 21.384783770711373 ], [ -100.587754977729304, 21.387565307355555 ], [ -100.59046869211592, 21.387796002528365 ], [ -100.593549521524992, 21.390051700663598 ], [ -100.591274051262616, 21.393707579105982 ], [ -100.590932527643503, 21.395571722769933 ], [ -100.593057049331435, 21.395847563708653 ], [ -100.592957666170449, 21.398661787506629 ], [ -100.5915480068672, 21.399498465878242 ], [ -100.594302642813261, 21.405893859385586 ], [ -100.594774640556082, 21.405932162303625 ], [ -100.595195603847969, 21.407170702371189 ], [ -100.59573012929549, 21.407746483678547 ], [ -100.596263289876077, 21.408115391687851 ], [ -100.596736390726562, 21.408319185593921 ], [ -100.597150252208138, 21.408481988754485 ], [ -100.596334853643512, 21.410018222747272 ], [ -100.595634089947737, 21.411057193633695 ], [ -100.595051252702888, 21.412095393607796 ], [ -100.594703734434333, 21.413049306933097 ], [ -100.594062461282959, 21.414170636847143 ], [ -100.593301874375712, 21.415085860848215 ], [ -100.592833123224651, 21.415544047106103 ], [ -100.592249158449192, 21.416416741954546 ], [ -100.592432891192871, 21.417449948968432 ], [ -100.594573327423987, 21.420084081982051 ], [ -100.597888069239033, 21.421924366732028 ], [ -100.595519537329878, 21.429387508800868 ], [ -100.591185131548187, 21.433925723534021 ], [ -100.591951284730158, 21.433837988623878 ], [ -100.592482622853225, 21.43391728282462 ], [ -100.592956898733988, 21.434286578749514 ], [ -100.593547215826092, 21.434365485345904 ], [ -100.594077461284556, 21.434279277608962 ], [ -100.594665861106833, 21.434068561077115 ], [ -100.594960471360423, 21.434025263310293 ], [ -100.594908892873875, 21.435142750297729 ], [ -100.594675175434261, 21.435475282519629 ], [ -100.594735522789719, 21.435681768575666 ], [ -100.595325297749312, 21.435677920191424 ], [ -100.595798489041712, 21.435881710656624 ], [ -100.596389636819922, 21.43608472908419 ], [ -100.596983532508446, 21.436701486390636 ], [ -100.599167088144668, 21.436894077072104 ], [ -100.600994573906775, 21.436757968899933 ], [ -100.603467491408551, 21.436121088248065 ], [ -100.608905918802918, 21.437947145157324 ], [ -100.612321525097826, 21.445910034404939 ], [ -100.606067258166789, 21.455018419239899 ], [ -100.605544416338645, 21.455779799997213 ], [ -100.6044942349682, 21.45734008669449 ], [ -100.610070135456411, 21.461937314788582 ], [ -100.603673174190121, 21.466861901650287 ], [ -100.603796144044125, 21.467605853159625 ], [ -100.603564064250037, 21.468186641490853 ], [ -100.602738199375622, 21.468192080683924 ], [ -100.601854727324792, 21.468404773160671 ], [ -100.601030242977856, 21.468617073356157 ], [ -100.600207413541767, 21.469077612951988 ], [ -100.599150546600868, 21.469829314831323 ], [ -100.598033850109957, 21.470457275651345 ], [ -100.59662576417486, 21.471625022510587 ], [ -100.596277867497363, 21.472537566767798 ], [ -100.596016667202775, 21.473180600651911 ], [ -100.595755464784801, 21.473823634222601 ], [ -100.595411958946627, 21.475398160291228 ], [ -100.594302072836442, 21.477060448447755 ], [ -100.593556353218148, 21.477830292172552 ], [ -100.592823377267734, 21.476490846399535 ] ] ] ] } },
{ "type": "Feature", "properties": { "ID": 25, "ENTIDAD": 11, "MUNICIPIO": 33, "NOMBRE": "SAN LUIS DE LA PAZ", "CONTROL": 46, "GEOMETRY1_": null, "ID_2": 2532, "ENTIDAD_2": 11, "DISTRITO_F": 1, "DISTRITO_L": 2, "MUNICIPIO_2": 33, "SECCION": 2575, "TIPO": 4, "CONTROL_2": 390, "GEOMETRY1__2": null }, "geometry": { "type": "MultiPolygon", "coordinates": [ [ [ [ -100.425477823277518, 21.463781456699866 ], [ -100.42547600029225, 21.463492084128209 ], [ -100.425415202117776, 21.463203012035361 ], [ -100.42529594982264, 21.462996918228107 ], [ -100.425059008018707, 21.46283276399113 ], [ -100.424586166592832, 21.462669810249299 ], [ -100.424055391179266, 21.462672510975967 ], [ -100.425050158574436, 21.461427239574206 ], [ -100.425421383323751, 21.460553916790019 ], [ -100.425526346876339, 21.460306983459034 ], [ -100.425631310097273, 21.460060050074809 ], [ -100.426560297413246, 21.457740258839188 ], [ -100.427313645079465, 21.45562806120089 ], [ -100.427543534224384, 21.454676061391233 ], [ -100.427949030199443, 21.453516463211212 ], [ -100.428005392103103, 21.453102772587474 ], [ -100.428002260975958, 21.452606705211139 ], [ -100.427940159267806, 21.452110938936777 ], [ -100.427759595391578, 21.451533096805811 ], [ -100.426982033893168, 21.449800771631363 ], [ -100.425972779587283, 21.448731067062926 ], [ -100.425735340754031, 21.448484234260118 ], [ -100.425673769639445, 21.448071144408178 ], [ -100.425785723327635, 21.447119746628715 ], [ -100.425957945423491, 21.446374743547793 ], [ -100.426303946812993, 21.445132771046691 ], [ -100.426286248704074, 21.442321717546768 ], [ -100.426100242273264, 21.440875752163212 ], [ -100.424942133832488, 21.438523944095163 ], [ -100.424761792872062, 21.43790426071984 ], [ -100.424818288367646, 21.437448786418685 ], [ -100.425757935720938, 21.436698795456756 ], [ -100.42652040081795, 21.435908399027426 ], [ -100.427341839394529, 21.435117673767305 ], [ -100.427986325204088, 21.434327922872345 ], [ -100.428394199119765, 21.433415342795797 ], [ -100.428860594497962, 21.432419681346129 ], [ -100.429268458290181, 21.431507099535544 ], [ -100.429441307366986, 21.430761331332192 ], [ -100.429201752523923, 21.430100601900879 ], [ -100.429140728241137, 21.4297285335551 ], [ -100.429374827985541, 21.429396210898197 ], [ -100.429728249044942, 21.429311498136702 ], [ -100.429904959405036, 21.429269141484347 ], [ -100.430137009661948, 21.428564423349997 ], [ -100.430133825544985, 21.427985142939701 ], [ -100.430248598550463, 21.427405209324142 ], [ -100.430547131573462, 21.428065610733317 ], [ -100.430667364899634, 21.428478728876712 ], [ -100.430727937067573, 21.428768042214202 ], [ -100.432143660865123, 21.428801570109158 ], [ -100.432319457519469, 21.428593702446186 ], [ -100.432377067983239, 21.428345112279224 ], [ -100.433086867923677, 21.428713576382787 ], [ -100.433855650355113, 21.429081709361224 ], [ -100.434271018574194, 21.429534561535846 ], [ -100.434509679869791, 21.430029774180174 ], [ -100.435453350444803, 21.430024520919165 ], [ -100.436278603460622, 21.429937165837604 ], [ -100.436454624485805, 21.429770671167912 ], [ -100.436092958318355, 21.428365823591484 ], [ -100.4352606188354, 21.427170487597937 ], [ -100.435911211928968, 21.42749789097244 ], [ -100.436562954018015, 21.428032176963125 ], [ -100.437038223278392, 21.428650201376691 ], [ -100.437219060291881, 21.429352624022453 ], [ -100.437517628408287, 21.430013010877662 ], [ -100.43760949564664, 21.43015097524998 ], [ -100.437874489975414, 21.430548936562403 ], [ -100.438407144377805, 21.430876987635472 ], [ -100.43940956839576, 21.430830005208428 ], [ -100.440057423034503, 21.430660867020581 ], [ -100.440881753375294, 21.430407981292021 ], [ -100.440161564884875, 21.428177587037478 ], [ -100.438380031803959, 21.425994498099691 ], [ -100.437659906588124, 21.423764088597657 ], [ -100.437410236662402, 21.421282780424363 ], [ -100.436112538842508, 21.42124863602659 ], [ -100.4351097203417, 21.421212840916755 ], [ -100.434282915710781, 21.421010547668526 ], [ -100.433395996327548, 21.420601692013754 ], [ -100.432332838782941, 21.420317944507104 ], [ -100.431208888855494, 21.419703499241102 ], [ -100.429964952877668, 21.418717303554192 ], [ -100.429220442034037, 21.418402944655938 ], [ -100.428900906869131, 21.418268024105853 ], [ -100.427898561004497, 21.418314939082055 ], [ -100.426718384217551, 21.41819731454704 ], [ -100.426910846021229, 21.416815142557947 ], [ -100.426965396649351, 21.416441971760026 ], [ -100.427048658393545, 21.415872390592916 ], [ -100.427212383300642, 21.414752362669837 ], [ -100.427218944105945, 21.414707480484825 ], [ -100.427513913914581, 21.412689582218846 ], [ -100.427158720330496, 21.4124432699187 ], [ -100.426041179479341, 21.412987349748022 ], [ -100.426088627250564, 21.410876781581731 ], [ -100.424789213873552, 21.410511525353826 ], [ -100.424494775440763, 21.410219880951395 ], [ -100.424137142746957, 21.409894431009761 ], [ -100.423780835011371, 21.409441223921068 ], [ -100.423181891736633, 21.407747989297192 ], [ -100.42323456014033, 21.406589098620024 ], [ -100.423347098444353, 21.405595393738913 ], [ -100.423518154908578, 21.404518610236547 ], [ -100.423922383005987, 21.402944002557433 ], [ -100.424268536331667, 21.401535227636685 ], [ -100.424438006119672, 21.400168801487798 ], [ -100.424373406963497, 21.399134690183971 ], [ -100.424250743096181, 21.398266412205466 ], [ -100.423360840519749, 21.397278209037239 ], [ -100.422060432204262, 21.396706036707535 ], [ -100.421289607262281, 21.395924062347557 ], [ -100.420519462821559, 21.395266216407606 ], [ -100.419690359664671, 21.394608688663901 ], [ -100.418570013520238, 21.394614805903462 ], [ -100.417448104343478, 21.39433127279311 ], [ -100.41667932264869, 21.393921673079745 ], [ -100.416380037966135, 21.393095726731552 ], [ -100.416906039846154, 21.392223908279767 ], [ -100.417492562179646, 21.391641410097396 ], [ -100.41686839743339, 21.390067413278551 ], [ -100.416137289411097, 21.389846011836472 ], [ -100.415406183410198, 21.38962460707862 ], [ -100.414915862221235, 21.389173590933819 ], [ -100.414632069583675, 21.388718031815127 ], [ -100.413731231430816, 21.387271934928634 ], [ -100.411188646337038, 21.385654791651643 ], [ -100.410980307918564, 21.384200050196366 ], [ -100.410771101877316, 21.382654284436367 ], [ -100.410462973194015, 21.380927287793551 ], [ -100.409969208806913, 21.380112159777052 ], [ -100.408693636739585, 21.378848441164521 ], [ -100.406732599373001, 21.377044273632741 ], [ -100.406434099532945, 21.376318527208642 ], [ -100.40661019570976, 21.374405397801894 ], [ -100.406253415768688, 21.374194768382399 ], [ -100.405241869126328, 21.373597581755632 ], [ -100.403596029600763, 21.373054623710782 ], [ -100.402707952527109, 21.37235593733546 ], [ -100.40205636635811, 21.371780117862809 ], [ -100.401406749572544, 21.371576696952175 ], [ -100.400521307544906, 21.371374533217029 ], [ -100.39946052161757, 21.371462954123981 ], [ -100.398398864350781, 21.371385856455447 ], [ -100.397925906381474, 21.371140101127494 ], [ -100.396983250073902, 21.371269256348342 ], [ -100.39598206840887, 21.371481475733816 ], [ -100.395216278402927, 21.37160968118771 ], [ -100.394741377032659, 21.370991514223633 ], [ -100.394325219958603, 21.370331654897672 ], [ -100.394083557564429, 21.369215697825194 ], [ -100.393902799709181, 21.368471830233087 ], [ -100.393308060394659, 21.36748188032189 ], [ -100.392773578757357, 21.366739884294489 ], [ -100.392258655616885, 21.366317322712469 ], [ -100.392122270816742, 21.366205400501336 ], [ -100.392077030882461, 21.36600908832958 ], [ -100.391941311896318, 21.365420151675004 ], [ -100.391878909986374, 21.364758413447454 ], [ -100.392050385530453, 21.363723025047005 ], [ -100.393588599684136, 21.363696363687101 ], [ -100.39509312975828, 21.365432621672237 ], [ -100.39530902388546, 21.365373802689895 ], [ -100.395524917824346, 21.365314983438719 ], [ -100.396034745366819, 21.364867219807085 ], [ -100.396342264745442, 21.364484498295131 ], [ -100.396553771997375, 21.363963181637097 ], [ -100.396993433499432, 21.363249884416732 ], [ -100.397635152317946, 21.362446199290119 ], [ -100.3985054963034, 21.361501214322903 ], [ -100.399067362993961, 21.360837582761249 ], [ -100.399787571544366, 21.359754449488889 ], [ -100.400145685166095, 21.35900380844641 ], [ -100.400545338216389, 21.358354197226046 ], [ -100.401739714212354, 21.356576501230421 ], [ -100.401812511007137, 21.356468149704011 ], [ -100.402184253874012, 21.355730063227309 ], [ -100.402650555584685, 21.354978514141184 ], [ -100.40334269356967, 21.353794224985517 ], [ -100.403912544075951, 21.353281338763789 ], [ -100.404186812751504, 21.353023173971394 ], [ -100.40441869537807, 21.352842798100585 ], [ -100.405353408850857, 21.352498305592295 ], [ -100.407184057998663, 21.352342806164845 ], [ -100.408651314505477, 21.350883095631978 ], [ -100.408738404916761, 21.35079645185268 ], [ -100.409570092845726, 21.350067164614565 ], [ -100.411089820194078, 21.347735411250053 ], [ -100.411711060791717, 21.346983531233661 ], [ -100.41259459829547, 21.34685462082064 ], [ -100.413540619684241, 21.347387432505286 ], [ -100.41466260259304, 21.347753769167884 ], [ -100.415898712902461, 21.347416035760787 ], [ -100.41713459481312, 21.347036915767006 ], [ -100.418373140468574, 21.347154320232917 ], [ -100.419672863417816, 21.347685171798375 ], [ -100.419921565670435, 21.347718706799085 ], [ -100.420170268013365, 21.347752241425017 ], [ -100.420262777381353, 21.347764715141349 ], [ -100.4203545445326, 21.348384899076809 ], [ -100.420446312618495, 21.349005082874626 ], [ -100.420686343502382, 21.349789973693344 ], [ -100.421339682883712, 21.350696745258126 ], [ -100.421934976778374, 21.351769346476189 ], [ -100.423472563545801, 21.352671276087552 ], [ -100.425011515872413, 21.353821456208831 ], [ -100.426108033062619, 21.3549119813865 ], [ -100.427204566544901, 21.356002498358006 ], [ -100.433347953631596, 21.358451884239809 ], [ -100.437543822298707, 21.360124608666172 ], [ -100.445037766688401, 21.361365523616943 ], [ -100.446099357030775, 21.361442328969552 ], [ -100.447279775143883, 21.361683974175286 ], [ -100.448342524336567, 21.361967651059782 ], [ -100.449406435056716, 21.362458206781703 ], [ -100.450646281215057, 21.362782249897556 ], [ -100.451884274087107, 21.362775266604391 ], [ -100.452824948434952, 21.362314791758216 ], [ -100.453587598170472, 21.361648426580253 ], [ -100.454997772142661, 21.360812879357059 ], [ -100.455702153069979, 21.360270970427059 ], [ -100.456525364195741, 21.359893898415567 ], [ -100.460775447893511, 21.362586243151135 ], [ -100.460793318479134, 21.362599699239162 ], [ -100.461376938804847, 21.362969686549281 ], [ -100.464793785236708, 21.362536389438489 ], [ -100.46680263166823, 21.363311070123483 ], [ -100.469692457477947, 21.363501367002311 ], [ -100.471653805092629, 21.366262410901886 ], [ -100.472768669949872, 21.365345663184801 ], [ -100.473710479468437, 21.365091957831325 ], [ -100.474595004006801, 21.365128225119733 ], [ -100.475241569229851, 21.364793461662298 ], [ -100.47547188283734, 21.363840433465786 ], [ -100.475876419156663, 21.362431237893023 ], [ -100.47593106822579, 21.361686116124108 ], [ -100.476279035877255, 21.360691027971846 ], [ -100.476863517561128, 21.359818703682919 ], [ -100.477802888962714, 21.359151210843223 ], [ -100.47862650973768, 21.358856787333327 ], [ -100.4801009741185, 21.358972359415866 ], [ -100.481576161577649, 21.359212048250399 ], [ -100.482936826233484, 21.360031683249293 ], [ -100.481974394236289, 21.366864658064962 ], [ -100.481918330870258, 21.367361520296466 ], [ -100.481685407324051, 21.367859412608507 ], [ -100.481042694617045, 21.368856225948974 ], [ -100.481400749367992, 21.369598944985846 ], [ -100.481580741210095, 21.370135810357297 ], [ -100.481644751962634, 21.371004374687814 ], [ -100.481355756506304, 21.371999128789348 ], [ -100.481065072855046, 21.372704246613292 ], [ -100.480443431346671, 21.407713555623943 ], [ -100.484669767989573, 21.414433429794922 ], [ -100.483661431870871, 21.413446268299229 ], [ -100.482355109747814, 21.411922930693123 ], [ -100.480277134912029, 21.409535148427398 ], [ -100.479151404722089, 21.408631395932701 ], [ -100.478260843992373, 21.407602133610176 ], [ -100.476840055787335, 21.406658702252852 ], [ -100.475483049497029, 21.406542445529247 ], [ -100.473713740478217, 21.406511321227352 ], [ -100.471708554844838, 21.406481541252973 ], [ -100.470528458605941, 21.40636422181646 ], [ -100.469704559221185, 21.406658620195667 ], [ -100.468411517686036, 21.407410874679037 ], [ -100.467175295103104, 21.407790391049915 ], [ -100.466292647517193, 21.408126489242754 ], [ -100.464995547607785, 21.40817531569153 ], [ -100.463580033375194, 21.4081420546093 ], [ -100.461395079656469, 21.407616645218727 ], [ -100.460093270891889, 21.406837898439537 ], [ -100.458437895312414, 21.406102534115991 ], [ -100.456251580362817, 21.405328793767559 ], [ -100.455483578930455, 21.405084889280587 ], [ -100.454598577700168, 21.405007157950919 ], [ -100.453184258057377, 21.405180691586132 ], [ -100.452124448360635, 21.405476341720728 ], [ -100.450947161170916, 21.405855406074924 ], [ -100.44953468686856, 21.4063599251472 ], [ -100.447534591574893, 21.40724014890904 ], [ -100.448068570204512, 21.407816435471542 ], [ -100.44854381490515, 21.40843442963531 ], [ -100.448960093043297, 21.409052754968094 ], [ -100.449614583925936, 21.41008351637727 ], [ -100.449913626957738, 21.410826635505128 ], [ -100.450214069831546, 21.411818015309922 ], [ -100.45045391505964, 21.412520089340489 ], [ -100.450575352428416, 21.413140075974347 ], [ -100.450815201916683, 21.413842149160519 ], [ -100.450936409220873, 21.414420758407832 ], [ -100.450939904703816, 21.415041411611913 ], [ -100.450589793837409, 21.415705443026464 ], [ -100.449766262401155, 21.416082502065148 ], [ -100.44882408189379, 21.416336092386679 ], [ -100.447940871512472, 21.416589345005836 ], [ -100.449156401945174, 21.42299610653227 ], [ -100.449336821892388, 21.423615759946991 ], [ -100.449576918754374, 21.424359210281153 ], [ -100.449877625919569, 21.425391964549036 ], [ -100.450414947432876, 21.426547513846298 ], [ -100.45088840119891, 21.426834481457171 ], [ -100.45046438838844, 21.435319397556945 ], [ -100.448041746559667, 21.439665075580649 ], [ -100.447146335603492, 21.441271172913652 ], [ -100.444992388889901, 21.445378730740998 ], [ -100.444471045587832, 21.446372891504833 ], [ -100.444153585676375, 21.446961855163327 ], [ -100.443909008533623, 21.44741560052303 ], [ -100.443578898547997, 21.448142207663526 ], [ -100.443340879021676, 21.448636025011947 ], [ -100.436547790258501, 21.4609962350195 ], [ -100.434899145959449, 21.461418136680805 ], [ -100.434486588863024, 21.461461601444913 ], [ -100.433955557227264, 21.461422994544286 ], [ -100.433600660657774, 21.461259459631489 ], [ -100.433009343054565, 21.461014458879198 ], [ -100.432476739060178, 21.460727814182412 ], [ -100.431885163114188, 21.460441470372157 ], [ -100.431235925439822, 21.46036212108385 ], [ -100.430705421681182, 21.460406181314173 ], [ -100.430353148223929, 21.460656027848575 ], [ -100.429460204043465, 21.461859999901257 ], [ -100.429183600400634, 21.462232944606633 ], [ -100.428593330257897, 21.46215328363952 ], [ -100.428003321736398, 21.462114959455043 ], [ -100.427473331964507, 21.462241687649573 ], [ -100.426885148715044, 21.462492731962925 ], [ -100.4261808375595, 21.463033748341125 ], [ -100.425715027614856, 21.463986949147319 ], [ -100.425477823277518, 21.463781456699866 ] ] ] ] } },
{ "type": "Feature", "properties": { "ID": 25, "ENTIDAD": 11, "MUNICIPIO": 33, "NOMBRE": "SAN LUIS DE LA PAZ", "CONTROL": 46, "GEOMETRY1_": null, "ID_2": 2533, "ENTIDAD_2": 11, "DISTRITO_F": 1, "DISTRITO_L": 2, "MUNICIPIO_2": 33, "SECCION": 2576, "TIPO": 4, "CONTROL_2": 389, "GEOMETRY1__2": null }, "geometry": { "type": "MultiPolygon", "coordinates": [ [ [ [ -100.348255177395785, 21.397795013143782 ], [ -100.34860694803092, 21.397542930484736 ], [ -100.349429911232875, 21.397120277067764 ], [ -100.349902189035646, 21.397032476758341 ], [ -100.350960740161469, 21.396524530046783 ], [ -100.351664264427583, 21.396020353426184 ], [ -100.352014938414058, 21.395685493120219 ], [ -100.352541489693778, 21.395224586898966 ], [ -100.353008868319876, 21.394764308972508 ], [ -100.353359536250949, 21.394429446124935 ], [ -100.353473526359423, 21.394097102534914 ], [ -100.354111880757927, 21.393138306398676 ], [ -100.354277968390647, 21.392267321206742 ], [ -100.354693777987194, 21.392387065778468 ], [ -100.354748323590911, 21.392034659073172 ], [ -100.354802868983072, 21.391682252349593 ], [ -100.354855510648619, 21.39118499650726 ], [ -100.355203446352817, 21.390643203064627 ], [ -100.35572888176344, 21.390099517148965 ], [ -100.356369926383124, 21.389347640877311 ], [ -100.357186286957088, 21.388428327420986 ], [ -100.357944560442249, 21.387592412657892 ], [ -100.358407540258938, 21.38680103812915 ], [ -100.358696832101188, 21.386301255320429 ], [ -100.359100093702892, 21.385469125368601 ], [ -100.359969584685246, 21.384093928849587 ], [ -100.360726184703978, 21.383133846935184 ], [ -100.361599466435933, 21.382048340825246 ], [ -100.36200597498943, 21.381464517237323 ], [ -100.362294153358036, 21.380881958372999 ], [ -100.36234676790221, 21.380384701106852 ], [ -100.362519891553276, 21.380051719703076 ], [ -100.362282693093974, 21.380012865475621 ], [ -100.36204222086603, 21.379725698604723 ], [ -100.36189240360433, 21.379582431319339 ], [ -100.361742586634762, 21.37943916388231 ], [ -100.36108306822625, 21.378783954112762 ], [ -100.360541880633804, 21.37812747724729 ], [ -100.360059860150784, 21.37747036643205 ], [ -100.359575664516257, 21.376647712176695 ], [ -100.359565856740616, 21.375902774141387 ], [ -100.359677641185399, 21.375404885330266 ], [ -100.35996581860249, 21.374822330198263 ], [ -100.360024434774871, 21.374780312924717 ], [ -100.359847496305562, 21.374823593791721 ], [ -100.359638252813241, 21.374660263068606 ], [ -100.359429009780513, 21.374496932056694 ], [ -100.359010525093765, 21.37417026916668 ], [ -100.358708730071285, 21.37371818603107 ], [ -100.358109500916783, 21.373145101680429 ], [ -100.357096154250328, 21.372576430723246 ], [ -100.356323806652227, 21.372336315676304 ], [ -100.355434771935805, 21.372221613925866 ], [ -100.354784009429082, 21.372228544485605 ], [ -100.35395522271503, 21.372195975983242 ], [ -100.353888457802952, 21.371617207617355 ], [ -100.353822779858916, 21.371121210311834 ], [ -100.353932408613574, 21.370457781903934 ], [ -100.354275414144652, 21.369543521313066 ], [ -100.354345391319526, 21.369417499628479 ], [ -100.35473782002677, 21.36871077164945 ], [ -100.355265901330895, 21.368374017692027 ], [ -100.356032245402957, 21.36815889786299 ], [ -100.356679182327554, 21.367862264634638 ], [ -100.357499782641568, 21.367274038049931 ], [ -100.358085921646961, 21.36685387393559 ], [ -100.358548297814508, 21.366021115104573 ], [ -100.359131706185323, 21.365394020150159 ], [ -100.359950648584189, 21.364681626165442 ], [ -100.360420091021268, 21.364386874302969 ], [ -100.361174414243152, 21.363261251785421 ], [ -100.361763252782822, 21.36304800341458 ], [ -100.362293478600563, 21.362876770919534 ], [ -100.362170258089137, 21.362505566442668 ], [ -100.362401974207401, 21.362130567769473 ], [ -100.362632598315528, 21.361672797896407 ], [ -100.362977168128424, 21.360882678938378 ], [ -100.363140995766727, 21.359846144585159 ], [ -100.363126812118736, 21.358770122465202 ], [ -100.363587499467116, 21.357813195443129 ], [ -100.36393587620428, 21.357312773162707 ], [ -100.364110063707557, 21.357062561787998 ], [ -100.364284250633972, 21.356812350256821 ], [ -100.366361796102979, 21.355208563469034 ], [ -100.367477072671008, 21.35425110383482 ], [ -100.368479651057442, 21.354328708114444 ], [ -100.369659291176362, 21.354446773878482 ], [ -100.370427742377018, 21.354856609270502 ], [ -100.371491371685693, 21.355347676352466 ], [ -100.372376685595611, 21.355550001006431 ], [ -100.373555916729401, 21.355585281734154 ], [ -100.374499133358043, 21.355580397565152 ], [ -100.374850313567933, 21.355082023212884 ], [ -100.375495612521831, 21.354457984374733 ], [ -100.376139851890017, 21.353627051112472 ], [ -100.377137994346, 21.352835656734992 ], [ -100.377463063318629, 21.352999485492557 ], [ -100.377788132986623, 21.353163313578619 ], [ -100.378850078736733, 21.353323306299664 ], [ -100.379441696361454, 21.353734020072046 ], [ -100.379562349988944, 21.354271324743117 ], [ -100.379389310413799, 21.355017057031581 ], [ -100.379919442707177, 21.354931535277341 ], [ -100.380440376855219, 21.3545540394082 ], [ -100.381096332829244, 21.354511601318968 ], [ -100.381163333938559, 21.354123848870209 ], [ -100.381239463633989, 21.353683264896052 ], [ -100.381382593108896, 21.352854928358749 ], [ -100.381852279563915, 21.352480060278683 ], [ -100.382263439184598, 21.352188255775882 ], [ -100.382498811955628, 21.352104266613392 ], [ -100.382552659312779, 21.351110878199108 ], [ -100.383085115256947, 21.351480508979414 ], [ -100.383204928554335, 21.351852297228177 ], [ -100.383442002917732, 21.352099333419432 ], [ -100.383971908683648, 21.351972421216523 ], [ -100.384440732970404, 21.351432033112285 ], [ -100.385438600279983, 21.350599214101674 ], [ -100.386320268292565, 21.350098034948942 ], [ -100.387497313584106, 21.349719437241749 ], [ -100.388617760933883, 21.349796302639049 ], [ -100.389739711008176, 21.35016280812372 ], [ -100.391624341350564, 21.349821830852765 ], [ -100.394155448903348, 21.349104996543396 ], [ -100.394627112616504, 21.348969867420234 ], [ -100.397098513170462, 21.348261799099966 ], [ -100.399747891733213, 21.347627013038718 ], [ -100.40163180627701, 21.34716179223668 ], [ -100.403336247467962, 21.346200960803948 ], [ -100.404866670791108, 21.345778974887544 ], [ -100.405511140455005, 21.345030695196026 ], [ -100.406213673061018, 21.344116585081444 ], [ -100.406860759912249, 21.343864836593564 ], [ -100.408044721845471, 21.344810194848911 ], [ -100.409052079927349, 21.345797873857578 ], [ -100.409587438059248, 21.346705331192105 ], [ -100.410357709711192, 21.34744600357007 ], [ -100.411711060791717, 21.346983531233661 ], [ -100.411089820194078, 21.347735411250053 ], [ -100.409570092845726, 21.350067164614565 ], [ -100.408738404916761, 21.35079645185268 ], [ -100.408651314505477, 21.350883095631978 ], [ -100.407184057998663, 21.352342806164845 ], [ -100.405353408850857, 21.352498305592295 ], [ -100.40441869537807, 21.352842798100585 ], [ -100.404186812751504, 21.353023173971394 ], [ -100.403912544075951, 21.353281338763789 ], [ -100.40334269356967, 21.353794224985517 ], [ -100.402650555584685, 21.354978514141184 ], [ -100.402184253874012, 21.355730063227309 ], [ -100.401812511007137, 21.356468149704011 ], [ -100.401739714212354, 21.356576501230421 ], [ -100.400545338216389, 21.358354197226046 ], [ -100.400145685166095, 21.35900380844641 ], [ -100.399787571544366, 21.359754449488889 ], [ -100.399067362993961, 21.360837582761249 ], [ -100.3985054963034, 21.361501214322903 ], [ -100.397635152317946, 21.362446199290119 ], [ -100.396993433499432, 21.363249884416732 ], [ -100.396553771997375, 21.363963181637097 ], [ -100.396342264745442, 21.364484498295131 ], [ -100.396034745366819, 21.364867219807085 ], [ -100.395524917824346, 21.365314983438719 ], [ -100.39530902388546, 21.365373802689895 ], [ -100.39509312975828, 21.365432621672237 ], [ -100.393588599684136, 21.363696363687101 ], [ -100.392050385530453, 21.363723025047005 ], [ -100.391878909986374, 21.364758413447454 ], [ -100.391941311896318, 21.365420151675004 ], [ -100.392077030882461, 21.36600908832958 ], [ -100.392122270816742, 21.366205400501336 ], [ -100.392258655616885, 21.366317322712469 ], [ -100.392773578757357, 21.366739884294489 ], [ -100.393308060394659, 21.36748188032189 ], [ -100.393902799709181, 21.368471830233087 ], [ -100.394083557564429, 21.369215697825194 ], [ -100.394325219958603, 21.370331654897672 ], [ -100.394741377032659, 21.370991514223633 ], [ -100.395216278402927, 21.37160968118771 ], [ -100.39598206840887, 21.371481475733816 ], [ -100.396983250073902, 21.371269256348342 ], [ -100.397925906381474, 21.371140101127494 ], [ -100.398398864350781, 21.371385856455447 ], [ -100.39946052161757, 21.371462954123981 ], [ -100.400521307544906, 21.371374533217029 ], [ -100.401406749572544, 21.371576696952175 ], [ -100.40205636635811, 21.371780117862809 ], [ -100.402707952527109, 21.37235593733546 ], [ -100.403596029600763, 21.373054623710782 ], [ -100.405241869126328, 21.373597581755632 ], [ -100.406253415768688, 21.374194768382399 ], [ -100.40661019570976, 21.374405397801894 ], [ -100.406434099532945, 21.376318527208642 ], [ -100.406732599373001, 21.377044273632741 ], [ -100.408693636739585, 21.378848441164521 ], [ -100.409969208806913, 21.380112159777052 ], [ -100.410462973194015, 21.380927287793551 ], [ -100.410771101877316, 21.382654284436367 ], [ -100.410980307918564, 21.384200050196366 ], [ -100.411188646337038, 21.385654791651643 ], [ -100.413731231430816, 21.387271934928634 ], [ -100.414632069583675, 21.388718031815127 ], [ -100.414915862221235, 21.389173590933819 ], [ -100.415406183410198, 21.38962460707862 ], [ -100.416137289411097, 21.389846011836472 ], [ -100.41686839743339, 21.390067413278551 ], [ -100.417492562179646, 21.391641410097396 ], [ -100.416906039846154, 21.392223908279767 ], [ -100.416380037966135, 21.393095726731552 ], [ -100.41667932264869, 21.393921673079745 ], [ -100.417448104343478, 21.39433127279311 ], [ -100.418570013520238, 21.394614805903462 ], [ -100.419690359664671, 21.394608688663901 ], [ -100.420519462821559, 21.395266216407606 ], [ -100.421289607262281, 21.395924062347557 ], [ -100.422060432204262, 21.396706036707535 ], [ -100.423360840519749, 21.397278209037239 ], [ -100.424250743096181, 21.398266412205466 ], [ -100.424373406963497, 21.399134690183971 ], [ -100.424438006119672, 21.400168801487798 ], [ -100.424268536331667, 21.401535227636685 ], [ -100.423922383005987, 21.402944002557433 ], [ -100.423518154908578, 21.404518610236547 ], [ -100.423347098444353, 21.405595393738913 ], [ -100.42323456014033, 21.406589098620024 ], [ -100.423181891736633, 21.407747989297192 ], [ -100.423780835011371, 21.409441223921068 ], [ -100.424137142746957, 21.409894431009761 ], [ -100.424494775440763, 21.410219880951395 ], [ -100.424789213873552, 21.410511525353826 ], [ -100.426088627250564, 21.410876781581731 ], [ -100.426041179479341, 21.412987349748022 ], [ -100.427158720330496, 21.4124432699187 ], [ -100.427513913914581, 21.412689582218846 ], [ -100.427218944105945, 21.414707480484825 ], [ -100.427212383300642, 21.414752362669837 ], [ -100.427048658393545, 21.415872390592916 ], [ -100.426965396649351, 21.416441971760026 ], [ -100.426910846021229, 21.416815142557947 ], [ -100.426718384217551, 21.41819731454704 ], [ -100.427898561004497, 21.418314939082055 ], [ -100.428900906869131, 21.418268024105853 ], [ -100.429220442034037, 21.418402944655938 ], [ -100.429964952877668, 21.418717303554192 ], [ -100.431208888855494, 21.419703499241102 ], [ -100.432332838782941, 21.420317944507104 ], [ -100.433395996327548, 21.420601692013754 ], [ -100.434282915710781, 21.421010547668526 ], [ -100.4351097203417, 21.421212840916755 ], [ -100.436112538842508, 21.42124863602659 ], [ -100.437410236662402, 21.421282780424363 ], [ -100.437659906588124, 21.423764088597657 ], [ -100.438380031803959, 21.425994498099691 ], [ -100.440161564884875, 21.428177587037478 ], [ -100.440881753375294, 21.430407981292021 ], [ -100.440057423034503, 21.430660867020581 ], [ -100.43940956839576, 21.430830005208428 ], [ -100.438407144377805, 21.430876987635472 ], [ -100.437874489975414, 21.430548936562403 ], [ -100.43760949564664, 21.43015097524998 ], [ -100.437517628408287, 21.430013010877662 ], [ -100.437219060291881, 21.429352624022453 ], [ -100.437038223278392, 21.428650201376691 ], [ -100.436562954018015, 21.428032176963125 ], [ -100.435911211928968, 21.42749789097244 ], [ -100.4352606188354, 21.427170487597937 ], [ -100.436092958318355, 21.428365823591484 ], [ -100.436454624485805, 21.429770671167912 ], [ -100.436278603460622, 21.429937165837604 ], [ -100.435453350444803, 21.430024520919165 ], [ -100.434509679869791, 21.430029774180174 ], [ -100.434271018574194, 21.429534561535846 ], [ -100.433855650355113, 21.429081709361224 ], [ -100.433086867923677, 21.428713576382787 ], [ -100.432377067983239, 21.428345112279224 ], [ -100.432319457519469, 21.428593702446186 ], [ -100.432143660865123, 21.428801570109158 ], [ -100.430727937067573, 21.428768042214202 ], [ -100.430667364899634, 21.428478728876712 ], [ -100.430547131573462, 21.428065610733317 ], [ -100.430248598550463, 21.427405209324142 ], [ -100.430133825544985, 21.427985142939701 ], [ -100.430137009661948, 21.428564423349997 ], [ -100.429904959405036, 21.429269141484347 ], [ -100.429728249044942, 21.429311498136702 ], [ -100.429374827985541, 21.429396210898197 ], [ -100.429140728241137, 21.4297285335551 ], [ -100.429201752523923, 21.430100601900879 ], [ -100.429441307366986, 21.430761331332192 ], [ -100.429268458290181, 21.431507099535544 ], [ -100.428860594497962, 21.432419681346129 ], [ -100.428394199119765, 21.433415342795797 ], [ -100.427986325204088, 21.434327922872345 ], [ -100.427341839394529, 21.435117673767305 ], [ -100.42652040081795, 21.435908399027426 ], [ -100.425757935720938, 21.436698795456756 ], [ -100.424818288367646, 21.437448786418685 ], [ -100.424761792872062, 21.43790426071984 ], [ -100.424942133832488, 21.438523944095163 ], [ -100.426100242273264, 21.440875752163212 ], [ -100.423226456858188, 21.44337078309562 ], [ -100.420936822373662, 21.444994664021529 ], [ -100.419471664768025, 21.446448989436242 ], [ -100.418886626594585, 21.447196072921038 ], [ -100.41812235237893, 21.447571995143349 ], [ -100.416709927068283, 21.448033861441559 ], [ -100.415708477488678, 21.448204265407274 ], [ -100.414238866443711, 21.448955782698146 ], [ -100.413299457261331, 21.449621947078494 ], [ -100.412417470868363, 21.450039775632074 ], [ -100.412064033890033, 21.450103557737396 ], [ -100.411887315268658, 21.450135448516257 ], [ -100.411710596559118, 21.450167339112443 ], [ -100.411061666829923, 21.450129247544918 ], [ -100.410529398195678, 21.449883867295366 ], [ -100.40976099492822, 21.449598324776019 ], [ -100.409176660297376, 21.450469395287737 ], [ -100.408886151215029, 21.451173635234031 ], [ -100.408713070749457, 21.451794607567415 ], [ -100.408538200972359, 21.452126204770344 ], [ -100.40830410375014, 21.452416756752548 ], [ -100.408010268324048, 21.452583584695954 ], [ -100.407303376886148, 21.452711130396953 ], [ -100.406596993823484, 21.452921351803614 ], [ -100.406009316070296, 21.453255001513529 ], [ -100.405539324647023, 21.453546723487921 ], [ -100.405128557761302, 21.453879490459418 ], [ -100.404537566308463, 21.45367572389971 ], [ -100.404122475071333, 21.45330571956687 ], [ -100.403765849360809, 21.452852742741133 ], [ -100.403526406679276, 21.452275161900534 ], [ -100.403167754217151, 21.451491468489042 ], [ -100.402809613370195, 21.450790452804828 ], [ -100.402452744470608, 21.450296133095598 ], [ -100.402273550090328, 21.449924954692037 ], [ -100.402037161175699, 21.449843443822854 ], [ -100.401274345622539, 21.450467328572419 ], [ -100.400804858978731, 21.450841716207069 ], [ -100.399922572761568, 21.451218141735403 ], [ -100.397923867573837, 21.452261518090637 ], [ -100.397275685549189, 21.452347391779355 ], [ -100.396803913144311, 21.452349713663473 ], [ -100.396391868229458, 21.452475762686902 ], [ -100.395804166741371, 21.452809377725817 ], [ -100.395273924190676, 21.452894664185234 ], [ -100.394861121467073, 21.452896691051382 ], [ -100.394390604102043, 21.453105703819656 ], [ -100.393801387424219, 21.453191275020576 ], [ -100.39321191880687, 21.453235504644326 ], [ -100.392857333714161, 21.45311321907154 ], [ -100.392619940144414, 21.45286633672271 ], [ -100.392029719858044, 21.452786543453747 ], [ -100.391321305846958, 21.452665984991434 ], [ -100.391655335546488, 21.449398428853378 ], [ -100.391882945532672, 21.448033069376411 ], [ -100.392350943317624, 21.447410668428819 ], [ -100.392457848091311, 21.445591149763377 ], [ -100.391688495701928, 21.445140162541566 ], [ -100.391451368207541, 21.444934617107791 ], [ -100.391213490179084, 21.444605052456847 ], [ -100.391387891471012, 21.444190792204754 ], [ -100.39167697170852, 21.443238540579369 ], [ -100.391145258106206, 21.443075774575018 ], [ -100.390486354338549, 21.441384015703886 ], [ -100.390218000869993, 21.440889234318995 ], [ -100.389949649288383, 21.440394452377372 ], [ -100.389472917549099, 21.439569958218875 ], [ -100.389883434357685, 21.439195889719905 ], [ -100.39029419909734, 21.438863159968264 ], [ -100.390705212096137, 21.43857176894824 ], [ -100.390821143070966, 21.438240476295544 ], [ -100.390995789246205, 21.437867556146905 ], [ -100.390933821148323, 21.437371768096796 ], [ -100.390636992003522, 21.437042489350013 ], [ -100.390282198720755, 21.436878856186087 ], [ -100.389632578998757, 21.436716658909614 ], [ -100.389276788729973, 21.436387664763199 ], [ -100.388624677045058, 21.435812066406996 ], [ -100.388150462542342, 21.435400963937695 ], [ -100.387147061886552, 21.43524047651805 ], [ -100.385025069625797, 21.435374791952352 ], [ -100.384611072702853, 21.435170092028283 ], [ -100.384255297000962, 21.434841086337432 ], [ -100.383899274749723, 21.434470740006361 ], [ -100.383661679515441, 21.434182502178107 ], [ -100.383423093241419, 21.433728904765864 ], [ -100.383242233051092, 21.433068322946106 ], [ -100.382826510392988, 21.432574239389066 ], [ -100.382647141056779, 21.432161695524492 ], [ -100.381820410454552, 21.431958980499864 ], [ -100.381290973762205, 21.432168238740626 ], [ -100.381115318903852, 21.432375790607281 ], [ -100.380880699566802, 21.432583626435136 ], [ -100.38058587960181, 21.43258504674289 ], [ -100.380231601446511, 21.432504070715062 ], [ -100.379935299640294, 21.432257450700948 ], [ -100.379519096362486, 21.431680678417983 ], [ -100.379220329780466, 21.4310206581731 ], [ -100.378922306029338, 21.430484656864362 ], [ -100.378743443543698, 21.430154787773901 ], [ -100.378447149062424, 21.429908164669182 ], [ -100.378033176208149, 21.429703447022785 ], [ -100.377501771302946, 21.429581973873226 ], [ -100.377118266521009, 21.42954247209536 ], [ -100.376734761892365, 21.429502969427599 ], [ -100.376786835730769, 21.428345168766622 ], [ -100.374380367687124, 21.427326764136414 ], [ -100.37470829940726, 21.425131878960851 ], [ -100.374943112123049, 21.424799019952012 ], [ -100.375473364885735, 21.424547288999843 ], [ -100.376298252381247, 21.424169515546463 ], [ -100.377006215785315, 21.424082469797824 ], [ -100.377831902931447, 21.423911856804786 ], [ -100.378244745695866, 21.423826548818834 ], [ -100.378598564340635, 21.423741588748008 ], [ -100.37883320427656, 21.423367291300966 ], [ -100.378948988424284, 21.42278652401307 ], [ -100.379005263978755, 21.422081805097974 ], [ -100.379002031767527, 21.421253134547026 ], [ -100.379117652461801, 21.42063093359484 ], [ -100.379056367723521, 21.420051213134194 ], [ -100.379113288917992, 21.419512228190221 ], [ -100.379288576398451, 21.419055412253488 ], [ -100.379404356371538, 21.41847464464001 ], [ -100.379520620628867, 21.418018177568392 ], [ -100.379696067048386, 21.417602794826525 ], [ -100.379812329862531, 21.417146327592253 ], [ -100.378927662188175, 21.417317297200334 ], [ -100.378277785886198, 21.417155399325242 ], [ -100.377391827289316, 21.416994892323011 ], [ -100.376388793354849, 21.417083678064497 ], [ -100.375444778860881, 21.417172110228563 ], [ -100.374913589645317, 21.417175238191941 ], [ -100.373969573169248, 21.417263662119559 ], [ -100.373202618668799, 21.417351040302766 ], [ -100.3724945245432, 21.41739663476784 ], [ -100.371844653450438, 21.417234711570909 ], [ -100.371018038953309, 21.417156691472748 ], [ -100.370662798020405, 21.416868731820053 ], [ -100.370249173762147, 21.416746851912752 ], [ -100.369599307532923, 21.416584919705326 ], [ -100.368949918631799, 21.416547286040036 ], [ -100.368537406409345, 21.416715437817839 ], [ -100.368125368557344, 21.417007889802843 ], [ -100.367713170693037, 21.417258907121571 ], [ -100.367241950036231, 21.417510268266785 ], [ -100.366534009777951, 21.417597271418018 ], [ -100.365884458613237, 21.417518192310801 ], [ -100.365234907997618, 21.417439110646505 ], [ -100.364939801140423, 21.41744083065727 ], [ -100.364584728081169, 21.4171942913039 ], [ -100.364406719768724, 21.416946719965232 ], [ -100.364051806082728, 21.41674161314786 ], [ -100.363580265793175, 21.416910096656586 ], [ -100.363168059745064, 21.417161103191443 ], [ -100.362519923460681, 21.417454915146646 ], [ -100.362167205885314, 21.417829877714382 ], [ -100.361460042761763, 21.418124028786224 ], [ -100.36098833824768, 21.418251071532104 ], [ -100.360399058035554, 21.418503099297283 ], [ -100.359692199979094, 21.41888011094159 ], [ -100.359162092966542, 21.419173226296824 ], [ -100.359044204481364, 21.419215344017886 ], [ -100.358926315924236, 21.419257461659331 ], [ -100.35856953388712, 21.418555136750392 ], [ -100.358508486941943, 21.418016838132701 ], [ -100.358624972545684, 21.417601815971679 ], [ -100.358622947379885, 21.4170631755979 ], [ -100.358561278197726, 21.416359141363049 ], [ -100.358559409294841, 21.41586193478069 ], [ -100.358498052683856, 21.415240768156028 ], [ -100.358496184238007, 21.414743561496355 ], [ -100.358434984316958, 21.414163828622371 ], [ -100.358373785015985, 21.413584095661488 ], [ -100.358430470183364, 21.412962245630272 ], [ -100.358134127017422, 21.41263248194252 ], [ -100.357837474258346, 21.412219849823281 ], [ -100.357482425361695, 21.411973293962408 ], [ -100.357245416163053, 21.411726055083722 ], [ -100.356830884748092, 21.411355537019311 ], [ -100.35665289667817, 21.411107956204191 ], [ -100.356710984938843, 21.410859011680355 ], [ -100.356768607618932, 21.410485765327671 ], [ -100.356944577663285, 21.410194704912925 ], [ -100.357062149334254, 21.410069721107469 ], [ -100.357061373293959, 21.409862551429836 ], [ -100.356765815321012, 21.409739954416846 ], [ -100.356410464300339, 21.409410527904523 ], [ -100.356114597877337, 21.409205061751738 ], [ -100.355936304049123, 21.408874611995142 ], [ -100.355817183906396, 21.408585255418345 ], [ -100.35587527286124, 21.408336311089268 ], [ -100.356109950417093, 21.407962043032448 ], [ -100.356403644435474, 21.407587433970342 ], [ -100.356697957211253, 21.407378560273603 ], [ -100.356814906641603, 21.407087840896427 ], [ -100.356755113892532, 21.406881011979845 ], [ -100.356400390041017, 21.406717320817101 ], [ -100.356104529281652, 21.406511854294639 ], [ -100.355690480338893, 21.40626563417905 ], [ -100.355394312110889, 21.405977298329301 ], [ -100.354684872332896, 21.405649909020614 ], [ -100.35421181127937, 21.405404025044547 ], [ -100.353561855760063, 21.405200592795651 ], [ -100.352852885242839, 21.404997497365112 ], [ -100.352321120088789, 21.404834815243778 ], [ -100.352025575933254, 21.404712209054036 ], [ -100.351729725031603, 21.404506734222633 ], [ -100.351021833823538, 21.404593669119425 ], [ -100.348529854853041, 21.401003112234729 ], [ -100.347669974250522, 21.39829792049775 ], [ -100.348255177395785, 21.397795013143782 ] ] ] ] } },
{ "type": "Feature", "properties": { "ID": 25, "ENTIDAD": 11, "MUNICIPIO": 33, "NOMBRE": "SAN LUIS DE LA PAZ", "CONTROL": 46, "GEOMETRY1_": null, "ID_2": 2541, "ENTIDAD_2": 11, "DISTRITO_F": 1, "DISTRITO_L": 2, "MUNICIPIO_2": 33, "SECCION": 2584, "TIPO": 4, "CONTROL_2": 968, "GEOMETRY1__2": null }, "geometry": { "type": "MultiPolygon", "coordinates": [ [ [ [ -100.707841206646123, 21.272514193584151 ], [ -100.708918582471256, 21.273199044537424 ], [ -100.714179359836791, 21.276561850827456 ], [ -100.71518957409512, 21.277547179642539 ], [ -100.716321035094794, 21.27890401241579 ], [ -100.722467064397819, 21.285760369423777 ], [ -100.722606673180366, 21.285916102901798 ], [ -100.723041425169527, 21.2864010653592 ], [ -100.72483070234378, 21.28839694204251 ], [ -100.726584630692216, 21.293307829145238 ], [ -100.724883518091673, 21.294024786059087 ], [ -100.72488351814664, 21.294024786142494 ], [ -100.72488351806048, 21.294024786178813 ], [ -100.729603624946861, 21.301187010766558 ], [ -100.730200898800916, 21.302094057747098 ], [ -100.72877171119471, 21.30283933489374 ], [ -100.726332821560504, 21.304111096342346 ], [ -100.726214650445726, 21.304070645613258 ], [ -100.725683075606611, 21.3039093068117 ], [ -100.725328174578024, 21.303746571784245 ], [ -100.724917104118049, 21.303873968677426 ], [ -100.721997699743312, 21.304966375099699 ], [ -100.720397989816604, 21.305564939852275 ], [ -100.715878764156599, 21.307255796236582 ], [ -100.715878764168323, 21.307255796338666 ], [ -100.715878764126529, 21.307255796354305 ], [ -100.716263415571817, 21.310604911618668 ], [ -100.71150262855339, 21.311676789777913 ], [ -100.711502628558847, 21.311676789887127 ], [ -100.711502628523846, 21.311676789894999 ], [ -100.711719759386, 21.316020453458478 ], [ -100.71136885134888, 21.31605116175643 ], [ -100.707305801686729, 21.316406669187902 ], [ -100.706964327342732, 21.316436542879138 ], [ -100.703741776820408, 21.316718431364542 ], [ -100.702891812082697, 21.316792770533873 ], [ -100.702891812088936, 21.316792770647098 ], [ -100.702891812054204, 21.316792770650142 ], [ -100.703033344374163, 21.319357511227434 ], [ -100.702840426615239, 21.31982249025404 ], [ -100.701362408752615, 21.323384779994058 ], [ -100.698278609944296, 21.322987679150991 ], [ -100.697941961797426, 21.322949683956185 ], [ -100.6952292372562, 21.322604561517323 ], [ -100.692927599687962, 21.322125702964271 ], [ -100.692216249605565, 21.321634568509719 ], [ -100.691703654886354, 21.321686271962836 ], [ -100.685330907914405, 21.322328933778138 ], [ -100.68417832911301, 21.322445139763413 ], [ -100.678445480421942, 21.323023021149179 ], [ -100.67646366886278, 21.319123960681949 ], [ -100.671119428353492, 21.308608337177109 ], [ -100.670177917727074, 21.306755580598377 ], [ -100.66690525705566, 21.30031501993663 ], [ -100.665753849331097, 21.298048900156694 ], [ -100.664668292210933, 21.295815570007136 ], [ -100.661113856284217, 21.28841259884328 ], [ -100.66055935747417, 21.287260918886716 ], [ -100.660956608285019, 21.287196130592182 ], [ -100.661751108659061, 21.28706655125649 ], [ -100.662356568656023, 21.28704237935883 ], [ -100.66675781111968, 21.286866602175646 ], [ -100.68134231611738, 21.28711905877849 ], [ -100.695926775686829, 21.287370247993145 ], [ -100.699676032444586, 21.287434617057563 ], [ -100.698843755063578, 21.28321962197364 ], [ -100.699928522463793, 21.282880345672005 ], [ -100.704626946541666, 21.281519633491538 ], [ -100.703180144301044, 21.277889004431888 ], [ -100.707841206599809, 21.272514193548016 ], [ -100.707841206646123, 21.272514193584151 ] ] ] ] } },
{ "type": "Feature", "properties": { "ID": 25, "ENTIDAD": 11, "MUNICIPIO": 33, "NOMBRE": "SAN LUIS DE LA PAZ", "CONTROL": 46, "GEOMETRY1_": null, "ID_2": 2534, "ENTIDAD_2": 11, "DISTRITO_F": 1, "DISTRITO_L": 2, "MUNICIPIO_2": 33, "SECCION": 2577, "TIPO": 4, "CONTROL_2": 413, "GEOMETRY1__2": null }, "geometry": { "type": "MultiPolygon", "coordinates": [ [ [ [ -100.603693702646993, 21.346126786577713 ], [ -100.609351801458018, 21.346692572173545 ], [ -100.617672780216949, 21.347524277456888 ], [ -100.619404963582653, 21.350905617867127 ], [ -100.619426454324227, 21.354091422175888 ], [ -100.620136856252131, 21.354541838939038 ], [ -100.622026430487281, 21.355025784518549 ], [ -100.622436801287449, 21.354692045799695 ], [ -100.622796909320428, 21.355641292869361 ], [ -100.623157022347613, 21.35659053867785 ], [ -100.621863310633913, 21.357054288065502 ], [ -100.621863310651776, 21.35705428816204 ], [ -100.62186331061389, 21.357054288175618 ], [ -100.622291608943073, 21.359368485364111 ], [ -100.619561069739419, 21.358032124640395 ], [ -100.615785823135369, 21.35618435403337 ], [ -100.615264214609624, 21.357511837002356 ], [ -100.615264214628951, 21.357511837013814 ], [ -100.615264214590184, 21.357511837112469 ], [ -100.615678502678222, 21.357757351440256 ], [ -100.615977126643926, 21.358334638153273 ], [ -100.615861738988968, 21.358707785642405 ], [ -100.615744403294471, 21.358791314310992 ], [ -100.615744403340287, 21.358791314374436 ], [ -100.615744403274988, 21.358791314420923 ], [ -100.615982413832981, 21.359120746390321 ], [ -100.615283402151022, 21.360366652057731 ], [ -100.614929999733249, 21.360410366241346 ], [ -100.614642492515046, 21.361488043201042 ], [ -100.614054965005479, 21.361781559900823 ], [ -100.613643722060985, 21.361991157863695 ], [ -100.613408209953533, 21.362034089995309 ], [ -100.612597926109501, 21.364273745124784 ], [ -100.61230262950491, 21.364192942673448 ], [ -100.612416920121959, 21.363654300386731 ], [ -100.612416920121845, 21.363654300368626 ], [ -100.612416920141143, 21.363654300277613 ], [ -100.61241553324264, 21.363447429456084 ], [ -100.612208105800008, 21.363283294648227 ], [ -100.612000678824984, 21.363119159559847 ], [ -100.612231201593275, 21.362331494279637 ], [ -100.612231201581437, 21.36233149427617 ], [ -100.612231201612445, 21.362331494170249 ], [ -100.611817736788836, 21.362210094460139 ], [ -100.611989589451042, 21.361464192518159 ], [ -100.611989589445102, 21.361464192517481 ], [ -100.611989589470198, 21.361464192408594 ], [ -100.611311141762613, 21.361385915482394 ], [ -100.610632694582208, 21.361307635766877 ], [ -100.609863337616915, 21.360857567538215 ], [ -100.608977196735751, 21.360573768202077 ], [ -100.607856099430279, 21.360415636775816 ], [ -100.607441951123505, 21.360383494180478 ], [ -100.606381598018956, 21.360301194030814 ], [ -100.604790304734152, 21.360353008300276 ], [ -100.604201384446043, 21.360439619806694 ], [ -100.602845875953292, 21.360489870880571 ], [ -100.602255992885262, 21.360431665354252 ], [ -100.60166611013706, 21.360373457724748 ], [ -100.601224280888971, 21.360417721213754 ], [ -100.600782451293142, 21.360461983555894 ], [ -100.599900707667658, 21.360840125738196 ], [ -100.599315065116002, 21.361423213527615 ], [ -100.598846219511515, 21.361840033147288 ], [ -100.598670470094319, 21.362006683813966 ], [ -100.598670470093012, 21.36200668390752 ], [ -100.598670470076328, 21.36200668392334 ], [ -100.598550248640166, 21.370572341423649 ], [ -100.599263876375829, 21.370694640740354 ], [ -100.604215894107682, 21.371486947343392 ], [ -100.602888601131085, 21.375798757602599 ], [ -100.598249249108463, 21.375730422074529 ], [ -100.597051400034687, 21.375712757429284 ], [ -100.596678829139819, 21.37286022670574 ], [ -100.595738321919612, 21.373280110065075 ], [ -100.595269293708171, 21.373676234892862 ], [ -100.595034778649023, 21.373874296867207 ], [ -100.594800262954209, 21.374072358548638 ], [ -100.594039325670067, 21.374904827980117 ], [ -100.593335699660742, 21.37548866483861 ], [ -100.592981979253054, 21.37549096091719 ], [ -100.592628258781374, 21.37549325625044 ], [ -100.591859961164971, 21.3752086053962 ], [ -100.591504338888214, 21.37492127674529 ], [ -100.591275318482971, 21.375957167757317 ], [ -100.589393140115547, 21.376631374831572 ], [ -100.587804902326127, 21.377179534127954 ], [ -100.586806196578351, 21.377723875086165 ], [ -100.584320664906713, 21.376291725616124 ], [ -100.576429580819138, 21.374434460619153 ], [ -100.57422376375753, 21.373915218061192 ], [ -100.569379764668852, 21.372415106731101 ], [ -100.568497859302425, 21.372793092784715 ], [ -100.56767092715171, 21.372550076197857 ], [ -100.565429393042734, 21.37235738496981 ], [ -100.562597015927778, 21.371961507710495 ], [ -100.560351285973468, 21.371106745824797 ], [ -100.560452668931021, 21.371050749420597 ], [ -100.565579814591331, 21.368218763759277 ], [ -100.571650898671521, 21.358870517068084 ], [ -100.570942202357614, 21.358668137252174 ], [ -100.570294843996336, 21.358837755042231 ], [ -100.564052479069119, 21.359828935506574 ], [ -100.564282995332704, 21.358999945004705 ], [ -100.564452715529526, 21.357881700703711 ], [ -100.56479663523514, 21.356348588495912 ], [ -100.564667135212517, 21.354528827898989 ], [ -100.56418660556966, 21.353125050015059 ], [ -100.563292419720867, 21.351558371079662 ], [ -100.562224051553912, 21.350406551451993 ], [ -100.561274375922991, 21.349378107844345 ], [ -100.560208401156103, 21.348598650248245 ], [ -100.559845297836119, 21.347111363845443 ], [ -100.564400950350773, 21.340503765895154 ], [ -100.574050232921437, 21.346980150272749 ], [ -100.580300274747003, 21.338168403730474 ], [ -100.580093721099374, 21.338128349034772 ], [ -100.579887167546858, 21.338088294077998 ], [ -100.579532999509155, 21.338007806424805 ], [ -100.579001748084679, 21.337887073498418 ], [ -100.575747854940616, 21.336004515192492 ], [ -100.57550863921513, 21.335468142305963 ], [ -100.578429346610235, 21.331394595610806 ], [ -100.576123639680162, 21.330292134638835 ], [ -100.578754374716212, 21.326965214293278 ], [ -100.576980476370849, 21.326066247115229 ], [ -100.579309779367819, 21.32170682544275 ], [ -100.582190759488029, 21.320653979122813 ], [ -100.580059322455043, 21.319136679760359 ], [ -100.592854903199225, 21.319877389154701 ], [ -100.601931985171404, 21.320402244805258 ], [ -100.609388549867845, 21.32103773155497 ], [ -100.614347015503753, 21.321127235563537 ], [ -100.616579908685125, 21.323098502934627 ], [ -100.621918548704485, 21.327811269875127 ], [ -100.622258866687289, 21.326468663519531 ], [ -100.622361406436042, 21.326064124325693 ], [ -100.622532162195412, 21.323858600209491 ], [ -100.62270291522735, 21.321653075690108 ], [ -100.623231108352243, 21.321401759661075 ], [ -100.623462724721477, 21.320863235898045 ], [ -100.623872526690064, 21.320530080147734 ], [ -100.624402535785265, 21.320526595881031 ], [ -100.624933152408659, 21.320605721617937 ], [ -100.625242383090594, 21.32052466330914 ], [ -100.625579725217577, 21.320436235439125 ], [ -100.626518463001204, 21.319955013720666 ], [ -100.627652890279762, 21.321949215282782 ], [ -100.630726938942587, 21.327352729361557 ], [ -100.629490765354632, 21.334494914196057 ], [ -100.637140877956085, 21.341353290372229 ], [ -100.638919403795441, 21.339339970700319 ], [ -100.639403910374924, 21.338169960003629 ], [ -100.639834001204093, 21.3376996495101 ], [ -100.644142350782062, 21.340882867919468 ], [ -100.646978099885786, 21.343146827970582 ], [ -100.646469126360728, 21.344175784245284 ], [ -100.646169944985857, 21.345348964399857 ], [ -100.64618192195347, 21.34642157422963 ], [ -100.646306151683817, 21.348224488413841 ], [ -100.646312685989329, 21.348809548098572 ], [ -100.646212956667256, 21.349200608122185 ], [ -100.644534530781485, 21.348046803080933 ], [ -100.64375769937287, 21.348395730032692 ], [ -100.643657963357384, 21.348786788975673 ], [ -100.641161283386523, 21.35079181049942 ], [ -100.640769075386231, 21.351106774947581 ], [ -100.641116982435861, 21.355796576217319 ], [ -100.630235746217551, 21.348681830604551 ], [ -100.622476811332845, 21.343584027269742 ], [ -100.61904569233721, 21.341329465236687 ], [ -100.612648074909387, 21.337125253550028 ], [ -100.612379329495226, 21.336948635767126 ], [ -100.607856727435504, 21.333976277285004 ], [ -100.603693702665382, 21.346126786465891 ], [ -100.603693702684637, 21.346126786467821 ], [ -100.603693702646993, 21.346126786577713 ] ] ] ] } },
{ "type": "Feature", "properties": { "ID": 25, "ENTIDAD": 11, "MUNICIPIO": 33, "NOMBRE": "SAN LUIS DE LA PAZ", "CONTROL": 46, "GEOMETRY1_": null, "ID_2": 2535, "ENTIDAD_2": 11, "DISTRITO_F": 1, "DISTRITO_L": 2, "MUNICIPIO_2": 33, "SECCION": 2578, "TIPO": 4, "CONTROL_2": 432, "GEOMETRY1__2": null }, "geometry": { "type": "MultiPolygon", "coordinates": [ [ [ [ -100.701362408724293, 21.323384780109418 ], [ -100.701363479381186, 21.323500597240983 ], [ -100.701370442410422, 21.324253792548216 ], [ -100.701511965403768, 21.326818533502685 ], [ -100.700932519941716, 21.327857642134834 ], [ -100.700932519953184, 21.327857642178195 ], [ -100.700932519913437, 21.327857642249473 ], [ -100.701278457953862, 21.329165645985015 ], [ -100.702264202471468, 21.332892628584574 ], [ -100.703007969249583, 21.335704573577708 ], [ -100.702898017802084, 21.33655380909503 ], [ -100.702788065457327, 21.337403044519988 ], [ -100.702638413446408, 21.337931551455451 ], [ -100.702388758517998, 21.338813218360329 ], [ -100.7023887585149, 21.33881321838367 ], [ -100.702388758489519, 21.338813218473348 ], [ -100.702168462403463, 21.340470307366001 ], [ -100.702085658867915, 21.341071024908196 ], [ -100.702044256915627, 21.341371383665482 ], [ -100.702002854851727, 21.341671742331105 ], [ -100.701365221376761, 21.342794075006619 ], [ -100.698169022131836, 21.342096844681585 ], [ -100.691885227800881, 21.340725697084341 ], [ -100.69073985074273, 21.340475953832311 ], [ -100.689411121745181, 21.34476738073386 ], [ -100.688851719421294, 21.346574026751963 ], [ -100.688851719425955, 21.34657402676174 ], [ -100.688851719394378, 21.346574026863692 ], [ -100.691319073668183, 21.351765725088654 ], [ -100.694161937981207, 21.357735774195898 ], [ -100.694619096492247, 21.358696597669304 ], [ -100.69409994826745, 21.359177603147103 ], [ -100.690821275970748, 21.362160837062017 ], [ -100.688842878468563, 21.358451471789206 ], [ -100.688720807215105, 21.358273814428781 ], [ -100.688305439312614, 21.357669301327796 ], [ -100.687774837747071, 21.357631998681853 ], [ -100.687066447838674, 21.357696033364082 ], [ -100.686774065665688, 21.357722462276083 ], [ -100.68589225634426, 21.357936160181723 ], [ -100.684994389005283, 21.358021956759941 ], [ -100.684950394000396, 21.358026160619826 ], [ -100.684244942652271, 21.358197111865582 ], [ -100.68379106592063, 21.358634128088873 ], [ -100.683544030056026, 21.358864641215707 ], [ -100.683544030034511, 21.358864641321126 ], [ -100.68354403002968, 21.358864641325631 ], [ -100.683374854538044, 21.359693631215016 ], [ -100.683209460872746, 21.360936438413411 ], [ -100.682925477610524, 21.362097385009591 ], [ -100.682665653099065, 21.362678761214543 ], [ -100.682405826677609, 21.363260137113862 ], [ -100.682116162140829, 21.363800356612568 ], [ -100.681999085918179, 21.363884022692122 ], [ -100.681882009559857, 21.363967688697944 ], [ -100.681647856436371, 21.364135020488458 ], [ -100.681381430177197, 21.36406525831941 ], [ -100.68088005515915, 21.363933974829695 ], [ -100.680226312476606, 21.363318206351018 ], [ -100.678613707613323, 21.360930219602501 ], [ -100.678078571622976, 21.360396304732514 ], [ -100.677373098983225, 21.360567228315372 ], [ -100.676546406076568, 21.360366610680575 ], [ -100.675957256250243, 21.360371102269212 ], [ -100.674956453137042, 21.360461497060523 ], [ -100.673775146160594, 21.360139411534291 ], [ -100.672887291852305, 21.359690931892612 ], [ -100.67217656187141, 21.359282486150757 ], [ -100.671406171206982, 21.358791720557296 ], [ -100.670639158340023, 21.358673389196618 ], [ -100.669993721147137, 21.358967980727968 ], [ -100.66934865564356, 21.35930395197316 ], [ -100.666744667985782, 21.360225103241316 ], [ -100.663917921523336, 21.360617028367507 ], [ -100.659973513565902, 21.36134760625821 ], [ -100.659973513668191, 21.361347606344395 ], [ -100.659973513542141, 21.36134760636774 ], [ -100.662701343788967, 21.363645816274683 ], [ -100.661094862758276, 21.365725655505901 ], [ -100.659488337309597, 21.36780548188888 ], [ -100.642307190419572, 21.35657471121359 ], [ -100.641116982435861, 21.355796576217319 ], [ -100.640769075386231, 21.351106774947581 ], [ -100.641161283386523, 21.35079181049942 ], [ -100.643657963357384, 21.348786788975673 ], [ -100.64375769937287, 21.348395730032692 ], [ -100.644534530781485, 21.348046803080933 ], [ -100.646212956667256, 21.349200608122185 ], [ -100.646312685989329, 21.348809548098572 ], [ -100.646306151683817, 21.348224488413841 ], [ -100.64618192195347, 21.34642157422963 ], [ -100.646169944985857, 21.345348964399857 ], [ -100.646469126360728, 21.344175784245284 ], [ -100.646978099885786, 21.343146827970582 ], [ -100.644142350782062, 21.340882867919468 ], [ -100.639834001204093, 21.3376996495101 ], [ -100.639403910374924, 21.338169960003629 ], [ -100.638919403795441, 21.339339970700319 ], [ -100.637140877956085, 21.341353290372229 ], [ -100.629490765354632, 21.334494914196057 ], [ -100.631128001931557, 21.332580661448326 ], [ -100.631654751366611, 21.3320392450612 ], [ -100.632300777640111, 21.331703906318278 ], [ -100.632947365704496, 21.331451313105276 ], [ -100.632178110456763, 21.331001340011962 ], [ -100.634343133200133, 21.328711137048682 ], [ -100.634811489756274, 21.328252855893499 ], [ -100.635222891170358, 21.328084587084632 ], [ -100.635578472402145, 21.328371826420671 ], [ -100.63552236988366, 21.328785961614425 ], [ -100.635642785113234, 21.329157533740844 ], [ -100.635939719269459, 21.329486542346864 ], [ -100.637479656649532, 21.330593319109866 ], [ -100.639234042757366, 21.328595454164596 ], [ -100.642135738222223, 21.330603257402707 ], [ -100.642977533426489, 21.32892003851854 ], [ -100.643655261215386, 21.327564853335296 ], [ -100.64504243613051, 21.324790977077694 ], [ -100.649666940802888, 21.3287729855499 ], [ -100.653137655976678, 21.327839053507365 ], [ -100.659834228253899, 21.328585906924637 ], [ -100.662574705835809, 21.328891466320695 ], [ -100.666766519079246, 21.32993830319052 ], [ -100.673038961296641, 21.330927286959014 ], [ -100.673207425189105, 21.330015538914679 ], [ -100.673252835144154, 21.328525335886702 ], [ -100.673417922803807, 21.327241148663784 ], [ -100.672257600467589, 21.322697607696654 ], [ -100.675917696887495, 21.32339819396794 ], [ -100.676771408710863, 21.323561592028593 ], [ -100.677625122113952, 21.323724985624501 ], [ -100.678276301879094, 21.323852008466218 ], [ -100.678445480421942, 21.323023021149179 ], [ -100.68417832911301, 21.322445139763413 ], [ -100.685330907914405, 21.322328933778138 ], [ -100.691703654886354, 21.321686271962836 ], [ -100.692216249605565, 21.321634568509719 ], [ -100.692927599687962, 21.322125702964271 ], [ -100.6952292372562, 21.322604561517323 ], [ -100.697941961797426, 21.322949683956185 ], [ -100.698278609944296, 21.322987679150991 ], [ -100.701362408752615, 21.323384779994058 ], [ -100.701362408753042, 21.323384780040133 ], [ -100.701362408724293, 21.323384780109418 ] ] ] ] } },
{ "type": "Feature", "properties": { "ID": 25, "ENTIDAD": 11, "MUNICIPIO": 33, "NOMBRE": "SAN LUIS DE LA PAZ", "CONTROL": 46, "GEOMETRY1_": null, "ID_2": 2536, "ENTIDAD_2": 11, "DISTRITO_F": 1, "DISTRITO_L": 2, "MUNICIPIO_2": 33, "SECCION": 2579, "TIPO": 3, "CONTROL_2": 408, "GEOMETRY1__2": null }, "geometry": { "type": "MultiPolygon", "coordinates": [ [ [ [ -100.520116837666961, 21.308848521248425 ], [ -100.521335325559278, 21.309055690506394 ], [ -100.523105395558233, 21.308635637326415 ], [ -100.529240135836872, 21.30716810891608 ], [ -100.529138717853471, 21.306389110252709 ], [ -100.529015377293589, 21.305685041223413 ], [ -100.530044053787989, 21.306328934286821 ], [ -100.530605965585806, 21.306778026126878 ], [ -100.53089069252961, 21.306658128155441 ], [ -100.53104828605008, 21.306648652576104 ], [ -100.531182414599044, 21.306640587751392 ], [ -100.533188104765344, 21.30651997764695 ], [ -100.537021190928741, 21.306951671480633 ], [ -100.539144881300913, 21.307311033428306 ], [ -100.543278540829348, 21.308692413906673 ], [ -100.543925207445838, 21.308440159319648 ], [ -100.551117510958107, 21.308892133865776 ], [ -100.551248578843271, 21.311001556151076 ], [ -100.551141602283394, 21.31274006321501 ], [ -100.550435743115926, 21.312951336404907 ], [ -100.550354079778458, 21.314027650844849 ], [ -100.547957484603884, 21.313115557660598 ], [ -100.547828799741652, 21.313055833678888 ], [ -100.545121255313475, 21.311799199125723 ], [ -100.544058249247314, 21.314445523669789 ], [ -100.544024142551208, 21.315255536439334 ], [ -100.546886220318996, 21.31699243630619 ], [ -100.548337103205355, 21.317596954104612 ], [ -100.547062721494157, 21.320171898602112 ], [ -100.547797469967932, 21.320572125241807 ], [ -100.548299481586398, 21.320726625977557 ], [ -100.548699813084653, 21.32106363515835 ], [ -100.549514747707548, 21.321369484519728 ], [ -100.549987531004291, 21.321483839375613 ], [ -100.550214551592035, 21.32153874962583 ], [ -100.550848622172097, 21.321931116133282 ], [ -100.551137918616391, 21.32211013288757 ], [ -100.551223023753465, 21.322329931331893 ], [ -100.551330685181867, 21.322660845482766 ], [ -100.551478170014846, 21.322815676318996 ], [ -100.551630127614388, 21.322858889299553 ], [ -100.55184390744148, 21.322919682710591 ], [ -100.552039189250124, 21.322985148545559 ], [ -100.55292080115801, 21.32328069451361 ], [ -100.554935788326176, 21.324460166517515 ], [ -100.557352719361461, 21.325776481874794 ], [ -100.556666642124384, 21.329132314506239 ], [ -100.554603625719864, 21.329103831969331 ], [ -100.552601363239248, 21.329364585035414 ], [ -100.549481375550386, 21.329963280794129 ], [ -100.55119987135248, 21.33144216894102 ], [ -100.542066939867112, 21.331871166376356 ], [ -100.542378335742555, 21.33455876422369 ], [ -100.541082203875021, 21.334649515258263 ], [ -100.545918437655729, 21.34459151784414 ], [ -100.541499301173914, 21.34486711343861 ], [ -100.538050708773554, 21.345754307973387 ], [ -100.536555791802243, 21.346138869564491 ], [ -100.535799788142484, 21.346855229322529 ], [ -100.5346218935927, 21.347971338617281 ], [ -100.534088592258854, 21.347519457930012 ], [ -100.533443778424328, 21.348102690732638 ], [ -100.533503487152061, 21.348226456867518 ], [ -100.533387128113603, 21.348475433342365 ], [ -100.53297655665034, 21.348808965950763 ], [ -100.53327204290413, 21.348931288404749 ], [ -100.533805602319319, 21.349424547173452 ], [ -100.53416080036294, 21.349670633856487 ], [ -100.534282516895146, 21.350290546744063 ], [ -100.534766075613632, 21.352232312450287 ], [ -100.535006455584337, 21.352975628103984 ], [ -100.534950574454825, 21.353472497939169 ], [ -100.535130733972039, 21.354009296485156 ], [ -100.536255830635355, 21.3548299319664 ], [ -100.536334918039813, 21.354921304604343 ], [ -100.536433949919626, 21.355035723512625 ], [ -100.536375180201119, 21.355105340212489 ], [ -100.536258388716917, 21.355243688418742 ], [ -100.536083082794434, 21.355493028812411 ], [ -100.535790393585302, 21.355825844492223 ], [ -100.535615086211848, 21.356075184469859 ], [ -100.535499236797833, 21.356406913647451 ], [ -100.535678891225558, 21.356860959794052 ], [ -100.536932415801445, 21.357652370014691 ], [ -100.537691049312286, 21.358131282384999 ], [ -100.537208606505502, 21.358833879838471 ], [ -100.536464147685791, 21.359918047835052 ], [ -100.5346900657064, 21.359018645764746 ], [ -100.530269440176653, 21.35912846970287 ], [ -100.528965210460385, 21.357936491831357 ], [ -100.526609056950505, 21.35824049418315 ], [ -100.525591034116644, 21.357587353609059 ], [ -100.524182581737577, 21.356682908650402 ], [ -100.523185513656628, 21.357516509114163 ], [ -100.522429772071519, 21.359258944105473 ], [ -100.521797193926517, 21.358589478203818 ], [ -100.519048600611228, 21.355803705135013 ], [ -100.517294595262683, 21.357762048321117 ], [ -100.516029286669877, 21.359105213417763 ], [ -100.514539859661653, 21.360837568434551 ], [ -100.513666294270209, 21.360300873695234 ], [ -100.511914980922597, 21.359140968961746 ], [ -100.499508407419938, 21.35112081245223 ], [ -100.493059154484286, 21.347062483624775 ], [ -100.498161376498743, 21.342646332687806 ], [ -100.494784562447393, 21.339769812952252 ], [ -100.495722259647351, 21.338853971729126 ], [ -100.491993154957342, 21.336186354177947 ], [ -100.495368909744997, 21.333712073512292 ], [ -100.4957492299922, 21.333433306234483 ], [ -100.498584183781219, 21.334409638179519 ], [ -100.499511042657403, 21.331673215978768 ], [ -100.500732311185232, 21.328893668098157 ], [ -100.501249248044886, 21.32661482244038 ], [ -100.501473212130179, 21.324627357104735 ], [ -100.501635783046822, 21.322226476329458 ], [ -100.502038749860489, 21.320610350095045 ], [ -100.503204399980206, 21.318410408210568 ], [ -100.504953182418888, 21.315172547645215 ], [ -100.506062037730445, 21.313345327485354 ], [ -100.507522966335756, 21.311267736832026 ], [ -100.510402567900385, 21.307419123060427 ], [ -100.511236475120214, 21.30767786377535 ], [ -100.510158429808499, 21.309240239922474 ], [ -100.511011414660246, 21.309752725701706 ], [ -100.512051469858804, 21.310793127896257 ], [ -100.512853830100255, 21.311768181322247 ], [ -100.513155624857589, 21.312134927241853 ], [ -100.515991179151371, 21.311101001958328 ], [ -100.51634769553165, 21.30820762540446 ], [ -100.517657794319234, 21.308430401774363 ], [ -100.520116837666961, 21.308848521248425 ] ] ] ] } },
{ "type": "Feature", "properties": { "ID": 25, "ENTIDAD": 11, "MUNICIPIO": 33, "NOMBRE": "SAN LUIS DE LA PAZ", "CONTROL": 46, "GEOMETRY1_": null, "ID_2": 2537, "ENTIDAD_2": 11, "DISTRITO_F": 1, "DISTRITO_L": 2, "MUNICIPIO_2": 33, "SECCION": 2580, "TIPO": 4, "CONTROL_2": 396, "GEOMETRY1__2": null }, "geometry": { "type": "MultiPolygon", "coordinates": [ [ [ [ -100.364980446601081, 21.355770117118411 ], [ -100.365562696037401, 21.35506023180346 ], [ -100.36579275415356, 21.354561072888053 ], [ -100.366137292308821, 21.353770948587208 ], [ -100.366659283607817, 21.352978922671916 ], [ -100.366881685078681, 21.351900366442504 ], [ -100.367167060465064, 21.351110874167283 ], [ -100.367515956705518, 21.350651830998196 ], [ -100.367801873257164, 21.349903723270398 ], [ -100.368618502192561, 21.349025750884575 ], [ -100.368964107574385, 21.348318392613365 ], [ -100.369250012820572, 21.347570282854551 ], [ -100.369125149385439, 21.347074926826803 ], [ -100.368946267293111, 21.346855216343744 ], [ -100.368523809581504, 21.34633633254332 ], [ -100.367984358122854, 21.345804028941526 ], [ -100.367207767807727, 21.345232873018176 ], [ -100.366192949679146, 21.344540090328127 ], [ -100.36559491041443, 21.344049796975522 ], [ -100.365173774730337, 21.343516216885412 ], [ -100.364929541186655, 21.342939351463496 ], [ -100.364624524901984, 21.342238961750727 ], [ -100.364317875224714, 21.341414414672016 ], [ -100.3641913983016, 21.340794896841384 ], [ -100.364065467982996, 21.34021676435874 ], [ -100.363882027839054, 21.339763420796853 ], [ -100.363525782876877, 21.339663751221966 ], [ -100.363347660560663, 21.339613916141111 ], [ -100.363169538354427, 21.339564080864655 ], [ -100.363632899155903, 21.33881408261891 ], [ -100.36462584443764, 21.337851462324419 ], [ -100.365561813964746, 21.337055011868006 ], [ -100.366153272354438, 21.337048681011478 ], [ -100.366685584753114, 21.337042981462524 ], [ -100.367217350800843, 21.336995894726421 ], [ -100.367566762450878, 21.336578238000438 ], [ -100.36761825978418, 21.335998207327965 ], [ -100.367789139791014, 21.335499680204478 ], [ -100.368020802870149, 21.335124675641861 ], [ -100.368663745931542, 21.33453830570464 ], [ -100.369130890383403, 21.334077992594054 ], [ -100.369363094665303, 21.333744371902597 ], [ -100.369357627313946, 21.333330517094311 ], [ -100.369291922567314, 21.332834525509814 ], [ -100.369048786765759, 21.332340436262971 ], [ -100.368747602052721, 21.331929751550156 ], [ -100.368209844820086, 21.331521601533069 ], [ -100.367614585702555, 21.331238239776038 ], [ -100.367078472141159, 21.330954242404214 ], [ -100.36642243648997, 21.330547352892626 ], [ -100.365707806938204, 21.330182479066394 ], [ -100.364814661131888, 21.329736728617558 ], [ -100.364338246124987, 21.329493474897181 ], [ -100.363862922841832, 21.329332990940298 ], [ -100.363446743265726, 21.32917187352199 ], [ -100.363211262120387, 21.329257172861521 ], [ -100.362979049850196, 21.329590785591602 ], [ -100.36286403300258, 21.329840363088969 ], [ -100.36251298800029, 21.330133853350976 ], [ -100.361981788746874, 21.330222309624386 ], [ -100.3615059207645, 21.330020433362296 ], [ -100.36102678810478, 21.329570241765026 ], [ -100.360247591678558, 21.328792118243239 ], [ -100.359347399678839, 21.327808323390244 ], [ -100.358509079496045, 21.327030821251508 ], [ -100.357611626420393, 21.326253944355276 ], [ -100.356055484361931, 21.324863200207425 ], [ -100.354622534514618, 21.323843654412492 ], [ -100.353190688116513, 21.322906866885642 ], [ -100.351466949080518, 21.322262905908264 ], [ -100.351756693282539, 21.321804522657086 ], [ -100.351545641735228, 21.321496325851474 ], [ -100.351334591092311, 21.321188128723055 ], [ -100.352443079683766, 21.320017395921543 ], [ -100.352853262375206, 21.319723298431533 ], [ -100.35397419676471, 21.319504430815137 ], [ -100.354440260279603, 21.318961386180273 ], [ -100.355020800919121, 21.318127381958355 ], [ -100.355778207125397, 21.317250102925296 ], [ -100.355584788121519, 21.316031108613576 ], [ -100.355391372908571, 21.314812113737503 ], [ -100.355445628117934, 21.314439012337779 ], [ -100.355615986991879, 21.313899109655921 ], [ -100.356082570339424, 21.313397447204256 ], [ -100.356667423342444, 21.31289452496214 ], [ -100.357772007999301, 21.311434060828724 ], [ -100.358126822683928, 21.311430282280874 ], [ -100.359013859117056, 21.311420832640259 ], [ -100.359960574514844, 21.311452133635495 ], [ -100.360429853963069, 21.311157388966489 ], [ -100.360779772819924, 21.310781133099848 ], [ -100.361129689907585, 21.310404876584116 ], [ -100.361773104373782, 21.30985992136824 ], [ -100.363891071113756, 21.309009475438003 ], [ -100.364364693150605, 21.309045806113346 ], [ -100.365016809339807, 21.309163010326422 ], [ -100.365250622721391, 21.308953552997789 ], [ -100.365660203422991, 21.308618041218448 ], [ -100.366249366529317, 21.308446173454854 ], [ -100.367133108403948, 21.308188368070972 ], [ -100.368316338893152, 21.308217091224758 ], [ -100.369790323433008, 21.307870166627101 ], [ -100.370971364141454, 21.307733328878591 ], [ -100.371856185845417, 21.307558270462739 ], [ -100.372503922977387, 21.30734436125843 ], [ -100.372678588700069, 21.307135529055063 ], [ -100.372731704013972, 21.306679653135163 ], [ -100.372487511371631, 21.306102794551244 ], [ -100.372243320753327, 21.305525935471472 ], [ -100.371939999333279, 21.304949710441793 ], [ -100.371631759550581, 21.304001014431019 ], [ -100.371385936158163, 21.303299996819433 ], [ -100.371441241548624, 21.303009663345808 ], [ -100.371729794005176, 21.302468478814319 ], [ -100.372253777116853, 21.301841984539315 ], [ -100.373192769249172, 21.301293816215122 ], [ -100.373781893282398, 21.301121923965823 ], [ -100.374904291445532, 21.301027082235738 ], [ -100.380467557027458, 21.301339723192783 ], [ -100.381949133029593, 21.301572092827701 ], [ -100.383129557296456, 21.301393787552087 ], [ -100.38442824023349, 21.301214196502297 ], [ -100.385313003047756, 21.301039070145194 ], [ -100.386257445092824, 21.300904685111199 ], [ -100.387138897160924, 21.300481237443435 ], [ -100.386713413807485, 21.299616623500366 ], [ -100.38847037329235, 21.298445115914713 ], [ -100.389352796861942, 21.298150827822504 ], [ -100.3901171477643, 21.297815776151836 ], [ -100.391117632701636, 21.297562238299168 ], [ -100.392118970850149, 21.297474208472387 ], [ -100.393239234936033, 21.29759244346873 ], [ -100.394361864090726, 21.298165833403392 ], [ -100.395249435757691, 21.298864596543357 ], [ -100.396432518406286, 21.299727308699083 ], [ -100.397202036382922, 21.300385305808405 ], [ -100.398384278016152, 21.301082489481331 ], [ -100.39933016566944, 21.301656781278588 ], [ -100.400687263765249, 21.301980603967277 ], [ -100.402042847354465, 21.302014767545526 ], [ -100.403752439786146, 21.302129789884042 ], [ -100.405108241879404, 21.302205306854532 ], [ -100.406403805673477, 21.302032859160231 ], [ -100.407521048993885, 21.301571702056993 ], [ -100.408520428047183, 21.301111170273142 ], [ -100.409578509639374, 21.300608938212406 ], [ -100.410934297745996, 21.300684408846102 ], [ -100.41193695687771, 21.30084452919154 ], [ -100.412470611489212, 21.301462343475169 ], [ -100.41259330992618, 21.302372026170698 ], [ -100.412598371867659, 21.303323722005658 ], [ -100.412131997236315, 21.304277958419842 ], [ -100.411605807453924, 21.305066998779957 ], [ -100.410961971314904, 21.305898050124526 ], [ -100.410317249993028, 21.30656358692746 ], [ -100.409790823400144, 21.307311244285454 ], [ -100.409380061232994, 21.307644485923955 ], [ -100.40902998187812, 21.308308435074405 ], [ -100.409091105306246, 21.308721899671159 ], [ -100.409504283630284, 21.308843817720273 ], [ -100.410034008799741, 21.308716832447981 ], [ -100.411621638851528, 21.308046220419612 ], [ -100.412679977056897, 21.307585345137603 ], [ -100.413620446862069, 21.307125099754238 ], [ -100.414618958198872, 21.306499018885429 ], [ -100.415383065659015, 21.306122475491371 ], [ -100.416149159310805, 21.306118330869783 ], [ -100.417269055629205, 21.30615364505795 ], [ -100.418212826439458, 21.306314044783214 ], [ -100.420745715670165, 21.306093389908611 ], [ -100.421625659680785, 21.305343776741694 ], [ -100.422329029022791, 21.30463650065002 ], [ -100.422795782885487, 21.303764995414955 ], [ -100.423203156563773, 21.302811054665149 ], [ -100.423848247829753, 21.302228228113286 ], [ -100.42425717419772, 21.301563930488058 ], [ -100.42466542673877, 21.300775498368203 ], [ -100.424810511953112, 21.300360914926298 ], [ -100.424955596419366, 21.299946331385083 ], [ -100.425304243223138, 21.29903408624741 ], [ -100.425831232488449, 21.29841051927945 ], [ -100.426713121183099, 21.298033283634279 ], [ -100.427831160094755, 21.297737508045422 ], [ -100.447537751998368, 21.29568746542926 ], [ -100.44737862946053, 21.296001450288564 ], [ -100.447355021986581, 21.296033807418315 ], [ -100.447319533738607, 21.296060753319569 ], [ -100.447248478403452, 21.296109762531952 ], [ -100.447037724512512, 21.296237776656522 ], [ -100.446006928379461, 21.296918235941021 ], [ -100.444892605091823, 21.297664415421352 ], [ -100.444024444994085, 21.298226825049827 ], [ -100.443021235069978, 21.298875362522843 ], [ -100.442943410588796, 21.298936617263024 ], [ -100.442883314826929, 21.299011343164253 ], [ -100.44283980024484, 21.299099550083685 ], [ -100.442816113542349, 21.299181133894717 ], [ -100.442639148664853, 21.300224117376445 ], [ -100.442525910990895, 21.300798696727803 ], [ -100.442330456808392, 21.301938507174558 ], [ -100.442222063933229, 21.302539335192083 ], [ -100.44215483802671, 21.302979610012937 ], [ -100.443022095506961, 21.302939908834727 ], [ -100.443345540984083, 21.302934095396953 ], [ -100.44370157615991, 21.302945552137828 ], [ -100.444078572887406, 21.302924391667762 ], [ -100.444372747372782, 21.302883865074659 ], [ -100.444778964472206, 21.302787951074681 ], [ -100.445294245774747, 21.302746241162044 ], [ -100.445607534065957, 21.30270435323893 ], [ -100.445962264035913, 21.302571048366577 ], [ -100.446149042092031, 21.303361977837195 ], [ -100.447110273659518, 21.307545516798243 ], [ -100.44750075618623, 21.309089697906899 ], [ -100.458758467744246, 21.358639868925042 ], [ -100.456525364195741, 21.359893898415567 ], [ -100.455702153069979, 21.360270970427059 ], [ -100.454997772142661, 21.360812879357059 ], [ -100.453587598170472, 21.361648426580253 ], [ -100.452824948434952, 21.362314791758216 ], [ -100.451884274087107, 21.362775266604391 ], [ -100.450646281215057, 21.362782249897556 ], [ -100.449406435056716, 21.362458206781703 ], [ -100.448342524336567, 21.361967651059782 ], [ -100.447279775143883, 21.361683974175286 ], [ -100.446099357030775, 21.361442328969552 ], [ -100.445037766688401, 21.361365523616943 ], [ -100.437543822298707, 21.360124608666172 ], [ -100.433347953631596, 21.358451884239809 ], [ -100.427204566544901, 21.356002498358006 ], [ -100.426108033062619, 21.3549119813865 ], [ -100.425011515872413, 21.353821456208831 ], [ -100.423472563545801, 21.352671276087552 ], [ -100.421934976778374, 21.351769346476189 ], [ -100.421339682883712, 21.350696745258126 ], [ -100.420686343502382, 21.349789973693344 ], [ -100.420446312618495, 21.349005082874626 ], [ -100.4203545445326, 21.348384899076809 ], [ -100.420262777381353, 21.347764715141349 ], [ -100.420170268013365, 21.347752241425017 ], [ -100.419921565670435, 21.347718706799085 ], [ -100.419672863417816, 21.347685171798375 ], [ -100.418373140468574, 21.347154320232917 ], [ -100.41713459481312, 21.347036915767006 ], [ -100.415898712902461, 21.347416035760787 ], [ -100.41466260259304, 21.347753769167884 ], [ -100.413540619684241, 21.347387432505286 ], [ -100.41259459829547, 21.34685462082064 ], [ -100.411711060791717, 21.346983531233661 ], [ -100.410357709711192, 21.34744600357007 ], [ -100.409587438059248, 21.346705331192105 ], [ -100.409052079927349, 21.345797873857578 ], [ -100.408044721845471, 21.344810194848911 ], [ -100.406860759912249, 21.343864836593564 ], [ -100.406213673061018, 21.344116585081444 ], [ -100.405511140455005, 21.345030695196026 ], [ -100.404866670791108, 21.345778974887544 ], [ -100.403336247467962, 21.346200960803948 ], [ -100.40163180627701, 21.34716179223668 ], [ -100.399747891733213, 21.347627013038718 ], [ -100.397098513170462, 21.348261799099966 ], [ -100.394627112616504, 21.348969867420234 ], [ -100.394155448903348, 21.349104996543396 ], [ -100.391624341350564, 21.349821830852765 ], [ -100.389739711008176, 21.35016280812372 ], [ -100.388617760933883, 21.349796302639049 ], [ -100.387497313584106, 21.349719437241749 ], [ -100.386320268292565, 21.350098034948942 ], [ -100.385438600279983, 21.350599214101674 ], [ -100.384440732970404, 21.351432033112285 ], [ -100.383971908683648, 21.351972421216523 ], [ -100.383442002917732, 21.352099333419432 ], [ -100.383204928554335, 21.351852297228177 ], [ -100.383085115256947, 21.351480508979414 ], [ -100.382552659312779, 21.351110878199108 ], [ -100.382498811955628, 21.352104266613392 ], [ -100.382263439184598, 21.352188255775882 ], [ -100.381852279563915, 21.352480060278683 ], [ -100.381382593108896, 21.352854928358749 ], [ -100.381239463633989, 21.353683264896052 ], [ -100.381163333938559, 21.354123848870209 ], [ -100.381096332829244, 21.354511601318968 ], [ -100.380440376855219, 21.3545540394082 ], [ -100.379919442707177, 21.354931535277341 ], [ -100.379389310413799, 21.355017057031581 ], [ -100.379562349988944, 21.354271324743117 ], [ -100.379441696361454, 21.353734020072046 ], [ -100.378850078736733, 21.353323306299664 ], [ -100.377788132986623, 21.353163313578619 ], [ -100.377463063318629, 21.352999485492557 ], [ -100.377137994346, 21.352835656734992 ], [ -100.376139851890017, 21.353627051112472 ], [ -100.375495612521831, 21.354457984374733 ], [ -100.374850313567933, 21.355082023212884 ], [ -100.374499133358043, 21.355580397565152 ], [ -100.373555916729401, 21.355585281734154 ], [ -100.372376685595611, 21.355550001006431 ], [ -100.371491371685693, 21.355347676352466 ], [ -100.370427742377018, 21.354856609270502 ], [ -100.369659291176362, 21.354446773878482 ], [ -100.368479651057442, 21.354328708114444 ], [ -100.367477072671008, 21.35425110383482 ], [ -100.366361796102979, 21.355208563469034 ], [ -100.364284250633972, 21.356812350256821 ], [ -100.364980446601081, 21.355770117118411 ] ] ] ] } },
{ "type": "Feature", "properties": { "ID": 25, "ENTIDAD": 11, "MUNICIPIO": 33, "NOMBRE": "SAN LUIS DE LA PAZ", "CONTROL": 46, "GEOMETRY1_": null, "ID_2": 2538, "ENTIDAD_2": 11, "DISTRITO_F": 1, "DISTRITO_L": 2, "MUNICIPIO_2": 33, "SECCION": 2581, "TIPO": 4, "CONTROL_2": 410, "GEOMETRY1__2": null }, "geometry": { "type": "MultiPolygon", "coordinates": [ [ [ [ -100.580059322438657, 21.319136679876223 ], [ -100.582190759471445, 21.3206539792385 ], [ -100.579309779351462, 21.321706825558255 ], [ -100.576980476354677, 21.326066247230095 ], [ -100.578754374699884, 21.326965214407966 ], [ -100.576123639664033, 21.330292134753069 ], [ -100.578429346593921, 21.33139459572477 ], [ -100.575508639199057, 21.335468142419376 ], [ -100.575747854924501, 21.336004515305738 ], [ -100.579001748068322, 21.337887073611476 ], [ -100.579532999492741, 21.338007806537863 ], [ -100.579887167530416, 21.338088294190968 ], [ -100.580093721082946, 21.338128349147844 ], [ -100.580300274730547, 21.338168403843454 ], [ -100.574050232905421, 21.34698015038445 ], [ -100.564400950335482, 21.340503766007838 ], [ -100.55984529782117, 21.347111363957044 ], [ -100.559199808161196, 21.347570563643323 ], [ -100.558486728775947, 21.346664747005914 ], [ -100.557893375086238, 21.346047814639697 ], [ -100.557063211205374, 21.345266855835522 ], [ -100.556117522590839, 21.344859008127468 ], [ -100.555289201096045, 21.344367666869111 ], [ -100.554169042555998, 21.344333291507244 ], [ -100.553110429194192, 21.344712294642289 ], [ -100.552287319305393, 21.345048445859096 ], [ -100.551397207844545, 21.344102322688087 ], [ -100.549687371056308, 21.344030213219494 ], [ -100.54857498515662, 21.345237064294185 ], [ -100.545918437655729, 21.34459151784414 ], [ -100.541082203875021, 21.334649515258263 ], [ -100.542378335742555, 21.33455876422369 ], [ -100.542066939867112, 21.331871166376356 ], [ -100.55119987135248, 21.33144216894102 ], [ -100.549481375550386, 21.329963280794129 ], [ -100.552601363239248, 21.329364585035414 ], [ -100.554603625719864, 21.329103831969331 ], [ -100.556666642124384, 21.329132314506239 ], [ -100.557352719361461, 21.325776481874794 ], [ -100.554935788326176, 21.324460166517515 ], [ -100.55292080115801, 21.32328069451361 ], [ -100.552039189250124, 21.322985148545559 ], [ -100.55184390744148, 21.322919682710591 ], [ -100.551630127614388, 21.322858889299553 ], [ -100.551478170014846, 21.322815676318996 ], [ -100.551330685181867, 21.322660845482766 ], [ -100.551223023753465, 21.322329931331893 ], [ -100.551137918616391, 21.32211013288757 ], [ -100.550848622172097, 21.321931116133282 ], [ -100.550214551592035, 21.32153874962583 ], [ -100.549987531004291, 21.321483839375613 ], [ -100.549514747707548, 21.321369484519728 ], [ -100.548699813084653, 21.32106363515835 ], [ -100.548299481586398, 21.320726625977557 ], [ -100.547797469967932, 21.320572125241807 ], [ -100.547062721494157, 21.320171898602112 ], [ -100.548337103205355, 21.317596954104612 ], [ -100.546886220318996, 21.31699243630619 ], [ -100.544024142551208, 21.315255536439334 ], [ -100.544058249247314, 21.314445523669789 ], [ -100.545121255313475, 21.311799199125723 ], [ -100.547828799741652, 21.313055833678888 ], [ -100.547957484603884, 21.313115557660598 ], [ -100.550354079778458, 21.314027650844849 ], [ -100.550435743115926, 21.312951336404907 ], [ -100.551141602283394, 21.31274006321501 ], [ -100.551248578843271, 21.311001556151076 ], [ -100.560381208200155, 21.310737640733262 ], [ -100.56091601432739, 21.311437695455638 ], [ -100.56103256251923, 21.311230078854361 ], [ -100.56132589590672, 21.31102135251712 ], [ -100.563389442299538, 21.311173894056878 ], [ -100.567561718939771, 21.31091924040442 ], [ -100.567925349519172, 21.310897041395048 ], [ -100.568029397236714, 21.311041203396641 ], [ -100.568133445162772, 21.311185365318963 ], [ -100.568341541640621, 21.311473688925684 ], [ -100.568404164808427, 21.312052570115807 ], [ -100.568590718205272, 21.313582336916625 ], [ -100.570888431297462, 21.313485042188113 ], [ -100.571175665572781, 21.312324669711415 ], [ -100.573300813707149, 21.312890466043438 ], [ -100.573306915910848, 21.313842094636914 ], [ -100.572193884440622, 21.314883579790653 ], [ -100.573556440187474, 21.314523559523188 ], [ -100.573958855294862, 21.314417229285141 ], [ -100.574015660551169, 21.314085853736618 ], [ -100.574603625802354, 21.313875232639738 ], [ -100.575840608211081, 21.313784610374505 ], [ -100.577245623812288, 21.31397957934805 ], [ -100.577551153630893, 21.314021974985945 ], [ -100.578842259455584, 21.313186204041585 ], [ -100.579341723877207, 21.312948508785688 ], [ -100.580076024920402, 21.312599050734651 ], [ -100.581663617807664, 21.312051001896855 ], [ -100.583251197990947, 21.31150293876539 ], [ -100.584545199923554, 21.311122251684271 ], [ -100.585591783875302, 21.310917442036992 ], [ -100.586075443090834, 21.310822790723048 ], [ -100.587371045523028, 21.310690332117332 ], [ -100.588254421330674, 21.310601894465997 ], [ -100.588899928638341, 21.310183971683347 ], [ -100.589780331559894, 21.309640402778495 ], [ -100.590603961443833, 21.309428208553769 ], [ -100.591548145995745, 21.309628997838562 ], [ -100.592671279600737, 21.310159637568209 ], [ -100.593795504871167, 21.310855768374338 ], [ -100.592854903181802, 21.319877389270484 ], [ -100.580059322438657, 21.319136679876223 ] ] ] ] } },
{ "type": "Feature", "properties": { "ID": 25, "ENTIDAD": 11, "MUNICIPIO": 33, "NOMBRE": "SAN LUIS DE LA PAZ", "CONTROL": 46, "GEOMETRY1_": null, "ID_2": 2542, "ENTIDAD_2": 11, "DISTRITO_F": 1, "DISTRITO_L": 2, "MUNICIPIO_2": 33, "SECCION": 2585, "TIPO": 4, "CONTROL_2": 409, "GEOMETRY1__2": null }, "geometry": { "type": "MultiPolygon", "coordinates": [ [ [ [ -100.583131040047675, 21.287287944061784 ], [ -100.589649469336692, 21.287307656885019 ], [ -100.592993364565487, 21.287317671372875 ], [ -100.595657228173309, 21.301372183201437 ], [ -100.59592287770586, 21.302773568248906 ], [ -100.596342679315953, 21.3038880135868 ], [ -100.596642735854417, 21.304713598394837 ], [ -100.59681858309456, 21.304957157272899 ], [ -100.597028002486297, 21.305247214203767 ], [ -100.597237422722856, 21.305537270812632 ], [ -100.598009709577553, 21.306483916917276 ], [ -100.599016893520826, 21.307304902687051 ], [ -100.599491026583664, 21.307715584624003 ], [ -100.599965162270024, 21.308126265038975 ], [ -100.607021056924438, 21.314659045161886 ], [ -100.593795504958578, 21.310855767788734 ], [ -100.592671279687622, 21.310159636982064 ], [ -100.591548146082204, 21.309628997252059 ], [ -100.590603961529894, 21.309428207967088 ], [ -100.589780331645656, 21.309640402191999 ], [ -100.588899928723706, 21.310183971097302 ], [ -100.588254421415812, 21.310601893880232 ], [ -100.587371045607853, 21.310690331531575 ], [ -100.586075443175133, 21.310822790137383 ], [ -100.585591783959416, 21.310917441451423 ], [ -100.584545200007213, 21.311122251098883 ], [ -100.583251198074095, 21.311502938180276 ], [ -100.581663617890243, 21.312051001312206 ], [ -100.580076025002327, 21.312599050150364 ], [ -100.579341723958876, 21.312948508201671 ], [ -100.578842259537083, 21.31318620345775 ], [ -100.57755115371188, 21.314021974402749 ], [ -100.577245623893134, 21.313979578764769 ], [ -100.575840608291443, 21.313784609791135 ], [ -100.574603625882176, 21.313875232056454 ], [ -100.57401566063082, 21.314085853153447 ], [ -100.573958855374514, 21.314417228702229 ], [ -100.573556440266927, 21.314523558940376 ], [ -100.572193884519564, 21.314883579208114 ], [ -100.573306915990244, 21.313842094053559 ], [ -100.573300813786503, 21.312890465459358 ], [ -100.571175665651353, 21.312324669126983 ], [ -100.570888431375906, 21.313485041604494 ], [ -100.568590718282891, 21.313582336333106 ], [ -100.568404164885919, 21.312052569531115 ], [ -100.568341541718098, 21.311473688340531 ], [ -100.568133445240207, 21.311185364733639 ], [ -100.568029397314064, 21.311041202811229 ], [ -100.567925349596507, 21.31089704080954 ], [ -100.56756171901695, 21.31091923981883 ], [ -100.563389442375168, 21.311173893471572 ], [ -100.561325895981668, 21.311021351931632 ], [ -100.56103256259405, 21.311230078269066 ], [ -100.560916014402153, 21.311437694870516 ], [ -100.56038120827472, 21.310737640147604 ], [ -100.551248578914638, 21.311001555565632 ], [ -100.551117511029432, 21.308892133278707 ], [ -100.543925207514661, 21.308440158732243 ], [ -100.54327854089793, 21.30869241331953 ], [ -100.539144881368159, 21.307311032840101 ], [ -100.537021190995276, 21.306951670892168 ], [ -100.533188104830614, 21.306519977058137 ], [ -100.531182414663704, 21.306640587162669 ], [ -100.531048286114654, 21.306648651987381 ], [ -100.530890692594113, 21.30665812756672 ], [ -100.530605965650253, 21.30677802553825 ], [ -100.530044053852265, 21.306328933697827 ], [ -100.529946107158409, 21.305892094329089 ], [ -100.529402276022807, 21.303466550889855 ], [ -100.529341049314795, 21.302890906519643 ], [ -100.529279823235868, 21.302315262060439 ], [ -100.529865847854438, 21.302313427399131 ], [ -100.530840734981965, 21.302275171266515 ], [ -100.531468590799278, 21.302323252913752 ], [ -100.531935094074669, 21.302371206314373 ], [ -100.532043912463863, 21.302380755230431 ], [ -100.533353296002275, 21.300737339551187 ], [ -100.533384339126272, 21.300424642262001 ], [ -100.533415205012915, 21.299938907600886 ], [ -100.533443439627035, 21.299494579812784 ], [ -100.534191129083254, 21.298606325586697 ], [ -100.534550270258478, 21.298509951861767 ], [ -100.534944670084286, 21.298395135963879 ], [ -100.535286457052948, 21.298293156835339 ], [ -100.536498975457093, 21.298232659826954 ], [ -100.538702948218912, 21.29841024464746 ], [ -100.539211369044295, 21.295316183795112 ], [ -100.538637978319727, 21.292891665545351 ], [ -100.538484350986622, 21.292286605363422 ], [ -100.538330725072456, 21.29168154492325 ], [ -100.537288886464907, 21.288342621944714 ], [ -100.537194272015796, 21.28803938930238 ], [ -100.537137692330035, 21.287858054700351 ], [ -100.538789747326874, 21.287888520473448 ], [ -100.539037501365613, 21.287893087938265 ], [ -100.53929140188572, 21.287892519721471 ], [ -100.541799249800562, 21.287886886706168 ], [ -100.541900425338071, 21.284814343734205 ], [ -100.541665360920859, 21.282534632352181 ], [ -100.541568896488855, 21.281599088734193 ], [ -100.541453949786003, 21.28048426091382 ], [ -100.538513745816857, 21.279312340411316 ], [ -100.536601239952802, 21.278538347611487 ], [ -100.537013888955684, 21.277438888333162 ], [ -100.536971828166813, 21.277096075170501 ], [ -100.537069079493975, 21.276876247599482 ], [ -100.537721305244958, 21.277114209059992 ], [ -100.539667050469106, 21.277350546025207 ], [ -100.540845874251403, 21.277426063340094 ], [ -100.542083102707281, 21.277418458138602 ], [ -100.542849005658567, 21.277413745604001 ], [ -100.544085463788747, 21.27728199806181 ], [ -100.54479270641032, 21.277319015652239 ], [ -100.545792911574196, 21.278358626614935 ], [ -100.548021064236394, 21.28067448561535 ], [ -100.551496028103188, 21.278169507754289 ], [ -100.554751218654573, 21.27754695112397 ], [ -100.555180753025468, 21.280275176796426 ], [ -100.555291149284045, 21.280428198295922 ], [ -100.556714640007968, 21.280099092016794 ], [ -100.558679915075686, 21.279644705143298 ], [ -100.56155192267795, 21.278980629034518 ], [ -100.561167801087535, 21.277003265052073 ], [ -100.562110510100851, 21.276812536235163 ], [ -100.565523762198026, 21.276715214553242 ], [ -100.565218779179531, 21.27910134676797 ], [ -100.567684346870962, 21.279272631898419 ], [ -100.56764205742445, 21.280035812665098 ], [ -100.567880093473718, 21.287240835934288 ], [ -100.583131040047675, 21.287287944061784 ] ] ] ] } },
{ "type": "Feature", "properties": { "ID": 25, "ENTIDAD": 11, "MUNICIPIO": 33, "NOMBRE": "SAN LUIS DE LA PAZ", "CONTROL": 46, "GEOMETRY1_": null, "ID_2": 2543, "ENTIDAD_2": 11, "DISTRITO_F": 1, "DISTRITO_L": 2, "MUNICIPIO_2": 33, "SECCION": 2586, "TIPO": 3, "CONTROL_2": 407, "GEOMETRY1__2": null }, "geometry": { "type": "MultiPolygon", "coordinates": [ [ [ [ -100.469692457477947, 21.363501367002311 ], [ -100.46680263166823, 21.363311070123483 ], [ -100.464793785236708, 21.362536389438489 ], [ -100.461376938804847, 21.362969686549281 ], [ -100.460793318479134, 21.362599699239162 ], [ -100.460775447893511, 21.362586243151135 ], [ -100.456525364195741, 21.359893898415567 ], [ -100.458758467744246, 21.358639868925042 ], [ -100.44750075618623, 21.309089697906899 ], [ -100.447110273659518, 21.307545516798243 ], [ -100.450621528716198, 21.306148072692547 ], [ -100.450990189732977, 21.30602905674489 ], [ -100.451329495658385, 21.305888632734611 ], [ -100.451606319959112, 21.305730618278567 ], [ -100.452062481262274, 21.305465342881806 ], [ -100.45337534750611, 21.305163147295609 ], [ -100.455149964956476, 21.304875964530961 ], [ -100.455219046399904, 21.304849468600946 ], [ -100.455281228174812, 21.304836687856298 ], [ -100.455321930314469, 21.304836806662234 ], [ -100.455359696669078, 21.304844955820201 ], [ -100.455459425280551, 21.304869049759866 ], [ -100.455552860260738, 21.304866357909304 ], [ -100.455857269645932, 21.304805805752952 ], [ -100.456066354770158, 21.304760204479447 ], [ -100.456304661246392, 21.304671499915276 ], [ -100.45693394705701, 21.304587885581348 ], [ -100.457077054802411, 21.304544617036917 ], [ -100.457172391970275, 21.304513305028376 ], [ -100.457230563510706, 21.304477322867736 ], [ -100.457245973189615, 21.304449405378694 ], [ -100.457255230581083, 21.304418314645215 ], [ -100.457264808624188, 21.304380947323232 ], [ -100.457265195369061, 21.304342584101263 ], [ -100.457258422192808, 21.304198882871002 ], [ -100.457265461681757, 21.303904132029992 ], [ -100.45728671624974, 21.303731866256033 ], [ -100.45728538688121, 21.303597080453141 ], [ -100.457268532288197, 21.303323329752846 ], [ -100.45723335616124, 21.303208913289421 ], [ -100.457209542727782, 21.303082926291843 ], [ -100.457216669348469, 21.302874574013646 ], [ -100.457258215399136, 21.302509974586293 ], [ -100.457265787529579, 21.301958889029571 ], [ -100.457272089624908, 21.301899681358947 ], [ -100.457281012089169, 21.301873433322349 ], [ -100.457302588188512, 21.301830763780799 ], [ -100.457336783966795, 21.301787626433274 ], [ -100.457379830412791, 21.301769149166997 ], [ -100.457422958164841, 21.301758916767959 ], [ -100.458627555052445, 21.30171334535304 ], [ -100.458796884385578, 21.301737689635132 ], [ -100.459007484167557, 21.301679937120994 ], [ -100.459554801581021, 21.301629302005495 ], [ -100.460241242783809, 21.301565985718867 ], [ -100.460825110980167, 21.301497821153216 ], [ -100.461189228074488, 21.301490357541386 ], [ -100.461762469857391, 21.301430886107394 ], [ -100.461931954231432, 21.301393563352754 ], [ -100.463483863763344, 21.301266785812366 ], [ -100.463978036410396, 21.301258184986178 ], [ -100.465661339595954, 21.301111243631702 ], [ -100.466501092938259, 21.301039396499547 ], [ -100.46708866973006, 21.301037142547159 ], [ -100.467299880445978, 21.301024600246691 ], [ -100.467513631425831, 21.300993284561518 ], [ -100.467679160122358, 21.300965728778113 ], [ -100.467829558889989, 21.300910224415428 ], [ -100.46804723381436, 21.300795038708529 ], [ -100.468234762886198, 21.300726004074384 ], [ -100.468480790596871, 21.300692308960826 ], [ -100.468203602994947, 21.298860271152609 ], [ -100.467898550899037, 21.297110572299093 ], [ -100.468640017946996, 21.296935100021631 ], [ -100.469592065806069, 21.29667251463971 ], [ -100.469806487469981, 21.296609427898087 ], [ -100.469996606104502, 21.29652771803114 ], [ -100.47030943345375, 21.296457178800903 ], [ -100.470539678491178, 21.296368525475916 ], [ -100.470923727099859, 21.296184351983641 ], [ -100.472339889513023, 21.29540349547662 ], [ -100.473647895885506, 21.295018933897676 ], [ -100.473902014997194, 21.294044994834856 ], [ -100.478100823728681, 21.294472978725398 ], [ -100.483484316653033, 21.294931739904246 ], [ -100.483489529848271, 21.295284499447092 ], [ -100.483983045661901, 21.295328811606392 ], [ -100.484649465783463, 21.295374861497507 ], [ -100.48528981992888, 21.295398320875933 ], [ -100.485440602268355, 21.295399504575492 ], [ -100.485586972056083, 21.295377468095065 ], [ -100.485864704478587, 21.295303469164416 ], [ -100.486134357553567, 21.295255826873394 ], [ -100.487574068298514, 21.295584258171882 ], [ -100.487705267044745, 21.295560798793485 ], [ -100.488885186894905, 21.295852303292541 ], [ -100.489018557805764, 21.295957436062615 ], [ -100.490252781772682, 21.296282826330625 ], [ -100.490190223430091, 21.296466157028949 ], [ -100.490374789481734, 21.296535253396087 ], [ -100.490607678362153, 21.296530245033093 ], [ -100.491702298644697, 21.296883986816599 ], [ -100.491901271025711, 21.296428544842602 ], [ -100.492433554804109, 21.296638195698208 ], [ -100.493136827616269, 21.29697122289441 ], [ -100.493224822476492, 21.297200855204814 ], [ -100.493447420194258, 21.297223903311277 ], [ -100.493531936320224, 21.297178201998733 ], [ -100.493890660321497, 21.297025446926693 ], [ -100.494035902849063, 21.296972233069607 ], [ -100.494111654339733, 21.296946565209069 ], [ -100.49419116210268, 21.296930914074643 ], [ -100.494308232588253, 21.296924027575514 ], [ -100.494495420156113, 21.296917141076335 ], [ -100.494586196735852, 21.296917767121705 ], [ -100.494674469134068, 21.296929661983881 ], [ -100.494759611305398, 21.296955955889732 ], [ -100.494811573071686, 21.296993518612375 ], [ -100.494884194335484, 21.29708241705606 ], [ -100.495233527656097, 21.297468061008555 ], [ -100.495709322142957, 21.297957628493677 ], [ -100.495755023455516, 21.297853704961039 ], [ -100.496068046144245, 21.29805904784488 ], [ -100.496172595722314, 21.298085341750692 ], [ -100.496816796415715, 21.298313222268018 ], [ -100.497027773707913, 21.29839586025787 ], [ -100.497138583739726, 21.298427788572148 ], [ -100.497237498909357, 21.298443439706581 ], [ -100.497657256708436, 21.298495393266055 ], [ -100.498081263252516, 21.29852319697385 ], [ -100.498317114162816, 21.298549241375436 ], [ -100.498388483335845, 21.298544859057802 ], [ -100.498447331601326, 21.298531086059466 ], [ -100.498572540676804, 21.298475368020917 ], [ -100.49864453589521, 21.298468481521727 ], [ -100.498693993480046, 21.298484132656174 ], [ -100.498811043300478, 21.298600352615725 ], [ -100.499047083072924, 21.298834718067525 ], [ -100.499126590835857, 21.298898574696011 ], [ -100.499214863234101, 21.298957422961543 ], [ -100.498991752239291, 21.300468689377247 ], [ -100.497141356982866, 21.300525675157285 ], [ -100.497654765120387, 21.302547932287933 ], [ -100.498100941733554, 21.304305319083873 ], [ -100.498359976587764, 21.305325575075234 ], [ -100.50330617964714, 21.30585646905217 ], [ -100.505478542268648, 21.306089589110631 ], [ -100.507107484696448, 21.306264374759461 ], [ -100.509594451504157, 21.306531195029489 ], [ -100.509507067910874, 21.306740846066472 ], [ -100.509419684086552, 21.306950497067625 ], [ -100.510231225737499, 21.307337430031097 ], [ -100.510402567900385, 21.307419123060427 ], [ -100.507522966335756, 21.311267736832026 ], [ -100.506062037730445, 21.313345327485354 ], [ -100.504953182418888, 21.315172547645215 ], [ -100.503204399980206, 21.318410408210568 ], [ -100.502038749860489, 21.320610350095045 ], [ -100.501635783046822, 21.322226476329458 ], [ -100.501473212130179, 21.324627357104735 ], [ -100.501249248044886, 21.32661482244038 ], [ -100.500732311185232, 21.328893668098157 ], [ -100.499511042657403, 21.331673215978768 ], [ -100.498584183781219, 21.334409638179519 ], [ -100.4957492299922, 21.333433306234483 ], [ -100.495368909744997, 21.333712073512292 ], [ -100.491993154957342, 21.336186354177947 ], [ -100.495722259647351, 21.338853971729126 ], [ -100.494784562447393, 21.339769812952252 ], [ -100.498161376498743, 21.342646332687806 ], [ -100.493059154484286, 21.347062483624775 ], [ -100.499508407419938, 21.35112081245223 ], [ -100.497867468159413, 21.352744260052987 ], [ -100.497693076997109, 21.353159069524366 ], [ -100.497282651337201, 21.353533896582373 ], [ -100.494447700902811, 21.362612376695392 ], [ -100.492630215757359, 21.364319577604988 ], [ -100.486368269641261, 21.362121922389207 ], [ -100.485301595731229, 21.3611764660082 ], [ -100.483411320222487, 21.360525452729465 ], [ -100.482936826233484, 21.360031683249293 ], [ -100.481576161577649, 21.359212048250399 ], [ -100.4801009741185, 21.358972359415866 ], [ -100.47862650973768, 21.358856787333327 ], [ -100.477802888962714, 21.359151210843223 ], [ -100.476863517561128, 21.359818703682919 ], [ -100.476279035877255, 21.360691027971846 ], [ -100.47593106822579, 21.361686116124108 ], [ -100.475876419156663, 21.362431237893023 ], [ -100.47547188283734, 21.363840433465786 ], [ -100.475241569229851, 21.364793461662298 ], [ -100.474595004006801, 21.365128225119733 ], [ -100.473710479468437, 21.365091957831325 ], [ -100.472768669949872, 21.365345663184801 ], [ -100.471653805092629, 21.366262410901886 ], [ -100.469692457477947, 21.363501367002311 ] ] ] ] } },
{ "type": "Feature", "properties": { "ID": 25, "ENTIDAD": 11, "MUNICIPIO": 33, "NOMBRE": "SAN LUIS DE LA PAZ", "CONTROL": 46, "GEOMETRY1_": null, "ID_2": 2551, "ENTIDAD_2": 11, "DISTRITO_F": 1, "DISTRITO_L": 2, "MUNICIPIO_2": 33, "SECCION": 2594, "TIPO": 4, "CONTROL_2": 3583, "GEOMETRY1__2": null }, "geometry": { "type": "MultiPolygon", "coordinates": [ [ [ [ -100.444532534650165, 21.191720233081032 ], [ -100.449102610579573, 21.19013463831331 ], [ -100.450781318815444, 21.189552165182555 ], [ -100.452551289026999, 21.188898306658412 ], [ -100.455871831529606, 21.187883044370817 ], [ -100.466454029435837, 21.183875409065493 ], [ -100.477967957758594, 21.180638341491072 ], [ -100.484884190104324, 21.178693448751897 ], [ -100.485731319889837, 21.178796863292035 ], [ -100.485702951509623, 21.178465746423399 ], [ -100.485624663218303, 21.177413598700827 ], [ -100.485522794837763, 21.176544177482956 ], [ -100.485338262613638, 21.175504306534688 ], [ -100.485054702947608, 21.174775547358774 ], [ -100.484731436187317, 21.173999257001284 ], [ -100.484460600314222, 21.173034928132473 ], [ -100.484223134597102, 21.172173222808745 ], [ -100.483275554132376, 21.170220715900467 ], [ -100.481323360770759, 21.167292340670606 ], [ -100.4812151575222, 21.167365024752719 ], [ -100.480722354154395, 21.166087566188462 ], [ -100.480278893691036, 21.165146955067119 ], [ -100.479896842631831, 21.163918586334717 ], [ -100.479399276122621, 21.163237187869555 ], [ -100.478997539031496, 21.162106548937917 ], [ -100.478753121887863, 21.161492935261247 ], [ -100.478527359800822, 21.161032300862299 ], [ -100.478109806532871, 21.160367217549783 ], [ -100.477898271881671, 21.159918504981174 ], [ -100.4776916045425, 21.159465329971926 ], [ -100.477478536289141, 21.158887919726912 ], [ -100.477084139627379, 21.158242191262101 ], [ -100.476674696403009, 21.15754945454109 ], [ -100.492810595692831, 21.155603838835553 ], [ -100.494049252617884, 21.155672673594594 ], [ -100.495050717120208, 21.155619995801025 ], [ -100.495522460536293, 21.155635373922749 ], [ -100.495994203961232, 21.15565075072298 ], [ -100.496285047546436, 21.155316331457517 ], [ -100.496394269573642, 21.154570036627248 ], [ -100.498178046204799, 21.154382893121596 ], [ -100.498281565073881, 21.153626151448755 ], [ -100.498826162246161, 21.152526685328958 ], [ -100.500036953566763, 21.151369187968836 ], [ -100.500915941435466, 21.150371003325485 ], [ -100.501384913956016, 21.149355356395695 ], [ -100.501568474919495, 21.148957817270503 ], [ -100.502350870259477, 21.148469930340305 ], [ -100.503350453841932, 21.14784659929656 ], [ -100.503942800334556, 21.147477212421318 ], [ -100.508071701949618, 21.147562119029704 ], [ -100.509453988855569, 21.148135663148437 ], [ -100.509559151715067, 21.148153466858744 ], [ -100.510113391369615, 21.148247296561721 ], [ -100.510658339552961, 21.149482872414506 ], [ -100.515563061823585, 21.150544661185315 ], [ -100.515379938913384, 21.150008649210466 ], [ -100.520031411780209, 21.144574631283117 ], [ -100.521857353379986, 21.144470992425333 ], [ -100.522977562921952, 21.14449958049229 ], [ -100.523513813925092, 21.14499015324968 ], [ -100.523580556169421, 21.145651662860082 ], [ -100.52467695077631, 21.146924367917315 ], [ -100.522486679833619, 21.147857949820093 ], [ -100.524964046501495, 21.153003613657539 ], [ -100.523895542324126, 21.157362003375685 ], [ -100.528630481869598, 21.163971854505711 ], [ -100.545947949805182, 21.162861665422337 ], [ -100.548952861611212, 21.162744072959903 ], [ -100.540986317849189, 21.181793638943351 ], [ -100.544837164721983, 21.183363381879467 ], [ -100.544193194472967, 21.183743359340607 ], [ -100.542896840157212, 21.183799747119249 ], [ -100.541011994038868, 21.183945708147096 ], [ -100.540542879813714, 21.184158085438408 ], [ -100.540077712607584, 21.184701549155122 ], [ -100.53955359367643, 21.185245692323104 ], [ -100.538853118355334, 21.18583326108245 ], [ -100.538208627886959, 21.186171831228179 ], [ -100.536917666887518, 21.186683420607956 ], [ -100.535447879358045, 21.187031494075612 ], [ -100.535036219337286, 21.187119019777072 ], [ -100.534523637381028, 21.187597944209497 ], [ -100.534453123471849, 21.187663827634168 ], [ -100.533512882380336, 21.187923002674935 ], [ -100.532451297622131, 21.187893826368416 ], [ -100.531802851615197, 21.187901284614636 ], [ -100.53093742016614, 21.188346098958466 ], [ -100.529163852411401, 21.189090582038254 ], [ -100.528164150536057, 21.189309019219291 ], [ -100.52574571717561, 21.189212586951257 ], [ -100.523504135686878, 21.189114094825928 ], [ -100.518413917349179, 21.187433845343239 ], [ -100.517103378299979, 21.186289832263661 ], [ -100.509403559134455, 21.183273123706542 ], [ -100.502535630165994, 21.188292459214974 ], [ -100.502154797550688, 21.188570768193124 ], [ -100.503712849875285, 21.192171738215301 ], [ -100.506396623887127, 21.19837399204642 ], [ -100.504554607212469, 21.202202964238012 ], [ -100.5027559823411, 21.204706881302737 ], [ -100.50193976671909, 21.205502579251775 ], [ -100.49691903706541, 21.206058337904626 ], [ -100.493950480317949, 21.206386864092561 ], [ -100.489525279884248, 21.20838302132741 ], [ -100.48520349694202, 21.210332368046 ], [ -100.484838588118876, 21.210496953479435 ], [ -100.482662328817128, 21.210976692006682 ], [ -100.478336900583372, 21.212762877344058 ], [ -100.478025927725554, 21.212891287765483 ], [ -100.477495027739408, 21.212514415287043 ], [ -100.475152211217463, 21.210851264587479 ], [ -100.473031824137891, 21.209345952628059 ], [ -100.47282372902005, 21.209288023638639 ], [ -100.472070008331031, 21.20907820221905 ], [ -100.471316289569913, 21.208868377304707 ], [ -100.466930531456782, 21.206930372647975 ], [ -100.464207537766057, 21.20600860587297 ], [ -100.460654438247346, 21.204682070097878 ], [ -100.457222610134508, 21.20364386348929 ], [ -100.454328496011513, 21.203220536920416 ], [ -100.449602952505472, 21.202486205897358 ], [ -100.448515549186027, 21.205395678285644 ], [ -100.447462716710206, 21.206152339242134 ], [ -100.446341555020496, 21.206081889571326 ], [ -100.44580296969383, 21.205384135002333 ], [ -100.444773965402959, 21.208251551730662 ], [ -100.440622033770396, 21.206103311594095 ], [ -100.438304920042825, 21.204555773518813 ], [ -100.436647737659939, 21.20401512461228 ], [ -100.434990566422456, 21.203474458720699 ], [ -100.433203782237783, 21.202010870296771 ], [ -100.431908341249823, 21.201100788278179 ], [ -100.431201826750453, 21.200480391930792 ], [ -100.430495318131008, 21.199859992248978 ], [ -100.429670882536939, 21.199404819225542 ], [ -100.427788208595601, 21.197426831977722 ], [ -100.429883158476713, 21.193428949867631 ], [ -100.430229482944995, 21.193289670477668 ], [ -100.432271230126787, 21.19246853299645 ], [ -100.433577983099752, 21.191942973661938 ], [ -100.435136315228277, 21.191316214695195 ], [ -100.437434236444801, 21.190981956636559 ], [ -100.441137131680094, 21.191805078615289 ], [ -100.443525208841848, 21.191759804331721 ], [ -100.444346530966357, 21.19178626506962 ], [ -100.444532534650165, 21.191720233081032 ] ] ] ] } },
{ "type": "Feature", "properties": { "ID": 25, "ENTIDAD": 11, "MUNICIPIO": 33, "NOMBRE": "SAN LUIS DE LA PAZ", "CONTROL": 46, "GEOMETRY1_": null, "ID_2": 2544, "ENTIDAD_2": 11, "DISTRITO_F": 1, "DISTRITO_L": 2, "MUNICIPIO_2": 33, "SECCION": 2587, "TIPO": 2, "CONTROL_2": 3399, "GEOMETRY1__2": null }, "geometry": { "type": "MultiPolygon", "coordinates": [ [ [ [ -100.496816796415715, 21.298313222268018 ], [ -100.496172595722314, 21.298085341750692 ], [ -100.496068046144245, 21.29805904784488 ], [ -100.495755023455516, 21.297853704961039 ], [ -100.495709322142957, 21.297957628493677 ], [ -100.495233527656097, 21.297468061008555 ], [ -100.494884194335484, 21.29708241705606 ], [ -100.494811573071686, 21.296993518612375 ], [ -100.494759611305398, 21.296955955889732 ], [ -100.494674469134068, 21.296929661983881 ], [ -100.494586196735852, 21.296917767121705 ], [ -100.494495420156113, 21.296917141076335 ], [ -100.494308232588253, 21.296924027575514 ], [ -100.49419116210268, 21.296930914074643 ], [ -100.494111654339733, 21.296946565209069 ], [ -100.494035902849063, 21.296972233069607 ], [ -100.493890660321497, 21.297025446926693 ], [ -100.493531936320224, 21.297178201998733 ], [ -100.493447420194258, 21.297223903311277 ], [ -100.493224822476492, 21.297200855204814 ], [ -100.493136827616269, 21.29697122289441 ], [ -100.492433554804109, 21.296638195698208 ], [ -100.491901271025711, 21.296428544842602 ], [ -100.491702298644697, 21.296883986816599 ], [ -100.490607678362153, 21.296530245033093 ], [ -100.490374789481734, 21.296535253396087 ], [ -100.490190223430091, 21.296466157028949 ], [ -100.490252781772682, 21.296282826330625 ], [ -100.489018557805764, 21.295957436062615 ], [ -100.488885186894905, 21.295852303292541 ], [ -100.487705267044745, 21.295560798793485 ], [ -100.487574068298514, 21.295584258171882 ], [ -100.486134357553567, 21.295255826873394 ], [ -100.485864704478587, 21.295303469164416 ], [ -100.485586972056083, 21.295377468095065 ], [ -100.485440602268355, 21.295399504575492 ], [ -100.48528981992888, 21.295398320875933 ], [ -100.484649465783463, 21.295374861497507 ], [ -100.483983045661901, 21.295328811606392 ], [ -100.483489529848271, 21.295284499447092 ], [ -100.483484316653033, 21.294931739904246 ], [ -100.478100823728681, 21.294472978725398 ], [ -100.473902014997194, 21.294044994834856 ], [ -100.473647895885506, 21.295018933897676 ], [ -100.472339889513023, 21.29540349547662 ], [ -100.470923727099859, 21.296184351983641 ], [ -100.470539678491178, 21.296368525475916 ], [ -100.47030943345375, 21.296457178800903 ], [ -100.469996606104502, 21.29652771803114 ], [ -100.469806487469981, 21.296609427898087 ], [ -100.469592065806069, 21.29667251463971 ], [ -100.468640017946996, 21.296935100021631 ], [ -100.467898550899037, 21.297110572299093 ], [ -100.468203602994947, 21.298860271152609 ], [ -100.468480790596871, 21.300692308960826 ], [ -100.468234762886198, 21.300726004074384 ], [ -100.46804723381436, 21.300795038708529 ], [ -100.467829558889989, 21.300910224415428 ], [ -100.467679160122358, 21.300965728778113 ], [ -100.467513631425831, 21.300993284561518 ], [ -100.467299880445978, 21.301024600246691 ], [ -100.46708866973006, 21.301037142547159 ], [ -100.466501092938259, 21.301039396499547 ], [ -100.465661339595954, 21.301111243631702 ], [ -100.463978036410396, 21.301258184986178 ], [ -100.463483863763344, 21.301266785812366 ], [ -100.461931954231432, 21.301393563352754 ], [ -100.461762469857391, 21.301430886107394 ], [ -100.461189228074488, 21.301490357541386 ], [ -100.460825110980167, 21.301497821153216 ], [ -100.460241242783809, 21.301565985718867 ], [ -100.459554801581021, 21.301629302005495 ], [ -100.459007484167557, 21.301679937120994 ], [ -100.458796884385578, 21.301737689635132 ], [ -100.458627555052445, 21.30171334535304 ], [ -100.457422958164841, 21.301758916767959 ], [ -100.457379830412791, 21.301769149166997 ], [ -100.457336783966795, 21.301787626433274 ], [ -100.457302588188512, 21.301830763780799 ], [ -100.457281012089169, 21.301873433322349 ], [ -100.457272089624908, 21.301899681358947 ], [ -100.457265787529579, 21.301958889029571 ], [ -100.457258215399136, 21.302509974586293 ], [ -100.457216669348469, 21.302874574013646 ], [ -100.457209542727782, 21.303082926291843 ], [ -100.45723335616124, 21.303208913289421 ], [ -100.457268532288197, 21.303323329752846 ], [ -100.45728538688121, 21.303597080453141 ], [ -100.45728671624974, 21.303731866256033 ], [ -100.457265461681757, 21.303904132029992 ], [ -100.457258422192808, 21.304198882871002 ], [ -100.457265195369061, 21.304342584101263 ], [ -100.457264808624188, 21.304380947323232 ], [ -100.457255230581083, 21.304418314645215 ], [ -100.457245973189615, 21.304449405378694 ], [ -100.457230563510706, 21.304477322867736 ], [ -100.457172391970275, 21.304513305028376 ], [ -100.457077054802411, 21.304544617036917 ], [ -100.45693394705701, 21.304587885581348 ], [ -100.456304661246392, 21.304671499915276 ], [ -100.456066354770158, 21.304760204479447 ], [ -100.455857269645932, 21.304805805752952 ], [ -100.455552860260738, 21.304866357909304 ], [ -100.455459425280551, 21.304869049759866 ], [ -100.455359696669078, 21.304844955820201 ], [ -100.455321930314469, 21.304836806662234 ], [ -100.455281228174812, 21.304836687856298 ], [ -100.455219046399904, 21.304849468600946 ], [ -100.455149964956476, 21.304875964530961 ], [ -100.45337534750611, 21.305163147295609 ], [ -100.452062481262274, 21.305465342881806 ], [ -100.451606319959112, 21.305730618278567 ], [ -100.451329495658385, 21.305888632734611 ], [ -100.450990189732977, 21.30602905674489 ], [ -100.450621528716198, 21.306148072692547 ], [ -100.447110273659518, 21.307545516798243 ], [ -100.446149042092031, 21.303361977837195 ], [ -100.445962264035913, 21.302571048366577 ], [ -100.445607534065957, 21.30270435323893 ], [ -100.445294245774747, 21.302746241162044 ], [ -100.444778964472206, 21.302787951074681 ], [ -100.444372747372782, 21.302883865074659 ], [ -100.444078572887406, 21.302924391667762 ], [ -100.44370157615991, 21.302945552137828 ], [ -100.443345540984083, 21.302934095396953 ], [ -100.443022095506961, 21.302939908834727 ], [ -100.44215483802671, 21.302979610012937 ], [ -100.442222063933229, 21.302539335192083 ], [ -100.442330456808392, 21.301938507174558 ], [ -100.442525910990895, 21.300798696727803 ], [ -100.442639148664853, 21.300224117376445 ], [ -100.442816113542349, 21.299181133894717 ], [ -100.44283980024484, 21.299099550083685 ], [ -100.442883314826929, 21.299011343164253 ], [ -100.442943410588796, 21.298936617263024 ], [ -100.443021235069978, 21.298875362522843 ], [ -100.444024444994085, 21.298226825049827 ], [ -100.444892605091823, 21.297664415421352 ], [ -100.446006928379461, 21.296918235941021 ], [ -100.447037724512512, 21.296237776656522 ], [ -100.447248478403452, 21.296109762531952 ], [ -100.447319533738607, 21.296060753319569 ], [ -100.447355021986581, 21.296033807418315 ], [ -100.44737862946053, 21.296001450288564 ], [ -100.447537751998368, 21.29568746542926 ], [ -100.448105721403309, 21.295625376852676 ], [ -100.447692519010488, 21.295028046779038 ], [ -100.447165904707944, 21.294169773507274 ], [ -100.446996854581528, 21.293886334894076 ], [ -100.44686482455495, 21.293737375770178 ], [ -100.446706288980309, 21.293485872874918 ], [ -100.446593920755291, 21.293261219413058 ], [ -100.44651507220847, 21.293126143092564 ], [ -100.446413788423385, 21.292991737527625 ], [ -100.446325727444957, 21.292853394215328 ], [ -100.446517189009285, 21.292716950970043 ], [ -100.446588359912582, 21.292692916984176 ], [ -100.446665940872791, 21.292672412928674 ], [ -100.446838994756121, 21.292661604357594 ], [ -100.447165502499374, 21.292643740251663 ], [ -100.447500146770466, 21.292649466880732 ], [ -100.44757506997496, 21.292644042482205 ], [ -100.447646848927718, 21.292630040971005 ], [ -100.447768958710796, 21.292599354299963 ], [ -100.447983982002512, 21.292577428413384 ], [ -100.448314398557486, 21.292568132586791 ], [ -100.44858682729442, 21.292574870386591 ], [ -100.449191378119195, 21.292590220760452 ], [ -100.449552927864843, 21.292583044485081 ], [ -100.449695671434782, 21.292576079062549 ], [ -100.449830713434821, 21.292563921786257 ], [ -100.44993755301347, 21.289884014151919 ], [ -100.450049175187146, 21.289876360594441 ], [ -100.450136070348293, 21.289895688339382 ], [ -100.450599441270384, 21.289922288439374 ], [ -100.45083916935431, 21.289923568531201 ], [ -100.451074944149454, 21.289937788530683 ], [ -100.451398343390949, 21.289941692600365 ], [ -100.451549412984775, 21.289951862170174 ], [ -100.451760454901731, 21.289940482130838 ], [ -100.45192370793076, 21.289944810216834 ], [ -100.452114340805224, 21.289932649750863 ], [ -100.452384682237863, 21.28993509757726 ], [ -100.45259498575426, 21.289952403233798 ], [ -100.452804119043421, 21.289954422529245 ], [ -100.452753021470386, 21.289425710729461 ], [ -100.452740377987013, 21.289125153972769 ], [ -100.452740327750249, 21.289094084006148 ], [ -100.452751577046428, 21.289071042632784 ], [ -100.45278826602285, 21.289015755306291 ], [ -100.452814069628189, 21.288890773015645 ], [ -100.452830225737628, 21.288770176035595 ], [ -100.452830513124908, 21.288695604594082 ], [ -100.452804666364429, 21.288660455194282 ], [ -100.452746467735778, 21.288614079960073 ], [ -100.452637904826076, 21.288091154826965 ], [ -100.452592470991632, 21.287723482048111 ], [ -100.45257229586403, 21.287434940340408 ], [ -100.452579699677273, 21.287357917449434 ], [ -100.452592158106938, 21.287328173567126 ], [ -100.452612813778785, 21.287302183006247 ], [ -100.452641657299594, 21.287278989832295 ], [ -100.452675713298547, 21.287267223827612 ], [ -100.45325299683266, 21.287260807635764 ], [ -100.453380169786058, 21.287278830065681 ], [ -100.453436848051012, 21.287285510853316 ], [ -100.453474095396274, 21.287287101310387 ], [ -100.453505171302851, 21.287283486973475 ], [ -100.45356675675329, 21.287270527099189 ], [ -100.453627434989812, 21.287269047182704 ], [ -100.45382421211572, 21.287259699934413 ], [ -100.453847947432408, 21.285030791336155 ], [ -100.453877039457709, 21.284358463391566 ], [ -100.454845834717858, 21.284542492650683 ], [ -100.454990842637969, 21.2845591648503 ], [ -100.455186243605752, 21.284565841278759 ], [ -100.455395498437156, 21.284581001835544 ], [ -100.455610417065742, 21.284601610233711 ], [ -100.456210044657254, 21.28469011439649 ], [ -100.456786091769715, 21.284766392262782 ], [ -100.457342063424832, 21.28477209705509 ], [ -100.457831682296856, 21.284772638468095 ], [ -100.45839478395024, 21.284777322031861 ], [ -100.459020111323539, 21.284782420511402 ], [ -100.459370989723283, 21.28478129161449 ], [ -100.459721802026877, 21.28477347048505 ], [ -100.459745489160483, 21.284331349225209 ], [ -100.459735311178306, 21.284075226614828 ], [ -100.459749055292093, 21.283736679684324 ], [ -100.459766083762844, 21.28336918494529 ], [ -100.459773118381335, 21.282996757778573 ], [ -100.4597711466498, 21.282796968623007 ], [ -100.459799315660902, 21.28249892705551 ], [ -100.459839747765969, 21.282151544606652 ], [ -100.459859344291615, 21.28207011379294 ], [ -100.459877128392804, 21.281908393780785 ], [ -100.459877745190667, 21.281609157037419 ], [ -100.459880192754497, 21.281443745936865 ], [ -100.459896390323266, 21.281276303605313 ], [ -100.459905103088715, 21.281177280941041 ], [ -100.459922485121339, 21.281078183116172 ], [ -100.459952951480787, 21.280961285649248 ], [ -100.459961673137073, 21.280914843504604 ], [ -100.459956536334701, 21.280859439406736 ], [ -100.45994185238925, 21.280766833653018 ], [ -100.45993768834451, 21.280706641064899 ], [ -100.459939797464585, 21.280623210824437 ], [ -100.459967237759386, 21.280315973905775 ], [ -100.459982515874884, 21.280003703861379 ], [ -100.459995563934186, 21.279827206707267 ], [ -100.460030177725827, 21.27951046696354 ], [ -100.460039031886822, 21.279425783222209 ], [ -100.460026761054252, 21.279319294375185 ], [ -100.460022960778886, 21.279244280453742 ], [ -100.460031404044187, 21.27916963838949 ], [ -100.460039375603955, 21.27904719986002 ], [ -100.460087769492603, 21.278989897632918 ], [ -100.46012023596036, 21.278533120850195 ], [ -100.46013060959703, 21.278292355109482 ], [ -100.460190461681648, 21.277006120635981 ], [ -100.460188431853396, 21.276955469637794 ], [ -100.460169744239693, 21.276870546653566 ], [ -100.460170207533977, 21.276814137971492 ], [ -100.460183836030879, 21.276644805817483 ], [ -100.460215397052508, 21.276160909965288 ], [ -100.460188839298667, 21.276001964323644 ], [ -100.460182904508372, 21.275969033383639 ], [ -100.460182824592579, 21.275935095672939 ], [ -100.460195545046929, 21.275906305050803 ], [ -100.460213667027489, 21.27588224765525 ], [ -100.460254495707019, 21.275833615103988 ], [ -100.460272532764293, 21.275800954336781 ], [ -100.460281287139594, 21.275757857924845 ], [ -100.46029083547775, 21.27564018574224 ], [ -100.460306158723768, 21.275487569073952 ], [ -100.46031374326428, 21.275325937390686 ], [ -100.460336720245451, 21.275173732364074 ], [ -100.460352451698384, 21.275036647334616 ], [ -100.460383990507935, 21.274718500085104 ], [ -100.460422871140238, 21.27442084341455 ], [ -100.460455980562884, 21.274261858435601 ], [ -100.460578290239923, 21.274266175455317 ], [ -100.460718375550627, 21.2742759548 ], [ -100.460928201304824, 21.27429875231411 ], [ -100.461129171818243, 21.27430274515746 ], [ -100.461329150779463, 21.274309614396341 ], [ -100.461739581221011, 21.274350985595934 ], [ -100.461986530794618, 21.274363182484564 ], [ -100.462586770193738, 21.274414376128984 ], [ -100.463682080529878, 21.274505242729894 ], [ -100.463854079521241, 21.274519044161167 ], [ -100.464032840079128, 21.274546170788163 ], [ -100.464163327218358, 21.274590925041792 ], [ -100.464263841826494, 21.274647411877247 ], [ -100.464545680327134, 21.274938456622909 ], [ -100.464620237263119, 21.275004959871961 ], [ -100.465701310546564, 21.275794660422239 ], [ -100.466020132367845, 21.276029820675902 ], [ -100.466529468471208, 21.276376241944355 ], [ -100.46815447911456, 21.277172532774632 ], [ -100.469308095226097, 21.277735368548615 ], [ -100.46963134142409, 21.277880729395914 ], [ -100.469986467789028, 21.278000955117371 ], [ -100.474532533754939, 21.279508207564422 ], [ -100.475463029767795, 21.274276147862878 ], [ -100.476111772537891, 21.275002563466714 ], [ -100.476187798301439, 21.274730174016828 ], [ -100.476190404899043, 21.274670005055356 ], [ -100.476158908511294, 21.274567478882794 ], [ -100.476134797483425, 21.27435764777546 ], [ -100.476149568203198, 21.274271630054475 ], [ -100.476205610051764, 21.274114365332188 ], [ -100.476252528808701, 21.274059409565908 ], [ -100.476359399310567, 21.273979039473058 ], [ -100.476408490232174, 21.27392125989282 ], [ -100.476421088787276, 21.273860004849027 ], [ -100.47635375168241, 21.273224863898804 ], [ -100.476416744457936, 21.272705716542056 ], [ -100.476482343831037, 21.272579730991051 ], [ -100.476716068749838, 21.272266070412339 ], [ -100.476937629546441, 21.271954147565317 ], [ -100.477488273290859, 21.271339207746514 ], [ -100.477820180052873, 21.270646938865401 ], [ -100.477953985396653, 21.270448185797896 ], [ -100.478038699818882, 21.27036564354032 ], [ -100.47816251320522, 21.270300044167197 ], [ -100.478312392567631, 21.270259207471334 ], [ -100.478445980694985, 21.270251170462153 ], [ -100.478529174602059, 21.270382803641251 ], [ -100.478583044285955, 21.270540937229406 ], [ -100.479076560099543, 21.272256078454802 ], [ -100.479188643796633, 21.272552361716166 ], [ -100.480385940964098, 21.272416818640568 ], [ -100.480396252211136, 21.272616876728318 ], [ -100.480462299998464, 21.272971218412025 ], [ -100.480517705014364, 21.273202855201639 ], [ -100.480575301189077, 21.273366253045179 ], [ -100.480617246229372, 21.273498974665216 ], [ -100.480672338222575, 21.273626061876811 ], [ -100.480828223521556, 21.273875853982428 ], [ -100.480905853148371, 21.273994802604115 ], [ -100.480995690660038, 21.274106864726676 ], [ -100.481220753973219, 21.274348518242341 ], [ -100.481525638072043, 21.274575772714403 ], [ -100.4817322330466, 21.274709746425167 ], [ -100.48253267789714, 21.275239021012187 ], [ -100.485651575817741, 21.277349743563374 ], [ -100.488072371946672, 21.278880415770381 ], [ -100.488534662111604, 21.279187115092626 ], [ -100.488649705455416, 21.278442355038909 ], [ -100.490080766522951, 21.279198473663428 ], [ -100.490979763975844, 21.279747403185535 ], [ -100.491262353116653, 21.279196388796908 ], [ -100.493089022450647, 21.279869506790952 ], [ -100.49265998723952, 21.281014822008522 ], [ -100.492989731749574, 21.281374084016232 ], [ -100.494044620598672, 21.281376765752107 ], [ -100.493750519571577, 21.282622015950345 ], [ -100.494443574517817, 21.283081406006431 ], [ -100.495316624301964, 21.283610198084766 ], [ -100.495774520182621, 21.283903930147428 ], [ -100.495927725856163, 21.284002208303441 ], [ -100.496784537528242, 21.284551829465382 ], [ -100.497453365467351, 21.284980858137313 ], [ -100.497368138027554, 21.2851531976284 ], [ -100.497059060742544, 21.286017375881901 ], [ -100.496843172674858, 21.287920277501332 ], [ -100.497368475464626, 21.28789069904769 ], [ -100.497917320222442, 21.287906194913532 ], [ -100.497817263588217, 21.288284212059494 ], [ -100.499030596053188, 21.288865644714825 ], [ -100.4987580920981, 21.289774750363783 ], [ -100.498917784487176, 21.289761064542926 ], [ -100.499762634130903, 21.289691407095965 ], [ -100.500235390933128, 21.289654555494053 ], [ -100.500733027897212, 21.289610169499923 ], [ -100.501259005564123, 21.289563254079496 ], [ -100.502573188616552, 21.289446026143587 ], [ -100.503098787956418, 21.289399138651287 ], [ -100.503568565440034, 21.289357229490321 ], [ -100.503729781668866, 21.289342846858268 ], [ -100.504216166680933, 21.289299454377606 ], [ -100.504548783351524, 21.289266473180771 ], [ -100.504557232784535, 21.289343564745007 ], [ -100.504601487054288, 21.289557551249281 ], [ -100.504668040572184, 21.289669883370017 ], [ -100.504734214800109, 21.289744935018302 ], [ -100.50494728622877, 21.289933751383199 ], [ -100.505318150536979, 21.290104127795967 ], [ -100.504977923956375, 21.291327494923951 ], [ -100.504758808074243, 21.292136345551597 ], [ -100.504347496261261, 21.29355120810467 ], [ -100.504453297930056, 21.293574997828994 ], [ -100.504321828400776, 21.293970032462166 ], [ -100.504258597817639, 21.294030758863808 ], [ -100.504147787785811, 21.294448957175895 ], [ -100.504117737607672, 21.294488711057394 ], [ -100.503726459246806, 21.296105786267255 ], [ -100.503702982545164, 21.296175903349575 ], [ -100.503619718509967, 21.29635307419143 ], [ -100.503548975382316, 21.296571564028099 ], [ -100.50350202197896, 21.296576572391153 ], [ -100.503215919241484, 21.297461800554814 ], [ -100.502973013635028, 21.298300701360578 ], [ -100.502931068594748, 21.298332629674867 ], [ -100.502770800978126, 21.298560510192203 ], [ -100.502680650443779, 21.298825953432278 ], [ -100.502703010784856, 21.298936482670133 ], [ -100.502417805228589, 21.299015244046295 ], [ -100.502113388022096, 21.299098982297544 ], [ -100.50198057057527, 21.299129206198035 ], [ -100.501888329826841, 21.299143293921791 ], [ -100.501788774060742, 21.299152786400604 ], [ -100.501688749263153, 21.299153768670422 ], [ -100.50157582122597, 21.299146082810125 ], [ -100.501456754894733, 21.299127248568009 ], [ -100.501393097508881, 21.299111952988117 ], [ -100.501329023032781, 21.299093255369815 ], [ -100.501266364767204, 21.299072752599471 ], [ -100.501203081779664, 21.299047236400028 ], [ -100.501149395173968, 21.299024950680085 ], [ -100.501076840119111, 21.298990465058083 ], [ -100.500845733778831, 21.298872429436067 ], [ -100.500571775477923, 21.298725378721393 ], [ -100.500351354627, 21.298604737601291 ], [ -100.500127149086367, 21.298488073395365 ], [ -100.499907898271459, 21.298369572216387 ], [ -100.499730999851295, 21.298277939189571 ], [ -100.499608333333683, 21.298210000028185 ], [ -100.499495567994643, 21.298148110160962 ], [ -100.499349390530924, 21.298068032942641 ], [ -100.499188837978821, 21.298003858071457 ], [ -100.499163936289222, 21.29800073982549 ], [ -100.498811043300478, 21.298600352615725 ], [ -100.498693993480046, 21.298484132656174 ], [ -100.49864453589521, 21.298468481521727 ], [ -100.498572540676804, 21.298475368020917 ], [ -100.498447331601326, 21.298531086059466 ], [ -100.498388483335845, 21.298544859057802 ], [ -100.498317114162816, 21.298549241375436 ], [ -100.498081263252516, 21.29852319697385 ], [ -100.497657256708436, 21.298495393266055 ], [ -100.497237498909357, 21.298443439706581 ], [ -100.497138583739726, 21.298427788572148 ], [ -100.497027773707913, 21.29839586025787 ], [ -100.496816796415715, 21.298313222268018 ] ] ] ] } },
{ "type": "Feature", "properties": { "ID": 25, "ENTIDAD": 11, "MUNICIPIO": 33, "NOMBRE": "SAN LUIS DE LA PAZ", "CONTROL": 46, "GEOMETRY1_": null, "ID_2": 2545, "ENTIDAD_2": 11, "DISTRITO_F": 1, "DISTRITO_L": 2, "MUNICIPIO_2": 33, "SECCION": 2588, "TIPO": 3, "CONTROL_2": 3635, "GEOMETRY1__2": null }, "geometry": { "type": "MultiPolygon", "coordinates": [ [ [ [ -100.530069660399619, 21.287676736092674 ], [ -100.529925687554041, 21.28766601064007 ], [ -100.529677626112175, 21.287647530671961 ], [ -100.528620865614599, 21.287605997351584 ], [ -100.528334172105559, 21.283412483905419 ], [ -100.526317099493099, 21.283700240174824 ], [ -100.525852423295476, 21.2815938511316 ], [ -100.525795520552137, 21.281301414454028 ], [ -100.524436069735486, 21.281346703135721 ], [ -100.523144915590336, 21.281389706416491 ], [ -100.521418027467334, 21.281447206801435 ], [ -100.521273394438595, 21.283171402671961 ], [ -100.51623297261871, 21.284305017145172 ], [ -100.511965653528605, 21.283572746539921 ], [ -100.51122329749424, 21.281652213036928 ], [ -100.509196202621609, 21.282509964884618 ], [ -100.508845085046175, 21.282011101523164 ], [ -100.508051294715003, 21.281924141937115 ], [ -100.50613382145734, 21.281739691482272 ], [ -100.50571311593221, 21.280188819873583 ], [ -100.503017607220059, 21.280272950196018 ], [ -100.501898909128684, 21.278005782697978 ], [ -100.501577497469654, 21.278019811178076 ], [ -100.501256085708462, 21.278033839048117 ], [ -100.500864051826468, 21.278050948356647 ], [ -100.500613261879636, 21.278061892958089 ], [ -100.499901935816723, 21.28058593739998 ], [ -100.499733170331567, 21.281184767344143 ], [ -100.499612586834118, 21.281612630599454 ], [ -100.499454369547323, 21.282174025400568 ], [ -100.499224109815316, 21.282991037974586 ], [ -100.499214024477382, 21.283026822800274 ], [ -100.49905544747547, 21.282807196917329 ], [ -100.499013902264309, 21.282567930287072 ], [ -100.49886788302355, 21.282129678295355 ], [ -100.498515095618728, 21.28187615832384 ], [ -100.497477226612091, 21.281207075618426 ], [ -100.496091947848754, 21.280123781849667 ], [ -100.49580454434043, 21.279887571140875 ], [ -100.495410849948129, 21.279732619242743 ], [ -100.49471266431334, 21.279170934966469 ], [ -100.494285427954722, 21.278784061451624 ], [ -100.493724308908895, 21.278190165034733 ], [ -100.493089022450647, 21.279869506790952 ], [ -100.491262353116653, 21.279196388796908 ], [ -100.490979763975844, 21.279747403185535 ], [ -100.490080766522951, 21.279198473663428 ], [ -100.488649705455416, 21.278442355038909 ], [ -100.488534662111604, 21.279187115092626 ], [ -100.488072371946672, 21.278880415770381 ], [ -100.485651575817741, 21.277349743563374 ], [ -100.48253267789714, 21.275239021012187 ], [ -100.4817322330466, 21.274709746425167 ], [ -100.481525638072043, 21.274575772714403 ], [ -100.481220753973219, 21.274348518242341 ], [ -100.480995690660038, 21.274106864726676 ], [ -100.480905853148371, 21.273994802604115 ], [ -100.480828223521556, 21.273875853982428 ], [ -100.480672338222575, 21.273626061876811 ], [ -100.480617246229372, 21.273498974665216 ], [ -100.480575301189077, 21.273366253045179 ], [ -100.480517705014364, 21.273202855201639 ], [ -100.480462299998464, 21.272971218412025 ], [ -100.480396252211136, 21.272616876728318 ], [ -100.480385940964098, 21.272416818640568 ], [ -100.479188643796633, 21.272552361716166 ], [ -100.479076560099543, 21.272256078454802 ], [ -100.478583044285955, 21.270540937229406 ], [ -100.478529174602059, 21.270382803641251 ], [ -100.478445980694985, 21.270251170462153 ], [ -100.478312392567631, 21.270259207471334 ], [ -100.47816251320522, 21.270300044167197 ], [ -100.478038699818882, 21.27036564354032 ], [ -100.477953985396653, 21.270448185797896 ], [ -100.477820180052873, 21.270646938865401 ], [ -100.477488273290859, 21.271339207746514 ], [ -100.476937629546441, 21.271954147565317 ], [ -100.476716068749838, 21.272266070412339 ], [ -100.476482343831037, 21.272579730991051 ], [ -100.476416744457936, 21.272705716542056 ], [ -100.47635375168241, 21.273224863898804 ], [ -100.476421088787276, 21.273860004849027 ], [ -100.476408490232174, 21.27392125989282 ], [ -100.476359399310567, 21.273979039473058 ], [ -100.476252528808701, 21.274059409565908 ], [ -100.476205610051764, 21.274114365332188 ], [ -100.476149568203198, 21.274271630054475 ], [ -100.476134797483425, 21.27435764777546 ], [ -100.476158908511294, 21.274567478882794 ], [ -100.476190404899043, 21.274670005055356 ], [ -100.476187798301439, 21.274730174016828 ], [ -100.476111772537891, 21.275002563466714 ], [ -100.475463029767795, 21.274276147862878 ], [ -100.474532533754939, 21.279508207564422 ], [ -100.469986467789028, 21.278000955117371 ], [ -100.46963134142409, 21.277880729395914 ], [ -100.469308095226097, 21.277735368548615 ], [ -100.46815447911456, 21.277172532774632 ], [ -100.466529468471208, 21.276376241944355 ], [ -100.466020132367845, 21.276029820675902 ], [ -100.465701310546564, 21.275794660422239 ], [ -100.464620237263119, 21.275004959871961 ], [ -100.464545680327134, 21.274938456622909 ], [ -100.464263841826494, 21.274647411877247 ], [ -100.464163327218358, 21.274590925041792 ], [ -100.464526213803495, 21.273905274185459 ], [ -100.464346189179651, 21.273326996916065 ], [ -100.464343381393789, 21.272830468898366 ], [ -100.465266829463317, 21.269432164264146 ], [ -100.465678059071038, 21.269222929911816 ], [ -100.465855973737376, 21.269428810092005 ], [ -100.466269546879317, 21.26963334753755 ], [ -100.46691690228019, 21.269505522006924 ], [ -100.46797689178112, 21.269416718020445 ], [ -100.469096029108044, 21.26936894806402 ], [ -100.470274315054297, 21.269362210908639 ], [ -100.471038550134807, 21.269068186688273 ], [ -100.471447882631054, 21.268527920914 ], [ -100.47197433155074, 21.267862847394973 ], [ -100.472736665477697, 21.267237798335412 ], [ -100.473499465736964, 21.266695500564133 ], [ -100.474323776222349, 21.266608010345042 ], [ -100.475029785739338, 21.266438439153227 ], [ -100.475611332057397, 21.265110982028098 ], [ -100.476668908805181, 21.264608353826265 ], [ -100.477257556149951, 21.264522206599647 ], [ -100.477550217025012, 21.264189492216133 ], [ -100.478145754471015, 21.265303278875372 ], [ -100.4786413161751, 21.264195833196183 ], [ -100.479018259500734, 21.263353456142411 ], [ -100.479547750337389, 21.26322626412469 ], [ -100.480077001981613, 21.263057693387694 ], [ -100.480371559576682, 21.263055991402503 ], [ -100.480665163764414, 21.262888780517876 ], [ -100.480780126235345, 21.262391574232844 ], [ -100.482426296888391, 21.26180275106789 ], [ -100.482661224107289, 21.261677255151962 ], [ -100.482838434670541, 21.261758985535973 ], [ -100.483015406445034, 21.261799338661405 ], [ -100.483132989329633, 21.261757278874803 ], [ -100.48319022711749, 21.261467298074681 ], [ -100.482411014895163, 21.259154618126267 ], [ -100.482291046632454, 21.258782906446051 ], [ -100.483223088675786, 21.256956856164159 ], [ -100.483573913428415, 21.256499660147956 ], [ -100.483926409867991, 21.256332103002606 ], [ -100.48422238881632, 21.256578657458196 ], [ -100.484399354584951, 21.256619009493754 ], [ -100.484634272014802, 21.256493511330525 ], [ -100.484870625344314, 21.256616275179233 ], [ -100.484876131510561, 21.257567947329488 ], [ -100.486311058470832, 21.261200913098765 ], [ -100.487018466016522, 21.261279555819502 ], [ -100.487959593958124, 21.261025807638596 ], [ -100.488840364487885, 21.260524135975391 ], [ -100.48960258637895, 21.25989901642442 ], [ -100.490305892023414, 21.259274237601296 ], [ -100.491245794504408, 21.258813587437881 ], [ -100.492009687106957, 21.258478096413278 ], [ -100.493127273218434, 21.258181910627147 ], [ -100.493539033320303, 21.258076054339689 ], [ -100.493950792771017, 21.257970197079345 ], [ -100.494708862647173, 21.256641649391174 ], [ -100.495115651217105, 21.255687563662772 ], [ -100.495288983987905, 21.255107251065716 ], [ -100.495285592327107, 21.25452797481244 ], [ -100.495211214516303, 21.253415508409606 ], [ -100.495992485092046, 21.254523827778655 ], [ -100.496231511305808, 21.255101720792858 ], [ -100.496647749329426, 21.255761329208816 ], [ -100.497655262211339, 21.25678986543123 ], [ -100.498073456364935, 21.257780484042172 ], [ -100.498847302592523, 21.259141411828804 ], [ -100.499198811947608, 21.258808316285084 ], [ -100.499608254754548, 21.25830936591105 ], [ -100.500369929657111, 21.25760144729519 ], [ -100.501132085146651, 21.256976279129439 ], [ -100.501836302345311, 21.25651696265632 ], [ -100.502540515072425, 21.256057643474257 ], [ -100.504069924071146, 21.255676197224549 ], [ -100.505657251431671, 21.255128881700159 ], [ -100.507069071569035, 21.254789484041321 ], [ -100.508130636257647, 21.254990071367352 ], [ -100.509195157293775, 21.255687171293623 ], [ -100.509547619265049, 21.255519562359002 ], [ -100.510075325056306, 21.255102641228696 ], [ -100.510895591928872, 21.25435295148452 ], [ -100.511955181728382, 21.254222501974429 ], [ -100.513311530294587, 21.25446267639159 ], [ -100.514255778915071, 21.254746681331863 ], [ -100.515318837130138, 21.255195481896752 ], [ -100.516440809061677, 21.255643922475048 ], [ -100.517735285339242, 21.255387895291506 ], [ -100.524852625088627, 21.252746685841775 ], [ -100.52605538649793, 21.253235727203414 ], [ -100.527403151965629, 21.254096230954335 ], [ -100.527356434066235, 21.254424281631628 ], [ -100.527497878920855, 21.254634596643637 ], [ -100.527875957703429, 21.25477283834007 ], [ -100.527994744806662, 21.255108012821747 ], [ -100.528580641570599, 21.255547546228385 ], [ -100.528761915229524, 21.25598236062342 ], [ -100.529484993719848, 21.255974121190544 ], [ -100.530061070279942, 21.256339723543686 ], [ -100.530623477339304, 21.256392774463038 ], [ -100.530914032815502, 21.256241256959562 ], [ -100.533254483944489, 21.256677339763517 ], [ -100.533397110910371, 21.256316253052123 ], [ -100.533782041941151, 21.256535116462686 ], [ -100.534027342587834, 21.256303619675336 ], [ -100.534378809528803, 21.256273159348012 ], [ -100.536883948850146, 21.256676306086725 ], [ -100.537492407736494, 21.255440281265489 ], [ -100.539626767423982, 21.255675082489518 ], [ -100.541319155308074, 21.256112224670201 ], [ -100.543480108535661, 21.255698503119074 ], [ -100.544449839885786, 21.260930485314372 ], [ -100.545139109718022, 21.263003733745087 ], [ -100.544801605179543, 21.263716959959652 ], [ -100.544820619519726, 21.264058066721965 ], [ -100.545003731115131, 21.264208126282707 ], [ -100.543749172913806, 21.266174780841634 ], [ -100.543381703282066, 21.266225127996069 ], [ -100.543004750030661, 21.265918639637224 ], [ -100.542781338098152, 21.265860120086909 ], [ -100.541968468489742, 21.266140131540688 ], [ -100.540185874095954, 21.267163433305296 ], [ -100.540033759374339, 21.267322908264308 ], [ -100.539601183134778, 21.268191157787957 ], [ -100.538802580846337, 21.272067209264808 ], [ -100.538598176689192, 21.272899993288387 ], [ -100.538217889885189, 21.274268761045828 ], [ -100.537866124591474, 21.274888910531331 ], [ -100.537609430998756, 21.275540064678331 ], [ -100.537371751746264, 21.276771491173694 ], [ -100.537069079427738, 21.276876248210531 ], [ -100.536971828100647, 21.277096075781461 ], [ -100.537013888889518, 21.277438888943852 ], [ -100.536601239886764, 21.27853834822136 ], [ -100.53851374575018, 21.279312341020649 ], [ -100.541453949718317, 21.280484261522258 ], [ -100.541568896421097, 21.281599089341739 ], [ -100.541665360853102, 21.282534632958999 ], [ -100.541900425270171, 21.284814344339399 ], [ -100.541799249732676, 21.287886887309014 ], [ -100.539291401818659, 21.287892520324309 ], [ -100.539037501298623, 21.287893088541107 ], [ -100.538789747259997, 21.287888521076287 ], [ -100.537137692263656, 21.287858055303278 ], [ -100.535856474743809, 21.287834417005836 ], [ -100.535738864455553, 21.287832246621342 ], [ -100.535694635698135, 21.287831430400992 ], [ -100.534467246833444, 21.287808774885239 ], [ -100.534223299414194, 21.287804270961075 ], [ -100.533841341538349, 21.287797218281813 ], [ -100.533459383639439, 21.287790164733394 ], [ -100.532611512281193, 21.28777450413962 ], [ -100.532466774777035, 21.287771830340191 ], [ -100.532208990888321, 21.287767067876391 ], [ -100.532056760949004, 21.287764255297709 ], [ -100.531050913032203, 21.287745667926458 ], [ -100.530069660399619, 21.287676736092674 ] ] ] ] } },
{ "type": "Feature", "properties": { "ID": 25, "ENTIDAD": 11, "MUNICIPIO": 33, "NOMBRE": "SAN LUIS DE LA PAZ", "CONTROL": 46, "GEOMETRY1_": null, "ID_2": 2546, "ENTIDAD_2": 11, "DISTRITO_F": 1, "DISTRITO_L": 2, "MUNICIPIO_2": 33, "SECCION": 2589, "TIPO": 4, "CONTROL_2": 3637, "GEOMETRY1__2": null }, "geometry": { "type": "MultiPolygon", "coordinates": [ [ [ [ -100.567642057347612, 21.28003581327382 ], [ -100.567684346794124, 21.279272632507762 ], [ -100.565218779103574, 21.279101347377399 ], [ -100.565523762121998, 21.276715215164483 ], [ -100.562110510026045, 21.276812536846293 ], [ -100.56116780101307, 21.277003265663115 ], [ -100.561551922603329, 21.278980629644114 ], [ -100.558679915002102, 21.279644705752339 ], [ -100.556714639935052, 21.280099092625562 ], [ -100.555291149211655, 21.280428198904414 ], [ -100.555180752953078, 21.280275177404999 ], [ -100.554751218582382, 21.277546951734621 ], [ -100.551496028032147, 21.278169508364481 ], [ -100.548021064166477, 21.280674486223639 ], [ -100.545792911505103, 21.278358627224929 ], [ -100.544792706341553, 21.277319016263039 ], [ -100.544085463720236, 21.277281998672617 ], [ -100.542849005590426, 21.277413746214801 ], [ -100.542083102639381, 21.27741845874931 ], [ -100.540845874183972, 21.277426063950799 ], [ -100.539667050402031, 21.277350546635901 ], [ -100.537721305178536, 21.277114209670955 ], [ -100.537069079427738, 21.276876248210531 ], [ -100.537371751746264, 21.276771491173694 ], [ -100.537609430998756, 21.275540064678331 ], [ -100.537866124591474, 21.274888910531331 ], [ -100.538217889885189, 21.274268761045828 ], [ -100.538598176689192, 21.272899993288387 ], [ -100.538802580846337, 21.272067209264808 ], [ -100.539601183134778, 21.268191157787957 ], [ -100.540033759374339, 21.267322908264308 ], [ -100.540185874095954, 21.267163433305296 ], [ -100.541968468489742, 21.266140131540688 ], [ -100.542781338098152, 21.265860120086909 ], [ -100.543004750030661, 21.265918639637224 ], [ -100.543381703282066, 21.266225127996069 ], [ -100.543749172913806, 21.266174780841634 ], [ -100.545003731115131, 21.264208126282707 ], [ -100.544820619519726, 21.264058066721965 ], [ -100.544801605179543, 21.263716959959652 ], [ -100.545139109718022, 21.263003733745087 ], [ -100.544449839885786, 21.260930485314372 ], [ -100.543480108535661, 21.255698503119074 ], [ -100.541319155308074, 21.256112224670201 ], [ -100.541828566140325, 21.25528303893509 ], [ -100.542292925108896, 21.254162991774393 ], [ -100.542874578326305, 21.252959467509385 ], [ -100.543164251474792, 21.25217151270661 ], [ -100.543750238016003, 21.251671378228057 ], [ -100.544101623370224, 21.251338195862505 ], [ -100.544936521469538, 21.250747500008483 ], [ -100.544752649830244, 21.250170154408284 ], [ -100.544040000197953, 21.249764504542163 ], [ -100.54379120723253, 21.248691214416901 ], [ -100.543871263527933, 21.247688789436719 ], [ -100.54389377627237, 21.247406894679536 ], [ -100.544891352640548, 21.246981415610538 ], [ -100.545716970705939, 21.246971838966015 ], [ -100.545839881914716, 21.247384325871536 ], [ -100.546780466438918, 21.247125062262437 ], [ -100.547134302815437, 21.247120954497021 ], [ -100.547492612522134, 21.247489315481477 ], [ -100.547973841971157, 21.248270160480068 ], [ -100.54874347734895, 21.248509566411819 ], [ -100.549093336559054, 21.248174370632565 ], [ -100.549623098933878, 21.248085430295273 ], [ -100.550329281652267, 21.247953045501216 ], [ -100.550906561099666, 21.246911550457412 ], [ -100.549168497868166, 21.244613849411149 ], [ -100.549925176280368, 21.243777228941706 ], [ -100.550449446810035, 21.243233046890715 ], [ -100.548900283372859, 21.24192653372797 ], [ -100.548719393447811, 21.241597505163789 ], [ -100.548888845395993, 21.24097466723148 ], [ -100.549238190267275, 21.240598086472083 ], [ -100.549717413542893, 21.241213385971069 ], [ -100.550137670350566, 21.241829369442467 ], [ -100.550313586523089, 21.241744541577184 ], [ -100.55101525753453, 21.241239686563326 ], [ -100.551837354330516, 21.24094038379808 ], [ -100.553674402766589, 21.241664039501355 ], [ -100.554440019616095, 21.241572338023808 ], [ -100.554483026625491, 21.240247318415332 ], [ -100.554252254695797, 21.235779755442294 ], [ -100.553887976875444, 21.234914782459541 ], [ -100.553788631724473, 21.23156324841376 ], [ -100.555387706834935, 21.232124097537834 ], [ -100.556398124454574, 21.232774578297281 ], [ -100.557231150324697, 21.233385730787301 ], [ -100.558478452643286, 21.234116216890609 ], [ -100.559067124827891, 21.234026561814819 ], [ -100.560131034925817, 21.234221091279867 ], [ -100.561365841731117, 21.233916922457865 ], [ -100.563134852626092, 21.233896232926273 ], [ -100.564195255502966, 21.233801039854626 ], [ -100.565138475314527, 21.233769299365768 ], [ -100.566081694351823, 21.233737553625613 ], [ -100.566664690237317, 21.233807069476796 ], [ -100.571495563066364, 21.231982719380174 ], [ -100.575947221217234, 21.230268992519896 ], [ -100.577289281083623, 21.229094237531896 ], [ -100.578590040627432, 21.229368641961322 ], [ -100.581246994586678, 21.22962702929329 ], [ -100.589841084885691, 21.228325010073341 ], [ -100.591262835035693, 21.22884622564095 ], [ -100.592739484750112, 21.229035651018631 ], [ -100.59339191154308, 21.2293383326944 ], [ -100.594044340863661, 21.229641011668281 ], [ -100.595464076067984, 21.229996651560722 ], [ -100.597478569209869, 21.230759107059541 ], [ -100.601385588989942, 21.231954272533901 ], [ -100.598498648576111, 21.236955553777086 ], [ -100.597289959810567, 21.239370602382948 ], [ -100.595208431830073, 21.242748011621583 ], [ -100.594978165722694, 21.243206047127668 ], [ -100.594747898270313, 21.243664082384864 ], [ -100.594524206259095, 21.243950789305057 ], [ -100.592889909303963, 21.246045433469135 ], [ -100.591848299011858, 21.247672041469801 ], [ -100.590218470521819, 21.249429797123863 ], [ -100.589052757674139, 21.250561174573971 ], [ -100.586467660154284, 21.253182416065421 ], [ -100.587821892169075, 21.259560746348178 ], [ -100.588108247659832, 21.260909374384596 ], [ -100.595605987527122, 21.254364939128003 ], [ -100.599425583597281, 21.252933413934418 ], [ -100.598944587189507, 21.251446969102158 ], [ -100.604527346353976, 21.249424629888079 ], [ -100.604354727210747, 21.250046403394599 ], [ -100.604357453485378, 21.250460152083551 ], [ -100.604947576630011, 21.250621815722031 ], [ -100.60559578527355, 21.250658968774797 ], [ -100.606364805780345, 21.251150474086753 ], [ -100.609800395022205, 21.254024388895186 ], [ -100.61221932554092, 21.254587813209721 ], [ -100.614253217149596, 21.259250001150424 ], [ -100.618697020869419, 21.256946778306084 ], [ -100.631394395070956, 21.250364718580407 ], [ -100.632110757278994, 21.251766729110681 ], [ -100.630555314092632, 21.265638127755448 ], [ -100.629107975350109, 21.278101998668397 ], [ -100.628277307722684, 21.277238636543728 ], [ -100.626870658366798, 21.278323782736415 ], [ -100.625262965894251, 21.275810526286623 ], [ -100.62268639203576, 21.278144694540284 ], [ -100.620250104509225, 21.275057608632153 ], [ -100.615660999944041, 21.275998178455755 ], [ -100.616380125627401, 21.277813998445392 ], [ -100.615443861250213, 21.278771823631267 ], [ -100.614281773753873, 21.279277683492975 ], [ -100.614092698854918, 21.27935998725313 ], [ -100.610749152405987, 21.281574901157949 ], [ -100.61151835642606, 21.282066369938011 ], [ -100.612468446864312, 21.283177291904135 ], [ -100.613299891339764, 21.284164858815895 ], [ -100.614071325925337, 21.284987310510246 ], [ -100.614253046930244, 21.285730888330026 ], [ -100.614730185255482, 21.286596649462055 ], [ -100.614851336244755, 21.287092367260865 ], [ -100.592993364478716, 21.287317671976187 ], [ -100.589649469251285, 21.287307657488409 ], [ -100.58313103996484, 21.287287944665142 ], [ -100.567880093396667, 21.287240836537592 ], [ -100.567642057347612, 21.28003581327382 ] ] ] ] } },
{ "type": "Feature", "properties": { "ID": 25, "ENTIDAD": 11, "MUNICIPIO": 33, "NOMBRE": "SAN LUIS DE LA PAZ", "CONTROL": 46, "GEOMETRY1_": null, "ID_2": 2547, "ENTIDAD_2": 11, "DISTRITO_F": 1, "DISTRITO_L": 2, "MUNICIPIO_2": 33, "SECCION": 2590, "TIPO": 4, "CONTROL_2": 500, "GEOMETRY1__2": null }, "geometry": { "type": "MultiPolygon", "coordinates": [ [ [ [ -100.646070593648759, 21.221316248155425 ], [ -100.646132696913099, 21.22156383108635 ], [ -100.645737790999803, 21.222975903362045 ], [ -100.645571387378794, 21.22380573078339 ], [ -100.64535649792218, 21.225463948361877 ], [ -100.641576704260686, 21.225013284298399 ], [ -100.636610406576324, 21.223997473130314 ], [ -100.63683738589333, 21.223291087220563 ], [ -100.636837385893301, 21.223291087220552 ], [ -100.63683738589333, 21.223291087220474 ], [ -100.634472711853192, 21.22282308236991 ], [ -100.632225787815131, 21.227030707052908 ], [ -100.631776454707449, 21.228815923957029 ], [ -100.631502963032503, 21.230516231086554 ], [ -100.631758584493653, 21.232085962102623 ], [ -100.632250071943218, 21.233652835857974 ], [ -100.632555826096507, 21.234518325254939 ], [ -100.633210691006255, 21.235007073069404 ], [ -100.633739295775172, 21.234835106830737 ], [ -100.635391364996892, 21.234897855991473 ], [ -100.636162084997181, 21.235219626132739 ], [ -100.636407856500327, 21.236003054774486 ], [ -100.636657804391533, 21.237117552553318 ], [ -100.642563822705853, 21.237790781132372 ], [ -100.64545473511572, 21.237879734204469 ], [ -100.64987508653536, 21.237660230731418 ], [ -100.649890323463111, 21.238860350189658 ], [ -100.64949279336291, 21.240065512015711 ], [ -100.649286343399311, 21.242385864985142 ], [ -100.650141113381409, 21.242354727061002 ], [ -100.650995882683645, 21.242323584825559 ], [ -100.652424262981228, 21.243340861703714 ], [ -100.65455027338443, 21.243563177740779 ], [ -100.656969546217695, 21.243657702032586 ], [ -100.658210514388983, 21.243849430653114 ], [ -100.65938987595797, 21.243834957795364 ], [ -100.660573993488612, 21.244192925256367 ], [ -100.661700601008292, 21.244172416196093 ], [ -100.662106636047142, 21.244132704084258 ], [ -100.664102018684403, 21.243363153000988 ], [ -100.665157609642023, 21.242894877093804 ], [ -100.666101528661514, 21.242531792004428 ], [ -100.667045442725566, 21.24216870191815 ], [ -100.668493932271616, 21.242215503357802 ], [ -100.669218177038758, 21.242238899387203 ], [ -100.669942421801807, 21.242262292289524 ], [ -100.671722240819335, 21.243780121774599 ], [ -100.67426627621002, 21.24516799320822 ], [ -100.677410648368976, 21.24783421308549 ], [ -100.680350183971782, 21.250131201579102 ], [ -100.681501948095885, 21.251031168956473 ], [ -100.690780324719597, 21.259048481990256 ], [ -100.689098010448603, 21.260270152235719 ], [ -100.68442788682276, 21.256943860029736 ], [ -100.672120168992549, 21.262311465280746 ], [ -100.670677271368433, 21.262940655236733 ], [ -100.667162067023739, 21.260548982003289 ], [ -100.667103016392616, 21.260528700882514 ], [ -100.667043965776344, 21.260508419739935 ], [ -100.666984915174879, 21.260488138575539 ], [ -100.666925864588265, 21.26046785738933 ], [ -100.666718389400884, 21.260283095686127 ], [ -100.66651091472967, 21.26009833368947 ], [ -100.666095966935487, 21.259728808815776 ], [ -100.66502987849735, 21.25890862802893 ], [ -100.663727894103317, 21.258048683813584 ], [ -100.662602059062834, 21.257104769169928 ], [ -100.661771046321405, 21.256200201515252 ], [ -100.661116465823611, 21.255253045070948 ], [ -100.659991821753522, 21.254474605218164 ], [ -100.6583945266147, 21.253492508231879 ], [ -100.656148749697465, 21.252432066031883 ], [ -100.655270949668747, 21.253265565199793 ], [ -100.654625024999305, 21.253559595732682 ], [ -100.653802388153551, 21.253854826555159 ], [ -100.652920271917907, 21.254067706316217 ], [ -100.651335028105848, 21.254823243999589 ], [ -100.650102048944589, 21.255410874790897 ], [ -100.65010718845069, 21.256155605827775 ], [ -100.650527516331508, 21.25731127821652 ], [ -100.650774543131647, 21.257917185242594 ], [ -100.650869915792953, 21.258614266069745 ], [ -100.650249273937405, 21.259671590926654 ], [ -100.65328211046041, 21.263788562543613 ], [ -100.658202501431319, 21.268223579306031 ], [ -100.657908533645553, 21.268308340255341 ], [ -100.656376329317609, 21.268236054633871 ], [ -100.654960794439745, 21.267997456623309 ], [ -100.652544961075762, 21.267931157639538 ], [ -100.650795291068974, 21.26791233257449 ], [ -100.650188321974682, 21.267905797815519 ], [ -100.649841995464598, 21.267908148708159 ], [ -100.649363597862148, 21.267911394939034 ], [ -100.648654408043271, 21.267585197922354 ], [ -100.646642964403156, 21.266357546590289 ], [ -100.630555314092632, 21.265638127755448 ], [ -100.632110757278994, 21.251766729110681 ], [ -100.631394395070956, 21.250364718580407 ], [ -100.618697020869419, 21.256946778306084 ], [ -100.614253217149596, 21.259250001150424 ], [ -100.61221932554092, 21.254587813209721 ], [ -100.609800395022205, 21.254024388895186 ], [ -100.606364805780345, 21.251150474086753 ], [ -100.60559578527355, 21.250658968774797 ], [ -100.604947576630011, 21.250621815722031 ], [ -100.604357453485378, 21.250460152083551 ], [ -100.604354727210747, 21.250046403394599 ], [ -100.604527346353976, 21.249424629888079 ], [ -100.598944587189507, 21.251446969102158 ], [ -100.599425583597281, 21.252933413934418 ], [ -100.595605987527122, 21.254364939128003 ], [ -100.588108247659832, 21.260909374384596 ], [ -100.587821892169075, 21.259560746348178 ], [ -100.586467660154284, 21.253182416065421 ], [ -100.589052757674139, 21.250561174573971 ], [ -100.590218470521819, 21.249429797123863 ], [ -100.591848299011858, 21.247672041469801 ], [ -100.592889909303963, 21.246045433469135 ], [ -100.594524206259095, 21.243950789305057 ], [ -100.594747898270313, 21.243664082384864 ], [ -100.594978165722694, 21.243206047127668 ], [ -100.595208431830073, 21.242748011621583 ], [ -100.597289959810567, 21.239370602382948 ], [ -100.598498648576111, 21.236955553777086 ], [ -100.601385588989942, 21.231954272533901 ], [ -100.597478569209869, 21.230759107059541 ], [ -100.595464076067984, 21.229996651560722 ], [ -100.594044340863661, 21.229641011668281 ], [ -100.59339191154308, 21.2293383326944 ], [ -100.592739484750112, 21.229035651018631 ], [ -100.591262835035693, 21.22884622564095 ], [ -100.589841084885691, 21.228325010073341 ], [ -100.581246994586678, 21.22962702929329 ], [ -100.578866938233062, 21.216625846935464 ], [ -100.578593156034799, 21.215130118614624 ], [ -100.578661083170303, 21.211031610032496 ], [ -100.578178823391568, 21.210168081666787 ], [ -100.578402536623827, 21.209172061534229 ], [ -100.585079657458266, 21.21513632527796 ], [ -100.6035138265527, 21.208543184439076 ], [ -100.602514008242025, 21.213521989964963 ], [ -100.603989487240028, 21.213628556888278 ], [ -100.604328382546555, 21.212424183349334 ], [ -100.607340842042433, 21.21284349106881 ], [ -100.607287526941434, 21.213299424878578 ], [ -100.608761977432948, 21.213323181155452 ], [ -100.608868983886779, 21.212929188579444 ], [ -100.60949504536508, 21.210624022864266 ], [ -100.610850527769017, 21.210566404887761 ], [ -100.611125780187294, 21.208990267756736 ], [ -100.612600700317273, 21.20905537755668 ], [ -100.612607900855039, 21.209634758558334 ], [ -100.611837533465035, 21.214072776080226 ], [ -100.615147917992445, 21.214736713911172 ], [ -100.619514923977704, 21.215015365086611 ], [ -100.628130007394631, 21.215490981642464 ], [ -100.628354423684968, 21.214577684687843 ], [ -100.628587139801155, 21.214326531517582 ], [ -100.630831671001275, 21.214630519741331 ], [ -100.63166123151008, 21.214951605481524 ], [ -100.638394884806416, 21.215863352982087 ], [ -100.639614723980941, 21.214399885142655 ], [ -100.642093005506538, 21.214535322244934 ], [ -100.644045908643832, 21.215091019776587 ], [ -100.645634084162822, 21.214781947697961 ], [ -100.646905587935393, 21.215076876721213 ], [ -100.648177096097385, 21.215371795824208 ], [ -100.646070593648759, 21.221316248155425 ] ] ] ] } },
{ "type": "Feature", "properties": { "ID": 25, "ENTIDAD": 11, "MUNICIPIO": 33, "NOMBRE": "SAN LUIS DE LA PAZ", "CONTROL": 46, "GEOMETRY1_": null, "ID_2": 2548, "ENTIDAD_2": 11, "DISTRITO_F": 1, "DISTRITO_L": 2, "MUNICIPIO_2": 33, "SECCION": 2591, "TIPO": 3, "CONTROL_2": 3636, "GEOMETRY1__2": null }, "geometry": { "type": "MultiPolygon", "coordinates": [ [ [ [ -100.4852034969621, 21.210332367781511 ], [ -100.489525279904797, 21.208383021062374 ], [ -100.493950480338967, 21.206386863826896 ], [ -100.496919037086727, 21.206058337638861 ], [ -100.501939766740975, 21.205502578985922 ], [ -100.502755982363084, 21.204706881036614 ], [ -100.504554607234653, 21.202202963971153 ], [ -100.506396623909495, 21.1983739917784 ], [ -100.503712849897312, 21.192171737945369 ], [ -100.502154797572544, 21.188570767922119 ], [ -100.502535630187879, 21.188292458943874 ], [ -100.509403559157107, 21.183273123433988 ], [ -100.517103378323569, 21.186289831992006 ], [ -100.518413917372939, 21.187433845071947 ], [ -100.523504135711264, 21.189114094555162 ], [ -100.525233277139293, 21.190749958587087 ], [ -100.526659858982796, 21.191727004737064 ], [ -100.52766938502036, 21.192336298723788 ], [ -100.529329841855855, 21.193145069179483 ], [ -100.530638076913093, 21.194082046689513 ], [ -100.531707078098975, 21.194732022820915 ], [ -100.532481325415503, 21.195385383454937 ], [ -100.533081180331592, 21.1962477060098 ], [ -100.532977046375208, 21.197407872115317 ], [ -100.533107334260379, 21.203408166072833 ], [ -100.533116191146917, 21.204153114071644 ], [ -100.532591489576575, 21.204655854142345 ], [ -100.531654089015362, 21.205163341172522 ], [ -100.530770232745382, 21.205214898970876 ], [ -100.530419932786089, 21.205508668704582 ], [ -100.53042518836024, 21.205544233534983 ], [ -100.530548165152638, 21.20637641980829 ], [ -100.530794805543692, 21.207284200665164 ], [ -100.53133328797054, 21.207940273892646 ], [ -100.531323946861576, 21.207153939575697 ], [ -100.532148365129999, 21.20706167070021 ], [ -100.533095617656755, 21.207381900104235 ], [ -100.533162449407499, 21.208043396940294 ], [ -100.53387781828566, 21.208697424452584 ], [ -100.535010334311124, 21.209719165620211 ], [ -100.536258317649484, 21.210532608619761 ], [ -100.53520297784533, 21.211041476506658 ], [ -100.533961396955434, 21.210766043010548 ], [ -100.534326970171222, 21.211755229912193 ], [ -100.535274750049254, 21.212116830732434 ], [ -100.536048121745779, 21.212687395458683 ], [ -100.53693941841891, 21.21325659566282 ], [ -100.536949285224424, 21.214084313165916 ], [ -100.538836988381405, 21.214145303622765 ], [ -100.539907655001912, 21.214919372822997 ], [ -100.541087351816827, 21.214947126760894 ], [ -100.542380514743243, 21.214601036107261 ], [ -100.543987787743646, 21.215865565616486 ], [ -100.546125735380002, 21.217123926297205 ], [ -100.547722641343498, 21.21751931772922 ], [ -100.549268046952179, 21.218536162349597 ], [ -100.550868953438453, 21.219262607100372 ], [ -100.552054156093618, 21.219745523147104 ], [ -100.55305849659095, 21.219899404611024 ], [ -100.554300679105083, 21.220216075974349 ], [ -100.55607551877506, 21.220692096019697 ], [ -100.557611524618451, 21.220922535162273 ], [ -100.559099065817577, 21.222022741519748 ], [ -100.560763517109294, 21.223120866751707 ], [ -100.562312569386805, 21.224427279388657 ], [ -100.563625292756583, 21.225695050531897 ], [ -100.564751619655382, 21.226178561227794 ], [ -100.565526677212276, 21.226873134186008 ], [ -100.565441306499764, 21.231116344951118 ], [ -100.565289891864836, 21.232442822114265 ], [ -100.565138475344682, 21.233769299108324 ], [ -100.564195255533008, 21.233801039597271 ], [ -100.563134852655963, 21.233896232668826 ], [ -100.561365841760747, 21.233916922200514 ], [ -100.560131034955262, 21.234221091022608 ], [ -100.559067124857179, 21.234026561557471 ], [ -100.558478452672517, 21.234116216633353 ], [ -100.557231150353743, 21.233385730529779 ], [ -100.556398124483479, 21.232774578039578 ], [ -100.555387706863684, 21.232124097279865 ], [ -100.553788631752994, 21.231563248155691 ], [ -100.553887976904008, 21.234914782202473 ], [ -100.554252254724432, 21.235779755185494 ], [ -100.554483026654168, 21.240247318159881 ], [ -100.554440019644787, 21.24157233776873 ], [ -100.553674402795153, 21.241664039246274 ], [ -100.55183735435881, 21.240940383542821 ], [ -100.551015257562725, 21.241239686308145 ], [ -100.550313586551155, 21.241744541322198 ], [ -100.550137670378632, 21.241829369187482 ], [ -100.549717413570903, 21.241213385715895 ], [ -100.549238190295199, 21.240598086216732 ], [ -100.548888845423889, 21.240974666976303 ], [ -100.548719393475693, 21.241597504908718 ], [ -100.548900283400783, 21.241926533472981 ], [ -100.550449446838158, 21.243233046636181 ], [ -100.549925176308435, 21.243777228687346 ], [ -100.549168497896105, 21.244613849156977 ], [ -100.550906561127846, 21.246911550203958 ], [ -100.550329281680391, 21.247953045248117 ], [ -100.549623098961916, 21.248085430042185 ], [ -100.549093336587006, 21.248174370379473 ], [ -100.548743477376874, 21.24850956615882 ], [ -100.547973841998981, 21.24827016022698 ], [ -100.547492612549874, 21.247489315228211 ], [ -100.547134302843133, 21.247120954243577 ], [ -100.546780466466558, 21.247125062008998 ], [ -100.545839881942243, 21.247384325618182 ], [ -100.545716970733423, 21.246971838712565 ], [ -100.544891352667932, 21.246981415357094 ], [ -100.543893776299612, 21.247406894426184 ], [ -100.543871263555189, 21.247688789183453 ], [ -100.543791207259787, 21.248691214163994 ], [ -100.544040000225223, 21.249764504289629 ], [ -100.544752649857614, 21.250170154155825 ], [ -100.544936521496979, 21.250747499756205 ], [ -100.544101623397523, 21.251338195610334 ], [ -100.543750238043273, 21.251671377975971 ], [ -100.543164251501963, 21.252171512454698 ], [ -100.542874578353448, 21.252959467257664 ], [ -100.542292925135968, 21.254162991523117 ], [ -100.541828566167325, 21.25528303868418 ], [ -100.541319155308074, 21.256112224670201 ], [ -100.539626767423982, 21.255675082489518 ], [ -100.537492407736494, 21.255440281265489 ], [ -100.536883948850146, 21.256676306086725 ], [ -100.534378809528803, 21.256273159348012 ], [ -100.534027342587834, 21.256303619675336 ], [ -100.533782041941151, 21.256535116462686 ], [ -100.533397110910371, 21.256316253052123 ], [ -100.533254483968634, 21.256677339513079 ], [ -100.530914032815502, 21.256241256959562 ], [ -100.530623477339304, 21.256392774463038 ], [ -100.530061070279942, 21.256339723543686 ], [ -100.529484993719848, 21.255974121190544 ], [ -100.528761915229524, 21.25598236062342 ], [ -100.528580641570599, 21.255547546228385 ], [ -100.527994744806662, 21.255108012821747 ], [ -100.527875957703429, 21.25477283834007 ], [ -100.527497878920855, 21.254634596643637 ], [ -100.527356434066235, 21.254424281631628 ], [ -100.527403151965629, 21.254096230954335 ], [ -100.52605538649793, 21.253235727203414 ], [ -100.524852625112644, 21.252746685590985 ], [ -100.517735285363187, 21.255387895040531 ], [ -100.516440809085466, 21.255643922224163 ], [ -100.515318837153799, 21.255195481645778 ], [ -100.514255778938605, 21.254746681080711 ], [ -100.513311530317992, 21.254462676140442 ], [ -100.511955181751659, 21.254222501723195 ], [ -100.510895591952007, 21.25435295123329 ], [ -100.51007532507937, 21.25510264097764 ], [ -100.509547619288014, 21.25551956210813 ], [ -100.509195157316697, 21.255687171042844 ], [ -100.508130636280484, 21.254990071116303 ], [ -100.507069071591744, 21.254789483790269 ], [ -100.50565725145421, 21.25512888144911 ], [ -100.504069924093486, 21.255676196973681 ], [ -100.502540515094594, 21.256057643223489 ], [ -100.501836302367408, 21.256516962405726 ], [ -100.501132085168663, 21.256976278879026 ], [ -100.500369929679053, 21.257601447044955 ], [ -100.499608254776405, 21.258309365661002 ], [ -100.499198811969407, 21.258808316035214 ], [ -100.49884730261428, 21.259141411579023 ], [ -100.498073456386635, 21.257780483792036 ], [ -100.497655262232968, 21.256789865180732 ], [ -100.496647749350942, 21.255761328957952 ], [ -100.496231511327267, 21.25510172054182 ], [ -100.495992485113462, 21.254523827527432 ], [ -100.495211214537647, 21.253415508158117 ], [ -100.49503783372522, 21.250822158954126 ], [ -100.495018273001165, 21.25035632866857 ], [ -100.494987227982264, 21.249616993924786 ], [ -100.494956183520415, 21.248877659094457 ], [ -100.494708225547456, 21.24784566159089 ], [ -100.4946367114986, 21.246770277964249 ], [ -100.494090999245458, 21.245493290882667 ], [ -100.492998159618367, 21.24281514942053 ], [ -100.49178741923194, 21.240138328118864 ], [ -100.493391949473761, 21.236659543809484 ], [ -100.494242824561724, 21.233473092128087 ], [ -100.49468055828325, 21.231833769825531 ], [ -100.496483268621787, 21.229246080734193 ], [ -100.496806682116841, 21.226631635876902 ], [ -100.496819994119164, 21.226524021417003 ], [ -100.497478428990433, 21.226159273513339 ], [ -100.498522032230682, 21.225581148258936 ], [ -100.499616477075705, 21.225480362303767 ], [ -100.501821692709882, 21.22527726510631 ], [ -100.501889442255361, 21.224448367902063 ], [ -100.501906355301074, 21.224241440540428 ], [ -100.502136409122599, 21.223342434993732 ], [ -100.500364460395019, 21.222656103541922 ], [ -100.499630705192132, 21.21885125697316 ], [ -100.501136183211898, 21.217098841415048 ], [ -100.505360297846224, 21.215386642726621 ], [ -100.505975313101032, 21.214397340880556 ], [ -100.503945204594245, 21.212322210337462 ], [ -100.500262585635909, 21.210178014050758 ], [ -100.498148360404599, 21.210315081151293 ], [ -100.496791093810813, 21.210401168343033 ], [ -100.496720990773554, 21.21108004113713 ], [ -100.496698644404319, 21.211296440883817 ], [ -100.496669283734647, 21.211580765676693 ], [ -100.496547851478709, 21.212797971774194 ], [ -100.496484670534201, 21.213162116951494 ], [ -100.496512496620127, 21.213932921519326 ], [ -100.496514957757782, 21.213968402698942 ], [ -100.49654868445495, 21.214454623639881 ], [ -100.496551607160256, 21.21449675859748 ], [ -100.496684006837881, 21.215743409732553 ], [ -100.496691951224847, 21.215818211738128 ], [ -100.496849953365384, 21.216926798430158 ], [ -100.496899181706951, 21.217272193824943 ], [ -100.496917039883499, 21.217397489683641 ], [ -100.496922171891086, 21.217433496630974 ], [ -100.497122296670696, 21.218886733533186 ], [ -100.497138586382476, 21.219005022198051 ], [ -100.497127619558768, 21.219243330217243 ], [ -100.497056678541099, 21.219500976282159 ], [ -100.496919267783028, 21.21979682405086 ], [ -100.496777689883402, 21.220003344103691 ], [ -100.496415362361702, 21.220531869207203 ], [ -100.496365827158769, 21.220604125591837 ], [ -100.496103810009913, 21.220974156145658 ], [ -100.495601594649216, 21.221683397734321 ], [ -100.495364494575128, 21.22201823388772 ], [ -100.495146357005694, 21.222326289368159 ], [ -100.494828197167791, 21.222756617476385 ], [ -100.494694045612263, 21.222938063708416 ], [ -100.494353458488177, 21.223398721313124 ], [ -100.494024882595326, 21.223843130046475 ], [ -100.493616130600671, 21.224395974965891 ], [ -100.493231384046581, 21.225254443092577 ], [ -100.493016387490812, 21.225734151120051 ], [ -100.492573325578235, 21.226722716879191 ], [ -100.492321419799282, 21.227284766547239 ], [ -100.491634875256793, 21.228886811885559 ], [ -100.491485823438467, 21.229234618358284 ], [ -100.491269844197717, 21.229738594410918 ], [ -100.490446862749721, 21.228983436449216 ], [ -100.490249850680215, 21.22880265870571 ], [ -100.486955983198683, 21.229734402319743 ], [ -100.481757896529999, 21.229676538646217 ], [ -100.478025927744881, 21.212891287501822 ], [ -100.478336900593064, 21.212762877212178 ], [ -100.482662328827047, 21.210976691874535 ], [ -100.484838588138928, 21.210496953215042 ], [ -100.4852034969621, 21.210332367781511 ] ] ] ] } },
{ "type": "Feature", "properties": { "ID": 25, "ENTIDAD": 11, "MUNICIPIO": 33, "NOMBRE": "SAN LUIS DE LA PAZ", "CONTROL": 46, "GEOMETRY1_": null, "ID_2": 2549, "ENTIDAD_2": 11, "DISTRITO_F": 1, "DISTRITO_L": 2, "MUNICIPIO_2": 33, "SECCION": 2592, "TIPO": 3, "CONTROL_2": 384, "GEOMETRY1__2": null }, "geometry": { "type": "MultiPolygon", "coordinates": [ [ [ [ -100.490446862749721, 21.228983436449216 ], [ -100.491269844197717, 21.229738594410918 ], [ -100.491485823438467, 21.229234618358284 ], [ -100.491634875256793, 21.228886811885559 ], [ -100.492321419799282, 21.227284766547239 ], [ -100.492573325578235, 21.226722716879191 ], [ -100.493016387490812, 21.225734151120051 ], [ -100.493231384046581, 21.225254443092577 ], [ -100.493616130600671, 21.224395974965891 ], [ -100.494024882595326, 21.223843130046475 ], [ -100.494353458488177, 21.223398721313124 ], [ -100.494694045612263, 21.222938063708416 ], [ -100.494828197167791, 21.222756617476385 ], [ -100.495146357005694, 21.222326289368159 ], [ -100.495364494575128, 21.22201823388772 ], [ -100.495601594649216, 21.221683397734321 ], [ -100.496103810009913, 21.220974156145658 ], [ -100.496365827158769, 21.220604125591837 ], [ -100.496415362361702, 21.220531869207203 ], [ -100.496777689883402, 21.220003344103691 ], [ -100.496919267783028, 21.21979682405086 ], [ -100.497056678541099, 21.219500976282159 ], [ -100.497127619558768, 21.219243330217243 ], [ -100.497138586382476, 21.219005022198051 ], [ -100.497122296670696, 21.218886733533186 ], [ -100.496922171891086, 21.217433496630974 ], [ -100.496917039883499, 21.217397489683641 ], [ -100.496899181706951, 21.217272193824943 ], [ -100.496849953365384, 21.216926798430158 ], [ -100.496691951224847, 21.215818211738128 ], [ -100.496684006837881, 21.215743409732553 ], [ -100.496551607160256, 21.21449675859748 ], [ -100.49654868445495, 21.214454623639881 ], [ -100.496514957757782, 21.213968402698942 ], [ -100.496512496620127, 21.213932921519326 ], [ -100.496484670534201, 21.213162116951494 ], [ -100.496547851478709, 21.212797971774194 ], [ -100.496669283734647, 21.211580765676693 ], [ -100.496698644404319, 21.211296440883817 ], [ -100.496720990773554, 21.21108004113713 ], [ -100.496791093810813, 21.210401168343033 ], [ -100.498148360404599, 21.210315081151293 ], [ -100.500262585635909, 21.210178014050758 ], [ -100.503945204594245, 21.212322210337462 ], [ -100.505975313101032, 21.214397340880556 ], [ -100.505360297846224, 21.215386642726621 ], [ -100.501136183211898, 21.217098841415048 ], [ -100.499630705192132, 21.21885125697316 ], [ -100.500364460395019, 21.222656103541922 ], [ -100.502136409122599, 21.223342434993732 ], [ -100.501906355301074, 21.224241440540428 ], [ -100.501889442255361, 21.224448367902063 ], [ -100.501821692709882, 21.22527726510631 ], [ -100.499616477075705, 21.225480362303767 ], [ -100.498522032230682, 21.225581148258936 ], [ -100.497478428990433, 21.226159273513339 ], [ -100.496819994119164, 21.226524021417003 ], [ -100.496806682116841, 21.226631635876902 ], [ -100.496483268621787, 21.229246080734193 ], [ -100.49468055828325, 21.231833769825531 ], [ -100.494242824561724, 21.233473092128087 ], [ -100.493391949473747, 21.236659543809484 ], [ -100.49178741923194, 21.240138328118864 ], [ -100.492998159618367, 21.24281514942053 ], [ -100.494090999245458, 21.245493290882667 ], [ -100.4946367114986, 21.246770277964249 ], [ -100.494708225547456, 21.24784566159089 ], [ -100.494956183520415, 21.248877659094457 ], [ -100.494987227982264, 21.249616993924786 ], [ -100.495018273001165, 21.25035632866857 ], [ -100.49503783372522, 21.250822158954126 ], [ -100.495211214537647, 21.253415508158117 ], [ -100.495285592348452, 21.254527974561224 ], [ -100.495288984009278, 21.255107250814675 ], [ -100.49511565123845, 21.255687563411918 ], [ -100.494708862668489, 21.256641649140683 ], [ -100.493950792792234, 21.257970196829216 ], [ -100.493539033341477, 21.258076054089553 ], [ -100.493127273239551, 21.258181910377012 ], [ -100.492009687127975, 21.258478096163241 ], [ -100.491245794525327, 21.258813587188026 ], [ -100.490305892044219, 21.25927423735153 ], [ -100.489602586399712, 21.259899016174828 ], [ -100.488840364508562, 21.260524135725984 ], [ -100.487959593978701, 21.261025807389373 ], [ -100.487018466037, 21.261279555570365 ], [ -100.486311058491253, 21.261200912849539 ], [ -100.484876131530783, 21.257567947079181 ], [ -100.48487062536455, 21.256616274928653 ], [ -100.484634272035024, 21.256493511079949 ], [ -100.484399354605117, 21.256619009243174 ], [ -100.484222388836486, 21.256578657207612 ], [ -100.483926409888099, 21.256332102751941 ], [ -100.483573913448495, 21.256499659897379 ], [ -100.483223088695823, 21.256956855913678 ], [ -100.482291046652421, 21.258782906196203 ], [ -100.482411014915129, 21.259154617876508 ], [ -100.483190227137555, 21.261467297825554 ], [ -100.483132989349699, 21.261757278625765 ], [ -100.483015406465071, 21.261799338412363 ], [ -100.482838434690592, 21.261758985287027 ], [ -100.482661224127327, 21.261677254902921 ], [ -100.482426296908386, 21.261802750818937 ], [ -100.480780126255155, 21.262391573983983 ], [ -100.480665163784252, 21.262888780269197 ], [ -100.480371559596477, 21.263055991153923 ], [ -100.480077002001337, 21.263057693139025 ], [ -100.479547750357071, 21.26322626387611 ], [ -100.479018259520387, 21.26335345589391 ], [ -100.478641316194739, 21.264195832947877 ], [ -100.478145754490612, 21.265303278627421 ], [ -100.477550217044524, 21.264189491967908 ], [ -100.477257556169434, 21.264522206351423 ], [ -100.476668908824578, 21.264608353578137 ], [ -100.47561133207671, 21.26511098178015 ], [ -100.474417939359924, 21.262469613332613 ], [ -100.468988913496489, 21.260886939715128 ], [ -100.465793673010893, 21.258422433889361 ], [ -100.461468786701644, 21.254102218032823 ], [ -100.456639075686255, 21.250796464336673 ], [ -100.453784172710996, 21.248717038469788 ], [ -100.452177236574585, 21.247451629691806 ], [ -100.450215537485576, 21.246107334129714 ], [ -100.446762630055844, 21.243289309935427 ], [ -100.443369293666137, 21.240511945910011 ], [ -100.436292293843749, 21.234979679751063 ], [ -100.435693313274982, 21.234511407876745 ], [ -100.435807064604816, 21.234137627490895 ], [ -100.436751060890884, 21.234168684958238 ], [ -100.43804748241449, 21.234071696901967 ], [ -100.439049982017693, 21.234060707570173 ], [ -100.439726509847915, 21.233908413473959 ], [ -100.440403036122675, 21.23375611674015 ], [ -100.441225351824585, 21.233457342369412 ], [ -100.442574655310651, 21.23282163384804 ], [ -100.445916737293899, 21.231087786065657 ], [ -100.44459976061448, 21.229363779636461 ], [ -100.446591572173574, 21.228182869574749 ], [ -100.44688078967927, 21.227682973265356 ], [ -100.447994144971759, 21.227049821917639 ], [ -100.448105984825318, 21.226510484903489 ], [ -100.443485086659692, 21.219441770769617 ], [ -100.445539955626998, 21.218632719646436 ], [ -100.446680979141959, 21.217917035977248 ], [ -100.445760367943379, 21.21726433416713 ], [ -100.445610618905548, 21.217059017433751 ], [ -100.44546087029201, 21.216853700538977 ], [ -100.444684522707192, 21.215992988299565 ], [ -100.443842677475047, 21.214553492462244 ], [ -100.442705571518587, 21.213075840874243 ], [ -100.442039247378787, 21.211510228161455 ], [ -100.440961611337841, 21.210073302574113 ], [ -100.439585465690868, 21.208308497851327 ], [ -100.43820702505586, 21.2063367406388 ], [ -100.437307738532624, 21.20502201305937 ], [ -100.434990566437719, 21.203474458454174 ], [ -100.436647737675372, 21.204015124345844 ], [ -100.438304920058386, 21.204555773252562 ], [ -100.440622033786198, 21.206103311328288 ], [ -100.444773965419103, 21.208251551465576 ], [ -100.445802969710073, 21.205384134736345 ], [ -100.446341555036781, 21.206081889305512 ], [ -100.447462716726591, 21.206152338976413 ], [ -100.448515549202483, 21.205395678019752 ], [ -100.449602952522028, 21.202486205630557 ], [ -100.454328496028523, 21.203220536653795 ], [ -100.457222610151817, 21.203643863222744 ], [ -100.460654438264953, 21.204682069831705 ], [ -100.46420753778402, 21.206008605607234 ], [ -100.466930531475001, 21.206930372382509 ], [ -100.471316289588572, 21.208868377039874 ], [ -100.472070008349775, 21.209078201954206 ], [ -100.472823729038851, 21.209288023373894 ], [ -100.47303182415672, 21.209345952363311 ], [ -100.475152211236519, 21.210851264323178 ], [ -100.477495027758692, 21.2125144150232 ], [ -100.478025927744881, 21.212891287501822 ], [ -100.481757896549794, 21.229676538387611 ], [ -100.486955983219033, 21.229734402061126 ], [ -100.490249850680215, 21.22880265870571 ], [ -100.490446862749721, 21.228983436449216 ] ] ] ] } },
{ "type": "Feature", "properties": { "ID": 25, "ENTIDAD": 11, "MUNICIPIO": 33, "NOMBRE": "SAN LUIS DE LA PAZ", "CONTROL": 46, "GEOMETRY1_": null, "ID_2": 2552, "ENTIDAD_2": 11, "DISTRITO_F": 1, "DISTRITO_L": 2, "MUNICIPIO_2": 33, "SECCION": 2595, "TIPO": 4, "CONTROL_2": 382, "GEOMETRY1__2": null }, "geometry": { "type": "MultiPolygon", "coordinates": [ [ [ [ -100.566081694351823, 21.233737553625613 ], [ -100.565138475314527, 21.233769299365768 ], [ -100.565289891834652, 21.232442822372075 ], [ -100.565441306469594, 21.231116345209291 ], [ -100.565526677182092, 21.226873134445437 ], [ -100.564751619625312, 21.226178561487494 ], [ -100.56362529272667, 21.225695050791689 ], [ -100.562312569357104, 21.224427279648896 ], [ -100.560763517079835, 21.223120867012316 ], [ -100.559099065788359, 21.222022741780712 ], [ -100.557611524589447, 21.220922535423586 ], [ -100.556075518746269, 21.220692096281017 ], [ -100.554300679076519, 21.220216076235843 ], [ -100.553058496562571, 21.219899404872603 ], [ -100.552054156065367, 21.219745523408683 ], [ -100.550868953410387, 21.219262607362221 ], [ -100.54926804692434, 21.218536162611539 ], [ -100.547722641315872, 21.217519317991428 ], [ -100.546125735352604, 21.217123926559601 ], [ -100.543987787716517, 21.215865565879231 ], [ -100.542380514716342, 21.214601036370457 ], [ -100.541087351790068, 21.21494712702399 ], [ -100.539907654975323, 21.214919373086104 ], [ -100.538836988354973, 21.214145303886045 ], [ -100.536949285198247, 21.214084313429197 ], [ -100.536939418392706, 21.213256595926367 ], [ -100.536048121719702, 21.212687395722412 ], [ -100.535274750023305, 21.212116830996344 ], [ -100.534326970145386, 21.211755230176195 ], [ -100.533961396929655, 21.210766043274909 ], [ -100.535202977819381, 21.211041476770923 ], [ -100.536258317623407, 21.210532608884112 ], [ -100.535010334285218, 21.209719165884838 ], [ -100.53387781825991, 21.208697424717567 ], [ -100.53316244938182, 21.208043397205468 ], [ -100.533095617631091, 21.207381900369594 ], [ -100.532148365104462, 21.207061670965651 ], [ -100.531323946836167, 21.207153939841046 ], [ -100.531333287945102, 21.207940274157821 ], [ -100.530794805518312, 21.207284200930513 ], [ -100.530548165127328, 21.206376420073909 ], [ -100.530425188334931, 21.205544233800879 ], [ -100.530419932760765, 21.205508668970474 ], [ -100.530770232720045, 21.205214899236854 ], [ -100.531654088989896, 21.205163341438507 ], [ -100.532591489550995, 21.204655854408514 ], [ -100.533116191121266, 21.204153114337903 ], [ -100.533107334234728, 21.203408166339358 ], [ -100.532977046349615, 21.197407872383657 ], [ -100.533081180305985, 21.196247706278406 ], [ -100.53248132538998, 21.19538538372381 ], [ -100.531707078073566, 21.194732023090072 ], [ -100.530638076887797, 21.194082046958844 ], [ -100.52932984183073, 21.193145069449074 ], [ -100.527669384995434, 21.19233629899356 ], [ -100.526659858958013, 21.191727005007102 ], [ -100.525233277114708, 21.190749958857396 ], [ -100.523504135686878, 21.189114094825928 ], [ -100.52574571717561, 21.189212586951257 ], [ -100.528164150536057, 21.189309019219291 ], [ -100.529163852411401, 21.189090582038254 ], [ -100.53093742016614, 21.188346098958466 ], [ -100.531802851615197, 21.187901284614636 ], [ -100.532451297622131, 21.187893826368416 ], [ -100.533512882380336, 21.187923002674935 ], [ -100.534453123471849, 21.187663827634168 ], [ -100.534523637381028, 21.187597944209497 ], [ -100.535036219337286, 21.187119019777072 ], [ -100.535447879358045, 21.187031494075612 ], [ -100.536917666887518, 21.186683420607956 ], [ -100.538208627886959, 21.186171831228179 ], [ -100.538853118355334, 21.18583326108245 ], [ -100.53955359367643, 21.185245692323104 ], [ -100.540077712607584, 21.184701549155122 ], [ -100.540542879813714, 21.184158085438408 ], [ -100.541011994038868, 21.183945708147096 ], [ -100.542896840157212, 21.183799747119249 ], [ -100.544193194472967, 21.183743359340607 ], [ -100.544837164721983, 21.183363381879467 ], [ -100.540986317849189, 21.181793638943351 ], [ -100.548952861611212, 21.162744072959903 ], [ -100.545947949805182, 21.162861665422337 ], [ -100.546163917497879, 21.161203498493613 ], [ -100.542447025171725, 21.155989733269024 ], [ -100.543033923469807, 21.155775993548939 ], [ -100.543443516617842, 21.155522909511919 ], [ -100.546491392810566, 21.154080336982414 ], [ -100.547430901523782, 21.153779717240855 ], [ -100.552296256381211, 21.151529545407918 ], [ -100.555356879344544, 21.151162854277128 ], [ -100.556116065159642, 21.150574543368727 ], [ -100.556630059342069, 21.149202641987394 ], [ -100.557833326225449, 21.146332620452966 ], [ -100.55841070398489, 21.145332500996492 ], [ -100.558690927170971, 21.144128882394796 ], [ -100.559222804839834, 21.144246862929801 ], [ -100.559642298942492, 21.144821458255521 ], [ -100.561440027964295, 21.143690845999359 ], [ -100.562391638534095, 21.143092353031214 ], [ -100.561187596282281, 21.140995425665821 ], [ -100.559329391145397, 21.138409408260454 ], [ -100.559017821132016, 21.137005722051498 ], [ -100.56235680887167, 21.135311147949064 ], [ -100.563264175976613, 21.137245965764915 ], [ -100.566653545744629, 21.13484706551996 ], [ -100.567668317912506, 21.135911380396319 ], [ -100.581958681912042, 21.157607838842353 ], [ -100.585442917591052, 21.162896585665468 ], [ -100.586100848906838, 21.163675246011902 ], [ -100.586574380641196, 21.163835215908513 ], [ -100.588401473782341, 21.163813617356773 ], [ -100.589134579018946, 21.16591588948836 ], [ -100.594676894471036, 21.166015787444501 ], [ -100.597439644085753, 21.174964814325659 ], [ -100.597886526252424, 21.176448379352834 ], [ -100.598607460845258, 21.178841673582202 ], [ -100.595720215064247, 21.178958766492361 ], [ -100.597403389022503, 21.181536019055585 ], [ -100.600226745780134, 21.185858848414455 ], [ -100.613284113287264, 21.183385031328463 ], [ -100.612778779168252, 21.185419225715648 ], [ -100.611309741961804, 21.18580933184791 ], [ -100.610801294684421, 21.187595215011513 ], [ -100.609738192547667, 21.187442371633232 ], [ -100.60909182475784, 21.187615664339365 ], [ -100.609118493539697, 21.189767659993642 ], [ -100.60682156428156, 21.189960674352765 ], [ -100.606981112212196, 21.192638602699567 ], [ -100.607193681306512, 21.196206220655267 ], [ -100.608041045652627, 21.197522888145528 ], [ -100.608342639205006, 21.197991508057587 ], [ -100.610921040645735, 21.201997714562413 ], [ -100.609799734522909, 21.208780926323492 ], [ -100.60949504536508, 21.210624022864266 ], [ -100.608868983886779, 21.212929188579444 ], [ -100.608761977432948, 21.213323181155452 ], [ -100.607287526941434, 21.213299424878578 ], [ -100.607340842042433, 21.21284349106881 ], [ -100.604328382546555, 21.212424183349334 ], [ -100.603989487240028, 21.213628556888278 ], [ -100.602514008242025, 21.213521989964963 ], [ -100.6035138265527, 21.208543184439076 ], [ -100.585079657458266, 21.21513632527796 ], [ -100.578402536623827, 21.209172061534229 ], [ -100.578178823391568, 21.210168081666787 ], [ -100.578661083170303, 21.211031610032496 ], [ -100.578593156034799, 21.215130118614624 ], [ -100.578866938233062, 21.216625846935464 ], [ -100.581246994586678, 21.22962702929329 ], [ -100.578590040627432, 21.229368641961322 ], [ -100.577289281083623, 21.229094237531896 ], [ -100.575947221217234, 21.230268992519896 ], [ -100.571495563066364, 21.231982719380174 ], [ -100.566664690237317, 21.233807069476796 ], [ -100.566081694351823, 21.233737553625613 ] ] ] ] } },
{ "type": "Feature", "properties": { "ID": 25, "ENTIDAD": 11, "MUNICIPIO": 33, "NOMBRE": "SAN LUIS DE LA PAZ", "CONTROL": 46, "GEOMETRY1_": null, "ID_2": 2553, "ENTIDAD_2": 11, "DISTRITO_F": 1, "DISTRITO_L": 2, "MUNICIPIO_2": 33, "SECCION": 2596, "TIPO": 4, "CONTROL_2": 3585, "GEOMETRY1__2": null }, "geometry": { "type": "MultiPolygon", "coordinates": [ [ [ [ -100.693298445855021, 21.192945674805173 ], [ -100.692735455927149, 21.195559096916742 ], [ -100.689095387795945, 21.196284212629038 ], [ -100.689045346344258, 21.197195998164123 ], [ -100.685316385653607, 21.197859394348846 ], [ -100.681587385627111, 21.19852271034701 ], [ -100.68142203615443, 21.199683739845696 ], [ -100.672026758987329, 21.199371328619279 ], [ -100.671928610568116, 21.199368062220188 ], [ -100.671830462148961, 21.199364795763763 ], [ -100.671651313537126, 21.199340594866538 ], [ -100.671972662824103, 21.200872217706934 ], [ -100.672084269852178, 21.200919110302696 ], [ -100.672154002562493, 21.201266248328924 ], [ -100.672599690226534, 21.203154736463496 ], [ -100.672949459125732, 21.204564682343783 ], [ -100.669623310505443, 21.204400182434433 ], [ -100.669266347587666, 21.204435829936131 ], [ -100.668112010274925, 21.204551100407944 ], [ -100.667298021075439, 21.204701075393306 ], [ -100.666549470919932, 21.20483898810329 ], [ -100.66623644534917, 21.204896659040664 ], [ -100.665064188925285, 21.205578628945798 ], [ -100.663150182557175, 21.20586723331451 ], [ -100.662845288536687, 21.205669612112704 ], [ -100.661862625021143, 21.206553829905602 ], [ -100.661466845075566, 21.207883162336461 ], [ -100.660891557235828, 21.209007747930144 ], [ -100.660134648997754, 21.209762051637846 ], [ -100.659143495764155, 21.210643394248809 ], [ -100.659210360858637, 21.211263421815559 ], [ -100.658807692754536, 21.212054765929729 ], [ -100.658411346729224, 21.213342709754166 ], [ -100.658339301344057, 21.216944507774471 ], [ -100.657569692701756, 21.216705601997198 ], [ -100.651967991647126, 21.215914055419059 ], [ -100.650894896718185, 21.215793909806496 ], [ -100.649953681175589, 21.215970963807379 ], [ -100.648177096097385, 21.215371795824208 ], [ -100.646905587935393, 21.215076876721213 ], [ -100.645634084162822, 21.214781947697961 ], [ -100.644045908643832, 21.215091019776587 ], [ -100.642093005506538, 21.214535322244934 ], [ -100.639614723980941, 21.214399885142655 ], [ -100.638394884806416, 21.215863352982087 ], [ -100.63166123151008, 21.214951605481524 ], [ -100.630831671001275, 21.214630519741331 ], [ -100.628587139801155, 21.214326531517582 ], [ -100.628354423684968, 21.214577684687843 ], [ -100.628130007394631, 21.215490981642464 ], [ -100.619514923977704, 21.215015365086611 ], [ -100.615147917992445, 21.214736713911172 ], [ -100.611837533465035, 21.214072776080226 ], [ -100.612607900855039, 21.209634758558334 ], [ -100.612600700317273, 21.20905537755668 ], [ -100.611125780187294, 21.208990267756736 ], [ -100.610850527769017, 21.210566404887761 ], [ -100.60949504536508, 21.210624022864266 ], [ -100.609799734522909, 21.208780926323492 ], [ -100.610921040645735, 21.201997714562413 ], [ -100.612223658856323, 21.202437409250617 ], [ -100.612568636695443, 21.201729636282373 ], [ -100.613277098345208, 21.20180392652362 ], [ -100.613931238398578, 21.202251379943824 ], [ -100.615762898462265, 21.20256053050818 ], [ -100.616548567510108, 21.199364030388509 ], [ -100.617668649493012, 21.199350579454062 ], [ -100.618909213202656, 21.199542625374679 ], [ -100.619400324713055, 21.197429851852384 ], [ -100.619468803333007, 21.197135251037231 ], [ -100.62200988274671, 21.197601368113048 ], [ -100.623526057507547, 21.196258617246372 ], [ -100.624255952689467, 21.195691052917823 ], [ -100.626445604330698, 21.193988342935334 ], [ -100.626595611549092, 21.196552737097235 ], [ -100.630966752269771, 21.197203581961499 ], [ -100.631178152024674, 21.195255681366756 ], [ -100.634192380572287, 21.195840064131197 ], [ -100.633863639230313, 21.197830777376957 ], [ -100.641367970934937, 21.195211156901081 ], [ -100.653049190862973, 21.191132634058956 ], [ -100.653762641699942, 21.190883498450418 ], [ -100.654165814016253, 21.190133550043573 ], [ -100.657813381497022, 21.190574831437154 ], [ -100.665501665930691, 21.19150468825514 ], [ -100.667215247970873, 21.191711887086484 ], [ -100.669878072562838, 21.192000783181989 ], [ -100.670337997357748, 21.19087954677304 ], [ -100.671394997839244, 21.190851075039443 ], [ -100.672278626595684, 21.190827268231956 ], [ -100.672385619438487, 21.189708001482618 ], [ -100.673911345315275, 21.189326568967889 ], [ -100.67716493630526, 21.191255612213453 ], [ -100.681632387824223, 21.190940404503678 ], [ -100.686046566156946, 21.191205428957478 ], [ -100.693222422256056, 21.191164542695102 ], [ -100.693298445855021, 21.192945674805173 ] ] ] ] } },
{ "type": "Feature", "properties": { "ID": 25, "ENTIDAD": 11, "MUNICIPIO": 33, "NOMBRE": "SAN LUIS DE LA PAZ", "CONTROL": 46, "GEOMETRY1_": null, "ID_2": 2550, "ENTIDAD_2": 11, "DISTRITO_F": 1, "DISTRITO_L": 2, "MUNICIPIO_2": 33, "SECCION": 2593, "TIPO": 4, "CONTROL_2": 3581, "GEOMETRY1__2": null }, "geometry": { "type": "MultiPolygon", "coordinates": [ [ [ [ -100.38612431351234, 21.299788559923265 ], [ -100.385301442299181, 21.300169977772004 ], [ -100.38488752828448, 21.300174451145153 ], [ -100.384827296968282, 21.300092319390721 ], [ -100.384763763650454, 21.299761875422089 ], [ -100.384995882076382, 21.2994282366483 ], [ -100.385405389889868, 21.299092680274651 ], [ -100.38590148036225, 21.298597292469736 ], [ -100.38640720275923, 21.298114948712026 ], [ -100.386806333296292, 21.29771161893267 ], [ -100.387271655659774, 21.297127106832892 ], [ -100.387790041170092, 21.296086715104394 ], [ -100.388069701298676, 21.294883340856973 ], [ -100.388234408787, 21.293929558279689 ], [ -100.388458242130469, 21.292975135484394 ], [ -100.388384232062435, 21.29185837151612 ], [ -100.388313530517806, 21.290989919373644 ], [ -100.388063797510853, 21.28999923073976 ], [ -100.387699672733518, 21.289299518475637 ], [ -100.387396880825833, 21.288764707066889 ], [ -100.38655590284435, 21.28778041028789 ], [ -100.38589671493456, 21.287125274814205 ], [ -100.384637481547244, 21.285814356447194 ], [ -100.384158159170724, 21.285343531790691 ], [ -100.383678839855193, 21.284872705577463 ], [ -100.382658888590811, 21.283766144404037 ], [ -100.381515763763929, 21.282288381354942 ], [ -100.380553323683188, 21.281057011251132 ], [ -100.379471557869564, 21.279744136793031 ], [ -100.378567725878483, 21.278470730950165 ], [ -100.378441032171764, 21.278275182399518 ], [ -100.37766226618848, 21.277073162396654 ], [ -100.378130306356155, 21.276695603767642 ], [ -100.378482294065236, 21.276484858811816 ], [ -100.378597247867688, 21.276235272758363 ], [ -100.37865198396679, 21.275903551725062 ], [ -100.378410567248267, 21.275533626201213 ], [ -100.377932120810215, 21.275124858791472 ], [ -100.377279601542071, 21.274966310991093 ], [ -100.376385126184644, 21.27439644609197 ], [ -100.37616434617378, 21.27363428000265 ], [ -100.376042608122233, 21.273214017885952 ], [ -100.376511996998644, 21.273042890800571 ], [ -100.376864638419292, 21.272955882057378 ], [ -100.377270847375939, 21.272496113599043 ], [ -100.377618681229464, 21.272078404296909 ], [ -100.377845562992647, 21.271455452900813 ], [ -100.37789372220854, 21.270710657299723 ], [ -100.37770358844746, 21.269803402705698 ], [ -100.377516460441456, 21.269102834678549 ], [ -100.377506250030976, 21.26840009884658 ], [ -100.377784290591833, 21.267239038791637 ], [ -100.377891421161593, 21.266493520308018 ], [ -100.378525082253333, 21.265452135478746 ], [ -100.379045000898287, 21.264701556351568 ], [ -100.379682253384075, 21.263908192141507 ], [ -100.380029460234454, 21.263449141530536 ], [ -100.380316492786434, 21.262908138929895 ], [ -100.380193142458808, 21.26253754920797 ], [ -100.379060103206498, 21.261683203156924 ], [ -100.379746695434832, 21.260227717784719 ], [ -100.378298414710713, 21.257971507806975 ], [ -100.377588400540148, 21.257814827282431 ], [ -100.376699084251882, 21.257494959882084 ], [ -100.375690636938543, 21.257093855893661 ], [ -100.374268824264277, 21.256656456436431 ], [ -100.373143652436283, 21.256339453781052 ], [ -100.371662287582325, 21.255861414630608 ], [ -100.369886097129253, 21.255386960009922 ], [ -100.368937843087295, 21.255067769420691 ], [ -100.367812095154974, 21.254709392190275 ], [ -100.367339764171476, 21.254673804492736 ], [ -100.366979990345754, 21.254264739399517 ], [ -100.366444513821534, 21.253940503862648 ], [ -100.365374164523146, 21.253333364974427 ], [ -100.364002432295607, 21.252275091230842 ], [ -100.364397760421781, 21.250615542809783 ], [ -100.364402422079408, 21.250595973432233 ], [ -100.363613499986457, 21.250488617978935 ], [ -100.363844024762329, 21.249990068348644 ], [ -100.364648175879694, 21.247996990491536 ], [ -100.364867105221649, 21.246423113886646 ], [ -100.364562026153905, 21.245474671916828 ], [ -100.364969437226165, 21.244974436400803 ], [ -100.362138204174286, 21.244918654935212 ], [ -100.35930697034965, 21.244862825805896 ], [ -100.358891103532159, 21.244577231448176 ], [ -100.359927158111532, 21.242209705588515 ], [ -100.360913551906506, 21.240711269181293 ], [ -100.361081108509012, 21.239841054147636 ], [ -100.362295098387207, 21.23757523253083 ], [ -100.3635090527344, 21.235309403578107 ], [ -100.363914215683323, 21.234602377521156 ], [ -100.364195219231988, 21.233317450316022 ], [ -100.364477109166998, 21.232115240245761 ], [ -100.364173848411696, 21.231332229386066 ], [ -100.36404613482857, 21.230423458394267 ], [ -100.363564667175012, 21.229518052540406 ], [ -100.362907218280753, 21.228697044387925 ], [ -100.362257335070595, 21.228579133205692 ], [ -100.361664633932605, 21.228295223984777 ], [ -100.360594046670215, 21.227436767418773 ], [ -100.359940618825291, 21.226987975954824 ], [ -100.359759748622935, 21.22661742455335 ], [ -100.359748651982557, 21.225583452599249 ], [ -100.359737555937201, 21.224549480512952 ], [ -100.359494625994301, 21.223889975669152 ], [ -100.359075714769233, 21.223314865625586 ], [ -100.358290651590607, 21.221585058001466 ], [ -100.359288915913098, 21.221203324739776 ], [ -100.360405086716426, 21.220820466769108 ], [ -100.360271638586568, 21.219374024384503 ], [ -100.357959080590661, 21.218155059863644 ], [ -100.357604021476519, 21.218034334472406 ], [ -100.357365100523722, 21.217747055641151 ], [ -100.357348265964575, 21.216175414957934 ], [ -100.35733896324416, 21.215306876554713 ], [ -100.357038436446288, 21.214772001372374 ], [ -100.356793765727531, 21.213947054438794 ], [ -100.356487931517094, 21.212915869957765 ], [ -100.356358959498849, 21.211883010817697 ], [ -100.356468011343296, 21.21105471471995 ], [ -100.356402419778817, 21.210434887489303 ], [ -100.356160858919381, 21.209899451801949 ], [ -100.355919299899313, 21.209364015642425 ], [ -100.355977609951367, 21.209237897139058 ], [ -100.35604346134005, 21.209095467254549 ], [ -100.356207419423839, 21.208740841308526 ], [ -100.356497307059087, 21.208283102662286 ], [ -100.356730455369799, 21.208032716696174 ], [ -100.358138632504705, 21.207398933891717 ], [ -100.360604797986312, 21.206465562745329 ], [ -100.360251096432975, 21.206468918269348 ], [ -100.359660706816086, 21.206391791211118 ], [ -100.359124391728329, 21.20585915440228 ], [ -100.35852647201375, 21.205078920211847 ], [ -100.357931216246413, 21.204546837598173 ], [ -100.357394471330124, 21.20397283546264 ], [ -100.357856451135035, 21.20260168790168 ], [ -100.35815830492615, 21.201618770676784 ], [ -100.358679900510225, 21.19994509243395 ], [ -100.358712904898638, 21.197374351944124 ], [ -100.357412196745912, 21.197278809206114 ], [ -100.356079566281011, 21.197515380653631 ], [ -100.356301200066625, 21.195462352916419 ], [ -100.355940891268375, 21.194845311565651 ], [ -100.354769487312694, 21.195559561289549 ], [ -100.354832363592251, 21.195239151501887 ], [ -100.355663995786799, 21.191001143656386 ], [ -100.359742661392275, 21.190951609891677 ], [ -100.371106882833445, 21.1908130767352 ], [ -100.378533337114604, 21.190700661731302 ], [ -100.383186274575124, 21.19032507520933 ], [ -100.386901951264861, 21.190496115981929 ], [ -100.389260582694433, 21.190556090775413 ], [ -100.391633764381695, 21.191152212328049 ], [ -100.396889029411128, 21.185893000581995 ], [ -100.405513517753704, 21.177260915087082 ], [ -100.405800509745134, 21.176554141253177 ], [ -100.406374486088538, 21.175140592407413 ], [ -100.406774803498678, 21.174018663926109 ], [ -100.407354238616392, 21.17310177495002 ], [ -100.407825359686939, 21.173055312255986 ], [ -100.407546176387953, 21.174621525121452 ], [ -100.40734215963279, 21.176295865116209 ], [ -100.408835564824528, 21.179216276476893 ], [ -100.410785579526305, 21.179522193442136 ], [ -100.413164639174781, 21.181400622427258 ], [ -100.415717398965782, 21.182987383869893 ], [ -100.418330082691128, 21.184656241714997 ], [ -100.42000833362026, 21.187121657031636 ], [ -100.422099776075626, 21.189623962691151 ], [ -100.42377399644954, 21.191716839133871 ], [ -100.425039541390419, 21.193452822689792 ], [ -100.425270938214837, 21.19377023048267 ], [ -100.426411415185513, 21.19557912564898 ], [ -100.427788208595601, 21.197426831977722 ], [ -100.429670882536939, 21.199404819225542 ], [ -100.430495318131008, 21.199859992248978 ], [ -100.431201826750453, 21.200480391930792 ], [ -100.431908341249823, 21.201100788278179 ], [ -100.433203782237783, 21.202010870296771 ], [ -100.434990566422456, 21.203474458720699 ], [ -100.437307738517134, 21.205022013325443 ], [ -100.438207025040271, 21.206336740904515 ], [ -100.439585465675179, 21.208308498116406 ], [ -100.440961611322024, 21.210073302838648 ], [ -100.442039247362871, 21.211510228425546 ], [ -100.442705571502586, 21.213075841137879 ], [ -100.443842677458946, 21.214553492725436 ], [ -100.444684522691034, 21.215992988562295 ], [ -100.445460870275767, 21.216853700801529 ], [ -100.445610618889305, 21.217059017696215 ], [ -100.445760367927122, 21.217264334429508 ], [ -100.446680979125617, 21.217917036239445 ], [ -100.445539955610712, 21.218632719908449 ], [ -100.443485086643634, 21.219441771031356 ], [ -100.448105984808805, 21.226510485163057 ], [ -100.447994144955246, 21.227049822177126 ], [ -100.446880789662856, 21.227682973524661 ], [ -100.446591572157175, 21.228182869833876 ], [ -100.444599760598237, 21.229363779895223 ], [ -100.445916737277571, 21.231087786323872 ], [ -100.442574655294621, 21.232821634105804 ], [ -100.441225351808654, 21.233457342626902 ], [ -100.440403036106815, 21.233756116997551 ], [ -100.439726509832099, 21.233908413731363 ], [ -100.439049982001976, 21.234060707827481 ], [ -100.438047482398844, 21.23407169715928 ], [ -100.436751060875338, 21.234168685215547 ], [ -100.435807064589369, 21.234137627748197 ], [ -100.435693313259534, 21.234511408133965 ], [ -100.436292293828245, 21.234979680008191 ], [ -100.443369293650022, 21.240511946165427 ], [ -100.446762630039359, 21.24328931019004 ], [ -100.450215537468807, 21.246107334383424 ], [ -100.452177236557617, 21.247451629945154 ], [ -100.453784172693858, 21.248717038722681 ], [ -100.456639075668846, 21.250796464588948 ], [ -100.461468786683781, 21.254102218284103 ], [ -100.465793672992618, 21.25842243413938 ], [ -100.468988913477858, 21.260886939964426 ], [ -100.474417939340753, 21.262469613581466 ], [ -100.475611332057397, 21.265110982028098 ], [ -100.475029785739338, 21.266438439153227 ], [ -100.474323776222349, 21.266608010345042 ], [ -100.473499465736964, 21.266695500564133 ], [ -100.472736665477697, 21.267237798335412 ], [ -100.47197433155074, 21.267862847394973 ], [ -100.471447882631054, 21.268527920914 ], [ -100.471038550134807, 21.269068186688273 ], [ -100.470274315054297, 21.269362210908639 ], [ -100.469096029108044, 21.26936894806402 ], [ -100.46797689178112, 21.269416718020445 ], [ -100.46691690228019, 21.269505522006924 ], [ -100.466269546879317, 21.26963334753755 ], [ -100.465855973737376, 21.269428810092005 ], [ -100.465678059071038, 21.269222929911816 ], [ -100.465266829463317, 21.269432164264146 ], [ -100.464343381393789, 21.272830468898366 ], [ -100.464346189179651, 21.273326996916065 ], [ -100.464526213803495, 21.273905274185459 ], [ -100.464163327218358, 21.274590925041792 ], [ -100.464032840079128, 21.274546170788163 ], [ -100.463854079521241, 21.274519044161167 ], [ -100.463682080529878, 21.274505242729894 ], [ -100.462586770193738, 21.274414376128984 ], [ -100.461986530794618, 21.274363182484564 ], [ -100.461739581221011, 21.274350985595934 ], [ -100.461329150779463, 21.274309614396341 ], [ -100.461129171818243, 21.27430274515746 ], [ -100.460928201304824, 21.27429875231411 ], [ -100.460718375550627, 21.2742759548 ], [ -100.460578290239923, 21.274266175455317 ], [ -100.460455980562884, 21.274261858435601 ], [ -100.460422871140238, 21.27442084341455 ], [ -100.460383990507935, 21.274718500085104 ], [ -100.460352451698384, 21.275036647334616 ], [ -100.460336720245451, 21.275173732364074 ], [ -100.46031374326428, 21.275325937390686 ], [ -100.460306158723768, 21.275487569073952 ], [ -100.46029083547775, 21.27564018574224 ], [ -100.460281287139594, 21.275757857924845 ], [ -100.460272532764293, 21.275800954336781 ], [ -100.460254495707019, 21.275833615103988 ], [ -100.460213667027489, 21.27588224765525 ], [ -100.460195545046929, 21.275906305050803 ], [ -100.460182824592579, 21.275935095672939 ], [ -100.460182904508372, 21.275969033383639 ], [ -100.460188839298667, 21.276001964323644 ], [ -100.460215397052508, 21.276160909965288 ], [ -100.460183836030879, 21.276644805817483 ], [ -100.460170207533977, 21.276814137971492 ], [ -100.460169744239693, 21.276870546653566 ], [ -100.460188431853396, 21.276955469637794 ], [ -100.460190461681648, 21.277006120635981 ], [ -100.46013060959703, 21.278292355109482 ], [ -100.46012023596036, 21.278533120850195 ], [ -100.460087769492603, 21.278989897632918 ], [ -100.460039375603955, 21.27904719986002 ], [ -100.460031404044187, 21.27916963838949 ], [ -100.460022960778886, 21.279244280453742 ], [ -100.460026761054252, 21.279319294375185 ], [ -100.460039031886822, 21.279425783222209 ], [ -100.460030177725827, 21.27951046696354 ], [ -100.459995563934186, 21.279827206707267 ], [ -100.459982515874884, 21.280003703861379 ], [ -100.459967237759386, 21.280315973905775 ], [ -100.459939797464585, 21.280623210824437 ], [ -100.45993768834451, 21.280706641064899 ], [ -100.45994185238925, 21.280766833653018 ], [ -100.459956536334701, 21.280859439406736 ], [ -100.459961673137073, 21.280914843504604 ], [ -100.459952951480787, 21.280961285649248 ], [ -100.459922485121339, 21.281078183116172 ], [ -100.459905103088715, 21.281177280941041 ], [ -100.459896390323266, 21.281276303605313 ], [ -100.459880192754497, 21.281443745936865 ], [ -100.459877745190667, 21.281609157037419 ], [ -100.459877128392804, 21.281908393780785 ], [ -100.459859344291615, 21.28207011379294 ], [ -100.459839747765969, 21.282151544606652 ], [ -100.459799315660902, 21.28249892705551 ], [ -100.4597711466498, 21.282796968623007 ], [ -100.459773118381335, 21.282996757778573 ], [ -100.459766083762844, 21.28336918494529 ], [ -100.459749055292093, 21.283736679684324 ], [ -100.459735311178306, 21.284075226614828 ], [ -100.459745489160483, 21.284331349225209 ], [ -100.459721802026877, 21.28477347048505 ], [ -100.459370989723283, 21.28478129161449 ], [ -100.459020111323539, 21.284782420511402 ], [ -100.45839478395024, 21.284777322031861 ], [ -100.457831682296856, 21.284772638468095 ], [ -100.457342063424832, 21.28477209705509 ], [ -100.456786091769715, 21.284766392262782 ], [ -100.456210044657254, 21.28469011439649 ], [ -100.455610417065742, 21.284601610233711 ], [ -100.455395498437156, 21.284581001835544 ], [ -100.455186243605752, 21.284565841278759 ], [ -100.454990842637969, 21.2845591648503 ], [ -100.454845834717858, 21.284542492650683 ], [ -100.453877039457709, 21.284358463391566 ], [ -100.453847947432408, 21.285030791336155 ], [ -100.45382421211572, 21.287259699934413 ], [ -100.453627434989812, 21.287269047182704 ], [ -100.45356675675329, 21.287270527099189 ], [ -100.453505171302851, 21.287283486973475 ], [ -100.453474095396274, 21.287287101310387 ], [ -100.453436848051012, 21.287285510853316 ], [ -100.453380169786058, 21.287278830065681 ], [ -100.45325299683266, 21.287260807635764 ], [ -100.452675713298547, 21.287267223827612 ], [ -100.452641657299594, 21.287278989832295 ], [ -100.452612813778785, 21.287302183006247 ], [ -100.452592158106938, 21.287328173567126 ], [ -100.452579699677273, 21.287357917449434 ], [ -100.45257229586403, 21.287434940340408 ], [ -100.452592470991632, 21.287723482048111 ], [ -100.452637904826076, 21.288091154826965 ], [ -100.452746467735778, 21.288614079960073 ], [ -100.452804666364429, 21.288660455194282 ], [ -100.452830513124908, 21.288695604594082 ], [ -100.452830225737628, 21.288770176035595 ], [ -100.452814069628189, 21.288890773015645 ], [ -100.45278826602285, 21.289015755306291 ], [ -100.452751577046428, 21.289071042632784 ], [ -100.452740327750249, 21.289094084006148 ], [ -100.452740377987013, 21.289125153972769 ], [ -100.452753021470386, 21.289425710729461 ], [ -100.452804119043421, 21.289954422529245 ], [ -100.45259498575426, 21.289952403233798 ], [ -100.452384682237863, 21.28993509757726 ], [ -100.452114340805224, 21.289932649750863 ], [ -100.45192370793076, 21.289944810216834 ], [ -100.451760454901731, 21.289940482130838 ], [ -100.451549412984775, 21.289951862170174 ], [ -100.451398343390949, 21.289941692600365 ], [ -100.451074944149454, 21.289937788530683 ], [ -100.45083916935431, 21.289923568531201 ], [ -100.450599441270384, 21.289922288439374 ], [ -100.450136070348293, 21.289895688339382 ], [ -100.450049175187146, 21.289876360594441 ], [ -100.44993755301347, 21.289884014151919 ], [ -100.449830713434821, 21.292563921786257 ], [ -100.449695671434782, 21.292576079062549 ], [ -100.449552927864843, 21.292583044485081 ], [ -100.449191378119195, 21.292590220760452 ], [ -100.44858682729442, 21.292574870386591 ], [ -100.448314398557486, 21.292568132586791 ], [ -100.447983982002512, 21.292577428413384 ], [ -100.447768958710796, 21.292599354299963 ], [ -100.447646848927718, 21.292630040971005 ], [ -100.44757506997496, 21.292644042482205 ], [ -100.447500146770466, 21.292649466880732 ], [ -100.447165502499374, 21.292643740251663 ], [ -100.446838994756121, 21.292661604357594 ], [ -100.446665940872791, 21.292672412928674 ], [ -100.446588359912582, 21.292692916984176 ], [ -100.446517189009285, 21.292716950970043 ], [ -100.446325727444957, 21.292853394215328 ], [ -100.446413788423385, 21.292991737527625 ], [ -100.44651507220847, 21.293126143092564 ], [ -100.446593920755291, 21.293261219413058 ], [ -100.446706288980309, 21.293485872874918 ], [ -100.44686482455495, 21.293737375770178 ], [ -100.446996854581528, 21.293886334894076 ], [ -100.447165904707944, 21.294169773507274 ], [ -100.447692519010488, 21.295028046779038 ], [ -100.448105721403309, 21.295625376852676 ], [ -100.447537751998368, 21.29568746542926 ], [ -100.427831160094755, 21.297737508045422 ], [ -100.426713121183099, 21.298033283634279 ], [ -100.425831232488449, 21.29841051927945 ], [ -100.425304243223138, 21.29903408624741 ], [ -100.424955596419366, 21.299946331385083 ], [ -100.424810511953126, 21.300360914926298 ], [ -100.42466542673877, 21.300775498368203 ], [ -100.42425717419772, 21.301563930488058 ], [ -100.423848247829753, 21.302228228113286 ], [ -100.423203156563773, 21.302811054665149 ], [ -100.422795782885487, 21.303764995414955 ], [ -100.422329029022791, 21.30463650065002 ], [ -100.421625659680785, 21.305343776741694 ], [ -100.420745715670165, 21.306093389908611 ], [ -100.418212826439458, 21.306314044783214 ], [ -100.417269055629205, 21.30615364505795 ], [ -100.416149159310805, 21.306118330869783 ], [ -100.415383065659015, 21.306122475491371 ], [ -100.414618958198872, 21.306499018885429 ], [ -100.413620446862069, 21.307125099754238 ], [ -100.412679977056897, 21.307585345137603 ], [ -100.411621638851528, 21.308046220419612 ], [ -100.410034008799741, 21.308716832447981 ], [ -100.409504283630284, 21.308843817720188 ], [ -100.409091105306246, 21.308721899671159 ], [ -100.40902998187812, 21.308308435074405 ], [ -100.409380061232994, 21.307644485923955 ], [ -100.409790823400144, 21.307311244285454 ], [ -100.410317249993028, 21.30656358692746 ], [ -100.410961971314904, 21.305898050124526 ], [ -100.411605807453938, 21.305066998779957 ], [ -100.412131997236315, 21.304277958419842 ], [ -100.412598371867659, 21.303323722005658 ], [ -100.41259330992618, 21.302372026170698 ], [ -100.412470611489212, 21.301462343475169 ], [ -100.41193695687771, 21.30084452919154 ], [ -100.410934297745996, 21.300684408846102 ], [ -100.409578509639374, 21.300608938212406 ], [ -100.408520428047183, 21.301111170273142 ], [ -100.407521048993885, 21.301571702056993 ], [ -100.406403805673477, 21.302032859160231 ], [ -100.405108241879404, 21.302205306854532 ], [ -100.403752439786146, 21.302129789884042 ], [ -100.402042847354465, 21.302014767545526 ], [ -100.400687263765249, 21.301980603967277 ], [ -100.39933016566944, 21.301656781278588 ], [ -100.398384278016152, 21.301082489481331 ], [ -100.397202036382922, 21.300385305808405 ], [ -100.396432518406286, 21.299727308699083 ], [ -100.395249435757691, 21.298864596543357 ], [ -100.394361864090726, 21.298165833403392 ], [ -100.393239234936033, 21.29759244346873 ], [ -100.392118970850149, 21.297474208472387 ], [ -100.391117632701636, 21.297562238299168 ], [ -100.3901171477643, 21.297815776151836 ], [ -100.389352796861942, 21.298150827822504 ], [ -100.38847037329235, 21.298445115914713 ], [ -100.386713413807485, 21.299616623500366 ], [ -100.38612431351234, 21.299788559923265 ] ] ] ] } },
{ "type": "Feature", "properties": { "ID": 25, "ENTIDAD": 11, "MUNICIPIO": 33, "NOMBRE": "SAN LUIS DE LA PAZ", "CONTROL": 46, "GEOMETRY1_": null, "ID_2": 2554, "ENTIDAD_2": 11, "DISTRITO_F": 1, "DISTRITO_L": 2, "MUNICIPIO_2": 33, "SECCION": 2597, "TIPO": 4, "CONTROL_2": 444, "GEOMETRY1__2": null }, "geometry": { "type": "MultiPolygon", "coordinates": [ [ [ [ -100.669826684511236, 21.130764089872656 ], [ -100.672765262688074, 21.130623440761354 ], [ -100.673154613035678, 21.135838034625465 ], [ -100.674314740130313, 21.151372402940371 ], [ -100.677367767065007, 21.150858119576764 ], [ -100.67797159165552, 21.152512021226215 ], [ -100.682070751961177, 21.151610969456147 ], [ -100.68211674156322, 21.151600859693591 ], [ -100.682324118209621, 21.152231371725442 ], [ -100.683055439489863, 21.152188590755141 ], [ -100.682581242824057, 21.154889149489456 ], [ -100.682645198754116, 21.155427406498141 ], [ -100.682649954229518, 21.155924565304442 ], [ -100.681924709955581, 21.160030437210722 ], [ -100.6821122243079, 21.161189479090798 ], [ -100.682178164516415, 21.161934885227851 ], [ -100.682536953530018, 21.162554342319449 ], [ -100.682687691515582, 21.162716978266129 ], [ -100.684141421210754, 21.164285426274223 ], [ -100.684811491727544, 21.165130813228053 ], [ -100.688130118863356, 21.169317529403607 ], [ -100.687946431551424, 21.169554382048222 ], [ -100.687549183671834, 21.170066603834393 ], [ -100.68667180357582, 21.170568766218736 ], [ -100.685908460588024, 21.1706973900198 ], [ -100.686586004765658, 21.173883812319005 ], [ -100.686176311109037, 21.174093295813329 ], [ -100.685573881748368, 21.172605158463526 ], [ -100.684632901369298, 21.172610487519307 ], [ -100.686227227027885, 21.179396300428078 ], [ -100.685876729974765, 21.17964688017739 ], [ -100.685701480996386, 21.179772169806309 ], [ -100.685526231716722, 21.179897459271398 ], [ -100.686596029396767, 21.181051486184334 ], [ -100.68842804748104, 21.181952580688385 ], [ -100.688800869231031, 21.184022055445432 ], [ -100.689626682066617, 21.184265945981352 ], [ -100.689697067270217, 21.185467069735495 ], [ -100.690816172377708, 21.185626419303635 ], [ -100.691304277462365, 21.187446636499836 ], [ -100.692542231967067, 21.187729590821931 ], [ -100.693222422256056, 21.191164542695102 ], [ -100.686046566156946, 21.191205428957478 ], [ -100.681632387824223, 21.190940404503678 ], [ -100.67716493630526, 21.191255612213453 ], [ -100.673911345315275, 21.189326568967889 ], [ -100.672385619438487, 21.189708001482618 ], [ -100.672278626595684, 21.190827268231956 ], [ -100.671394997839244, 21.190851075039443 ], [ -100.670337997357748, 21.19087954677304 ], [ -100.669878072562838, 21.192000783181989 ], [ -100.667215247970873, 21.191711887086484 ], [ -100.665501665930691, 21.19150468825514 ], [ -100.657813381497022, 21.190574831437154 ], [ -100.654165814016253, 21.190133550043573 ], [ -100.653762641699942, 21.190883498450418 ], [ -100.653049190862973, 21.191132634058956 ], [ -100.641367970934937, 21.195211156901081 ], [ -100.633863639230313, 21.197830777376957 ], [ -100.634192380572287, 21.195840064131197 ], [ -100.631178152024674, 21.195255681366756 ], [ -100.630966752269771, 21.197203581961499 ], [ -100.626595611549092, 21.196552737097235 ], [ -100.626445604330698, 21.193988342935334 ], [ -100.624255952689467, 21.195691052917823 ], [ -100.623526057507547, 21.196258617246372 ], [ -100.62200988274671, 21.197601368113048 ], [ -100.619468803333007, 21.197135251037231 ], [ -100.619400324713055, 21.197429851852384 ], [ -100.618909213202656, 21.199542625374679 ], [ -100.617668649493012, 21.199350579454062 ], [ -100.616548567510108, 21.199364030388509 ], [ -100.615762898462265, 21.20256053050818 ], [ -100.613931238398578, 21.202251379943824 ], [ -100.613277098345208, 21.20180392652362 ], [ -100.612568636695443, 21.201729636282373 ], [ -100.612223658856323, 21.202437409250617 ], [ -100.610921040645735, 21.201997714562413 ], [ -100.608342639205006, 21.197991508057587 ], [ -100.608041045652627, 21.197522888145528 ], [ -100.607193681306512, 21.196206220655267 ], [ -100.606981112212196, 21.192638602699567 ], [ -100.60682156428156, 21.189960674352765 ], [ -100.609118493539697, 21.189767659993642 ], [ -100.60909182475784, 21.187615664339365 ], [ -100.609738192547667, 21.187442371633232 ], [ -100.610801294684421, 21.187595215011513 ], [ -100.611309741961804, 21.18580933184791 ], [ -100.612778779168252, 21.185419225715648 ], [ -100.613284113287264, 21.183385031328463 ], [ -100.600226745780134, 21.185858848414455 ], [ -100.597403389022503, 21.181536019055585 ], [ -100.595720215064247, 21.178958766492361 ], [ -100.598607460845258, 21.178841673582202 ], [ -100.597886526252424, 21.176448379352834 ], [ -100.597439644085753, 21.174964814325659 ], [ -100.594676894471036, 21.166015787444501 ], [ -100.589134579018946, 21.16591588948836 ], [ -100.592349003633203, 21.158386953846623 ], [ -100.596146776976084, 21.156713015307048 ], [ -100.601760042830591, 21.161999467154967 ], [ -100.602862495591168, 21.160579048987522 ], [ -100.603394968672504, 21.160738269301412 ], [ -100.604106296565035, 21.161060919719212 ], [ -100.604880141695858, 21.161672557496992 ], [ -100.605650925465852, 21.162035882881064 ], [ -100.606176757814779, 21.161657092450024 ], [ -100.60652270774284, 21.16103210218748 ], [ -100.608540949817424, 21.157407006706379 ], [ -100.613634023022527, 21.159332855795704 ], [ -100.622930802373347, 21.162739477261837 ], [ -100.626620908596465, 21.157600357192649 ], [ -100.628087185549532, 21.155558194952825 ], [ -100.630101298749878, 21.156361705835497 ], [ -100.633176993296914, 21.152804815511178 ], [ -100.635562682768594, 21.150045738728586 ], [ -100.636934602963876, 21.151388526918147 ], [ -100.642246403261865, 21.156587182712546 ], [ -100.644340887725022, 21.154409441683647 ], [ -100.646362894810693, 21.155833513092496 ], [ -100.648837400445075, 21.152872582397162 ], [ -100.649131944843177, 21.152520128278528 ], [ -100.655105223045311, 21.145372009159409 ], [ -100.661458124645023, 21.137768664575599 ], [ -100.663084878756194, 21.135927565333812 ], [ -100.663843003682246, 21.135297418753698 ], [ -100.667053792972411, 21.132898782217474 ], [ -100.669826684511236, 21.130764089872656 ] ] ] ] } },
{ "type": "Feature", "properties": { "ID": 25, "ENTIDAD": 11, "MUNICIPIO": 33, "NOMBRE": "SAN LUIS DE LA PAZ", "CONTROL": 46, "GEOMETRY1_": null, "ID_2": 2555, "ENTIDAD_2": 11, "DISTRITO_F": 1, "DISTRITO_L": 2, "MUNICIPIO_2": 33, "SECCION": 2598, "TIPO": 4, "CONTROL_2": 378, "GEOMETRY1__2": null }, "geometry": { "type": "MultiPolygon", "coordinates": [ [ [ [ -100.622040797154753, 21.10750788348523 ], [ -100.622453488743915, 21.107606154848511 ], [ -100.623179544039189, 21.107779042518445 ], [ -100.625789591785846, 21.108400515358589 ], [ -100.627621130360623, 21.108792382566715 ], [ -100.629624774061554, 21.108809638942695 ], [ -100.631213422924716, 21.108624923651558 ], [ -100.632213949014826, 21.108530072517851 ], [ -100.634391741547176, 21.108338217931088 ], [ -100.635983486705172, 21.108401764827573 ], [ -100.636623537556162, 21.1084225103777 ], [ -100.644354100528034, 21.108672884175739 ], [ -100.6465086746406, 21.108481031165098 ], [ -100.652298458548287, 21.107965345355485 ], [ -100.652417307727731, 21.107954757573111 ], [ -100.652449235529403, 21.108577020220622 ], [ -100.652888268878442, 21.117219666516231 ], [ -100.655302860841005, 21.117107431216173 ], [ -100.655866990402984, 21.124426624498152 ], [ -100.656822838417128, 21.12544970552273 ], [ -100.664155386270096, 21.127429466745202 ], [ -100.663400459282542, 21.12830791464852 ], [ -100.667053792972411, 21.132898782217474 ], [ -100.663843003682246, 21.135297418753698 ], [ -100.663084878756194, 21.135927565333812 ], [ -100.661458124645023, 21.137768664575599 ], [ -100.655105223045311, 21.145372009159409 ], [ -100.649131944843177, 21.152520128278528 ], [ -100.648837400445075, 21.152872582397162 ], [ -100.646362894810693, 21.155833513092496 ], [ -100.644340887725022, 21.154409441683647 ], [ -100.642246403261865, 21.156587182712546 ], [ -100.636934602963876, 21.151388526918147 ], [ -100.635562682768594, 21.150045738728586 ], [ -100.633176993296914, 21.152804815511178 ], [ -100.630101298749878, 21.156361705835497 ], [ -100.628087185549532, 21.155558194952825 ], [ -100.626620908596465, 21.157600357192649 ], [ -100.622930802373347, 21.162739477261837 ], [ -100.613634023022527, 21.159332855795704 ], [ -100.608540949817424, 21.157407006706379 ], [ -100.60652270774284, 21.16103210218748 ], [ -100.606176757814779, 21.161657092450024 ], [ -100.605650925465852, 21.162035882881064 ], [ -100.604880141695858, 21.161672557496992 ], [ -100.604106296565035, 21.161060919719212 ], [ -100.603394968672504, 21.160738269301412 ], [ -100.602862495591168, 21.160579048987522 ], [ -100.601760042830591, 21.161999467154967 ], [ -100.596146776976084, 21.156713015307048 ], [ -100.592349003633203, 21.158386953846623 ], [ -100.589482990255121, 21.154742178382779 ], [ -100.588001933431016, 21.152549192901926 ], [ -100.58651961410969, 21.150463870384122 ], [ -100.5889383861808, 21.148947514460311 ], [ -100.576247790248203, 21.131777164700551 ], [ -100.578632482891109, 21.131229755980041 ], [ -100.59664795261321, 21.129733851722939 ], [ -100.602820516657744, 21.133133613236033 ], [ -100.603453538844661, 21.133000065055644 ], [ -100.604667437682266, 21.130263062413167 ], [ -100.607736138915485, 21.122901280374478 ], [ -100.608985623956499, 21.119240190379461 ], [ -100.609354901247471, 21.118365676328331 ], [ -100.610968409839955, 21.114625158182491 ], [ -100.611434824632553, 21.113543856865885 ], [ -100.616236837798297, 21.114576783719581 ], [ -100.618148392116069, 21.115041625225125 ], [ -100.618261668950808, 21.114550426600804 ], [ -100.619997880028762, 21.107021400909421 ], [ -100.622040797154753, 21.10750788348523 ] ] ] ] } },
{ "type": "Feature", "properties": { "ID": 25, "ENTIDAD": 11, "MUNICIPIO": 33, "NOMBRE": "SAN LUIS DE LA PAZ", "CONTROL": 46, "GEOMETRY1_": null, "ID_2": 2556, "ENTIDAD_2": 11, "DISTRITO_F": 1, "DISTRITO_L": 2, "MUNICIPIO_2": 33, "SECCION": 2599, "TIPO": 4, "CONTROL_2": 379, "GEOMETRY1__2": null }, "geometry": { "type": "MultiPolygon", "coordinates": [ [ [ [ -100.567362442646186, 21.100814903274003 ], [ -100.568599640074837, 21.100800447175338 ], [ -100.569541766272721, 21.10074804117702 ], [ -100.570483891438741, 21.10069562998267 ], [ -100.57242605138623, 21.100507330654349 ], [ -100.573072601942371, 21.100375583156033 ], [ -100.57389864811411, 21.100469383368836 ], [ -100.574724695041823, 21.100563179489594 ], [ -100.577203593282078, 21.100906621729195 ], [ -100.579796307003605, 21.100917557491126 ], [ -100.58255999182532, 21.100690713795672 ], [ -100.584505377597537, 21.100531008934237 ], [ -100.588510789018443, 21.100647088949419 ], [ -100.592516199875561, 21.100763073909221 ], [ -100.593641514909223, 21.100795642633194 ], [ -100.596247397953192, 21.101882342895355 ], [ -100.597192555305895, 21.102078094625195 ], [ -100.59831699548883, 21.10247867003979 ], [ -100.599975225781051, 21.103162638481631 ], [ -100.602662435158209, 21.103668793590582 ], [ -100.605349659801036, 21.104174904895483 ], [ -100.605366558599499, 21.095979263227623 ], [ -100.605706772755724, 21.094899043788846 ], [ -100.606220144603938, 21.093527024054225 ], [ -100.607506237830023, 21.097485250674122 ], [ -100.614835349481297, 21.099343130135583 ], [ -100.614802567220096, 21.101454461977081 ], [ -100.620417797888848, 21.102877276655828 ], [ -100.619997880028762, 21.107021400909421 ], [ -100.618261668950808, 21.114550426600804 ], [ -100.618148392116069, 21.115041625225125 ], [ -100.616236837798297, 21.114576783719581 ], [ -100.611434824632553, 21.113543856865885 ], [ -100.610968409839955, 21.114625158182491 ], [ -100.609354901247471, 21.118365676328331 ], [ -100.608985623956499, 21.119240190379461 ], [ -100.607736138915485, 21.122901280374478 ], [ -100.604667437682266, 21.130263062413167 ], [ -100.603453538844661, 21.133000065055644 ], [ -100.602820516657744, 21.133133613236033 ], [ -100.59664795261321, 21.129733851722939 ], [ -100.578632482891109, 21.131229755980041 ], [ -100.576247790248203, 21.131777164700551 ], [ -100.5889383861808, 21.148947514460311 ], [ -100.58651961410969, 21.150463870384122 ], [ -100.588001933431016, 21.152549192901926 ], [ -100.589482990255121, 21.154742178382779 ], [ -100.592349003633203, 21.158386953846623 ], [ -100.589134579018946, 21.16591588948836 ], [ -100.588401473782341, 21.163813617356773 ], [ -100.586574380641196, 21.163835215908513 ], [ -100.586100848906838, 21.163675246011902 ], [ -100.585442917591052, 21.162896585665468 ], [ -100.581958681912042, 21.157607838842353 ], [ -100.567668317912506, 21.135911380396319 ], [ -100.566653545744629, 21.13484706551996 ], [ -100.563264175976613, 21.137245965764915 ], [ -100.56235680887167, 21.135311147949064 ], [ -100.559017821132016, 21.137005722051498 ], [ -100.559329391145397, 21.138409408260454 ], [ -100.561187596282281, 21.140995425665821 ], [ -100.562391638534095, 21.143092353031214 ], [ -100.561440027964295, 21.143690845999359 ], [ -100.559642298942492, 21.144821458255521 ], [ -100.559222804839834, 21.144246862929801 ], [ -100.558690927170971, 21.144128882394796 ], [ -100.55841070398489, 21.145332500996492 ], [ -100.557833326225449, 21.146332620452966 ], [ -100.556630059342069, 21.149202641987394 ], [ -100.556116065159642, 21.150574543368727 ], [ -100.555356879344544, 21.151162854277128 ], [ -100.552296256381211, 21.151529545407918 ], [ -100.547430901523782, 21.153779717240855 ], [ -100.546491392810566, 21.154080336982414 ], [ -100.543443516617842, 21.155522909511919 ], [ -100.543033923469807, 21.155775993548939 ], [ -100.542447025171725, 21.155989733269024 ], [ -100.546163917497879, 21.161203498493613 ], [ -100.545947949805182, 21.162861665422337 ], [ -100.528630481869598, 21.163971854505711 ], [ -100.523895542324126, 21.157362003375685 ], [ -100.524964046501495, 21.153003613657539 ], [ -100.522486679833619, 21.147857949820093 ], [ -100.52467695077631, 21.146924367917315 ], [ -100.52917234210598, 21.145008127983591 ], [ -100.528217890211366, 21.139058623569419 ], [ -100.531561236006496, 21.137695724044395 ], [ -100.533318335166626, 21.136764917078793 ], [ -100.534956571556762, 21.135752676072372 ], [ -100.535541685520741, 21.135394114048655 ], [ -100.536126796588121, 21.135035550159451 ], [ -100.538014478207344, 21.135179383977235 ], [ -100.539130183916242, 21.134835393221721 ], [ -100.539712575635079, 21.134249193409726 ], [ -100.53868475456018, 21.133778298142076 ], [ -100.53765693965191, 21.133307396211279 ], [ -100.53283864344796, 21.13109972732283 ], [ -100.53225084249398, 21.131230654494207 ], [ -100.530520079440564, 21.13189209771128 ], [ -100.528789300003083, 21.13255352411791 ], [ -100.528086325089134, 21.127925670159211 ], [ -100.528064812472493, 21.126104665160593 ], [ -100.52810467085709, 21.124489917111116 ], [ -100.527726685351467, 21.122424642290163 ], [ -100.527908945513971, 21.120592642998908 ], [ -100.52820078694117, 21.117659118690085 ], [ -100.52836826587, 21.116870749814442 ], [ -100.528940369989513, 21.115415470703642 ], [ -100.529512463791676, 21.113960190098766 ], [ -100.530429260114431, 21.111755897541819 ], [ -100.531294454023453, 21.110173074450277 ], [ -100.531895038173886, 21.109230959453942 ], [ -100.532277956640741, 21.108630281956099 ], [ -100.533140665067577, 21.106840518784097 ], [ -100.533949337782929, 21.105465293473586 ], [ -100.534355874529737, 21.10496391870948 ], [ -100.534884164181278, 21.104792280815214 ], [ -100.535621039652156, 21.10401469566099 ], [ -100.536357907502719, 21.103237107703379 ], [ -100.537443676070467, 21.102001972099604 ], [ -100.537794230154347, 21.101603187384836 ], [ -100.537940220331365, 21.101543577121067 ], [ -100.543595290313689, 21.099234385726984 ], [ -100.544569720000339, 21.099712645367539 ], [ -100.547940656806048, 21.101367065251427 ], [ -100.550047441219249, 21.102400998287806 ], [ -100.553889530361886, 21.102938816894557 ], [ -100.554838960802272, 21.103071709324425 ], [ -100.556203939146585, 21.103883695409092 ], [ -100.557972899919889, 21.10398731308382 ], [ -100.561623679278142, 21.103779260887872 ], [ -100.561401651071662, 21.100015199473077 ], [ -100.567362442646186, 21.100814903274003 ] ] ] ] } },
{ "type": "Feature", "properties": { "ID": 25, "ENTIDAD": 11, "MUNICIPIO": 33, "NOMBRE": "SAN LUIS DE LA PAZ", "CONTROL": 46, "GEOMETRY1_": null, "ID_2": 2557, "ENTIDAD_2": 11, "DISTRITO_F": 1, "DISTRITO_L": 2, "MUNICIPIO_2": 33, "SECCION": 2600, "TIPO": 4, "CONTROL_2": 3582, "GEOMETRY1__2": null }, "geometry": { "type": "MultiPolygon", "coordinates": [ [ [ [ -100.475925750171143, 21.156317122576844 ], [ -100.475288840482563, 21.155683687011919 ], [ -100.474640753480003, 21.155188483084629 ], [ -100.474799148291197, 21.154878997826337 ], [ -100.474949700258506, 21.154365843573171 ], [ -100.475016846475938, 21.154075273856957 ], [ -100.475801188838673, 21.15401984325413 ], [ -100.476143113614114, 21.153995998850139 ], [ -100.476400241873208, 21.15397131134997 ], [ -100.476531539293916, 21.153931741254848 ], [ -100.476618815519487, 21.153859998678286 ], [ -100.476434943561458, 21.153456786323115 ], [ -100.476083364790995, 21.152736149449328 ], [ -100.475866086320437, 21.152257677566119 ], [ -100.475705937452361, 21.152043576175078 ], [ -100.474641580501299, 21.149719175021165 ], [ -100.47380559536839, 21.147816761219413 ], [ -100.473421348054245, 21.146994976617787 ], [ -100.472715845963123, 21.145833182649142 ], [ -100.472397320270133, 21.145252627166148 ], [ -100.472279148547486, 21.144953271218963 ], [ -100.47194803756571, 21.144114482412295 ], [ -100.471833917736319, 21.143580849275924 ], [ -100.471470872985009, 21.142839922218009 ], [ -100.471073663741933, 21.14222153723729 ], [ -100.470589725736218, 21.141422580024116 ], [ -100.470453566138659, 21.141197787445215 ], [ -100.470234628552603, 21.140726230041981 ], [ -100.469908743794065, 21.140024322813165 ], [ -100.469470622577091, 21.138960970759697 ], [ -100.469273701899724, 21.138448731210204 ], [ -100.468661938035225, 21.136857360532527 ], [ -100.468411004847241, 21.136204601934519 ], [ -100.468126964962465, 21.135465714532842 ], [ -100.467619469593487, 21.134245916798417 ], [ -100.467229476164533, 21.133529010481599 ], [ -100.466871615662924, 21.132871166717774 ], [ -100.466601775809877, 21.132292041492647 ], [ -100.466690073203452, 21.132266161106692 ], [ -100.471704428109334, 21.132445517319599 ], [ -100.476333858335764, 21.132610971913859 ], [ -100.477688732081489, 21.131602215189801 ], [ -100.478735744880368, 21.13097547314397 ], [ -100.480117369246059, 21.130901643777634 ], [ -100.481821343139316, 21.130145620181718 ], [ -100.486167480503482, 21.126496731048594 ], [ -100.485694285623225, 21.125662796637172 ], [ -100.484765502681441, 21.123615354643924 ], [ -100.484275653884723, 21.122717194748681 ], [ -100.483569601305732, 21.121570245106938 ], [ -100.482325785539587, 21.120077043500221 ], [ -100.491082012439605, 21.117945201345613 ], [ -100.490938453064857, 21.117456947241227 ], [ -100.493954548505229, 21.116849050677956 ], [ -100.494177270287466, 21.12233400455569 ], [ -100.497334369614563, 21.121321295980874 ], [ -100.500945215269581, 21.120162950951698 ], [ -100.500822555755676, 21.11975041157158 ], [ -100.500933665702945, 21.119169661880516 ], [ -100.50122298808158, 21.118711076504702 ], [ -100.50121480631077, 21.118007496729074 ], [ -100.501268916344799, 21.117592960644632 ], [ -100.501551496157774, 21.11655495620635 ], [ -100.501018789637953, 21.116354011234201 ], [ -100.500382189478529, 21.117354620089539 ], [ -100.49997646390149, 21.117938695684799 ], [ -100.499571216063131, 21.118564157535523 ], [ -100.499278523387517, 21.118733030818717 ], [ -100.498686888326276, 21.118532743773958 ], [ -100.498154177810775, 21.118331790029384 ], [ -100.498322298579964, 21.11758482843798 ], [ -100.499635769926584, 21.111758375447181 ], [ -100.499821431871254, 21.110934761941646 ], [ -100.501131561949137, 21.110847534341602 ], [ -100.502192363042312, 21.11085624730044 ], [ -100.50325316380858, 21.110864953609919 ], [ -100.504431563161546, 21.110851626700015 ], [ -100.505490675028994, 21.110715464484965 ], [ -100.506907647381496, 21.110947774467775 ], [ -100.509195372957322, 21.110052604303824 ], [ -100.512488567078421, 21.10947712449202 ], [ -100.515137988414651, 21.109281437231576 ], [ -100.517377395598913, 21.109297340377278 ], [ -100.517905723428555, 21.109125753384546 ], [ -100.519435669337255, 21.108942748557997 ], [ -100.520203558549639, 21.109099561373718 ], [ -100.520502043982063, 21.109427294882956 ], [ -100.520191818024884, 21.113114744333842 ], [ -100.520094893096953, 21.114895716492072 ], [ -100.522333893577127, 21.114870162330416 ], [ -100.522375767632383, 21.113420956610511 ], [ -100.522780416474134, 21.112754059782482 ], [ -100.523905748971089, 21.113237909173616 ], [ -100.524200838183944, 21.113275928668923 ], [ -100.524389789283461, 21.114308573519846 ], [ -100.525217606654977, 21.114547461138205 ], [ -100.524951294943648, 21.116951252669168 ], [ -100.525601874421739, 21.117150772219357 ], [ -100.526667838619346, 21.117593887955671 ], [ -100.527261943223536, 21.118001007937991 ], [ -100.52820078694117, 21.117659118690085 ], [ -100.527908945513971, 21.120592642998908 ], [ -100.527726685351467, 21.122424642290163 ], [ -100.52810467085709, 21.124489917111116 ], [ -100.528064812472493, 21.126104665160593 ], [ -100.528086325089134, 21.127925670159211 ], [ -100.528789300003083, 21.13255352411791 ], [ -100.530520079440564, 21.13189209771128 ], [ -100.53225084249398, 21.131230654494207 ], [ -100.53283864344796, 21.13109972732283 ], [ -100.53765693965191, 21.133307396211279 ], [ -100.53868475456018, 21.133778298142076 ], [ -100.539712575635079, 21.134249193409726 ], [ -100.539130183916242, 21.134835393221721 ], [ -100.538014478207344, 21.135179383977235 ], [ -100.536126796588121, 21.135035550159451 ], [ -100.535541685520741, 21.135394114048655 ], [ -100.534956571556762, 21.135752676072372 ], [ -100.533318335166626, 21.136764917078793 ], [ -100.531561236006496, 21.137695724044395 ], [ -100.528217890211366, 21.139058623569419 ], [ -100.52917234210598, 21.145008127983591 ], [ -100.52467695077631, 21.146924367917315 ], [ -100.523580556169421, 21.145651662860082 ], [ -100.523513813925092, 21.14499015324968 ], [ -100.522977562921952, 21.14449958049229 ], [ -100.521857353379986, 21.144470992425333 ], [ -100.520031411780209, 21.144574631283117 ], [ -100.515379938913384, 21.150008649210466 ], [ -100.515563061823585, 21.150544661185315 ], [ -100.510658339552961, 21.149482872414506 ], [ -100.510113391369615, 21.148247296561721 ], [ -100.509559151715067, 21.148153466858744 ], [ -100.509453988855569, 21.148135663148437 ], [ -100.508071701949618, 21.147562119029704 ], [ -100.503942800334556, 21.147477212421318 ], [ -100.503350453841932, 21.14784659929656 ], [ -100.502350870259477, 21.148469930340305 ], [ -100.501568474919495, 21.148957817270503 ], [ -100.501384913956016, 21.149355356395695 ], [ -100.500915941435466, 21.150371003325485 ], [ -100.500036953566763, 21.151369187968836 ], [ -100.498826162246161, 21.152526685328958 ], [ -100.498281565073881, 21.153626151448755 ], [ -100.498178046204799, 21.154382893121596 ], [ -100.496394269573642, 21.154570036627248 ], [ -100.496285047546436, 21.155316331457517 ], [ -100.495994203961232, 21.15565075072298 ], [ -100.495522460536293, 21.155635373922749 ], [ -100.495050717120208, 21.155619995801025 ], [ -100.494049252617884, 21.155672673594594 ], [ -100.492810595692831, 21.155603838835553 ], [ -100.476674696403009, 21.15754945454109 ], [ -100.475925750171143, 21.156317122576844 ] ] ] ] } },
{ "type": "Feature", "properties": { "ID": 25, "ENTIDAD": 11, "MUNICIPIO": 33, "NOMBRE": "SAN LUIS DE LA PAZ", "CONTROL": 46, "GEOMETRY1_": null, "ID_2": 2558, "ENTIDAD_2": 11, "DISTRITO_F": 1, "DISTRITO_L": 2, "MUNICIPIO_2": 33, "SECCION": 2601, "TIPO": 4, "CONTROL_2": 971, "GEOMETRY1__2": null }, "geometry": { "type": "MultiPolygon", "coordinates": [ [ [ [ -100.46646272476292, 21.132258026617173 ], [ -100.466074636501389, 21.131598945764051 ], [ -100.465652438819859, 21.130319687086033 ], [ -100.465170378648281, 21.128916759070769 ], [ -100.464750979702686, 21.128009725771619 ], [ -100.46409087603466, 21.126442583285364 ], [ -100.463435726252342, 21.125537178021361 ], [ -100.462657767340531, 21.123970843746211 ], [ -100.462536575725395, 21.123695797762043 ], [ -100.462297380540605, 21.123152937585917 ], [ -100.462058187205898, 21.122610076937164 ], [ -100.461875499161465, 21.122347133501851 ], [ -100.461343203666189, 21.121580992228019 ], [ -100.461147863740734, 21.121290378484549 ], [ -100.459793543576723, 21.11927547130713 ], [ -100.459786777416085, 21.11836557547365 ], [ -100.45972930685322, 21.117964493303237 ], [ -100.459662442789494, 21.117497851290526 ], [ -100.459599898241279, 21.117382843578547 ], [ -100.458945351076608, 21.116179240983016 ], [ -100.45871692156112, 21.114617790228127 ], [ -100.462295178249647, 21.113464531878247 ], [ -100.464640860796877, 21.112713405274469 ], [ -100.469099744428732, 21.111285488045699 ], [ -100.469742333756514, 21.110865282078599 ], [ -100.470263026828945, 21.110115425243862 ], [ -100.471012552792317, 21.108825511479118 ], [ -100.471481151186183, 21.108327744697078 ], [ -100.472136758625155, 21.107631320854193 ], [ -100.472349358725722, 21.107405482963024 ], [ -100.475723308232602, 21.108777143397013 ], [ -100.476663906866079, 21.108643383513684 ], [ -100.477305427736184, 21.108140436954642 ], [ -100.482052737304443, 21.106312947018754 ], [ -100.482328832841787, 21.106322603273878 ], [ -100.483879154305129, 21.106376816322943 ], [ -100.484709230062847, 21.106823223424563 ], [ -100.485532557974054, 21.106731989122231 ], [ -100.486293363951006, 21.106351863157425 ], [ -100.486759231348856, 21.105933423498794 ], [ -100.487081313695626, 21.100811742301541 ], [ -100.487102799323296, 21.100470076744635 ], [ -100.487387327128985, 21.099681253458773 ], [ -100.487911012141538, 21.099179489097875 ], [ -100.488730654218557, 21.098798745074454 ], [ -100.491910696815538, 21.098807147951689 ], [ -100.492671966803172, 21.098468352968293 ], [ -100.493314952390051, 21.098089420770592 ], [ -100.493895925866852, 21.097462958330169 ], [ -100.494360179515127, 21.096920430549435 ], [ -100.494888526703988, 21.096790855521153 ], [ -100.495416872872013, 21.096661278898836 ], [ -100.496121332841298, 21.096488507589626 ], [ -100.496796020368123, 21.093958411109195 ], [ -100.495625670948698, 21.089875742309445 ], [ -100.49495822638788, 21.088394079321901 ], [ -100.497928895944241, 21.087104299978783 ], [ -100.501768333288368, 21.085437219014437 ], [ -100.507842565522537, 21.082799543877641 ], [ -100.517517800382279, 21.091164198107709 ], [ -100.519810739467644, 21.092935689397557 ], [ -100.521671075721187, 21.094372902086782 ], [ -100.523247062368668, 21.095590399744111 ], [ -100.526021001946759, 21.09772578905406 ], [ -100.526121079481726, 21.097778599380671 ], [ -100.526538213933861, 21.097998717704954 ], [ -100.527158796670065, 21.098318989189028 ], [ -100.527817589878467, 21.098602707394836 ], [ -100.529133038170457, 21.099001125090261 ], [ -100.529842496794245, 21.099286437422204 ], [ -100.530846856673151, 21.099611174364941 ], [ -100.532619222541427, 21.100179347629862 ], [ -100.53712716260975, 21.101419662540195 ], [ -100.537794230154347, 21.101603187384836 ], [ -100.537443676070467, 21.102001972099604 ], [ -100.536357907502719, 21.103237107703379 ], [ -100.535621039652156, 21.10401469566099 ], [ -100.534884164181278, 21.104792280815214 ], [ -100.534355874529737, 21.10496391870948 ], [ -100.533949337782929, 21.105465293473586 ], [ -100.533140665067577, 21.106840518784097 ], [ -100.532277956640741, 21.108630281956099 ], [ -100.531895038173886, 21.109230959453942 ], [ -100.531294454023453, 21.110173074450277 ], [ -100.530429260114431, 21.111755897541819 ], [ -100.529512463791676, 21.113960190098766 ], [ -100.528940369989513, 21.115415470703642 ], [ -100.52836826587, 21.116870749814442 ], [ -100.52820078694117, 21.117659118690085 ], [ -100.527261943223536, 21.118001007937991 ], [ -100.526667838619346, 21.117593887955671 ], [ -100.525601874421739, 21.117150772219357 ], [ -100.524951294943648, 21.116951252669168 ], [ -100.525217606654977, 21.114547461138205 ], [ -100.524389789283461, 21.114308573519846 ], [ -100.524200838183944, 21.113275928668923 ], [ -100.523905748971089, 21.113237909173616 ], [ -100.522780416474134, 21.112754059782482 ], [ -100.522375767632383, 21.113420956610511 ], [ -100.522333893577127, 21.114870162330416 ], [ -100.520094893096953, 21.114895716492072 ], [ -100.520191818024884, 21.113114744333842 ], [ -100.520502043982063, 21.109427294882956 ], [ -100.520203558549639, 21.109099561373718 ], [ -100.519435669337255, 21.108942748557997 ], [ -100.517905723428555, 21.109125753384546 ], [ -100.517377395598913, 21.109297340377278 ], [ -100.515137988414651, 21.109281437231576 ], [ -100.512488567078421, 21.10947712449202 ], [ -100.509195372957322, 21.110052604303824 ], [ -100.506907647381496, 21.110947774467775 ], [ -100.505490675028994, 21.110715464484965 ], [ -100.504431563161546, 21.110851626700015 ], [ -100.50325316380858, 21.110864953609919 ], [ -100.502192363042312, 21.11085624730044 ], [ -100.501131561949137, 21.110847534341602 ], [ -100.499821431871254, 21.110934761941646 ], [ -100.499635769926584, 21.111758375447181 ], [ -100.498322298579964, 21.11758482843798 ], [ -100.498154177810775, 21.118331790029384 ], [ -100.498686888326276, 21.118532743773958 ], [ -100.499278523387517, 21.118733030818717 ], [ -100.499571216063131, 21.118564157535523 ], [ -100.49997646390149, 21.117938695684799 ], [ -100.500382189478529, 21.117354620089539 ], [ -100.501018789637953, 21.116354011234201 ], [ -100.501551496157774, 21.11655495620635 ], [ -100.501268916344799, 21.117592960644632 ], [ -100.50121480631077, 21.118007496729074 ], [ -100.50122298808158, 21.118711076504702 ], [ -100.500933665702945, 21.119169661880516 ], [ -100.500822555755676, 21.11975041157158 ], [ -100.500945215269581, 21.120162950951698 ], [ -100.497334369614563, 21.121321295980874 ], [ -100.494177270287466, 21.12233400455569 ], [ -100.493954548505229, 21.116849050677956 ], [ -100.490938453064857, 21.117456947241227 ], [ -100.491082012439605, 21.117945201345613 ], [ -100.482325785539587, 21.120077043500221 ], [ -100.483569601305732, 21.121570245106938 ], [ -100.484275653884723, 21.122717194748681 ], [ -100.484765502681441, 21.123615354643924 ], [ -100.485694285623225, 21.125662796637172 ], [ -100.486167480503482, 21.126496731048594 ], [ -100.481821343139316, 21.130145620181718 ], [ -100.480117369246059, 21.130901643777634 ], [ -100.478735744880368, 21.13097547314397 ], [ -100.477688732081489, 21.131602215189801 ], [ -100.476333858335764, 21.132610971913859 ], [ -100.471704428109334, 21.132445517319599 ], [ -100.466690073203452, 21.132266161106692 ], [ -100.46646272476292, 21.132258026617173 ] ] ] ] } },
{ "type": "Feature", "properties": { "ID": 25, "ENTIDAD": 11, "MUNICIPIO": 33, "NOMBRE": "SAN LUIS DE LA PAZ", "CONTROL": 46, "GEOMETRY1_": null, "ID_2": 2559, "ENTIDAD_2": 11, "DISTRITO_F": 1, "DISTRITO_L": 2, "MUNICIPIO_2": 33, "SECCION": 2602, "TIPO": 4, "CONTROL_2": 970, "GEOMETRY1__2": null }, "geometry": { "type": "MultiPolygon", "coordinates": [ [ [ [ -100.511556507272758, 21.081297354506336 ], [ -100.51563973804052, 21.079645671748253 ], [ -100.515869664731667, 21.079552661583229 ], [ -100.527581066981625, 21.07481460089474 ], [ -100.529047326191659, 21.074221322672294 ], [ -100.533483321211719, 21.07587140843231 ], [ -100.537919407395719, 21.077521371900641 ], [ -100.537891671325667, 21.0776665634286 ], [ -100.53786393521122, 21.07781175495294 ], [ -100.535594370255637, 21.080611294168705 ], [ -100.535570943029072, 21.080640191298052 ], [ -100.541190166673843, 21.080969232690432 ], [ -100.54162838707532, 21.080994885372043 ], [ -100.542418918410874, 21.081041158842684 ], [ -100.54291930060748, 21.08193412530191 ], [ -100.543629592412813, 21.082384501034191 ], [ -100.544102376929288, 21.082588195736108 ], [ -100.544576761209683, 21.082998790359021 ], [ -100.54511164614334, 21.083615883451522 ], [ -100.546002170564392, 21.0845202268011 ], [ -100.54635844741658, 21.084890238663892 ], [ -100.546951925695424, 21.085465542955177 ], [ -100.547628083955686, 21.08639151661464 ], [ -100.550124993417384, 21.088266664729524 ], [ -100.551436337759043, 21.089534630630062 ], [ -100.551867012472869, 21.091061142388018 ], [ -100.552810529544331, 21.094297071168022 ], [ -100.552087276238268, 21.097163894784327 ], [ -100.553058600827129, 21.097090546993766 ], [ -100.553452514179426, 21.097177974605803 ], [ -100.553846427932427, 21.097265401273031 ], [ -100.554122009698347, 21.097326564289197 ], [ -100.555363648719378, 21.097684681253394 ], [ -100.557085534000919, 21.098782261858073 ], [ -100.559211891393247, 21.099212850669858 ], [ -100.560041158692471, 21.099575728228405 ], [ -100.561401651071662, 21.100015199473077 ], [ -100.561623679278142, 21.103779260887872 ], [ -100.557972899919889, 21.10398731308382 ], [ -100.556203939146585, 21.103883695409092 ], [ -100.554838960802272, 21.103071709324425 ], [ -100.553889530361886, 21.102938816894557 ], [ -100.550047441219249, 21.102400998287806 ], [ -100.547940656806048, 21.101367065251427 ], [ -100.544569720000339, 21.099712645367539 ], [ -100.543595290313689, 21.099234385726984 ], [ -100.537940220331365, 21.101543577121067 ], [ -100.537794230154347, 21.101603187384836 ], [ -100.53712716260975, 21.101419662540195 ], [ -100.532619222541427, 21.100179347629862 ], [ -100.530846856673151, 21.099611174364941 ], [ -100.529842496794245, 21.099286437422204 ], [ -100.529133038170457, 21.099001125090261 ], [ -100.527817589878467, 21.098602707394836 ], [ -100.527158796670065, 21.098318989189028 ], [ -100.526538213933861, 21.097998717704954 ], [ -100.526121079481726, 21.097778599380671 ], [ -100.526021001946759, 21.09772578905406 ], [ -100.523247062368668, 21.095590399744111 ], [ -100.521671075721187, 21.094372902086782 ], [ -100.519810739467644, 21.092935689397557 ], [ -100.517517800382279, 21.091164198107709 ], [ -100.507842565522537, 21.082799543877641 ], [ -100.511556507272758, 21.081297354506336 ] ] ] ] } },
{ "type": "Feature", "properties": { "ID": 25, "ENTIDAD": 11, "MUNICIPIO": 33, "NOMBRE": "SAN LUIS DE LA PAZ", "CONTROL": 46, "GEOMETRY1_": null, "ID_2": 2848, "ENTIDAD_2": 11, "DISTRITO_F": 1, "DISTRITO_L": 2, "MUNICIPIO_2": 43, "SECCION": 2893, "TIPO": 4, "CONTROL_2": 3209, "GEOMETRY1__2": null }, "geometry": { "type": "MultiPolygon", "coordinates": [ [ [ [ -100.202278619069361, 21.574347361023928 ], [ -100.20346445692833, 21.574661195402662 ], [ -100.202278619069361, 21.574347361024017 ], [ -100.201878824855115, 21.575097989239836 ], [ -100.202278619069361, 21.574347361023928 ] ] ] ] } },
{ "type": "Feature", "properties": { "ID": 25, "ENTIDAD": 11, "MUNICIPIO": 33, "NOMBRE": "SAN LUIS DE LA PAZ", "CONTROL": 46, "GEOMETRY1_": null, "ID_2": 2849, "ENTIDAD_2": 11, "DISTRITO_F": 1, "DISTRITO_L": 2, "MUNICIPIO_2": 43, "SECCION": 2894, "TIPO": 4, "CONTROL_2": 3210, "GEOMETRY1__2": null }, "geometry": { "type": "MultiPolygon", "coordinates": [ [ [ [ -100.213185631652223, 21.560492240347038 ], [ -100.213358929309734, 21.560282818983257 ], [ -100.213185631652223, 21.560492240347131 ], [ -100.213019693070521, 21.561115348889615 ], [ -100.213185631652223, 21.560492240347038 ] ] ], [ [ [ -100.218680040449115, 21.544315523677238 ], [ -100.218680040449115, 21.544315523677238 ], [ -100.219033218816548, 21.544268989532828 ], [ -100.218680040449115, 21.544315523677238 ] ] ], [ [ [ -100.214850884900613, 21.496120284966533 ], [ -100.214953622345405, 21.496046836862355 ], [ -100.214850884900613, 21.496120284966622 ], [ -100.214645409697198, 21.496267180998071 ], [ -100.214850884900613, 21.496120284966533 ] ] ], [ [ [ -100.21878190295665, 21.493121986907692 ], [ -100.218942452780325, 21.492934137123882 ], [ -100.21878190295665, 21.493121986907781 ], [ -100.218639297702353, 21.493288840303563 ], [ -100.21878190295665, 21.493121986907692 ] ] ], [ [ [ -100.226598661306483, 21.48108230610827 ], [ -100.22677934020102, 21.481328868815698 ], [ -100.226598661306468, 21.48108230610827 ], [ -100.226359794716984, 21.480919104415765 ], [ -100.226598661306483, 21.48108230610827 ] ] ], [ [ [ -100.242409667384706, 21.473991660408927 ], [ -100.242615082808925, 21.473844732676348 ], [ -100.242409667384706, 21.47399166040902 ], [ -100.242204251542518, 21.474138587906531 ], [ -100.242409667384706, 21.473991660408927 ] ] ] ] } },
{ "type": "Feature", "properties": { "ID": 25, "ENTIDAD": 11, "MUNICIPIO": 33, "NOMBRE": "SAN LUIS DE LA PAZ", "CONTROL": 46, "GEOMETRY1_": null, "ID_2": 2851, "ENTIDAD_2": 11, "DISTRITO_F": 1, "DISTRITO_L": 2, "MUNICIPIO_2": 43, "SECCION": 2896, "TIPO": 4, "CONTROL_2": 316, "GEOMETRY1__2": null }, "geometry": { "type": "MultiPolygon", "coordinates": [ [ [ [ -100.24665998124928, 21.470575626851055 ], [ -100.246925104989941, 21.470469487387206 ], [ -100.24665998124928, 21.47057562685114 ], [ -100.246188420350393, 21.470745924032954 ], [ -100.24665998124928, 21.470575626851055 ] ] ], [ [ [ -100.248631585508392, 21.470328941166802 ], [ -100.248788692966414, 21.47034730359881 ], [ -100.248631585508377, 21.470328941166802 ], [ -100.248136436053997, 21.470271068002258 ], [ -100.248631585508392, 21.470328941166802 ] ] ], [ [ [ -100.281353111552122, 21.451597784613472 ], [ -100.281406012957618, 21.45110054148876 ], [ -100.281353111552122, 21.451597784613565 ], [ -100.281298636781685, 21.451970868349608 ], [ -100.281353111552122, 21.451597784613472 ] ] ], [ [ [ -100.304690383182489, 21.42482535076401 ], [ -100.305344045325441, 21.425025533418026 ], [ -100.304690383182475, 21.42482535076401 ], [ -100.304035131990403, 21.424501006873761 ], [ -100.304690383182489, 21.42482535076401 ] ] ], [ [ [ -100.315808118689304, 21.419453030730221 ], [ -100.316165334144586, 21.419614871340212 ], [ -100.315808118689304, 21.419453030730313 ], [ -100.315510084145316, 21.419290572259353 ], [ -100.315808118689304, 21.419453030730221 ] ] ], [ [ [ -100.322485544890668, 21.423191277892027 ], [ -100.323025676650815, 21.423765102697921 ], [ -100.322485544890668, 21.423191277892119 ], [ -100.321827054705082, 21.422618689861302 ], [ -100.322485544890668, 21.423191277892027 ] ] ], [ [ [ -100.324772098462731, 21.435212228842815 ], [ -100.324894761767581, 21.435542073663903 ], [ -100.324772098462716, 21.435212228842815 ], [ -100.324413763254768, 21.434967637762149 ], [ -100.324772098462731, 21.435212228842815 ] ] ], [ [ [ -100.323174131402567, 21.444376477679999 ], [ -100.323058967217975, 21.444626032792314 ], [ -100.323174131402553, 21.444376477679999 ], [ -100.323169843227092, 21.444045391591903 ], [ -100.323174131402567, 21.444376477679999 ] ] ], [ [ [ -100.323762073402222, 21.448633625376537 ], [ -100.323943939388769, 21.448962849312288 ], [ -100.323762073402222, 21.44863362537663 ], [ -100.323639936151849, 21.44834516639289 ], [ -100.323762073402222, 21.448633625376537 ] ] ], [ [ [ -100.338178730653453, 21.432877365003634 ], [ -100.338823283847205, 21.432373858347447 ], [ -100.338178730653453, 21.432877365003723 ], [ -100.337831179250983, 21.43346051453133 ], [ -100.338178730653453, 21.432877365003634 ] ] ], [ [ [ -100.34546533175093, 21.401674000952834 ], [ -100.345551112206337, 21.401445439362607 ], [ -100.34546533175093, 21.401674000952923 ], [ -100.344940358952201, 21.402259043728701 ], [ -100.34546533175093, 21.401674000952834 ] ] ], [ [ [ -100.346334499564279, 21.40025748037533 ], [ -100.346979970103007, 21.399836720505906 ], [ -100.346334499564279, 21.400257480375426 ], [ -100.345804661523715, 21.400470055356884 ], [ -100.346334499564279, 21.40025748037533 ] ] ] ] } },
{ "type": "Feature", "properties": { "ID": 25, "ENTIDAD": 11, "MUNICIPIO": 33, "NOMBRE": "SAN LUIS DE LA PAZ", "CONTROL": 46, "GEOMETRY1_": null, "ID_2": 2854, "ENTIDAD_2": 11, "DISTRITO_F": 1, "DISTRITO_L": 2, "MUNICIPIO_2": 43, "SECCION": 2899, "TIPO": 4, "CONTROL_2": 315, "GEOMETRY1__2": null }, "geometry": { "type": "MultiPolygon", "coordinates": [ [ [ [ -100.362864033002595, 21.329840363088969 ], [ -100.36251298800029, 21.330133853350976 ], [ -100.36286403300258, 21.329840363088969 ], [ -100.362979049850196, 21.329590785591602 ], [ -100.362864033002595, 21.329840363088969 ] ] ], [ [ [ -100.352853262375206, 21.319723298431445 ], [ -100.35397419676471, 21.319504430815137 ], [ -100.352853262375206, 21.319723298431533 ], [ -100.352443079683766, 21.320017395921543 ], [ -100.352853262375206, 21.319723298431445 ] ] ], [ [ [ -100.38590148036225, 21.298597292469736 ], [ -100.38640720275923, 21.298114948712026 ], [ -100.38590148036225, 21.298597292469825 ], [ -100.385405389889868, 21.299092680274651 ], [ -100.38590148036225, 21.298597292469736 ] ] ] ] } },
{ "type": "Feature", "properties": { "ID": 25, "ENTIDAD": 11, "MUNICIPIO": 33, "NOMBRE": "SAN LUIS DE LA PAZ", "CONTROL": 46, "GEOMETRY1_": null, "ID_2": 2857, "ENTIDAD_2": 11, "DISTRITO_F": 1, "DISTRITO_L": 2, "MUNICIPIO_2": 43, "SECCION": 2902, "TIPO": 4, "CONTROL_2": 3140, "GEOMETRY1__2": null }, "geometry": { "type": "MultiPolygon", "coordinates": [ [ [ [ -100.379045000898287, 21.264701556351568 ], [ -100.379682253384075, 21.263908192141507 ], [ -100.379045000898302, 21.264701556351568 ], [ -100.378525082253333, 21.265452135478746 ], [ -100.379045000898287, 21.264701556351568 ] ] ], [ [ [ -100.380029460234454, 21.263449141530536 ], [ -100.380316492786434, 21.262908138929895 ], [ -100.380029460234468, 21.263449141530536 ], [ -100.379682253384075, 21.263908192141507 ], [ -100.380029460234454, 21.263449141530536 ] ] ], [ [ [ -100.362257335070595, 21.228579133205692 ], [ -100.361664633932605, 21.228295223984777 ], [ -100.362257335070595, 21.228579133205692 ], [ -100.362907218280753, 21.228697044387925 ], [ -100.362257335070595, 21.228579133205692 ] ] ] ] } },
{ "type": "Feature", "properties": { "ID": 25, "ENTIDAD": 11, "MUNICIPIO": 33, "NOMBRE": "SAN LUIS DE LA PAZ", "CONTROL": 46, "GEOMETRY1_": null, "ID_2": 181, "ENTIDAD_2": 11, "DISTRITO_F": 2, "DISTRITO_L": 9, "MUNICIPIO_2": 3, "SECCION": 182, "TIPO": 4, "CONTROL_2": 3906, "GEOMETRY1__2": null }, "geometry": { "type": "MultiPolygon", "coordinates": [ [ [ [ -100.592516199875575, 21.100763073909221 ], [ -100.593641514909223, 21.100795642633194 ], [ -100.592516199875561, 21.100763073909221 ], [ -100.588510789018443, 21.100647088949419 ], [ -100.592516199875575, 21.100763073909221 ] ] ] ] } },
{ "type": "Feature", "properties": { "ID": 25, "ENTIDAD": 11, "MUNICIPIO": 33, "NOMBRE": "SAN LUIS DE LA PAZ", "CONTROL": 46, "GEOMETRY1_": null, "ID_2": 2316, "ENTIDAD_2": 11, "DISTRITO_F": 4, "DISTRITO_L": 2, "MUNICIPIO_2": 29, "SECCION": 2354, "TIPO": 4, "CONTROL_2": 3982, "GEOMETRY1__2": null }, "geometry": { "type": "MultiPolygon", "coordinates": [ [ [ [ -100.703972044604754, 21.458359658297052 ], [ -100.703570576301402, 21.45956293253407 ], [ -100.702994942799762, 21.461057255690278 ], [ -100.702132244630647, 21.463381499379516 ], [ -100.701443689220483, 21.465414691503611 ], [ -100.7014436892308, 21.465414691464353 ], [ -100.702132244659509, 21.463381499285376 ], [ -100.702994942828724, 21.461057255595776 ], [ -100.703570576330421, 21.459562932439297 ], [ -100.703972044604342, 21.458359658290551 ], [ -100.703972044604754, 21.458359658297052 ] ] ], [ [ [ -100.700931216453512, 21.467363738089418 ], [ -100.700071926341707, 21.470060401709983 ], [ -100.700071926345103, 21.470060401696006 ], [ -100.700931216458542, 21.467363738070311 ], [ -100.700931216453512, 21.467363738089418 ] ] ], [ [ [ -100.704435744938166, 21.482731082543179 ], [ -100.704206086674105, 21.483395022808836 ], [ -100.704206086673551, 21.483395022803762 ], [ -100.704435744935978, 21.482731082542784 ], [ -100.704435744938166, 21.482731082543179 ] ] ], [ [ [ -100.704336700409726, 21.491049987043748 ], [ -100.703113884125415, 21.492714922230096 ], [ -100.701783934325917, 21.49553943286044 ], [ -100.701783934321966, 21.495539432841014 ], [ -100.703113884154476, 21.492714922140468 ], [ -100.704336700411503, 21.491049986991221 ], [ -100.704336700409726, 21.491049987043748 ] ] ], [ [ [ -100.702065077607216, 21.500379125244873 ], [ -100.701655766342995, 21.500754784369811 ], [ -100.700713396336837, 21.500886312657002 ], [ -100.699650764846098, 21.500770473701955 ], [ -100.698473667022938, 21.501027975914511 ], [ -100.697769489353206, 21.501405929420258 ], [ -100.697769489341397, 21.501405929353606 ], [ -100.698473667051474, 21.501027975826062 ], [ -100.699650764874789, 21.500770473613507 ], [ -100.700713396365643, 21.500886312568557 ], [ -100.701655766371942, 21.500754784281359 ], [ -100.70206507759778, 21.500379125191586 ], [ -100.702065077607216, 21.500379125244873 ] ] ], [ [ [ -100.697958749725444, 21.502728731794726 ], [ -100.697668135968044, 21.503186222490708 ], [ -100.697022532181421, 21.503522332358997 ], [ -100.696319880563166, 21.504065803717513 ], [ -100.696319880526644, 21.504065803679737 ], [ -100.6970225322098, 21.503522332271004 ], [ -100.69766813599648, 21.503186222402629 ], [ -100.69795874972074, 21.50272873175884 ], [ -100.697958749725444, 21.502728731794726 ] ] ] ] } },
{ "type": "Feature", "properties": { "ID": 25, "ENTIDAD": 11, "MUNICIPIO": 33, "NOMBRE": "SAN LUIS DE LA PAZ", "CONTROL": 46, "GEOMETRY1_": null, "ID_2": 2313, "ENTIDAD_2": 11, "DISTRITO_F": 4, "DISTRITO_L": 2, "MUNICIPIO_2": 29, "SECCION": 2351, "TIPO": 4, "CONTROL_2": 3987, "GEOMETRY1__2": null }, "geometry": { "type": "MultiPolygon", "coordinates": [ [ [ [ -100.741589925868055, 21.513886758665972 ], [ -100.733927558841103, 21.514403675883635 ], [ -100.733927558828981, 21.514403675800263 ], [ -100.741589925861234, 21.51388675858222 ], [ -100.741589925868055, 21.513886758665972 ] ] ], [ [ [ -100.734053833111915, 21.515271706950656 ], [ -100.733582425471624, 21.515316875302943 ], [ -100.732639609013205, 21.515407208069309 ], [ -100.731225381381364, 21.515542697372929 ], [ -100.729579593689834, 21.516135243363706 ], [ -100.727993557270906, 21.516810062520271 ], [ -100.726463721848134, 21.517194736047404 ], [ -100.726463721837405, 21.517194735972232 ], [ -100.727993557303279, 21.516810062434224 ], [ -100.72957959372242, 21.516135243277656 ], [ -100.731225381414163, 21.515542697286698 ], [ -100.732639609046188, 21.515407207983067 ], [ -100.733582425504736, 21.515316875216701 ], [ -100.734053833099992, 21.515271706868656 ], [ -100.734053833111915, 21.515271706950656 ] ] ], [ [ [ -100.726582251859213, 21.52344265252178 ], [ -100.723641832712531, 21.52417007593084 ], [ -100.721050790463934, 21.524811019645298 ], [ -100.719931353255518, 21.524944073071183 ], [ -100.71898532186367, 21.524703291786508 ], [ -100.717744002823054, 21.524423465570511 ], [ -100.717569807488644, 21.524714531373753 ], [ -100.716869101682647, 21.525464990842138 ], [ -100.71581646357987, 21.526425154312346 ], [ -100.714879425962891, 21.527136096038728 ], [ -100.714176348399135, 21.527638264010143 ], [ -100.714176348401296, 21.527638263946034 ], [ -100.714879425993544, 21.527136095954322 ], [ -100.715816463610651, 21.526425154227848 ], [ -100.716869101713556, 21.52546499075746 ], [ -100.717569807519652, 21.524714531288982 ], [ -100.717744002854076, 21.524423465485651 ], [ -100.718985321894863, 21.524703291701734 ], [ -100.719931353286839, 21.524944072986411 ], [ -100.721050790495397, 21.524811019560527 ], [ -100.723641832744349, 21.524170075845884 ], [ -100.726582251867342, 21.523442652442778 ], [ -100.726582251859213, 21.52344265252178 ] ] ] ] } },
{ "type": "Feature", "properties": { "ID": 25, "ENTIDAD": 11, "MUNICIPIO": 33, "NOMBRE": "SAN LUIS DE LA PAZ", "CONTROL": 46, "GEOMETRY1_": null, "ID_2": 2322, "ENTIDAD_2": 11, "DISTRITO_F": 4, "DISTRITO_L": 2, "MUNICIPIO_2": 29, "SECCION": 2360, "TIPO": 4, "CONTROL_2": 3983, "GEOMETRY1__2": null }, "geometry": { "type": "MultiPolygon", "coordinates": [ [ [ [ -100.695542076086966, 21.426683856122562 ], [ -100.691170418838027, 21.432014923160903 ], [ -100.691170418819155, 21.432014923118441 ], [ -100.695542076035608, 21.426683856119528 ], [ -100.695542076086966, 21.426683856122562 ] ] ] ] } },
{ "type": "Feature", "properties": { "ID": 25, "ENTIDAD": 11, "MUNICIPIO": 33, "NOMBRE": "SAN LUIS DE LA PAZ", "CONTROL": 46, "GEOMETRY1_": null, "ID_2": 2327, "ENTIDAD_2": 11, "DISTRITO_F": 4, "DISTRITO_L": 2, "MUNICIPIO_2": 29, "SECCION": 2365, "TIPO": 4, "CONTROL_2": 3956, "GEOMETRY1__2": null }, "geometry": { "type": "MultiPolygon", "coordinates": [ [ [ [ -100.701365221348368, 21.34279407511891 ], [ -100.698169022103841, 21.342096844794046 ], [ -100.691885227773639, 21.34072569719698 ], [ -100.69073985071563, 21.340475953944942 ], [ -100.689411121718223, 21.344767380845866 ], [ -100.688851719583838, 21.346574026251844 ], [ -100.688851719555856, 21.346574026192954 ], [ -100.689411121879971, 21.34476738017349 ], [ -100.690739850878302, 21.34047595326868 ], [ -100.691885227937092, 21.340725696520973 ], [ -100.698169022271813, 21.342096844119169 ], [ -100.701365221518685, 21.342794074444726 ], [ -100.701365221700883, 21.342794074498457 ], [ -100.701365221348368, 21.34279407511891 ] ] ], [ [ [ -100.6946190965201, 21.358696597727846 ], [ -100.694099948239895, 21.359177603256946 ], [ -100.690821275943563, 21.362160837171498 ], [ -100.688842878441619, 21.358451471899226 ], [ -100.688720807188162, 21.358273814538791 ], [ -100.688305439285742, 21.357669301437902 ], [ -100.687774837720255, 21.357631998791955 ], [ -100.687066447811944, 21.357696033474184 ], [ -100.686774065638986, 21.357722462386185 ], [ -100.685892256317672, 21.357936160291818 ], [ -100.68499438897878, 21.358021956869948 ], [ -100.684950393973892, 21.358026160729921 ], [ -100.684244942625867, 21.358197111975592 ], [ -100.683791065894255, 21.358634128198876 ], [ -100.683544030058641, 21.358864641298613 ], [ -100.683544030187733, 21.358864640666038 ], [ -100.683791066052436, 21.358634127539013 ], [ -100.684244942784346, 21.358197111315452 ], [ -100.684950394132841, 21.358026160069507 ], [ -100.684994389137728, 21.358021956209626 ], [ -100.685892256477274, 21.357936159631397 ], [ -100.686774065799156, 21.357722461725483 ], [ -100.687066447972327, 21.357696032813482 ], [ -100.687774837881165, 21.357631998131243 ], [ -100.688305439446964, 21.357669300777189 ], [ -100.688720807349696, 21.358273813878615 ], [ -100.688842878603296, 21.358451471239235 ], [ -100.690821276106718, 21.362160836514821 ], [ -100.694099948405281, 21.359177602597626 ], [ -100.694619096352938, 21.358696597376518 ], [ -100.6946190965201, 21.358696597727846 ] ] ], [ [ [ -100.683209460872121, 21.360936438418126 ], [ -100.682925477584263, 21.362097385119053 ], [ -100.682665653072803, 21.362678761323917 ], [ -100.682405826651404, 21.363260137223058 ], [ -100.682116162114639, 21.363800356721757 ], [ -100.681999085891988, 21.363884022801312 ], [ -100.681882010023571, 21.363967688457056 ], [ -100.681882009690682, 21.363967688152162 ], [ -100.681999086049046, 21.363884022146248 ], [ -100.68211616227174, 21.363800356066598 ], [ -100.682405826808676, 21.363260136567447 ], [ -100.682665653230288, 21.362678760667762 ], [ -100.682925477741904, 21.362097384462352 ], [ -100.683209460875801, 21.360936438390432 ], [ -100.683209460872121, 21.360936438418126 ] ] ], [ [ [ -100.687433123842979, 21.416648858502214 ], [ -100.687141864942092, 21.417023563403639 ], [ -100.687141864980518, 21.417023562955137 ], [ -100.687433123693239, 21.416648858295776 ], [ -100.687433123842979, 21.416648858502214 ] ] ] ] } },
{ "type": "Feature", "properties": { "ID": 25, "ENTIDAD": 11, "MUNICIPIO": 33, "NOMBRE": "SAN LUIS DE LA PAZ", "CONTROL": 46, "GEOMETRY1_": null, "ID_2": 2331, "ENTIDAD_2": 11, "DISTRITO_F": 4, "DISTRITO_L": 2, "MUNICIPIO_2": 29, "SECCION": 2369, "TIPO": 4, "CONTROL_2": 3953, "GEOMETRY1__2": null }, "geometry": { "type": "MultiPolygon", "coordinates": [ [ [ [ -100.681882009533695, 21.36396768880714 ], [ -100.681647856410237, 21.364135020597566 ], [ -100.681381430151077, 21.364065258428507 ], [ -100.680880055133102, 21.363933974938881 ], [ -100.680226312450628, 21.363318206460296 ], [ -100.678613707587544, 21.360930219712138 ], [ -100.678078571597254, 21.360396304842155 ], [ -100.677373098957588, 21.360567228425101 ], [ -100.676546406051017, 21.360366610790301 ], [ -100.675957256224763, 21.360371102378849 ], [ -100.674956453111662, 21.360461497170157 ], [ -100.673775146135355, 21.36013941164402 ], [ -100.672887291827166, 21.359690932002426 ], [ -100.672176561846328, 21.359282486260575 ], [ -100.671406171181985, 21.358791720667206 ], [ -100.67063915831514, 21.358673389306524 ], [ -100.669993721122296, 21.358967980837864 ], [ -100.669348655618819, 21.359303952083067 ], [ -100.666744667961296, 21.360225103351034 ], [ -100.663917921499149, 21.360617028477126 ], [ -100.659973513668191, 21.361347606344395 ], [ -100.659973513565902, 21.36134760625821 ], [ -100.663917921523336, 21.360617028367507 ], [ -100.666744667985782, 21.360225103241316 ], [ -100.66934865564356, 21.35930395197316 ], [ -100.669993721147137, 21.358967980727968 ], [ -100.670639158340023, 21.358673389196618 ], [ -100.671406171206982, 21.358791720557296 ], [ -100.67217656187141, 21.359282486150757 ], [ -100.672887291852305, 21.359690931892612 ], [ -100.673775146160594, 21.360139411534291 ], [ -100.674956453137042, 21.360461497060523 ], [ -100.675957256250243, 21.360371102269212 ], [ -100.676546406076568, 21.360366610680575 ], [ -100.677373098983225, 21.360567228315372 ], [ -100.678078571622976, 21.360396304732514 ], [ -100.678613707613323, 21.360930219602501 ], [ -100.680226312476606, 21.363318206351018 ], [ -100.68088005515915, 21.363933974829695 ], [ -100.681381430177197, 21.36406525831941 ], [ -100.681647856436371, 21.364135020488458 ], [ -100.681882009559857, 21.363967688697944 ], [ -100.681882009615364, 21.363967688748776 ], [ -100.681882009533695, 21.36396768880714 ] ] ], [ [ [ -100.662701343825489, 21.363645816305446 ], [ -100.661094862734387, 21.365725655614714 ], [ -100.659488337285879, 21.367805481997419 ], [ -100.642307190397588, 21.356574711323823 ], [ -100.641116982414047, 21.355796576327645 ], [ -100.630235746196789, 21.348681830715947 ], [ -100.622476811312822, 21.34358402738194 ], [ -100.619045692317485, 21.34132946534924 ], [ -100.612648074890259, 21.33712525366321 ], [ -100.612379329476127, 21.336948635880308 ], [ -100.607856727416802, 21.33397627739863 ], [ -100.603693702684637, 21.346126786467821 ], [ -100.603693702665382, 21.346126786465891 ], [ -100.607856727435504, 21.333976277285004 ], [ -100.612379329495226, 21.336948635767126 ], [ -100.612648074909387, 21.337125253550028 ], [ -100.61904569233721, 21.341329465236687 ], [ -100.622476811332845, 21.343584027269742 ], [ -100.630235746217551, 21.348681830604551 ], [ -100.641116982435861, 21.355796576217319 ], [ -100.642307190419572, 21.35657471121359 ], [ -100.659488337309597, 21.36780548188888 ], [ -100.661094862758276, 21.365725655505901 ], [ -100.662701343788967, 21.363645816274683 ], [ -100.662701343825489, 21.363645816305446 ] ] ], [ [ [ -100.623157022382017, 21.356590538768515 ], [ -100.621863310651776, 21.35705428816204 ], [ -100.621863310633913, 21.357054288065502 ], [ -100.623157022347613, 21.35659053867785 ], [ -100.623157022382017, 21.356590538768515 ] ] ], [ [ [ -100.622291608967402, 21.359368485495601 ], [ -100.619561069719609, 21.358032124750423 ], [ -100.615785823115885, 21.356184354143657 ], [ -100.615264214628951, 21.357511837013814 ], [ -100.615264214609624, 21.357511837002356 ], [ -100.615785823135369, 21.35618435403337 ], [ -100.619561069739419, 21.358032124640395 ], [ -100.622291608943073, 21.359368485364111 ], [ -100.622291608967402, 21.359368485495601 ] ] ], [ [ [ -100.615977126653007, 21.358334638170827 ], [ -100.615861738969485, 21.358707785752333 ], [ -100.615744403340287, 21.358791314374436 ], [ -100.615744403294471, 21.358791314310992 ], [ -100.615861738988968, 21.358707785642405 ], [ -100.615977126643926, 21.358334638153273 ], [ -100.615977126653007, 21.358334638170827 ] ] ], [ [ [ -100.615982413856699, 21.359120746423155 ], [ -100.615283402131581, 21.360366652167396 ], [ -100.614929999713837, 21.360410366351015 ], [ -100.614642492495676, 21.361488043310523 ], [ -100.614054964986153, 21.3617815600103 ], [ -100.613643722041701, 21.361991157973168 ], [ -100.613408209934263, 21.362034090104782 ], [ -100.612597926090288, 21.364273745233806 ], [ -100.612302629481988, 21.364192942781447 ], [ -100.61230262950491, 21.364192942673448 ], [ -100.612597926109501, 21.364273745124784 ], [ -100.613408209953533, 21.362034089995309 ], [ -100.613643722060985, 21.361991157863695 ], [ -100.614054965005479, 21.361781559900823 ], [ -100.614642492515046, 21.361488043201042 ], [ -100.614929999733249, 21.360410366241346 ], [ -100.615283402151022, 21.360366652057731 ], [ -100.615982413832981, 21.359120746390321 ], [ -100.615982413856699, 21.359120746423155 ] ] ], [ [ [ -100.612415533223455, 21.363447429565287 ], [ -100.612208105780837, 21.363283294757434 ], [ -100.612000678795411, 21.363119159660894 ], [ -100.612000678824984, 21.363119159559847 ], [ -100.612208105800008, 21.363283294648227 ], [ -100.61241553324264, 21.363447429456084 ], [ -100.612416920141143, 21.363654300277613 ], [ -100.612416920121845, 21.363654300368626 ], [ -100.612415533223455, 21.363447429565287 ] ] ], [ [ [ -100.61181773676401, 21.36221009456786 ], [ -100.611817736788836, 21.362210094460139 ], [ -100.612231201612445, 21.362331494170249 ], [ -100.612231201581437, 21.36233149427617 ], [ -100.61181773676401, 21.36221009456786 ] ] ], [ [ [ -100.611311141743514, 21.361385915591875 ], [ -100.610632694563193, 21.36130763587644 ], [ -100.609863337597957, 21.360857567647873 ], [ -100.608977196716879, 21.360573768311646 ], [ -100.607856099411507, 21.36041563688547 ], [ -100.607441951104747, 21.360383494290136 ], [ -100.606381598000297, 21.360301194140472 ], [ -100.604790304715635, 21.360353008409923 ], [ -100.604201384427554, 21.360439619916345 ], [ -100.602845875934946, 21.360489870990222 ], [ -100.602255992866972, 21.360431665463896 ], [ -100.601666110118799, 21.360373457834402 ], [ -100.601224280870753, 21.360417721323405 ], [ -100.600782451274966, 21.360461983665541 ], [ -100.599900707649525, 21.360840125847755 ], [ -100.599315065097926, 21.361423213637078 ], [ -100.59884621949351, 21.361840033256758 ], [ -100.598670470093012, 21.36200668390752 ], [ -100.598670470094319, 21.362006683813966 ], [ -100.598846219511515, 21.361840033147288 ], [ -100.599315065116002, 21.361423213527615 ], [ -100.599900707667658, 21.360840125738196 ], [ -100.600782451293142, 21.360461983555894 ], [ -100.601224280888971, 21.360417721213754 ], [ -100.60166611013706, 21.360373457724748 ], [ -100.602255992885262, 21.360431665354252 ], [ -100.602845875953292, 21.360489870880571 ], [ -100.604201384446043, 21.360439619806694 ], [ -100.604790304734152, 21.360353008300276 ], [ -100.606381598018956, 21.360301194030814 ], [ -100.607441951123505, 21.360383494180478 ], [ -100.607856099430279, 21.360415636775816 ], [ -100.608977196735751, 21.360573768202077 ], [ -100.609863337616915, 21.360857567538215 ], [ -100.610632694582208, 21.361307635766877 ], [ -100.611311141762613, 21.361385915482394 ], [ -100.611989589470198, 21.361464192408594 ], [ -100.611989589445102, 21.361464192517481 ], [ -100.611311141743514, 21.361385915591875 ] ] ], [ [ [ -100.604215894121751, 21.371486947345645 ], [ -100.602888601112696, 21.375798757709898 ], [ -100.597975567020995, 21.390643518497978 ], [ -100.597975567007566, 21.39064351848792 ], [ -100.602888601131085, 21.375798757602599 ], [ -100.604215894107682, 21.371486947343392 ], [ -100.604215894121751, 21.371486947345645 ] ] ], [ [ [ -100.605041943873573, 21.398127683263592 ], [ -100.604909411969942, 21.398834820697825 ], [ -100.604871130087744, 21.399039076520946 ], [ -100.604700314593686, 21.399950469540318 ], [ -100.604700314593288, 21.399950469538041 ], [ -100.604871130106361, 21.399039076417161 ], [ -100.604909411988586, 21.398834820594047 ], [ -100.605041943879542, 21.398127683227198 ], [ -100.605041943873573, 21.398127683263592 ] ] ], [ [ [ -100.621440648375142, 21.399094898076569 ], [ -100.621440648438877, 21.399094898082861 ], [ -100.621800598739171, 21.400002762067338 ], [ -100.621800598683052, 21.400002762080224 ], [ -100.621440648375142, 21.399094898076569 ] ] ], [ [ [ -100.648277139514065, 21.400196411805368 ], [ -100.648277139552221, 21.400196411795243 ], [ -100.648461810109168, 21.401312282037264 ], [ -100.6484618100706, 21.401312282044792 ], [ -100.648277139514065, 21.400196411805368 ] ] ] ] } },
{ "type": "Feature", "properties": { "ID": 25, "ENTIDAD": 11, "MUNICIPIO": 33, "NOMBRE": "SAN LUIS DE LA PAZ", "CONTROL": 46, "GEOMETRY1_": null, "ID_2": 2332, "ENTIDAD_2": 11, "DISTRITO_F": 4, "DISTRITO_L": 2, "MUNICIPIO_2": 29, "SECCION": 2370, "TIPO": 4, "CONTROL_2": 3952, "GEOMETRY1__2": null }, "geometry": { "type": "MultiPolygon", "coordinates": [ [ [ [ -100.702788065454371, 21.337403044542896 ], [ -100.702638413417887, 21.337931551568559 ], [ -100.702388758616536, 21.338813218024743 ], [ -100.702388758631997, 21.338813217908463 ], [ -100.702638413560507, 21.337931551003045 ], [ -100.702788065469178, 21.337403044428477 ], [ -100.702788065454371, 21.337403044542896 ] ] ], [ [ [ -100.702002854840359, 21.34167174241357 ], [ -100.701365221642121, 21.34279407460188 ], [ -100.70136522149032, 21.342794074557105 ], [ -100.702002854897188, 21.34167174200131 ], [ -100.702002854840359, 21.34167174241357 ] ] ] ] } },
{ "type": "Feature", "properties": { "ID": 25, "ENTIDAD": 11, "MUNICIPIO": 33, "NOMBRE": "SAN LUIS DE LA PAZ", "CONTROL": 46, "GEOMETRY1_": null, "ID_2": 2336, "ENTIDAD_2": 11, "DISTRITO_F": 4, "DISTRITO_L": 2, "MUNICIPIO_2": 29, "SECCION": 2374, "TIPO": 4, "CONTROL_2": 3951, "GEOMETRY1__2": null }, "geometry": { "type": "MultiPolygon", "coordinates": [ [ [ [ -100.730200898850882, 21.302094057822952 ], [ -100.728771711162963, 21.302839335012209 ], [ -100.726332821529056, 21.304111096460545 ], [ -100.72621465041432, 21.304070645731453 ], [ -100.725683075575276, 21.303909306929988 ], [ -100.725328174546732, 21.303746571902522 ], [ -100.724917104086799, 21.303873968795703 ], [ -100.721997699712446, 21.304966375217795 ], [ -100.720397989785951, 21.305564939970282 ], [ -100.715878764168323, 21.307255796338666 ], [ -100.715878764156599, 21.307255796236582 ], [ -100.720397989816604, 21.305564939852275 ], [ -100.721997699743312, 21.304966375099699 ], [ -100.724917104118049, 21.303873968677426 ], [ -100.725328174578024, 21.303746571784245 ], [ -100.725683075606611, 21.3039093068117 ], [ -100.726214650445726, 21.304070645613258 ], [ -100.726332821560504, 21.304111096342346 ], [ -100.72877171119471, 21.30283933489374 ], [ -100.730200898800916, 21.302094057747098 ], [ -100.730200898850882, 21.302094057822952 ] ] ], [ [ [ -100.716263415584194, 21.310604911726379 ], [ -100.711502628558847, 21.311676789887127 ], [ -100.71150262855339, 21.311676789777913 ], [ -100.716263415571817, 21.310604911618668 ], [ -100.716263415584194, 21.310604911726379 ] ] ], [ [ [ -100.71171975939167, 21.316020453571845 ], [ -100.711368851319321, 21.316051161872792 ], [ -100.707305801657682, 21.316406669304257 ], [ -100.706964327313742, 21.31643654299549 ], [ -100.703741776791816, 21.316718431480897 ], [ -100.702891812088936, 21.316792770647098 ], [ -100.702891812082697, 21.316792770533873 ], [ -100.703741776820408, 21.316718431364542 ], [ -100.706964327342732, 21.316436542879138 ], [ -100.707305801686729, 21.316406669187902 ], [ -100.71136885134888, 21.31605116175643 ], [ -100.711719759386, 21.316020453458478 ], [ -100.71171975939167, 21.316020453571845 ] ] ], [ [ [ -100.703033344376465, 21.319357511269079 ], [ -100.702840426586732, 21.319822490369855 ], [ -100.701362408753042, 21.323384780040133 ], [ -100.701362408752615, 21.323384779994058 ], [ -100.702840426615239, 21.31982249025404 ], [ -100.703033344374163, 21.319357511227434 ], [ -100.703033344376465, 21.319357511269079 ] ] ], [ [ [ -100.701511965406979, 21.32681853356091 ], [ -100.700932519953184, 21.327857642178195 ], [ -100.700932519941716, 21.327857642134834 ], [ -100.701511965403768, 21.326818533502685 ], [ -100.701511965406979, 21.32681853356091 ] ] ] ] } }
]
}
