{
"type": "FeatureCollection",
"name": "TEZONTEPECDEALDAME",
"crs": { "type": "name", "properties": { "name": "urn:ogc:def:crs:EPSG::32614" } },
"features": [
{ "type": "Feature", "properties": { "ID": 52, "ENTIDAD": 13, "MUNICIPIO": 66, "NOMBRE": "TEZONTEPEC DE ALDAMA", "CONTROL": 64, "GEOMETRY1_": null, "ID_2": 744, "ENTIDAD_2": 13, "DISTRITO_F": 2, "DISTRITO_L": 7, "MUNICIPIO_2": 41, "SECCION": 762, "TIPO": 4, "CONTROL_2": 703, "GEOMETRY1__2": null }, "geometry": { "type": "MultiPolygon", "coordinates": [ [ [ [ 476564.484136572980788, 2233144.797540630213916 ], [ 476631.318985506019089, 2232566.261703010182828 ], [ 476631.318982481199782, 2232566.261698051355779 ], [ 476564.484136572980788, 2233144.797509570140392 ], [ 476546.040971928974614, 2233304.44523649988696 ], [ 476546.040974566072691, 2233304.445244714617729 ], [ 476564.484136572980788, 2233144.797540630213916 ] ] ] ] } },
{ "type": "Feature", "properties": { "ID": 52, "ENTIDAD": 13, "MUNICIPIO": 66, "NOMBRE": "TEZONTEPEC DE ALDAMA", "CONTROL": 64, "GEOMETRY1_": null, "ID_2": 746, "ENTIDAD_2": 13, "DISTRITO_F": 2, "DISTRITO_L": 7, "MUNICIPIO_2": 41, "SECCION": 764, "TIPO": 4, "CONTROL_2": 702, "GEOMETRY1__2": null }, "geometry": { "type": "MultiPolygon", "coordinates": [ [ [ [ 476715.917282328009605, 2229583.064356210175902 ], [ 477214.108431925007608, 2229332.530030219815671 ], [ 477780.108058819023427, 2229164.040526140015572 ], [ 477889.848825622000732, 2229154.188999219797552 ], [ 477889.848809787887149, 2229154.18896902166307 ], [ 477780.108058819023427, 2229164.04049452021718 ], [ 477214.108431925007608, 2229332.529998620040715 ], [ 476715.917282328009605, 2229583.064324640203267 ], [ 475962.878207919013221, 2230000.13691277988255 ], [ 475962.87821468769107, 2230000.136940540745854 ], [ 476715.917282328009605, 2229583.064356210175902 ] ] ] ] } },
{ "type": "Feature", "properties": { "ID": 52, "ENTIDAD": 13, "MUNICIPIO": 66, "NOMBRE": "TEZONTEPEC DE ALDAMA", "CONTROL": 64, "GEOMETRY1_": null, "ID_2": 325, "ENTIDAD_2": 13, "DISTRITO_F": 2, "DISTRITO_L": 5, "MUNICIPIO_2": 18, "SECCION": 328, "TIPO": 4, "CONTROL_2": 689, "GEOMETRY1__2": null }, "geometry": { "type": "MultiPolygon", "coordinates": [ [ [ [ 464765.224205113016069, 2239569.253931680228561 ], [ 464825.327076326007955, 2239459.145008150022477 ], [ 464885.739854059997015, 2239385.633478130213916 ], [ 464989.262828451988753, 2239357.646969969850034 ], [ 465062.192030855978373, 2239320.669484899844974 ], [ 465092.747064538998529, 2239325.085787630174309 ], [ 465153.121104009973351, 2239246.999583430122584 ], [ 465195.4952727460186, 2239205.605795640032738 ], [ 465262.476169343979564, 2239186.958681659772992 ], [ 465335.676539949025027, 2239182.003915970213711 ], [ 465433.483638403005898, 2239199.795824090018868 ], [ 465531.639381620974746, 2239258.759799960069358 ], [ 465604.646060684986878, 2239230.931663339957595 ], [ 465720.065646837989334, 2239166.284413159824908 ], [ 465793.266017450019717, 2239161.329647520091385 ], [ 465884.659950378001668, 2239142.555836460087448 ], [ 465952.183183269982692, 2239187.954161250032485 ], [ 466050.106496619002428, 2239219.47009204979986 ], [ 466111.720161931996699, 2239287.773462099954486 ], [ 466202.842926733021159, 2239236.976931729819626 ], [ 466318.378727853996679, 2239186.053704250138253 ], [ 466409.385277782974299, 2239121.533151329960674 ], [ 466562.044231312000193, 2239129.890642719808966 ], [ 466641.502814212988596, 2239143.202899670228362 ], [ 467073.362153419002425, 2238967.116406680084765 ], [ 467140.8853862460237, 2239012.514731610193849 ], [ 467208.563572241982911, 2239076.21175333019346 ], [ 467263.996501776971854, 2239135.397449399810284 ], [ 467325.338998906023335, 2239171.678100230172276 ], [ 467404.913796668988653, 2239198.714379869867116 ], [ 467484.372379544016439, 2239212.026636930182576 ], [ 467581.9470481830067, 2239202.370500230230391 ], [ 467655.418586854997557, 2239229.438454160001129 ], [ 467716.373701033997349, 2239219.972363099921495 ], [ 467819.81919900799403, 2239182.836507009807974 ], [ 467880.348192001983989, 2239123.048999819904566 ], [ 468136.258952082018368, 2239071.3972645602189 ], [ 468234.066050481982529, 2239089.189173129852861 ], [ 468283.008337968029082, 2239102.659801609814167 ], [ 468374.441009272995871, 2239088.460665099788457 ], [ 468416.970131386013236, 2239065.365574299823493 ], [ 468496.080069687974174, 2239037.505763750057667 ], [ 468587.512741008016746, 2239023.30662726983428 ], [ 468587.512737453856971, 2239023.306597581598908 ], [ 468496.080069685995113, 2239037.50573351001367 ], [ 468416.970131387002766, 2239065.365544070024043 ], [ 468374.441009272995871, 2239088.460634869989008 ], [ 468283.008337968029082, 2239102.659771389793605 ], [ 468234.066050482972059, 2239089.189142900053412 ], [ 468136.258952082018368, 2239071.39723432995379 ], [ 467880.348192001983989, 2239123.048969599884003 ], [ 467819.81919900799403, 2239182.836476789787412 ], [ 467716.373701033997349, 2239219.972332890145481 ], [ 467655.418586854997557, 2239229.438423960004002 ], [ 467581.94704818201717, 2239202.370470019988716 ], [ 467484.372379543026909, 2239212.026606719940901 ], [ 467404.913796668988653, 2239198.714349660091102 ], [ 467325.338998906023335, 2239171.678070019930601 ], [ 467263.996501776971854, 2239135.397419179789722 ], [ 467208.563572240993381, 2239076.211723110172898 ], [ 467140.8853862460237, 2239012.514701379928738 ], [ 467073.362153419002425, 2238967.116376429796219 ], [ 466641.502814212988596, 2239143.202869459986687 ], [ 466562.044231312000193, 2239129.890612499788404 ], [ 466409.385277781984769, 2239121.533121109940112 ], [ 466318.378727852017619, 2239186.053674039896578 ], [ 466202.842926731973421, 2239236.976901529822499 ], [ 466111.720161931996699, 2239287.773431899957359 ], [ 466050.106496619991958, 2239219.470061840023845 ], [ 465952.183183269982692, 2239187.954131039790809 ], [ 465884.659950378001668, 2239142.555806240066886 ], [ 465793.266017448971979, 2239161.329617309849709 ], [ 465720.065646836999804, 2239166.284382950048894 ], [ 465604.646060684986878, 2239230.931633130181581 ], [ 465531.639381619985215, 2239258.759769760072231 ], [ 465433.483638402016368, 2239199.795793879777193 ], [ 465335.676539949025027, 2239182.003885750193149 ], [ 465262.476169345027301, 2239186.958651449996978 ], [ 465195.4952727460186, 2239205.605765440035611 ], [ 465153.121104009973351, 2239246.999553219880909 ], [ 465092.747064538998529, 2239325.085757430177182 ], [ 465062.192030855978373, 2239320.669454710092396 ], [ 464989.262828451988753, 2239357.646939780097455 ], [ 464885.739854059997015, 2239385.633447949774563 ], [ 464825.327076326007955, 2239459.144977970048785 ], [ 464765.224205113016069, 2239569.253901519812644 ], [ 464765.224202506185975, 2239569.253931557759643 ], [ 464765.224205113016069, 2239569.253931680228561 ] ] ] ] } },
{ "type": "Feature", "properties": { "ID": 52, "ENTIDAD": 13, "MUNICIPIO": 66, "NOMBRE": "TEZONTEPEC DE ALDAMA", "CONTROL": 64, "GEOMETRY1_": null, "ID_2": 733, "ENTIDAD_2": 13, "DISTRITO_F": 2, "DISTRITO_L": 7, "MUNICIPIO_2": 41, "SECCION": 751, "TIPO": 2, "CONTROL_2": 1371, "GEOMETRY1__2": null }, "geometry": { "type": "MultiPolygon", "coordinates": [ [ [ [ 473759.249294353998266, 2235661.382682090159506 ], [ 473807.455555300984997, 2235587.934500880073756 ], [ 473807.455555044172797, 2235587.934470551088452 ], [ 473759.249294353998266, 2235661.382651379797608 ], [ 473674.423478743992746, 2235735.020877860020846 ], [ 473674.423481667821761, 2235735.020906023681164 ], [ 473759.249294353998266, 2235661.382682090159506 ] ] ], [ [ [ 473826.054807009000797, 2235482.52321205008775 ], [ 473908.379378378973342, 2235470.23878493020311 ], [ 474018.885346613998991, 2233883.838496400043368 ], [ 475212.560018452990334, 2233613.758835730142891 ], [ 475422.769677100994159, 2233566.194720429833978 ], [ 475422.769683183229063, 2233566.19471901236102 ], [ 475422.769677100994159, 2233566.194689420051873 ], [ 475212.560018452990334, 2233613.758804730139673 ], [ 474018.88534661300946, 2233883.83846544008702 ], [ 473908.379378378973342, 2235470.23875419003889 ], [ 473826.054807009000797, 2235482.523181320168078 ], [ 473793.530434946995229, 2235487.376450180076063 ], [ 473793.530444518662989, 2235487.376479481812567 ], [ 473826.054807009000797, 2235482.52321205008775 ] ] ] ] } },
{ "type": "Feature", "properties": { "ID": 52, "ENTIDAD": 13, "MUNICIPIO": 66, "NOMBRE": "TEZONTEPEC DE ALDAMA", "CONTROL": 64, "GEOMETRY1_": null, "ID_2": 734, "ENTIDAD_2": 13, "DISTRITO_F": 2, "DISTRITO_L": 7, "MUNICIPIO_2": 41, "SECCION": 752, "TIPO": 2, "CONTROL_2": 1372, "GEOMETRY1__2": null }, "geometry": { "type": "MultiPolygon", "coordinates": [ [ [ [ 476546.040971927985083, 2233304.445267550181597 ], [ 476546.040974566072691, 2233304.445244714617729 ], [ 476546.040971928974614, 2233304.44523649988696 ], [ 475422.769677100994159, 2233566.194689420051873 ], [ 475422.769683183229063, 2233566.19471901236102 ], [ 476546.040971927985083, 2233304.445267550181597 ] ] ] ] } },
{ "type": "Feature", "properties": { "ID": 52, "ENTIDAD": 13, "MUNICIPIO": 66, "NOMBRE": "TEZONTEPEC DE ALDAMA", "CONTROL": 64, "GEOMETRY1_": null, "ID_2": 739, "ENTIDAD_2": 13, "DISTRITO_F": 2, "DISTRITO_L": 7, "MUNICIPIO_2": 41, "SECCION": 757, "TIPO": 4, "CONTROL_2": 694, "GEOMETRY1__2": null }, "geometry": { "type": "MultiPolygon", "coordinates": [ [ [ [ 469776.876359812973533, 2237512.387000699993223 ], [ 469814.534446702979039, 2237428.926287849899381 ], [ 469868.86246408399893, 2237359.860552980098873 ], [ 469874.421112535987049, 2237295.682322470005602 ], [ 469891.910605713026598, 2237199.357587079983205 ], [ 469927.74188026500633, 2237107.499498960096389 ], [ 469982.302339915011544, 2237065.922322989907116 ], [ 470048.987346164998598, 2237015.105774580035359 ], [ 470109.338896533998195, 2236936.838926979806274 ], [ 470175.404056885978207, 2236812.719554769806564 ], [ 470211.596128356002737, 2236700.130617199931294 ], [ 470265.989493052999023, 2236702.191423079930246 ], [ 470382.567339050001465, 2236779.348738539963961 ], [ 470505.129977584991138, 2236842.723514810204506 ], [ 470762.341060817008838, 2236955.652268509846181 ], [ 470779.141380969027523, 2237020.630862460006028 ], [ 470800.186834517982788, 2237102.028357749804854 ], [ 470862.715010836021975, 2237078.083114540204406 ], [ 471006.962712984008249, 2237022.843276869971305 ], [ 471122.37834793899674, 2236962.557797819841653 ], [ 471231.692969247000292, 2236902.310578510165215 ], [ 471316.990939519018866, 2236888.030662959907204 ], [ 471475.462333457020577, 2236868.710204329807311 ], [ 471615.708167118020356, 2236858.667377850040793 ], [ 471798.506135035015177, 2236830.031027450226247 ], [ 471908.440602150978521, 2236843.086632059887052 ], [ 472048.686435826006345, 2236833.043805690016598 ], [ 472176.497800038021524, 2236795.588939830195159 ], [ 472359.218287292984314, 2236757.789736620150506 ], [ 473133.039774338016286, 2236633.813665289897472 ], [ 473560.556835974974092, 2237405.434822420123965 ], [ 473866.952680304006208, 2237388.987183209974319 ], [ 473991.079370136023499, 2237382.323936800006777 ], [ 474056.001473787997384, 2237378.838852529879659 ], [ 474061.681950306985527, 2237378.849251760169864 ], [ 474872.440250900981482, 2237380.333504419773817 ], [ 474872.440230220439844, 2237380.33347391244024 ], [ 474061.681950305995997, 2237378.849221299868077 ], [ 474056.001473787997384, 2237378.838822070043534 ], [ 473991.079370136023499, 2237382.323906340170652 ], [ 473866.952680303016677, 2237388.987152750138193 ], [ 473560.556835974974092, 2237405.434791950043291 ], [ 473133.039774338016286, 2236633.813634720165282 ], [ 472359.218287292984314, 2236757.789706060197204 ], [ 472176.497800038021524, 2236795.588909280020744 ], [ 472048.686435826006345, 2236833.043775139842182 ], [ 471908.440602150978521, 2236843.086601519957185 ], [ 471798.506135034025647, 2236830.030996909830719 ], [ 471615.708167119009886, 2236858.667347310110927 ], [ 471475.462333457020577, 2236868.710173789877445 ], [ 471316.990939519018866, 2236888.030632430221885 ], [ 471231.692969247000292, 2236902.310547969769686 ], [ 471122.378347937017679, 2236962.557767299935222 ], [ 471006.962712984008249, 2237022.843246359843761 ], [ 470862.715010836021975, 2237078.083084030076861 ], [ 470800.186834517982788, 2237102.028327240142971 ], [ 470779.141380970017053, 2237020.630831940099597 ], [ 470762.341060816019308, 2236955.652237980160862 ], [ 470505.129977584991138, 2236842.723484269808978 ], [ 470382.567339049011935, 2236779.348707989789546 ], [ 470265.989493052999023, 2236702.191392519976944 ], [ 470211.596128356992267, 2236700.130586630199105 ], [ 470175.404056885978207, 2236812.71952422009781 ], [ 470109.338896533998195, 2236936.838896450120956 ], [ 470048.987346164009068, 2237015.105744060128927 ], [ 469982.302339915011544, 2237065.922292479779571 ], [ 469927.7418802640168, 2237107.499468460213393 ], [ 469891.910605713026598, 2237199.357556589879096 ], [ 469874.421112535987049, 2237295.682291990146041 ], [ 469868.86246408399893, 2237359.8605225100182 ], [ 469814.534446701989509, 2237428.926257390063256 ], [ 469776.876359812973533, 2237512.386970260180533 ], [ 469760.632573437003884, 2237548.387683580163866 ], [ 469749.498204962990712, 2237687.084804649930447 ], [ 469744.072849244985264, 2237754.66665450995788 ], [ 469640.239395911979955, 2237741.572790559846908 ], [ 469566.60108787700301, 2237691.636216090060771 ], [ 469468.597465562983416, 2237646.434107060078532 ], [ 469376.694856896996498, 2237601.193738299887627 ], [ 469248.534829639014788, 2237597.415766329970211 ], [ 469126.204633397981524, 2237561.529549269936979 ], [ 468991.866111713985447, 2237548.626984130125493 ], [ 468851.581537880992983, 2237554.088384700007737 ], [ 468692.993923067988362, 2237559.664564540144056 ], [ 468553.019272299017757, 2237601.77737704012543 ], [ 468255.270554832008202, 2237745.676325640175492 ], [ 467836.586295193992555, 2238018.620410840027034 ], [ 467836.586308386060409, 2238018.620432619005442 ], [ 468255.270554832008202, 2237745.676356050185859 ], [ 468553.019272300007287, 2237601.77740747993812 ], [ 468692.993923068977892, 2237559.664594979956746 ], [ 468851.581537881982513, 2237554.088415150064975 ], [ 468991.866111713985447, 2237548.627014580182731 ], [ 469126.204633398971055, 2237561.52957971021533 ], [ 469248.534829639014788, 2237597.415796769782901 ], [ 469376.694856896996498, 2237601.19376872992143 ], [ 469468.597465562983416, 2237646.434137490112334 ], [ 469566.60108787700301, 2237691.636246509850025 ], [ 469640.239395911979955, 2237741.572820980101824 ], [ 469744.072849244985264, 2237754.666684919968247 ], [ 469749.498204962990712, 2237687.084835070185363 ], [ 469760.632573437993415, 2237548.387714019976556 ], [ 469776.876359812973533, 2237512.387000699993223 ] ] ] ] } },
{ "type": "Feature", "properties": { "ID": 52, "ENTIDAD": 13, "MUNICIPIO": 66, "NOMBRE": "TEZONTEPEC DE ALDAMA", "CONTROL": 64, "GEOMETRY1_": null, "ID_2": 1283, "ENTIDAD_2": 13, "DISTRITO_F": 5, "DISTRITO_L": 6, "MUNICIPIO_2": 66, "SECCION": 1312, "TIPO": 2, "CONTROL_2": 885, "GEOMETRY1__2": null }, "geometry": { "type": "MultiPolygon", "coordinates": [ [ [ [ 471818.364477667026222, 2232096.41843290021643 ], [ 472015.55391984101152, 2232115.772166320122778 ], [ 472412.408776417025365, 2232131.607953580096364 ], [ 472463.512692987977061, 2232392.241853539831936 ], [ 472481.644700943026692, 2232557.006560340058059 ], [ 472613.298786634986755, 2232433.235936829820275 ], [ 472630.3836232930189, 2232418.697906239889562 ], [ 472740.222785968973767, 2232325.23227120982483 ], [ 472829.107691588986199, 2232260.46341666020453 ], [ 472841.919655581004918, 2232251.127565689850599 ], [ 472769.731508177006617, 2232171.973073990084231 ], [ 472763.312259591999464, 2232164.934351189993322 ], [ 472729.565337834996171, 2232106.32128020003438 ], [ 472698.480112696008291, 2232052.331155680119991 ], [ 472686.878569056978449, 2231997.05322244996205 ], [ 472995.900254354986828, 2231964.848024279810488 ], [ 473124.93652446201304, 2232023.295014940202236 ], [ 473141.423114245000761, 2232029.771484760101885 ], [ 473165.119468961027451, 2232039.080185249913484 ], [ 473123.974126965971664, 2231954.862535459920764 ], [ 473106.501769359980244, 2231916.035077080130577 ], [ 473048.260579842026345, 2231844.204280199948698 ], [ 472982.253897511982359, 2231743.252889289986342 ], [ 472976.429773412004579, 2231619.005020239856094 ], [ 472953.133295439009089, 2231541.350102940108627 ], [ 472908.481715004018042, 2231446.222829930018634 ], [ 472865.771508803998586, 2231382.15752416010946 ], [ 472823.061301052977797, 2231283.147505130153149 ], [ 472804.618255935027264, 2231221.023571250028908 ], [ 472771.614914287987631, 2231160.841010959818959 ], [ 472694.930681377998553, 2231068.62579875998199 ], [ 472629.894687117019203, 2231007.472553399857134 ], [ 472530.884666018013377, 2230915.257342190016061 ], [ 472497.881323284993414, 2230831.778306359890848 ], [ 472508.558870841981843, 2230758.006133379880339 ], [ 472530.884653787012212, 2230641.523754729889333 ], [ 472549.327692797000054, 2230565.810208430048078 ], [ 472496.910623949021101, 2230543.48442169977352 ], [ 472442.552181474980898, 2230504.656964890193194 ], [ 472424.109133985999506, 2230391.086647449992597 ], [ 472333.835289250011556, 2230265.868095430079848 ], [ 472299.861261324025691, 2230211.509654010180384 ], [ 472254.632774088997394, 2230158.015568070113659 ], [ 472205.704673006024677, 2230135.796112699899822 ], [ 472176.819952076999471, 2230125.364624539855868 ], [ 472155.76259239501087, 2230124.804539309814572 ], [ 472135.002946659980807, 2230121.582847889978439 ], [ 472122.156052982027177, 2230176.167507249861956 ], [ 472101.345576766005252, 2230251.605499910190701 ], [ 472084.697196056018583, 2230317.678776170127094 ], [ 472070.650125020009, 2230377.508908149786294 ], [ 472041.515459140995517, 2230500.811006249859929 ], [ 472033.191268968977965, 2230537.749609449878335 ], [ 472028.858223463001195, 2230557.566076019778848 ], [ 471994.171627794974484, 2230716.19948117993772 ], [ 471927.568559210980311, 2231060.960001519881189 ], [ 471858.868514799978584, 2231244.835611219983548 ], [ 471835.491747458989266, 2231300.973988989833742 ], [ 471956.44693825597642, 2231296.416398169938475 ], [ 472137.615144513023552, 2231270.318958910182118 ], [ 472137.033651985984761, 2231331.957465279847383 ], [ 472147.183556506992318, 2231370.711640580091625 ], [ 472157.532389134983532, 2231406.861990009900182 ], [ 472112.665624735003803, 2231636.758887739852071 ], [ 472058.101328812015709, 2231797.950566689949483 ], [ 472056.205823993019294, 2231803.550191840156913 ], [ 472050.757827782013919, 2231935.269537809770554 ], [ 471754.339919159014244, 2232010.058254819829017 ], [ 471712.542102520004846, 2232066.967597530223429 ], [ 471771.991697603021748, 2232091.867041040211916 ], [ 471818.364477667026222, 2232096.41843290021643 ] ] ] ] } },
{ "type": "Feature", "properties": { "ID": 52, "ENTIDAD": 13, "MUNICIPIO": 66, "NOMBRE": "TEZONTEPEC DE ALDAMA", "CONTROL": 64, "GEOMETRY1_": null, "ID_2": 278, "ENTIDAD_2": 13, "DISTRITO_F": 5, "DISTRITO_L": 6, "MUNICIPIO_2": 16, "SECCION": 281, "TIPO": 3, "CONTROL_2": 1748, "GEOMETRY1__2": null }, "geometry": { "type": "MultiPolygon", "coordinates": [ [ [ [ 464765.224202506185975, 2239569.253931557759643 ], [ 464765.224205113016069, 2239569.253901519812644 ], [ 464765.224030145211145, 2239569.253923445008695 ], [ 464765.224202506185975, 2239569.253931557759643 ] ] ] ] } },
{ "type": "Feature", "properties": { "ID": 52, "ENTIDAD": 13, "MUNICIPIO": 66, "NOMBRE": "TEZONTEPEC DE ALDAMA", "CONTROL": 64, "GEOMETRY1_": null, "ID_2": 1284, "ENTIDAD_2": 13, "DISTRITO_F": 5, "DISTRITO_L": 6, "MUNICIPIO_2": 66, "SECCION": 1313, "TIPO": 2, "CONTROL_2": 879, "GEOMETRY1__2": null }, "geometry": { "type": "MultiPolygon", "coordinates": [ [ [ [ 471686.566840969026089, 2233115.016007579863071 ], [ 471687.799892886017915, 2233080.138206540141255 ], [ 471689.818469466001261, 2233023.041249509900808 ], [ 471703.345276101026684, 2232912.745702870190144 ], [ 471646.106592312979046, 2232902.35540331993252 ], [ 471526.096109714009799, 2232880.51054181996733 ], [ 471528.01698083098745, 2232802.970426870044321 ], [ 471528.12146027199924, 2232775.439757809974253 ], [ 471528.196759210026357, 2232755.598244950175285 ], [ 471529.057492127991281, 2232528.792347659822553 ], [ 471592.911475827975664, 2232526.061055810190737 ], [ 471649.180645075975917, 2232415.864267040044069 ], [ 471722.841922616004013, 2232277.509171810001135 ], [ 471754.548298601992428, 2232217.619350499939173 ], [ 471788.81680597999366, 2232153.245799249969423 ], [ 471811.875988513987977, 2232108.728766290005296 ], [ 471818.364477667026222, 2232096.41843290021643 ], [ 471771.991697603021748, 2232091.867041040211916 ], [ 471712.542102520004846, 2232066.967597530223429 ], [ 471672.779822095006239, 2232041.913014390040189 ], [ 471591.597227436024696, 2232009.19764041993767 ], [ 471509.20295226102462, 2231972.847224900033325 ], [ 471449.034695592999924, 2231953.747925899922848 ], [ 471567.509274581971113, 2231782.46866418980062 ], [ 471386.868770294007845, 2231746.971629090141505 ], [ 471378.191718208021484, 2231803.372487380169332 ], [ 471295.294147228996735, 2231838.485158740077168 ], [ 471254.346485231013503, 2231855.829235069919378 ], [ 471220.821502394974232, 2231883.043636589776725 ], [ 471182.988155456027016, 2231936.945023740176111 ], [ 471209.806996505998541, 2232002.315942720044404 ], [ 471220.422789781994652, 2232071.597943129949272 ], [ 471203.568206337979063, 2232177.167716090101749 ], [ 471130.736279072007164, 2232205.457808579783887 ], [ 471057.952575515024364, 2232248.086071220226586 ], [ 471053.690940489002969, 2232361.956177399959415 ], [ 471055.581232195021585, 2232441.114164189901203 ], [ 471052.735614001983777, 2232540.710968969855458 ], [ 471042.856455762987025, 2232724.310084899887443 ], [ 471035.655375826987438, 2232875.860914989840239 ], [ 471034.42963102797512, 2232936.184794929809868 ], [ 471028.073573543981183, 2233060.511436 ], [ 471026.604722973017488, 2233146.253754499834031 ], [ 471129.318075668998063, 2233147.527208549901843 ], [ 471254.879452674009372, 2233144.782579760067165 ], [ 471372.978923797025345, 2233139.059692179784179 ], [ 471495.726430125010666, 2233136.483666980173439 ], [ 471635.1909656469943, 2233131.255749979987741 ], [ 471686.176640281977598, 2233126.053127550054342 ], [ 471686.566840969026089, 2233115.016007579863071 ] ] ] ] } },
{ "type": "Feature", "properties": { "ID": 52, "ENTIDAD": 13, "MUNICIPIO": 66, "NOMBRE": "TEZONTEPEC DE ALDAMA", "CONTROL": 64, "GEOMETRY1_": null, "ID_2": 1303, "ENTIDAD_2": 13, "DISTRITO_F": 5, "DISTRITO_L": 6, "MUNICIPIO_2": 66, "SECCION": 1332, "TIPO": 2, "CONTROL_2": 877, "GEOMETRY1__2": null }, "geometry": { "type": "MultiPolygon", "coordinates": [ [ [ [ 473646.164049634011462, 2233990.317865650169551 ], [ 473651.067201723984908, 2233874.821273010224104 ], [ 473651.896210672974121, 2233848.148282790090889 ], [ 473653.008486505015753, 2233795.918068389873952 ], [ 473656.132705292024184, 2233649.211098089814186 ], [ 473660.478750245994888, 2233455.644565409980714 ], [ 473660.863034200971015, 2233438.529115899931639 ], [ 473676.262440367019735, 2233437.457087180111557 ], [ 473771.148795626009814, 2233401.000513750128448 ], [ 473775.261783935013227, 2233143.709305809810758 ], [ 473772.587310535018332, 2233001.962529940064996 ], [ 473691.247817143972497, 2232951.113589259795845 ], [ 473693.099266635021195, 2232891.0256491699256 ], [ 473673.402681949024554, 2232890.882697179913521 ], [ 473814.469132045982406, 2232733.358474770095199 ], [ 473847.308707059011795, 2232731.960488580167294 ], [ 473905.303867120004725, 2232711.227915689814836 ], [ 474035.022510565991979, 2232674.245487280189991 ], [ 474001.402121951978188, 2232545.087178189773113 ], [ 473982.910908395017032, 2232478.406749680172652 ], [ 473959.369526803027838, 2232385.190485429950058 ], [ 473930.435724709997885, 2232270.621978450100869 ], [ 473913.42877151700668, 2232203.27993923984468 ], [ 473778.465171489981003, 2232257.871966070029885 ], [ 473706.674905296997167, 2232286.910730139818043 ], [ 473592.354112560977228, 2232213.366068209987134 ], [ 473553.995286202989519, 2232187.542807369958609 ], [ 473506.692953717021737, 2232161.38196980021894 ], [ 473448.907140787981916, 2232131.556471980176866 ], [ 473245.533567039004993, 2232084.438236509915441 ], [ 473232.054372888989747, 2232076.57537325983867 ], [ 473218.57517873798497, 2232063.096179109998047 ], [ 473165.119468961027451, 2232039.080185249913484 ], [ 473170.567082328023389, 2232098.52413224009797 ], [ 473207.453169808024541, 2232162.589438199996948 ], [ 473263.752986063016579, 2232226.654743319842964 ], [ 473267.635735784017015, 2232317.899272080045193 ], [ 473240.456518026010599, 2232376.140461930073798 ], [ 473203.570436310023069, 2232444.088516970165074 ], [ 473199.687692161009181, 2232480.974603290203959 ], [ 473209.39455840701703, 2232523.684807879850268 ], [ 473242.397898754978087, 2232556.688146689906716 ], [ 473279.283986115013249, 2232618.812079660128802 ], [ 473288.990853280003648, 2232682.877386750187725 ], [ 473285.108111318026204, 2232770.239169870037585 ], [ 473269.577132858976256, 2232875.073310059960932 ], [ 473255.987526436976623, 2232960.493720619939268 ], [ 473232.691055641975254, 2233045.914131590165198 ], [ 473207.453213920001872, 2233175.986120549961925 ], [ 473174.449880032974761, 2233290.527126200031489 ], [ 473108.443204917013645, 2233350.709690589923412 ], [ 473042.436529562983196, 2233405.068136129993945 ], [ 473032.729667230974883, 2233451.661087399814278 ], [ 473046.319281855016015, 2233554.553853270132095 ], [ 473073.498505738971289, 2233638.032889009919018 ], [ 473096.794983275001869, 2233707.922314249910414 ], [ 473112.325976938998792, 2233952.535305399913341 ], [ 473127.856968812004197, 2234156.379464509896934 ], [ 473158.918938654998783, 2234245.682618860155344 ], [ 473092.085129034006968, 2234589.399447829928249 ], [ 473090.970903403009288, 2234595.129752640146762 ], [ 473086.090815584000666, 2234608.118989150039852 ], [ 473067.161858098988887, 2234658.501833620015532 ], [ 473135.033735245000571, 2234745.072227589786053 ], [ 473202.789397615008056, 2234817.918598880060017 ], [ 473325.280700800009072, 2234867.606531099881977 ], [ 473453.836524836020544, 2234912.688114900141954 ], [ 473514.985330785973929, 2234926.095395459793508 ], [ 473576.444042726012412, 2234976.100069839973003 ], [ 473604.427860186027829, 2234948.766955050174147 ], [ 473609.922864318999927, 2234943.399725249968469 ], [ 473640.487228143028915, 2234124.038690030109137 ], [ 473646.164049634011462, 2233990.317865650169551 ] ] ] ] } },
{ "type": "Feature", "properties": { "ID": 52, "ENTIDAD": 13, "MUNICIPIO": 66, "NOMBRE": "TEZONTEPEC DE ALDAMA", "CONTROL": 64, "GEOMETRY1_": null, "ID_2": 1266, "ENTIDAD_2": 13, "DISTRITO_F": 5, "DISTRITO_L": 6, "MUNICIPIO_2": 64, "SECCION": 1295, "TIPO": 3, "CONTROL_2": 741, "GEOMETRY1__2": null }, "geometry": { "type": "MultiPolygon", "coordinates": [ [ [ [ 463422.175163802981842, 2231331.826530729886144 ], [ 463435.820120187010616, 2231377.309710669796914 ], [ 463458.561713569972198, 2231443.260321409907192 ], [ 463645.042749857006129, 2231488.74349116999656 ], [ 463715.541677055007312, 2231486.469327989965677 ], [ 463808.782192779006436, 2231468.27605023002252 ], [ 463924.764295439003035, 2231406.873749440070242 ], [ 464036.198073579987977, 2231231.763497040141374 ], [ 464074.85877270862693, 2231259.053400026634336 ], [ 464074.858777276007459, 2231259.053371919784695 ], [ 464036.198073578998446, 2231231.763465709984303 ], [ 463924.764295437023975, 2231406.873718129936606 ], [ 463808.782192779006436, 2231468.276018930133432 ], [ 463715.541677053028252, 2231486.46929669007659 ], [ 463645.042749855027068, 2231488.743459870107472 ], [ 463458.561713569972198, 2231443.260290110018104 ], [ 463435.820120187010616, 2231377.309679360128939 ], [ 463422.175169532245491, 2231331.826518507674336 ], [ 463422.175163802981842, 2231331.826530729886144 ] ] ], [ [ [ 464008.186536055000033, 2231613.082503830082715 ], [ 464029.789844594022725, 2231675.075849819928408 ], [ 464071.113518572004978, 2231694.976069679949433 ], [ 464200.528772413555998, 2231596.142614038195461 ], [ 464200.528776118007954, 2231596.142579920124263 ], [ 464071.113518572004978, 2231694.976038409862667 ], [ 464029.789844592974987, 2231675.075818549841642 ], [ 464008.18654094915837, 2231613.082486594561487 ], [ 464008.186536055000033, 2231613.082503830082715 ] ] ], [ [ [ 464186.660792494018096, 2231723.867125310003757 ], [ 464204.008660596678965, 2231797.177001407369971 ], [ 464204.00866098300321, 2231797.176971780136228 ], [ 464186.660794821684249, 2231723.867103872355074 ], [ 464186.660792494018096, 2231723.867125310003757 ] ] ], [ [ [ 464177.463765106978826, 2231961.282359149772674 ], [ 464219.391261318349279, 2232021.203938958700746 ], [ 464219.391261718003079, 2232021.203908309806138 ], [ 464177.463771831127815, 2231961.282337531447411 ], [ 464177.463765106978826, 2231961.282359149772674 ] ] ] ] } },
{ "type": "Feature", "properties": { "ID": 52, "ENTIDAD": 13, "MUNICIPIO": 66, "NOMBRE": "TEZONTEPEC DE ALDAMA", "CONTROL": 64, "GEOMETRY1_": null, "ID_2": 1281, "ENTIDAD_2": 13, "DISTRITO_F": 5, "DISTRITO_L": 6, "MUNICIPIO_2": 66, "SECCION": 1310, "TIPO": 3, "CONTROL_2": 876, "GEOMETRY1__2": null }, "geometry": { "type": "MultiPolygon", "coordinates": [ [ [ [ 471635.1909656469943, 2233131.255749979987741 ], [ 471495.726430125010666, 2233136.483666980173439 ], [ 471372.978923797025345, 2233139.059692179784179 ], [ 471361.967538353987038, 2233321.202113890089095 ], [ 471393.170919077994768, 2233489.29050529981032 ], [ 471383.713562729011755, 2233576.647009530104697 ], [ 471390.812973655993119, 2233631.470220549963415 ], [ 471409.768157953978516, 2233676.714339249767363 ], [ 471415.151499890023842, 2233689.563835079781711 ], [ 471407.214774634980131, 2233727.924673810135573 ], [ 471404.548349547025282, 2233740.812395079992712 ], [ 471409.304577847011387, 2233745.755142129957676 ], [ 471439.028922301018611, 2233776.645147160161287 ], [ 471449.611738507985137, 2233787.642975760158151 ], [ 471501.367997411987744, 2233866.988493320066482 ], [ 471497.304111570003442, 2233895.725982530042529 ], [ 471461.41265926201595, 2233920.573914499953389 ], [ 471435.669324500020593, 2233944.171974500175565 ], [ 471428.282088251027744, 2233950.943608629982919 ], [ 471406.74630718602566, 2233984.081265079788864 ], [ 471390.995976968028117, 2234003.347747569903731 ], [ 471392.849150178022683, 2234016.671524149831384 ], [ 471421.333195857994724, 2234049.561406929977238 ], [ 471429.372575511981267, 2234073.027947749942541 ], [ 471376.422530542011373, 2234129.562912499997765 ], [ 471309.999967563024256, 2234150.06408644001931 ], [ 471258.968994149006903, 2234261.270807010121644 ], [ 471117.608951708010864, 2234407.47473332984373 ], [ 470981.066096786991693, 2234517.023799240123481 ], [ 471089.505440082983114, 2234650.183794059790671 ], [ 472639.940163937979378, 2234522.710228209849447 ], [ 472696.280838156992104, 2234518.078013429883868 ], [ 472949.894769272999838, 2234515.863332489971071 ], [ 472987.309470577980392, 2234515.536609020084143 ], [ 473067.161858098988887, 2234658.501833620015532 ], [ 473086.090815584000666, 2234608.118989150039852 ], [ 473090.970903403009288, 2234595.129752640146762 ], [ 473092.085129034006968, 2234589.399447829928249 ], [ 473158.918938654998783, 2234245.682618860155344 ], [ 473127.856968812004197, 2234156.379464509896934 ], [ 473112.325976938998792, 2233952.535305399913341 ], [ 473096.794983275001869, 2233707.922314249910414 ], [ 473073.498505738971289, 2233638.032889009919018 ], [ 473046.319281855016015, 2233554.553853270132095 ], [ 473032.729667230974883, 2233451.661087399814278 ], [ 473042.436529562983196, 2233405.068136129993945 ], [ 473108.443204917013645, 2233350.709690589923412 ], [ 473174.449880032974761, 2233290.527126200031489 ], [ 473207.453213920001872, 2233175.986120549961925 ], [ 473232.691055641975254, 2233045.914131590165198 ], [ 473255.987526436976623, 2232960.493720619939268 ], [ 473269.577132858976256, 2232875.073310059960932 ], [ 473285.108111318026204, 2232770.239169870037585 ], [ 473288.990853280003648, 2232682.877386750187725 ], [ 473279.283986115013249, 2232618.812079660128802 ], [ 473242.397898754978087, 2232556.688146689906716 ], [ 473209.39455840701703, 2232523.684807879850268 ], [ 473199.687692161009181, 2232480.974603290203959 ], [ 473203.570436310023069, 2232444.088516970165074 ], [ 473240.456518026010599, 2232376.140461930073798 ], [ 473267.635735784017015, 2232317.899272080045193 ], [ 473263.752986063016579, 2232226.654743319842964 ], [ 473207.453169808024541, 2232162.589438199996948 ], [ 473170.567082328023389, 2232098.52413224009797 ], [ 473165.119468961027451, 2232039.080185249913484 ], [ 473141.423114245000761, 2232029.771484760101885 ], [ 473124.93652446201304, 2232023.295014940202236 ], [ 472995.900254354986828, 2231964.848024279810488 ], [ 472686.878569056978449, 2231997.05322244996205 ], [ 472698.480112696008291, 2232052.331155680119991 ], [ 472729.565337834996171, 2232106.32128020003438 ], [ 472763.312259591999464, 2232164.934351189993322 ], [ 472769.731508177006617, 2232171.973073990084231 ], [ 472841.919655581004918, 2232251.127565689850599 ], [ 472829.107691588986199, 2232260.46341666020453 ], [ 472740.222785968973767, 2232325.23227120982483 ], [ 472630.3836232930189, 2232418.697906239889562 ], [ 472613.298786634986755, 2232433.235936829820275 ], [ 472481.644700943026692, 2232557.006560340058059 ], [ 472463.512692987977061, 2232392.241853539831936 ], [ 472412.408776417025365, 2232131.607953580096364 ], [ 472015.55391984101152, 2232115.772166320122778 ], [ 471818.364477667026222, 2232096.41843290021643 ], [ 471811.875988513987977, 2232108.728766290005296 ], [ 471788.81680597999366, 2232153.245799249969423 ], [ 471754.548298601992428, 2232217.619350499939173 ], [ 471722.841922616004013, 2232277.509171810001135 ], [ 471649.180645075975917, 2232415.864267040044069 ], [ 471592.911475827975664, 2232526.061055810190737 ], [ 471529.057492127991281, 2232528.792347659822553 ], [ 471528.196759210026357, 2232755.598244950175285 ], [ 471528.12146027199924, 2232775.439757809974253 ], [ 471528.01698083098745, 2232802.970426870044321 ], [ 471526.096109714009799, 2232880.51054181996733 ], [ 471646.106592312979046, 2232902.35540331993252 ], [ 471703.345276101026684, 2232912.745702870190144 ], [ 471689.818469466001261, 2233023.041249509900808 ], [ 471687.799892886017915, 2233080.138206540141255 ], [ 471686.566840969026089, 2233115.016007579863071 ], [ 471686.176640281977598, 2233126.053127550054342 ], [ 471635.1909656469943, 2233131.255749979987741 ] ] ] ] } },
{ "type": "Feature", "properties": { "ID": 52, "ENTIDAD": 13, "MUNICIPIO": 66, "NOMBRE": "TEZONTEPEC DE ALDAMA", "CONTROL": 64, "GEOMETRY1_": null, "ID_2": 1268, "ENTIDAD_2": 13, "DISTRITO_F": 5, "DISTRITO_L": 6, "MUNICIPIO_2": 64, "SECCION": 1297, "TIPO": 4, "CONTROL_2": 738, "GEOMETRY1__2": null }, "geometry": { "type": "MultiPolygon", "coordinates": [ [ [ [ 462505.841190127015579, 2237629.291423319838941 ], [ 462583.763829235977028, 2237673.597722209990025 ], [ 462698.179584504978266, 2237789.265264870133251 ], [ 462746.266876204987057, 2237844.697974389884621 ], [ 462819.172009996022098, 2237868.473652449902147 ], [ 462922.161477860005107, 2237924.611182190012187 ], [ 462976.051243528025225, 2238002.958122840151191 ], [ 463042.022385657008272, 2238090.596057320013642 ], [ 463126.949342317006085, 2238128.229912780225277 ], [ 463229.998363671998959, 2238179.800259000156075 ], [ 463314.984873873007018, 2238212.866930940188468 ], [ 463405.297429542988539, 2238305.385302419774234 ], [ 463453.444274703972042, 2238356.250828399788588 ], [ 463574.436699987971224, 2238435.459216049872339 ], [ 463671.44503302697558, 2238482.384065410122275 ], [ 463731.018165388028137, 2238592.779604270122945 ], [ 463809.963987281022128, 2238621.200779340229928 ], [ 463863.85375277599087, 2238699.547719980124384 ], [ 463887.004095046024304, 2238795.771827979944646 ], [ 463903.279999155027326, 2238951.291008709929883 ], [ 463951.367290657013655, 2239006.723718210123479 ], [ 463980.558321119984612, 2239107.593323079869151 ], [ 464003.649109784979373, 2239208.384614559821784 ], [ 464063.877331260009669, 2239268.541134340222925 ], [ 464081.106092393980362, 2239350.985378250014037 ], [ 464183.857345624011941, 2239425.39164225012064 ], [ 464293.06616202602163, 2239472.473118369933218 ], [ 464383.557378076016903, 2239551.289939189795405 ], [ 464765.224030145211145, 2239569.253923445008695 ], [ 464765.224205113016069, 2239569.253901519812644 ], [ 464383.557378076016903, 2239551.289909029845148 ], [ 464293.06616202602163, 2239472.473088200204074 ], [ 464183.857345624011941, 2239425.391612070146948 ], [ 464081.106092392990831, 2239350.985348059795797 ], [ 464063.877331259020139, 2239268.541104140225798 ], [ 464003.649109784979373, 2239208.38458435004577 ], [ 463980.558321118005551, 2239107.593292859848589 ], [ 463951.367290657013655, 2239006.723687979858369 ], [ 463903.279999153979588, 2238951.290978460106999 ], [ 463887.004095046024304, 2238795.771797710098326 ], [ 463863.8537527769804, 2238699.547689700033516 ], [ 463809.963987281022128, 2238621.200749049894512 ], [ 463731.018165389017668, 2238592.779573979787529 ], [ 463671.44503302697558, 2238482.384035100229084 ], [ 463574.436699987971224, 2238435.459185739979148 ], [ 463453.444274702982511, 2238356.250798069871962 ], [ 463405.297429541999009, 2238305.385272089857608 ], [ 463314.984873872017488, 2238212.866900589782745 ], [ 463229.998363672988489, 2238179.800228650216013 ], [ 463126.949342317995615, 2238128.229882420040667 ], [ 463042.022385657997802, 2238090.596026950050145 ], [ 462976.051243528025225, 2238002.958092470187694 ], [ 462922.161477860005107, 2237924.611151800025254 ], [ 462819.17200999497436, 2237868.473622050136328 ], [ 462746.266876204987057, 2237844.697943990118802 ], [ 462698.179584503988735, 2237789.265234460122883 ], [ 462583.763829237024765, 2237673.59769179020077 ], [ 462505.84120754536707, 2237629.291402793023735 ], [ 462505.841190127015579, 2237629.291423319838941 ] ] ] ] } },
{ "type": "Feature", "properties": { "ID": 52, "ENTIDAD": 13, "MUNICIPIO": 66, "NOMBRE": "TEZONTEPEC DE ALDAMA", "CONTROL": 64, "GEOMETRY1_": null, "ID_2": 1282, "ENTIDAD_2": 13, "DISTRITO_F": 5, "DISTRITO_L": 6, "MUNICIPIO_2": 66, "SECCION": 1311, "TIPO": 2, "CONTROL_2": 878, "GEOMETRY1__2": null }, "geometry": { "type": "MultiPolygon", "coordinates": [ [ [ [ 474122.435505633009598, 2232647.069006139878184 ], [ 474321.356102586025372, 2232565.539565419778228 ], [ 474413.531985401001293, 2232540.884612959809601 ], [ 474502.626000215997919, 2232527.156285610049963 ], [ 474594.52171407599235, 2232524.07441325020045 ], [ 474661.482310558028985, 2232524.354580380022526 ], [ 474993.483590779011138, 2232437.221737009938806 ], [ 475125.044471803994384, 2232405.31812833994627 ], [ 475135.700457334984094, 2232402.734044149983674 ], [ 475145.674186535994522, 2232381.686715070158243 ], [ 475153.095244725001976, 2232366.026228330098093 ], [ 475167.992814605007879, 2232282.599814190063626 ], [ 475180.407456495973747, 2232221.023175119888037 ], [ 475201.760640859021805, 2232122.699186849873513 ], [ 475212.188939674990252, 2232061.61913364008069 ], [ 475232.548953798017465, 2231995.573222070001066 ], [ 475260.854340726975352, 2231939.459026080090553 ], [ 475271.282639574026689, 2231878.875558650121093 ], [ 475278.234838631993625, 2231834.182836790103465 ], [ 475306.540226011013146, 2231788.993528290186077 ], [ 475311.506081196013838, 2231724.933960489928722 ], [ 475315.975350423017517, 2231656.405120539944619 ], [ 475330.376334905973636, 2231581.420664850156754 ], [ 475353.219278171018232, 2231521.333782679866999 ], [ 475364.144162469019648, 2231452.308356659952551 ], [ 475351.644528827979229, 2231453.911355149932206 ], [ 474666.749593733984511, 2231408.93377284007147 ], [ 474661.121794772974681, 2231399.698312560096383 ], [ 474217.928058099991176, 2231367.196250889915973 ], [ 474087.318880687991623, 2231357.6178945498541 ], [ 474048.447036082972772, 2231353.461633990053087 ], [ 474011.629560519009829, 2231352.067141570150852 ], [ 474010.774372250016313, 2231334.760152460075915 ], [ 473992.135477724019438, 2230957.552984649781138 ], [ 473990.802337071974762, 2230930.573369069956243 ], [ 473976.842564411985222, 2230648.060567609965801 ], [ 473618.899150151002686, 2230655.69626091979444 ], [ 473597.216631100978702, 2230644.377957089804113 ], [ 473512.717294395028148, 2230402.008020170032978 ], [ 473090.990246116998605, 2230507.168773009907454 ], [ 473100.74743537302129, 2230692.013156599830836 ], [ 472657.337770509009715, 2230976.055572490207851 ], [ 472629.894687117019203, 2231007.472553399857134 ], [ 472694.930681377998553, 2231068.62579875998199 ], [ 472771.614914287987631, 2231160.841010959818959 ], [ 472804.618255935027264, 2231221.023571250028908 ], [ 472823.061301052977797, 2231283.147505130153149 ], [ 472865.771508803998586, 2231382.15752416010946 ], [ 472908.481715004018042, 2231446.222829930018634 ], [ 472953.133295439009089, 2231541.350102940108627 ], [ 472976.429773412004579, 2231619.005020239856094 ], [ 472982.253897511982359, 2231743.252889289986342 ], [ 473048.260579842026345, 2231844.204280199948698 ], [ 473106.501769359980244, 2231916.035077080130577 ], [ 473123.974126965971664, 2231954.862535459920764 ], [ 473165.119468961027451, 2232039.080185249913484 ], [ 473218.57517873798497, 2232063.096179109998047 ], [ 473232.054372888989747, 2232076.57537325983867 ], [ 473245.533567039004993, 2232084.438236509915441 ], [ 473448.907140787981916, 2232131.556471980176866 ], [ 473506.692953717021737, 2232161.38196980021894 ], [ 473553.995286202989519, 2232187.542807369958609 ], [ 473592.354112560977228, 2232213.366068209987134 ], [ 473706.674905296997167, 2232286.910730139818043 ], [ 473778.465171489981003, 2232257.871966070029885 ], [ 473913.42877151700668, 2232203.27993923984468 ], [ 473930.435724709997885, 2232270.621978450100869 ], [ 473959.369526803027838, 2232385.190485429950058 ], [ 473982.910908395017032, 2232478.406749680172652 ], [ 474001.402121951978188, 2232545.087178189773113 ], [ 474035.022510565991979, 2232674.245487280189991 ], [ 474122.435505633009598, 2232647.069006139878184 ] ] ] ] } },
{ "type": "Feature", "properties": { "ID": 52, "ENTIDAD": 13, "MUNICIPIO": 66, "NOMBRE": "TEZONTEPEC DE ALDAMA", "CONTROL": 64, "GEOMETRY1_": null, "ID_2": 1270, "ENTIDAD_2": 13, "DISTRITO_F": 5, "DISTRITO_L": 6, "MUNICIPIO_2": 64, "SECCION": 1299, "TIPO": 4, "CONTROL_2": 739, "GEOMETRY1__2": null }, "geometry": { "type": "MultiPolygon", "coordinates": [ [ [ [ 462231.563950931013096, 2233334.093517039902508 ], [ 462272.479035531694535, 2233471.65721248369664 ], [ 462272.479037218028679, 2233471.657187129836529 ], [ 462231.56395916827023, 2233334.093513695057482 ], [ 462231.563950931013096, 2233334.093517039902508 ] ] ], [ [ [ 462221.05674612801522, 2233671.986789170186967 ], [ 462250.902866236981936, 2233722.617375379893929 ], [ 462298.811497638991568, 2233791.751635979861021 ], [ 462309.940017340995837, 2233874.117567209992558 ], [ 462352.046174659975804, 2233920.337596519850194 ], [ 462387.635211691667791, 2233998.449589755851775 ], [ 462387.635215251008049, 2233998.449566630180925 ], [ 462352.046174659975804, 2233920.337565570138395 ], [ 462309.940017341985367, 2233874.11753625003621 ], [ 462298.811497639981098, 2233791.751604999881238 ], [ 462250.902866237971466, 2233722.617344390135258 ], [ 462221.056754587450996, 2233671.986772528849542 ], [ 462221.05674612801522, 2233671.986789170186967 ] ] ], [ [ [ 462374.303214040992316, 2234085.069458960089833 ], [ 462410.547343724989332, 2234112.942440569866449 ], [ 462495.116979643004015, 2234177.979397680144757 ], [ 462543.382932316977531, 2234219.710556750185788 ], [ 462579.448401317989919, 2234261.28508911980316 ], [ 462657.858241806970909, 2234330.810916460119188 ], [ 462706.362408687011339, 2234354.273341210093349 ], [ 462754.509254219010472, 2234405.138867449946702 ], [ 462783.878945784992538, 2234492.306922260206193 ], [ 462794.352374284644611, 2234624.911847640760243 ], [ 462794.35237627098104, 2234624.911841940134764 ], [ 462783.878945784992538, 2234492.306891390122473 ], [ 462754.509254219010472, 2234405.138836559839547 ], [ 462706.362408687011339, 2234354.273310310207307 ], [ 462657.858241806970909, 2234330.810885559767485 ], [ 462579.448401317000389, 2234261.285058210138232 ], [ 462543.38293231499847, 2234219.710525840055197 ], [ 462495.116979643004015, 2234177.979366759769619 ], [ 462410.547343723999802, 2234112.942409640178084 ], [ 462374.303218298940919, 2234085.069431295618415 ], [ 462374.303214040992316, 2234085.069458960089833 ] ] ], [ [ [ 462378.396419177006464, 2235642.792312299832702 ], [ 462413.389924111019354, 2235766.576148840133101 ], [ 462459.809716444986407, 2235949.889998469967395 ], [ 462489.17940797097981, 2236037.05805305019021 ], [ 462534.825002448575106, 2236279.745280572213233 ], [ 462534.825004030019045, 2236279.74525834992528 ], [ 462489.17940797097981, 2236037.058022390119731 ], [ 462459.809716444986407, 2235949.889967800118029 ], [ 462413.389924111019354, 2235766.576118140015751 ], [ 462378.396422407589853, 2235642.792293011210859 ], [ 462378.396419177006464, 2235642.792312299832702 ] ] ], [ [ [ 462527.355030427977908, 2236384.71219765022397 ], [ 462556.367400587012526, 2236499.283353569917381 ], [ 462609.602077307994477, 2236627.869313579984009 ], [ 462663.194075346982572, 2236729.052172179799527 ], [ 462735.622780814999714, 2236789.365318779833615 ], [ 462753.208863548992667, 2236844.406461600214243 ], [ 462794.600377931026742, 2236945.43269346980378 ], [ 462842.032580546976533, 2237051.104422249831259 ], [ 462944.962477732507978, 2237111.80912545369938 ], [ 462944.962494987004902, 2237111.809105120133609 ], [ 462842.032580546976533, 2237051.104391740169376 ], [ 462794.600377929979004, 2236945.432662949897349 ], [ 462753.208863548003137, 2236844.406431059818715 ], [ 462735.622780814999714, 2236789.365288230124861 ], [ 462663.194075345993042, 2236729.052141619846225 ], [ 462609.602077307004947, 2236627.869283009786159 ], [ 462556.367400587012526, 2236499.283322980161756 ], [ 462527.355032127699815, 2236384.712173766456544 ], [ 462527.355030427977908, 2236384.71219765022397 ] ] ] ] } },
{ "type": "Feature", "properties": { "ID": 52, "ENTIDAD": 13, "MUNICIPIO": 66, "NOMBRE": "TEZONTEPEC DE ALDAMA", "CONTROL": 64, "GEOMETRY1_": null, "ID_2": 1271, "ENTIDAD_2": 13, "DISTRITO_F": 5, "DISTRITO_L": 6, "MUNICIPIO_2": 64, "SECCION": 1300, "TIPO": 4, "CONTROL_2": 743, "GEOMETRY1__2": null }, "geometry": { "type": "MultiPolygon", "coordinates": [ [ [ [ 463836.072039690974634, 2230440.356162940151989 ], [ 463922.49008566502016, 2230540.419155689887702 ], [ 463954.328317227016669, 2230647.304628729820251 ], [ 463963.42495814699214, 2230770.109188370872289 ], [ 463963.424960220989306, 2230770.109184970147908 ], [ 463954.328317227016669, 2230647.3045973200351 ], [ 463922.49008566502016, 2230540.419124260079116 ], [ 463836.072043765685521, 2230440.35613621911034 ], [ 463836.072039690974634, 2230440.356162940151989 ] ] ] ] } },
{ "type": "Feature", "properties": { "ID": 52, "ENTIDAD": 13, "MUNICIPIO": 66, "NOMBRE": "TEZONTEPEC DE ALDAMA", "CONTROL": 64, "GEOMETRY1_": null, "ID_2": 1272, "ENTIDAD_2": 13, "DISTRITO_F": 5, "DISTRITO_L": 6, "MUNICIPIO_2": 64, "SECCION": 1301, "TIPO": 4, "CONTROL_2": 744, "GEOMETRY1__2": null }, "geometry": { "type": "MultiPolygon", "coordinates": [ [ [ [ 463937.773936607001815, 2227883.59553322987631 ], [ 464046.770318537077401, 2228414.87678614910692 ], [ 464046.770318926020991, 2228414.876756319776177 ], [ 463937.773942776024342, 2227883.595531489700079 ], [ 463937.773936607001815, 2227883.59553322987631 ] ] ], [ [ [ 464037.751952273014467, 2228638.590472309850156 ], [ 464041.834579068992753, 2228668.838795769959688 ], [ 464048.880471853015479, 2228720.956404279917479 ], [ 464068.025767107494175, 2228835.825199181213975 ], [ 464068.025771341985092, 2228835.825192930176854 ], [ 464048.880471853015479, 2228720.956372589804232 ], [ 464041.834579068003222, 2228668.838764070067555 ], [ 464037.751953785598744, 2228638.590451816562563 ], [ 464037.751952273014467, 2228638.590472309850156 ] ] ], [ [ [ 463709.36908226198284, 2229959.079740189947188 ], [ 463713.218894193007145, 2230015.466114889830351 ], [ 463829.706337738025468, 2230000.90517691988498 ], [ 463887.370672563905828, 2230047.625831984914839 ], [ 463887.370675667014439, 2230047.625802999828011 ], [ 463829.70633773697773, 2230000.9051454202272 ], [ 463713.218894193996675, 2230015.466083379928023 ], [ 463709.369082606805023, 2229959.079713745042682 ], [ 463709.36908226198284, 2229959.079740189947188 ] ] ] ] } },
{ "type": "Feature", "properties": { "ID": 52, "ENTIDAD": 13, "MUNICIPIO": 66, "NOMBRE": "TEZONTEPEC DE ALDAMA", "CONTROL": 64, "GEOMETRY1_": null, "ID_2": 1285, "ENTIDAD_2": 13, "DISTRITO_F": 5, "DISTRITO_L": 6, "MUNICIPIO_2": 66, "SECCION": 1314, "TIPO": 2, "CONTROL_2": 875, "GEOMETRY1__2": null }, "geometry": { "type": "MultiPolygon", "coordinates": [ [ [ [ 470975.23813951399643, 2231690.621541109867394 ], [ 470924.298100894025993, 2231659.258306279778481 ], [ 470875.130230990005657, 2231654.229776270221919 ], [ 470831.549619500990957, 2231659.817036460153759 ], [ 470744.947122133977246, 2231667.080476129893214 ], [ 470664.85267836402636, 2231692.624725739937276 ], [ 470516.98700252501294, 2231738.038665339816362 ], [ 470400.530206012015697, 2231752.42843702994287 ], [ 470347.021102713013534, 2231747.730728770140558 ], [ 470217.884337682975456, 2231599.772912519983947 ], [ 469851.114742418983951, 2231777.132037200033665 ], [ 470071.944238441006746, 2232036.087205249816179 ], [ 470107.514526021026541, 2232069.286138440016657 ], [ 470263.075256248994265, 2232336.774692109785974 ], [ 470227.504973324015737, 2232399.378399610053748 ], [ 470177.005379420006648, 2232434.818219829816371 ], [ 470091.241361978987698, 2232481.098005730193108 ], [ 469958.558816962991841, 2232519.244245910085738 ], [ 469802.656824473000597, 2232520.902785399928689 ], [ 469577.096493732009549, 2232499.341881710104644 ], [ 469465.974860396003351, 2232492.707759580109268 ], [ 469464.711334956984501, 2232523.324568700045347 ], [ 469487.15511841501575, 2232830.203295830171555 ], [ 469480.406849901017267, 2232843.93170408019796 ], [ 469498.037320712988731, 2232853.934409699868411 ], [ 469501.571657200984191, 2232899.758888300042599 ], [ 469494.282837585022207, 2232909.693491329904646 ], [ 469497.762158730998635, 2232917.587065919768065 ], [ 469497.762159493984655, 2232933.011371599975973 ], [ 469497.762160210986622, 2232947.471658180002123 ], [ 469497.187402012990788, 2232958.622436889912933 ], [ 469510.142290676012635, 2233190.785429249983281 ], [ 469503.17222397698788, 2233196.94294798001647 ], [ 469491.375984587997664, 2233209.329574150033295 ], [ 469463.103192229988053, 2233353.019215660169721 ], [ 469608.522036487003788, 2233370.360293980222195 ], [ 469620.200462359003723, 2233371.514292940031737 ], [ 469633.928164180018939, 2233373.818891239818186 ], [ 469681.701315516023897, 2233381.703380660153925 ], [ 469772.283524770988151, 2233462.164650530088693 ], [ 469774.513128305028658, 2233489.934256980195642 ], [ 469789.661079477984458, 2233487.163607719819993 ], [ 469927.22517109697219, 2233493.139467840082943 ], [ 470547.854385212995112, 2233520.099944099783897 ], [ 470581.586036628985312, 2233537.615743789821863 ], [ 470637.729988015023991, 2233585.739127989858389 ], [ 470695.879078380996361, 2233590.751978040207177 ], [ 470808.166973895975389, 2233534.608021390158683 ], [ 470932.485719076008536, 2233550.649144500028342 ], [ 470944.224840786017012, 2233560.463819489814341 ], [ 471054.79932726098923, 2233652.911335859913379 ], [ 471168.089801953989081, 2233781.240362190175802 ], [ 471336.521656537021045, 2233939.64650274021551 ], [ 471406.74630718602566, 2233984.081265079788864 ], [ 471428.282088251027744, 2233950.943608629982919 ], [ 471435.669324500020593, 2233944.171974500175565 ], [ 471461.41265926201595, 2233920.573914499953389 ], [ 471497.304111570003442, 2233895.725982530042529 ], [ 471501.367997411987744, 2233866.988493320066482 ], [ 471449.611738507985137, 2233787.642975760158151 ], [ 471439.028922301018611, 2233776.645147160161287 ], [ 471409.304577847011387, 2233745.755142129957676 ], [ 471404.548349547025282, 2233740.812395079992712 ], [ 471407.214774634980131, 2233727.924673810135573 ], [ 471415.151499890023842, 2233689.563835079781711 ], [ 471409.768157953978516, 2233676.714339249767363 ], [ 471390.812973655993119, 2233631.470220549963415 ], [ 471383.713562729011755, 2233576.647009530104697 ], [ 471393.170919077994768, 2233489.29050529981032 ], [ 471361.967538353987038, 2233321.202113890089095 ], [ 471372.978923797025345, 2233139.059692179784179 ], [ 471254.879452674009372, 2233144.782579760067165 ], [ 471129.318075668998063, 2233147.527208549901843 ], [ 471026.604722973017488, 2233146.253754499834031 ], [ 471028.073573543981183, 2233060.511436 ], [ 471034.42963102797512, 2232936.184794929809868 ], [ 471035.655375826987438, 2232875.860914989840239 ], [ 471042.856455762987025, 2232724.310084899887443 ], [ 471052.735614001983777, 2232540.710968969855458 ], [ 471055.581232195021585, 2232441.114164189901203 ], [ 471053.690940489002969, 2232361.956177399959415 ], [ 471057.952575515024364, 2232248.086071220226586 ], [ 471130.736279072007164, 2232205.457808579783887 ], [ 471203.568206337979063, 2232177.167716090101749 ], [ 471220.422789781994652, 2232071.597943129949272 ], [ 471209.806996505998541, 2232002.315942720044404 ], [ 471182.988155456027016, 2231936.945023740176111 ], [ 471137.731367635016795, 2231964.322590730153024 ], [ 471079.623886850022245, 2231996.728690649848431 ], [ 471045.541614888003096, 2232024.664982929825783 ], [ 471049.452689117984846, 2231890.570787420030683 ], [ 471044.982880106021184, 2231833.580754609778523 ], [ 471032.463785553991329, 2231819.793904390186071 ], [ 470975.23813951399643, 2231690.621541109867394 ] ] ] ] } },
{ "type": "Feature", "properties": { "ID": 52, "ENTIDAD": 13, "MUNICIPIO": 66, "NOMBRE": "TEZONTEPEC DE ALDAMA", "CONTROL": 64, "GEOMETRY1_": null, "ID_2": 1286, "ENTIDAD_2": 13, "DISTRITO_F": 5, "DISTRITO_L": 6, "MUNICIPIO_2": 66, "SECCION": 1315, "TIPO": 2, "CONTROL_2": 884, "GEOMETRY1__2": null }, "geometry": { "type": "MultiPolygon", "coordinates": [ [ [ [ 470608.31893902097363, 2231366.814554709941149 ], [ 470311.925072647980414, 2231446.094693089835346 ], [ 470310.976535165973473, 2231518.183808989822865 ], [ 470307.182376361975912, 2231622.523318959865719 ], [ 470347.021102713013534, 2231747.730728770140558 ], [ 470400.530206012015697, 2231752.42843702994287 ], [ 470516.98700252501294, 2231738.038665339816362 ], [ 470664.85267836402636, 2231692.624725739937276 ], [ 470744.947122133977246, 2231667.080476129893214 ], [ 470831.549619500990957, 2231659.817036460153759 ], [ 470875.130230990005657, 2231654.229776270221919 ], [ 470924.298100894025993, 2231659.258306279778481 ], [ 470975.23813951399643, 2231690.621541109867394 ], [ 471032.463785553991329, 2231819.793904390186071 ], [ 471044.982880106021184, 2231833.580754609778523 ], [ 471049.452689117984846, 2231890.570787420030683 ], [ 471045.541614888003096, 2232024.664982929825783 ], [ 471079.623886850022245, 2231996.728690649848431 ], [ 471137.731367635016795, 2231964.322590730153024 ], [ 471182.988155456027016, 2231936.945023740176111 ], [ 471220.821502394974232, 2231883.043636589776725 ], [ 471254.346485231013503, 2231855.829235069919378 ], [ 471295.294147228996735, 2231838.485158740077168 ], [ 471378.191718208021484, 2231803.372487380169332 ], [ 471386.868770294007845, 2231746.971629090141505 ], [ 471567.509274581971113, 2231782.46866418980062 ], [ 471449.034695592999924, 2231953.747925899922848 ], [ 471509.20295226102462, 2231972.847224900033325 ], [ 471591.597227436024696, 2232009.19764041993767 ], [ 471672.779822095006239, 2232041.913014390040189 ], [ 471712.542102520004846, 2232066.967597530223429 ], [ 471754.339919159014244, 2232010.058254819829017 ], [ 472050.757827782013919, 2231935.269537809770554 ], [ 472056.205823993019294, 2231803.550191840156913 ], [ 472058.101328812015709, 2231797.950566689949483 ], [ 472112.665624735003803, 2231636.758887739852071 ], [ 472157.532389134983532, 2231406.861990009900182 ], [ 472147.183556506992318, 2231370.711640580091625 ], [ 472137.033651985984761, 2231331.957465279847383 ], [ 472137.615144513023552, 2231270.318958910182118 ], [ 471956.44693825597642, 2231296.416398169938475 ], [ 471835.491747458989266, 2231300.973988989833742 ], [ 471858.868514799978584, 2231244.835611219983548 ], [ 471927.568559210980311, 2231060.960001519881189 ], [ 471994.171627794974484, 2230716.19948117993772 ], [ 471689.722276500018779, 2230825.820912740193307 ], [ 471470.08957415597979, 2230904.902872169855982 ], [ 471333.592863867990673, 2230964.516075849998742 ], [ 470767.164687953016255, 2231223.162237190175802 ], [ 470757.175698750012089, 2231276.280864110216498 ], [ 470747.133171220018994, 2231329.684192759916186 ], [ 470608.31893902097363, 2231366.814554709941149 ] ] ] ] } },
{ "type": "Feature", "properties": { "ID": 52, "ENTIDAD": 13, "MUNICIPIO": 66, "NOMBRE": "TEZONTEPEC DE ALDAMA", "CONTROL": 64, "GEOMETRY1_": null, "ID_2": 1287, "ENTIDAD_2": 13, "DISTRITO_F": 5, "DISTRITO_L": 6, "MUNICIPIO_2": 66, "SECCION": 1316, "TIPO": 2, "CONTROL_2": 1747, "GEOMETRY1__2": null }, "geometry": { "type": "MultiPolygon", "coordinates": [ [ [ [ 473883.373173585976474, 2229153.95089265005663 ], [ 473785.734148907009512, 2229153.813016740139574 ], [ 473676.783078144013416, 2229158.851221379823983 ], [ 473560.274707419972401, 2229158.221451359800994 ], [ 473536.343258275999688, 2229157.591677379794419 ], [ 473387.716363980027381, 2229162.629883780144155 ], [ 473362.525365050008986, 2229165.778759879991412 ], [ 473143.028487235016655, 2229169.892829560209066 ], [ 473061.865323767007794, 2229167.448175129946321 ], [ 473096.634666784026194, 2229104.567439369857311 ], [ 473042.159064396983013, 2229097.462514889892191 ], [ 473016.411128528008703, 2229094.104320220183581 ], [ 473010.535438950988464, 2229093.337986030150205 ], [ 472969.74681858799886, 2229078.499966459814459 ], [ 472956.657261477026623, 2229058.865631869994104 ], [ 472958.361147095973138, 2229043.461570600047708 ], [ 472961.626032921019942, 2229013.94521059980616 ], [ 473018.958453756989911, 2228762.792157679796219 ], [ 472835.227201883972157, 2228713.431158510036767 ], [ 472804.362334560020827, 2228703.107915829867125 ], [ 472773.569158121012151, 2228732.20797165017575 ], [ 472703.090063960000407, 2228777.761538759805262 ], [ 472647.222489058971405, 2228807.844083489850163 ], [ 472545.801352965005208, 2228859.414160440210253 ], [ 472492.51228171098046, 2228892.075208690017462 ], [ 472459.851239614014048, 2228947.083287409972399 ], [ 472416.016683742986061, 2229034.752412499859929 ], [ 472412.578683727013413, 2229138.752058709971607 ], [ 472419.454694145999383, 2229161.958590989932418 ], [ 472432.347214550012723, 2229224.702178520150483 ], [ 472436.644724191981368, 2229308.933296599891037 ], [ 472452.115749878983479, 2229411.213939500041306 ], [ 472467.586775212024804, 2229505.759071529842913 ], [ 472458.132266330998391, 2229595.147197419777513 ], [ 472446.95875414198963, 2229663.047793219797313 ], [ 472395.38869029097259, 2229806.584496949799359 ], [ 472338.661618425976485, 2229927.774169520009309 ], [ 472242.328543960989919, 2229971.884154739789665 ], [ 472189.220583326998167, 2229999.928711830172688 ], [ 472155.881407471024431, 2230015.840591220185161 ], [ 472135.044422558974475, 2230026.827365079894662 ], [ 472126.737349639006425, 2230034.275085629895329 ], [ 472124.057648697984405, 2230036.677576129790395 ], [ 472119.890251716016792, 2230052.589455519802868 ], [ 472117.995980360021349, 2230063.955083650071174 ], [ 472115.344000463024713, 2230077.972691690083593 ], [ 472115.344000460987445, 2230089.71717408997938 ], [ 472119.132543174026068, 2230101.840510770212859 ], [ 472135.002946658991277, 2230121.582847889978439 ], [ 472155.76259239501087, 2230124.804539309814572 ], [ 472176.819952076999471, 2230125.364624539855868 ], [ 472205.704673006024677, 2230135.796112699899822 ], [ 472254.632774088997394, 2230158.015568070113659 ], [ 472299.861261324025691, 2230211.509654010180384 ], [ 472333.835289250011556, 2230265.868095430079848 ], [ 472424.109133985999506, 2230391.086647449992597 ], [ 472442.552181474980898, 2230504.656964890193194 ], [ 472496.910623949021101, 2230543.48442169977352 ], [ 472549.327692797000054, 2230565.810208430048078 ], [ 472530.884653787012212, 2230641.523754729889333 ], [ 472508.558870841981843, 2230758.006133379880339 ], [ 472497.881323284993414, 2230831.778306359890848 ], [ 472530.884666018013377, 2230915.257342190016061 ], [ 472629.894687117019203, 2231007.472553399857134 ], [ 472657.337770509009715, 2230976.055572490207851 ], [ 473100.74743537302129, 2230692.013156599830836 ], [ 473090.990246116998605, 2230507.168773009907454 ], [ 473512.717294395028148, 2230402.008020170032978 ], [ 473527.808065778983291, 2230395.884691219776869 ], [ 473672.760306234005839, 2230368.70614612987265 ], [ 473653.13135700597195, 2229997.26602991996333 ], [ 473654.421026941970922, 2229982.385153320152313 ], [ 473905.172784132999368, 2229939.626010280102491 ], [ 473906.355877608002629, 2229806.432651720009744 ], [ 473967.7931224249769, 2229732.428688390180469 ], [ 474045.985980984987691, 2229673.784036959987134 ], [ 474013.871046877000481, 2229460.149962889961898 ], [ 474044.589668626023922, 2229407.090518020093441 ], [ 474044.589667750988156, 2229386.344880870077759 ], [ 474044.589666413026862, 2229354.710584669839591 ], [ 474044.589664514001925, 2229309.7855044901371 ], [ 474044.589660778001416, 2229221.38246545009315 ], [ 474044.589660572994035, 2229216.50900322990492 ], [ 474046.098907571984455, 2229210.57944012992084 ], [ 474047.509323724021669, 2229205.038165839854628 ], [ 474003.199390440015122, 2229203.257391919847578 ], [ 473942.326613627024926, 2229174.03846103977412 ], [ 473910.48218807001831, 2229158.116249300073832 ], [ 473902.204658054979518, 2229153.97748456010595 ], [ 473883.373173585976474, 2229153.95089265005663 ] ] ] ] } },
{ "type": "Feature", "properties": { "ID": 52, "ENTIDAD": 13, "MUNICIPIO": 66, "NOMBRE": "TEZONTEPEC DE ALDAMA", "CONTROL": 64, "GEOMETRY1_": null, "ID_2": 1288, "ENTIDAD_2": 13, "DISTRITO_F": 5, "DISTRITO_L": 6, "MUNICIPIO_2": 66, "SECCION": 1317, "TIPO": 2, "CONTROL_2": 883, "GEOMETRY1__2": null }, "geometry": { "type": "MultiPolygon", "coordinates": [ [ [ [ 469670.874282262986526, 2230357.999470110051334 ], [ 469598.211987346003298, 2230379.483570950105786 ], [ 468980.420518296014052, 2230383.901588909793645 ], [ 469326.274822251987644, 2230738.069577740039676 ], [ 469369.475173527025618, 2230782.308383950032294 ], [ 469407.144261264009401, 2230801.56513069011271 ], [ 469436.064840067992918, 2230936.527804450131953 ], [ 469468.84149250597693, 2231018.469427039846778 ], [ 469506.43823989800876, 2231092.698896510060877 ], [ 469586.451828092976939, 2231202.597070890013129 ], [ 469673.213548269995954, 2231282.610652590170503 ], [ 469843.844929462007713, 2231404.077051819767803 ], [ 469981.9602358280099, 2231478.868728289846331 ], [ 470110.878218584985007, 2231548.679904989898205 ], [ 470217.884337682975456, 2231599.772912519983947 ], [ 470347.021102713013534, 2231747.730728770140558 ], [ 470307.182376361975912, 2231622.523318959865719 ], [ 470310.976535165973473, 2231518.183808989822865 ], [ 470311.925072647980414, 2231446.094693089835346 ], [ 470608.31893902097363, 2231366.814554709941149 ], [ 470747.133171220018994, 2231329.684192759916186 ], [ 470757.175698750012089, 2231276.280864110216498 ], [ 470767.164687953016255, 2231223.162237190175802 ], [ 471333.592863867990673, 2230964.516075849998742 ], [ 471470.08957415597979, 2230904.902872169855982 ], [ 471689.722276500018779, 2230825.820912740193307 ], [ 471994.171627794974484, 2230716.19948117993772 ], [ 472028.858223463001195, 2230557.566076019778848 ], [ 472033.191268968977965, 2230537.749609449878335 ], [ 472041.515459140995517, 2230500.811006249859929 ], [ 472070.650125020009, 2230377.508908149786294 ], [ 472084.697196056018583, 2230317.678776170127094 ], [ 472101.345576766005252, 2230251.605499910190701 ], [ 472122.156052982027177, 2230176.167507249861956 ], [ 472106.630352228006814, 2230161.699485609773546 ], [ 472086.172221586981323, 2230126.087184130214155 ], [ 472069.502633658004925, 2230061.681958029977977 ], [ 472084.56064859702019, 2229957.395108200144023 ], [ 472087.837641884980258, 2229788.08378823986277 ], [ 472083.391565476020332, 2229720.79042149009183 ], [ 472009.843073252995964, 2229695.428875150159001 ], [ 471929.954194210004061, 2229677.675794010050595 ], [ 471835.248625512991566, 2229673.881307530216873 ], [ 471657.317546917009167, 2229691.624658769927919 ], [ 471533.045959497976582, 2229711.913904219865799 ], [ 471414.480720976018347, 2229741.713730540126562 ], [ 471351.07684951700503, 2229744.88392719021067 ], [ 471343.496865323977545, 2229750.415267770178616 ], [ 471233.779691054020077, 2229830.479162740055472 ], [ 471206.411182041978464, 2229845.779694470111281 ], [ 471174.468863316986244, 2229863.637242400087416 ], [ 471052.012863749987446, 2229928.819310859777033 ], [ 470944.515653881011531, 2229986.038969499990344 ], [ 470906.938911713019479, 2230006.559374679811299 ], [ 470888.326367651985493, 2230016.723559319972992 ], [ 470873.588621941977181, 2230022.650245130062103 ], [ 470790.470313797006384, 2230056.075716529972851 ], [ 470687.112060218001716, 2230097.640546530019492 ], [ 470639.685427860997152, 2230116.430662999860942 ], [ 470631.766940728994086, 2230118.480154269840568 ], [ 470585.792137697979342, 2230130.379517870023847 ], [ 470528.914164033019915, 2230144.397605480160564 ], [ 470499.427216425014194, 2230151.664928629994392 ], [ 470382.747504032973666, 2230180.421692010015249 ], [ 470361.976473734015599, 2230185.540899040177464 ], [ 470303.16285926301498, 2230194.612038140185177 ], [ 470218.613110876001883, 2230207.652599160093814 ], [ 470119.6628645019955, 2230230.141297440044582 ], [ 470072.342990699980874, 2230243.597238219808787 ], [ 470030.503135411010589, 2230255.494873819872737 ], [ 469982.187287189008202, 2230269.234031179919839 ], [ 469932.515024240012281, 2230282.821514320094138 ], [ 469876.034153613029048, 2230298.271442150231451 ], [ 469840.796655531972647, 2230307.910401260014623 ], [ 469700.674101479991805, 2230349.756965009961277 ], [ 469670.874282262986526, 2230357.999470110051334 ] ] ] ] } },
{ "type": "Feature", "properties": { "ID": 52, "ENTIDAD": 13, "MUNICIPIO": 66, "NOMBRE": "TEZONTEPEC DE ALDAMA", "CONTROL": 64, "GEOMETRY1_": null, "ID_2": 1296, "ENTIDAD_2": 13, "DISTRITO_F": 5, "DISTRITO_L": 6, "MUNICIPIO_2": 66, "SECCION": 1325, "TIPO": 3, "CONTROL_2": 749, "GEOMETRY1__2": null }, "geometry": { "type": "MultiPolygon", "coordinates": [ [ [ [ 464200.528776117018424, 2231596.142611209768802 ], [ 464196.651553229021374, 2231631.851941629778594 ], [ 464186.660794821684249, 2231723.867103872355074 ], [ 464204.00866098300321, 2231797.176971780136228 ], [ 464204.008660596678965, 2231797.177001407369971 ], [ 464204.00866098300321, 2231797.177003039978445 ], [ 464203.234464598994236, 2231856.550389839801937 ], [ 464190.200230930990074, 2231920.334333499893546 ], [ 464177.463771831127815, 2231961.282337531447411 ], [ 464219.391261718003079, 2232021.203908309806138 ], [ 464219.391261318349279, 2232021.203938958700746 ], [ 464219.391261718003079, 2232021.203939530067146 ], [ 464218.497958193998784, 2232089.711693509947509 ], [ 462722.263208454009145, 2233134.835323770064861 ], [ 462231.56395916827023, 2233334.093513695057482 ], [ 462272.479037218028679, 2233471.657187129836529 ], [ 462272.479035531694535, 2233471.65721248369664 ], [ 462272.479037216980942, 2233471.657218149863183 ], [ 462264.8899565290194, 2233585.758494480047375 ], [ 462221.056754587450996, 2233671.986772528849542 ], [ 462250.902866237971466, 2233722.617344390135258 ], [ 462298.811497639981098, 2233791.751604999881238 ], [ 462309.940017341985367, 2233874.11753625003621 ], [ 462352.046174659975804, 2233920.337565570138395 ], [ 462387.635215251008049, 2233998.449566630180925 ], [ 462387.635211691667791, 2233998.449589755851775 ], [ 462387.635215251997579, 2233998.449597570113838 ], [ 462374.303218298940919, 2234085.069431295618415 ], [ 462410.547343723999802, 2234112.942409640178084 ], [ 462495.116979643004015, 2234177.979366759769619 ], [ 462543.38293231499847, 2234219.710525840055197 ], [ 462579.448401317000389, 2234261.285058210138232 ], [ 462657.858241806970909, 2234330.810885559767485 ], [ 462706.362408687011339, 2234354.273310310207307 ], [ 462754.509254219010472, 2234405.138836559839547 ], [ 462783.878945784992538, 2234492.306891390122473 ], [ 462794.35237627098104, 2234624.911841940134764 ], [ 462794.352374284644611, 2234624.911847640760243 ], [ 462794.35237627098104, 2234624.911872790195048 ], [ 462756.32164844032377, 2234734.054374061059207 ], [ 463744.841038597980514, 2235469.765336280222982 ], [ 464390.297191037971061, 2235251.7067204201594 ], [ 464549.447662345017307, 2235264.548033719882369 ], [ 464652.129790522973053, 2235233.692760140169412 ], [ 464790.91156159597449, 2235187.927407990209758 ], [ 464901.289485033019446, 2235202.424907589796931 ], [ 464988.240670568018686, 2235245.086378159932792 ], [ 465085.625843655026983, 2235237.218026139773428 ], [ 465165.680847324023489, 2235257.306621800176799 ], [ 465272.201119660981931, 2235335.794859719928354 ], [ 465396.851174751995131, 2235409.106048199813813 ], [ 465496.155419861024711, 2235455.909451940096915 ], [ 465593.060824914020486, 2235434.373161070048809 ], [ 465672.316215195984114, 2235431.681858589872718 ], [ 466770.615199831023347, 2234377.192070960067213 ], [ 466990.130680488015059, 2234023.070733780041337 ], [ 467099.229222818976268, 2234001.12039658986032 ], [ 467268.333914196991827, 2233949.763948970008641 ], [ 467296.577839483972639, 2233884.945117569994181 ], [ 467337.494669753010385, 2233833.380178620107472 ], [ 467434.080229813989718, 2233802.731928669847548 ], [ 467526.008525290002581, 2233813.294518869835883 ], [ 468026.445925727020949, 2233463.318051239941269 ], [ 467988.926486491982359, 2233263.890062550082803 ], [ 467990.225375418027397, 2233127.00364955002442 ], [ 467956.224234514986165, 2233027.807213279884309 ], [ 467874.090236140007619, 2232948.490881610196084 ], [ 467792.595928360999096, 2232887.39846858009696 ], [ 467741.424540465988684, 2232820.71495966007933 ], [ 467713.999735980003607, 2232734.979439080227166 ], [ 467863.617304324987344, 2232502.963060390204191 ], [ 467885.673850246006623, 2232396.690579730086029 ], [ 467908.419100933009759, 2232250.42237306991592 ], [ 467899.709823844023049, 2232134.017091820016503 ], [ 467822.465151944023091, 2231986.959691449999809 ], [ 467763.706495497026481, 2231951.193555499892682 ], [ 467750.4612317730207, 2231936.434548319783062 ], [ 467718.998820920998696, 2231901.376435650046915 ], [ 467681.955318340973463, 2231845.172504850197583 ], [ 467660.240160697023384, 2231794.078021680004895 ], [ 467650.659944067010656, 2231771.085504250135273 ], [ 467647.782202280999627, 2231764.1789246997796 ], [ 467817.75289058702765, 2231504.879363560117781 ], [ 467839.524015859002247, 2231471.666323809884489 ], [ 467888.688974967983086, 2231396.662495510187 ], [ 467929.518579234019853, 2231250.842445129994303 ], [ 467974.236723250010982, 2231206.124294669833034 ], [ 468071.45007609098684, 2231036.973033600021154 ], [ 468110.33541520597646, 2230930.038329480215907 ], [ 468038.397524237981997, 2230865.877511910162866 ], [ 467773.97717955801636, 2230848.379119830206037 ], [ 467663.781717299018055, 2230796.137746769934893 ], [ 467596.076722814992536, 2230756.026431819889694 ], [ 467536.776568948989734, 2230694.782014600001276 ], [ 467476.504279421991669, 2230595.13831801014021 ], [ 467457.561707536980975, 2230528.635004969779402 ], [ 467400.085994895023759, 2230589.949928999878466 ], [ 467405.709515490976628, 2230608.385916729923338 ], [ 467406.216844881011639, 2230638.318258380051702 ], [ 467409.260819266026374, 2230780.877377020195127 ], [ 467379.328479313990101, 2230790.516607270110399 ], [ 467322.000441913027316, 2230875.240357039961964 ], [ 467289.024134873005096, 2230879.806309199891984 ], [ 467182.485297036997508, 2230900.099427840206772 ], [ 467066.81455932802055, 2230931.553759119939059 ], [ 466905.676433466025628, 2230971.594152660109103 ], [ 466849.969093288993463, 2231084.995733169838786 ], [ 466895.701002834015526, 2231179.577627810183913 ], [ 466814.672667944978457, 2231438.881597090046853 ], [ 466742.308595047972631, 2231581.183176550082862 ], [ 466695.623947466025129, 2231670.675950140226632 ], [ 466658.726617554028053, 2231708.612647079862654 ], [ 466626.506415868992917, 2231776.690827430225909 ], [ 466578.695791081001516, 2231823.462097750045359 ], [ 466546.475588280009106, 2231870.753047979902476 ], [ 466544.817247833998408, 2231872.288608360104263 ], [ 466524.183054869004991, 2231891.39508868008852 ], [ 466395.854026512010023, 2231863.323119889944792 ], [ 466263.514717590995133, 2231863.323127089999616 ], [ 466192.930862164997961, 2231865.283793670125306 ], [ 466119.144562628993299, 2231867.333417229820043 ], [ 466017.021615766978357, 2231907.911120180040598 ], [ 465979.054728658986278, 2231910.206236519850791 ], [ 465942.283636239997577, 2231899.840825759805739 ], [ 465808.634924339014105, 2231821.291564410086721 ], [ 465753.063250412989873, 2231817.586789079941809 ], [ 465703.048741639999207, 2231774.055645689833909 ], [ 465640.993700604012702, 2231677.731410809792578 ], [ 465618.765027332003228, 2231610.119206279981881 ], [ 465603.019717440998647, 2231568.440450179856271 ], [ 465582.643434843979776, 2231528.614083529915661 ], [ 465550.226623342023231, 2231496.19727435009554 ], [ 465510.400256586028263, 2231486.009135980159044 ], [ 465458.36967091797851, 2231520.931463410146534 ], [ 465414.774674232001416, 2231588.891023780219257 ], [ 465326.087551333010197, 2231711.074433960020542 ], [ 465266.663199145987164, 2231779.237671949900687 ], [ 465168.634485993999988, 2231891.682389639783651 ], [ 465107.505643494019751, 2231866.675138909835368 ], [ 465052.860160764015745, 2231803.693909259978682 ], [ 465025.420341309974901, 2231705.592731 ], [ 465010.450519096979406, 2231563.379491920117289 ], [ 464989.867016363015864, 2231417.423799450043589 ], [ 464943.086341866001021, 2231323.86246 ], [ 464823.327828567998949, 2231320.120013120118529 ], [ 464668.016011209983844, 2231394.96909565012902 ], [ 464422.885311482008547, 2231510.985173880122602 ], [ 464265.702266587002669, 2231570.864441869780421 ], [ 464200.528776118007954, 2231596.142579920124263 ], [ 464200.528772413555998, 2231596.142614038195461 ], [ 464200.528776117018424, 2231596.142611209768802 ] ] ] ] } },
{ "type": "Feature", "properties": { "ID": 52, "ENTIDAD": 13, "MUNICIPIO": 66, "NOMBRE": "TEZONTEPEC DE ALDAMA", "CONTROL": 64, "GEOMETRY1_": null, "ID_2": 1289, "ENTIDAD_2": 13, "DISTRITO_F": 5, "DISTRITO_L": 6, "MUNICIPIO_2": 66, "SECCION": 1318, "TIPO": 3, "CONTROL_2": 751, "GEOMETRY1__2": null }, "geometry": { "type": "MultiPolygon", "coordinates": [ [ [ [ 468268.923972803982906, 2223171.234279970172793 ], [ 467853.579088384984061, 2223585.272801789920777 ], [ 467416.225383914017584, 2224021.250920469872653 ], [ 467295.96766772097908, 2224141.130396530032158 ], [ 466181.378853845002595, 2225763.477664349600673 ], [ 466184.701249370991718, 2225858.12820196012035 ], [ 466212.445899732992984, 2225952.975682849995792 ], [ 466299.876854508009274, 2226009.305093360133469 ], [ 466404.637978989980184, 2226037.677555810194463 ], [ 466496.566275642020628, 2226048.240145970135927 ], [ 466577.101048470009118, 2226081.996681219898164 ], [ 466586.236147700983565, 2226168.353272459935397 ], [ 466523.012037368025631, 2226279.974041400011629 ], [ 466413.913493697007652, 2226301.924379 ], [ 466334.498179566988256, 2226300.059701750054955 ], [ 466242.729805618000682, 2226294.053091329988092 ], [ 466140.687366549973376, 2226343.132283969782293 ], [ 466101.049917257972993, 2226431.145061300136149 ], [ 466143.386544785986189, 2226593.918191169854254 ], [ 466212.847639098996297, 2226659.980630820151418 ], [ 466312.471730910008773, 2226715.895994740072638 ], [ 466411.296209366002586, 2226749.031460139900446 ], [ 466426.20803184597753, 2226826.069068599957973 ], [ 466479.778260395978577, 2226961.092273630201817 ], [ 466542.023327401024289, 2226995.469878620002419 ], [ 466628.334823336976115, 2227019.907431160099804 ], [ 466744.329548779001925, 2227020.52996888011694 ], [ 466829.521586055983789, 2227013.075663520023227 ], [ 466909.416668084973935, 2227028.608279949985445 ], [ 467012.578565740026534, 2227011.42094543017447 ], [ 467056.374004348006565, 2227041.863640539813787 ], [ 467115.401110657025129, 2227158.455903510097414 ], [ 467142.34614750900073, 2227230.523485720157623 ], [ 467181.164476156991441, 2227293.065062010195106 ], [ 467303.895460753992666, 2227311.704495389945805 ], [ 467376.574515552027151, 2227295.552277219947428 ], [ 467479.89633583597606, 2227282.920922480057925 ], [ 467530.587956260016654, 2227335.936492870096117 ], [ 467635.029235146008432, 2227355.196996080223471 ], [ 467751.503728497016709, 2227369.487473099958152 ], [ 467790.322057074983604, 2227432.02904941001907 ], [ 467787.583864300977439, 2227527.911646380089223 ], [ 467771.053307835012674, 2227578.648492840118706 ], [ 467705.910125538008288, 2227635.597505010198802 ], [ 467615.261210403987207, 2227661.482752290088683 ], [ 467549.798182811995503, 2227709.319805069826543 ], [ 467467.484753478027415, 2227798.781744900159538 ], [ 467454.632418203982525, 2227954.306124390102923 ], [ 467503.22553647501627, 2228121.42821038980037 ], [ 467544.122859585972037, 2228243.197522650007159 ], [ 467626.256858644017484, 2228322.513854870107025 ], [ 467848.592426787014119, 2228570.402903929818422 ], [ 468166.214666680025402, 2228924.530116850044578 ], [ 468737.716251232021023, 2230077.405874010175467 ], [ 468980.420518296014052, 2230383.901588909793645 ], [ 469598.211987346003298, 2230379.483570950105786 ], [ 469670.874282262986526, 2230357.999470110051334 ], [ 469700.674101479991805, 2230349.756965009961277 ], [ 469840.796655531972647, 2230307.910401260014623 ], [ 469876.034153613029048, 2230298.271442150231451 ], [ 469932.515024240012281, 2230282.821514320094138 ], [ 469982.187287189008202, 2230269.234031179919839 ], [ 470030.503135411010589, 2230255.494873819872737 ], [ 470072.342990699980874, 2230243.597238219808787 ], [ 470119.6628645019955, 2230230.141297440044582 ], [ 470218.613110876001883, 2230207.652599160093814 ], [ 470303.16285926301498, 2230194.612038140185177 ], [ 470361.976473734015599, 2230185.540899040177464 ], [ 470382.747504032973666, 2230180.421692010015249 ], [ 470499.427216425014194, 2230151.664928629994392 ], [ 470528.914164033019915, 2230144.397605480160564 ], [ 470585.792137697979342, 2230130.379517870023847 ], [ 470631.766940728994086, 2230118.480154269840568 ], [ 470639.685427860997152, 2230116.430662999860942 ], [ 470687.112060218001716, 2230097.640546530019492 ], [ 470790.470313797006384, 2230056.075716529972851 ], [ 470873.588621941977181, 2230022.650245130062103 ], [ 470888.326367651985493, 2230016.723559319972992 ], [ 470906.938911713019479, 2230006.559374679811299 ], [ 470944.515653881011531, 2229986.038969499990344 ], [ 471052.012863749987446, 2229928.819310859777033 ], [ 471174.468863316986244, 2229863.637242400087416 ], [ 471206.411182041978464, 2229845.779694470111281 ], [ 471233.779691054020077, 2229830.479162740055472 ], [ 471343.496865323977545, 2229750.415267770178616 ], [ 471351.07684951700503, 2229744.88392719021067 ], [ 471414.480720976018347, 2229741.713730540126562 ], [ 471533.045959497976582, 2229711.913904219865799 ], [ 471657.317546917009167, 2229691.624658769927919 ], [ 471835.248625512991566, 2229673.881307530216873 ], [ 471929.954194210004061, 2229677.675794010050595 ], [ 472009.843073252995964, 2229695.428875150159001 ], [ 472083.391565476020332, 2229720.79042149009183 ], [ 472087.837641884980258, 2229788.08378823986277 ], [ 472084.56064859702019, 2229957.395108200144023 ], [ 472069.502633658004925, 2230061.681958029977977 ], [ 472086.172221586981323, 2230126.087184130214155 ], [ 472106.630352228006814, 2230161.699485609773546 ], [ 472122.156052982027177, 2230176.167507249861956 ], [ 472135.002946658991277, 2230121.582847889978439 ], [ 472119.132543174026068, 2230101.840510770212859 ], [ 472115.344000460987445, 2230089.71717408997938 ], [ 472115.344000463024713, 2230077.972691690083593 ], [ 472117.995980360021349, 2230063.955083650071174 ], [ 472119.890251716016792, 2230052.589455519802868 ], [ 472124.057648697984405, 2230036.677576129790395 ], [ 472126.737349639006425, 2230034.275085629895329 ], [ 472135.044422558974475, 2230026.827365079894662 ], [ 472155.881407471024431, 2230015.840591220185161 ], [ 472189.220583326998167, 2229999.928711830172688 ], [ 472242.328543960989919, 2229971.884154739789665 ], [ 472338.661618425976485, 2229927.774169520009309 ], [ 472395.38869029097259, 2229806.584496949799359 ], [ 472446.95875414198963, 2229663.047793219797313 ], [ 472458.132266330998391, 2229595.147197419777513 ], [ 472467.586775212024804, 2229505.759071529842913 ], [ 472452.115749878983479, 2229411.213939500041306 ], [ 472436.644724191981368, 2229308.933296599891037 ], [ 472432.347214550012723, 2229224.702178520150483 ], [ 472419.454694145999383, 2229161.958590989932418 ], [ 472412.578683727013413, 2229138.752058709971607 ], [ 472416.016683742986061, 2229034.752412499859929 ], [ 472459.851239614014048, 2228947.083287409972399 ], [ 472492.51228171098046, 2228892.075208690017462 ], [ 472545.801352965005208, 2228859.414160440210253 ], [ 472647.222489058971405, 2228807.844083489850163 ], [ 472703.090063960000407, 2228777.761538759805262 ], [ 472773.569158121012151, 2228732.20797165017575 ], [ 472804.362334560020827, 2228703.107915829867125 ], [ 472766.211949959979393, 2228687.474864829797298 ], [ 472699.11583663901547, 2228659.980595179833472 ], [ 472615.457902234978974, 2228711.704594099894166 ], [ 472581.831384230987169, 2228698.004902769811451 ], [ 472469.73117112001637, 2228652.334449559915811 ], [ 472517.407195381994825, 2228558.781482180114836 ], [ 472533.59904717997415, 2228404.059269660152495 ], [ 472547.991803169017658, 2228240.341579750180244 ], [ 472550.363110657024663, 2228131.811710949987173 ], [ 471788.323759578983299, 2228134.19498027022928 ], [ 471700.168087497993838, 2228204.359708299860358 ], [ 471548.594300333003048, 2228236.743434030096978 ], [ 472004.291299212025478, 2227672.092338710092008 ], [ 471829.409882394014858, 2227732.767768220044672 ], [ 471577.621446317993104, 2227764.94359460985288 ], [ 471537.734127159987111, 2227770.040760620031506 ], [ 471258.09158645698335, 2227802.343727020081133 ], [ 471043.752151003980543, 2227782.25366144021973 ], [ 470859.895558346994221, 2227761.128479829989374 ], [ 470663.52598328498425, 2227731.305385319981724 ], [ 470385.002901079016738, 2227795.500210009980947 ], [ 470010.392593157012016, 2227905.077667930163443 ], [ 469943.951462120981887, 2227924.512398090213537 ], [ 470575.693294834985863, 2226967.971027430146933 ], [ 470784.755283643025905, 2226837.713762550149113 ], [ 470915.361494269978721, 2226732.927698120009154 ], [ 471037.312374238972552, 2226555.4529815800488 ], [ 471142.093006975017488, 2226410.491192630026489 ], [ 471211.253764091990888, 2226294.107421250082552 ], [ 471266.462235132989008, 2226128.021919440012425 ], [ 471310.597027459996752, 2225994.242322030011564 ], [ 471398.546766910993028, 2225717.571167679969221 ], [ 471450.556785446999129, 2225460.366071389988065 ], [ 471430.847284646995831, 2225246.649071060121059 ], [ 471362.365235116973054, 2225034.588256389833987 ], [ 471345.709996211982798, 2224990.041914479807019 ], [ 471308.475162193994038, 2224890.453091050032526 ], [ 471235.17592504498316, 2224715.047137270215899 ], [ 471149.843473297019955, 2224544.611209619790316 ], [ 471051.358348509005737, 2224347.253450009971857 ], [ 470935.383131035021506, 2224173.296658659819514 ], [ 470787.805612045980524, 2223968.483125300146639 ], [ 470648.083810569019988, 2223813.578345720190555 ], [ 470436.162721618020441, 2223688.493723229970783 ], [ 470243.810719515022356, 2223599.235868940129876 ], [ 469994.670528217975516, 2223457.169467010069638 ], [ 469851.730765389977023, 2223384.479345900006592 ], [ 469659.538685752020683, 2223299.777471499983221 ], [ 469486.915693044022191, 2223250.902365299873054 ], [ 469143.748701980977785, 2223212.379889579955488 ], [ 469008.344811448012479, 2223180.486562999896705 ], [ 468848.554646475997288, 2223149.421329429838806 ], [ 468695.063188650994562, 2223122.702677390072495 ], [ 468560.896463394979946, 2223127.259563779924065 ], [ 468482.760530078026932, 2223161.842724119778723 ], [ 468399.647486741014291, 2223228.524765839800239 ], [ 468326.847336665028706, 2223240.114822729956359 ], [ 468268.923987656948157, 2223171.234265164006501 ], [ 468268.923972803982906, 2223171.234279970172793 ] ] ] ] } },
{ "type": "Feature", "properties": { "ID": 52, "ENTIDAD": 13, "MUNICIPIO": 66, "NOMBRE": "TEZONTEPEC DE ALDAMA", "CONTROL": 64, "GEOMETRY1_": null, "ID_2": 1290, "ENTIDAD_2": 13, "DISTRITO_F": 5, "DISTRITO_L": 6, "MUNICIPIO_2": 66, "SECCION": 1319, "TIPO": 3, "CONTROL_2": 882, "GEOMETRY1__2": null }, "geometry": { "type": "MultiPolygon", "coordinates": [ [ [ [ 473910.48218807001831, 2229158.116249300073832 ], [ 473942.326613627024926, 2229174.03846103977412 ], [ 474003.199390440015122, 2229203.257391919847578 ], [ 474047.509323724021669, 2229205.038165839854628 ], [ 474046.098907571984455, 2229210.57944012992084 ], [ 474044.589660572994035, 2229216.50900322990492 ], [ 474044.589660778001416, 2229221.38246545009315 ], [ 474044.589664514001925, 2229309.7855044901371 ], [ 474044.589666413026862, 2229354.710584669839591 ], [ 474044.589667750988156, 2229386.344880870077759 ], [ 474044.589668626023922, 2229407.090518020093441 ], [ 474231.69401461200323, 2229402.901606750208884 ], [ 474247.662030746985693, 2229567.316545799840242 ], [ 474562.270730437012389, 2229559.95149860996753 ], [ 474772.030602672020905, 2229567.544616159982979 ], [ 474837.944567763013765, 2229241.72432514000684 ], [ 474861.447298534971196, 2229216.654745650012046 ], [ 474909.252706678002141, 2229134.919720020145178 ], [ 474938.222351755015552, 2229040.453468520194292 ], [ 474938.820550374977756, 2229034.040285429917276 ], [ 474919.7071979320026, 2229022.94681278988719 ], [ 474904.844276949996129, 2229015.262469789944589 ], [ 474840.607223215978593, 2228866.635571849998087 ], [ 474804.053155045025051, 2228786.8440478798002 ], [ 474776.220228913996834, 2228726.089343870058656 ], [ 474671.827514161006548, 2228498.217202240135521 ], [ 474656.712913428025786, 2228467.358227720018476 ], [ 474621.62643125501927, 2228329.354422090109438 ], [ 474568.112611850025132, 2228190.001445959787816 ], [ 474350.279675754019991, 2227844.0977170499973 ], [ 474336.639808022009674, 2227822.438544690143317 ], [ 474144.829261081002187, 2227980.86678483011201 ], [ 474052.282564407971222, 2228057.306847909931093 ], [ 473894.948108404991217, 2228187.259144139941782 ], [ 473803.305338013975415, 2228262.952598379924893 ], [ 473552.82402059197193, 2228469.840671009849757 ], [ 473449.65574336698046, 2228575.488727959804237 ], [ 473318.372897042019758, 2228069.926427439786494 ], [ 473410.253073301981203, 2228002.499882610049099 ], [ 473376.864319577987771, 2227785.413544130045921 ], [ 472841.12041864002822, 2227689.28995661996305 ], [ 472823.930662247992586, 2227895.137135960161686 ], [ 472545.887347736977972, 2227972.999898760113865 ], [ 472418.37819367100019, 2227644.346821520011872 ], [ 472004.291299212025478, 2227672.092338710092008 ], [ 471548.594300333003048, 2228236.743434030096978 ], [ 471700.168087497993838, 2228204.359708299860358 ], [ 471788.323759578983299, 2228134.19498027022928 ], [ 472550.363110657024663, 2228131.811710949987173 ], [ 472547.991803169017658, 2228240.341579750180244 ], [ 472533.59904717997415, 2228404.059269660152495 ], [ 472517.407195381994825, 2228558.781482180114836 ], [ 472469.73117112001637, 2228652.334449559915811 ], [ 472581.831384230987169, 2228698.004902769811451 ], [ 472615.457902234978974, 2228711.704594099894166 ], [ 472699.11583663901547, 2228659.980595179833472 ], [ 472766.211949959979393, 2228687.474864829797298 ], [ 472804.362334560020827, 2228703.107915829867125 ], [ 472835.227201883972157, 2228713.431158510036767 ], [ 473018.958453756989911, 2228762.792157679796219 ], [ 472961.626032921019942, 2229013.94521059980616 ], [ 472958.361147095973138, 2229043.461570600047708 ], [ 472956.657261477026623, 2229058.865631869994104 ], [ 472969.74681858799886, 2229078.499966459814459 ], [ 473010.535438950988464, 2229093.337986030150205 ], [ 473016.411128528008703, 2229094.104320220183581 ], [ 473042.159064396983013, 2229097.462514889892191 ], [ 473096.634666784026194, 2229104.567439369857311 ], [ 473061.865323767007794, 2229167.448175129946321 ], [ 473143.028487235016655, 2229169.892829560209066 ], [ 473362.525365050008986, 2229165.778759879991412 ], [ 473387.716363980027381, 2229162.629883780144155 ], [ 473536.343258275999688, 2229157.591677379794419 ], [ 473560.274707419972401, 2229158.221451359800994 ], [ 473676.783078144013416, 2229158.851221379823983 ], [ 473785.734148907009512, 2229153.813016740139574 ], [ 473883.373173585976474, 2229153.95089265005663 ], [ 473902.204658054979518, 2229153.97748456010595 ], [ 473910.48218807001831, 2229158.116249300073832 ] ] ] ] } },
{ "type": "Feature", "properties": { "ID": 52, "ENTIDAD": 13, "MUNICIPIO": 66, "NOMBRE": "TEZONTEPEC DE ALDAMA", "CONTROL": 64, "GEOMETRY1_": null, "ID_2": 1291, "ENTIDAD_2": 13, "DISTRITO_F": 5, "DISTRITO_L": 6, "MUNICIPIO_2": 66, "SECCION": 1320, "TIPO": 2, "CONTROL_2": 2041, "GEOMETRY1__2": null }, "geometry": { "type": "MultiPolygon", "coordinates": [ [ [ [ 475353.641842038021423, 2228643.912155319936574 ], [ 475335.419035743980203, 2228581.297590400092304 ], [ 475326.017943435988855, 2228579.730741680134088 ], [ 475205.370592146005947, 2228612.634564760141075 ], [ 475141.261695214023348, 2228629.784715529996902 ], [ 475082.372967778996099, 2228645.538387840148062 ], [ 475056.519963931990787, 2228650.238934 ], [ 474902.185365204990376, 2228688.626727600116283 ], [ 474788.588833145971876, 2228719.963701960165054 ], [ 474776.220228913996834, 2228726.089343870058656 ], [ 474804.053155045025051, 2228786.8440478798002 ], [ 474840.607223215978593, 2228866.635571849998087 ], [ 474904.844276949996129, 2229015.262469789944589 ], [ 474919.7071979320026, 2229022.94681278988719 ], [ 474938.820550374977756, 2229034.040285429917276 ], [ 474938.222351755015552, 2229040.453468520194292 ], [ 474909.252706678002141, 2229134.919720020145178 ], [ 474861.447298534971196, 2229216.654745650012046 ], [ 474837.944567763013765, 2229241.72432514000684 ], [ 474874.437337746028788, 2229232.021791779901832 ], [ 475077.672152595012449, 2229257.451577510219067 ], [ 475068.901910929009318, 2229284.51001728978008 ], [ 474974.858008479001001, 2229880.109007339924574 ], [ 474948.336598775000311, 2229969.61876511014998 ], [ 474891.97860314999707, 2230122.116870929952711 ], [ 474918.775759354990441, 2230122.421284799929708 ], [ 475122.535627854987979, 2230124.735983020160347 ], [ 475433.936193172994535, 2230096.987409980036318 ], [ 475452.435236943012569, 2230100.070581119973212 ], [ 475470.93428036099067, 2230096.987407439853996 ], [ 475714.505019831005484, 2230072.322011560201645 ], [ 475729.874921686016023, 2230069.241408139932901 ], [ 475675.678224296018016, 2229809.107179069891572 ], [ 475598.818297035002615, 2229441.069362639915198 ], [ 475585.933881354983896, 2229282.11422407021746 ], [ 475583.07790134899551, 2229238.212550180032849 ], [ 475483.230374365986791, 2228867.705823469907045 ], [ 475511.794940727995709, 2228770.85860281996429 ], [ 475499.779076657025144, 2228761.793056969996542 ], [ 475498.323797771008685, 2228755.64935891982168 ], [ 475495.854065262014046, 2228745.222978829871863 ], [ 475549.309125249972567, 2228706.198583260178566 ], [ 475598.066089219006244, 2228667.576880020089447 ], [ 475623.199879141990095, 2228652.868487940169871 ], [ 475613.181479196005967, 2228620.888184450101107 ], [ 475591.192972093995195, 2228626.543221259955317 ], [ 475470.492714273976162, 2228633.255753980018198 ], [ 475460.935566211992409, 2228631.099695949815214 ], [ 475449.939196153020021, 2228631.531848039943725 ], [ 475406.344737877021544, 2228635.656761900056154 ], [ 475379.781412180978805, 2228638.170187559910119 ], [ 475363.74294684297638, 2228641.277511959895492 ], [ 475353.641842038021423, 2228643.912155319936574 ] ] ] ] } },
{ "type": "Feature", "properties": { "ID": 52, "ENTIDAD": 13, "MUNICIPIO": 66, "NOMBRE": "TEZONTEPEC DE ALDAMA", "CONTROL": 64, "GEOMETRY1_": null, "ID_2": 1297, "ENTIDAD_2": 13, "DISTRITO_F": 5, "DISTRITO_L": 6, "MUNICIPIO_2": 66, "SECCION": 1326, "TIPO": 2, "CONTROL_2": 849, "GEOMETRY1__2": null }, "geometry": { "type": "MultiPolygon", "coordinates": [ [ [ [ 467320.24367135000648, 2230054.92957261018455 ], [ 467237.650873633974697, 2230220.76661915006116 ], [ 467221.794643761008047, 2230273.266189749818295 ], [ 467213.892790846002754, 2230252.523828340228647 ], [ 467211.96753726497991, 2230102.354667920153588 ], [ 467223.519004168978427, 2229980.101568649988621 ], [ 467184.051461738010403, 2229826.081918850075454 ], [ 467119.555732414999511, 2229776.025535409804434 ], [ 467089.714425538026262, 2229766.399308749940246 ], [ 467058.91049334598938, 2229709.604563749860972 ], [ 467041.583283046027645, 2229706.716696199961007 ], [ 467000.190505009028129, 2229739.445874440018088 ], [ 466968.423956023994833, 2229794.315377139952034 ], [ 466947.246256962011103, 2229835.708159720059484 ], [ 466925.105934342020191, 2229862.661599989980459 ], [ 466898.152492869005073, 2229798.165872199926525 ], [ 466867.348556871991605, 2229671.099661009851843 ], [ 466836.544620239001233, 2229532.481975890230387 ], [ 466690.225954964000266, 2229499.752807720098644 ], [ 466636.973979399015661, 2229636.892310840077698 ], [ 466633.0492168989731, 2229646.999728890135884 ], [ 466578.765147601021454, 2229755.06055870000273 ], [ 466570.140576207020786, 2229778.904966980218887 ], [ 466508.753921170020476, 2229951.396431 ], [ 466417.434912530996371, 2229883.41450732992962 ], [ 466330.174526649003383, 2229821.520517359953374 ], [ 466275.729970477987081, 2229744.760754949878901 ], [ 466226.210115852009039, 2229733.221293639857322 ], [ 466117.096857317024842, 2229982.343449709936976 ], [ 466062.249408710980788, 2230143.034330599941313 ], [ 465995.595200750976801, 2230339.983089829795063 ], [ 465948.446472933981568, 2230501.745431589893997 ], [ 465926.848964429984335, 2230596.210128679871559 ], [ 465923.530480268003885, 2230617.892325739841908 ], [ 465858.867054812028073, 2230887.923631719779223 ], [ 465823.86144366802182, 2231020.336195889860392 ], [ 465938.51752726000268, 2231017.292222619988024 ], [ 465995.750483121024445, 2230792.937844050116837 ], [ 466004.028331393026747, 2230760.488506469875574 ], [ 466041.977305924985558, 2230602.942719160113484 ], [ 466067.886096403992269, 2230637.811002570204437 ], [ 466094.492569266003557, 2230670.024255 ], [ 466119.791892543027643, 2230690.340376770123839 ], [ 466188.790047237998806, 2230751.288742459844798 ], [ 466237.840920039976481, 2230803.707192 ], [ 466282.320881413004827, 2230875.485414729919285 ], [ 466336.476642267021816, 2230876.806284049991518 ], [ 466439.483337410027161, 2230879.318636959884316 ], [ 466381.601563523989171, 2231036.864425260107964 ], [ 466368.224181703000795, 2231094.913356259930879 ], [ 466359.092282143014017, 2231111.655174959916621 ], [ 466355.033660542976577, 2231126.875009919982404 ], [ 466329.278209267009515, 2231258.954646910075098 ], [ 466322.953148852975573, 2231291.390952319838107 ], [ 466299.953770094027277, 2231382.621846130117774 ], [ 466247.055200200993568, 2231614.915634220000356 ], [ 466195.382486558984965, 2231837.461666049901396 ], [ 466192.930862164997961, 2231865.283793670125306 ], [ 466263.514717590995133, 2231863.323127089999616 ], [ 466395.854026512010023, 2231863.323119889944792 ], [ 466524.183054869004991, 2231891.39508868008852 ], [ 466544.817247833998408, 2231872.288608360104263 ], [ 466546.475588280009106, 2231870.753047979902476 ], [ 466578.695791081001516, 2231823.462097750045359 ], [ 466626.506415868992917, 2231776.690827430225909 ], [ 466658.726617554028053, 2231708.612647079862654 ], [ 466695.623947466025129, 2231670.675950140226632 ], [ 466742.308595047972631, 2231581.183176550082862 ], [ 466814.672667944978457, 2231438.881597090046853 ], [ 466895.701002834015526, 2231179.577627810183913 ], [ 466849.969093288993463, 2231084.995733169838786 ], [ 466905.676433466025628, 2230971.594152660109103 ], [ 467066.81455932802055, 2230931.553759119939059 ], [ 467182.485297036997508, 2230900.099427840206772 ], [ 467289.024134873005096, 2230879.806309199891984 ], [ 467322.000441913027316, 2230875.240357039961964 ], [ 467379.328479313990101, 2230790.516607270110399 ], [ 467409.260819266026374, 2230780.877377020195127 ], [ 467406.216844881011639, 2230638.318258380051702 ], [ 467405.709515490976628, 2230608.385916729923338 ], [ 467400.085994895023759, 2230589.949928999878466 ], [ 467457.561707536980975, 2230528.635004969779402 ], [ 467463.05927506898297, 2230522.841350830160081 ], [ 467469.929383540991694, 2230515.601233790162951 ], [ 467565.655529733980075, 2230367.757496079895645 ], [ 467320.24367135000648, 2230054.92957261018455 ] ] ] ] } },
{ "type": "Feature", "properties": { "ID": 52, "ENTIDAD": 13, "MUNICIPIO": 66, "NOMBRE": "TEZONTEPEC DE ALDAMA", "CONTROL": 64, "GEOMETRY1_": null, "ID_2": 1292, "ENTIDAD_2": 13, "DISTRITO_F": 5, "DISTRITO_L": 6, "MUNICIPIO_2": 66, "SECCION": 1321, "TIPO": 4, "CONTROL_2": 745, "GEOMETRY1__2": null }, "geometry": { "type": "MultiPolygon", "coordinates": [ [ [ [ 462756.321639907022472, 2234734.054398550186306 ], [ 462663.329173544014338, 2234847.059287659823895 ], [ 462606.104408388026059, 2235024.474626970011741 ], [ 462574.709895911975764, 2235092.590813839808106 ], [ 462573.340164117980748, 2235197.63603607006371 ], [ 462541.588330317987129, 2235293.155324370134622 ], [ 462479.871269414026756, 2235347.178393720183522 ], [ 462398.245537067006808, 2235524.280479480046779 ], [ 462378.396422407589853, 2235642.792293011210859 ], [ 462413.389924111019354, 2235766.576118140015751 ], [ 462459.809716444986407, 2235949.889967800118029 ], [ 462489.17940797097981, 2236037.058022390119731 ], [ 462534.825004030019045, 2236279.74525834992528 ], [ 462534.825002448575106, 2236279.745280572213233 ], [ 462534.825004030019045, 2236279.745288980193436 ], [ 462527.355032127699815, 2236384.712173766456544 ], [ 462556.367400587012526, 2236499.283322980161756 ], [ 462609.602077307004947, 2236627.869283009786159 ], [ 462663.194075345993042, 2236729.052141619846225 ], [ 462735.622780814999714, 2236789.365288230124861 ], [ 462753.208863548003137, 2236844.406431059818715 ], [ 462794.600377929979004, 2236945.432662949897349 ], [ 462842.032580546976533, 2237051.104391740169376 ], [ 462944.962494987004902, 2237111.809105120133609 ], [ 462944.962477732507978, 2237111.80912545369938 ], [ 462944.962494987004902, 2237111.809135629795492 ], [ 462533.174074494978413, 2237597.080999040044844 ], [ 462505.84120754536707, 2237629.291402793023735 ], [ 462583.763829237024765, 2237673.59769179020077 ], [ 462698.179584503988735, 2237789.265234460122883 ], [ 462746.266876204987057, 2237844.697943990118802 ], [ 462819.17200999497436, 2237868.473622050136328 ], [ 462922.161477860005107, 2237924.611151800025254 ], [ 462976.051243528025225, 2238002.958092470187694 ], [ 463042.022385657997802, 2238090.596026950050145 ], [ 463126.949342317995615, 2238128.229882420040667 ], [ 463229.998363672988489, 2238179.800228650216013 ], [ 463314.984873872017488, 2238212.866900589782745 ], [ 463405.297429541999009, 2238305.385272089857608 ], [ 463453.444274702982511, 2238356.250798069871962 ], [ 463574.436699987971224, 2238435.459185739979148 ], [ 463671.44503302697558, 2238482.384035100229084 ], [ 463731.018165389017668, 2238592.779573979787529 ], [ 463809.963987281022128, 2238621.200749049894512 ], [ 463863.8537527769804, 2238699.547689700033516 ], [ 463887.004095046024304, 2238795.771797710098326 ], [ 463903.279999153979588, 2238951.290978460106999 ], [ 463951.367290657013655, 2239006.723687979858369 ], [ 463980.558321118005551, 2239107.593292859848589 ], [ 464003.649109784979373, 2239208.38458435004577 ], [ 464063.877331259020139, 2239268.541104140225798 ], [ 464081.106092392990831, 2239350.985348059795797 ], [ 464183.857345624011941, 2239425.391612070146948 ], [ 464293.06616202602163, 2239472.473088200204074 ], [ 464383.557378076016903, 2239551.289909029845148 ], [ 464765.224205113016069, 2239569.253901519812644 ], [ 464825.327076326007955, 2239459.144977970048785 ], [ 464885.739854059997015, 2239385.633447949774563 ], [ 464989.262828451988753, 2239357.646939780097455 ], [ 465062.192030855978373, 2239320.669454710092396 ], [ 465092.747064538998529, 2239325.085757430177182 ], [ 465153.121104009973351, 2239246.999553219880909 ], [ 465195.4952727460186, 2239205.605765440035611 ], [ 465262.476169345027301, 2239186.958651449996978 ], [ 465335.676539949025027, 2239182.003885750193149 ], [ 465433.483638402016368, 2239199.795793879777193 ], [ 465531.639381619985215, 2239258.759769760072231 ], [ 465604.646060684986878, 2239230.931633130181581 ], [ 465720.065646836999804, 2239166.284382950048894 ], [ 465793.266017448971979, 2239161.329617309849709 ], [ 465884.659950378001668, 2239142.555806240066886 ], [ 465952.183183269982692, 2239187.954131039790809 ], [ 466050.106496619991958, 2239219.470061840023845 ], [ 466111.720161931996699, 2239287.773431899957359 ], [ 466202.842926731973421, 2239236.976901529822499 ], [ 466318.378727852017619, 2239186.053674039896578 ], [ 466409.385277781984769, 2239121.533121109940112 ], [ 466562.044231312000193, 2239129.890612499788404 ], [ 466641.502814212988596, 2239143.202869459986687 ], [ 467073.362153419002425, 2238967.116376429796219 ], [ 467140.8853862460237, 2239012.514701379928738 ], [ 467208.563572240993381, 2239076.211723110172898 ], [ 467263.996501776971854, 2239135.397419179789722 ], [ 467325.338998906023335, 2239171.678070019930601 ], [ 467404.913796668988653, 2239198.714349660091102 ], [ 467484.372379543026909, 2239212.026606719940901 ], [ 467581.94704818201717, 2239202.370470019988716 ], [ 467655.418586854997557, 2239229.438423960004002 ], [ 467716.373701033997349, 2239219.972332890145481 ], [ 467819.81919900799403, 2239182.836476789787412 ], [ 467880.348192001983989, 2239123.048969599884003 ], [ 468136.258952082018368, 2239071.39723432995379 ], [ 468234.066050482972059, 2239089.189142900053412 ], [ 468283.008337968029082, 2239102.659771389793605 ], [ 468374.441009272995871, 2239088.460634869989008 ], [ 468416.970131387002766, 2239065.365544070024043 ], [ 468496.080069685995113, 2239037.50573351001367 ], [ 468587.512737453856971, 2239023.306597581598908 ], [ 468580.944622507027816, 2238968.442211179994047 ], [ 468525.782861080020666, 2238941.279234350193292 ], [ 468324.726095044985414, 2238744.044730619993061 ], [ 468232.862226846977137, 2238703.385788590181619 ], [ 468152.464318627025932, 2238575.603224060032517 ], [ 468047.19747113698395, 2238392.996580800041556 ], [ 467966.528380132978782, 2238233.144030880182981 ], [ 467836.586295193003025, 2238018.620441219769418 ], [ 467836.586308386060409, 2238018.620432619005442 ], [ 467836.586295193992555, 2238018.620410840027034 ], [ 468255.270554832008202, 2237745.676325640175492 ], [ 468553.019272299017757, 2237601.77737704012543 ], [ 468692.993923067988362, 2237559.664564540144056 ], [ 468851.581537880992983, 2237554.088384700007737 ], [ 468991.866111713985447, 2237548.626984130125493 ], [ 469126.204633397981524, 2237561.529549269936979 ], [ 469248.534829639014788, 2237597.415766329970211 ], [ 469376.694856896996498, 2237601.193738299887627 ], [ 469468.597465562983416, 2237646.434107060078532 ], [ 469566.60108787700301, 2237691.636216090060771 ], [ 469640.239395911979955, 2237741.572790559846908 ], [ 469744.072849244985264, 2237754.66665450995788 ], [ 469749.498204962990712, 2237687.084804649930447 ], [ 469760.632573437003884, 2237548.387683580163866 ], [ 469776.876359812973533, 2237512.386970260180533 ], [ 469814.534446701989509, 2237428.926257390063256 ], [ 469868.86246408399893, 2237359.8605225100182 ], [ 469874.421112535987049, 2237295.682291990146041 ], [ 469891.910605713026598, 2237199.357556589879096 ], [ 469927.7418802640168, 2237107.499468460213393 ], [ 469982.302339915011544, 2237065.922292479779571 ], [ 470048.987346164009068, 2237015.105744060128927 ], [ 470109.338896533998195, 2236936.838896450120956 ], [ 470175.404056885978207, 2236812.71952422009781 ], [ 470211.596128356992267, 2236700.130586630199105 ], [ 470265.989493052999023, 2236702.191392519976944 ], [ 470382.567339049011935, 2236779.348707989789546 ], [ 470505.129977584991138, 2236842.723484269808978 ], [ 470762.341060816019308, 2236955.652237980160862 ], [ 470779.141380970017053, 2237020.630831940099597 ], [ 470800.186834517982788, 2237102.028327240142971 ], [ 470862.715010836021975, 2237078.083084030076861 ], [ 471006.962712984008249, 2237022.843246359843761 ], [ 471122.378347937017679, 2236962.557767299935222 ], [ 471231.692969247000292, 2236902.310547969769686 ], [ 471086.591669523972087, 2236306.074636490084231 ], [ 471089.505440082983114, 2234650.183794059790671 ], [ 470981.066096786991693, 2234517.023799240123481 ], [ 470667.909463168994989, 2234379.53314433991909 ], [ 469899.384849284018856, 2233994.034814659971744 ], [ 469838.347628107003402, 2233958.28273764019832 ], [ 469724.451406477019191, 2233843.553684739861637 ], [ 469534.978015017986763, 2233836.303465890232474 ], [ 469455.402779218973592, 2233829.88280858984217 ], [ 469364.274096986977383, 2233842.100116369780153 ], [ 469285.658397043996956, 2233863.015337009914219 ], [ 469176.399931962019764, 2233880.409694170113653 ], [ 468998.160141644009855, 2233845.409551090095192 ], [ 468854.74061320401961, 2233759.051492440048605 ], [ 468671.22337546601193, 2233573.704020829871297 ], [ 468507.595069620991126, 2233433.295276059769094 ], [ 468437.654208382009529, 2233353.564897890202701 ], [ 468366.753811226983089, 2233246.498641760088503 ], [ 468231.989613484009169, 2233232.82923447014764 ], [ 468110.198658269015141, 2233414.859929239843041 ], [ 468026.445925727020949, 2233463.318051239941269 ], [ 467526.008525290002581, 2233813.294518869835883 ], [ 467434.080229813989718, 2233802.731928669847548 ], [ 467337.494669753010385, 2233833.380178620107472 ], [ 467296.577839483972639, 2233884.945117569994181 ], [ 467268.333914196991827, 2233949.763948970008641 ], [ 467099.229222818976268, 2234001.12039658986032 ], [ 466990.130680488015059, 2234023.070733780041337 ], [ 466770.615199831023347, 2234377.192070960067213 ], [ 465672.316215195984114, 2235431.681858589872718 ], [ 465593.060824914020486, 2235434.373161070048809 ], [ 465496.155419861024711, 2235455.909451940096915 ], [ 465396.851174751995131, 2235409.106048199813813 ], [ 465272.201119660981931, 2235335.794859719928354 ], [ 465165.680847324023489, 2235257.306621800176799 ], [ 465085.625843655026983, 2235237.218026139773428 ], [ 464988.240670568018686, 2235245.086378159932792 ], [ 464901.289485033019446, 2235202.424907589796931 ], [ 464790.91156159597449, 2235187.927407990209758 ], [ 464652.129790522973053, 2235233.692760140169412 ], [ 464549.447662345017307, 2235264.548033719882369 ], [ 464390.297191037971061, 2235251.7067204201594 ], [ 463744.841038597980514, 2235469.765336280222982 ], [ 462756.32164844032377, 2234734.054374061059207 ], [ 462756.321639907022472, 2234734.054398550186306 ] ] ] ] } },
{ "type": "Feature", "properties": { "ID": 52, "ENTIDAD": 13, "MUNICIPIO": 66, "NOMBRE": "TEZONTEPEC DE ALDAMA", "CONTROL": 64, "GEOMETRY1_": null, "ID_2": 1293, "ENTIDAD_2": 13, "DISTRITO_F": 5, "DISTRITO_L": 6, "MUNICIPIO_2": 66, "SECCION": 1322, "TIPO": 4, "CONTROL_2": 746, "GEOMETRY1__2": null }, "geometry": { "type": "MultiPolygon", "coordinates": [ [ [ [ 474816.813630725024268, 2237298.27443645009771 ], [ 474745.372008566977456, 2237213.414565150160342 ], [ 474673.930386385007296, 2237128.554693850222975 ], [ 474654.233816661988385, 2237084.784541959874332 ], [ 474634.537246935011353, 2237041.014390060212463 ], [ 474595.144107474014163, 2236953.474086259957403 ], [ 474546.996934918977786, 2236795.90153844980523 ], [ 474533.865882946003694, 2236633.951973909977823 ], [ 474509.768338816007599, 2236507.4398905900307 ], [ 474498.84975456201937, 2236450.117333840113133 ], [ 474424.440492426976562, 2236318.806878650095314 ], [ 474367.539293028996326, 2236244.397621309850365 ], [ 474301.884064143989235, 2236187.49642542982474 ], [ 474205.589730083011091, 2236143.726276659872383 ], [ 474118.049426211975515, 2236099.956127540208399 ], [ 474061.885524103010539, 2236016.038347709923983 ], [ 474028.954806656984147, 2235989.358024749904871 ], [ 473883.09643595997477, 2235871.184212060179561 ], [ 473760.643871268024668, 2235826.070954029913992 ], [ 473681.069073332007974, 2235799.034673430025578 ], [ 473674.423478745971806, 2235735.020908560138196 ], [ 473674.423481667821761, 2235735.020906023681164 ], [ 473674.423478743992746, 2235735.020877860020846 ], [ 473393.005527135974262, 2235857.62677907012403 ], [ 472791.571358503017109, 2236015.546154220122844 ], [ 471086.591669523972087, 2236306.074636490084231 ], [ 471231.692969247000292, 2236902.310547969769686 ], [ 471316.990939519018866, 2236888.030632430221885 ], [ 471475.462333457020577, 2236868.710173789877445 ], [ 471615.708167119009886, 2236858.667347310110927 ], [ 471798.506135034025647, 2236830.030996909830719 ], [ 471908.440602150978521, 2236843.086601519957185 ], [ 472048.686435826006345, 2236833.043775139842182 ], [ 472176.497800038021524, 2236795.588909280020744 ], [ 472359.218287292984314, 2236757.789706060197204 ], [ 473133.039774338016286, 2236633.813634720165282 ], [ 473560.556835974974092, 2237405.434791950043291 ], [ 473866.952680303016677, 2237388.987152750138193 ], [ 473991.079370136023499, 2237382.323906340170652 ], [ 474056.001473787997384, 2237378.838822070043534 ], [ 474061.681950305995997, 2237378.849221299868077 ], [ 474872.440230220439844, 2237380.33347391244024 ], [ 474816.813630725024268, 2237298.27443645009771 ] ] ] ] } },
{ "type": "Feature", "properties": { "ID": 52, "ENTIDAD": 13, "MUNICIPIO": 66, "NOMBRE": "TEZONTEPEC DE ALDAMA", "CONTROL": 64, "GEOMETRY1_": null, "ID_2": 1294, "ENTIDAD_2": 13, "DISTRITO_F": 5, "DISTRITO_L": 6, "MUNICIPIO_2": 66, "SECCION": 1323, "TIPO": 4, "CONTROL_2": 747, "GEOMETRY1__2": null }, "geometry": { "type": "MultiPolygon", "coordinates": [ [ [ [ 473806.951958085002843, 2235528.463736 ], [ 473793.530434947984759, 2235487.376480909995735 ], [ 473793.530444518662989, 2235487.376479481812567 ], [ 473793.530434946995229, 2235487.376450180076063 ], [ 473826.054807009000797, 2235482.523181320168078 ], [ 473908.379378378973342, 2235470.23875419003889 ], [ 474018.88534661300946, 2233883.83846544008702 ], [ 475212.560018452990334, 2233613.758804730139673 ], [ 475422.769677100994159, 2233566.194689420051873 ], [ 476546.040971928974614, 2233304.44523649988696 ], [ 476564.484136572980788, 2233144.797509570140392 ], [ 476631.318982481199782, 2232566.261698051355779 ], [ 476583.517746197991073, 2232487.899820430204272 ], [ 476519.951125730993226, 2232383.693316159769893 ], [ 476465.872837033995893, 2232130.523605879861861 ], [ 476465.872830143256579, 2232130.523575896862894 ], [ 475978.583926825027447, 2232217.299638519994915 ], [ 475485.216135477006901, 2232313.950300429947674 ], [ 475135.700457334984094, 2232402.734044149983674 ], [ 475125.044471803994384, 2232405.31812833994627 ], [ 474993.483590779011138, 2232437.221737009938806 ], [ 474661.482310558028985, 2232524.354580380022526 ], [ 474594.52171407599235, 2232524.07441325020045 ], [ 474502.626000215997919, 2232527.156285610049963 ], [ 474413.531985401001293, 2232540.884612959809601 ], [ 474321.356102586025372, 2232565.539565419778228 ], [ 474122.435505633009598, 2232647.069006139878184 ], [ 474035.022510565991979, 2232674.245487280189991 ], [ 473905.303867120004725, 2232711.227915689814836 ], [ 473847.308707059011795, 2232731.960488580167294 ], [ 473814.469132045982406, 2232733.358474770095199 ], [ 473673.402681949024554, 2232890.882697179913521 ], [ 473693.099266635021195, 2232891.0256491699256 ], [ 473691.247817143972497, 2232951.113589259795845 ], [ 473772.587310535018332, 2233001.962529940064996 ], [ 473775.261783935013227, 2233143.709305809810758 ], [ 473771.148795626009814, 2233401.000513750128448 ], [ 473676.262440367019735, 2233437.457087180111557 ], [ 473660.863034200971015, 2233438.529115899931639 ], [ 473660.478750245994888, 2233455.644565409980714 ], [ 473656.132705292024184, 2233649.211098089814186 ], [ 473653.008486505015753, 2233795.918068389873952 ], [ 473651.896210672974121, 2233848.148282790090889 ], [ 473651.067201723984908, 2233874.821273010224104 ], [ 473646.164049634011462, 2233990.317865650169551 ], [ 473640.487228143028915, 2234124.038690030109137 ], [ 473609.922864318999927, 2234943.399725249968469 ], [ 473604.427860186027829, 2234948.766955050174147 ], [ 473576.444042726012412, 2234976.100069839973003 ], [ 473514.985330785973929, 2234926.095395459793508 ], [ 473453.836524836020544, 2234912.688114900141954 ], [ 473325.280700800009072, 2234867.606531099881977 ], [ 473202.789397615008056, 2234817.918598880060017 ], [ 473135.033735245000571, 2234745.072227589786053 ], [ 473067.161858098988887, 2234658.501833620015532 ], [ 472987.309470577980392, 2234515.536609020084143 ], [ 472949.894769272999838, 2234515.863332489971071 ], [ 472696.280838156992104, 2234518.078013429883868 ], [ 472639.940163937979378, 2234522.710228209849447 ], [ 471089.505440082983114, 2234650.183794059790671 ], [ 471086.591669523972087, 2236306.074636490084231 ], [ 472791.571358503017109, 2236015.546154220122844 ], [ 473393.005527135974262, 2235857.62677907012403 ], [ 473674.423478743992746, 2235735.020877860020846 ], [ 473759.249294353998266, 2235661.382651379797608 ], [ 473807.455555044172797, 2235587.934470551088452 ], [ 473806.951958085002843, 2235528.463736 ] ] ] ] } },
{ "type": "Feature", "properties": { "ID": 52, "ENTIDAD": 13, "MUNICIPIO": 66, "NOMBRE": "TEZONTEPEC DE ALDAMA", "CONTROL": 64, "GEOMETRY1_": null, "ID_2": 1295, "ENTIDAD_2": 13, "DISTRITO_F": 5, "DISTRITO_L": 6, "MUNICIPIO_2": 66, "SECCION": 1324, "TIPO": 4, "CONTROL_2": 748, "GEOMETRY1__2": null }, "geometry": { "type": "MultiPolygon", "coordinates": [ [ [ [ 467650.659944067010656, 2231771.085504250135273 ], [ 467660.240160697023384, 2231794.078021680004895 ], [ 467681.955318340973463, 2231845.172504850197583 ], [ 467718.998820920998696, 2231901.376435650046915 ], [ 467750.4612317730207, 2231936.434548319783062 ], [ 467763.706495497026481, 2231951.193555499892682 ], [ 467822.465151944023091, 2231986.959691449999809 ], [ 467899.709823844023049, 2232134.017091820016503 ], [ 467908.419100933009759, 2232250.42237306991592 ], [ 467885.673850246006623, 2232396.690579730086029 ], [ 467863.617304324987344, 2232502.963060390204191 ], [ 467713.999735980003607, 2232734.979439080227166 ], [ 467741.424540465988684, 2232820.71495966007933 ], [ 467792.595928360999096, 2232887.39846858009696 ], [ 467874.090236140007619, 2232948.490881610196084 ], [ 467956.224234514986165, 2233027.807213279884309 ], [ 467990.225375418027397, 2233127.00364955002442 ], [ 467988.926486491982359, 2233263.890062550082803 ], [ 468026.445925727020949, 2233463.318051239941269 ], [ 468110.198658269015141, 2233414.859929239843041 ], [ 468231.989613484009169, 2233232.82923447014764 ], [ 468366.753811226983089, 2233246.498641760088503 ], [ 468437.654208382009529, 2233353.564897890202701 ], [ 468507.595069620991126, 2233433.295276059769094 ], [ 468671.22337546601193, 2233573.704020829871297 ], [ 468854.74061320401961, 2233759.051492440048605 ], [ 468998.160141644009855, 2233845.409551090095192 ], [ 469176.399931962019764, 2233880.409694170113653 ], [ 469285.658397043996956, 2233863.015337009914219 ], [ 469364.274096986977383, 2233842.100116369780153 ], [ 469455.402779218973592, 2233829.88280858984217 ], [ 469534.978015017986763, 2233836.303465890232474 ], [ 469724.451406477019191, 2233843.553684739861637 ], [ 469838.347628107003402, 2233958.28273764019832 ], [ 469899.384849284018856, 2233994.034814659971744 ], [ 470667.909463168994989, 2234379.53314433991909 ], [ 470981.066096786991693, 2234517.023799240123481 ], [ 471117.608951708010864, 2234407.47473332984373 ], [ 471258.968994149006903, 2234261.270807010121644 ], [ 471309.999967563024256, 2234150.06408644001931 ], [ 471376.422530542011373, 2234129.562912499997765 ], [ 471429.372575511981267, 2234073.027947749942541 ], [ 471421.333195857994724, 2234049.561406929977238 ], [ 471392.849150178022683, 2234016.671524149831384 ], [ 471390.995976968028117, 2234003.347747569903731 ], [ 471406.74630718602566, 2233984.081265079788864 ], [ 471336.521656537021045, 2233939.64650274021551 ], [ 471168.089801953989081, 2233781.240362190175802 ], [ 471054.79932726098923, 2233652.911335859913379 ], [ 470944.224840786017012, 2233560.463819489814341 ], [ 470932.485719076008536, 2233550.649144500028342 ], [ 470808.166973895975389, 2233534.608021390158683 ], [ 470695.879078380996361, 2233590.751978040207177 ], [ 470637.729988015023991, 2233585.739127989858389 ], [ 470581.586036628985312, 2233537.615743789821863 ], [ 470547.854385212995112, 2233520.099944099783897 ], [ 469927.22517109697219, 2233493.139467840082943 ], [ 469789.661079477984458, 2233487.163607719819993 ], [ 469774.513128305028658, 2233489.934256980195642 ], [ 469772.283524770988151, 2233462.164650530088693 ], [ 469681.701315516023897, 2233381.703380660153925 ], [ 469633.928164180018939, 2233373.818891239818186 ], [ 469620.200462359003723, 2233371.514292940031737 ], [ 469608.522036487003788, 2233370.360293980222195 ], [ 469463.103192229988053, 2233353.019215660169721 ], [ 469491.375984587997664, 2233209.329574150033295 ], [ 469503.17222397698788, 2233196.94294798001647 ], [ 469510.142290676012635, 2233190.785429249983281 ], [ 469497.187402012990788, 2232958.622436889912933 ], [ 469497.762160210986622, 2232947.471658180002123 ], [ 469497.762159493984655, 2232933.011371599975973 ], [ 469497.762158730998635, 2232917.587065919768065 ], [ 469494.282837585022207, 2232909.693491329904646 ], [ 469501.571657200984191, 2232899.758888300042599 ], [ 469498.037320712988731, 2232853.934409699868411 ], [ 469480.406849901017267, 2232843.93170408019796 ], [ 469487.15511841501575, 2232830.203295830171555 ], [ 469464.711334956984501, 2232523.324568700045347 ], [ 469465.974860396003351, 2232492.707759580109268 ], [ 469577.096493732009549, 2232499.341881710104644 ], [ 469802.656824473000597, 2232520.902785399928689 ], [ 469958.558816962991841, 2232519.244245910085738 ], [ 470091.241361978987698, 2232481.098005730193108 ], [ 470177.005379420006648, 2232434.818219829816371 ], [ 470227.504973324015737, 2232399.378399610053748 ], [ 470263.075256248994265, 2232336.774692109785974 ], [ 470107.514526021026541, 2232069.286138440016657 ], [ 470071.944238441006746, 2232036.087205249816179 ], [ 469851.114742418983951, 2231777.132037200033665 ], [ 470217.884337682975456, 2231599.772912519983947 ], [ 470110.878218584985007, 2231548.679904989898205 ], [ 469981.9602358280099, 2231478.868728289846331 ], [ 469843.844929462007713, 2231404.077051819767803 ], [ 469673.213548269995954, 2231282.610652590170503 ], [ 469586.451828092976939, 2231202.597070890013129 ], [ 469506.43823989800876, 2231092.698896510060877 ], [ 469468.84149250597693, 2231018.469427039846778 ], [ 469436.064840067992918, 2230936.527804450131953 ], [ 469407.144261264009401, 2230801.56513069011271 ], [ 469369.475173527025618, 2230782.308383950032294 ], [ 469326.274822251987644, 2230738.069577740039676 ], [ 468980.420518296014052, 2230383.901588909793645 ], [ 468409.897803470026702, 2230525.892888680100441 ], [ 467680.936466087005101, 2230789.92425969010219 ], [ 467663.781717299018055, 2230796.137746769934893 ], [ 467773.97717955801636, 2230848.379119830206037 ], [ 468038.397524237981997, 2230865.877511910162866 ], [ 468110.33541520597646, 2230930.038329480215907 ], [ 468071.45007609098684, 2231036.973033600021154 ], [ 467974.236723250010982, 2231206.124294669833034 ], [ 467929.518579234019853, 2231250.842445129994303 ], [ 467888.688974967983086, 2231396.662495510187 ], [ 467839.524015859002247, 2231471.666323809884489 ], [ 467817.75289058702765, 2231504.879363560117781 ], [ 467647.782202280999627, 2231764.1789246997796 ], [ 467650.659944067010656, 2231771.085504250135273 ] ] ] ] } },
{ "type": "Feature", "properties": { "ID": 52, "ENTIDAD": 13, "MUNICIPIO": 66, "NOMBRE": "TEZONTEPEC DE ALDAMA", "CONTROL": 64, "GEOMETRY1_": null, "ID_2": 1302, "ENTIDAD_2": 13, "DISTRITO_F": 5, "DISTRITO_L": 6, "MUNICIPIO_2": 66, "SECCION": 1331, "TIPO": 2, "CONTROL_2": 880, "GEOMETRY1__2": null }, "geometry": { "type": "MultiPolygon", "coordinates": [ [ [ [ 476033.790432285983115, 2229759.729305829852819 ], [ 476159.976014051993843, 2229716.826200860086828 ], [ 476133.144885147979949, 2229287.848638690076768 ], [ 476106.478559889015742, 2229004.677660900168121 ], [ 476102.714779892005026, 2228999.612451639957726 ], [ 476184.798401577980258, 2229039.713873359840363 ], [ 476201.428597172023728, 2229028.072736440226436 ], [ 476200.446123865025584, 2228983.370201009791344 ], [ 476198.6845346710179, 2228903.217892699874938 ], [ 476198.385035486018751, 2228889.590679820161313 ], [ 476198.102558051003143, 2228876.737956520169973 ], [ 476198.793503083987162, 2228868.842573179863393 ], [ 476285.688254843989853, 2228856.781721809878945 ], [ 476273.492778075975366, 2228764.761306180153042 ], [ 476204.754636290017515, 2228764.761306180153042 ], [ 476210.327133380982559, 2228755.842852890025824 ], [ 476215.570865184010472, 2228744.396815029904246 ], [ 476191.36226575600449, 2228745.909852489829063 ], [ 476141.432029433024582, 2228739.857702639885247 ], [ 475753.900392326992005, 2228604.269184680189937 ], [ 475749.872823371028062, 2228589.988910339772701 ], [ 475739.777966052002739, 2228321.213606650009751 ], [ 475604.759392070001923, 2228336.35588263021782 ], [ 475587.948945786978584, 2228336.840350000187755 ], [ 475613.181479196005967, 2228620.888184450101107 ], [ 475623.199879141990095, 2228652.868487940169871 ], [ 475598.066089219006244, 2228667.576880020089447 ], [ 475549.309125249972567, 2228706.198583260178566 ], [ 475495.854065262014046, 2228745.222978829871863 ], [ 475498.323797771008685, 2228755.64935891982168 ], [ 475499.779076657025144, 2228761.793056969996542 ], [ 475511.794940727995709, 2228770.85860281996429 ], [ 475483.230374365986791, 2228867.705823469907045 ], [ 475583.07790134899551, 2229238.212550180032849 ], [ 475585.933881354983896, 2229282.11422407021746 ], [ 475598.818297035002615, 2229441.069362639915198 ], [ 475675.678224296018016, 2229809.107179069891572 ], [ 475686.755096302018501, 2229791.173873589839786 ], [ 475792.258212236978579, 2229772.286409299820662 ], [ 475904.811691093025729, 2229752.136769250035286 ], [ 475917.149938123009633, 2229755.937052929773927 ], [ 475872.506310908996966, 2229576.921388059854507 ], [ 475886.189372473978437, 2229567.075640379916877 ], [ 475951.259475215978455, 2229552.858639920130372 ], [ 475963.836049674020614, 2229549.577793749980628 ], [ 476013.600739429995883, 2229772.347865459974855 ], [ 476033.790432285983115, 2229759.729305829852819 ] ] ] ] } },
{ "type": "Feature", "properties": { "ID": 52, "ENTIDAD": 13, "MUNICIPIO": 66, "NOMBRE": "TEZONTEPEC DE ALDAMA", "CONTROL": 64, "GEOMETRY1_": null, "ID_2": 1298, "ENTIDAD_2": 13, "DISTRITO_F": 5, "DISTRITO_L": 6, "MUNICIPIO_2": 66, "SECCION": 1327, "TIPO": 2, "CONTROL_2": 850, "GEOMETRY1__2": null }, "geometry": { "type": "MultiPolygon", "coordinates": [ [ [ [ 466017.021615766978357, 2231907.911120180040598 ], [ 466119.144562628993299, 2231867.333417229820043 ], [ 466192.930862164997961, 2231865.283793670125306 ], [ 466195.382486558984965, 2231837.461666049901396 ], [ 466247.055200200993568, 2231614.915634220000356 ], [ 466299.953770094027277, 2231382.621846130117774 ], [ 466322.953148852975573, 2231291.390952319838107 ], [ 466329.278209267009515, 2231258.954646910075098 ], [ 466355.033660542976577, 2231126.875009919982404 ], [ 466359.092282143014017, 2231111.655174959916621 ], [ 466368.224181703000795, 2231094.913356259930879 ], [ 466381.601563523989171, 2231036.864425260107964 ], [ 466439.483337410027161, 2230879.318636959884316 ], [ 466336.476642267021816, 2230876.806284049991518 ], [ 466282.320881413004827, 2230875.485414729919285 ], [ 466237.840920039976481, 2230803.707192 ], [ 466188.790047237998806, 2230751.288742459844798 ], [ 466119.791892543027643, 2230690.340376770123839 ], [ 466094.492569266003557, 2230670.024255 ], [ 466067.886096403992269, 2230637.811002570204437 ], [ 466041.977305924985558, 2230602.942719160113484 ], [ 466004.028331393026747, 2230760.488506469875574 ], [ 465995.750483121024445, 2230792.937844050116837 ], [ 465938.51752726000268, 2231017.292222619988024 ], [ 465823.86144366802182, 2231020.336195889860392 ], [ 465858.867054812028073, 2230887.923631719779223 ], [ 465923.530480268003885, 2230617.892325739841908 ], [ 465926.848964429984335, 2230596.210128679871559 ], [ 465948.446472933981568, 2230501.745431589893997 ], [ 465995.595200750976801, 2230339.983089829795063 ], [ 466062.249408710980788, 2230143.034330599941313 ], [ 466117.096857317024842, 2229982.343449709936976 ], [ 466226.210115852009039, 2229733.221293639857322 ], [ 466275.729970477987081, 2229744.760754949878901 ], [ 466330.174526649003383, 2229821.520517359953374 ], [ 466417.434912530996371, 2229883.41450732992962 ], [ 466508.753921170020476, 2229951.396431 ], [ 466570.140576207020786, 2229778.904966980218887 ], [ 466578.765147601021454, 2229755.06055870000273 ], [ 466633.0492168989731, 2229646.999728890135884 ], [ 466636.973979399015661, 2229636.892310840077698 ], [ 466690.225954964000266, 2229499.752807720098644 ], [ 466689.628441460023168, 2229495.688758680131286 ], [ 466678.593113258015364, 2229336.042285480070859 ], [ 466775.580948863993399, 2229016.935184199828655 ], [ 466526.323233055009041, 2228925.439843669999391 ], [ 466575.121205396018922, 2228705.987820299807936 ], [ 466558.38362674502423, 2228713.601169679779559 ], [ 466056.476957515988033, 2228618.519776619970798 ], [ 466036.278006285021547, 2228601.933630580082536 ], [ 466029.625710821012035, 2228596.471171529963613 ], [ 466075.22371509502409, 2228942.302570260129869 ], [ 466064.684153366019018, 2229155.728943159803748 ], [ 466033.06544010102516, 2229287.473619140218943 ], [ 465997.494387510989327, 2229432.392762729898095 ], [ 465981.685030889988411, 2229498.26510069007054 ], [ 465946.245476542972028, 2229595.328275910113007 ], [ 465894.013274464989081, 2229691.435544290114194 ], [ 465767.95956088101957, 2229935.882291680201888 ], [ 465664.191585739026777, 2230118.346815859898925 ], [ 465497.74496524001006, 2230361.400706459768116 ], [ 465382.137688821996562, 2230524.365206370130181 ], [ 465370.298390180978458, 2230554.311673770193011 ], [ 465368.905533514975104, 2230593.311723549850285 ], [ 465279.762576293025631, 2230769.508381649851799 ], [ 465212.905363266996574, 2230987.490805970039219 ], [ 465193.405343268997967, 2231059.223041289951652 ], [ 465168.333884954976384, 2231080.115926450118423 ], [ 465141.869573150004726, 2231195.723218029830605 ], [ 465087.702002196980175, 2231277.66543375980109 ], [ 465007.789204571978189, 2231398.553847 ], [ 464989.867016363015864, 2231417.423799450043589 ], [ 465010.450519096979406, 2231563.379491920117289 ], [ 465025.420341309974901, 2231705.592731 ], [ 465052.860160764015745, 2231803.693909259978682 ], [ 465107.505643494019751, 2231866.675138909835368 ], [ 465168.634485993999988, 2231891.682389639783651 ], [ 465266.663199145987164, 2231779.237671949900687 ], [ 465326.087551333010197, 2231711.074433960020542 ], [ 465414.774674232001416, 2231588.891023780219257 ], [ 465458.36967091797851, 2231520.931463410146534 ], [ 465510.400256586028263, 2231486.009135980159044 ], [ 465550.226623342023231, 2231496.19727435009554 ], [ 465582.643434843979776, 2231528.614083529915661 ], [ 465603.019717440998647, 2231568.440450179856271 ], [ 465618.765027332003228, 2231610.119206279981881 ], [ 465640.993700604012702, 2231677.731410809792578 ], [ 465703.048741639999207, 2231774.055645689833909 ], [ 465753.063250412989873, 2231817.586789079941809 ], [ 465808.634924339014105, 2231821.291564410086721 ], [ 465942.283636239997577, 2231899.840825759805739 ], [ 465979.054728658986278, 2231910.206236519850791 ], [ 466017.021615766978357, 2231907.911120180040598 ] ] ] ] } },
{ "type": "Feature", "properties": { "ID": 52, "ENTIDAD": 13, "MUNICIPIO": 66, "NOMBRE": "TEZONTEPEC DE ALDAMA", "CONTROL": 64, "GEOMETRY1_": null, "ID_2": 1299, "ENTIDAD_2": 13, "DISTRITO_F": 5, "DISTRITO_L": 6, "MUNICIPIO_2": 66, "SECCION": 1328, "TIPO": 3, "CONTROL_2": 750, "GEOMETRY1__2": null }, "geometry": { "type": "MultiPolygon", "coordinates": [ [ [ [ 466181.378852772992104, 2225763.477665910031646 ], [ 464818.412251989997458, 2227725.886864409781992 ], [ 464371.520422707020771, 2227372.985718689858913 ], [ 464333.132364233024418, 2227509.531347460113466 ], [ 464201.096748840995133, 2227809.32088636001572 ], [ 463937.773942776024342, 2227883.595531489700079 ], [ 464046.770318926020991, 2228414.876756319776177 ], [ 464046.770318537077401, 2228414.87678614910692 ], [ 464046.770318927010521, 2228414.876788049936295 ], [ 464045.162372627994046, 2228538.190745939966291 ], [ 464037.751953785598744, 2228638.590451816562563 ], [ 464041.834579068003222, 2228668.838764070067555 ], [ 464048.880471853015479, 2228720.956372589804232 ], [ 464068.025771341985092, 2228835.825192930176854 ], [ 464068.025767107494175, 2228835.825199181213975 ], [ 464068.02577134402236, 2228835.825224599801004 ], [ 464063.096138419001363, 2228843.102320440113544 ], [ 464049.567236938979477, 2228863.128269049804658 ], [ 464040.755408698983956, 2228876.162334090098739 ], [ 463775.865982340998016, 2229221.502776959910989 ], [ 463712.525421168014873, 2229717.019008589908481 ], [ 463709.369082606805023, 2229959.079713745042682 ], [ 463713.218894193996675, 2230015.466083379928023 ], [ 463829.70633773697773, 2230000.9051454202272 ], [ 463887.370675667014439, 2230047.625802999828011 ], [ 463887.370672563905828, 2230047.625831984914839 ], [ 463887.370675668003969, 2230047.625834499951452 ], [ 463867.1308870150242, 2230236.679757259786129 ], [ 463836.072043765685521, 2230440.35613621911034 ], [ 463922.49008566502016, 2230540.419124260079116 ], [ 463954.328317227016669, 2230647.3045973200351 ], [ 463963.424960220989306, 2230770.109184970147908 ], [ 463963.42495814699214, 2230770.109188370872289 ], [ 463963.424960220989306, 2230770.109216370154172 ], [ 463857.676579291000962, 2230943.513849299866706 ], [ 463799.685529692971613, 2231004.347606990020722 ], [ 463715.541649824008346, 2231024.815043279901147 ], [ 463656.413519328983966, 2231061.201591370161623 ], [ 463581.366276611981448, 2231104.410617520101368 ], [ 463490.399923567019869, 2231186.280348270200193 ], [ 463422.175169532245491, 2231331.826518507674336 ], [ 463435.820120187010616, 2231377.309679360128939 ], [ 463458.561713569972198, 2231443.260290110018104 ], [ 463645.042749855027068, 2231488.743459870107472 ], [ 463715.541677053028252, 2231486.46929669007659 ], [ 463808.782192779006436, 2231468.276018930133432 ], [ 463924.764295437023975, 2231406.873718129936606 ], [ 464036.198073578998446, 2231231.763465709984303 ], [ 464074.858777276007459, 2231259.053371919784695 ], [ 464074.85877270862693, 2231259.053400026634336 ], [ 464074.858777275017928, 2231259.053403249941766 ], [ 464045.294721596001182, 2231440.986127980053425 ], [ 464030.780176742991898, 2231533.516390449833125 ], [ 464008.18654094915837, 2231613.082486594561487 ], [ 464029.789844592974987, 2231675.075818549841642 ], [ 464071.113518572004978, 2231694.976038409862667 ], [ 464200.528776118007954, 2231596.142579920124263 ], [ 464265.702266587002669, 2231570.864441869780421 ], [ 464422.885311482008547, 2231510.985173880122602 ], [ 464668.016011209983844, 2231394.96909565012902 ], [ 464823.327828567998949, 2231320.120013120118529 ], [ 464943.086341866001021, 2231323.86246 ], [ 464989.867016363015864, 2231417.423799450043589 ], [ 465007.789204571978189, 2231398.553847 ], [ 465087.702002196980175, 2231277.66543375980109 ], [ 465141.869573150004726, 2231195.723218029830605 ], [ 465168.333884954976384, 2231080.115926450118423 ], [ 465193.405343268997967, 2231059.223041289951652 ], [ 465212.905363266996574, 2230987.490805970039219 ], [ 465279.762576293025631, 2230769.508381649851799 ], [ 465368.905533514975104, 2230593.311723549850285 ], [ 465370.298390180978458, 2230554.311673770193011 ], [ 465382.137688821996562, 2230524.365206370130181 ], [ 465497.74496524001006, 2230361.400706459768116 ], [ 465664.191585739026777, 2230118.346815859898925 ], [ 465767.95956088101957, 2229935.882291680201888 ], [ 465894.013274464989081, 2229691.435544290114194 ], [ 465946.245476542972028, 2229595.328275910113007 ], [ 465981.685030889988411, 2229498.26510069007054 ], [ 465997.494387510989327, 2229432.392762729898095 ], [ 466033.06544010102516, 2229287.473619140218943 ], [ 466064.684153366019018, 2229155.728943159803748 ], [ 466075.22371509502409, 2228942.302570260129869 ], [ 466029.625710821012035, 2228596.471171529963613 ], [ 466036.278006285021547, 2228601.933630580082536 ], [ 466056.476957515988033, 2228618.519776619970798 ], [ 466558.38362674502423, 2228713.601169679779559 ], [ 466575.121205396018922, 2228705.987820299807936 ], [ 466526.323233055009041, 2228925.439843669999391 ], [ 466775.580948863993399, 2229016.935184199828655 ], [ 466678.593113258015364, 2229336.042285480070859 ], [ 466689.628441460023168, 2229495.688758680131286 ], [ 466690.225954964000266, 2229499.752807720098644 ], [ 466836.544620239001233, 2229532.481975890230387 ], [ 466867.348556871991605, 2229671.099661009851843 ], [ 466898.152492869005073, 2229798.165872199926525 ], [ 466925.105934342020191, 2229862.661599989980459 ], [ 466947.246256962011103, 2229835.708159720059484 ], [ 466968.423956023994833, 2229794.315377139952034 ], [ 467000.190505009028129, 2229739.445874440018088 ], [ 467041.583283046027645, 2229706.716696199961007 ], [ 467058.91049334598938, 2229709.604563749860972 ], [ 467089.714425538026262, 2229766.399308749940246 ], [ 467119.555732414999511, 2229776.025535409804434 ], [ 467184.051461738010403, 2229826.081918850075454 ], [ 467223.519004168978427, 2229980.101568649988621 ], [ 467211.96753726497991, 2230102.354667920153588 ], [ 467213.892790846002754, 2230252.523828340228647 ], [ 467221.794643761008047, 2230273.266189749818295 ], [ 467237.650873633974697, 2230220.76661915006116 ], [ 467320.24367135000648, 2230054.92957261018455 ], [ 467565.655529733980075, 2230367.757496079895645 ], [ 467469.929383540991694, 2230515.601233790162951 ], [ 467463.05927506898297, 2230522.841350830160081 ], [ 467457.561707536980975, 2230528.635004969779402 ], [ 467476.504279421991669, 2230595.13831801014021 ], [ 467536.776568948989734, 2230694.782014600001276 ], [ 467596.076722814992536, 2230756.026431819889694 ], [ 467663.781717299018055, 2230796.137746769934893 ], [ 467680.936466087005101, 2230789.92425969010219 ], [ 468409.897803470026702, 2230525.892888680100441 ], [ 468980.420518296014052, 2230383.901588909793645 ], [ 468737.716251232021023, 2230077.405874010175467 ], [ 468166.214666680025402, 2228924.530116850044578 ], [ 467848.592426787014119, 2228570.402903929818422 ], [ 467626.256858644017484, 2228322.513854870107025 ], [ 467544.122859585972037, 2228243.197522650007159 ], [ 467503.22553647501627, 2228121.42821038980037 ], [ 467454.632418203982525, 2227954.306124390102923 ], [ 467467.484753478027415, 2227798.781744900159538 ], [ 467549.798182811995503, 2227709.319805069826543 ], [ 467615.261210403987207, 2227661.482752290088683 ], [ 467705.910125538008288, 2227635.597505010198802 ], [ 467771.053307835012674, 2227578.648492840118706 ], [ 467787.583864300977439, 2227527.911646380089223 ], [ 467790.322057074983604, 2227432.02904941001907 ], [ 467751.503728497016709, 2227369.487473099958152 ], [ 467635.029235146008432, 2227355.196996080223471 ], [ 467530.587956260016654, 2227335.936492870096117 ], [ 467479.89633583597606, 2227282.920922480057925 ], [ 467376.574515552027151, 2227295.552277219947428 ], [ 467303.895460753992666, 2227311.704495389945805 ], [ 467181.164476156991441, 2227293.065062010195106 ], [ 467142.34614750900073, 2227230.523485720157623 ], [ 467115.401110657025129, 2227158.455903510097414 ], [ 467056.374004348006565, 2227041.863640539813787 ], [ 467012.578565740026534, 2227011.42094543017447 ], [ 466909.416668084973935, 2227028.608279949985445 ], [ 466829.521586055983789, 2227013.075663520023227 ], [ 466744.329548779001925, 2227020.52996888011694 ], [ 466628.334823336976115, 2227019.907431160099804 ], [ 466542.023327401024289, 2226995.469878620002419 ], [ 466479.778260395978577, 2226961.092273630201817 ], [ 466426.20803184597753, 2226826.069068599957973 ], [ 466411.296209366002586, 2226749.031460139900446 ], [ 466312.471730910008773, 2226715.895994740072638 ], [ 466212.847639098996297, 2226659.980630820151418 ], [ 466143.386544785986189, 2226593.918191169854254 ], [ 466101.049917257972993, 2226431.145061300136149 ], [ 466140.687366549973376, 2226343.132283969782293 ], [ 466242.729805618000682, 2226294.053091329988092 ], [ 466334.498179566988256, 2226300.059701750054955 ], [ 466413.913493697007652, 2226301.924379 ], [ 466523.012037368025631, 2226279.974041400011629 ], [ 466586.236147700983565, 2226168.353272459935397 ], [ 466577.101048470009118, 2226081.996681219898164 ], [ 466496.566275642020628, 2226048.240145970135927 ], [ 466404.637978989980184, 2226037.677555810194463 ], [ 466299.876854508009274, 2226009.305093360133469 ], [ 466212.445899732992984, 2225952.975682849995792 ], [ 466184.701249370991718, 2225858.12820196012035 ], [ 466181.378853845002595, 2225763.477664349600673 ], [ 466181.378852772992104, 2225763.477665910031646 ] ] ] ] } },
{ "type": "Feature", "properties": { "ID": 52, "ENTIDAD": 13, "MUNICIPIO": 66, "NOMBRE": "TEZONTEPEC DE ALDAMA", "CONTROL": 64, "GEOMETRY1_": null, "ID_2": 1300, "ENTIDAD_2": 13, "DISTRITO_F": 5, "DISTRITO_L": 6, "MUNICIPIO_2": 66, "SECCION": 1329, "TIPO": 4, "CONTROL_2": 1740, "GEOMETRY1__2": null }, "geometry": { "type": "MultiPolygon", "coordinates": [ [ [ [ 476294.009959434974007, 2231382.716783659998327 ], [ 476174.729643620026764, 2230878.786309500224888 ], [ 476095.609595376008656, 2230544.523249220103025 ], [ 475962.878207919013221, 2230000.136944289784878 ], [ 475962.87821468769107, 2230000.136940540745854 ], [ 475962.878207919013221, 2230000.13691277988255 ], [ 475917.149938123009633, 2229755.937052929773927 ], [ 475904.811691093025729, 2229752.136769250035286 ], [ 475792.258212236978579, 2229772.286409299820662 ], [ 475686.755096302018501, 2229791.173873589839786 ], [ 475675.678224296018016, 2229809.107179069891572 ], [ 475729.874921686016023, 2230069.241408139932901 ], [ 475714.505019831005484, 2230072.322011560201645 ], [ 475470.93428036099067, 2230096.987407439853996 ], [ 475452.435236943012569, 2230100.070581119973212 ], [ 475433.936193172994535, 2230096.987409980036318 ], [ 475122.535627854987979, 2230124.735983020160347 ], [ 474918.775759354990441, 2230122.421284799929708 ], [ 474891.97860314999707, 2230122.116870929952711 ], [ 474948.336598775000311, 2229969.61876511014998 ], [ 474974.858008479001001, 2229880.109007339924574 ], [ 475068.901910929009318, 2229284.51001728978008 ], [ 475077.672152595012449, 2229257.451577510219067 ], [ 474874.437337746028788, 2229232.021791779901832 ], [ 474837.944567763013765, 2229241.72432514000684 ], [ 474772.030602672020905, 2229567.544616159982979 ], [ 474562.270730437012389, 2229559.95149860996753 ], [ 474247.662030746985693, 2229567.316545799840242 ], [ 474231.69401461200323, 2229402.901606750208884 ], [ 474044.589668626023922, 2229407.090518020093441 ], [ 474013.871046877000481, 2229460.149962889961898 ], [ 474045.985980984987691, 2229673.784036959987134 ], [ 473967.7931224249769, 2229732.428688390180469 ], [ 473906.355877608002629, 2229806.432651720009744 ], [ 473905.172784132999368, 2229939.626010280102491 ], [ 473654.421026941970922, 2229982.385153320152313 ], [ 473653.13135700597195, 2229997.26602991996333 ], [ 473672.760306234005839, 2230368.70614612987265 ], [ 473527.808065778983291, 2230395.884691219776869 ], [ 473512.717294395028148, 2230402.008020170032978 ], [ 473597.216631100978702, 2230644.377957089804113 ], [ 473618.899150151002686, 2230655.69626091979444 ], [ 473976.842564411985222, 2230648.060567609965801 ], [ 473990.802337071974762, 2230930.573369069956243 ], [ 473992.135477724019438, 2230957.552984649781138 ], [ 474010.774372250016313, 2231334.760152460075915 ], [ 474011.629560519009829, 2231352.067141570150852 ], [ 474048.447036082972772, 2231353.461633990053087 ], [ 474087.318880687991623, 2231357.6178945498541 ], [ 474217.928058099991176, 2231367.196250889915973 ], [ 474661.121794772974681, 2231399.698312560096383 ], [ 474666.749593733984511, 2231408.93377284007147 ], [ 475351.644528827979229, 2231453.911355149932206 ], [ 475364.144162469019648, 2231452.308356659952551 ], [ 475353.219278171018232, 2231521.333782679866999 ], [ 475330.376334905973636, 2231581.420664850156754 ], [ 475315.975350423017517, 2231656.405120539944619 ], [ 475311.506081196013838, 2231724.933960489928722 ], [ 475306.540226011013146, 2231788.993528290186077 ], [ 475278.234838631993625, 2231834.182836790103465 ], [ 475271.282639574026689, 2231878.875558650121093 ], [ 475260.854340726975352, 2231939.459026080090553 ], [ 475232.548953798017465, 2231995.573222070001066 ], [ 475212.188939674990252, 2232061.61913364008069 ], [ 475201.760640859021805, 2232122.699186849873513 ], [ 475180.407456495973747, 2232221.023175119888037 ], [ 475167.992814605007879, 2232282.599814190063626 ], [ 475153.095244725001976, 2232366.026228330098093 ], [ 475145.674186535994522, 2232381.686715070158243 ], [ 475135.700457334984094, 2232402.734044149983674 ], [ 475485.216135477006901, 2232313.950300429947674 ], [ 475978.583926825027447, 2232217.299638519994915 ], [ 476465.872830143256579, 2232130.523575896862894 ], [ 476294.009959434974007, 2231382.716783659998327 ] ] ] ] } },
{ "type": "Feature", "properties": { "ID": 52, "ENTIDAD": 13, "MUNICIPIO": 66, "NOMBRE": "TEZONTEPEC DE ALDAMA", "CONTROL": 64, "GEOMETRY1_": null, "ID_2": 1301, "ENTIDAD_2": 13, "DISTRITO_F": 5, "DISTRITO_L": 6, "MUNICIPIO_2": 66, "SECCION": 1330, "TIPO": 4, "CONTROL_2": 752, "GEOMETRY1__2": null }, "geometry": { "type": "MultiPolygon", "coordinates": [ [ [ [ 477630.818971562024672, 2228660.175693870056421 ], [ 477419.820605985005386, 2228031.23287873994559 ], [ 477309.535890816012397, 2227954.256662699859589 ], [ 477254.102170093974564, 2227863.253621660172939 ], [ 477236.761468034004793, 2227787.396263749804348 ], [ 477101.881866806012113, 2227928.093948000110686 ], [ 477077.849904690985568, 2227996.737143279984593 ], [ 477005.069948379008565, 2228079.370799439959228 ], [ 476982.894578623992857, 2228084.819775640033185 ], [ 476852.697629607981071, 2228116.81203032983467 ], [ 476548.028999910980929, 2228205.39403996989131 ], [ 476382.994633956986945, 2228160.710712839849293 ], [ 476327.763600567006506, 2228106.239799220114946 ], [ 476235.737214157998096, 2228020.021459110081196 ], [ 476143.406796532974113, 2227879.004928030073643 ], [ 476082.435338084993418, 2227677.116829699836671 ], [ 476066.892205575015396, 2227686.64704916998744 ], [ 475869.898363057989627, 2227720.073774820193648 ], [ 475450.141340264992323, 2227678.480768620036542 ], [ 475425.020520029007457, 2227585.549412060063332 ], [ 475425.020521661324892, 2227585.549386248923838 ], [ 475425.020520029007457, 2227585.549380210228264 ], [ 475426.324623811000492, 2227564.928163140080869 ], [ 475429.536703113524709, 2227514.136971981730312 ], [ 475157.422549056005664, 2227508.968194860033691 ], [ 475072.680628318979871, 2227507.376727949827909 ], [ 474815.586612890008837, 2227502.548461019992828 ], [ 474812.520202236017212, 2227360.03982015978545 ], [ 474702.495813539018854, 2227356.901225939858705 ], [ 474701.720258785004262, 2227331.451707410160452 ], [ 474694.899085488985293, 2227107.617638549767435 ], [ 474666.828663185995538, 2227021.868274840060622 ], [ 474662.454352635017131, 2227008.505656260065734 ], [ 474646.127908213005867, 2226958.631728270091116 ], [ 474624.81692768301582, 2226853.512813529931009 ], [ 474624.197996290982701, 2226850.459861730225384 ], [ 474623.197671449976042, 2226845.525641949847341 ], [ 474622.038110376975965, 2226839.133123919833452 ], [ 474596.722279903013259, 2226699.570054340176284 ], [ 474596.722285393916536, 2226699.570052640512586 ], [ 474596.722279903013259, 2226699.570022370200604 ], [ 474480.523515396984294, 2226734.882983299903572 ], [ 474412.261428289988544, 2226839.315552480053157 ], [ 474240.202074621978682, 2226960.904692720156163 ], [ 473938.092523464991245, 2226407.978320380207151 ], [ 473679.486276805982925, 2225998.519182220101357 ], [ 473113.742023725004401, 2225891.959634989965707 ], [ 473004.963324967015069, 2225923.021930870134383 ], [ 472773.773486741993111, 2225944.5567516698502 ], [ 472694.798922452027909, 2226303.028517339844257 ], [ 471310.597027459996752, 2225994.242322030011564 ], [ 471266.462235132989008, 2226128.021919440012425 ], [ 471211.253764091990888, 2226294.107421250082552 ], [ 471142.093006975017488, 2226410.491192630026489 ], [ 471037.312374238972552, 2226555.4529815800488 ], [ 470915.361494269978721, 2226732.927698120009154 ], [ 470784.755283643025905, 2226837.713762550149113 ], [ 470575.693294834985863, 2226967.971027430146933 ], [ 469943.951462120981887, 2227924.512398090213537 ], [ 470010.392593157012016, 2227905.077667930163443 ], [ 470385.002901079016738, 2227795.500210009980947 ], [ 470663.52598328498425, 2227731.305385319981724 ], [ 470859.895558346994221, 2227761.128479829989374 ], [ 471043.752151003980543, 2227782.25366144021973 ], [ 471258.09158645698335, 2227802.343727020081133 ], [ 471537.734127159987111, 2227770.040760620031506 ], [ 471577.621446317993104, 2227764.94359460985288 ], [ 471829.409882394014858, 2227732.767768220044672 ], [ 472004.291299212025478, 2227672.092338710092008 ], [ 472418.37819367100019, 2227644.346821520011872 ], [ 472545.887347736977972, 2227972.999898760113865 ], [ 472823.930662247992586, 2227895.137135960161686 ], [ 472841.12041864002822, 2227689.28995661996305 ], [ 473376.864319577987771, 2227785.413544130045921 ], [ 473410.253073301981203, 2228002.499882610049099 ], [ 473318.372897042019758, 2228069.926427439786494 ], [ 473449.65574336698046, 2228575.488727959804237 ], [ 473552.82402059197193, 2228469.840671009849757 ], [ 473803.305338013975415, 2228262.952598379924893 ], [ 473894.948108404991217, 2228187.259144139941782 ], [ 474052.282564407971222, 2228057.306847909931093 ], [ 474144.829261081002187, 2227980.86678483011201 ], [ 474336.639808022009674, 2227822.438544690143317 ], [ 474350.279675754019991, 2227844.0977170499973 ], [ 474568.112611850025132, 2228190.001445959787816 ], [ 474621.62643125501927, 2228329.354422090109438 ], [ 474656.712913428025786, 2228467.358227720018476 ], [ 474671.827514161006548, 2228498.217202240135521 ], [ 474776.220228913996834, 2228726.089343870058656 ], [ 474788.588833145971876, 2228719.963701960165054 ], [ 474902.185365204990376, 2228688.626727600116283 ], [ 475056.519963931990787, 2228650.238934 ], [ 475082.372967778996099, 2228645.538387840148062 ], [ 475141.261695214023348, 2228629.784715529996902 ], [ 475205.370592146005947, 2228612.634564760141075 ], [ 475326.017943435988855, 2228579.730741680134088 ], [ 475335.419035743980203, 2228581.297590400092304 ], [ 475353.641842038021423, 2228643.912155319936574 ], [ 475363.74294684297638, 2228641.277511959895492 ], [ 475379.781412180978805, 2228638.170187559910119 ], [ 475406.344737877021544, 2228635.656761900056154 ], [ 475449.939196153020021, 2228631.531848039943725 ], [ 475460.935566211992409, 2228631.099695949815214 ], [ 475470.492714273976162, 2228633.255753980018198 ], [ 475591.192972093995195, 2228626.543221259955317 ], [ 475613.181479196005967, 2228620.888184450101107 ], [ 475587.948945786978584, 2228336.840350000187755 ], [ 475604.759392070001923, 2228336.35588263021782 ], [ 475739.777966052002739, 2228321.213606650009751 ], [ 475749.872823371028062, 2228589.988910339772701 ], [ 475753.900392326992005, 2228604.269184680189937 ], [ 476141.432029433024582, 2228739.857702639885247 ], [ 476191.36226575600449, 2228745.909852489829063 ], [ 476215.570865184010472, 2228744.396815029904246 ], [ 476210.327133380982559, 2228755.842852890025824 ], [ 476204.754636290017515, 2228764.761306180153042 ], [ 476273.492778075975366, 2228764.761306180153042 ], [ 476285.688254843989853, 2228856.781721809878945 ], [ 476198.793503083987162, 2228868.842573179863393 ], [ 476198.102558051003143, 2228876.737956520169973 ], [ 476198.385035486018751, 2228889.590679820161313 ], [ 476198.6845346710179, 2228903.217892699874938 ], [ 476200.446123865025584, 2228983.370201009791344 ], [ 476201.428597172023728, 2229028.072736440226436 ], [ 476184.798401577980258, 2229039.713873359840363 ], [ 476102.714779892005026, 2228999.612451639957726 ], [ 476106.478559889015742, 2229004.677660900168121 ], [ 476133.144885147979949, 2229287.848638690076768 ], [ 476159.976014051993843, 2229716.826200860086828 ], [ 476033.790432285983115, 2229759.729305829852819 ], [ 476013.600739429995883, 2229772.347865459974855 ], [ 475963.836049674020614, 2229549.577793749980628 ], [ 475951.259475215978455, 2229552.858639920130372 ], [ 475886.189372473978437, 2229567.075640379916877 ], [ 475872.506310908996966, 2229576.921388059854507 ], [ 475917.149938123009633, 2229755.937052929773927 ], [ 475962.878207919013221, 2230000.13691277988255 ], [ 476715.917282328009605, 2229583.064324640203267 ], [ 477214.108431925007608, 2229332.529998620040715 ], [ 477780.108058819023427, 2229164.04049452021718 ], [ 477889.848809787887149, 2229154.18896902166307 ], [ 477630.818971562024672, 2228660.175693870056421 ] ] ] ] } },
{ "type": "Feature", "properties": { "ID": 52, "ENTIDAD": 13, "MUNICIPIO": 66, "NOMBRE": "TEZONTEPEC DE ALDAMA", "CONTROL": 64, "GEOMETRY1_": null, "ID_2": 1740, "ENTIDAD_2": 13, "DISTRITO_F": 5, "DISTRITO_L": 6, "MUNICIPIO_2": 66, "SECCION": 1789, "TIPO": 4, "CONTROL_2": 2039, "GEOMETRY1__2": null }, "geometry": { "type": "MultiPolygon", "coordinates": [ [ [ [ 474634.842203854001127, 2226567.369663610123098 ], [ 474634.842216296412516, 2226567.369637722149491 ], [ 474634.842203854001127, 2226567.369631609879434 ], [ 474678.570539485022891, 2226476.387718359939754 ], [ 474703.85817483701976, 2226398.923115630168468 ], [ 474716.798158638121095, 2226335.042490439955145 ], [ 474705.635186669998802, 2226248.033130220137537 ], [ 474705.635190199827775, 2226248.033125692978501 ], [ 474705.635186669998802, 2226248.033098179847002 ], [ 474755.133480526972562, 2226184.552388110198081 ], [ 474792.499520725978073, 2226116.36594408005476 ], [ 474824.203300428984221, 2226011.533447260037065 ], [ 474825.064881566446275, 2225938.374682429712266 ], [ 474783.113558100012597, 2225878.466578760184348 ], [ 474747.093738981988281, 2225832.342403470072895 ], [ 474723.367720066977199, 2225777.206687809899449 ], [ 474699.857096518971957, 2225703.781273039989173 ], [ 474694.302533690992277, 2225657.990370700135827 ], [ 473913.272183700988535, 2225234.492850900162011 ], [ 473618.985365053988062, 2224994.212986750062555 ], [ 472865.054813873022795, 2224296.334074889775366 ], [ 471723.429268454026897, 2223251.907398470211774 ], [ 471341.684808130026795, 2223014.657749250065535 ], [ 470719.040855814004317, 2222627.691926219966263 ], [ 470149.308269742992707, 2222242.919941510073841 ], [ 469971.738533396972343, 2222138.944636689964682 ], [ 469777.253249476023484, 2222028.498822879977524 ], [ 469573.791969173005782, 2221912.955650609917939 ], [ 469546.640390606014989, 2221897.536601270083338 ], [ 469172.657386049977504, 2222270.343335330020636 ], [ 468802.431299034971744, 2222639.404968299902976 ], [ 468268.923987656948157, 2223171.234265164006501 ], [ 468326.847336665028706, 2223240.114822729956359 ], [ 468399.647486741014291, 2223228.524765839800239 ], [ 468482.760530078026932, 2223161.842724119778723 ], [ 468560.896463394979946, 2223127.259563779924065 ], [ 468695.063188650994562, 2223122.702677390072495 ], [ 468848.554646475997288, 2223149.421329429838806 ], [ 469008.344811448012479, 2223180.486562999896705 ], [ 469143.748701980977785, 2223212.379889579955488 ], [ 469486.915693044022191, 2223250.902365299873054 ], [ 469659.538685752020683, 2223299.777471499983221 ], [ 469851.730765389977023, 2223384.479345900006592 ], [ 469994.670528217975516, 2223457.169467010069638 ], [ 470243.810719515022356, 2223599.235868940129876 ], [ 470436.162721618020441, 2223688.493723229970783 ], [ 470648.083810569019988, 2223813.578345720190555 ], [ 470787.805612045980524, 2223968.483125300146639 ], [ 470935.383131035021506, 2224173.296658659819514 ], [ 471051.358348509005737, 2224347.253450009971857 ], [ 471149.843473297019955, 2224544.611209619790316 ], [ 471235.17592504498316, 2224715.047137270215899 ], [ 471308.475162193994038, 2224890.453091050032526 ], [ 471345.709996211982798, 2224990.041914479807019 ], [ 471362.365235116973054, 2225034.588256389833987 ], [ 471430.847284646995831, 2225246.649071060121059 ], [ 471450.556785446999129, 2225460.366071389988065 ], [ 471398.546766910993028, 2225717.571167679969221 ], [ 471310.597027459996752, 2225994.242322030011564 ], [ 472694.798922452027909, 2226303.028517339844257 ], [ 472773.773486741993111, 2225944.5567516698502 ], [ 473004.963324967015069, 2225923.021930870134383 ], [ 473113.742023725004401, 2225891.959634989965707 ], [ 473679.486276805982925, 2225998.519182220101357 ], [ 473938.092523464991245, 2226407.978320380207151 ], [ 474240.202074621978682, 2226960.904692720156163 ], [ 474412.261428289988544, 2226839.315552480053157 ], [ 474480.523515396984294, 2226734.882983299903572 ], [ 474596.722279903013259, 2226699.570022370200604 ], [ 474682.348090476996731, 2226673.068638029973954 ], [ 474701.488818290585186, 2226600.109833837952465 ], [ 474634.842203854001127, 2226567.369663610123098 ] ] ] ] } },
{ "type": "Feature", "properties": { "ID": 52, "ENTIDAD": 13, "MUNICIPIO": 66, "NOMBRE": "TEZONTEPEC DE ALDAMA", "CONTROL": 64, "GEOMETRY1_": null, "ID_2": 1344, "ENTIDAD_2": 13, "DISTRITO_F": 6, "DISTRITO_L": 14, "MUNICIPIO_2": 69, "SECCION": 1376, "TIPO": 2, "CONTROL_2": 841, "GEOMETRY1__2": null }, "geometry": { "type": "MultiPolygon", "coordinates": [ [ [ [ 475426.324623811000492, 2227564.928194989915937 ], [ 475429.536705125006847, 2227514.136972019914538 ], [ 475429.536703113524709, 2227514.136971981730312 ], [ 475426.324623811000492, 2227564.928163140080869 ], [ 475425.020520029007457, 2227585.549380210228264 ], [ 475425.020521661324892, 2227585.549386248923838 ], [ 475426.324623811000492, 2227564.928194989915937 ] ] ] ] } },
{ "type": "Feature", "properties": { "ID": 52, "ENTIDAD": 13, "MUNICIPIO": 66, "NOMBRE": "TEZONTEPEC DE ALDAMA", "CONTROL": 64, "GEOMETRY1_": null, "ID_2": 1345, "ENTIDAD_2": 13, "DISTRITO_F": 6, "DISTRITO_L": 14, "MUNICIPIO_2": 69, "SECCION": 1377, "TIPO": 4, "CONTROL_2": 734, "GEOMETRY1__2": null }, "geometry": { "type": "MultiPolygon", "coordinates": [ [ [ [ 474682.348090476996731, 2226673.06867 ], [ 474701.488825724984054, 2226600.109837490133941 ], [ 474701.488818290585186, 2226600.109833837952465 ], [ 474682.348090476996731, 2226673.068638029973954 ], [ 474596.722279903013259, 2226699.570022370200604 ], [ 474596.722285393916536, 2226699.570052640512586 ], [ 474682.348090476996731, 2226673.06867 ] ] ], [ [ [ 474678.570539486012422, 2226476.387750360183418 ], [ 474703.85817483701976, 2226398.923147649969906 ], [ 474716.798161153972615, 2226335.042510049883276 ], [ 474716.798158638121095, 2226335.042490439955145 ], [ 474703.85817483701976, 2226398.923115630168468 ], [ 474678.570539485022891, 2226476.387718359939754 ], [ 474634.842203854001127, 2226567.369631609879434 ], [ 474634.842216296412516, 2226567.369637722149491 ], [ 474678.570539486012422, 2226476.387750360183418 ] ] ], [ [ [ 474755.1334805280203, 2226184.552420159801841 ], [ 474792.499520725978073, 2226116.365976130124182 ], [ 474824.203300427994691, 2226011.533479330129921 ], [ 474825.064881937985774, 2225938.374682960100472 ], [ 474825.064881566446275, 2225938.374682429712266 ], [ 474824.203300428984221, 2226011.533447260037065 ], [ 474792.499520725978073, 2226116.36594408005476 ], [ 474755.133480526972562, 2226184.552388110198081 ], [ 474705.635186669998802, 2226248.033098179847002 ], [ 474705.635190199827775, 2226248.033125692978501 ], [ 474755.1334805280203, 2226184.552420159801841 ] ] ] ] } }
]
}
