{
"type": "FeatureCollection",
"name": "TUXTLAGUTIERREZSECCIONES",
"crs": { "type": "name", "properties": { "name": "urn:ogc:def:crs:OGC:1.3:CRS84" } },
"features": [
{ "type": "Feature", "properties": { "ID": 95, "ENTIDAD": 7, "MUNICIPIO": 102, "NOMBRE": "TUXTLA GUTIERREZ", "CONTROL": 163, "GEOMETRY1_": null, "ID_2": 1835, "ENTIDAD_2": 7, "DISTRITO_F": 9, "DISTRITO_L": 1, "MUNICIPIO_2": 102, "SECCION": 1952, "TIPO": 2, "CONTROL_2": 2179, "GEOMETRY1__2": null }, "geometry": { "type": "MultiPolygon", "coordinates": [ [ [ [ -93.096282744911477, 16.784151741666129 ], [ -93.095809421579517, 16.784117548686794 ], [ -93.095847001460683, 16.783741186260752 ], [ -93.095878540429155, 16.78337559967224 ], [ -93.095899822282234, 16.782978615583072 ], [ -93.09592580955352, 16.782604749348661 ], [ -93.095949414891081, 16.78221419331442 ], [ -93.096325931908197, 16.782243161878061 ], [ -93.097410544831604, 16.782326606209669 ], [ -93.097376753211293, 16.782723262021747 ], [ -93.097357467440673, 16.783079582079875 ], [ -93.097324051203003, 16.783448794239238 ], [ -93.097299453165732, 16.783840989674843 ], [ -93.097249743161811, 16.784109204728555 ], [ -93.097208755011465, 16.784188264147303 ], [ -93.096724654065042, 16.784190976485693 ], [ -93.096282744911477, 16.784151741666129 ] ] ] ] } },
{ "type": "Feature", "properties": { "ID": 95, "ENTIDAD": 7, "MUNICIPIO": 102, "NOMBRE": "TUXTLA GUTIERREZ", "CONTROL": 163, "GEOMETRY1_": null, "ID_2": 1609, "ENTIDAD_2": 7, "DISTRITO_F": 6, "DISTRITO_L": 13, "MUNICIPIO_2": 102, "SECCION": 1715, "TIPO": 2, "CONTROL_2": 1770, "GEOMETRY1__2": null }, "geometry": { "type": "MultiPolygon", "coordinates": [ [ [ [ -93.096954618318492, 16.743304002045111 ], [ -93.095963565327438, 16.742959501365444 ], [ -93.096112959085843, 16.742530201931096 ], [ -93.096282003745998, 16.74210456134773 ], [ -93.09643511327468, 16.741665432308835 ], [ -93.097409086417926, 16.742004463617594 ], [ -93.097565711748757, 16.741559298951596 ], [ -93.097711210983434, 16.741145755211065 ], [ -93.097811238655027, 16.740861451469666 ], [ -93.097830431359753, 16.740806900885001 ], [ -93.097873543183709, 16.740820926121096 ], [ -93.098782998035645, 16.741116789446036 ], [ -93.098871318470714, 16.741145521535746 ], [ -93.099105780313636, 16.741221795602485 ], [ -93.099118606766865, 16.741185766274942 ], [ -93.099314474419629, 16.740635575000752 ], [ -93.099538161539428, 16.74000723488852 ], [ -93.099675282478557, 16.739622058179101 ], [ -93.099863227377995, 16.739680141028987 ], [ -93.100477813014578, 16.739880193769402 ], [ -93.101101354582383, 16.740062769047139 ], [ -93.101706249144613, 16.740249701022339 ], [ -93.102352268584269, 16.740449339546831 ], [ -93.102129302034996, 16.741116724414724 ], [ -93.101675887410437, 16.742473872829468 ], [ -93.101654211113342, 16.742538753230573 ], [ -93.101599914208578, 16.742509727269272 ], [ -93.100522517298117, 16.741933769176917 ], [ -93.100490856447195, 16.741916842257762 ], [ -93.100459195601815, 16.741899915333793 ], [ -93.099973775305202, 16.741640370674514 ], [ -93.099837209972264, 16.741567351549765 ], [ -93.099800649958667, 16.741547803517108 ], [ -93.099764089952473, 16.741528255477803 ], [ -93.099749693474536, 16.741567682190155 ], [ -93.099646943456264, 16.741849076585947 ], [ -93.099515832238865, 16.742236610817518 ], [ -93.099353332137568, 16.742689042421826 ], [ -93.099212350897716, 16.743102943881265 ], [ -93.099055301452267, 16.74354223812076 ], [ -93.098082277477076, 16.743189361448923 ], [ -93.097928889831422, 16.743639383182263 ], [ -93.096954618318492, 16.743304002045111 ] ] ] ] } },
{ "type": "Feature", "properties": { "ID": 95, "ENTIDAD": 7, "MUNICIPIO": 102, "NOMBRE": "TUXTLA GUTIERREZ", "CONTROL": 163, "GEOMETRY1_": null, "ID_2": 1610, "ENTIDAD_2": 7, "DISTRITO_F": 6, "DISTRITO_L": 13, "MUNICIPIO_2": 102, "SECCION": 1716, "TIPO": 2, "CONTROL_2": 1892, "GEOMETRY1__2": null }, "geometry": { "type": "MultiPolygon", "coordinates": [ [ [ [ -93.09568758951464, 16.74382015487965 ], [ -93.094706500957301, 16.743474657751797 ], [ -93.094023751251314, 16.743235328665925 ], [ -93.093983350169481, 16.743221703386219 ], [ -93.093949711536837, 16.743209835044613 ], [ -93.093200144039827, 16.742944135872037 ], [ -93.09267017347581, 16.742755941747099 ], [ -93.092468249103774, 16.743151122902777 ], [ -93.091483788431233, 16.742802565055918 ], [ -93.091681796767531, 16.742419549001287 ], [ -93.091759041160728, 16.742185261193839 ], [ -93.091929903990788, 16.74129608666906 ], [ -93.092075840595953, 16.740405406976176 ], [ -93.092563019611646, 16.740491313082657 ], [ -93.09314635206907, 16.740594172670708 ], [ -93.094161776234543, 16.740773219214798 ], [ -93.095276532750205, 16.740950784528255 ], [ -93.09520100132508, 16.741291963608742 ], [ -93.095842095007924, 16.741489599536063 ], [ -93.095883211000043, 16.741501774670958 ], [ -93.095926516469717, 16.741516865228892 ], [ -93.09643511327468, 16.741665432308835 ], [ -93.096282003745998, 16.74210456134773 ], [ -93.096112959085843, 16.742530201931096 ], [ -93.095963565327438, 16.742959501365444 ], [ -93.096954618318492, 16.743304002045111 ], [ -93.096795393695132, 16.743734434162974 ], [ -93.096658916748339, 16.744162720553792 ], [ -93.09568758951464, 16.74382015487965 ] ] ] ] } },
{ "type": "Feature", "properties": { "ID": 95, "ENTIDAD": 7, "MUNICIPIO": 102, "NOMBRE": "TUXTLA GUTIERREZ", "CONTROL": 163, "GEOMETRY1_": null, "ID_2": 1836, "ENTIDAD_2": 7, "DISTRITO_F": 9, "DISTRITO_L": 1, "MUNICIPIO_2": 102, "SECCION": 1953, "TIPO": 2, "CONTROL_2": 2182, "GEOMETRY1__2": null }, "geometry": { "type": "MultiPolygon", "coordinates": [ [ [ [ -93.097249743161811, 16.784109204728555 ], [ -93.097299453165732, 16.783840989674843 ], [ -93.097324051203003, 16.783448794239238 ], [ -93.097357467440673, 16.783079582079875 ], [ -93.097376753211293, 16.782723262021747 ], [ -93.097410544831604, 16.782326606209669 ], [ -93.097444766613521, 16.781955671609754 ], [ -93.097456452088451, 16.781563892794409 ], [ -93.097488255824842, 16.781191747933374 ], [ -93.097506637601526, 16.780868855180614 ], [ -93.097524136481255, 16.780809360140708 ], [ -93.098052511503013, 16.780835707082577 ], [ -93.099263960651115, 16.780896109752522 ], [ -93.099556118546502, 16.78091000043792 ], [ -93.099774910009174, 16.780920402633935 ], [ -93.099539333127353, 16.781296549847092 ], [ -93.099268743013283, 16.781714719936922 ], [ -93.098998655314674, 16.78213211140935 ], [ -93.098745404244141, 16.782523481702249 ], [ -93.098490254303215, 16.782917784539627 ], [ -93.098223958903205, 16.783329309235217 ], [ -93.097979333486123, 16.783726850565149 ], [ -93.097664131322105, 16.78378452052937 ], [ -93.097610962904398, 16.783938426773574 ], [ -93.097445430378897, 16.784183574953691 ], [ -93.097208755011465, 16.784188264147303 ], [ -93.097249743161811, 16.784109204728555 ] ] ] ] } },
{ "type": "Feature", "properties": { "ID": 95, "ENTIDAD": 7, "MUNICIPIO": 102, "NOMBRE": "TUXTLA GUTIERREZ", "CONTROL": 163, "GEOMETRY1_": null, "ID_2": 1837, "ENTIDAD_2": 7, "DISTRITO_F": 9, "DISTRITO_L": 1, "MUNICIPIO_2": 102, "SECCION": 1954, "TIPO": 2, "CONTROL_2": 2180, "GEOMETRY1__2": null }, "geometry": { "type": "MultiPolygon", "coordinates": [ [ [ [ -93.100132188797517, 16.783758267017355 ], [ -93.099137670561447, 16.783629222460679 ], [ -93.099153544013362, 16.783512010310627 ], [ -93.098699079711437, 16.783595162542007 ], [ -93.097979333486123, 16.783726850565149 ], [ -93.098223958903205, 16.783329309235217 ], [ -93.098490254303215, 16.782917784539627 ], [ -93.098745404244141, 16.782523481702249 ], [ -93.099631838419995, 16.782676830888054 ], [ -93.100105476543419, 16.782737905942838 ], [ -93.100578470257133, 16.782798896774992 ], [ -93.100534710808319, 16.783259294975501 ], [ -93.100471712888549, 16.783800618609227 ], [ -93.100132188797517, 16.783758267017355 ] ] ] ] } },
{ "type": "Feature", "properties": { "ID": 95, "ENTIDAD": 7, "MUNICIPIO": 102, "NOMBRE": "TUXTLA GUTIERREZ", "CONTROL": 163, "GEOMETRY1_": null, "ID_2": 1611, "ENTIDAD_2": 7, "DISTRITO_F": 6, "DISTRITO_L": 13, "MUNICIPIO_2": 102, "SECCION": 1717, "TIPO": 2, "CONTROL_2": 1815, "GEOMETRY1__2": null }, "geometry": { "type": "MultiPolygon", "coordinates": [ [ [ [ -93.097785824701944, 16.740792485654119 ], [ -93.096895198980263, 16.74050466570322 ], [ -93.096833663438062, 16.740484779333908 ], [ -93.096788432663061, 16.74047207501982 ], [ -93.096283572190956, 16.740330270204431 ], [ -93.096238582837657, 16.74031425354304 ], [ -93.096191549409951, 16.740301025573679 ], [ -93.095544671547003, 16.740099023325314 ], [ -93.095485567301736, 16.740080566564792 ], [ -93.095494305777549, 16.740030638410737 ], [ -93.095608819611087, 16.739376349768783 ], [ -93.094280507524502, 16.738906513106947 ], [ -93.094494486186676, 16.738300865902509 ], [ -93.094618216618358, 16.737950656284347 ], [ -93.094759007424841, 16.737552156919527 ], [ -93.095017662053777, 16.736820046980057 ], [ -93.095152990194833, 16.736437004590307 ], [ -93.095509382869977, 16.736026676269912 ], [ -93.096169940412537, 16.735266145183875 ], [ -93.096252361422572, 16.734687707215581 ], [ -93.096348441655877, 16.734228714261469 ], [ -93.096406103321243, 16.73398065286564 ], [ -93.096727678676828, 16.732835503278594 ], [ -93.096802052776795, 16.732909217926583 ], [ -93.09782391035435, 16.733305687205355 ], [ -93.09785877711775, 16.733316604650366 ], [ -93.097895631415511, 16.733326951374817 ], [ -93.097948307154255, 16.733345461685371 ], [ -93.097999595713858, 16.733390162862555 ], [ -93.098215012532435, 16.733599877394401 ], [ -93.098420712888512, 16.733730089378632 ], [ -93.098516750302323, 16.733803927672358 ], [ -93.098958491656319, 16.734136582288983 ], [ -93.099595565394978, 16.734524813264933 ], [ -93.099860585726958, 16.734686314873979 ], [ -93.099639799460704, 16.735312103969239 ], [ -93.099504471863597, 16.735727874617208 ], [ -93.099342504401761, 16.736187360161342 ], [ -93.099187161413667, 16.73663987550341 ], [ -93.099101163635339, 16.736891455289118 ], [ -93.099030320902088, 16.737098699651071 ], [ -93.098935521719724, 16.737414188628492 ], [ -93.098875392740354, 16.737626154887597 ], [ -93.098803054769832, 16.737881159553893 ], [ -93.098619394556891, 16.73845154396863 ], [ -93.098453783515311, 16.738938089284606 ], [ -93.098248640029098, 16.73957023131798 ], [ -93.098036991000654, 16.740172399090195 ], [ -93.097845159032346, 16.740761661144568 ], [ -93.097830431359753, 16.740806900885001 ], [ -93.097785824701944, 16.740792485654119 ] ] ] ] } },
{ "type": "Feature", "properties": { "ID": 95, "ENTIDAD": 7, "MUNICIPIO": 102, "NOMBRE": "TUXTLA GUTIERREZ", "CONTROL": 163, "GEOMETRY1_": null, "ID_2": 1612, "ENTIDAD_2": 7, "DISTRITO_F": 6, "DISTRITO_L": 13, "MUNICIPIO_2": 102, "SECCION": 1718, "TIPO": 2, "CONTROL_2": 1781, "GEOMETRY1__2": null }, "geometry": { "type": "MultiPolygon", "coordinates": [ [ [ [ -93.098871318470714, 16.741145521535746 ], [ -93.098782998035645, 16.741116789446036 ], [ -93.097873543183709, 16.740820926121096 ], [ -93.097830431359753, 16.740806900885001 ], [ -93.097845159032346, 16.740761661144568 ], [ -93.098036991000654, 16.740172399090195 ], [ -93.098248640029098, 16.73957023131798 ], [ -93.098453783515311, 16.738938089284606 ], [ -93.098619394556891, 16.73845154396863 ], [ -93.098803054769832, 16.737881159553893 ], [ -93.098875392740354, 16.737626154887597 ], [ -93.098935521719724, 16.737414188628492 ], [ -93.099030320902088, 16.737098699651071 ], [ -93.099101163635339, 16.736891455289118 ], [ -93.099187161413667, 16.73663987550341 ], [ -93.099342504401761, 16.736187360161342 ], [ -93.099504471863597, 16.735727874617208 ], [ -93.099639799460704, 16.735312103969239 ], [ -93.099860585726958, 16.734686314873979 ], [ -93.099939864649812, 16.734740592861471 ], [ -93.100308305076325, 16.734936156943736 ], [ -93.101135061579384, 16.735233930306862 ], [ -93.101215916267151, 16.735263051557876 ], [ -93.101705964998118, 16.735334711276018 ], [ -93.101970386710462, 16.735383716042946 ], [ -93.102049972584197, 16.735402845793619 ], [ -93.101875867923681, 16.735993673934214 ], [ -93.10181220787922, 16.736133507895392 ], [ -93.101629919162875, 16.736312239836302 ], [ -93.101507904915991, 16.736805522016411 ], [ -93.101254613125008, 16.737580374859029 ], [ -93.100994119072354, 16.738338988900065 ], [ -93.100866732342368, 16.738703606112033 ], [ -93.100736672810896, 16.739118896648222 ], [ -93.100477813014578, 16.739880193769402 ], [ -93.099863227377995, 16.739680141028987 ], [ -93.099675282478557, 16.739622058179101 ], [ -93.099538161539428, 16.74000723488852 ], [ -93.099314474419629, 16.740635575000752 ], [ -93.099118606766865, 16.741185766274942 ], [ -93.099105780313636, 16.741221795602485 ], [ -93.098871318470714, 16.741145521535746 ] ] ] ] } },
{ "type": "Feature", "properties": { "ID": 95, "ENTIDAD": 7, "MUNICIPIO": 102, "NOMBRE": "TUXTLA GUTIERREZ", "CONTROL": 163, "GEOMETRY1_": null, "ID_2": 1542, "ENTIDAD_2": 7, "DISTRITO_F": 9, "DISTRITO_L": 2, "MUNICIPIO_2": 102, "SECCION": 1647, "TIPO": 2, "CONTROL_2": 1859, "GEOMETRY1__2": null }, "geometry": { "type": "MultiPolygon", "coordinates": [ [ [ [ -93.128284922285047, 16.763454877242889 ], [ -93.129280859870576, 16.763525070182848 ], [ -93.129446915898882, 16.764037164451505 ], [ -93.129469557229498, 16.764109702793526 ], [ -93.129599619091096, 16.764495345373547 ], [ -93.129726058540058, 16.764930306476934 ], [ -93.129836069952034, 16.765402265082368 ], [ -93.129933240301128, 16.765809063677271 ], [ -93.130043636220108, 16.766220503620836 ], [ -93.130169639296682, 16.766634963207458 ], [ -93.130303376324449, 16.767043499777532 ], [ -93.130437261271808, 16.767493783377862 ], [ -93.130508599128405, 16.767723230814038 ], [ -93.130525180400412, 16.767909917846644 ], [ -93.129779332712914, 16.767884819095993 ], [ -93.129355101619922, 16.767878951991644 ], [ -93.129422369224514, 16.768139924319318 ], [ -93.129459595843755, 16.768301597791876 ], [ -93.129048349080861, 16.768320497772706 ], [ -93.128604127021646, 16.768355983497202 ], [ -93.128344668765749, 16.768364934923884 ], [ -93.128114074250774, 16.768372890263748 ], [ -93.12811046993933, 16.768472981501823 ], [ -93.127801517007143, 16.768475239523234 ], [ -93.127775598646039, 16.7682277097297 ], [ -93.126184369589197, 16.767976252483361 ], [ -93.126300052921053, 16.767370111312943 ], [ -93.126382048416446, 16.766785636070786 ], [ -93.1264730663097, 16.766177904420253 ], [ -93.126577046040026, 16.765575112662695 ], [ -93.126665996851315, 16.764969128028717 ], [ -93.12675139106446, 16.764387369420749 ], [ -93.126849633672123, 16.763767985364719 ], [ -93.127171046876171, 16.763823000265869 ], [ -93.127286282124416, 16.763837386523271 ], [ -93.127867938808464, 16.76390991421416 ], [ -93.128222642814066, 16.763966055495036 ], [ -93.128284922285047, 16.763454877242889 ] ] ] ] } },
{ "type": "Feature", "properties": { "ID": 95, "ENTIDAD": 7, "MUNICIPIO": 102, "NOMBRE": "TUXTLA GUTIERREZ", "CONTROL": 163, "GEOMETRY1_": null, "ID_2": 2258, "ENTIDAD_2": 7, "DISTRITO_F": 6, "DISTRITO_L": 3, "MUNICIPIO_2": 27, "SECCION": 2375, "TIPO": 2, "CONTROL_2": 3013, "GEOMETRY1__2": null }, "geometry": { "type": "MultiPolygon", "coordinates": [ [ [ [ -93.037501891999582, 16.751591213645412 ], [ -93.038188014999534, 16.751632043917166 ], [ -93.046036307999444, 16.752212043917414 ], [ -93.046096722999437, 16.752209012917394 ], [ -93.046159676999508, 16.752215074917455 ], [ -93.049370354078619, 16.752435726712243 ], [ -93.049752876999406, 16.752462012917448 ], [ -93.04978679999941, 16.752464489917497 ], [ -93.049752877, 16.752462012999974 ], [ -93.049370354, 16.752435727 ], [ -93.046159677, 16.752215074999981 ], [ -93.046096723, 16.752209013000016 ], [ -93.046036308000012, 16.752212044000039 ], [ -93.038188015, 16.751632043999969 ], [ -93.037501892135438, 16.751591214008013 ], [ -93.037501891999582, 16.751591213645412 ] ] ] ] } },
{ "type": "Feature", "properties": { "ID": 95, "ENTIDAD": 7, "MUNICIPIO": 102, "NOMBRE": "TUXTLA GUTIERREZ", "CONTROL": 163, "GEOMETRY1_": null, "ID_2": 1838, "ENTIDAD_2": 7, "DISTRITO_F": 9, "DISTRITO_L": 1, "MUNICIPIO_2": 102, "SECCION": 1955, "TIPO": 2, "CONTROL_2": 2176, "GEOMETRY1__2": null }, "geometry": { "type": "MultiPolygon", "coordinates": [ [ [ [ -93.089758567253469, 16.783356549497469 ], [ -93.089657424925036, 16.783019107637095 ], [ -93.08954560909531, 16.782646054229151 ], [ -93.089414197128264, 16.782209473116932 ], [ -93.089285950959791, 16.7817834074846 ], [ -93.089169477616949, 16.781396452358177 ], [ -93.089081241709948, 16.781062698884416 ], [ -93.08906764246305, 16.780929872392409 ], [ -93.089150489698852, 16.78062499838682 ], [ -93.089207007231423, 16.780417015897953 ], [ -93.089251859058095, 16.780426435721409 ], [ -93.091056566348271, 16.780780256689315 ], [ -93.091153903374305, 16.780790846186541 ], [ -93.09134185926429, 16.780823641924478 ], [ -93.091408687518282, 16.781075151745405 ], [ -93.091439919161303, 16.781302996416702 ], [ -93.091471133666118, 16.781494863423859 ], [ -93.091476346259157, 16.781568427104041 ], [ -93.091481350709714, 16.781639053279566 ], [ -93.091496201168297, 16.78184863262593 ], [ -93.091512244632071, 16.781912531613422 ], [ -93.091539856334663, 16.782022505256037 ], [ -93.091651973210446, 16.782178358596113 ], [ -93.091751658391203, 16.782370195067944 ], [ -93.091838865804775, 16.782502074287343 ], [ -93.091888131585222, 16.782590565633125 ], [ -93.091897930978305, 16.782608167321783 ], [ -93.091867012301108, 16.782610475619599 ], [ -93.091640985903965, 16.782644565423361 ], [ -93.091836091739367, 16.782987618031733 ], [ -93.091052043094408, 16.78311643428728 ], [ -93.091148892788041, 16.78343220065463 ], [ -93.089850693358059, 16.783663909367732 ], [ -93.089758567253469, 16.783356549497469 ] ] ] ] } },
{ "type": "Feature", "properties": { "ID": 95, "ENTIDAD": 7, "MUNICIPIO": 102, "NOMBRE": "TUXTLA GUTIERREZ", "CONTROL": 163, "GEOMETRY1_": null, "ID_2": 1839, "ENTIDAD_2": 7, "DISTRITO_F": 9, "DISTRITO_L": 1, "MUNICIPIO_2": 102, "SECCION": 1956, "TIPO": 2, "CONTROL_2": 2181, "GEOMETRY1__2": null }, "geometry": { "type": "MultiPolygon", "coordinates": [ [ [ [ -93.100105476543419, 16.782737905942838 ], [ -93.099631838419995, 16.782676830888054 ], [ -93.098745404244141, 16.782523481702249 ], [ -93.098998655314674, 16.78213211140935 ], [ -93.099268743013283, 16.781714719936922 ], [ -93.099539333127353, 16.781296549847092 ], [ -93.099774910009174, 16.780920402633935 ], [ -93.100748963995258, 16.781005091737104 ], [ -93.100705888469292, 16.781458302680573 ], [ -93.100663299722456, 16.781906389994337 ], [ -93.100620710782053, 16.782354477280819 ], [ -93.100592899178608, 16.782647087952629 ], [ -93.100578470257133, 16.782798896774992 ], [ -93.100105476543419, 16.782737905942838 ] ] ] ] } },
{ "type": "Feature", "properties": { "ID": 95, "ENTIDAD": 7, "MUNICIPIO": 102, "NOMBRE": "TUXTLA GUTIERREZ", "CONTROL": 163, "GEOMETRY1_": null, "ID_2": 1637, "ENTIDAD_2": 7, "DISTRITO_F": 6, "DISTRITO_L": 1, "MUNICIPIO_2": 102, "SECCION": 1750, "TIPO": 2, "CONTROL_2": 1891, "GEOMETRY1__2": null }, "geometry": { "type": "MultiPolygon", "coordinates": [ [ [ [ -93.082353394283857, 16.777780408636644 ], [ -93.081868917251228, 16.778489986880739 ], [ -93.081725742033299, 16.778700323922514 ], [ -93.081690727211878, 16.778752247148439 ], [ -93.081599405302541, 16.778870580093187 ], [ -93.081587736705643, 16.778798646653598 ], [ -93.081479200832376, 16.778732558595067 ], [ -93.081370665033987, 16.77866647047852 ], [ -93.081306659917104, 16.77859757851985 ], [ -93.08124577152148, 16.778515313818524 ], [ -93.081237703135685, 16.777856519063519 ], [ -93.081168279859128, 16.777329721353233 ], [ -93.080934053298222, 16.777175872438161 ], [ -93.080250620076939, 16.776954695542926 ], [ -93.080222344805719, 16.776801663162132 ], [ -93.080109719568355, 16.776125979611955 ], [ -93.080046140965948, 16.775461221275723 ], [ -93.080072107117118, 16.775462414506844 ], [ -93.080031120529895, 16.775331811534702 ], [ -93.079956858307995, 16.775156860331581 ], [ -93.079938637020618, 16.775112404547698 ], [ -93.080161181826853, 16.775101069629454 ], [ -93.080565711419865, 16.775136907130989 ], [ -93.080817658134805, 16.775170475661092 ], [ -93.080811972089663, 16.775130564750491 ], [ -93.080513510073331, 16.773035606255384 ], [ -93.08051538854626, 16.77295690150217 ], [ -93.080541446042886, 16.772961395078525 ], [ -93.080549405202888, 16.772534199059599 ], [ -93.080557689618743, 16.772089543627413 ], [ -93.08056626961357, 16.771629021444419 ], [ -93.080567906755036, 16.771541149377757 ], [ -93.080576689425371, 16.771069746386125 ], [ -93.080586656016536, 16.770534794879072 ], [ -93.080597226316939, 16.769949268237252 ], [ -93.080608014339205, 16.769373769625176 ], [ -93.080624001172822, 16.768978881098878 ], [ -93.080581465427983, 16.769012446207178 ], [ -93.080531543365169, 16.769053370185034 ], [ -93.080512393957122, 16.769094446427808 ], [ -93.080220072129634, 16.769721485970191 ], [ -93.08005262030639, 16.769916408385523 ], [ -93.079739923480048, 16.770142533688851 ], [ -93.07957925914701, 16.770258716985161 ], [ -93.079978165827399, 16.768821636357625 ], [ -93.08004487960585, 16.768058201178071 ], [ -93.080043182004516, 16.767995245965572 ], [ -93.080036811114979, 16.767758982371173 ], [ -93.079885520829691, 16.767079083510882 ], [ -93.079696078841522, 16.766522126162137 ], [ -93.079625887239047, 16.766364437833165 ], [ -93.079540470684009, 16.766206341125002 ], [ -93.07946490111344, 16.76604507798988 ], [ -93.079415594710255, 16.765886967303455 ], [ -93.079361418588363, 16.765489170562279 ], [ -93.079156341690762, 16.765070479543716 ], [ -93.079516312017276, 16.765105421272033 ], [ -93.07975210528511, 16.765084677996018 ], [ -93.079932761015698, 16.765103422990183 ], [ -93.080148698416991, 16.765125828628268 ], [ -93.080770327450068, 16.765053303328461 ], [ -93.081252640549508, 16.765032461619864 ], [ -93.081466992611738, 16.765001398728558 ], [ -93.081874233504053, 16.764877324181921 ], [ -93.082109964197713, 16.76471201278855 ], [ -93.082206268718977, 16.764340234684951 ], [ -93.082257334696166, 16.763757283157837 ], [ -93.082747631680959, 16.763847000962468 ], [ -93.083440010976517, 16.763973695001134 ], [ -93.082935278843053, 16.764678323982807 ], [ -93.082649405169178, 16.765077413755471 ], [ -93.083440484901445, 16.765061902937873 ], [ -93.083834057634633, 16.76505418496745 ], [ -93.084282752077016, 16.765095711331515 ], [ -93.084743688616811, 16.765177036419658 ], [ -93.085097517601724, 16.765239463297526 ], [ -93.085830131324101, 16.765419495810995 ], [ -93.085485707884658, 16.766415848806968 ], [ -93.085396802771342, 16.766673032995545 ], [ -93.085380713629661, 16.766719575491795 ], [ -93.085263746096672, 16.767057937196 ], [ -93.085248469817969, 16.767102128063662 ], [ -93.085150350735177, 16.767385964175642 ], [ -93.084793757602299, 16.767291703249544 ], [ -93.084518743799009, 16.767219006311027 ], [ -93.084294175671261, 16.767159643829977 ], [ -93.084163665918965, 16.767190937243004 ], [ -93.084075045677878, 16.767240912129388 ], [ -93.084013915933411, 16.767342238226959 ], [ -93.083997961615452, 16.767439201387699 ], [ -93.08398294595024, 16.767538588066515 ], [ -93.083946663122816, 16.767778738818766 ], [ -93.083885089049005, 16.768150497304148 ], [ -93.083836239849646, 16.768209994522305 ], [ -93.083832491019507, 16.768318436610873 ], [ -93.083559194322063, 16.769107791457472 ], [ -93.083532212210287, 16.769181146075198 ], [ -93.083411851410602, 16.769517202760763 ], [ -93.083392057678012, 16.769581366358402 ], [ -93.083279781154914, 16.769934509013272 ], [ -93.083248290976258, 16.769998547963375 ], [ -93.083303735675742, 16.770014045970473 ], [ -93.083177729617489, 16.770482903541925 ], [ -93.082957587801715, 16.771302026372481 ], [ -93.08285030167508, 16.771701223304447 ], [ -93.08274029070833, 16.772110557204172 ], [ -93.082614812850011, 16.77257743882047 ], [ -93.082522428024959, 16.772921185423446 ], [ -93.08246297587452, 16.773140082479351 ], [ -93.082507382025298, 16.773151677552882 ], [ -93.083549711376676, 16.77342384131736 ], [ -93.083666887376623, 16.773454436892795 ], [ -93.084764399399319, 16.773741002197394 ], [ -93.084869444804397, 16.773768303140848 ], [ -93.084951230715859, 16.773793206799041 ], [ -93.084935421826501, 16.773967790926456 ], [ -93.084909500177929, 16.774005727053005 ], [ -93.084474015967729, 16.774623369643169 ], [ -93.083808906041696, 16.775597669597722 ], [ -93.083573279050341, 16.775971658355019 ], [ -93.08316635675834, 16.77658970723423 ], [ -93.082757508481706, 16.777184576842508 ], [ -93.082353394283857, 16.777780408636644 ] ] ] ] } },
{ "type": "Feature", "properties": { "ID": 95, "ENTIDAD": 7, "MUNICIPIO": 102, "NOMBRE": "TUXTLA GUTIERREZ", "CONTROL": 163, "GEOMETRY1_": null, "ID_2": 1543, "ENTIDAD_2": 7, "DISTRITO_F": 9, "DISTRITO_L": 13, "MUNICIPIO_2": 102, "SECCION": 1648, "TIPO": 2, "CONTROL_2": 1860, "GEOMETRY1__2": null }, "geometry": { "type": "MultiPolygon", "coordinates": [ [ [ [ -93.125411132765549, 16.767245769980072 ], [ -93.12452052420177, 16.767147028917417 ], [ -93.124617166973707, 16.76654615601478 ], [ -93.124710854067843, 16.765949675485381 ], [ -93.124802939637874, 16.765363387815434 ], [ -93.124897387843674, 16.76476205406518 ], [ -93.124993191686841, 16.764152085379983 ], [ -93.125086911652843, 16.763555380676454 ], [ -93.125137887360111, 16.763230822403539 ], [ -93.125209714966601, 16.762773499884382 ], [ -93.12524754803411, 16.762532617896003 ], [ -93.12544935494472, 16.761382973037236 ], [ -93.125465436329932, 16.761291523096311 ], [ -93.125557142639209, 16.760770015566827 ], [ -93.124880032021395, 16.760643925453916 ], [ -93.125022295093217, 16.759853044938357 ], [ -93.125663451596751, 16.759983291352356 ], [ -93.126849581744978, 16.760231291550124 ], [ -93.126787396588327, 16.761015006571551 ], [ -93.127742600767746, 16.760996159307094 ], [ -93.128143121007952, 16.761466368789478 ], [ -93.128460567989535, 16.761839048310868 ], [ -93.128607894405405, 16.762098328800203 ], [ -93.128871431952177, 16.76266744024025 ], [ -93.129050700536283, 16.76307003820078 ], [ -93.129280859870576, 16.763525070182848 ], [ -93.128284922285047, 16.763454877242889 ], [ -93.128222642814066, 16.763966055495036 ], [ -93.127867938808464, 16.76390991421416 ], [ -93.127286282124416, 16.763837386523271 ], [ -93.127171046876171, 16.763823000265869 ], [ -93.126849633672123, 16.763767985364719 ], [ -93.12675139106446, 16.764387369420749 ], [ -93.126665996851315, 16.764969128028717 ], [ -93.126577046040026, 16.765575112662695 ], [ -93.1264730663097, 16.766177904420253 ], [ -93.126382048416446, 16.766785636070786 ], [ -93.126300052921053, 16.767370111312943 ], [ -93.125411132765549, 16.767245769980072 ] ] ] ] } },
{ "type": "Feature", "properties": { "ID": 95, "ENTIDAD": 7, "MUNICIPIO": 102, "NOMBRE": "TUXTLA GUTIERREZ", "CONTROL": 163, "GEOMETRY1_": null, "ID_2": 1544, "ENTIDAD_2": 7, "DISTRITO_F": 9, "DISTRITO_L": 13, "MUNICIPIO_2": 102, "SECCION": 1649, "TIPO": 2, "CONTROL_2": 1861, "GEOMETRY1__2": null }, "geometry": { "type": "MultiPolygon", "coordinates": [ [ [ [ -93.122022626403663, 16.767654548705075 ], [ -93.122169478103942, 16.768070225182836 ], [ -93.122329377893152, 16.768483604602402 ], [ -93.122433476074264, 16.768752722396197 ], [ -93.122558949395994, 16.769023211842359 ], [ -93.122678948805401, 16.7691752728601 ], [ -93.122671378101103, 16.769305985915587 ], [ -93.122659744410029, 16.769409167090569 ], [ -93.121927980199743, 16.769469228993735 ], [ -93.121376442254487, 16.769539704810818 ], [ -93.121097928087195, 16.769552144922258 ], [ -93.121190535452186, 16.769183801262532 ], [ -93.121263177333688, 16.768766481680473 ], [ -93.121275404574817, 16.768707395907022 ], [ -93.121311121330322, 16.768343257050173 ], [ -93.121266664506479, 16.768137770154127 ], [ -93.12120267695245, 16.767948411384836 ], [ -93.121053865561564, 16.767759102416729 ], [ -93.120890092834358, 16.767581338946812 ], [ -93.120866130414782, 16.767562124934869 ], [ -93.120750547485741, 16.767220936598772 ], [ -93.120725731269417, 16.767074961307856 ], [ -93.120708618603487, 16.766749942442011 ], [ -93.120692253740373, 16.766714758255045 ], [ -93.120623309710112, 16.766690616298366 ], [ -93.120505694223795, 16.766647329129881 ], [ -93.12024923054696, 16.766510824946263 ], [ -93.120348835523316, 16.76594919771718 ], [ -93.12041959234088, 16.765567812482097 ], [ -93.120398352530657, 16.765486172310545 ], [ -93.120506495747279, 16.764821659202859 ], [ -93.120536719337721, 16.764635941949223 ], [ -93.120594614679902, 16.764280186918008 ], [ -93.12066746248037, 16.763832550212001 ], [ -93.12076428199542, 16.763107794995335 ], [ -93.12080414933753, 16.762809361180238 ], [ -93.1216869881343, 16.762949074904309 ], [ -93.122583833347832, 16.763110749745 ], [ -93.12272694283368, 16.76215235335507 ], [ -93.123472364013494, 16.762259079851599 ], [ -93.12366076548426, 16.761180022394676 ], [ -93.123786355492001, 16.760461716037231 ], [ -93.123931518445616, 16.759631456370521 ], [ -93.125022295093217, 16.759853044938357 ], [ -93.124880032021395, 16.760643925453916 ], [ -93.125557142639209, 16.760770015566827 ], [ -93.125465436329932, 16.761291523096311 ], [ -93.12544935494472, 16.761382973037236 ], [ -93.12524754803411, 16.762532617896003 ], [ -93.125209714966601, 16.762773499884382 ], [ -93.125137887360111, 16.763230822403539 ], [ -93.125086911652843, 16.763555380676454 ], [ -93.124993191686841, 16.764152085379983 ], [ -93.124897387843674, 16.76476205406518 ], [ -93.124802939637874, 16.765363387815434 ], [ -93.124710854067843, 16.765949675485381 ], [ -93.124617166973707, 16.76654615601478 ], [ -93.12452052420177, 16.767147028917417 ], [ -93.124297157609902, 16.76712216276713 ], [ -93.123642552836316, 16.767049287855244 ], [ -93.122769837743263, 16.766937333863506 ], [ -93.122684438419128, 16.767515803120794 ], [ -93.121941035559715, 16.767423597067282 ], [ -93.122022626403663, 16.767654548705075 ] ] ] ] } },
{ "type": "Feature", "properties": { "ID": 95, "ENTIDAD": 7, "MUNICIPIO": 102, "NOMBRE": "TUXTLA GUTIERREZ", "CONTROL": 163, "GEOMETRY1_": null, "ID_2": 2260, "ENTIDAD_2": 7, "DISTRITO_F": 6, "DISTRITO_L": 3, "MUNICIPIO_2": 27, "SECCION": 2377, "TIPO": 2, "CONTROL_2": 3011, "GEOMETRY1__2": null }, "geometry": { "type": "MultiPolygon", "coordinates": [ [ [ [ -93.050889599999209, 16.743655289215955 ], [ -93.050228545322128, 16.742874639759126 ], [ -93.0508896, 16.743655289 ], [ -93.051783276999203, 16.744763566216506 ], [ -93.050889599999209, 16.743655289215955 ] ] ], [ [ [ -93.044938891999294, 16.736761628213294 ], [ -93.04493889223491, 16.736761628175344 ], [ -93.045282045999457, 16.73701772091286 ], [ -93.044938891999294, 16.736761628213294 ] ] ] ] } },
{ "type": "Feature", "properties": { "ID": 95, "ENTIDAD": 7, "MUNICIPIO": 102, "NOMBRE": "TUXTLA GUTIERREZ", "CONTROL": 163, "GEOMETRY1_": null, "ID_2": 1638, "ENTIDAD_2": 7, "DISTRITO_F": 6, "DISTRITO_L": 1, "MUNICIPIO_2": 102, "SECCION": 1751, "TIPO": 2, "CONTROL_2": 1888, "GEOMETRY1__2": null }, "geometry": { "type": "MultiPolygon", "coordinates": [ [ [ [ -93.087812395481663, 16.740930462658795 ], [ -93.087817315932739, 16.740853062100093 ], [ -93.087672940199212, 16.740926633295203 ], [ -93.086561537615736, 16.741541434450575 ], [ -93.085523686045789, 16.742135196349494 ], [ -93.08481815234974, 16.742518788677415 ], [ -93.084684655720196, 16.742552973048124 ], [ -93.084521169646621, 16.742547789351647 ], [ -93.084115622969563, 16.742478828979014 ], [ -93.084457414727709, 16.740651141587708 ], [ -93.084507757405632, 16.740381937622899 ], [ -93.084558437335346, 16.740142490863715 ], [ -93.084671160596017, 16.739652746760186 ], [ -93.085073792243918, 16.738078451702709 ], [ -93.083412235934532, 16.738860523561243 ], [ -93.08182203813432, 16.739629162002142 ], [ -93.080375409382768, 16.740318164562485 ], [ -93.079668237042426, 16.74063670979573 ], [ -93.079133359681919, 16.740854862043022 ], [ -93.078426159216036, 16.741114592065358 ], [ -93.076849387946993, 16.741614629265502 ], [ -93.076824094520717, 16.741534540034028 ], [ -93.076262076435896, 16.741416086112384 ], [ -93.076309530140989, 16.741118124747008 ], [ -93.07638573238485, 16.740715686881344 ], [ -93.07669845678916, 16.738963512820835 ], [ -93.077011173002617, 16.7372113241865 ], [ -93.077021303462445, 16.737154573761238 ], [ -93.077308909897994, 16.737262585671733 ], [ -93.077859687054271, 16.737469428406619 ], [ -93.077920175201328, 16.737128367052208 ], [ -93.077992144430922, 16.736722568217992 ], [ -93.078064113359602, 16.736316769343862 ], [ -93.07812914631792, 16.735950077644787 ], [ -93.078147733406126, 16.735845273126156 ], [ -93.078252715766496, 16.7352533210119 ], [ -93.078199349247583, 16.735127763420355 ], [ -93.07822717980568, 16.73497550931959 ], [ -93.078391739838509, 16.734075237075437 ], [ -93.0784251380109, 16.734020368247016 ], [ -93.07872133735421, 16.734044966390989 ], [ -93.078956228714105, 16.734064674909931 ], [ -93.079182439872071, 16.734091909140997 ], [ -93.080111509843746, 16.7342037599437 ], [ -93.080259144946353, 16.734221533347505 ], [ -93.080210831060739, 16.734677801176655 ], [ -93.080159901242851, 16.735158963012768 ], [ -93.081028732500585, 16.735236913546025 ], [ -93.081887020273541, 16.735313914476595 ], [ -93.082758430433969, 16.735414589328183 ], [ -93.083258440672097, 16.735466872639385 ], [ -93.083635163935043, 16.735503753518998 ], [ -93.084831721431442, 16.735608733010828 ], [ -93.085168300766341, 16.736479334865077 ], [ -93.085208153160806, 16.736592775007118 ], [ -93.085223120818, 16.736687049651628 ], [ -93.085243085059417, 16.73682926163136 ], [ -93.086312180041631, 16.736913000647903 ], [ -93.086738473440462, 16.73695475953355 ], [ -93.087457665639093, 16.737025208187582 ], [ -93.088455876402023, 16.737122158777296 ], [ -93.088550532166593, 16.737131351902832 ], [ -93.088611776312632, 16.737136713484482 ], [ -93.0886766710355, 16.737146337621542 ], [ -93.090811814269387, 16.737454141533266 ], [ -93.091525932510535, 16.737720674539236 ], [ -93.091409231622308, 16.738286761272796 ], [ -93.091302336139748, 16.73885370703751 ], [ -93.091275585500043, 16.738995584924314 ], [ -93.091207509312639, 16.73938834094718 ], [ -93.091025344208006, 16.74025722678838 ], [ -93.092075840595953, 16.740405406976176 ], [ -93.091929903990788, 16.74129608666906 ], [ -93.091759041160728, 16.742185261193839 ], [ -93.091681796767531, 16.742419549001287 ], [ -93.091483788431233, 16.742802565055918 ], [ -93.090778481127771, 16.742537297126507 ], [ -93.090736281773701, 16.742517306080554 ], [ -93.090701939797469, 16.742500311823548 ], [ -93.089896013389222, 16.742119345795118 ], [ -93.088783963713851, 16.741710874377656 ], [ -93.088512755697053, 16.741608166667497 ], [ -93.08827295941478, 16.741517354334189 ], [ -93.088186182112267, 16.741495943871225 ], [ -93.087782539093638, 16.741400113650041 ], [ -93.087812395481663, 16.740930462658795 ] ] ] ] } },
{ "type": "Feature", "properties": { "ID": 95, "ENTIDAD": 7, "MUNICIPIO": 102, "NOMBRE": "TUXTLA GUTIERREZ", "CONTROL": 163, "GEOMETRY1_": null, "ID_2": 1639, "ENTIDAD_2": 7, "DISTRITO_F": 6, "DISTRITO_L": 13, "MUNICIPIO_2": 102, "SECCION": 1752, "TIPO": 2, "CONTROL_2": 1769, "GEOMETRY1__2": null }, "geometry": { "type": "MultiPolygon", "coordinates": [ [ [ [ -93.094656945093789, 16.751120416787323 ], [ -93.094217903612261, 16.751021355522944 ], [ -93.094545354779882, 16.749753178474304 ], [ -93.09369809465997, 16.749557369825112 ], [ -93.093722155108367, 16.749456805828441 ], [ -93.093875597349339, 16.748815470058776 ], [ -93.093979160354209, 16.748382609848122 ], [ -93.094089079139252, 16.747923182319866 ], [ -93.094192443409923, 16.74749114863598 ], [ -93.094277749671022, 16.747134590868853 ], [ -93.094384917692949, 16.74668665475733 ], [ -93.094457059888924, 16.74638511682117 ], [ -93.094767822257964, 16.746468180970279 ], [ -93.095788358614186, 16.746688727794456 ], [ -93.096793469411864, 16.746905935581218 ], [ -93.097258346925912, 16.747006395332505 ], [ -93.097181838417058, 16.7473459161485 ], [ -93.097056754375913, 16.747895175038813 ], [ -93.09693556702625, 16.748427320028654 ], [ -93.096813338717652, 16.748964032910994 ], [ -93.09669027512399, 16.749504410486963 ], [ -93.096540902660308, 16.750160307272044 ], [ -93.096059892447698, 16.750047778477452 ], [ -93.095843173358404, 16.750876220073131 ], [ -93.095816415164549, 16.750978506816715 ], [ -93.095727725294267, 16.751376007362982 ], [ -93.094656945093789, 16.751120416787323 ] ] ] ] } },
{ "type": "Feature", "properties": { "ID": 95, "ENTIDAD": 7, "MUNICIPIO": 102, "NOMBRE": "TUXTLA GUTIERREZ", "CONTROL": 163, "GEOMETRY1_": null, "ID_2": 1545, "ENTIDAD_2": 7, "DISTRITO_F": 9, "DISTRITO_L": 13, "MUNICIPIO_2": 102, "SECCION": 1650, "TIPO": 2, "CONTROL_2": 1862, "GEOMETRY1__2": null }, "geometry": { "type": "MultiPolygon", "coordinates": [ [ [ [ -93.11976399442365, 16.769524414376864 ], [ -93.119618290928827, 16.769521384889092 ], [ -93.119421424913469, 16.769505378990058 ], [ -93.119375661110809, 16.769498273258005 ], [ -93.119324130197853, 16.769493073275328 ], [ -93.119289611914056, 16.769490279078138 ], [ -93.118782478652932, 16.769449226815546 ], [ -93.118593631624492, 16.768722530389038 ], [ -93.118471529735046, 16.768330226256513 ], [ -93.11835005222882, 16.768047130113587 ], [ -93.118356782136772, 16.7676133879636 ], [ -93.119159797318304, 16.767876117304471 ], [ -93.119229760158703, 16.767314771606802 ], [ -93.119238427986588, 16.76724506542152 ], [ -93.119249264500823, 16.767164066795299 ], [ -93.119385247881794, 16.766213094557266 ], [ -93.119533388005408, 16.765262251861504 ], [ -93.119575651193642, 16.764990982343612 ], [ -93.119617421013345, 16.764722878795514 ], [ -93.119776779064807, 16.763711777919369 ], [ -93.119883430906796, 16.763035083398975 ], [ -93.119940376845847, 16.762673765555423 ], [ -93.12080414933753, 16.762809361180238 ], [ -93.12076428199542, 16.763107794995335 ], [ -93.12066746248037, 16.763832550212001 ], [ -93.120594614679902, 16.764280186918008 ], [ -93.120536719337721, 16.764635941949223 ], [ -93.120506495747279, 16.764821659202859 ], [ -93.120398352530657, 16.765486172310545 ], [ -93.12041959234088, 16.765567812482097 ], [ -93.120348835523316, 16.76594919771718 ], [ -93.12024923054696, 16.766510824946263 ], [ -93.120505694223795, 16.766647329129881 ], [ -93.120623309710112, 16.766690616298366 ], [ -93.120692253740373, 16.766714758255045 ], [ -93.120708618603487, 16.766749942442011 ], [ -93.120725731269417, 16.767074961307856 ], [ -93.120750547485741, 16.767220936598772 ], [ -93.120866130414782, 16.767562124934869 ], [ -93.120890092834358, 16.767581338946812 ], [ -93.121053865561564, 16.767759102416729 ], [ -93.12120267695245, 16.767948411384836 ], [ -93.121266664506479, 16.768137770154127 ], [ -93.121311121330322, 16.768343257050173 ], [ -93.121275404574817, 16.768707395907022 ], [ -93.121263177333688, 16.768766481680473 ], [ -93.121190535452186, 16.769183801262532 ], [ -93.121097928087195, 16.769552144922258 ], [ -93.11976399442365, 16.769524414376864 ] ] ] ] } },
{ "type": "Feature", "properties": { "ID": 95, "ENTIDAD": 7, "MUNICIPIO": 102, "NOMBRE": "TUXTLA GUTIERREZ", "CONTROL": 163, "GEOMETRY1_": null, "ID_2": 1546, "ENTIDAD_2": 7, "DISTRITO_F": 9, "DISTRITO_L": 13, "MUNICIPIO_2": 102, "SECCION": 1651, "TIPO": 2, "CONTROL_2": 1863, "GEOMETRY1__2": null }, "geometry": { "type": "MultiPolygon", "coordinates": [ [ [ [ -93.118356782136772, 16.7676133879636 ], [ -93.11838360192921, 16.767233578920539 ], [ -93.117397699629976, 16.767074572631905 ], [ -93.117337956692282, 16.767042910655569 ], [ -93.116572240796316, 16.767066101310157 ], [ -93.116291991842672, 16.767087957777122 ], [ -93.11597945795161, 16.766213075157594 ], [ -93.115879034646369, 16.765906072998529 ], [ -93.11571879686592, 16.765588439743173 ], [ -93.115660398045549, 16.765256732045604 ], [ -93.115655503013798, 16.765181976375164 ], [ -93.115684787129027, 16.765075821956643 ], [ -93.115970052418263, 16.764041733791064 ], [ -93.116216157443986, 16.762938341125398 ], [ -93.116400512921757, 16.76211178926383 ], [ -93.117393201678425, 16.762269391497728 ], [ -93.118191336680184, 16.762396102136677 ], [ -93.119047445249109, 16.762532012940742 ], [ -93.119433906879792, 16.762593364106166 ], [ -93.119940376845847, 16.762673765555423 ], [ -93.119883430906796, 16.763035083398975 ], [ -93.119776779064807, 16.763711777919369 ], [ -93.119617421013345, 16.764722878795514 ], [ -93.119575651193642, 16.764990982343612 ], [ -93.119533388005408, 16.765262251861504 ], [ -93.119385247881794, 16.766213094557266 ], [ -93.119249264500823, 16.767164066795299 ], [ -93.119238427986588, 16.76724506542152 ], [ -93.119229760158703, 16.767314771606802 ], [ -93.119159797318304, 16.767876117304471 ], [ -93.118356782136772, 16.7676133879636 ] ] ] ] } },
{ "type": "Feature", "properties": { "ID": 95, "ENTIDAD": 7, "MUNICIPIO": 102, "NOMBRE": "TUXTLA GUTIERREZ", "CONTROL": 163, "GEOMETRY1_": null, "ID_2": 1547, "ENTIDAD_2": 7, "DISTRITO_F": 9, "DISTRITO_L": 13, "MUNICIPIO_2": 102, "SECCION": 1652, "TIPO": 2, "CONTROL_2": 1783, "GEOMETRY1__2": null }, "geometry": { "type": "MultiPolygon", "coordinates": [ [ [ [ -93.113346436681013, 16.764568596223004 ], [ -93.112743311734036, 16.764414584997986 ], [ -93.112417593841855, 16.764331410329351 ], [ -93.111500336392368, 16.764097178142382 ], [ -93.110500071150753, 16.763862419077117 ], [ -93.110168787279875, 16.763771494403606 ], [ -93.109258094684847, 16.763521541135901 ], [ -93.108219630356615, 16.76325507156826 ], [ -93.108291078169572, 16.763028640824814 ], [ -93.108501297937124, 16.762389842575708 ], [ -93.109488146009014, 16.762643135790608 ], [ -93.109704625644142, 16.761876217472416 ], [ -93.109718507369152, 16.761813270793358 ], [ -93.109950966831164, 16.760964015123459 ], [ -93.111005334542838, 16.76115311543559 ], [ -93.112078730398281, 16.761345622504209 ], [ -93.112905199875868, 16.76149384073944 ], [ -93.113490394114692, 16.76159878676172 ], [ -93.114645088265519, 16.761805859040919 ], [ -93.114473529084577, 16.762667367365214 ], [ -93.114267684537324, 16.763701034090623 ], [ -93.114058696795368, 16.764750473106535 ], [ -93.113346436681013, 16.764568596223004 ] ] ] ] } },
{ "type": "Feature", "properties": { "ID": 95, "ENTIDAD": 7, "MUNICIPIO": 102, "NOMBRE": "TUXTLA GUTIERREZ", "CONTROL": 163, "GEOMETRY1_": null, "ID_2": 1548, "ENTIDAD_2": 7, "DISTRITO_F": 9, "DISTRITO_L": 1, "MUNICIPIO_2": 102, "SECCION": 1653, "TIPO": 2, "CONTROL_2": 1782, "GEOMETRY1__2": null }, "geometry": { "type": "MultiPolygon", "coordinates": [ [ [ [ -93.103172231429667, 16.77013392453847 ], [ -93.103297029514678, 16.769659489840794 ], [ -93.103509468669898, 16.769128030666671 ], [ -93.103663220447359, 16.76875683958411 ], [ -93.103743860427812, 16.768562156063638 ], [ -93.104011153136824, 16.767836866033825 ], [ -93.10416646677271, 16.767419711914471 ], [ -93.104176605153214, 16.76739034503262 ], [ -93.104204448620251, 16.767310557427109 ], [ -93.104231259548882, 16.767213171428317 ], [ -93.104246405019211, 16.767161740483509 ], [ -93.104550801719398, 16.766137401891118 ], [ -93.10461681876896, 16.765309262774288 ], [ -93.104633823057142, 16.764760890397408 ], [ -93.104637656674115, 16.764699682181444 ], [ -93.104664618834988, 16.764269198421282 ], [ -93.104670701428375, 16.764172082146782 ], [ -93.104684270971859, 16.763955426929371 ], [ -93.104735229029913, 16.763141811765728 ], [ -93.104741545273669, 16.763040963823112 ], [ -93.105405315799516, 16.763144074214058 ], [ -93.105480725169812, 16.762585829385557 ], [ -93.105921175361132, 16.762693454671584 ], [ -93.107372271851204, 16.763041134351219 ], [ -93.108219630356615, 16.76325507156826 ], [ -93.108115288996743, 16.763632138611282 ], [ -93.107940610996039, 16.764201675870641 ], [ -93.109019958066114, 16.764528865076535 ], [ -93.108841119019289, 16.765265686515885 ], [ -93.108742477809983, 16.765663331236787 ], [ -93.108480017427269, 16.766389073134775 ], [ -93.108327386211528, 16.76672681590124 ], [ -93.10805329058276, 16.767325726275381 ], [ -93.107755307718563, 16.767955332809837 ], [ -93.107638803418979, 16.76819985293286 ], [ -93.107476470925022, 16.768604154447932 ], [ -93.107383191524264, 16.768962831586098 ], [ -93.107293078841337, 16.769426630767285 ], [ -93.107198148731328, 16.769923061432294 ], [ -93.107122450785369, 16.770404910760352 ], [ -93.106147633799608, 16.770451042283579 ], [ -93.106076758520317, 16.77045439615264 ], [ -93.105088320804953, 16.77050989594699 ], [ -93.105015270074546, 16.770509893638437 ], [ -93.104952735856102, 16.770512800523861 ], [ -93.103127655245473, 16.770594089569535 ], [ -93.103069388486773, 16.770596684502248 ], [ -93.103172231429667, 16.77013392453847 ] ] ] ] } },
{ "type": "Feature", "properties": { "ID": 95, "ENTIDAD": 7, "MUNICIPIO": 102, "NOMBRE": "TUXTLA GUTIERREZ", "CONTROL": 163, "GEOMETRY1_": null, "ID_2": 1840, "ENTIDAD_2": 7, "DISTRITO_F": 9, "DISTRITO_L": 1, "MUNICIPIO_2": 102, "SECCION": 1957, "TIPO": 2, "CONTROL_2": 2185, "GEOMETRY1__2": null }, "geometry": { "type": "MultiPolygon", "coordinates": [ [ [ [ -93.086916741878611, 16.782316421800886 ], [ -93.086894957458057, 16.78212667043514 ], [ -93.086936194490278, 16.782059302569728 ], [ -93.086079258015218, 16.781865102744689 ], [ -93.086068059350325, 16.782066298983221 ], [ -93.086051375027978, 16.782366050286321 ], [ -93.086041978004744, 16.782425521893732 ], [ -93.085970772759254, 16.782384689182337 ], [ -93.084900531934849, 16.781656516016813 ], [ -93.084965966734359, 16.781558251331283 ], [ -93.085012765436915, 16.781476347254351 ], [ -93.085087195219899, 16.781346084871885 ], [ -93.085099860072148, 16.78132391961385 ], [ -93.085112524921485, 16.781301754354914 ], [ -93.085362327907092, 16.780868769283199 ], [ -93.08545170389263, 16.780715134149631 ], [ -93.085769277483237, 16.780213198621471 ], [ -93.08587958916192, 16.780026621935605 ], [ -93.086077314678505, 16.779705949219611 ], [ -93.086203919460928, 16.779515367069973 ], [ -93.086295283249143, 16.779378517308256 ], [ -93.086346539788025, 16.779303214623656 ], [ -93.086630382567066, 16.7789620266356 ], [ -93.086670635309687, 16.778903233832114 ], [ -93.086718828108715, 16.778885854226306 ], [ -93.086909286542081, 16.778584058837929 ], [ -93.08711175559975, 16.778243045593992 ], [ -93.08719510527213, 16.778097672539772 ], [ -93.087208607335739, 16.778074746888883 ], [ -93.087181986375754, 16.778067513108674 ], [ -93.087363689199634, 16.777758505409121 ], [ -93.087499705815148, 16.777556147729332 ], [ -93.088004851961998, 16.776683045681303 ], [ -93.088070889300155, 16.776525673037078 ], [ -93.088094624643531, 16.776477184075944 ], [ -93.088111424437002, 16.776420444274667 ], [ -93.088303709785407, 16.776010230445721 ], [ -93.088362308602342, 16.775922676043908 ], [ -93.088534830048175, 16.776034865198088 ], [ -93.090213200449668, 16.77664484905215 ], [ -93.08998934419607, 16.777538132648495 ], [ -93.08976189431506, 16.77844574759548 ], [ -93.089692199248617, 16.778545312850088 ], [ -93.089653957257553, 16.778699709896909 ], [ -93.089618539742872, 16.77884270326058 ], [ -93.089511541448957, 16.779260108797846 ], [ -93.089422371155123, 16.779597907130306 ], [ -93.089339892150193, 16.779918491832895 ], [ -93.089239574239869, 16.780297170264848 ], [ -93.089207007231423, 16.780417015897953 ], [ -93.089150489698852, 16.78062499838682 ], [ -93.08906764246305, 16.780929872392409 ], [ -93.089020502507779, 16.781071190682852 ], [ -93.08901367204264, 16.781099762454851 ], [ -93.088931003432293, 16.781103417701186 ], [ -93.087888271781807, 16.780845848297954 ], [ -93.087997956405033, 16.781335308821784 ], [ -93.088073695835291, 16.781673289593673 ], [ -93.088162340493469, 16.78206885726317 ], [ -93.088254239917646, 16.782478947185975 ], [ -93.086965146172275, 16.78273804193633 ], [ -93.086916741878611, 16.782316421800886 ] ] ] ] } },
{ "type": "Feature", "properties": { "ID": 95, "ENTIDAD": 7, "MUNICIPIO": 102, "NOMBRE": "TUXTLA GUTIERREZ", "CONTROL": 163, "GEOMETRY1_": null, "ID_2": 1841, "ENTIDAD_2": 7, "DISTRITO_F": 9, "DISTRITO_L": 1, "MUNICIPIO_2": 102, "SECCION": 1958, "TIPO": 2, "CONTROL_2": 2184, "GEOMETRY1__2": null }, "geometry": { "type": "MultiPolygon", "coordinates": [ [ [ [ -93.09536235196299, 16.782558678501218 ], [ -93.094224526569263, 16.782502446974206 ], [ -93.094295928359386, 16.78210523009454 ], [ -93.094354948771326, 16.78173449880892 ], [ -93.094444310476206, 16.781355642991866 ], [ -93.094511758954539, 16.78099638393466 ], [ -93.094533205220955, 16.780849964623034 ], [ -93.095029961524617, 16.780821740639084 ], [ -93.095537223024536, 16.780822875467507 ], [ -93.096045122426673, 16.780811329779414 ], [ -93.096027246468353, 16.781089056763886 ], [ -93.096002782534256, 16.781469135521597 ], [ -93.09597822284266, 16.78185070052379 ], [ -93.095949414891081, 16.78221419331442 ], [ -93.09592580955352, 16.782604749348661 ], [ -93.09536235196299, 16.782558678501218 ] ] ] ] } },
{ "type": "Feature", "properties": { "ID": 95, "ENTIDAD": 7, "MUNICIPIO": 102, "NOMBRE": "TUXTLA GUTIERREZ", "CONTROL": 163, "GEOMETRY1_": null, "ID_2": 1842, "ENTIDAD_2": 7, "DISTRITO_F": 9, "DISTRITO_L": 1, "MUNICIPIO_2": 102, "SECCION": 1959, "TIPO": 2, "CONTROL_2": 2183, "GEOMETRY1__2": null }, "geometry": { "type": "MultiPolygon", "coordinates": [ [ [ [ -93.096325931908197, 16.782243161878061 ], [ -93.095949414891081, 16.78221419331442 ], [ -93.09597822284266, 16.78185070052379 ], [ -93.096002782534256, 16.781469135521597 ], [ -93.096027246468353, 16.781089056763886 ], [ -93.096045122426673, 16.780811329779414 ], [ -93.096426553806907, 16.780808938718408 ], [ -93.09655694307871, 16.780815228929686 ], [ -93.097042143440589, 16.780811486588483 ], [ -93.097524136481255, 16.780809360140708 ], [ -93.097506637601526, 16.780868855180614 ], [ -93.097488255824842, 16.781191747933374 ], [ -93.097456452088451, 16.781563892794409 ], [ -93.097444766613521, 16.781955671609754 ], [ -93.097410544831604, 16.782326606209669 ], [ -93.096325931908197, 16.782243161878061 ] ] ] ] } },
{ "type": "Feature", "properties": { "ID": 95, "ENTIDAD": 7, "MUNICIPIO": 102, "NOMBRE": "TUXTLA GUTIERREZ", "CONTROL": 163, "GEOMETRY1_": null, "ID_2": 1843, "ENTIDAD_2": 7, "DISTRITO_F": 9, "DISTRITO_L": 1, "MUNICIPIO_2": 102, "SECCION": 1960, "TIPO": 2, "CONTROL_2": 2189, "GEOMETRY1__2": null }, "geometry": { "type": "MultiPolygon", "coordinates": [ [ [ [ -93.081439930591188, 16.77903823891462 ], [ -93.081555431448052, 16.778916810691239 ], [ -93.081599405302541, 16.778870580093187 ], [ -93.081690727211878, 16.778752247148439 ], [ -93.081725742033299, 16.778700323922514 ], [ -93.081868917251228, 16.778489986880739 ], [ -93.082353394283857, 16.777780408636644 ], [ -93.082757508481706, 16.777184576842508 ], [ -93.082739761389163, 16.777387103139848 ], [ -93.08271219832703, 16.778487603444912 ], [ -93.082682290978596, 16.779513703551977 ], [ -93.083086878365876, 16.779846961057263 ], [ -93.083167483124072, 16.779914458949609 ], [ -93.083475908356689, 16.780172731465779 ], [ -93.083837714156488, 16.78049101961517 ], [ -93.083911723291479, 16.78055559701642 ], [ -93.084253985521528, 16.780854240382507 ], [ -93.084666374540518, 16.781228700768704 ], [ -93.084721358638006, 16.781230965765403 ], [ -93.085014911581041, 16.781296288160615 ], [ -93.085080462783012, 16.781318098371887 ], [ -93.085099860072148, 16.78132391961385 ], [ -93.085087195219899, 16.781346084871885 ], [ -93.085012765436915, 16.781476347254351 ], [ -93.084965966734359, 16.781558251331283 ], [ -93.084900531934849, 16.781656516016813 ], [ -93.084875120648093, 16.781702089688537 ], [ -93.084845868622722, 16.781754551471948 ], [ -93.084769748497578, 16.78189106827492 ], [ -93.081439930591188, 16.77903823891462 ] ] ] ] } },
{ "type": "Feature", "properties": { "ID": 95, "ENTIDAD": 7, "MUNICIPIO": 102, "NOMBRE": "TUXTLA GUTIERREZ", "CONTROL": 163, "GEOMETRY1_": null, "ID_2": 1844, "ENTIDAD_2": 7, "DISTRITO_F": 9, "DISTRITO_L": 1, "MUNICIPIO_2": 102, "SECCION": 1961, "TIPO": 2, "CONTROL_2": 2186, "GEOMETRY1__2": null }, "geometry": { "type": "MultiPolygon", "coordinates": [ [ [ [ -93.085080462783012, 16.781318098371887 ], [ -93.085014911581041, 16.781296288160615 ], [ -93.085109523188564, 16.778501661950987 ], [ -93.085495625821082, 16.778512888146118 ], [ -93.085879246838005, 16.778526114958712 ], [ -93.086317946312164, 16.778541921925751 ], [ -93.086681954831391, 16.778550041268588 ], [ -93.086909286542081, 16.778584058837929 ], [ -93.086718828108715, 16.778885854226306 ], [ -93.086670635309687, 16.778903233832114 ], [ -93.086630382567066, 16.7789620266356 ], [ -93.086346539788025, 16.779303214623656 ], [ -93.086295283249143, 16.779378517308256 ], [ -93.086203919460928, 16.779515367069973 ], [ -93.086077314678505, 16.779705949219611 ], [ -93.08587958916192, 16.780026621935605 ], [ -93.085769277483237, 16.780213198621471 ], [ -93.08545170389263, 16.780715134149631 ], [ -93.085362327907092, 16.780868769283199 ], [ -93.085112524921485, 16.781301754354914 ], [ -93.085099860072148, 16.78132391961385 ], [ -93.085080462783012, 16.781318098371887 ] ] ] ] } },
{ "type": "Feature", "properties": { "ID": 95, "ENTIDAD": 7, "MUNICIPIO": 102, "NOMBRE": "TUXTLA GUTIERREZ", "CONTROL": 163, "GEOMETRY1_": null, "ID_2": 1845, "ENTIDAD_2": 7, "DISTRITO_F": 9, "DISTRITO_L": 1, "MUNICIPIO_2": 102, "SECCION": 1962, "TIPO": 2, "CONTROL_2": 2187, "GEOMETRY1__2": null }, "geometry": { "type": "MultiPolygon", "coordinates": [ [ [ [ -93.084721358638006, 16.781230965765403 ], [ -93.084666374540518, 16.781228700768704 ], [ -93.084253985521528, 16.780854240382507 ], [ -93.084333230172959, 16.7784836311154 ], [ -93.084641091770152, 16.778488816651539 ], [ -93.084739692747533, 16.778490477361981 ], [ -93.085109523188564, 16.778501661950987 ], [ -93.085014911581041, 16.781296288160615 ], [ -93.084721358638006, 16.781230965765403 ] ] ] ] } },
{ "type": "Feature", "properties": { "ID": 95, "ENTIDAD": 7, "MUNICIPIO": 102, "NOMBRE": "TUXTLA GUTIERREZ", "CONTROL": 163, "GEOMETRY1_": null, "ID_2": 1846, "ENTIDAD_2": 7, "DISTRITO_F": 9, "DISTRITO_L": 1, "MUNICIPIO_2": 102, "SECCION": 1963, "TIPO": 2, "CONTROL_2": 2188, "GEOMETRY1__2": null }, "geometry": { "type": "MultiPolygon", "coordinates": [ [ [ [ -93.083911723291479, 16.78055559701642 ], [ -93.083837714156488, 16.78049101961517 ], [ -93.083475908356689, 16.780172731465779 ], [ -93.083167483124072, 16.779914458949609 ], [ -93.083086878365876, 16.779846961057263 ], [ -93.082682290978596, 16.779513703551977 ], [ -93.08271219832703, 16.778487603444912 ], [ -93.083127430809029, 16.778483880668556 ], [ -93.083538068672368, 16.778480198262223 ], [ -93.083916377326517, 16.7784826512145 ], [ -93.084333230172959, 16.7784836311154 ], [ -93.084253985521528, 16.780854240382507 ], [ -93.083911723291479, 16.78055559701642 ] ] ] ] } },
{ "type": "Feature", "properties": { "ID": 95, "ENTIDAD": 7, "MUNICIPIO": 102, "NOMBRE": "TUXTLA GUTIERREZ", "CONTROL": 163, "GEOMETRY1_": null, "ID_2": 1847, "ENTIDAD_2": 7, "DISTRITO_F": 9, "DISTRITO_L": 1, "MUNICIPIO_2": 102, "SECCION": 1964, "TIPO": 2, "CONTROL_2": 2192, "GEOMETRY1__2": null }, "geometry": { "type": "MultiPolygon", "coordinates": [ [ [ [ -93.086681954831391, 16.778550041268588 ], [ -93.086317946312164, 16.778541921925751 ], [ -93.086348453147608, 16.777204481608202 ], [ -93.086138840658109, 16.777209052341171 ], [ -93.085941824887854, 16.777206890430808 ], [ -93.085971967000759, 16.776485061554737 ], [ -93.087096412042982, 16.774636934238281 ], [ -93.087783679024909, 16.774706088492671 ], [ -93.087957890703066, 16.774723617667103 ], [ -93.088432472856411, 16.77477137457613 ], [ -93.088473164341366, 16.774459590985504 ], [ -93.088559385652985, 16.774471253927111 ], [ -93.088510717895929, 16.774782050089925 ], [ -93.088470290927404, 16.774868723787609 ], [ -93.088405205972862, 16.775350124180672 ], [ -93.088386503659933, 16.775488455254855 ], [ -93.088359425636469, 16.775789493132056 ], [ -93.088362308602342, 16.775922676043908 ], [ -93.088303709785407, 16.776010230445721 ], [ -93.088111424437002, 16.776420444274667 ], [ -93.088094624643531, 16.776477184075944 ], [ -93.088070889300155, 16.776525673037078 ], [ -93.088004851961998, 16.776683045681303 ], [ -93.087499705815148, 16.777556147729332 ], [ -93.087363689199634, 16.777758505409121 ], [ -93.087181986375754, 16.778067513108674 ], [ -93.087208607335739, 16.778074746888883 ], [ -93.08719510527213, 16.778097672539772 ], [ -93.08711175559975, 16.778243045593992 ], [ -93.086909286542081, 16.778584058837929 ], [ -93.086681954831391, 16.778550041268588 ] ] ] ] } },
{ "type": "Feature", "properties": { "ID": 95, "ENTIDAD": 7, "MUNICIPIO": 102, "NOMBRE": "TUXTLA GUTIERREZ", "CONTROL": 163, "GEOMETRY1_": null, "ID_2": 1848, "ENTIDAD_2": 7, "DISTRITO_F": 9, "DISTRITO_L": 1, "MUNICIPIO_2": 102, "SECCION": 1965, "TIPO": 2, "CONTROL_2": 2191, "GEOMETRY1__2": null }, "geometry": { "type": "MultiPolygon", "coordinates": [ [ [ [ -93.085879246838005, 16.778526114958712 ], [ -93.085495625821082, 16.778512888146118 ], [ -93.085109523188564, 16.778501661950987 ], [ -93.084739692747533, 16.778490477361981 ], [ -93.084641091770152, 16.778488816651539 ], [ -93.084333230172959, 16.7784836311154 ], [ -93.084370232526993, 16.777179286293006 ], [ -93.084764207734111, 16.777181022270412 ], [ -93.085146961855457, 16.777185052339732 ], [ -93.085542367172962, 16.777197392397124 ], [ -93.085941824887854, 16.777206890430808 ], [ -93.086138840658109, 16.777209052341171 ], [ -93.086348453147608, 16.777204481608202 ], [ -93.086317946312164, 16.778541921925751 ], [ -93.085879246838005, 16.778526114958712 ] ] ] ] } },
{ "type": "Feature", "properties": { "ID": 95, "ENTIDAD": 7, "MUNICIPIO": 102, "NOMBRE": "TUXTLA GUTIERREZ", "CONTROL": 163, "GEOMETRY1_": null, "ID_2": 1849, "ENTIDAD_2": 7, "DISTRITO_F": 9, "DISTRITO_L": 1, "MUNICIPIO_2": 102, "SECCION": 1966, "TIPO": 2, "CONTROL_2": 2190, "GEOMETRY1__2": null }, "geometry": { "type": "MultiPolygon", "coordinates": [ [ [ [ -93.082739761389163, 16.777387103139848 ], [ -93.082757508481706, 16.777184576842508 ], [ -93.08316635675834, 16.77658970723423 ], [ -93.083573279050341, 16.775971658355019 ], [ -93.083540783127432, 16.777173717388219 ], [ -93.083962471553448, 16.777185145882303 ], [ -93.084370232526993, 16.777179286293006 ], [ -93.084333230172959, 16.7784836311154 ], [ -93.083916377326517, 16.7784826512145 ], [ -93.083538068672368, 16.778480198262223 ], [ -93.083127430809029, 16.778483880668556 ], [ -93.08271219832703, 16.778487603444912 ], [ -93.082739761389163, 16.777387103139848 ] ] ] ] } },
{ "type": "Feature", "properties": { "ID": 95, "ENTIDAD": 7, "MUNICIPIO": 102, "NOMBRE": "TUXTLA GUTIERREZ", "CONTROL": 163, "GEOMETRY1_": null, "ID_2": 1850, "ENTIDAD_2": 7, "DISTRITO_F": 9, "DISTRITO_L": 1, "MUNICIPIO_2": 102, "SECCION": 1967, "TIPO": 2, "CONTROL_2": 2193, "GEOMETRY1__2": null }, "geometry": { "type": "MultiPolygon", "coordinates": [ [ [ [ -93.085542367172962, 16.777197392397124 ], [ -93.085146961855457, 16.777185052339732 ], [ -93.085192532491064, 16.775592238334816 ], [ -93.085322234906187, 16.774042415083553 ], [ -93.085700160667386, 16.774115323936449 ], [ -93.086108942409595, 16.774194184633263 ], [ -93.086820144916373, 16.77425680544432 ], [ -93.08714933108952, 16.774285789177881 ], [ -93.087099815583997, 16.774340353441925 ], [ -93.087096412042982, 16.774636934238281 ], [ -93.085971967000759, 16.776485061554737 ], [ -93.085941824887854, 16.777206890430808 ], [ -93.085542367172962, 16.777197392397124 ] ] ] ] } },
{ "type": "Feature", "properties": { "ID": 95, "ENTIDAD": 7, "MUNICIPIO": 102, "NOMBRE": "TUXTLA GUTIERREZ", "CONTROL": 163, "GEOMETRY1_": null, "ID_2": 1851, "ENTIDAD_2": 7, "DISTRITO_F": 9, "DISTRITO_L": 1, "MUNICIPIO_2": 102, "SECCION": 1968, "TIPO": 2, "CONTROL_2": 2194, "GEOMETRY1__2": null }, "geometry": { "type": "MultiPolygon", "coordinates": [ [ [ [ -93.084764207734111, 16.777181022270412 ], [ -93.084370232526993, 16.777179286293006 ], [ -93.083962471553448, 16.777185145882303 ], [ -93.083540783127432, 16.777173717388219 ], [ -93.083573279050341, 16.775971658355019 ], [ -93.083808906041696, 16.775597669597722 ], [ -93.084474015967729, 16.774623369643169 ], [ -93.084909500177929, 16.774005727053005 ], [ -93.084935421826501, 16.773967790926456 ], [ -93.085322234906187, 16.774042415083553 ], [ -93.085192532491064, 16.775592238334816 ], [ -93.085146961855457, 16.777185052339732 ], [ -93.084764207734111, 16.777181022270412 ] ] ] ] } },
{ "type": "Feature", "properties": { "ID": 95, "ENTIDAD": 7, "MUNICIPIO": 102, "NOMBRE": "TUXTLA GUTIERREZ", "CONTROL": 163, "GEOMETRY1_": null, "ID_2": 1549, "ENTIDAD_2": 7, "DISTRITO_F": 9, "DISTRITO_L": 13, "MUNICIPIO_2": 102, "SECCION": 1654, "TIPO": 2, "CONTROL_2": 1864, "GEOMETRY1__2": null }, "geometry": { "type": "MultiPolygon", "coordinates": [ [ [ [ -93.102954651872878, 16.763745170268059 ], [ -93.10286157830906, 16.763625740777435 ], [ -93.102579208308114, 16.763568948836451 ], [ -93.102194939920111, 16.763491661806729 ], [ -93.102192280577029, 16.763349785439235 ], [ -93.102205114779238, 16.763192966897506 ], [ -93.102223148033403, 16.763095883750328 ], [ -93.102227643739127, 16.763030567522161 ], [ -93.102238573754207, 16.762953998412158 ], [ -93.10225140789386, 16.762797179861888 ], [ -93.102240997786197, 16.762655307328629 ], [ -93.102228360868963, 16.762575769900806 ], [ -93.102217667153297, 16.762508463033015 ], [ -93.102222762523041, 16.762374050055765 ], [ -93.102189141501512, 16.762309350575148 ], [ -93.10218651274738, 16.762224723073459 ], [ -93.102168382566646, 16.762140103251653 ], [ -93.102190237148335, 16.762102032872598 ], [ -93.102209681166485, 16.762067899393589 ], [ -93.102240580311118, 16.761873735637824 ], [ -93.10221729629906, 16.76181400919835 ], [ -93.102178508246354, 16.761749312273057 ], [ -93.102150066436252, 16.761707011958901 ], [ -93.102114272238566, 16.761645571933229 ], [ -93.10205438691986, 16.761542779875828 ], [ -93.101987138677615, 16.761400935430764 ], [ -93.101932849422809, 16.76133624612126 ], [ -93.10186305089853, 16.761256629961476 ], [ -93.101835244177778, 16.761148500537036 ], [ -93.10183738362305, 16.761109666880184 ], [ -93.101841017711749, 16.761072716473997 ], [ -93.101843975005195, 16.761042445807327 ], [ -93.101852547137668, 16.760938032552993 ], [ -93.101834401340014, 16.760823543703371 ], [ -93.101800750279978, 16.760701595256368 ], [ -93.101795588429766, 16.760675749009298 ], [ -93.101793392925074, 16.760652741264156 ], [ -93.10178814325441, 16.760596069014486 ], [ -93.101816802447544, 16.760594203809742 ], [ -93.101958880892937, 16.760568309395744 ], [ -93.102020275271983, 16.760557119970979 ], [ -93.102007540008543, 16.760540678378778 ], [ -93.10191427683182, 16.760420272817715 ], [ -93.101859957419833, 16.760298334587958 ], [ -93.101782338529631, 16.760086800853102 ], [ -93.10169855189983, 16.759859875115239 ], [ -93.101653131284536, 16.759697809015563 ], [ -93.101603801077275, 16.759482634754413 ], [ -93.101598741201798, 16.759285509990477 ], [ -93.101598067849579, 16.759259277215939 ], [ -93.101682361624157, 16.759158662167859 ], [ -93.101771377841018, 16.759072812331858 ], [ -93.101918483686191, 16.75899812583889 ], [ -93.1020888229083, 16.758923427742527 ], [ -93.102325472891096, 16.758865507293049 ], [ -93.103891115734413, 16.75848230606363 ], [ -93.104129265567622, 16.758495243395913 ], [ -93.104317083425627, 16.758521263339357 ], [ -93.104526235320606, 16.758614424767853 ], [ -93.104677312937, 16.758724403580295 ], [ -93.105000759919548, 16.758933157951475 ], [ -93.105101459885958, 16.75897227893222 ], [ -93.105498179213967, 16.759074022969443 ], [ -93.105431682810732, 16.759605594586233 ], [ -93.106053556300054, 16.759773757961153 ], [ -93.108768450372679, 16.758650073074193 ], [ -93.109246836452357, 16.758529267158092 ], [ -93.109500565242328, 16.758553904470926 ], [ -93.109722661554017, 16.758611330682665 ], [ -93.109450140977785, 16.759343419238128 ], [ -93.109028800599177, 16.760766201486796 ], [ -93.108765142550268, 16.761577738517918 ], [ -93.108501297937124, 16.762389842575708 ], [ -93.108291078169572, 16.763028640824814 ], [ -93.108219630356615, 16.76325507156826 ], [ -93.107372271851204, 16.763041134351219 ], [ -93.105921175361132, 16.762693454671584 ], [ -93.105480725169812, 16.762585829385557 ], [ -93.105405315799516, 16.763144074214058 ], [ -93.104741545273669, 16.763040963823112 ], [ -93.104735229029913, 16.763141811765728 ], [ -93.104018841959274, 16.763284156000054 ], [ -93.103996393373563, 16.763291892853491 ], [ -93.103793752774493, 16.763361732330619 ], [ -93.103295571976901, 16.763533427791305 ], [ -93.103207881580957, 16.763814737974482 ], [ -93.102954651872878, 16.763745170268059 ] ] ] ] } },
{ "type": "Feature", "properties": { "ID": 95, "ENTIDAD": 7, "MUNICIPIO": 102, "NOMBRE": "TUXTLA GUTIERREZ", "CONTROL": 163, "GEOMETRY1_": null, "ID_2": 1558, "ENTIDAD_2": 7, "DISTRITO_F": 9, "DISTRITO_L": 13, "MUNICIPIO_2": 102, "SECCION": 1664, "TIPO": 2, "CONTROL_2": 1827, "GEOMETRY1__2": null }, "geometry": { "type": "MultiPolygon", "coordinates": [ [ [ [ -93.101681425420011, 16.758846633854603 ], [ -93.101712224440647, 16.758685991092221 ], [ -93.101723163634304, 16.75864466671187 ], [ -93.101762370008217, 16.758487207999114 ], [ -93.101803859195769, 16.758253519723254 ], [ -93.101861189859392, 16.757956743309492 ], [ -93.102137778805613, 16.756587526717613 ], [ -93.102686094894395, 16.75629385101578 ], [ -93.103424497583887, 16.755898364849919 ], [ -93.103491749746027, 16.755371871442232 ], [ -93.103527208071625, 16.755148560210593 ], [ -93.103658392884029, 16.754322373346319 ], [ -93.103755085824062, 16.753785824118228 ], [ -93.103844872179749, 16.75328759682283 ], [ -93.103934009107505, 16.752792970640808 ], [ -93.10410641246888, 16.751836286701224 ], [ -93.104124163726425, 16.751737782605385 ], [ -93.105232073230823, 16.751918394851383 ], [ -93.10626416347894, 16.752086641317696 ], [ -93.106311310832396, 16.752094326925501 ], [ -93.106364384934281, 16.75210366591568 ], [ -93.106883791359238, 16.752195060597629 ], [ -93.107706466895323, 16.752320122327887 ], [ -93.108517187933757, 16.752450682618374 ], [ -93.108389331347908, 16.753056718548869 ], [ -93.108192622059107, 16.753915828672103 ], [ -93.107933008262449, 16.754982947010951 ], [ -93.107774667015349, 16.755590932346411 ], [ -93.10771233027647, 16.755818657588108 ], [ -93.1076999456414, 16.755862727999052 ], [ -93.107656949729162, 16.755897664889165 ], [ -93.107175532746908, 16.75631743644287 ], [ -93.107038983039743, 16.756431579038711 ], [ -93.106964719503679, 16.756510880496254 ], [ -93.106887299593652, 16.756627627012328 ], [ -93.106850955781752, 16.756782666346471 ], [ -93.10682674068434, 16.756911375155166 ], [ -93.106787336434948, 16.757022542332852 ], [ -93.10670527837047, 16.757116164310876 ], [ -93.106558141257892, 16.758210837492697 ], [ -93.10622309986293, 16.758374935306733 ], [ -93.106016837469795, 16.758398796318929 ], [ -93.105901258255145, 16.758418493756569 ], [ -93.105836599171013, 16.758422575767032 ], [ -93.105827170707101, 16.758482039127244 ], [ -93.105818674342444, 16.758542247669872 ], [ -93.105777607274334, 16.75879075686689 ], [ -93.105740028929304, 16.758912385124937 ], [ -93.105664769652478, 16.758970027952131 ], [ -93.105498179213967, 16.759074022969443 ], [ -93.105101459885958, 16.75897227893222 ], [ -93.105000759919548, 16.758933157951475 ], [ -93.104677312937, 16.758724403580295 ], [ -93.104526235320606, 16.758614424767853 ], [ -93.104317083425627, 16.758521263339357 ], [ -93.104129265567622, 16.758495243395913 ], [ -93.103891115734413, 16.75848230606363 ], [ -93.102325472891096, 16.758865507293049 ], [ -93.1020888229083, 16.758923427742527 ], [ -93.101918483686191, 16.75899812583889 ], [ -93.101771377841018, 16.759072812331858 ], [ -93.101682361624157, 16.759158662167859 ], [ -93.101598067849579, 16.759259277215939 ], [ -93.101681425420011, 16.758846633854603 ] ] ] ] } },
{ "type": "Feature", "properties": { "ID": 95, "ENTIDAD": 7, "MUNICIPIO": 102, "NOMBRE": "TUXTLA GUTIERREZ", "CONTROL": 163, "GEOMETRY1_": null, "ID_2": 1559, "ENTIDAD_2": 7, "DISTRITO_F": 9, "DISTRITO_L": 13, "MUNICIPIO_2": 102, "SECCION": 1665, "TIPO": 2, "CONTROL_2": 1828, "GEOMETRY1__2": null }, "geometry": { "type": "MultiPolygon", "coordinates": [ [ [ [ -93.105431682810732, 16.759605594586233 ], [ -93.105498179213967, 16.759074022969443 ], [ -93.105664769652478, 16.758970027952131 ], [ -93.105740028929304, 16.758912385124937 ], [ -93.105777607274334, 16.75879075686689 ], [ -93.105818674342444, 16.758542247669872 ], [ -93.105827170707101, 16.758482039127244 ], [ -93.105836599171013, 16.758422575767032 ], [ -93.105901258255145, 16.758418493756569 ], [ -93.106016837469795, 16.758398796318929 ], [ -93.10622309986293, 16.758374935306733 ], [ -93.106558141257892, 16.758210837492697 ], [ -93.10670527837047, 16.757116164310876 ], [ -93.106787336434948, 16.757022542332852 ], [ -93.10682674068434, 16.756911375155166 ], [ -93.106850955781752, 16.756782666346471 ], [ -93.106887299593652, 16.756627627012328 ], [ -93.106964719503679, 16.756510880496254 ], [ -93.107038983039743, 16.756431579038711 ], [ -93.107175532746908, 16.75631743644287 ], [ -93.107656949729162, 16.755897664889165 ], [ -93.1076999456414, 16.755862727999052 ], [ -93.10771233027647, 16.755818657588108 ], [ -93.107774667015349, 16.755590932346411 ], [ -93.107933008262449, 16.754982947010951 ], [ -93.108192622059107, 16.753915828672103 ], [ -93.108389331347908, 16.753056718548869 ], [ -93.10924701360581, 16.753237224011688 ], [ -93.110093370310295, 16.753385333292766 ], [ -93.110991525608924, 16.753558179627433 ], [ -93.111858128544611, 16.753690700046732 ], [ -93.111667620440571, 16.754497280629995 ], [ -93.11161238013382, 16.75477132755077 ], [ -93.111495974347591, 16.755348813550896 ], [ -93.111350865377233, 16.756043533024791 ], [ -93.111325073920597, 16.756167010915426 ], [ -93.111290344534424, 16.75625929362565 ], [ -93.111277480334167, 16.756369294249676 ], [ -93.111047687661795, 16.757716184145735 ], [ -93.111026789947246, 16.757715983772005 ], [ -93.110907566442947, 16.75770573659095 ], [ -93.11078150891656, 16.757696392750091 ], [ -93.110732808131047, 16.757703276802228 ], [ -93.110612989163727, 16.757762166601967 ], [ -93.109827605627956, 16.758148171973566 ], [ -93.10954402856467, 16.758489146507113 ], [ -93.109500565242328, 16.758553904470926 ], [ -93.109246836452357, 16.758529267158092 ], [ -93.108768450372679, 16.758650073074193 ], [ -93.106053556300054, 16.759773757961153 ], [ -93.105431682810732, 16.759605594586233 ] ] ] ] } },
{ "type": "Feature", "properties": { "ID": 95, "ENTIDAD": 7, "MUNICIPIO": 102, "NOMBRE": "TUXTLA GUTIERREZ", "CONTROL": 163, "GEOMETRY1_": null, "ID_2": 1561, "ENTIDAD_2": 7, "DISTRITO_F": 9, "DISTRITO_L": 13, "MUNICIPIO_2": 102, "SECCION": 1667, "TIPO": 2, "CONTROL_2": 1776, "GEOMETRY1__2": null }, "geometry": { "type": "MultiPolygon", "coordinates": [ [ [ [ -93.111769341315906, 16.757744273501668 ], [ -93.111047687661795, 16.757716184145735 ], [ -93.111277480334167, 16.756369294249676 ], [ -93.111290344534424, 16.75625929362565 ], [ -93.111325073920597, 16.756167010915426 ], [ -93.111350865377233, 16.756043533024791 ], [ -93.111495974347591, 16.755348813550896 ], [ -93.11161238013382, 16.75477132755077 ], [ -93.111667620440571, 16.754497280629995 ], [ -93.111858128544611, 16.753690700046732 ], [ -93.112703503149447, 16.753827428247369 ], [ -93.113549447973611, 16.754013357354371 ], [ -93.113376858615538, 16.754808204356532 ], [ -93.113200032541258, 16.755663848215161 ], [ -93.113040100194056, 16.756437738333073 ], [ -93.113025519554157, 16.756508291682319 ], [ -93.112762103273809, 16.757782911227441 ], [ -93.111769341315906, 16.757744273501668 ] ] ] ] } },
{ "type": "Feature", "properties": { "ID": 95, "ENTIDAD": 7, "MUNICIPIO": 102, "NOMBRE": "TUXTLA GUTIERREZ", "CONTROL": 163, "GEOMETRY1_": null, "ID_2": 1562, "ENTIDAD_2": 7, "DISTRITO_F": 9, "DISTRITO_L": 13, "MUNICIPIO_2": 102, "SECCION": 1668, "TIPO": 2, "CONTROL_2": 1824, "GEOMETRY1__2": null }, "geometry": { "type": "MultiPolygon", "coordinates": [ [ [ [ -93.108501297937124, 16.762389842575708 ], [ -93.108765142550268, 16.761577738517918 ], [ -93.109028800599177, 16.760766201486796 ], [ -93.109450140977785, 16.759343419238128 ], [ -93.109722661554017, 16.758611330682665 ], [ -93.109500565242328, 16.758553904470926 ], [ -93.10954402856467, 16.758489146507113 ], [ -93.109827605627956, 16.758148171973566 ], [ -93.110612989163727, 16.757762166601967 ], [ -93.110732808131047, 16.757703276802228 ], [ -93.11078150891656, 16.757696392750091 ], [ -93.110907566442947, 16.75770573659095 ], [ -93.111026789947246, 16.757715983772005 ], [ -93.111047687661795, 16.757716184145735 ], [ -93.111769341315906, 16.757744273501668 ], [ -93.112762103273809, 16.757782911227441 ], [ -93.113614867873636, 16.7578300448695 ], [ -93.114369514928569, 16.75785132574666 ], [ -93.114735475520803, 16.757890719534483 ], [ -93.11487875212832, 16.757916862018881 ], [ -93.115027815381097, 16.757949333242127 ], [ -93.115374906984115, 16.757993631308825 ], [ -93.115181081653077, 16.758970541593527 ], [ -93.11496289875187, 16.760070205830925 ], [ -93.114819424188511, 16.760851618443454 ], [ -93.114645088265519, 16.761805859040919 ], [ -93.113490394114692, 16.76159878676172 ], [ -93.112905199875868, 16.76149384073944 ], [ -93.112078730398281, 16.761345622504209 ], [ -93.111005334542838, 16.76115311543559 ], [ -93.109950966831164, 16.760964015123459 ], [ -93.109718507369152, 16.761813270793358 ], [ -93.109704625644142, 16.761876217472416 ], [ -93.109488146009014, 16.762643135790608 ], [ -93.108501297937124, 16.762389842575708 ] ] ] ] } },
{ "type": "Feature", "properties": { "ID": 95, "ENTIDAD": 7, "MUNICIPIO": 102, "NOMBRE": "TUXTLA GUTIERREZ", "CONTROL": 163, "GEOMETRY1_": null, "ID_2": 1563, "ENTIDAD_2": 7, "DISTRITO_F": 9, "DISTRITO_L": 13, "MUNICIPIO_2": 102, "SECCION": 1669, "TIPO": 2, "CONTROL_2": 1871, "GEOMETRY1__2": null }, "geometry": { "type": "MultiPolygon", "coordinates": [ [ [ [ -93.119940376845847, 16.762673765555423 ], [ -93.119433906879792, 16.762593364106166 ], [ -93.119047445249109, 16.762532012940742 ], [ -93.118191336680184, 16.762396102136677 ], [ -93.117393201678425, 16.762269391497728 ], [ -93.116400512921757, 16.76211178926383 ], [ -93.115524985288872, 16.76195920688804 ], [ -93.114645088265519, 16.761805859040919 ], [ -93.114819424188511, 16.760851618443454 ], [ -93.11496289875187, 16.760070205830925 ], [ -93.115858168123083, 16.760190832478315 ], [ -93.116764452944452, 16.760312939205171 ], [ -93.117716320616012, 16.760441182997653 ], [ -93.118519570134808, 16.760549400119547 ], [ -93.119325802317761, 16.760658015805166 ], [ -93.120204523144253, 16.760767006110456 ], [ -93.121046610533895, 16.760871449029938 ], [ -93.120916304942625, 16.76186024378104 ], [ -93.12086966856873, 16.762254905467966 ], [ -93.12080414933753, 16.762809361180238 ], [ -93.119940376845847, 16.762673765555423 ] ] ] ] } },
{ "type": "Feature", "properties": { "ID": 95, "ENTIDAD": 7, "MUNICIPIO": 102, "NOMBRE": "TUXTLA GUTIERREZ", "CONTROL": 163, "GEOMETRY1_": null, "ID_2": 1564, "ENTIDAD_2": 7, "DISTRITO_F": 9, "DISTRITO_L": 13, "MUNICIPIO_2": 102, "SECCION": 1670, "TIPO": 2, "CONTROL_2": 1823, "GEOMETRY1__2": null }, "geometry": { "type": "MultiPolygon", "coordinates": [ [ [ [ -93.120204523144253, 16.760767006110456 ], [ -93.119325802317761, 16.760658015805166 ], [ -93.118519570134808, 16.760549400119547 ], [ -93.117716320616012, 16.760441182997653 ], [ -93.116764452944452, 16.760312939205171 ], [ -93.115858168123083, 16.760190832478315 ], [ -93.11496289875187, 16.760070205830925 ], [ -93.115181081653077, 16.758970541593527 ], [ -93.115374906984115, 16.757993631308825 ], [ -93.116243932771127, 16.758155619750625 ], [ -93.117151633774895, 16.758337198529087 ], [ -93.118038591270604, 16.758514623524423 ], [ -93.118812280861221, 16.758693058298334 ], [ -93.119600515853662, 16.758826790812172 ], [ -93.120477351510999, 16.758989707750878 ], [ -93.121320032081869, 16.759146274859358 ], [ -93.121164126269107, 16.760045265480901 ], [ -93.121046610533895, 16.760871449029938 ], [ -93.120204523144253, 16.760767006110456 ] ] ] ] } },
{ "type": "Feature", "properties": { "ID": 95, "ENTIDAD": 7, "MUNICIPIO": 102, "NOMBRE": "TUXTLA GUTIERREZ", "CONTROL": 163, "GEOMETRY1_": null, "ID_2": 1565, "ENTIDAD_2": 7, "DISTRITO_F": 9, "DISTRITO_L": 13, "MUNICIPIO_2": 102, "SECCION": 1671, "TIPO": 2, "CONTROL_2": 1872, "GEOMETRY1__2": null }, "geometry": { "type": "MultiPolygon", "coordinates": [ [ [ [ -93.1216869881343, 16.762949074904309 ], [ -93.12080414933753, 16.762809361180238 ], [ -93.12086966856873, 16.762254905467966 ], [ -93.120916304942625, 16.76186024378104 ], [ -93.121046610533895, 16.760871449029938 ], [ -93.121164126269107, 16.760045265480901 ], [ -93.121320032081869, 16.759146274859358 ], [ -93.122219101012078, 16.759313314641897 ], [ -93.123124926939965, 16.759481605553834 ], [ -93.123931518445616, 16.759631456370521 ], [ -93.123786355492001, 16.760461716037231 ], [ -93.12366076548426, 16.761180022394676 ], [ -93.123472364013494, 16.762259079851599 ], [ -93.12272694283368, 16.76215235335507 ], [ -93.122583833347832, 16.763110749745 ], [ -93.1216869881343, 16.762949074904309 ] ] ] ] } },
{ "type": "Feature", "properties": { "ID": 95, "ENTIDAD": 7, "MUNICIPIO": 102, "NOMBRE": "TUXTLA GUTIERREZ", "CONTROL": 163, "GEOMETRY1_": null, "ID_2": 398, "ENTIDAD_2": 7, "DISTRITO_F": 6, "DISTRITO_L": 3, "MUNICIPIO_2": 27, "SECCION": 420, "TIPO": 4, "CONTROL_2": 16, "GEOMETRY1__2": null }, "geometry": { "type": "MultiPolygon", "coordinates": [ [ [ [ -93.034420781116225, 16.683422461763648 ], [ -93.034294968543662, 16.681556406220988 ], [ -93.034420781116225, 16.683422461763552 ], [ -93.034539402087034, 16.684106269781548 ], [ -93.034420781116225, 16.683422461763648 ] ] ], [ [ [ -93.034117482662239, 16.680603287832227 ], [ -93.033464530674834, 16.676749004300984 ], [ -93.034117482662239, 16.680603287832142 ], [ -93.034294968543662, 16.681556406220988 ], [ -93.034117482662239, 16.680603287832227 ] ] ], [ [ [ -93.034198375634034, 16.675085480213692 ], [ -93.034882052262645, 16.674583785958749 ], [ -93.035195529132196, 16.674374583196283 ], [ -93.035509005319852, 16.674165379956474 ], [ -93.036707448338731, 16.673619265063621 ], [ -93.037852203253664, 16.67365422312967 ], [ -93.039228139728408, 16.674061209493157 ], [ -93.040087785969419, 16.674263718331591 ], [ -93.041177350689225, 16.67463084408627 ], [ -93.042094480982016, 16.674874499657932 ], [ -93.043009325502425, 16.674744809741874 ], [ -93.044209786654349, 16.674530510570566 ], [ -93.04541075461151, 16.67439916920064 ], [ -93.046612995945964, 16.674475232749145 ], [ -93.048101875579121, 16.674632608229651 ], [ -93.049188646369046, 16.674543385718721 ], [ -93.050444789561368, 16.674079826696666 ], [ -93.050901055538759, 16.673828293150393 ], [ -93.052446646218826, 16.673902342697474 ], [ -93.054104892019538, 16.673685342464985 ], [ -93.055019209012087, 16.673472634808686 ], [ -93.059527867511235, 16.671496756453266 ], [ -93.060441652082943, 16.671201060147961 ], [ -93.061011572282212, 16.670824391984386 ], [ -93.062326435444646, 16.670609322565415 ], [ -93.062326436900605, 16.670609323064028 ], [ -93.061011572282311, 16.670824392721219 ], [ -93.060441652083071, 16.671201060884705 ], [ -93.059527867511363, 16.67149675719001 ], [ -93.055019209012187, 16.67347263554516 ], [ -93.054104892019652, 16.673685343201463 ], [ -93.052446646218925, 16.673902343433952 ], [ -93.05090105553883, 16.67382829388696 ], [ -93.050444789561453, 16.674079827433051 ], [ -93.049188646369132, 16.674543386455102 ], [ -93.048101875579192, 16.674632608966128 ], [ -93.046612995946063, 16.674475233485524 ], [ -93.045410754611609, 16.674399169937111 ], [ -93.044209786654434, 16.674530511306951 ], [ -93.043009325502496, 16.674744810478355 ], [ -93.042094480982072, 16.674874500394314 ], [ -93.041177350689267, 16.674630844822655 ], [ -93.040087785969462, 16.67426371906798 ], [ -93.039228139728451, 16.674061210229635 ], [ -93.037852203253678, 16.673654223866141 ], [ -93.036707448338788, 16.673619265800095 ], [ -93.035509005319867, 16.674165380692855 ], [ -93.035195529132238, 16.674374583932668 ], [ -93.034882052262645, 16.674583786695219 ], [ -93.034198375634034, 16.675085480950074 ], [ -93.033403270018525, 16.676085611222319 ], [ -93.034198375634034, 16.675085480213692 ] ] ] ] } },
{ "type": "Feature", "properties": { "ID": 95, "ENTIDAD": 7, "MUNICIPIO": 102, "NOMBRE": "TUXTLA GUTIERREZ", "CONTROL": 163, "GEOMETRY1_": null, "ID_2": 1999, "ENTIDAD_2": 7, "DISTRITO_F": 9, "DISTRITO_L": 13, "MUNICIPIO_2": 102, "SECCION": 2116, "TIPO": 2, "CONTROL_2": 2725, "GEOMETRY1__2": null }, "geometry": { "type": "MultiPolygon", "coordinates": [ [ [ [ -93.114396362784291, 16.737029263749832 ], [ -93.113657223658834, 16.736890364852709 ], [ -93.11329749068129, 16.736832401991276 ], [ -93.112210768762495, 16.73669689825876 ], [ -93.112154514197613, 16.736929796375936 ], [ -93.112162619988837, 16.737015176742286 ], [ -93.112551008336794, 16.737560994993125 ], [ -93.112084764102846, 16.737488985563662 ], [ -93.111591029219142, 16.737412729112393 ], [ -93.110785583056014, 16.737288326755358 ], [ -93.109991884358209, 16.737178075748204 ], [ -93.109743351160489, 16.737103379123443 ], [ -93.109579794763974, 16.737216787588867 ], [ -93.109174176953886, 16.737498038019503 ], [ -93.108662545429681, 16.736808266600846 ], [ -93.108117972186804, 16.736128838613187 ], [ -93.107644884316542, 16.735436257426532 ], [ -93.107528332430391, 16.735279120756697 ], [ -93.107306401352346, 16.734979909674426 ], [ -93.107142568431158, 16.734759026708772 ], [ -93.106006690866167, 16.734728563869048 ], [ -93.10650593586891, 16.734347956514281 ], [ -93.106578326372031, 16.734255382405848 ], [ -93.106618612506495, 16.734161604254918 ], [ -93.106699070386952, 16.733983030834963 ], [ -93.106682846674445, 16.733781220579569 ], [ -93.106658571617004, 16.733587176732396 ], [ -93.106573592804054, 16.733361482709558 ], [ -93.10647319237205, 16.733203523741803 ], [ -93.106419847799614, 16.733128365444024 ], [ -93.106322083785585, 16.733015415603411 ], [ -93.106014442890498, 16.732659987216916 ], [ -93.105613221749195, 16.732165900737471 ], [ -93.104852203850371, 16.73131719521577 ], [ -93.104062559992556, 16.730404866155865 ], [ -93.10355218497908, 16.729815189022496 ], [ -93.103617589566738, 16.729647502763367 ], [ -93.105186297791406, 16.730303774914475 ], [ -93.105291978533273, 16.73028072379606 ], [ -93.105431766517924, 16.73028065249191 ], [ -93.105779609661184, 16.730421743621264 ], [ -93.105817151847504, 16.730490716213957 ], [ -93.105824030602946, 16.730599128409249 ], [ -93.107296248276569, 16.731268043475822 ], [ -93.107590356728764, 16.731461570948149 ], [ -93.107935483736597, 16.731686869623719 ], [ -93.10934327859411, 16.733076581221773 ], [ -93.110021715707546, 16.733827816547141 ], [ -93.110495949878739, 16.73422359641167 ], [ -93.111489204730944, 16.734636440118752 ], [ -93.112563319409389, 16.734800630292995 ], [ -93.112909610612917, 16.734834667338156 ], [ -93.11561141129539, 16.735018465023945 ], [ -93.115605253979382, 16.735048186061434 ], [ -93.11559629501177, 16.735091431526758 ], [ -93.115451196540263, 16.735791827662254 ], [ -93.115352577158319, 16.736267864412937 ], [ -93.115165886337508, 16.737169016332782 ], [ -93.114396362784291, 16.737029263749832 ] ] ] ] } },
{ "type": "Feature", "properties": { "ID": 95, "ENTIDAD": 7, "MUNICIPIO": 102, "NOMBRE": "TUXTLA GUTIERREZ", "CONTROL": 163, "GEOMETRY1_": null, "ID_2": 1566, "ENTIDAD_2": 7, "DISTRITO_F": 9, "DISTRITO_L": 2, "MUNICIPIO_2": 102, "SECCION": 1672, "TIPO": 2, "CONTROL_2": 1793, "GEOMETRY1__2": null }, "geometry": { "type": "MultiPolygon", "coordinates": [ [ [ [ -93.171062119202048, 16.759110674541024 ], [ -93.171717380811984, 16.75926017945174 ], [ -93.171020388101397, 16.761238019808349 ], [ -93.170959877701634, 16.761403766972212 ], [ -93.170913109532862, 16.761537480656983 ], [ -93.170289055559138, 16.761332635887953 ], [ -93.17000728020713, 16.761240142790591 ], [ -93.169620957476027, 16.761113331115915 ], [ -93.168562707675022, 16.760751605046618 ], [ -93.167551149088681, 16.760382596123165 ], [ -93.167457747830923, 16.760888140068374 ], [ -93.167438855385058, 16.760990397057135 ], [ -93.167128934284761, 16.760927798881532 ], [ -93.167025429509678, 16.760916628280498 ], [ -93.165007515589238, 16.760698837228233 ], [ -93.163958763892254, 16.760585638700249 ], [ -93.163334019795613, 16.760515892125039 ], [ -93.163309892002914, 16.760513741714743 ], [ -93.163242164028702, 16.760508288311925 ], [ -93.163158857431526, 16.76050139231792 ], [ -93.162508946054075, 16.760429141505568 ], [ -93.162431748412146, 16.760420808293308 ], [ -93.16206924020689, 16.760381676419136 ], [ -93.161785033250098, 16.7603509965158 ], [ -93.16164161188874, 16.760335514147179 ], [ -93.161511084465886, 16.760321423593261 ], [ -93.161070778937187, 16.760273891585566 ], [ -93.160930459444032, 16.760258743566681 ], [ -93.160754534510701, 16.76023975166758 ], [ -93.160443327436653, 16.760206155067166 ], [ -93.15998120362039, 16.760156265243801 ], [ -93.159714480471791, 16.760127469943015 ], [ -93.15956824301783, 16.760111682068626 ], [ -93.159413630917314, 16.760094989947202 ], [ -93.15917660548358, 16.760069400145237 ], [ -93.158983046522494, 16.760048502874561 ], [ -93.158892273534647, 16.760038702655905 ], [ -93.158982856425411, 16.759764009090684 ], [ -93.159046512029121, 16.759570972355718 ], [ -93.159147927862406, 16.759263426222446 ], [ -93.159279993473021, 16.758862932300914 ], [ -93.159392406182135, 16.758522035162326 ], [ -93.159417326428255, 16.758446463103237 ], [ -93.159477906783891, 16.758262749480654 ], [ -93.159508936502661, 16.758137286903796 ], [ -93.159612842817182, 16.757717160898505 ], [ -93.159633260421515, 16.757634605863156 ], [ -93.159640994070955, 16.757608576547469 ], [ -93.159656060230915, 16.757557868017273 ], [ -93.159673473641135, 16.757497150070712 ], [ -93.159725793294911, 16.757290280897269 ], [ -93.159721643312565, 16.757194117569647 ], [ -93.159682791530372, 16.756939196340937 ], [ -93.159669304507588, 16.756862551071336 ], [ -93.159646945722571, 16.756779512440684 ], [ -93.159635408513466, 16.756647804123215 ], [ -93.159619152384309, 16.75651856357393 ], [ -93.159936305212639, 16.756593607944552 ], [ -93.160047801314988, 16.756615460105341 ], [ -93.160171863995345, 16.756646892281125 ], [ -93.160710635128638, 16.756765292417999 ], [ -93.160976557239081, 16.756825402934687 ], [ -93.161896946863791, 16.757033449991074 ], [ -93.162626779896442, 16.757198419932628 ], [ -93.163116392536978, 16.757317672546062 ], [ -93.164059794816936, 16.757522327281674 ], [ -93.164953032258651, 16.757724221994337 ], [ -93.165710594589925, 16.75789778858238 ], [ -93.166069967358126, 16.757980124094129 ], [ -93.1670225860409, 16.758198374162202 ], [ -93.167512452736261, 16.758310603346501 ], [ -93.167858077867692, 16.758389785793689 ], [ -93.168060228150921, 16.75843609796566 ], [ -93.168452956111281, 16.758526070419521 ], [ -93.16875498197841, 16.758595262807368 ], [ -93.168916794667453, 16.758632332959944 ], [ -93.168923290851538, 16.757713655368438 ], [ -93.168928698077707, 16.756948973931163 ], [ -93.168934997445518, 16.756058124789647 ], [ -93.168945655806255, 16.754550826043658 ], [ -93.169552827161652, 16.754441648461263 ], [ -93.169907851504902, 16.754389171809471 ], [ -93.169904620627207, 16.75460191785 ], [ -93.169899279189963, 16.754953638787448 ], [ -93.169893664668791, 16.755323340695078 ], [ -93.169888020261624, 16.755695009535703 ], [ -93.169880887287135, 16.756164695065046 ], [ -93.170680093749652, 16.756274022121918 ], [ -93.170606638289811, 16.756625649533017 ], [ -93.170498308080852, 16.757144218159979 ], [ -93.170453708437961, 16.75735771250239 ], [ -93.170409108697854, 16.757571206831578 ], [ -93.17036497261779, 16.757782481197214 ], [ -93.170160605914631, 16.758760755115578 ], [ -93.17013184700717, 16.758898419049203 ], [ -93.171062119202048, 16.759110674541024 ] ] ] ] } },
{ "type": "Feature", "properties": { "ID": 95, "ENTIDAD": 7, "MUNICIPIO": 102, "NOMBRE": "TUXTLA GUTIERREZ", "CONTROL": 163, "GEOMETRY1_": null, "ID_2": 1584, "ENTIDAD_2": 7, "DISTRITO_F": 9, "DISTRITO_L": 13, "MUNICIPIO_2": 102, "SECCION": 1690, "TIPO": 2, "CONTROL_2": 1761, "GEOMETRY1__2": null }, "geometry": { "type": "MultiPolygon", "coordinates": [ [ [ [ -93.107706466895323, 16.752320122327887 ], [ -93.106883791359238, 16.752195060597629 ], [ -93.107059185508106, 16.751210583895684 ], [ -93.107082121842964, 16.751082782293299 ], [ -93.107189194526171, 16.750497048671395 ], [ -93.107254322721843, 16.750013344072386 ], [ -93.10729704657048, 16.74974148415242 ], [ -93.107432079702733, 16.748933245584002 ], [ -93.107523137616653, 16.748301687749059 ], [ -93.107473002352691, 16.748190749798553 ], [ -93.10771610045775, 16.74714048481291 ], [ -93.107944161183724, 16.746279759411344 ], [ -93.108060868397942, 16.745839290910844 ], [ -93.107457310928154, 16.745519861555991 ], [ -93.106934441469392, 16.745276325890508 ], [ -93.106408264495073, 16.745131267416166 ], [ -93.106659497757519, 16.74396050856334 ], [ -93.107617596066603, 16.744150371026535 ], [ -93.107689559491945, 16.743660928480946 ], [ -93.107761594571272, 16.743170996099227 ], [ -93.107829564386165, 16.742708710520304 ], [ -93.107897457500414, 16.742246944386963 ], [ -93.108013066485924, 16.741460639890231 ], [ -93.108054248481565, 16.741179272636924 ], [ -93.108432757394823, 16.741636486055228 ], [ -93.108719640398121, 16.741932995298153 ], [ -93.10899714623099, 16.742175931836954 ], [ -93.109509227779185, 16.742496534952835 ], [ -93.109715420465093, 16.742692973381537 ], [ -93.109944255101979, 16.742914948918205 ], [ -93.1099983762319, 16.74311192161532 ], [ -93.110264552778119, 16.74381761161894 ], [ -93.110457666710971, 16.744458654846103 ], [ -93.110482305892589, 16.744546891605893 ], [ -93.110468870339943, 16.745005606197228 ], [ -93.110416738714378, 16.745894655808293 ], [ -93.11028933155859, 16.746695612240572 ], [ -93.110143492560283, 16.747577921291864 ], [ -93.109967785797735, 16.748525247023196 ], [ -93.109885186860495, 16.748514106147304 ], [ -93.109566857038885, 16.748553867671163 ], [ -93.10946152544804, 16.748626852863829 ], [ -93.1092578400322, 16.749192247987544 ], [ -93.109072594127952, 16.750014527958488 ], [ -93.108907266427366, 16.750748387813406 ], [ -93.108740680139789, 16.751475370839515 ], [ -93.108517187933757, 16.752450682618374 ], [ -93.107706466895323, 16.752320122327887 ] ] ] ] } },
{ "type": "Feature", "properties": { "ID": 95, "ENTIDAD": 7, "MUNICIPIO": 102, "NOMBRE": "TUXTLA GUTIERREZ", "CONTROL": 163, "GEOMETRY1_": null, "ID_2": 1852, "ENTIDAD_2": 7, "DISTRITO_F": 6, "DISTRITO_L": 1, "MUNICIPIO_2": 102, "SECCION": 1969, "TIPO": 2, "CONTROL_2": 2197, "GEOMETRY1__2": null }, "geometry": { "type": "MultiPolygon", "coordinates": [ [ [ [ -93.087957890703066, 16.774723617667103 ], [ -93.087783679024909, 16.774706088492671 ], [ -93.087096412042982, 16.774636934238281 ], [ -93.087099815583997, 16.774340353441925 ], [ -93.08714933108952, 16.774285789177881 ], [ -93.087147415219718, 16.77391857055062 ], [ -93.08714545389806, 16.773542637903084 ], [ -93.087282906091261, 16.773174304730407 ], [ -93.087419388283507, 16.772808569390698 ], [ -93.087558960867014, 16.772434551096417 ], [ -93.088728539754385, 16.772587900764929 ], [ -93.088779402129944, 16.772196450017745 ], [ -93.08882721126156, 16.771825653841777 ], [ -93.088877056021104, 16.771442071399086 ], [ -93.088977035544374, 16.77146181672067 ], [ -93.088928013193538, 16.771756423410999 ], [ -93.08888196042804, 16.772069361045645 ], [ -93.088770687801016, 16.772911795514155 ], [ -93.088740948339549, 16.773136948892475 ], [ -93.088713332390185, 16.773343023028957 ], [ -93.088685716382415, 16.773549097157915 ], [ -93.088568104827417, 16.774415572479338 ], [ -93.088559385652985, 16.774471253927111 ], [ -93.088473164341366, 16.774459590985504 ], [ -93.088432472856411, 16.77477137457613 ], [ -93.087957890703066, 16.774723617667103 ] ] ] ] } },
{ "type": "Feature", "properties": { "ID": 95, "ENTIDAD": 7, "MUNICIPIO": 102, "NOMBRE": "TUXTLA GUTIERREZ", "CONTROL": 163, "GEOMETRY1_": null, "ID_2": 1853, "ENTIDAD_2": 7, "DISTRITO_F": 6, "DISTRITO_L": 1, "MUNICIPIO_2": 102, "SECCION": 1970, "TIPO": 2, "CONTROL_2": 2196, "GEOMETRY1__2": null }, "geometry": { "type": "MultiPolygon", "coordinates": [ [ [ [ -93.086820144916373, 16.77425680544432 ], [ -93.086108942409595, 16.774194184633263 ], [ -93.085700160667386, 16.774115323936449 ], [ -93.085322234906187, 16.774042415083553 ], [ -93.084935421826501, 16.773967790926456 ], [ -93.084951230715859, 16.773793206799041 ], [ -93.085015636153614, 16.773522522030543 ], [ -93.085345009297257, 16.772243649255763 ], [ -93.085365978122709, 16.772162232003325 ], [ -93.085766687166185, 16.772214161287614 ], [ -93.086132229429225, 16.772261532481249 ], [ -93.086366210415235, 16.772291854090216 ], [ -93.086418715767209, 16.771903606319896 ], [ -93.086468047856471, 16.771538821621252 ], [ -93.087665043103527, 16.771678131080971 ], [ -93.08761264956776, 16.772051724245593 ], [ -93.087558960867014, 16.772434551096417 ], [ -93.087419388283507, 16.772808569390698 ], [ -93.087282906091261, 16.773174304730407 ], [ -93.08714545389806, 16.773542637903084 ], [ -93.087147415219718, 16.77391857055062 ], [ -93.08714933108952, 16.774285789177881 ], [ -93.086820144916373, 16.77425680544432 ] ] ] ] } },
{ "type": "Feature", "properties": { "ID": 95, "ENTIDAD": 7, "MUNICIPIO": 102, "NOMBRE": "TUXTLA GUTIERREZ", "CONTROL": 163, "GEOMETRY1_": null, "ID_2": 1854, "ENTIDAD_2": 7, "DISTRITO_F": 6, "DISTRITO_L": 1, "MUNICIPIO_2": 102, "SECCION": 1971, "TIPO": 2, "CONTROL_2": 2195, "GEOMETRY1__2": null }, "geometry": { "type": "MultiPolygon", "coordinates": [ [ [ [ -93.084869444804397, 16.773768303140848 ], [ -93.084764399399319, 16.773741002197394 ], [ -93.083666887376623, 16.773454436892795 ], [ -93.083549711376676, 16.77342384131736 ], [ -93.082507382025298, 16.773151677552882 ], [ -93.08246297587452, 16.773140082479351 ], [ -93.082522428024959, 16.772921185423446 ], [ -93.082614812850011, 16.77257743882047 ], [ -93.08274029070833, 16.772110557204172 ], [ -93.08285030167508, 16.771701223304447 ], [ -93.082957587801715, 16.771302026372481 ], [ -93.083177729617489, 16.770482903541925 ], [ -93.083303735675742, 16.770014045970473 ], [ -93.084376895379179, 16.770382791839619 ], [ -93.084755492368757, 16.770521973777882 ], [ -93.085696165107308, 16.770844697031595 ], [ -93.085365978122709, 16.772162232003325 ], [ -93.085345009297257, 16.772243649255763 ], [ -93.085015636153614, 16.773522522030543 ], [ -93.084951230715859, 16.773793206799041 ], [ -93.084869444804397, 16.773768303140848 ] ] ] ] } },
{ "type": "Feature", "properties": { "ID": 95, "ENTIDAD": 7, "MUNICIPIO": 102, "NOMBRE": "TUXTLA GUTIERREZ", "CONTROL": 163, "GEOMETRY1_": null, "ID_2": 1855, "ENTIDAD_2": 7, "DISTRITO_F": 6, "DISTRITO_L": 1, "MUNICIPIO_2": 102, "SECCION": 1972, "TIPO": 2, "CONTROL_2": 2198, "GEOMETRY1__2": null }, "geometry": { "type": "MultiPolygon", "coordinates": [ [ [ [ -93.087558960867014, 16.772434551096417 ], [ -93.08761264956776, 16.772051724245593 ], [ -93.087665043103527, 16.771678131080971 ], [ -93.087718893769576, 16.771294146298789 ], [ -93.087773450006011, 16.770905128840894 ], [ -93.087821800989218, 16.770528783539596 ], [ -93.087869036708781, 16.770160691214421 ], [ -93.08791838581682, 16.769776128444835 ], [ -93.087966618084934, 16.769400267383336 ], [ -93.088824407872423, 16.769509122655364 ], [ -93.088874185300938, 16.769123938979931 ], [ -93.088922173168726, 16.76875260167504 ], [ -93.088971538837043, 16.768370601244023 ], [ -93.089027367551708, 16.768384568382377 ], [ -93.089299937108819, 16.768452759150037 ], [ -93.089356623225711, 16.768466915080296 ], [ -93.091143610651358, 16.768911042178008 ], [ -93.092265262039263, 16.769189662172714 ], [ -93.092211738158454, 16.769379479168606 ], [ -93.092121170101152, 16.769700668677597 ], [ -93.092035683928515, 16.770003834824646 ], [ -93.091940282551192, 16.770342162844702 ], [ -93.091862940750303, 16.770616444121018 ], [ -93.091737732805413, 16.770585431386849 ], [ -93.091145035204889, 16.770438625049639 ], [ -93.090971421797022, 16.771068797793625 ], [ -93.090915756118164, 16.771168618298574 ], [ -93.090823473062471, 16.771144246795039 ], [ -93.089728477428025, 16.770855060168891 ], [ -93.089698856035639, 16.770969415461213 ], [ -93.089672852698484, 16.77096220877069 ], [ -93.089648105796201, 16.771055880296281 ], [ -93.089552723715798, 16.771038541141436 ], [ -93.089068471097789, 16.770950509922198 ], [ -93.089028910962682, 16.77093806161772 ], [ -93.088977035544374, 16.77146181672067 ], [ -93.088877056021104, 16.771442071399086 ], [ -93.08882721126156, 16.771825653841777 ], [ -93.088779402129944, 16.772196450017745 ], [ -93.088728539754385, 16.772587900764929 ], [ -93.087558960867014, 16.772434551096417 ] ] ] ] } },
{ "type": "Feature", "properties": { "ID": 95, "ENTIDAD": 7, "MUNICIPIO": 102, "NOMBRE": "TUXTLA GUTIERREZ", "CONTROL": 163, "GEOMETRY1_": null, "ID_2": 1856, "ENTIDAD_2": 7, "DISTRITO_F": 6, "DISTRITO_L": 1, "MUNICIPIO_2": 102, "SECCION": 1973, "TIPO": 2, "CONTROL_2": 2199, "GEOMETRY1__2": null }, "geometry": { "type": "MultiPolygon", "coordinates": [ [ [ [ -93.086132229429225, 16.772261532481249 ], [ -93.085766687166185, 16.772214161287614 ], [ -93.085365978122709, 16.772162232003325 ], [ -93.085696165107308, 16.770844697031595 ], [ -93.085735969551848, 16.770684846997657 ], [ -93.085833450646902, 16.770293373063815 ], [ -93.08592840680582, 16.769912037427812 ], [ -93.086685308680202, 16.770010385962149 ], [ -93.087869036708781, 16.770160691214421 ], [ -93.087821800989218, 16.770528783539596 ], [ -93.087773450006011, 16.770905128840894 ], [ -93.087718893769576, 16.771294146298789 ], [ -93.087665043103527, 16.771678131080971 ], [ -93.086468047856471, 16.771538821621252 ], [ -93.086418715767209, 16.771903606319896 ], [ -93.086366210415235, 16.772291854090216 ], [ -93.086132229429225, 16.772261532481249 ] ] ] ] } },
{ "type": "Feature", "properties": { "ID": 95, "ENTIDAD": 7, "MUNICIPIO": 102, "NOMBRE": "TUXTLA GUTIERREZ", "CONTROL": 163, "GEOMETRY1_": null, "ID_2": 1585, "ENTIDAD_2": 7, "DISTRITO_F": 9, "DISTRITO_L": 13, "MUNICIPIO_2": 102, "SECCION": 1691, "TIPO": 2, "CONTROL_2": 1759, "GEOMETRY1__2": null }, "geometry": { "type": "MultiPolygon", "coordinates": [ [ [ [ -93.113194500197935, 16.75140592529797 ], [ -93.112366116081773, 16.751262616629017 ], [ -93.111372339999676, 16.751126470152997 ], [ -93.110527807410165, 16.750996942880711 ], [ -93.10967321770552, 16.750853388214122 ], [ -93.108907266427366, 16.750748387813406 ], [ -93.109072594127952, 16.750014527958488 ], [ -93.1092578400322, 16.749192247987544 ], [ -93.10946152544804, 16.748626852863829 ], [ -93.109566857038885, 16.748553867671163 ], [ -93.109885186860495, 16.748514106147304 ], [ -93.109967785797735, 16.748525247023196 ], [ -93.110079589680169, 16.748541750879394 ], [ -93.110450558616151, 16.748596510758826 ], [ -93.110928746954855, 16.748667096596765 ], [ -93.111689258716666, 16.74877541427901 ], [ -93.111967995299011, 16.748808373812992 ], [ -93.11248466252168, 16.748836300963688 ], [ -93.112548803903707, 16.748839767874252 ], [ -93.113696350182479, 16.74899464238711 ], [ -93.11448522576687, 16.749101106330734 ], [ -93.114338786092446, 16.749898132862075 ], [ -93.114196001634326, 16.750683986337648 ], [ -93.114040417962556, 16.751540276416176 ], [ -93.113194500197935, 16.75140592529797 ] ] ] ] } },
{ "type": "Feature", "properties": { "ID": 95, "ENTIDAD": 7, "MUNICIPIO": 102, "NOMBRE": "TUXTLA GUTIERREZ", "CONTROL": 163, "GEOMETRY1_": null, "ID_2": 1857, "ENTIDAD_2": 7, "DISTRITO_F": 6, "DISTRITO_L": 1, "MUNICIPIO_2": 102, "SECCION": 1974, "TIPO": 2, "CONTROL_2": 2200, "GEOMETRY1__2": null }, "geometry": { "type": "MultiPolygon", "coordinates": [ [ [ [ -93.084755492368757, 16.770521973777882 ], [ -93.084376895379179, 16.770382791839619 ], [ -93.083303735675742, 16.770014045970473 ], [ -93.083248290976258, 16.769998547963375 ], [ -93.083279781154914, 16.769934509013272 ], [ -93.083392057678012, 16.769581366358402 ], [ -93.083411851410602, 16.769517202760763 ], [ -93.083532212210287, 16.769181146075198 ], [ -93.083559194322063, 16.769107791457472 ], [ -93.083832491019507, 16.768318436610873 ], [ -93.083836239849646, 16.768209994522305 ], [ -93.083885089049005, 16.768150497304148 ], [ -93.083946663122816, 16.767778738818766 ], [ -93.08398294595024, 16.767538588066515 ], [ -93.083997961615452, 16.767439201387699 ], [ -93.084013915933411, 16.767342238226959 ], [ -93.084075045677878, 16.767240912129388 ], [ -93.084163665918965, 16.767190937243004 ], [ -93.084294175671261, 16.767159643829977 ], [ -93.084518743799009, 16.767219006311027 ], [ -93.084793757602299, 16.767291703249544 ], [ -93.085150350735177, 16.767385964175642 ], [ -93.08557679765083, 16.767503144493357 ], [ -93.085844681960097, 16.767569499892879 ], [ -93.086178820603038, 16.767657823312391 ], [ -93.086465274328063, 16.767733541601501 ], [ -93.086513127266713, 16.767746190520072 ], [ -93.086846832757232, 16.767834398196104 ], [ -93.086982724180373, 16.767870317913964 ], [ -93.087174682182749, 16.767921057343983 ], [ -93.087509737059619, 16.768004883899501 ], [ -93.087892484504067, 16.768100641783228 ], [ -93.088173054453435, 16.768170835819713 ], [ -93.088114847889216, 16.768245143270669 ], [ -93.088063185747515, 16.768647737201341 ], [ -93.086890682627853, 16.768504593022563 ], [ -93.086844331559107, 16.768884056441586 ], [ -93.086790896855248, 16.769255401340256 ], [ -93.086741287414156, 16.769619367337196 ], [ -93.086685308680202, 16.770010385962149 ], [ -93.08592840680582, 16.769912037427812 ], [ -93.085833450646902, 16.770293373063815 ], [ -93.085735969551848, 16.770684846997657 ], [ -93.085696165107308, 16.770844697031595 ], [ -93.084755492368757, 16.770521973777882 ] ] ] ] } },
{ "type": "Feature", "properties": { "ID": 95, "ENTIDAD": 7, "MUNICIPIO": 102, "NOMBRE": "TUXTLA GUTIERREZ", "CONTROL": 163, "GEOMETRY1_": null, "ID_2": 1858, "ENTIDAD_2": 7, "DISTRITO_F": 6, "DISTRITO_L": 1, "MUNICIPIO_2": 102, "SECCION": 1975, "TIPO": 2, "CONTROL_2": 2201, "GEOMETRY1__2": null }, "geometry": { "type": "MultiPolygon", "coordinates": [ [ [ [ -93.086685308680202, 16.770010385962149 ], [ -93.086741287414156, 16.769619367337196 ], [ -93.086790896855248, 16.769255401340256 ], [ -93.086844331559107, 16.768884056441586 ], [ -93.086890682627853, 16.768504593022563 ], [ -93.088063185747515, 16.768647737201341 ], [ -93.088114847889216, 16.768245143270669 ], [ -93.088173054453435, 16.768170835819713 ], [ -93.088732208273143, 16.768310725712563 ], [ -93.088971538837043, 16.768370601244023 ], [ -93.088922173168726, 16.76875260167504 ], [ -93.088874185300938, 16.769123938979931 ], [ -93.088824407872423, 16.769509122655364 ], [ -93.087966618084934, 16.769400267383336 ], [ -93.08791838581682, 16.769776128444835 ], [ -93.087869036708781, 16.770160691214421 ], [ -93.086685308680202, 16.770010385962149 ] ] ] ] } },
{ "type": "Feature", "properties": { "ID": 95, "ENTIDAD": 7, "MUNICIPIO": 102, "NOMBRE": "TUXTLA GUTIERREZ", "CONTROL": 163, "GEOMETRY1_": null, "ID_2": 1586, "ENTIDAD_2": 7, "DISTRITO_F": 9, "DISTRITO_L": 13, "MUNICIPIO_2": 102, "SECCION": 1692, "TIPO": 2, "CONTROL_2": 1772, "GEOMETRY1__2": null }, "geometry": { "type": "MultiPolygon", "coordinates": [ [ [ [ -93.11248466252168, 16.748836300963688 ], [ -93.111967995299011, 16.748808373812992 ], [ -93.111689258716666, 16.74877541427901 ], [ -93.110928746954855, 16.748667096596765 ], [ -93.110450558616151, 16.748596510758826 ], [ -93.110079589680169, 16.748541750879394 ], [ -93.109967785797735, 16.748525247023196 ], [ -93.110143492560283, 16.747577921291864 ], [ -93.11028933155859, 16.746695612240572 ], [ -93.110416738714378, 16.745894655808293 ], [ -93.110468870339943, 16.745005606197228 ], [ -93.111539533199021, 16.745155499655009 ], [ -93.112843356372366, 16.745402165791266 ], [ -93.113728456895089, 16.745530716262596 ], [ -93.113589431575036, 16.746005966150186 ], [ -93.113495306103019, 16.746364019359021 ], [ -93.113350177991009, 16.74713241573324 ], [ -93.114031704609729, 16.747243335771376 ], [ -93.113421844944142, 16.747618539358911 ], [ -93.112876754118844, 16.74795389248056 ], [ -93.112681956393715, 16.748087028104045 ], [ -93.112548803903707, 16.748839767874252 ], [ -93.11248466252168, 16.748836300963688 ] ] ] ] } },
{ "type": "Feature", "properties": { "ID": 95, "ENTIDAD": 7, "MUNICIPIO": 102, "NOMBRE": "TUXTLA GUTIERREZ", "CONTROL": 163, "GEOMETRY1_": null, "ID_2": 1587, "ENTIDAD_2": 7, "DISTRITO_F": 9, "DISTRITO_L": 13, "MUNICIPIO_2": 102, "SECCION": 1693, "TIPO": 2, "CONTROL_2": 1760, "GEOMETRY1__2": null }, "geometry": { "type": "MultiPolygon", "coordinates": [ [ [ [ -93.11448522576687, 16.749101106330734 ], [ -93.113696350182479, 16.74899464238711 ], [ -93.112548803903707, 16.748839767874252 ], [ -93.112681956393715, 16.748087028104045 ], [ -93.112876754118844, 16.74795389248056 ], [ -93.113421844944142, 16.747618539358911 ], [ -93.114031704609729, 16.747243335771376 ], [ -93.113350177991009, 16.74713241573324 ], [ -93.113495306103019, 16.746364019359021 ], [ -93.113589431575036, 16.746005966150186 ], [ -93.113728456895089, 16.745530716262596 ], [ -93.114278792515421, 16.745621138172652 ], [ -93.115142499664131, 16.745746654925835 ], [ -93.115906810123349, 16.745885566731285 ], [ -93.115748518188127, 16.746729821371741 ], [ -93.115599839216571, 16.747522798166457 ], [ -93.115519467619279, 16.74795145597632 ], [ -93.115438820451502, 16.748381581585587 ], [ -93.115282995777065, 16.749212655266547 ], [ -93.11448522576687, 16.749101106330734 ] ] ] ] } },
{ "type": "Feature", "properties": { "ID": 95, "ENTIDAD": 7, "MUNICIPIO": 102, "NOMBRE": "TUXTLA GUTIERREZ", "CONTROL": 163, "GEOMETRY1_": null, "ID_2": 1588, "ENTIDAD_2": 7, "DISTRITO_F": 9, "DISTRITO_L": 13, "MUNICIPIO_2": 102, "SECCION": 1694, "TIPO": 2, "CONTROL_2": 1822, "GEOMETRY1__2": null }, "geometry": { "type": "MultiPolygon", "coordinates": [ [ [ [ -93.116512102846215, 16.751894393416766 ], [ -93.115702879213643, 16.751774761816534 ], [ -93.11484242834571, 16.751650994751895 ], [ -93.114040417962556, 16.751540276416176 ], [ -93.114196001634326, 16.750683986337648 ], [ -93.114338786092446, 16.749898132862075 ], [ -93.11448522576687, 16.749101106330734 ], [ -93.115282995777065, 16.749212655266547 ], [ -93.115438820451502, 16.748381581585587 ], [ -93.115519467619279, 16.74795145597632 ], [ -93.115599839216571, 16.747522798166457 ], [ -93.115748518188127, 16.746729821371741 ], [ -93.115906810123349, 16.745885566731285 ], [ -93.116712001845471, 16.746019750178412 ], [ -93.117524720940949, 16.746151561828409 ], [ -93.117379313544788, 16.746978019860254 ], [ -93.1172269956988, 16.74777829733037 ], [ -93.117159079917457, 16.748206530439024 ], [ -93.117091163838836, 16.748634763509493 ], [ -93.116945847816893, 16.749424355682063 ], [ -93.11781116133595, 16.749547894362244 ], [ -93.117654544367355, 16.750369467335215 ], [ -93.117501707293783, 16.751171205089271 ], [ -93.117370565686045, 16.752021316934432 ], [ -93.116512102846215, 16.751894393416766 ] ] ] ] } },
{ "type": "Feature", "properties": { "ID": 95, "ENTIDAD": 7, "MUNICIPIO": 102, "NOMBRE": "TUXTLA GUTIERREZ", "CONTROL": 163, "GEOMETRY1_": null, "ID_2": 1895, "ENTIDAD_2": 7, "DISTRITO_F": 6, "DISTRITO_L": 1, "MUNICIPIO_2": 102, "SECCION": 2012, "TIPO": 2, "CONTROL_2": 2553, "GEOMETRY1__2": null }, "geometry": { "type": "MultiPolygon", "coordinates": [ [ [ [ -93.045813772263145, 16.760281585895051 ], [ -93.045210522999483, 16.759700966919628 ], [ -93.044511091999425, 16.759187197919431 ], [ -93.044351112425431, 16.759152464047379 ], [ -93.043861353999759, 16.759046137314133 ], [ -93.043070722999502, 16.75897848991935 ], [ -93.042298107999486, 16.758568951919308 ], [ -93.041523091999508, 16.758001474919098 ], [ -93.040832261999554, 16.75748261291891 ], [ -93.040141461999525, 16.756785366918752 ], [ -93.039548414999516, 16.755952643918494 ], [ -93.038941753999538, 16.754671489918142 ], [ -93.038461214999586, 16.753746644645684 ], [ -93.037881199999589, 16.752603490645647 ], [ -93.037501891999582, 16.751591213645412 ], [ -93.038188014999534, 16.751632043917166 ], [ -93.046036307999444, 16.752212043917414 ], [ -93.046096722999437, 16.752209012917394 ], [ -93.046159676999508, 16.752215074917455 ], [ -93.049370354078619, 16.752435726712243 ], [ -93.049752876999406, 16.752462012917448 ], [ -93.04978679999941, 16.752464489917497 ], [ -93.050036997, 16.752482603000033 ], [ -93.055173953999329, 16.752854428917548 ], [ -93.055658307999352, 16.752505597917487 ], [ -93.056246491999346, 16.752046382917385 ], [ -93.057028091338211, 16.752888367052709 ], [ -93.057080045999115, 16.752944335219713 ], [ -93.057159507999174, 16.752900012219722 ], [ -93.057417511200654, 16.752703701207405 ], [ -93.057567666666458, 16.752888832641162 ], [ -93.057706374605928, 16.753077020265213 ], [ -93.057730006178076, 16.753116181095766 ], [ -93.058358226956969, 16.754142070783963 ], [ -93.059041176161159, 16.755233537323871 ], [ -93.059103452543994, 16.755320436904086 ], [ -93.060281503794286, 16.757324698994001 ], [ -93.060929742340079, 16.758377491555041 ], [ -93.0615182259005, 16.75933483549726 ], [ -93.061571895234707, 16.759422144102331 ], [ -93.061538289030423, 16.759451596590363 ], [ -93.061357833333119, 16.759710665975216 ], [ -93.061473471176839, 16.759886092434076 ], [ -93.062252000190995, 16.761097458416941 ], [ -93.062275314683049, 16.761132721487932 ], [ -93.062987277593237, 16.762365760688802 ], [ -93.063087218472745, 16.762530842315346 ], [ -93.063137091342966, 16.762505517730972 ], [ -93.063255010379692, 16.762445640400816 ], [ -93.06329669442313, 16.762426290245021 ], [ -93.063326619722844, 16.76241239860979 ], [ -93.063383039121291, 16.762386208121129 ], [ -93.063733655153101, 16.762352736782987 ], [ -93.064209799991673, 16.762306714573583 ], [ -93.064690278962317, 16.762277371542645 ], [ -93.06517892675511, 16.762251369433674 ], [ -93.06524338269098, 16.763274508532383 ], [ -93.065304260809597, 16.764152150310032 ], [ -93.065519988931527, 16.764205339618016 ], [ -93.065740782110836, 16.764179943648571 ], [ -93.065795872155647, 16.764116564044247 ], [ -93.066258833501763, 16.764092606570721 ], [ -93.066271141407, 16.76424271200921 ], [ -93.066292367043275, 16.764636132187601 ], [ -93.066296016980516, 16.764703782736976 ], [ -93.066257750067891, 16.764712676950364 ], [ -93.065339889556952, 16.764980449430674 ], [ -93.064956558552112, 16.765072824480459 ], [ -93.064812710095339, 16.765112652447776 ], [ -93.064710230284064, 16.765159167564775 ], [ -93.059638515943917, 16.767461103447882 ], [ -93.053557346904171, 16.770220971395148 ], [ -93.052809455164038, 16.769644522633492 ], [ -93.049746607727712, 16.765057519713118 ], [ -93.047440171519213, 16.762415847441176 ], [ -93.047552376035341, 16.762041851589938 ], [ -93.04755237586788, 16.762041851420381 ], [ -93.047552376035284, 16.762041850862413 ], [ -93.045813772263145, 16.760281585895051 ] ] ] ] } },
{ "type": "Feature", "properties": { "ID": 95, "ENTIDAD": 7, "MUNICIPIO": 102, "NOMBRE": "TUXTLA GUTIERREZ", "CONTROL": 163, "GEOMETRY1_": null, "ID_2": 1896, "ENTIDAD_2": 7, "DISTRITO_F": 6, "DISTRITO_L": 1, "MUNICIPIO_2": 102, "SECCION": 2013, "TIPO": 2, "CONTROL_2": 2203, "GEOMETRY1__2": null }, "geometry": { "type": "MultiPolygon", "coordinates": [ [ [ [ -93.063326619722844, 16.76241239860979 ], [ -93.06329669442313, 16.762426290245021 ], [ -93.063255010379692, 16.762445640400816 ], [ -93.063137091342966, 16.762505517730972 ], [ -93.063087218472745, 16.762530842315346 ], [ -93.062987277593237, 16.762365760688802 ], [ -93.062275314683049, 16.761132721487932 ], [ -93.062252000190995, 16.761097458416941 ], [ -93.061473471176839, 16.759886092434076 ], [ -93.061357833333119, 16.759710665975216 ], [ -93.061489690531289, 16.759694550952748 ], [ -93.062154151918278, 16.75964288400257 ], [ -93.062195585208983, 16.759628814116059 ], [ -93.06265490198156, 16.759604767241715 ], [ -93.063118054257217, 16.759558751507544 ], [ -93.063218124815421, 16.759550903469044 ], [ -93.063598523737895, 16.759521070215513 ], [ -93.063624376314806, 16.760062815421374 ], [ -93.063689676603545, 16.761054593680385 ], [ -93.063733655153101, 16.762352736782987 ], [ -93.063383039121291, 16.762386208121129 ], [ -93.063326619722844, 16.76241239860979 ] ] ] ] } },
{ "type": "Feature", "properties": { "ID": 95, "ENTIDAD": 7, "MUNICIPIO": 102, "NOMBRE": "TUXTLA GUTIERREZ", "CONTROL": 163, "GEOMETRY1_": null, "ID_2": 1897, "ENTIDAD_2": 7, "DISTRITO_F": 6, "DISTRITO_L": 1, "MUNICIPIO_2": 102, "SECCION": 2014, "TIPO": 2, "CONTROL_2": 2204, "GEOMETRY1__2": null }, "geometry": { "type": "MultiPolygon", "coordinates": [ [ [ [ -93.065354396499728, 16.759403930181357 ], [ -93.065493675098992, 16.759392654583085 ], [ -93.065515897172105, 16.759930596865836 ], [ -93.065589848433419, 16.760958740298562 ], [ -93.06510620226662, 16.7609791529962 ], [ -93.06517892675511, 16.762251369433674 ], [ -93.064690278962317, 16.762277371542645 ], [ -93.064209799991673, 16.762306714573583 ], [ -93.063733655153101, 16.762352736782987 ], [ -93.063689676603545, 16.761054593680385 ], [ -93.063624376314806, 16.760062815421374 ], [ -93.063598523737895, 16.759521070215513 ], [ -93.06398950766156, 16.759482035029464 ], [ -93.064066012614489, 16.759500073478712 ], [ -93.064529169908909, 16.759470736217104 ], [ -93.064982628288476, 16.759434027008872 ], [ -93.065354396499728, 16.759403930181357 ] ] ] ] } },
{ "type": "Feature", "properties": { "ID": 95, "ENTIDAD": 7, "MUNICIPIO": 102, "NOMBRE": "TUXTLA GUTIERREZ", "CONTROL": 163, "GEOMETRY1_": null, "ID_2": 1898, "ENTIDAD_2": 7, "DISTRITO_F": 6, "DISTRITO_L": 1, "MUNICIPIO_2": 102, "SECCION": 2015, "TIPO": 2, "CONTROL_2": 2205, "GEOMETRY1__2": null }, "geometry": { "type": "MultiPolygon", "coordinates": [ [ [ [ -93.068562975012767, 16.758739791287312 ], [ -93.069023790440596, 16.758702696432124 ], [ -93.069477374340906, 16.758666182683179 ], [ -93.069539325625399, 16.759358647753469 ], [ -93.069624640267648, 16.759414643850839 ], [ -93.069665108550154, 16.759698521814602 ], [ -93.069201069128582, 16.759718294070744 ], [ -93.068727813478262, 16.759738459363927 ], [ -93.068259529834094, 16.759759843216465 ], [ -93.067813177651104, 16.759808544457055 ], [ -93.067387625728287, 16.759840276124542 ], [ -93.066969340119172, 16.759860462084895 ], [ -93.066506349556519, 16.759882804458588 ], [ -93.066402278132372, 16.759893284299103 ], [ -93.065997720826644, 16.759907347973307 ], [ -93.065515897172105, 16.759930596865836 ], [ -93.065493675098992, 16.759392654583085 ], [ -93.065821860524395, 16.75938486938357 ], [ -93.065779888768063, 16.758934494479707 ], [ -93.065679532252631, 16.757931541194207 ], [ -93.066147088689974, 16.75789158503045 ], [ -93.066616859138705, 16.757851438579099 ], [ -93.067082200967064, 16.757811669525061 ], [ -93.067543093877589, 16.757772279633723 ], [ -93.067997690422132, 16.757733426832388 ], [ -93.068473387962328, 16.757718120051887 ], [ -93.068562975012767, 16.758739791287312 ] ] ] ] } },
{ "type": "Feature", "properties": { "ID": 95, "ENTIDAD": 7, "MUNICIPIO": 102, "NOMBRE": "TUXTLA GUTIERREZ", "CONTROL": 163, "GEOMETRY1_": null, "ID_2": 1899, "ENTIDAD_2": 7, "DISTRITO_F": 6, "DISTRITO_L": 1, "MUNICIPIO_2": 102, "SECCION": 2016, "TIPO": 2, "CONTROL_2": 2208, "GEOMETRY1__2": null }, "geometry": { "type": "MultiPolygon", "coordinates": [ [ [ [ -93.061538289030423, 16.759451596590363 ], [ -93.061571895234707, 16.759422144102331 ], [ -93.0615182259005, 16.75933483549726 ], [ -93.060929742340079, 16.758377491555041 ], [ -93.060281503794286, 16.757324698994001 ], [ -93.060591656635197, 16.75714932110958 ], [ -93.06061388947947, 16.757091305926892 ], [ -93.061099315394884, 16.756546385803436 ], [ -93.061541560281938, 16.756048136540553 ], [ -93.061593676476846, 16.756243911729246 ], [ -93.061701528443209, 16.756221769369468 ], [ -93.062176548694495, 16.756164140403282 ], [ -93.062256436416689, 16.756428527714078 ], [ -93.062292412146505, 16.756600367023644 ], [ -93.062300459160255, 16.756650782599948 ], [ -93.062361692973738, 16.756887006374079 ], [ -93.062376922741876, 16.756945758676046 ], [ -93.062409691520998, 16.757088248272098 ], [ -93.062466931006554, 16.757307477121227 ], [ -93.062518637706461, 16.757564505905066 ], [ -93.062585430461837, 16.757754185315026 ], [ -93.062691238868922, 16.758054661332228 ], [ -93.062784176862323, 16.758318586955561 ], [ -93.062881818547609, 16.758595869298304 ], [ -93.062977151458739, 16.758866594365095 ], [ -93.063080272641088, 16.759159435530588 ], [ -93.063218124815421, 16.759550903469044 ], [ -93.063118054257217, 16.759558751507544 ], [ -93.06265490198156, 16.759604767241715 ], [ -93.062195585208983, 16.759628814116059 ], [ -93.062154151918278, 16.75964288400257 ], [ -93.061489690531289, 16.759694550952748 ], [ -93.061357833333119, 16.759710665975216 ], [ -93.061538289030423, 16.759451596590363 ] ] ] ] } },
{ "type": "Feature", "properties": { "ID": 95, "ENTIDAD": 7, "MUNICIPIO": 102, "NOMBRE": "TUXTLA GUTIERREZ", "CONTROL": 163, "GEOMETRY1_": null, "ID_2": 1589, "ENTIDAD_2": 7, "DISTRITO_F": 9, "DISTRITO_L": 13, "MUNICIPIO_2": 102, "SECCION": 1695, "TIPO": 2, "CONTROL_2": 1786, "GEOMETRY1__2": null }, "geometry": { "type": "MultiPolygon", "coordinates": [ [ [ [ -93.119399630187957, 16.755116740007381 ], [ -93.118608567203282, 16.75496271823587 ], [ -93.117728446359678, 16.754796626351034 ], [ -93.116920024223035, 16.754644063421036 ], [ -93.117058978635185, 16.753762004374433 ], [ -93.117218196172928, 16.752848025136572 ], [ -93.117370565686045, 16.752021316934432 ], [ -93.117501707293783, 16.751171205089271 ], [ -93.117654544367355, 16.750369467335215 ], [ -93.11781116133595, 16.749547894362244 ], [ -93.118660807970173, 16.749664133455408 ], [ -93.119496328826173, 16.749780077168118 ], [ -93.120367923072592, 16.749909137462051 ], [ -93.121154014941595, 16.750018943743381 ], [ -93.121028219293279, 16.750810542819561 ], [ -93.120872737113757, 16.751619124563398 ], [ -93.12072262296428, 16.752466615576047 ], [ -93.120577569213594, 16.753285530229491 ], [ -93.120395284955634, 16.754314623263916 ], [ -93.12022607716932, 16.755286588706408 ], [ -93.119399630187957, 16.755116740007381 ] ] ] ] } },
{ "type": "Feature", "properties": { "ID": 95, "ENTIDAD": 7, "MUNICIPIO": 102, "NOMBRE": "TUXTLA GUTIERREZ", "CONTROL": 163, "GEOMETRY1_": null, "ID_2": 1590, "ENTIDAD_2": 7, "DISTRITO_F": 9, "DISTRITO_L": 13, "MUNICIPIO_2": 102, "SECCION": 1696, "TIPO": 2, "CONTROL_2": 1805, "GEOMETRY1__2": null }, "geometry": { "type": "MultiPolygon", "coordinates": [ [ [ [ -93.123888079209209, 16.754845820549022 ], [ -93.123035357284834, 16.754716141128696 ], [ -93.122130734618381, 16.754578564746545 ], [ -93.121246405915201, 16.754444070669585 ], [ -93.120395284955634, 16.754314623263916 ], [ -93.120577569213594, 16.753285530229491 ], [ -93.12072262296428, 16.752466615576047 ], [ -93.120872737113757, 16.751619124563398 ], [ -93.121739320114585, 16.751762987458438 ], [ -93.121603587433484, 16.752581967099786 ], [ -93.122442555021692, 16.752696491089818 ], [ -93.123342177525444, 16.752819290883533 ], [ -93.124201033126056, 16.752936522122994 ], [ -93.125140970138446, 16.753064816466942 ], [ -93.124993385029924, 16.753904535272373 ], [ -93.124800368631796, 16.75500273452074 ], [ -93.123888079209209, 16.754845820549022 ] ] ] ] } },
{ "type": "Feature", "properties": { "ID": 95, "ENTIDAD": 7, "MUNICIPIO": 102, "NOMBRE": "TUXTLA GUTIERREZ", "CONTROL": 163, "GEOMETRY1_": null, "ID_2": 1900, "ENTIDAD_2": 7, "DISTRITO_F": 6, "DISTRITO_L": 1, "MUNICIPIO_2": 102, "SECCION": 2017, "TIPO": 2, "CONTROL_2": 2207, "GEOMETRY1__2": null }, "geometry": { "type": "MultiPolygon", "coordinates": [ [ [ [ -93.063608872748802, 16.754747133046838 ], [ -93.063805921902357, 16.754727821730867 ], [ -93.063847157725831, 16.75472273290147 ], [ -93.063888393547074, 16.754717644063842 ], [ -93.06403560995291, 16.754704396527714 ], [ -93.06410625616094, 16.754698475510516 ], [ -93.064161796330907, 16.754696365801863 ], [ -93.064491623490156, 16.754673423615785 ], [ -93.064521362891739, 16.754671671948167 ], [ -93.064542253694185, 16.754871739646727 ], [ -93.06500227517914, 16.754829383022944 ], [ -93.06546273833149, 16.754772389811031 ], [ -93.065550553719746, 16.755816939300257 ], [ -93.065604280286934, 16.756859426363178 ], [ -93.065679532252631, 16.757931541194207 ], [ -93.065779888768063, 16.758934494479707 ], [ -93.065821860524395, 16.75938486938357 ], [ -93.065493675098992, 16.759392654583085 ], [ -93.065354396499728, 16.759403930181357 ], [ -93.064982628288476, 16.759434027008872 ], [ -93.064529169908909, 16.759470736217104 ], [ -93.064066012614489, 16.759500073478712 ], [ -93.06398950766156, 16.759482035029464 ], [ -93.063598523737895, 16.759521070215513 ], [ -93.063218124815421, 16.759550903469044 ], [ -93.063080272641088, 16.759159435530588 ], [ -93.062977151458739, 16.758866594365095 ], [ -93.062881818547609, 16.758595869298304 ], [ -93.062784176862323, 16.758318586955561 ], [ -93.062691238868922, 16.758054661332228 ], [ -93.062585430461837, 16.757754185315026 ], [ -93.062518637706461, 16.757564505905066 ], [ -93.062466931006554, 16.757307477121227 ], [ -93.062409691520998, 16.757088248272098 ], [ -93.062376922741876, 16.756945758676046 ], [ -93.062361692973738, 16.756887006374079 ], [ -93.062300459160255, 16.756650782599948 ], [ -93.062292412146505, 16.756600367023644 ], [ -93.062256436416689, 16.756428527714078 ], [ -93.062176548694495, 16.756164140403282 ], [ -93.062422069863516, 16.756071203718246 ], [ -93.062337238367121, 16.755751107156716 ], [ -93.062254348666528, 16.755469858934404 ], [ -93.062160158000566, 16.755158134525576 ], [ -93.062088003572825, 16.754873638929098 ], [ -93.062010203999776, 16.754566884262086 ], [ -93.061934352910868, 16.754272848480376 ], [ -93.061882128253714, 16.754070399711253 ], [ -93.061821338316918, 16.753874073268605 ], [ -93.063035309652022, 16.753563577811676 ], [ -93.063093932345836, 16.75355322202714 ], [ -93.063131306403548, 16.753800939382089 ], [ -93.063268669264573, 16.754711382460805 ], [ -93.063451693353713, 16.75466429896921 ], [ -93.063502386842558, 16.754714839448063 ], [ -93.063549348402304, 16.754752879799842 ], [ -93.063608872748802, 16.754747133046838 ] ] ] ] } },
{ "type": "Feature", "properties": { "ID": 95, "ENTIDAD": 7, "MUNICIPIO": 102, "NOMBRE": "TUXTLA GUTIERREZ", "CONTROL": 163, "GEOMETRY1_": null, "ID_2": 1901, "ENTIDAD_2": 7, "DISTRITO_F": 6, "DISTRITO_L": 1, "MUNICIPIO_2": 102, "SECCION": 2018, "TIPO": 2, "CONTROL_2": 2206, "GEOMETRY1__2": null }, "geometry": { "type": "MultiPolygon", "coordinates": [ [ [ [ -93.068228701008167, 16.754567145099891 ], [ -93.06829728892022, 16.755613191003476 ], [ -93.068384384356449, 16.756664819308366 ], [ -93.068473387962328, 16.757718120051887 ], [ -93.067997690422132, 16.757733426832388 ], [ -93.067543093877589, 16.757772279633723 ], [ -93.067082200967064, 16.757811669525061 ], [ -93.066616859138705, 16.757851438579099 ], [ -93.066147088689974, 16.75789158503045 ], [ -93.065679532252631, 16.757931541194207 ], [ -93.065604280286934, 16.756859426363178 ], [ -93.065550553719746, 16.755816939300257 ], [ -93.06546273833149, 16.754772389811031 ], [ -93.0658775007076, 16.75473622822761 ], [ -93.066339800052504, 16.754701476177612 ], [ -93.066837492584142, 16.7546646380952 ], [ -93.067289157809924, 16.754628516729642 ], [ -93.067760521423466, 16.754591334109008 ], [ -93.068228701008167, 16.754567145099891 ] ] ] ] } },
{ "type": "Feature", "properties": { "ID": 95, "ENTIDAD": 7, "MUNICIPIO": 102, "NOMBRE": "TUXTLA GUTIERREZ", "CONTROL": 163, "GEOMETRY1_": null, "ID_2": 1902, "ENTIDAD_2": 7, "DISTRITO_F": 6, "DISTRITO_L": 1, "MUNICIPIO_2": 102, "SECCION": 2019, "TIPO": 2, "CONTROL_2": 2209, "GEOMETRY1__2": null }, "geometry": { "type": "MultiPolygon", "coordinates": [ [ [ [ -93.062176548694495, 16.756164140403282 ], [ -93.061701528443209, 16.756221769369468 ], [ -93.061593676476846, 16.756243911729246 ], [ -93.061541560281938, 16.756048136540553 ], [ -93.061099315394884, 16.756546385803436 ], [ -93.06061388947947, 16.757091305926892 ], [ -93.060591656635197, 16.75714932110958 ], [ -93.060281503794286, 16.757324698994001 ], [ -93.059103452543994, 16.755320436904086 ], [ -93.060121996294768, 16.75412398449755 ], [ -93.060818513122939, 16.753315562865293 ], [ -93.060924457214369, 16.75326186790441 ], [ -93.061001017412721, 16.753218040144699 ], [ -93.060991859109038, 16.753024838809083 ], [ -93.061058292469355, 16.752889980841051 ], [ -93.061237719191737, 16.752733391965521 ], [ -93.061310725723231, 16.752761755430512 ], [ -93.061355672414336, 16.752846070162825 ], [ -93.061520329247415, 16.753516841738705 ], [ -93.061621915979757, 16.75389772963581 ], [ -93.061821338316918, 16.753874073268605 ], [ -93.061882128253714, 16.754070399711253 ], [ -93.061934352910868, 16.754272848480376 ], [ -93.062010203999776, 16.754566884262086 ], [ -93.062088003572825, 16.754873638929098 ], [ -93.062160158000566, 16.755158134525576 ], [ -93.062254348666528, 16.755469858934404 ], [ -93.062337238367121, 16.755751107156716 ], [ -93.062422069863516, 16.756071203718246 ], [ -93.062176548694495, 16.756164140403282 ] ] ] ] } },
{ "type": "Feature", "properties": { "ID": 95, "ENTIDAD": 7, "MUNICIPIO": 102, "NOMBRE": "TUXTLA GUTIERREZ", "CONTROL": 163, "GEOMETRY1_": null, "ID_2": 1903, "ENTIDAD_2": 7, "DISTRITO_F": 6, "DISTRITO_L": 1, "MUNICIPIO_2": 102, "SECCION": 2020, "TIPO": 2, "CONTROL_2": 2554, "GEOMETRY1__2": null }, "geometry": { "type": "MultiPolygon", "coordinates": [ [ [ [ -93.058117676999132, 16.752170951219451 ], [ -93.058241045999125, 16.752063166219358 ], [ -93.058324792412904, 16.75192502148435 ], [ -93.058703727919621, 16.75150606679528 ], [ -93.059243581913236, 16.750909194714875 ], [ -93.059402081393813, 16.750729954982415 ], [ -93.059445998661232, 16.750770229754881 ], [ -93.061192348360137, 16.752707611315635 ], [ -93.061215033774417, 16.752720501641889 ], [ -93.061237719191737, 16.752733391965521 ], [ -93.061058292469355, 16.752889980841051 ], [ -93.060991859109038, 16.753024838809083 ], [ -93.061001017412721, 16.753218040144699 ], [ -93.060924457214369, 16.75326186790441 ], [ -93.060818513122939, 16.753315562865293 ], [ -93.060121996294768, 16.75412398449755 ], [ -93.059103452543994, 16.755320436904086 ], [ -93.059041176161159, 16.755233537323871 ], [ -93.058358226956969, 16.754142070783963 ], [ -93.057730006178076, 16.753116181095766 ], [ -93.057706374605928, 16.753077020265213 ], [ -93.057567666666458, 16.752888832641162 ], [ -93.057417511200654, 16.752703701207405 ], [ -93.058117676999132, 16.752170951219451 ] ] ] ] } },
{ "type": "Feature", "properties": { "ID": 95, "ENTIDAD": 7, "MUNICIPIO": 102, "NOMBRE": "TUXTLA GUTIERREZ", "CONTROL": 163, "GEOMETRY1_": null, "ID_2": 1591, "ENTIDAD_2": 7, "DISTRITO_F": 9, "DISTRITO_L": 13, "MUNICIPIO_2": 102, "SECCION": 1697, "TIPO": 2, "CONTROL_2": 1803, "GEOMETRY1__2": null }, "geometry": { "type": "MultiPolygon", "coordinates": [ [ [ [ -93.124201033126056, 16.752936522122994 ], [ -93.123342177525444, 16.752819290883533 ], [ -93.122442555021692, 16.752696491089818 ], [ -93.121603587433484, 16.752581967099786 ], [ -93.121739320114585, 16.751762987458438 ], [ -93.120872737113757, 16.751619124563398 ], [ -93.121028219293279, 16.750810542819561 ], [ -93.12188593172516, 16.750924766527955 ], [ -93.122711510782679, 16.751034707454025 ], [ -93.123605612234343, 16.751153769514911 ], [ -93.124504230528089, 16.751273428998243 ], [ -93.125456087852271, 16.751400173322505 ], [ -93.125401740170773, 16.751688488990204 ], [ -93.125293445341143, 16.752262992884024 ], [ -93.125140970138446, 16.753064816466942 ], [ -93.124201033126056, 16.752936522122994 ] ] ] ] } },
{ "type": "Feature", "properties": { "ID": 95, "ENTIDAD": 7, "MUNICIPIO": 102, "NOMBRE": "TUXTLA GUTIERREZ", "CONTROL": 163, "GEOMETRY1_": null, "ID_2": 1904, "ENTIDAD_2": 7, "DISTRITO_F": 6, "DISTRITO_L": 1, "MUNICIPIO_2": 102, "SECCION": 2021, "TIPO": 2, "CONTROL_2": 2212, "GEOMETRY1__2": null }, "geometry": { "type": "MultiPolygon", "coordinates": [ [ [ [ -93.066618172443597, 16.754357623418436 ], [ -93.066616314181601, 16.75422493551282 ], [ -93.066586889208367, 16.752123837638074 ], [ -93.066517483398968, 16.75177711779094 ], [ -93.066389712734306, 16.750897944931715 ], [ -93.066378086286505, 16.750786302443164 ], [ -93.066041867612853, 16.74818491825101 ], [ -93.065887710795266, 16.74819752590718 ], [ -93.065868808718577, 16.748130032120244 ], [ -93.065789270299547, 16.748174291336277 ], [ -93.065484375879919, 16.748441195033553 ], [ -93.065422650785635, 16.748497513967269 ], [ -93.065078095426827, 16.748577303882843 ], [ -93.064705380267611, 16.74881336791891 ], [ -93.064641671966498, 16.748719096107138 ], [ -93.063423023418054, 16.7473737543346 ], [ -93.062853787903052, 16.746745330894495 ], [ -93.062968602564951, 16.746608067532708 ], [ -93.063269981446211, 16.746252559944658 ], [ -93.063803781574094, 16.745592102252878 ], [ -93.063963027936907, 16.745416471507077 ], [ -93.064094243926334, 16.745255192664533 ], [ -93.064403896380327, 16.74487459442355 ], [ -93.06472415654801, 16.744458971023704 ], [ -93.065045854442744, 16.744107084640454 ], [ -93.065101908204326, 16.744045141102816 ], [ -93.065746193717558, 16.743333154143166 ], [ -93.066475698370496, 16.744822852569616 ], [ -93.066610699629194, 16.745098531520664 ], [ -93.066878590141116, 16.745496041555352 ], [ -93.066928749828847, 16.745570470914355 ], [ -93.067609069509771, 16.746046864255526 ], [ -93.067284396633482, 16.746525745122472 ], [ -93.067252297773464, 16.746566860914498 ], [ -93.067315512471396, 16.746680384315269 ], [ -93.067382983796563, 16.746864808524649 ], [ -93.067748821520297, 16.747107015894038 ], [ -93.067996894265093, 16.747284697423556 ], [ -93.068471652495802, 16.746670888594295 ], [ -93.069351198759435, 16.747308146767409 ], [ -93.069571790381033, 16.747467970883314 ], [ -93.069132332606031, 16.748097944440712 ], [ -93.069112088475819, 16.7481507500808 ], [ -93.067952163556825, 16.748529276281776 ], [ -93.068202469702456, 16.749272280149004 ], [ -93.0683398696399, 16.74968013281801 ], [ -93.068459846616889, 16.75003626632628 ], [ -93.068491387256927, 16.750129889710571 ], [ -93.068618019056714, 16.750505775126239 ], [ -93.068713851598403, 16.750790237024066 ], [ -93.068732982715559, 16.750847024243026 ], [ -93.068837626953268, 16.751157640869287 ], [ -93.068977279414042, 16.751548984834383 ], [ -93.069051912825799, 16.751758127134735 ], [ -93.069132617643731, 16.751998990925706 ], [ -93.069196186911171, 16.751980520586184 ], [ -93.069508978943105, 16.7529357781433 ], [ -93.069515622266678, 16.752965447503506 ], [ -93.069874569972384, 16.752944640168462 ], [ -93.069934657785055, 16.752941156488948 ], [ -93.070345944115914, 16.752917311084353 ], [ -93.070759985720514, 16.752893305101473 ], [ -93.071167913814506, 16.752869652759404 ], [ -93.071596190829126, 16.752844819679385 ], [ -93.071997000900112, 16.75282157842291 ], [ -93.072414801862806, 16.752797351102714 ], [ -93.072822930416223, 16.752773683840807 ], [ -93.073237172260875, 16.752749661239282 ], [ -93.07358377970823, 16.752729560229977 ], [ -93.073667900928314, 16.752724684898379 ], [ -93.073741168328212, 16.752752248231772 ], [ -93.073747145852906, 16.752888110502347 ], [ -93.073821026777523, 16.753828900397082 ], [ -93.073845959631228, 16.754146389880137 ], [ -93.073387088021548, 16.754186604493327 ], [ -93.072933162116257, 16.75422099291519 ], [ -93.072455631647045, 16.754254553463152 ], [ -93.07200090686149, 16.754291618205947 ], [ -93.071516891096152, 16.754328284329691 ], [ -93.071055094281917, 16.754363266207871 ], [ -93.070575752066347, 16.754399576072828 ], [ -93.070075251638002, 16.754437487455711 ], [ -93.069841441530258, 16.75445519743803 ], [ -93.069607631378204, 16.754472907155392 ], [ -93.069153607075634, 16.75450729600858 ], [ -93.068681624289738, 16.754533313775795 ], [ -93.068228701008167, 16.754567145099891 ], [ -93.067760521423466, 16.754591334109008 ], [ -93.067289157809924, 16.754628516729642 ], [ -93.066837492584142, 16.7546646380952 ], [ -93.066339800052504, 16.754701476177612 ], [ -93.0658775007076, 16.75473622822761 ], [ -93.06546273833149, 16.754772389811031 ], [ -93.06500227517914, 16.754829383022944 ], [ -93.064542253694185, 16.754871739646727 ], [ -93.064521362891739, 16.754671671948167 ], [ -93.064558977544266, 16.754665563550748 ], [ -93.064931726955507, 16.754633325612939 ], [ -93.064977718607494, 16.754628535639934 ], [ -93.065021177332255, 16.754624723977205 ], [ -93.06540113509287, 16.754592685490817 ], [ -93.065441235120389, 16.754589304167716 ], [ -93.065472259492168, 16.754586688118671 ], [ -93.0658388818036, 16.754555773291145 ], [ -93.065874281639282, 16.754552788222831 ], [ -93.065989979059779, 16.754540901011669 ], [ -93.066620092515791, 16.754489861021881 ], [ -93.066618172443597, 16.754357623418436 ] ] ] ] } },
{ "type": "Feature", "properties": { "ID": 95, "ENTIDAD": 7, "MUNICIPIO": 102, "NOMBRE": "TUXTLA GUTIERREZ", "CONTROL": 163, "GEOMETRY1_": null, "ID_2": 1905, "ENTIDAD_2": 7, "DISTRITO_F": 6, "DISTRITO_L": 1, "MUNICIPIO_2": 102, "SECCION": 2022, "TIPO": 2, "CONTROL_2": 2211, "GEOMETRY1__2": null }, "geometry": { "type": "MultiPolygon", "coordinates": [ [ [ [ -93.063451693353713, 16.75466429896921 ], [ -93.063268669264573, 16.754711382460805 ], [ -93.063131306403548, 16.753800939382089 ], [ -93.063093932345836, 16.75355322202714 ], [ -93.063035309652022, 16.753563577811676 ], [ -93.061821338316918, 16.753874073268605 ], [ -93.061621915979757, 16.75389772963581 ], [ -93.061520329247415, 16.753516841738705 ], [ -93.061355672414336, 16.752846070162825 ], [ -93.061310725723231, 16.752761755430512 ], [ -93.061237719191737, 16.752733391965521 ], [ -93.061385458251664, 16.752597896950789 ], [ -93.061720749170817, 16.752256939555938 ], [ -93.061942576222805, 16.75200095484351 ], [ -93.062023874426743, 16.75190713784222 ], [ -93.062317808123751, 16.751552911731721 ], [ -93.062602551739602, 16.75119868798232 ], [ -93.062715574489786, 16.751072096346398 ], [ -93.062914862690448, 16.750848882146592 ], [ -93.062967719376402, 16.750793555259001 ], [ -93.06323636584662, 16.75051235317197 ], [ -93.063340313089526, 16.750389120039781 ], [ -93.063533169953757, 16.75016048084639 ], [ -93.063835403752179, 16.749818066885286 ], [ -93.063994162358767, 16.749635629010324 ], [ -93.064365548362034, 16.749202377235314 ], [ -93.064422255034259, 16.749137464633844 ], [ -93.064705380267611, 16.74881336791891 ], [ -93.065078095426827, 16.748577303882843 ], [ -93.065422650785635, 16.748497513967269 ], [ -93.065484375879919, 16.748441195033553 ], [ -93.065789270299547, 16.748174291336277 ], [ -93.065868808718577, 16.748130032120244 ], [ -93.065887710795266, 16.74819752590718 ], [ -93.066041867612853, 16.74818491825101 ], [ -93.066378086286505, 16.750786302443164 ], [ -93.066389712734306, 16.750897944931715 ], [ -93.066517483398968, 16.75177711779094 ], [ -93.066586889208367, 16.752123837638074 ], [ -93.066616314181601, 16.75422493551282 ], [ -93.066618172443597, 16.754357623418436 ], [ -93.066620092515791, 16.754489861021881 ], [ -93.065989979059779, 16.754540901011669 ], [ -93.065874281639282, 16.754552788222831 ], [ -93.0658388818036, 16.754555773291145 ], [ -93.065472259492168, 16.754586688118671 ], [ -93.065441235120389, 16.754589304167716 ], [ -93.06540113509287, 16.754592685490817 ], [ -93.065021177332255, 16.754624723977205 ], [ -93.064977718607494, 16.754628535639934 ], [ -93.064931726955507, 16.754633325612939 ], [ -93.064558977544266, 16.754665563550748 ], [ -93.064521362891739, 16.754671671948167 ], [ -93.064491623490156, 16.754673423615785 ], [ -93.064161796330907, 16.754696365801863 ], [ -93.06410625616094, 16.754698475510516 ], [ -93.06403560995291, 16.754704396527714 ], [ -93.063888393547074, 16.754717644063842 ], [ -93.063847157725831, 16.75472273290147 ], [ -93.063805921902357, 16.754727821730867 ], [ -93.063608872748802, 16.754747133046838 ], [ -93.063549348402304, 16.754752879799842 ], [ -93.063502386842558, 16.754714839448063 ], [ -93.063451693353713, 16.75466429896921 ] ] ] ] } },
{ "type": "Feature", "properties": { "ID": 95, "ENTIDAD": 7, "MUNICIPIO": 102, "NOMBRE": "TUXTLA GUTIERREZ", "CONTROL": 163, "GEOMETRY1_": null, "ID_2": 1906, "ENTIDAD_2": 7, "DISTRITO_F": 6, "DISTRITO_L": 1, "MUNICIPIO_2": 102, "SECCION": 2023, "TIPO": 2, "CONTROL_2": 2213, "GEOMETRY1__2": null }, "geometry": { "type": "MultiPolygon", "coordinates": [ [ [ [ -93.073821026777523, 16.753828900397082 ], [ -93.073747145852906, 16.752888110502347 ], [ -93.073741168328212, 16.752752248231772 ], [ -93.073667900928314, 16.752724684898379 ], [ -93.07358377970823, 16.752729560229977 ], [ -93.073237172260875, 16.752749661239282 ], [ -93.072822930416223, 16.752773683840807 ], [ -93.072414801862806, 16.752797351102714 ], [ -93.072400211512758, 16.752566653918141 ], [ -93.072338376288826, 16.751776154424366 ], [ -93.072332203778373, 16.75169724487904 ], [ -93.072535482248156, 16.751691647775914 ], [ -93.072762190486827, 16.751685405317073 ], [ -93.073074807901435, 16.751676796921934 ], [ -93.073541724146011, 16.751002596423312 ], [ -93.073585351182714, 16.751032118515703 ], [ -93.07381918134152, 16.75121931941219 ], [ -93.073926125254062, 16.751317504450078 ], [ -93.074271980085356, 16.750840268671155 ], [ -93.075533117408227, 16.751742359397646 ], [ -93.075753975337378, 16.751894966562045 ], [ -93.076339859278917, 16.752100188908297 ], [ -93.076813574922326, 16.7524368674557 ], [ -93.076884919038733, 16.752487572852353 ], [ -93.077074035262868, 16.75255984042121 ], [ -93.076872142610256, 16.752709580059651 ], [ -93.076119073622195, 16.752747864536982 ], [ -93.075641910972877, 16.752786353828746 ], [ -93.075170024083405, 16.752810628651343 ], [ -93.074696799606315, 16.752834971192303 ], [ -93.074793593603999, 16.75406958456615 ], [ -93.074314401326461, 16.754115618919684 ], [ -93.074150794946135, 16.754126366004421 ], [ -93.073845959631228, 16.754146389880137 ], [ -93.073821026777523, 16.753828900397082 ] ] ] ] } },
{ "type": "Feature", "properties": { "ID": 95, "ENTIDAD": 7, "MUNICIPIO": 102, "NOMBRE": "TUXTLA GUTIERREZ", "CONTROL": 163, "GEOMETRY1_": null, "ID_2": 1907, "ENTIDAD_2": 7, "DISTRITO_F": 6, "DISTRITO_L": 1, "MUNICIPIO_2": 102, "SECCION": 2024, "TIPO": 2, "CONTROL_2": 2555, "GEOMETRY1__2": null }, "geometry": { "type": "MultiPolygon", "coordinates": [ [ [ [ -93.057983182766563, 16.751815079411632 ], [ -93.057791461999102, 16.751616659219156 ], [ -93.057659214999077, 16.751487766219132 ], [ -93.05733032299915, 16.751144074219006 ], [ -93.056995291999129, 16.750828259218846 ], [ -93.056858168999142, 16.750685889218758 ], [ -93.056674214999362, 16.750477182916814 ], [ -93.056519045999323, 16.750273335916827 ], [ -93.05635798499938, 16.750094028916727 ], [ -93.056083353999341, 16.749766166916665 ], [ -93.056032907999338, 16.749703274916676 ], [ -93.055687307999335, 16.749306243916543 ], [ -93.05538695399936, 16.748945505916438 ], [ -93.055353014999355, 16.748900459916388 ], [ -93.055053291999371, 16.748557535916341 ], [ -93.054980861999368, 16.748466089916285 ], [ -93.054170922999333, 16.747459520915953 ], [ -93.05370509199939, 16.747029151915854 ], [ -93.053285168999395, 16.746639151915694 ], [ -93.053270932, 16.746624899 ], [ -93.053100937999176, 16.746454720217177 ], [ -93.053384065812907, 16.746249399392713 ], [ -93.053424440694201, 16.74620793132549 ], [ -93.052909985481648, 16.745561664510078 ], [ -93.053089237793586, 16.745354958217614 ], [ -93.053264699927439, 16.745152615074748 ], [ -93.053569636067436, 16.744800960975081 ], [ -93.054048533049752, 16.744248690706705 ], [ -93.054194789732932, 16.744080024725353 ], [ -93.054328723943854, 16.743925568899677 ], [ -93.05459913507049, 16.743613668137531 ], [ -93.054651910972183, 16.743552861246695 ], [ -93.054784214861726, 16.743400284407297 ], [ -93.054914166793964, 16.743250419595455 ], [ -93.055171374855107, 16.742953797923736 ], [ -93.055394076596031, 16.742696969187779 ], [ -93.055524055489826, 16.742547071791925 ], [ -93.055711337157746, 16.742331089749605 ], [ -93.055825169334184, 16.742201592244651 ], [ -93.055855974222951, 16.742166548015295 ], [ -93.055886779100433, 16.742131503781152 ], [ -93.056231643325049, 16.741739178266844 ], [ -93.056292123863585, 16.74180692579294 ], [ -93.056631846305635, 16.742187466064173 ], [ -93.057194738455209, 16.741470553298992 ], [ -93.05766723391838, 16.741845625336403 ], [ -93.057521632040164, 16.74202964496925 ], [ -93.057978572544016, 16.742357215129847 ], [ -93.058127880857029, 16.742175760660924 ], [ -93.058195922771219, 16.742092380967865 ], [ -93.058675767918686, 16.742445304609149 ], [ -93.059134292246256, 16.74278624658697 ], [ -93.059143728499265, 16.742894245849154 ], [ -93.059525843087556, 16.743177055646214 ], [ -93.060030097167996, 16.743552080484434 ], [ -93.058972827502487, 16.744813226692852 ], [ -93.059354186304674, 16.745243191440171 ], [ -93.05946207951304, 16.745113291717299 ], [ -93.059750064081541, 16.744766567029082 ], [ -93.060354969427152, 16.744038273916541 ], [ -93.060817714472876, 16.744374611592299 ], [ -93.060747642725545, 16.744459169724557 ], [ -93.061209029529081, 16.744810865635255 ], [ -93.061745964358579, 16.745198160808293 ], [ -93.062235321470979, 16.745536842458506 ], [ -93.062700511083619, 16.745857844362803 ], [ -93.063269981446211, 16.746252559944658 ], [ -93.062968602564951, 16.746608067532708 ], [ -93.062853787903052, 16.746745330894495 ], [ -93.063423023418054, 16.7473737543346 ], [ -93.064641671966498, 16.748719096107138 ], [ -93.064705380267611, 16.74881336791891 ], [ -93.064422255034259, 16.749137464633844 ], [ -93.064365548362034, 16.749202377235314 ], [ -93.063994162358767, 16.749635629010324 ], [ -93.063835403752179, 16.749818066885286 ], [ -93.063533169953757, 16.75016048084639 ], [ -93.063340313089526, 16.750389120039781 ], [ -93.06323636584662, 16.75051235317197 ], [ -93.062967719376402, 16.750793555259001 ], [ -93.062914862690448, 16.750848882146592 ], [ -93.062715574489786, 16.751072096346398 ], [ -93.062602551739602, 16.75119868798232 ], [ -93.062317808123751, 16.751552911731721 ], [ -93.062023874426743, 16.75190713784222 ], [ -93.061942576222805, 16.75200095484351 ], [ -93.061720749170817, 16.752256939555938 ], [ -93.061385458251664, 16.752597896950789 ], [ -93.061237719191737, 16.752733391965521 ], [ -93.061215033774417, 16.752720501641889 ], [ -93.061192348360137, 16.752707611315635 ], [ -93.059445998661232, 16.750770229754881 ], [ -93.059402081393813, 16.750729954982415 ], [ -93.059243581913236, 16.750909194714875 ], [ -93.058703727919621, 16.75150606679528 ], [ -93.058324792412904, 16.75192502148435 ], [ -93.058241045999125, 16.752063166219358 ], [ -93.057983182766563, 16.751815079411632 ] ] ] ] } },
{ "type": "Feature", "properties": { "ID": 95, "ENTIDAD": 7, "MUNICIPIO": 102, "NOMBRE": "TUXTLA GUTIERREZ", "CONTROL": 163, "GEOMETRY1_": null, "ID_2": 864, "ENTIDAD_2": 7, "DISTRITO_F": 4, "DISTRITO_L": 2, "MUNICIPIO_2": 63, "SECCION": 924, "TIPO": 4, "CONTROL_2": 226, "GEOMETRY1__2": null }, "geometry": { "type": "MultiPolygon", "coordinates": [ [ [ [ -93.092520162663916, 16.834945955364976 ], [ -93.092176386533723, 16.834941344251188 ], [ -93.092520162663931, 16.834945955364972 ], [ -93.092805524083062, 16.835032383739311 ], [ -93.092520162663916, 16.834945955364976 ] ] ], [ [ [ -93.091549488063791, 16.834685130399301 ], [ -93.091265806775283, 16.834474820945555 ], [ -93.091549488063791, 16.834685130399212 ], [ -93.091834289098472, 16.834812853236905 ], [ -93.091549488063791, 16.834685130399301 ] ] ], [ [ [ -93.088284740648831, 16.834558699925527 ], [ -93.087937042453532, 16.83484313343757 ], [ -93.088284740648831, 16.834558699925434 ], [ -93.088572900930771, 16.834438668677343 ], [ -93.088284740648831, 16.834558699925527 ] ] ], [ [ [ -93.086894502266389, 16.835655137328214 ], [ -93.086489503685172, 16.835938798332194 ], [ -93.086894502266389, 16.835655137328121 ], [ -93.087126490066581, 16.835451751868323 ], [ -93.086894502266389, 16.835655137328214 ] ] ], [ [ [ -93.086373228836962, 16.83606113728074 ], [ -93.086256393067842, 16.836224769256276 ], [ -93.086081139038512, 16.836470217091819 ], [ -93.086256393067799, 16.836224769256276 ], [ -93.086373228836948, 16.83606113728074 ], [ -93.086489503685172, 16.835938798332194 ], [ -93.086373228836962, 16.83606113728074 ] ] ], [ [ [ -93.086021038458654, 16.836675912277517 ], [ -93.085963328724063, 16.836766716092921 ], [ -93.08602103845864, 16.836675912277517 ], [ -93.086081139038512, 16.836470217091819 ], [ -93.086021038458654, 16.836675912277517 ] ] ], [ [ [ -93.085550886835364, 16.837536904380066 ], [ -93.085435171363969, 16.837617949699027 ], [ -93.085550886835364, 16.837536904379974 ], [ -93.085640396911799, 16.837350068575251 ], [ -93.085550886835364, 16.837536904380066 ] ] ], [ [ [ -93.083937035334699, 16.838217309010453 ], [ -93.083764583068003, 16.838256289438405 ], [ -93.083937035334699, 16.838217309010364 ], [ -93.084052190557344, 16.838177557617449 ], [ -93.083937035334699, 16.838217309010453 ] ] ], [ [ [ -93.083706163416011, 16.838338104683441 ], [ -93.083475852582353, 16.838417607017025 ], [ -93.083706163416011, 16.838338104683352 ], [ -93.083764583068003, 16.838256289438405 ], [ -93.083706163416011, 16.838338104683441 ] ] ], [ [ [ -93.078771872359937, 16.83876726290211 ], [ -93.078543808717981, 16.838681587432323 ], [ -93.07831574528025, 16.838595911707618 ], [ -93.078543808717995, 16.838681587432323 ], [ -93.078771872359937, 16.83876726290211 ], [ -93.079000498555772, 16.838811645046988 ], [ -93.078771872359937, 16.83876726290211 ] ] ], [ [ [ -93.07825957321738, 16.838512553131697 ], [ -93.078030947549721, 16.83846817015861 ], [ -93.077689978461351, 16.838257069476381 ], [ -93.077519212865255, 16.838172165455166 ], [ -93.077689978461351, 16.838257069476288 ], [ -93.078030947549749, 16.83846817015861 ], [ -93.07825957321738, 16.838512553131697 ], [ -93.07831574528025, 16.838595911707618 ], [ -93.07825957321738, 16.838512553131697 ] ] ], [ [ [ -93.076611467531521, 16.837499111878724 ], [ -93.076497999815288, 16.837414979894625 ], [ -93.076421198054391, 16.837339150349191 ], [ -93.076497999815288, 16.837414979894536 ], [ -93.076611467531521, 16.837499111878635 ], [ -93.076779980807927, 16.837749188947218 ], [ -93.076611467531521, 16.837499111878724 ] ] ], [ [ [ -93.07524366679354, 16.836943747649183 ], [ -93.075243503759225, 16.836943745448835 ], [ -93.07524366679354, 16.836943747649183 ], [ -93.075300963370836, 16.836944520928469 ], [ -93.07524366679354, 16.836943747649183 ] ] ], [ [ [ -93.072994445759818, 16.837987196968275 ], [ -93.07299444575979, 16.837987196968275 ], [ -93.073110166779387, 16.837906158637562 ], [ -93.072994445759818, 16.837987196968275 ] ] ], [ [ [ -93.070928937688777, 16.838165791018849 ], [ -93.070698621667205, 16.838245279047666 ], [ -93.070468869650682, 16.838283473762051 ], [ -93.070698621667205, 16.83824527904758 ], [ -93.070928937688777, 16.83816579101876 ], [ -93.071097489878341, 16.838127703245743 ], [ -93.070928937688777, 16.838165791018849 ] ] ], [ [ [ -93.06966445467296, 16.838437799767433 ], [ -93.069377405191432, 16.838475218412047 ], [ -93.069147652626867, 16.838513411649743 ], [ -93.069377405191418, 16.838475218412047 ], [ -93.06966445467296, 16.838437799767345 ], [ -93.070066662326269, 16.8383606371582 ], [ -93.06966445467296, 16.838437799767433 ] ] ], [ [ [ -93.06800001787569, 16.838621787886108 ], [ -93.068000582609557, 16.838580494835821 ], [ -93.068000017875718, 16.838621787886105 ], [ -93.06800001787569, 16.838621787886108 ] ] ], [ [ [ -93.067485474036488, 16.838532223386647 ], [ -93.067314147823993, 16.838488603916591 ], [ -93.067485474036488, 16.838532223386554 ], [ -93.067771394419552, 16.838577393484673 ], [ -93.067485474036488, 16.838532223386647 ] ] ], [ [ [ -93.066799604660602, 16.838399037695311 ], [ -93.066628278722831, 16.838355417651663 ], [ -93.066799604660602, 16.838399037695222 ], [ -93.066856901650922, 16.838399813328333 ], [ -93.066799604660602, 16.838399037695311 ] ] ], [ [ [ -93.066000837839994, 16.838140418867631 ], [ -93.065916462132847, 16.838098461497882 ], [ -93.066000837839994, 16.838140418867546 ], [ -93.066286192185984, 16.838226884085909 ], [ -93.066000837839994, 16.838140418867631 ] ] ], [ [ [ -93.064865077152604, 16.83738162353221 ], [ -93.064579724711805, 16.837295156325784 ], [ -93.064865077152618, 16.83738162353221 ], [ -93.065035836441567, 16.837466538104206 ], [ -93.064865077152604, 16.83738162353221 ] ] ] ] } },
{ "type": "Feature", "properties": { "ID": 95, "ENTIDAD": 7, "MUNICIPIO": 102, "NOMBRE": "TUXTLA GUTIERREZ", "CONTROL": 163, "GEOMETRY1_": null, "ID_2": 1908, "ENTIDAD_2": 7, "DISTRITO_F": 6, "DISTRITO_L": 1, "MUNICIPIO_2": 102, "SECCION": 2025, "TIPO": 2, "CONTROL_2": 2214, "GEOMETRY1__2": null }, "geometry": { "type": "MultiPolygon", "coordinates": [ [ [ [ -93.070582213628782, 16.750211311539953 ], [ -93.070686453448403, 16.750519248172324 ], [ -93.070752938475536, 16.750566837426074 ], [ -93.070796897068448, 16.750598302480228 ], [ -93.071130680259742, 16.750837219994018 ], [ -93.071464464282698, 16.751076136959231 ], [ -93.071785727032548, 16.751306090328185 ], [ -93.072101309546497, 16.751531976867533 ], [ -93.072332203778373, 16.75169724487904 ], [ -93.072338376288826, 16.751776154424366 ], [ -93.072400211512758, 16.752566653918141 ], [ -93.072414801862806, 16.752797351102714 ], [ -93.071997000900112, 16.75282157842291 ], [ -93.071596190829126, 16.752844819679385 ], [ -93.071167913814506, 16.752869652759404 ], [ -93.070759985720514, 16.752893305101473 ], [ -93.070345944115914, 16.752917311084353 ], [ -93.069934657785055, 16.752941156488948 ], [ -93.069874569972384, 16.752944640168462 ], [ -93.069515622266678, 16.752965447503506 ], [ -93.069508978943105, 16.7529357781433 ], [ -93.069196186911171, 16.751980520586184 ], [ -93.069132617643731, 16.751998990925706 ], [ -93.069051912825799, 16.751758127134735 ], [ -93.068977279414042, 16.751548984834383 ], [ -93.068837626953268, 16.751157640869287 ], [ -93.068732982715559, 16.750847024243026 ], [ -93.068713851598403, 16.750790237024066 ], [ -93.069836415626597, 16.750442554993448 ], [ -93.069903455573865, 16.750421768601448 ], [ -93.070582213628782, 16.750211311539953 ] ] ] ] } },
{ "type": "Feature", "properties": { "ID": 95, "ENTIDAD": 7, "MUNICIPIO": 102, "NOMBRE": "TUXTLA GUTIERREZ", "CONTROL": 163, "GEOMETRY1_": null, "ID_2": 1909, "ENTIDAD_2": 7, "DISTRITO_F": 6, "DISTRITO_L": 1, "MUNICIPIO_2": 102, "SECCION": 2026, "TIPO": 2, "CONTROL_2": 2216, "GEOMETRY1__2": null }, "geometry": { "type": "MultiPolygon", "coordinates": [ [ [ [ -93.065746193717558, 16.743333154143166 ], [ -93.067325509584819, 16.741087254146908 ], [ -93.067282287251984, 16.740985319496303 ], [ -93.067208840983454, 16.740902119956878 ], [ -93.067094522132109, 16.740753189812764 ], [ -93.067344597702828, 16.740789477381028 ], [ -93.067419422486793, 16.740727855080117 ], [ -93.067581331973088, 16.740851459699044 ], [ -93.06786791996457, 16.741184816224997 ], [ -93.0690459948718, 16.742008062530079 ], [ -93.069963163672014, 16.74219216939639 ], [ -93.071654112670458, 16.742253986400797 ], [ -93.072494162508235, 16.742284691424842 ], [ -93.073073796282316, 16.742305875869732 ], [ -93.074723070858425, 16.742289802301698 ], [ -93.072881808518602, 16.7428744372693 ], [ -93.072544773090058, 16.743067896922522 ], [ -93.072432438513331, 16.743160740017249 ], [ -93.072255945021411, 16.743392810987078 ], [ -93.072161629458734, 16.743528688408066 ], [ -93.072095579604166, 16.743825950728422 ], [ -93.072103725345045, 16.744143026986819 ], [ -93.072208200317348, 16.744491004104209 ], [ -93.073399783298441, 16.746997086499757 ], [ -93.075509813804416, 16.751434625310957 ], [ -93.076862961186336, 16.752393212373025 ], [ -93.077074035262868, 16.75255984042121 ], [ -93.076884919038733, 16.752487572852353 ], [ -93.076813574922326, 16.7524368674557 ], [ -93.076339859278917, 16.752100188908297 ], [ -93.075753975337378, 16.751894966562045 ], [ -93.075533117408227, 16.751742359397646 ], [ -93.074271980085356, 16.750840268671155 ], [ -93.073926125254062, 16.751317504450078 ], [ -93.07381918134152, 16.75121931941219 ], [ -93.073585351182714, 16.751032118515703 ], [ -93.073541724146011, 16.751002596423312 ], [ -93.073074807901435, 16.751676796921934 ], [ -93.072762190486827, 16.751685405317073 ], [ -93.072535482248156, 16.751691647775914 ], [ -93.072332203778373, 16.75169724487904 ], [ -93.072101309546497, 16.751531976867533 ], [ -93.071785727032548, 16.751306090328185 ], [ -93.071464464282698, 16.751076136959231 ], [ -93.071130680259742, 16.750837219994018 ], [ -93.070796897068448, 16.750598302480228 ], [ -93.070752938475536, 16.750566837426074 ], [ -93.070686453448403, 16.750519248172324 ], [ -93.070582213628782, 16.750211311539953 ], [ -93.070454607160428, 16.749834345650243 ], [ -93.07041781532152, 16.74972565754009 ], [ -93.070879883410143, 16.749106573895116 ], [ -93.070708228828707, 16.748975927535515 ], [ -93.070620781543056, 16.748918659962921 ], [ -93.070490594329272, 16.749087551671501 ], [ -93.070366039048523, 16.748996803539047 ], [ -93.069982190760342, 16.748717139423565 ], [ -93.069564705898387, 16.74841296662936 ], [ -93.069132332606031, 16.748097944440712 ], [ -93.069571790381033, 16.747467970883314 ], [ -93.069351198759435, 16.747308146767409 ], [ -93.068471652495802, 16.746670888594295 ], [ -93.067996894265093, 16.747284697423556 ], [ -93.067748821520297, 16.747107015894038 ], [ -93.067382983796563, 16.746864808524649 ], [ -93.067315512471396, 16.746680384315269 ], [ -93.067252297773464, 16.746566860914498 ], [ -93.067284396633482, 16.746525745122472 ], [ -93.067609069509771, 16.746046864255526 ], [ -93.066928749828847, 16.745570470914355 ], [ -93.066878590141116, 16.745496041555352 ], [ -93.066610699629194, 16.745098531520664 ], [ -93.066475698370496, 16.744822852569616 ], [ -93.065746193717558, 16.743333154143166 ] ] ] ] } },
{ "type": "Feature", "properties": { "ID": 95, "ENTIDAD": 7, "MUNICIPIO": 102, "NOMBRE": "TUXTLA GUTIERREZ", "CONTROL": 163, "GEOMETRY1_": null, "ID_2": 1910, "ENTIDAD_2": 7, "DISTRITO_F": 6, "DISTRITO_L": 1, "MUNICIPIO_2": 102, "SECCION": 2027, "TIPO": 2, "CONTROL_2": 2215, "GEOMETRY1__2": null }, "geometry": { "type": "MultiPolygon", "coordinates": [ [ [ [ -93.067952163556825, 16.748529276281776 ], [ -93.069112088475819, 16.7481507500808 ], [ -93.069132332606031, 16.748097944440712 ], [ -93.069564705898387, 16.74841296662936 ], [ -93.069982190760342, 16.748717139423565 ], [ -93.070366039048523, 16.748996803539047 ], [ -93.070490594329272, 16.749087551671501 ], [ -93.070620781543056, 16.748918659962921 ], [ -93.070708228828707, 16.748975927535515 ], [ -93.070879883410143, 16.749106573895116 ], [ -93.07041781532152, 16.74972565754009 ], [ -93.070454607160428, 16.749834345650243 ], [ -93.070582213628782, 16.750211311539953 ], [ -93.069903455573865, 16.750421768601448 ], [ -93.069836415626597, 16.750442554993448 ], [ -93.068713851598403, 16.750790237024066 ], [ -93.068618019056714, 16.750505775126239 ], [ -93.068491387256927, 16.750129889710571 ], [ -93.068459846616889, 16.75003626632628 ], [ -93.0683398696399, 16.74968013281801 ], [ -93.068202469702456, 16.749272280149004 ], [ -93.067952163556825, 16.748529276281776 ] ] ] ] } },
{ "type": "Feature", "properties": { "ID": 95, "ENTIDAD": 7, "MUNICIPIO": 102, "NOMBRE": "TUXTLA GUTIERREZ", "CONTROL": 163, "GEOMETRY1_": null, "ID_2": 1911, "ENTIDAD_2": 7, "DISTRITO_F": 6, "DISTRITO_L": 1, "MUNICIPIO_2": 102, "SECCION": 2028, "TIPO": 2, "CONTROL_2": 2218, "GEOMETRY1__2": null }, "geometry": { "type": "MultiPolygon", "coordinates": [ [ [ [ -93.058020700747633, 16.73892156708823 ], [ -93.058161207290709, 16.738748228962859 ], [ -93.058766362513623, 16.738001664927523 ], [ -93.059181903039089, 16.738187048190571 ], [ -93.059303256554188, 16.738240782032438 ], [ -93.059586899330284, 16.737823151075446 ], [ -93.059921990760174, 16.737329765107152 ], [ -93.06042212858182, 16.736547936827591 ], [ -93.060488111336099, 16.736434320495754 ], [ -93.059818122860278, 16.736115808704252 ], [ -93.059907040384815, 16.735932736875192 ], [ -93.061418521308951, 16.736669459772493 ], [ -93.062297183819439, 16.737159579012868 ], [ -93.063155334376091, 16.737718913917888 ], [ -93.063987899423466, 16.738294538386636 ], [ -93.064817704631466, 16.738849974707353 ], [ -93.065648033477743, 16.739411597754597 ], [ -93.066449324810293, 16.739987258993484 ], [ -93.067419422486793, 16.740727855080117 ], [ -93.067344597702828, 16.740789477381028 ], [ -93.067094522132109, 16.740753189812764 ], [ -93.067208840983454, 16.740902119956878 ], [ -93.067282287251984, 16.740985319496303 ], [ -93.067325509584819, 16.741087254146908 ], [ -93.065746193717558, 16.743333154143166 ], [ -93.065101908204326, 16.744045141102816 ], [ -93.065045854442744, 16.744107084640454 ], [ -93.06472415654801, 16.744458971023704 ], [ -93.064403896380327, 16.74487459442355 ], [ -93.064094243926334, 16.745255192664533 ], [ -93.063963027936907, 16.745416471507077 ], [ -93.063803781574094, 16.745592102252878 ], [ -93.063269981446211, 16.746252559944658 ], [ -93.062700511083619, 16.745857844362803 ], [ -93.062235321470979, 16.745536842458506 ], [ -93.061745964358579, 16.745198160808293 ], [ -93.061209029529081, 16.744810865635255 ], [ -93.060747642725545, 16.744459169724557 ], [ -93.060817714472876, 16.744374611592299 ], [ -93.060354969427152, 16.744038273916541 ], [ -93.059750064081541, 16.744766567029082 ], [ -93.05946207951304, 16.745113291717299 ], [ -93.059354186304674, 16.745243191440171 ], [ -93.058972827502487, 16.744813226692852 ], [ -93.060030097167996, 16.743552080484434 ], [ -93.059525843087556, 16.743177055646214 ], [ -93.059143728499265, 16.742894245849154 ], [ -93.059134292246256, 16.74278624658697 ], [ -93.058675767918686, 16.742445304609149 ], [ -93.058195922771219, 16.742092380967865 ], [ -93.058127880857029, 16.742175760660924 ], [ -93.057978572544016, 16.742357215129847 ], [ -93.057521632040164, 16.74202964496925 ], [ -93.05766723391838, 16.741845625336403 ], [ -93.057194738455209, 16.741470553298992 ], [ -93.057421656700541, 16.741181229647847 ], [ -93.057648152604912, 16.740892443361698 ], [ -93.057847978267603, 16.740637661172492 ], [ -93.058048138063299, 16.740382452079274 ], [ -93.057654393131429, 16.740086309740256 ], [ -93.057725087508075, 16.739998411486134 ], [ -93.057975210445505, 16.73968741886803 ], [ -93.058220270509906, 16.739382719940419 ], [ -93.058385539621057, 16.739177229518688 ], [ -93.058020700747633, 16.73892156708823 ] ] ] ] } },
{ "type": "Feature", "properties": { "ID": 95, "ENTIDAD": 7, "MUNICIPIO": 102, "NOMBRE": "TUXTLA GUTIERREZ", "CONTROL": 163, "GEOMETRY1_": null, "ID_2": 1592, "ENTIDAD_2": 7, "DISTRITO_F": 9, "DISTRITO_L": 13, "MUNICIPIO_2": 102, "SECCION": 1698, "TIPO": 2, "CONTROL_2": 1810, "GEOMETRY1__2": null }, "geometry": { "type": "MultiPolygon", "coordinates": [ [ [ [ -93.125690794587968, 16.755020191052051 ], [ -93.124800368631796, 16.75500273452074 ], [ -93.124993385029924, 16.753904535272373 ], [ -93.125140970138446, 16.753064816466942 ], [ -93.125293445341143, 16.752262992884024 ], [ -93.125401740170773, 16.751688488990204 ], [ -93.125456087852271, 16.751400173322505 ], [ -93.126314936504443, 16.751503684339387 ], [ -93.126358748908132, 16.751508964642738 ], [ -93.126486368293186, 16.750717091518386 ], [ -93.127092456894516, 16.750818832144716 ], [ -93.127207316568231, 16.750838112767912 ], [ -93.127948108049338, 16.750902395528275 ], [ -93.128004801990755, 16.750907315077999 ], [ -93.128002364874973, 16.750969906340423 ], [ -93.12797963631246, 16.751553631181743 ], [ -93.127976370721015, 16.751637499255533 ], [ -93.128067004878289, 16.751637162234392 ], [ -93.12853363690958, 16.751635426443357 ], [ -93.128994119579417, 16.751598884265494 ], [ -93.128992832541627, 16.751563946653626 ], [ -93.128975867381754, 16.751103413266112 ], [ -93.130077987704595, 16.751031160880018 ], [ -93.13062161497632, 16.750997104504904 ], [ -93.131387585832641, 16.750956626786781 ], [ -93.131467974827032, 16.750971846122457 ], [ -93.131340868839203, 16.751384463636711 ], [ -93.131266498593092, 16.751595358681847 ], [ -93.131175652359431, 16.751852974759672 ], [ -93.131030136409791, 16.752287411836821 ], [ -93.131020152824675, 16.752317217700153 ], [ -93.130881020999396, 16.752749064200547 ], [ -93.130798331877742, 16.753016503107979 ], [ -93.130739327733096, 16.753207337940541 ], [ -93.130725001884414, 16.753297553332938 ], [ -93.130740780209734, 16.75346124875302 ], [ -93.130788315785168, 16.753735925862159 ], [ -93.13089363023451, 16.754311069936652 ], [ -93.130185575055748, 16.754465168199488 ], [ -93.129265812144268, 16.754664711988266 ], [ -93.127908821792175, 16.754948281104245 ], [ -93.127378136854958, 16.754875849791681 ], [ -93.12656012687809, 16.754953736614006 ], [ -93.126469334151508, 16.75496238123991 ], [ -93.126409419821286, 16.754967111141305 ], [ -93.1257961880208, 16.755015521349982 ], [ -93.125727835778036, 16.755020917150048 ], [ -93.125690794587968, 16.755020191052051 ] ] ] ] } },
{ "type": "Feature", "properties": { "ID": 95, "ENTIDAD": 7, "MUNICIPIO": 102, "NOMBRE": "TUXTLA GUTIERREZ", "CONTROL": 163, "GEOMETRY1_": null, "ID_2": 1912, "ENTIDAD_2": 7, "DISTRITO_F": 6, "DISTRITO_L": 1, "MUNICIPIO_2": 102, "SECCION": 2029, "TIPO": 2, "CONTROL_2": 2556, "GEOMETRY1__2": null }, "geometry": { "type": "MultiPolygon", "coordinates": [ [ [ [ -93.052716876999199, 16.745952643216917 ], [ -93.051783276999203, 16.744763566216506 ], [ -93.050889599999209, 16.743655289215955 ], [ -93.049969676999439, 16.742568935914427 ], [ -93.049762707999406, 16.742259582914407 ], [ -93.048611307999437, 16.740898597914025 ], [ -93.04713090799946, 16.739189874913542 ], [ -93.046869045999472, 16.738892166913384 ], [ -93.04663692299944, 16.738598228913322 ], [ -93.045979984999477, 16.737829735913127 ], [ -93.045486445999487, 16.737250966912974 ], [ -93.045282045999457, 16.73701772091286 ], [ -93.044938891999294, 16.736761628213294 ], [ -93.045054291999321, 16.736743043213263 ], [ -93.045322784999442, 16.736678597912803 ], [ -93.045560968999453, 16.736576243912694 ], [ -93.045813799999465, 16.736433582912714 ], [ -93.046053752063528, 16.73628891005853 ], [ -93.046424058306201, 16.735981920975394 ], [ -93.046767742878387, 16.735696998853289 ], [ -93.046863422642858, 16.735833943576129 ], [ -93.047769099441894, 16.735069982128696 ], [ -93.048193511484143, 16.734744176309714 ], [ -93.048452876134164, 16.734554750958676 ], [ -93.048845859384031, 16.734297122439148 ], [ -93.049364618822139, 16.734047037728047 ], [ -93.049911844709968, 16.733852699448327 ], [ -93.05037241041434, 16.733785432911798 ], [ -93.051322628876463, 16.733717516248969 ], [ -93.051835948016205, 16.733688718339021 ], [ -93.052829821421398, 16.733630071086509 ], [ -93.054047920289435, 16.733553841872563 ], [ -93.0545085045473, 16.733559560360877 ], [ -93.054920634881853, 16.73366456289191 ], [ -93.055532799670701, 16.733921338939343 ], [ -93.05676322213813, 16.734528316511884 ], [ -93.058169437872493, 16.735252028027343 ], [ -93.059818122860278, 16.736115808704252 ], [ -93.060488111336099, 16.736434320495754 ], [ -93.06042212858182, 16.736547936827591 ], [ -93.059921990760174, 16.737329765107152 ], [ -93.059586899330284, 16.737823151075446 ], [ -93.059303256554188, 16.738240782032438 ], [ -93.059181903039089, 16.738187048190571 ], [ -93.058766362513623, 16.738001664927523 ], [ -93.058161207290709, 16.738748228962859 ], [ -93.058020700747633, 16.73892156708823 ], [ -93.058385539621057, 16.739177229518688 ], [ -93.058220270509906, 16.739382719940419 ], [ -93.057975210445505, 16.73968741886803 ], [ -93.057725087508075, 16.739998411486134 ], [ -93.057654393131429, 16.740086309740256 ], [ -93.058048138063299, 16.740382452079274 ], [ -93.057847978267603, 16.740637661172492 ], [ -93.057648152604912, 16.740892443361698 ], [ -93.057421656700541, 16.741181229647847 ], [ -93.057194738455209, 16.741470553298992 ], [ -93.056631846305635, 16.742187466064173 ], [ -93.056292123863585, 16.74180692579294 ], [ -93.056231643325049, 16.741739178266844 ], [ -93.055886779100433, 16.742131503781152 ], [ -93.055855974222951, 16.742166548015295 ], [ -93.055825169334184, 16.742201592244651 ], [ -93.055711337157746, 16.742331089749605 ], [ -93.055524055489826, 16.742547071791925 ], [ -93.055394076596031, 16.742696969187779 ], [ -93.055171374855107, 16.742953797923736 ], [ -93.054914166793964, 16.743250419595455 ], [ -93.054784214861726, 16.743400284407297 ], [ -93.054651910972183, 16.743552861246695 ], [ -93.05459913507049, 16.743613668137531 ], [ -93.054328723943854, 16.743925568899677 ], [ -93.054194789732932, 16.744080024725353 ], [ -93.054048533049752, 16.744248690706705 ], [ -93.053569636067436, 16.744800960975081 ], [ -93.053264699927439, 16.745152615074748 ], [ -93.053089237793586, 16.745354958217614 ], [ -93.052909985481648, 16.745561664510078 ], [ -93.053424440694201, 16.74620793132549 ], [ -93.053384065812907, 16.746249399392713 ], [ -93.053100937999176, 16.746454720217177 ], [ -93.052716876999199, 16.745952643216917 ] ] ] ] } },
{ "type": "Feature", "properties": { "ID": 95, "ENTIDAD": 7, "MUNICIPIO": 102, "NOMBRE": "TUXTLA GUTIERREZ", "CONTROL": 163, "GEOMETRY1_": null, "ID_2": 1913, "ENTIDAD_2": 7, "DISTRITO_F": 6, "DISTRITO_L": 1, "MUNICIPIO_2": 102, "SECCION": 2030, "TIPO": 2, "CONTROL_2": 2226, "GEOMETRY1__2": null }, "geometry": { "type": "MultiPolygon", "coordinates": [ [ [ [ -93.076309530140989, 16.741118124747008 ], [ -93.076262076435896, 16.741416086112384 ], [ -93.076824094520717, 16.741534540034028 ], [ -93.076849387946993, 16.741614629265502 ], [ -93.074723070858425, 16.742289802301698 ], [ -93.073073796282316, 16.742305875869732 ], [ -93.072494162508235, 16.742284691424842 ], [ -93.071654112670458, 16.742253986400797 ], [ -93.069963163672014, 16.74219216939639 ], [ -93.0690459948718, 16.742008062530079 ], [ -93.06786791996457, 16.741184816224997 ], [ -93.067581331973088, 16.740851459699044 ], [ -93.068433617496979, 16.739638058219096 ], [ -93.070031911722467, 16.740618683672434 ], [ -93.07007915018508, 16.740430446734752 ], [ -93.070495347741968, 16.740681180477935 ], [ -93.070522720722494, 16.740450448102699 ], [ -93.070554942365447, 16.740055403213876 ], [ -93.070957214573326, 16.740088615591343 ], [ -93.07135810979382, 16.740121713490556 ], [ -93.071733496260535, 16.7401527046712 ], [ -93.072138883853711, 16.74018617190865 ], [ -93.072525108734808, 16.740218056394777 ], [ -93.072922171912793, 16.740250834863136 ], [ -93.073320554308793, 16.740283721456894 ], [ -93.073633945573491, 16.740309591457262 ], [ -93.073726324397356, 16.740373442038244 ], [ -93.074149025170982, 16.740419093209297 ], [ -93.074542171080225, 16.740449899305535 ], [ -93.07493268616237, 16.740478910661849 ], [ -93.075328459938405, 16.740511547466514 ], [ -93.075725856918154, 16.740544317351038 ], [ -93.076070494312432, 16.740571581675198 ], [ -93.076060927235375, 16.740659775254613 ], [ -93.076222184189831, 16.740690790368962 ], [ -93.07638573238485, 16.740715686881344 ], [ -93.076309530140989, 16.741118124747008 ] ] ] ] } },
{ "type": "Feature", "properties": { "ID": 95, "ENTIDAD": 7, "MUNICIPIO": 102, "NOMBRE": "TUXTLA GUTIERREZ", "CONTROL": 163, "GEOMETRY1_": null, "ID_2": 1914, "ENTIDAD_2": 7, "DISTRITO_F": 6, "DISTRITO_L": 1, "MUNICIPIO_2": 102, "SECCION": 2031, "TIPO": 2, "CONTROL_2": 2223, "GEOMETRY1__2": null }, "geometry": { "type": "MultiPolygon", "coordinates": [ [ [ [ -93.067926262618286, 16.736192105650694 ], [ -93.068168040676369, 16.736359195494323 ], [ -93.068820630101158, 16.7367195939349 ], [ -93.069216733595468, 16.736960629242283 ], [ -93.069271858893373, 16.736994173758241 ], [ -93.069655779725124, 16.737227794224054 ], [ -93.069734042677666, 16.737224339998548 ], [ -93.070072685783572, 16.737389739569519 ], [ -93.070350482487072, 16.737525419998811 ], [ -93.070323199665253, 16.737767601740536 ], [ -93.070271801635499, 16.738223845572207 ], [ -93.06880674734316, 16.739121844197207 ], [ -93.068459196767293, 16.738902476437946 ], [ -93.068084779985512, 16.739129523645136 ], [ -93.068399237468441, 16.739343644407931 ], [ -93.068562382741817, 16.739454733101599 ], [ -93.068433617496979, 16.739638058219096 ], [ -93.067581331973088, 16.740851459699044 ], [ -93.067419422486793, 16.740727855080117 ], [ -93.066449324810293, 16.739987258993484 ], [ -93.065648033477743, 16.739411597754597 ], [ -93.06614696111464, 16.738597711713933 ], [ -93.06685226881558, 16.737879061796573 ], [ -93.067388916306655, 16.737016540389327 ], [ -93.067926262618286, 16.736192105650694 ] ] ] ] } },
{ "type": "Feature", "properties": { "ID": 95, "ENTIDAD": 7, "MUNICIPIO": 102, "NOMBRE": "TUXTLA GUTIERREZ", "CONTROL": 163, "GEOMETRY1_": null, "ID_2": 1915, "ENTIDAD_2": 7, "DISTRITO_F": 6, "DISTRITO_L": 1, "MUNICIPIO_2": 102, "SECCION": 2032, "TIPO": 2, "CONTROL_2": 2229, "GEOMETRY1__2": null }, "geometry": { "type": "MultiPolygon", "coordinates": [ [ [ [ -93.077011173002617, 16.7372113241865 ], [ -93.07669845678916, 16.738963512820835 ], [ -93.07638573238485, 16.740715686881344 ], [ -93.076222184189831, 16.740690790368962 ], [ -93.076060927235375, 16.740659775254613 ], [ -93.076070494312432, 16.740571581675198 ], [ -93.075725856918154, 16.740544317351038 ], [ -93.075328459938405, 16.740511547466514 ], [ -93.075400808315536, 16.739592105788937 ], [ -93.075481912518711, 16.738680588918818 ], [ -93.075097190372304, 16.738646247120361 ], [ -93.075134699558703, 16.738256624708672 ], [ -93.075169794835361, 16.737892075089164 ], [ -93.075204721601139, 16.737529274500687 ], [ -93.076721271479258, 16.737644003936104 ], [ -93.0767892031391, 16.737246610500957 ], [ -93.076825790786287, 16.737076433272101 ], [ -93.077021303462445, 16.737154573761238 ], [ -93.077011173002617, 16.7372113241865 ] ] ] ] } },
{ "type": "Feature", "properties": { "ID": 95, "ENTIDAD": 7, "MUNICIPIO": 102, "NOMBRE": "TUXTLA GUTIERREZ", "CONTROL": 163, "GEOMETRY1_": null, "ID_2": 1916, "ENTIDAD_2": 7, "DISTRITO_F": 6, "DISTRITO_L": 1, "MUNICIPIO_2": 102, "SECCION": 2033, "TIPO": 2, "CONTROL_2": 2235, "GEOMETRY1__2": null }, "geometry": { "type": "MultiPolygon", "coordinates": [ [ [ [ -93.070271801635499, 16.738223845572207 ], [ -93.070700781206952, 16.73826736475846 ], [ -93.070625338082451, 16.739192329643792 ], [ -93.070554942365447, 16.740055403213876 ], [ -93.070522720722494, 16.740450448102699 ], [ -93.070495347741968, 16.740681180477935 ], [ -93.07007915018508, 16.740430446734752 ], [ -93.070031911722467, 16.740618683672434 ], [ -93.068433617496979, 16.739638058219096 ], [ -93.068562382741817, 16.739454733101599 ], [ -93.068399237468441, 16.739343644407931 ], [ -93.068084779985512, 16.739129523645136 ], [ -93.068459196767293, 16.738902476437946 ], [ -93.06880674734316, 16.739121844197207 ], [ -93.070271801635499, 16.738223845572207 ] ] ] ] } },
{ "type": "Feature", "properties": { "ID": 95, "ENTIDAD": 7, "MUNICIPIO": 102, "NOMBRE": "TUXTLA GUTIERREZ", "CONTROL": 163, "GEOMETRY1_": null, "ID_2": 1917, "ENTIDAD_2": 7, "DISTRITO_F": 6, "DISTRITO_L": 1, "MUNICIPIO_2": 102, "SECCION": 2034, "TIPO": 2, "CONTROL_2": 2228, "GEOMETRY1__2": null }, "geometry": { "type": "MultiPolygon", "coordinates": [ [ [ [ -93.073893202292666, 16.738545485732274 ], [ -93.07431169600973, 16.738577277463037 ], [ -93.074713461648699, 16.738607797602793 ], [ -93.075097190372304, 16.738646247120361 ], [ -93.075481912518711, 16.738680588918818 ], [ -93.075400808315536, 16.739592105788937 ], [ -93.075328459938405, 16.740511547466514 ], [ -93.07493268616237, 16.740478910661849 ], [ -93.074542171080225, 16.740449899305535 ], [ -93.074149025170982, 16.740419093209297 ], [ -93.073726324397356, 16.740373442038244 ], [ -93.073805627662722, 16.739461076326958 ], [ -93.073893202292666, 16.738545485732274 ] ] ] ] } },
{ "type": "Feature", "properties": { "ID": 95, "ENTIDAD": 7, "MUNICIPIO": 102, "NOMBRE": "TUXTLA GUTIERREZ", "CONTROL": 163, "GEOMETRY1_": null, "ID_2": 1918, "ENTIDAD_2": 7, "DISTRITO_F": 6, "DISTRITO_L": 1, "MUNICIPIO_2": 102, "SECCION": 2035, "TIPO": 2, "CONTROL_2": 2227, "GEOMETRY1__2": null }, "geometry": { "type": "MultiPolygon", "coordinates": [ [ [ [ -93.071906749314095, 16.738372433559658 ], [ -93.072292813563507, 16.738406067519286 ], [ -93.072683054936789, 16.738440064644525 ], [ -93.073099754322953, 16.738476365916107 ], [ -93.073485818981638, 16.738509997643106 ], [ -93.073893202292666, 16.738545485732274 ], [ -93.073805627662722, 16.739461076326958 ], [ -93.073726324397356, 16.740373442038244 ], [ -93.073633945573491, 16.740309591457262 ], [ -93.073320554308793, 16.740283721456894 ], [ -93.072922171912793, 16.740250834863136 ], [ -93.072525108734808, 16.740218056394777 ], [ -93.072138883853711, 16.74018617190865 ], [ -93.071733496260535, 16.7401527046712 ], [ -93.071819109774552, 16.739286702638164 ], [ -93.071906749314095, 16.738372433559658 ] ] ] ] } },
{ "type": "Feature", "properties": { "ID": 95, "ENTIDAD": 7, "MUNICIPIO": 102, "NOMBRE": "TUXTLA GUTIERREZ", "CONTROL": 163, "GEOMETRY1_": null, "ID_2": 1919, "ENTIDAD_2": 7, "DISTRITO_F": 6, "DISTRITO_L": 1, "MUNICIPIO_2": 102, "SECCION": 2036, "TIPO": 2, "CONTROL_2": 2236, "GEOMETRY1__2": null }, "geometry": { "type": "MultiPolygon", "coordinates": [ [ [ [ -93.070700781206952, 16.73826736475846 ], [ -93.071114779185081, 16.738303434737908 ], [ -93.071509197136791, 16.738337798003307 ], [ -93.071906749314095, 16.738372433559658 ], [ -93.071819109774552, 16.739286702638164 ], [ -93.071733496260535, 16.7401527046712 ], [ -93.07135810979382, 16.740121713490556 ], [ -93.070957214573326, 16.740088615591343 ], [ -93.070554942365447, 16.740055403213876 ], [ -93.070625338082451, 16.739192329643792 ], [ -93.070700781206952, 16.73826736475846 ] ] ] ] } },
{ "type": "Feature", "properties": { "ID": 95, "ENTIDAD": 7, "MUNICIPIO": 102, "NOMBRE": "TUXTLA GUTIERREZ", "CONTROL": 163, "GEOMETRY1_": null, "ID_2": 1920, "ENTIDAD_2": 7, "DISTRITO_F": 6, "DISTRITO_L": 1, "MUNICIPIO_2": 102, "SECCION": 2037, "TIPO": 2, "CONTROL_2": 2222, "GEOMETRY1__2": null }, "geometry": { "type": "MultiPolygon", "coordinates": [ [ [ [ -93.066045685965307, 16.735325900899742 ], [ -93.066279216694838, 16.735448079712199 ], [ -93.066481577456869, 16.735553950652516 ], [ -93.066941718768774, 16.735833670092216 ], [ -93.06705427945586, 16.735649776439544 ], [ -93.067078636040705, 16.735609984327102 ], [ -93.067530777659726, 16.73590273590224 ], [ -93.067926262618286, 16.736192105650694 ], [ -93.067388916306655, 16.737016540389327 ], [ -93.06685226881558, 16.737879061796573 ], [ -93.06614696111464, 16.738597711713933 ], [ -93.065648033477743, 16.739411597754597 ], [ -93.064817704631466, 16.738849974707353 ], [ -93.063987899423466, 16.738294538386636 ], [ -93.064483935459691, 16.737430919596797 ], [ -93.065189900571511, 16.736711945698659 ], [ -93.065731950796348, 16.735872050686901 ], [ -93.065856100517095, 16.735647808932079 ], [ -93.066045685965307, 16.735325900899742 ] ] ] ] } },
{ "type": "Feature", "properties": { "ID": 95, "ENTIDAD": 7, "MUNICIPIO": 102, "NOMBRE": "TUXTLA GUTIERREZ", "CONTROL": 163, "GEOMETRY1_": null, "ID_2": 1921, "ENTIDAD_2": 7, "DISTRITO_F": 6, "DISTRITO_L": 1, "MUNICIPIO_2": 102, "SECCION": 2038, "TIPO": 2, "CONTROL_2": 2231, "GEOMETRY1__2": null }, "geometry": { "type": "MultiPolygon", "coordinates": [ [ [ [ -93.073099754322953, 16.738476365916107 ], [ -93.073211450434457, 16.7370464948314 ], [ -93.073596966180745, 16.737067252302865 ], [ -93.074017860403387, 16.737089913843942 ], [ -93.074097618818186, 16.737053242470598 ], [ -93.074483067037733, 16.737075002365394 ], [ -93.0748637118283, 16.737094306674656 ], [ -93.07524350284298, 16.737126434079194 ], [ -93.075204721601139, 16.737529274500687 ], [ -93.075169794835361, 16.737892075089164 ], [ -93.075134699558703, 16.738256624708672 ], [ -93.075097190372304, 16.738646247120361 ], [ -93.074713461648699, 16.738607797602793 ], [ -93.07431169600973, 16.738577277463037 ], [ -93.073893202292666, 16.738545485732274 ], [ -93.073485818981638, 16.738509997643106 ], [ -93.073099754322953, 16.738476365916107 ] ] ] ] } },
{ "type": "Feature", "properties": { "ID": 95, "ENTIDAD": 7, "MUNICIPIO": 102, "NOMBRE": "TUXTLA GUTIERREZ", "CONTROL": 163, "GEOMETRY1_": null, "ID_2": 1922, "ENTIDAD_2": 7, "DISTRITO_F": 6, "DISTRITO_L": 1, "MUNICIPIO_2": 102, "SECCION": 2039, "TIPO": 2, "CONTROL_2": 2230, "GEOMETRY1__2": null }, "geometry": { "type": "MultiPolygon", "coordinates": [ [ [ [ -93.071509197136791, 16.738337798003307 ], [ -93.071587703059606, 16.73746741361607 ], [ -93.07201727182057, 16.737031978330915 ], [ -93.072414844238239, 16.737030263876509 ], [ -93.072813557686715, 16.737036493621297 ], [ -93.073211450434457, 16.7370464948314 ], [ -93.073099754322953, 16.738476365916107 ], [ -93.072683054936789, 16.738440064644525 ], [ -93.072292813563507, 16.738406067519286 ], [ -93.071906749314095, 16.738372433559658 ], [ -93.071509197136791, 16.738337798003307 ] ] ] ] } },
{ "type": "Feature", "properties": { "ID": 95, "ENTIDAD": 7, "MUNICIPIO": 102, "NOMBRE": "TUXTLA GUTIERREZ", "CONTROL": 163, "GEOMETRY1_": null, "ID_2": 1593, "ENTIDAD_2": 7, "DISTRITO_F": 9, "DISTRITO_L": 13, "MUNICIPIO_2": 102, "SECCION": 1699, "TIPO": 2, "CONTROL_2": 1816, "GEOMETRY1__2": null }, "geometry": { "type": "MultiPolygon", "coordinates": [ [ [ [ -93.135688358670834, 16.754417379463685 ], [ -93.134726829629102, 16.754354983495553 ], [ -93.133287990271086, 16.754261605243553 ], [ -93.132739947911801, 16.754240676689033 ], [ -93.132042508369338, 16.754266653902917 ], [ -93.131985784451317, 16.75426876656898 ], [ -93.131502277732594, 16.754287495374363 ], [ -93.131212402173844, 16.754298723262632 ], [ -93.13119199547198, 16.754299513669757 ], [ -93.13089363023451, 16.754311069936652 ], [ -93.130788315785168, 16.753735925862159 ], [ -93.130740780209734, 16.75346124875302 ], [ -93.130725001884414, 16.753297553332938 ], [ -93.130739327733096, 16.753207337940541 ], [ -93.130798331877742, 16.753016503107979 ], [ -93.130881020999396, 16.752749064200547 ], [ -93.131020152824675, 16.752317217700153 ], [ -93.131030136409791, 16.752287411836821 ], [ -93.131175652359431, 16.751852974759672 ], [ -93.131266498593092, 16.751595358681847 ], [ -93.131340868839203, 16.751384463636711 ], [ -93.131467974827032, 16.750971846122457 ], [ -93.131646365683864, 16.75048561970813 ], [ -93.131712502963779, 16.750296209205043 ], [ -93.131797798244122, 16.75005193153725 ], [ -93.131910465977555, 16.749729260729509 ], [ -93.132227060845636, 16.749716054535277 ], [ -93.133078120409479, 16.74965822609586 ], [ -93.133777707752358, 16.749629241877031 ], [ -93.133922614523129, 16.749621619729385 ], [ -93.134511409523014, 16.749590647850468 ], [ -93.135017807408403, 16.749599622400005 ], [ -93.135814528815487, 16.749699104726464 ], [ -93.136446878904948, 16.749808958182935 ], [ -93.137514659385914, 16.749944519147373 ], [ -93.137190318917604, 16.751290886598913 ], [ -93.136936292214713, 16.75222248924112 ], [ -93.136353909666212, 16.754460566043473 ], [ -93.135688358670834, 16.754417379463685 ] ] ] ] } },
{ "type": "Feature", "properties": { "ID": 95, "ENTIDAD": 7, "MUNICIPIO": 102, "NOMBRE": "TUXTLA GUTIERREZ", "CONTROL": 163, "GEOMETRY1_": null, "ID_2": 1972, "ENTIDAD_2": 7, "DISTRITO_F": 4, "DISTRITO_L": 2, "MUNICIPIO_2": 78, "SECCION": 2089, "TIPO": 4, "CONTROL_2": 2729, "GEOMETRY1__2": null }, "geometry": { "type": "MultiPolygon", "coordinates": [ [ [ [ -93.19522160049226, 16.798670614057809 ], [ -93.184157633496341, 16.795102095524967 ], [ -93.19522160049155, 16.798670613364376 ], [ -93.195221600594664, 16.798670613965257 ], [ -93.19522160049226, 16.798670614057809 ] ] ] ] } },
{ "type": "Feature", "properties": { "ID": 95, "ENTIDAD": 7, "MUNICIPIO": 102, "NOMBRE": "TUXTLA GUTIERREZ", "CONTROL": 163, "GEOMETRY1_": null, "ID_2": 1973, "ENTIDAD_2": 7, "DISTRITO_F": 4, "DISTRITO_L": 2, "MUNICIPIO_2": 78, "SECCION": 2090, "TIPO": 4, "CONTROL_2": 2715, "GEOMETRY1__2": null }, "geometry": { "type": "MultiPolygon", "coordinates": [ [ [ [ -93.183715008928985, 16.793898643080393 ], [ -93.183603139462448, 16.793690689876644 ], [ -93.183548553970283, 16.793483479818896 ], [ -93.183492349584654, 16.793400149860332 ], [ -93.183548553969615, 16.793483479125012 ], [ -93.183603139461781, 16.79369068918276 ], [ -93.183715008928317, 16.793898642386502 ], [ -93.18376959472468, 16.794105853082712 ], [ -93.183715008928985, 16.793898643080393 ] ] ], [ [ [ -93.181792740008262, 16.791932577926016 ], [ -93.181679253609701, 16.791848503740987 ], [ -93.181792740008277, 16.791932577926016 ], [ -93.181963509794286, 16.79201739570561 ], [ -93.181792740008262, 16.791932577926016 ] ] ], [ [ [ -93.156069549201163, 16.803557951683224 ], [ -93.151205910864789, 16.804336359517563 ], [ -93.156069549200609, 16.803557950990331 ], [ -93.159726794883639, 16.802928882707477 ], [ -93.156069549201163, 16.803557951683224 ] ] ], [ [ [ -93.151090243600052, 16.804417441741531 ], [ -93.150917835967533, 16.804456478344381 ], [ -93.15074488150141, 16.804536808108718 ], [ -93.15057138008919, 16.804658431033015 ], [ -93.150455165533046, 16.804780806205596 ], [ -93.150223282849467, 16.80498426305024 ], [ -93.150049233783875, 16.805147178837728 ], [ -93.149933565533885, 16.80522826041307 ], [ -93.149760609949951, 16.805308589352968 ], [ -93.149244477757875, 16.805343108801694 ], [ -93.149128809044171, 16.805424189926665 ], [ -93.148956400088821, 16.805463224892719 ], [ -93.148668869266587, 16.805542047282426 ], [ -93.148266763550637, 16.805619363316289 ], [ -93.147806275356118, 16.80577851204859 ], [ -93.147517648648545, 16.805939919430102 ], [ -93.147226831352441, 16.806266499590183 ], [ -93.147052230985153, 16.806470706146523 ], [ -93.146934370297416, 16.806716959216661 ], [ -93.146701386214417, 16.807002998687327 ], [ -93.146468401434532, 16.807289037891678 ], [ -93.146178675800797, 16.807533029978053 ], [ -93.145947333002454, 16.807695188722882 ], [ -93.145773277804153, 16.80785810089861 ], [ -93.145312782097932, 16.808017244074005 ], [ -93.145024149882744, 16.808178647965306 ], [ -93.144565297075687, 16.808213909615876 ], [ -93.144221568486415, 16.808209385219708 ], [ -93.143935676243188, 16.808164321166398 ], [ -93.143649784131753, 16.808119256714523 ], [ -93.14330879759558, 16.807908264365008 ], [ -93.143024551316699, 16.807739319181952 ], [ -93.142683566145408, 16.807528325777955 ], [ -93.142456060262447, 16.807401427617634 ], [ -93.14217181548716, 16.807232481236468 ], [ -93.14188757121309, 16.807063534455871 ], [ -93.141544942232557, 16.806976418995717 ], [ -93.141372530273699, 16.807015447623517 ], [ -93.140802946443031, 16.806760138005888 ], [ -93.140172233189091, 16.806793124563161 ], [ -93.139827958076552, 16.806829886091741 ], [ -93.139483133625916, 16.806907940329999 ], [ -93.139311270531408, 16.806905673948393 ], [ -93.139081570455502, 16.806943945167273 ], [ -93.138737844208734, 16.806939411589855 ], [ -93.138280641487142, 16.806850779359291 ], [ -93.138224452754514, 16.806767437011775 ], [ -93.137996950707361, 16.806640533881993 ], [ -93.137884024116659, 16.806515142294369 ], [ -93.137599784663436, 16.806346189541664 ], [ -93.137315545711431, 16.806177236389676 ], [ -93.136972920350573, 16.806090113280298 ], [ -93.136631394932294, 16.805920403026207 ], [ -93.136345507828764, 16.805875328376157 ], [ -93.136173095764619, 16.805914352651513 ], [ -93.136000683628907, 16.80595337678275 ], [ -93.135540184179746, 16.806112498140095 ], [ -93.135251546457056, 16.806273888391139 ], [ -93.134847782943851, 16.806475058094993 ], [ -93.134444568865945, 16.806634933728144 ], [ -93.134098641762705, 16.806795565517859 ], [ -93.133523012773793, 16.806994461748651 ], [ -93.133178185364812, 16.807072505439169 ], [ -93.133006872758045, 16.807028940513895 ], [ -93.13272208613688, 16.806901274283291 ], [ -93.132551324486059, 16.806816415698094 ], [ -93.132380562986256, 16.806731556969378 ], [ -93.132212004733546, 16.806481524984147 ], [ -93.131928871959786, 16.80622997779982 ], [ -93.131704129103682, 16.805896601267325 ], [ -93.131590656156789, 16.805812499464238 ], [ -93.131365363430106, 16.805520415822755 ], [ -93.131195154606232, 16.805394262805418 ], [ -93.130911473732141, 16.805184007456599 ], [ -93.130740714416888, 16.805099147338005 ], [ -93.130627793481736, 16.804973751708058 ], [ -93.130458136782011, 16.804806304783945 ], [ -93.130346318556249, 16.804598322425299 ], [ -93.130121580393478, 16.804264944078241 ], [ -93.129954681065314, 16.803891030288018 ], [ -93.129843966494676, 16.803600461055314 ], [ -93.129732700957916, 16.803351185040682 ], [ -93.129679273569877, 16.803061373851893 ], [ -93.129568559907923, 16.802770804441259 ], [ -93.129568559916848, 16.802770803772933 ], [ -93.129679273569408, 16.803061373158911 ], [ -93.129732700957447, 16.80335118434779 ], [ -93.129843966494207, 16.803600460362421 ], [ -93.129954681064845, 16.803891029595121 ], [ -93.130121580393009, 16.804264943385437 ], [ -93.13034631855578, 16.804598321732403 ], [ -93.130458136781542, 16.804806304091148 ], [ -93.130627793481253, 16.804973751015343 ], [ -93.130740714416405, 16.805099146645201 ], [ -93.130911473731643, 16.805184006763891 ], [ -93.131195154605763, 16.805394262112706 ], [ -93.131365363429623, 16.805520415130044 ], [ -93.13159065615632, 16.805812498771623 ], [ -93.131704129103213, 16.805896600574613 ], [ -93.131928871959303, 16.806229977107201 ], [ -93.132212004733049, 16.80648152429152 ], [ -93.132380562985759, 16.806731556276841 ], [ -93.132551324485576, 16.806816415005471 ], [ -93.132722086136397, 16.806901273590665 ], [ -93.133006872757562, 16.807028939821272 ], [ -93.133178185364329, 16.807072504746639 ], [ -93.13352301277331, 16.806994461056028 ], [ -93.134098641762208, 16.806795564825233 ], [ -93.134444568865462, 16.806634933035522 ], [ -93.134847782943368, 16.806475057402366 ], [ -93.135251546456573, 16.80627388769852 ], [ -93.135540184179249, 16.806112497447383 ], [ -93.13600068362841, 16.805953376090041 ], [ -93.136173095764107, 16.805914351958801 ], [ -93.136345507828267, 16.805875327683442 ], [ -93.136631394931797, 16.805920402333495 ], [ -93.136972920350075, 16.806090112587583 ], [ -93.137315545710948, 16.806177235696964 ], [ -93.137599784662953, 16.806346188849044 ], [ -93.137884024116147, 16.80651514160175 ], [ -93.137996950706864, 16.80664053318937 ], [ -93.138224452754017, 16.806767436319159 ], [ -93.138280641486645, 16.806850778666668 ], [ -93.138737844208237, 16.806939410897233 ], [ -93.139081570454991, 16.80694394447465 ], [ -93.139311270530911, 16.80690567325577 ], [ -93.139483133625419, 16.806907939637384 ], [ -93.13982795807604, 16.806829885399122 ], [ -93.140172233188608, 16.806793123870541 ], [ -93.140802946442534, 16.806760137313265 ], [ -93.141372530273202, 16.807015446930894 ], [ -93.141544942232059, 16.806976418303094 ], [ -93.141887571212578, 16.807063533763337 ], [ -93.142171815486648, 16.807232480543934 ], [ -93.142456060261949, 16.8074014269251 ], [ -93.142683566144882, 16.807528325085425 ], [ -93.143024551316159, 16.807739318489428 ], [ -93.143308797595068, 16.807908263672473 ], [ -93.143649784131227, 16.808119256022081 ], [ -93.143935676242677, 16.808164320473956 ], [ -93.144221568485904, 16.808209384527267 ], [ -93.144565297075161, 16.808213908923438 ], [ -93.145024149882232, 16.808178647272864 ], [ -93.145312782097392, 16.80801724338156 ], [ -93.145773277803627, 16.807858100206079 ], [ -93.145947333001956, 16.807695188030344 ], [ -93.146178675800257, 16.807533029285519 ], [ -93.146468401434007, 16.807289037199144 ], [ -93.146701386213891, 16.807002997994701 ], [ -93.146934370296876, 16.806716958524046 ], [ -93.147052230984627, 16.806470705453901 ], [ -93.147226831351915, 16.806266498897568 ], [ -93.147517648648005, 16.805939918737391 ], [ -93.147806275355606, 16.805778511355879 ], [ -93.148266763550083, 16.805619362623577 ], [ -93.148668869266061, 16.805542046589714 ], [ -93.148956400088281, 16.805463224200007 ], [ -93.149128809043617, 16.805424189233861 ], [ -93.149244477757321, 16.80534310810889 ], [ -93.149760609949425, 16.805308588660168 ], [ -93.149933565533331, 16.80522825972027 ], [ -93.150049233783321, 16.805147178145017 ], [ -93.150223282848927, 16.804984262357443 ], [ -93.150455165532506, 16.804780805512792 ], [ -93.150571380088635, 16.804658430340123 ], [ -93.150744881500856, 16.804536807415822 ], [ -93.150917835966993, 16.804456477651588 ], [ -93.151090243599498, 16.804417441048631 ], [ -93.151205910864789, 16.804336359517563 ], [ -93.151090243600052, 16.804417441741531 ] ] ], [ [ [ -93.129518441047139, 16.802233233438926 ], [ -93.129570765269634, 16.802605630585543 ], [ -93.129570765261221, 16.80260563121541 ], [ -93.129518441047139, 16.802233233438926 ] ] ], [ [ [ -93.128788058722137, 16.801149749571142 ], [ -93.128674589884866, 16.801065646092542 ], [ -93.12855891491995, 16.801146715734038 ], [ -93.128328116302086, 16.801267561527144 ], [ -93.12803892802954, 16.801470235022634 ], [ -93.127865414770653, 16.801591838924985 ], [ -93.127691349544691, 16.801754735973503 ], [ -93.127458342454204, 16.802040753959698 ], [ -93.127342114558488, 16.802163116207595 ], [ -93.127224230972104, 16.802409358257115 ], [ -93.127049060683802, 16.802654841335126 ], [ -93.126933935974847, 16.802694616774204 ], [ -93.126761524794716, 16.802733633168803 ], [ -93.126589665528414, 16.802731356132451 ], [ -93.12641725424271, 16.802770372239152 ], [ -93.126072983554039, 16.802807110734271 ], [ -93.125843285636776, 16.802845367173358 ], [ -93.125556301160429, 16.802882864041109 ], [ -93.125441175997196, 16.802922638647168 ], [ -93.125268764297346, 16.80296165379368 ], [ -93.124922283644693, 16.80316356350454 ], [ -93.124690375473108, 16.803366991791879 ], [ -93.124515753476359, 16.803571179436961 ], [ -93.124341683579473, 16.803734073652048 ], [ -93.124224347653879, 16.803939020698596 ], [ -93.124106458953307, 16.804185260954064 ], [ -93.123988017400166, 16.804472794414963 ], [ -93.123870680645126, 16.804677741250686 ], [ -93.123752791037518, 16.804923981291829 ], [ -93.123634348499834, 16.805211514535106 ], [ -93.123400225758786, 16.805580114443885 ], [ -93.123223942214935, 16.805908180783653 ], [ -93.123107156508212, 16.806071833897054 ], [ -93.122875242876745, 16.806275260117456 ], [ -93.122700063457643, 16.806520739461735 ], [ -93.122526542198131, 16.806642338855902 ], [ -93.122409755445958, 16.806805991568645 ], [ -93.122234022009877, 16.807092763775316 ], [ -93.122001000240218, 16.80737877553112 ], [ -93.12188310656957, 16.807625014463117 ], [ -93.121592795660803, 16.807910265405489 ], [ -93.121477113533089, 16.80799133105954 ], [ -93.121246855279011, 16.808070875655034 ], [ -93.120731263170782, 16.808064030393975 ], [ -93.120447589729409, 16.807853760620855 ], [ -93.12027738596413, 16.807727598565229 ], [ -93.120049894553262, 16.807600675526686 ], [ -93.11982129653218, 16.807556338751795 ], [ -93.119708381262001, 16.807430937120472 ], [ -93.119480337050746, 16.807345306704068 ], [ -93.119195005276865, 16.807258914954989 ], [ -93.118911334716088, 16.807048643028487 ], [ -93.118798420342955, 16.806923240885872 ], [ -93.118627664779254, 16.806838370702728 ], [ -93.11851419697922, 16.806754261660522 ], [ -93.11834510301459, 16.806545511455308 ], [ -93.118232743109402, 16.806378815729772 ], [ -93.11806309595201, 16.806211358543759 ], [ -93.117950736490769, 16.806044662655989 ], [ -93.117781643773114, 16.805835911965307 ], [ -93.117611997494691, 16.805668454393039 ], [ -93.117384510299587, 16.805541528354976 ], [ -93.117271043817439, 16.80545741860821 ], [ -93.116929536813515, 16.805287675513938 ], [ -93.116700942267343, 16.805243335239734 ], [ -93.116470685293308, 16.805322874502604 ], [ -93.116124190964044, 16.805524769439796 ], [ -93.115950112087489, 16.805687656582236 ], [ -93.115777695899325, 16.805726663794047 ], [ -93.115546883573742, 16.805847495286315 ], [ -93.115431200099181, 16.80592855756543 ], [ -93.115258783584807, 16.805967564343455 ], [ -93.114971237734522, 16.806046339739371 ], [ -93.114742088166295, 16.806043290554161 ], [ -93.114512938603653, 16.806040241113593 ], [ -93.11422594699394, 16.806077722211679 ], [ -93.113882777335547, 16.806031853835933 ], [ -93.113654182582209, 16.805987510181108 ], [ -93.113140260944022, 16.805856766083345 ], [ -93.112797091932222, 16.805810895891756 ], [ -93.112625229981646, 16.805808607209201 ], [ -93.112396635778993, 16.805764262152749 ], [ -93.112225328969885, 16.805720679879123 ], [ -93.112110754392475, 16.805719153787955 ], [ -93.111824873138545, 16.805674045024912 ], [ -93.111595724044633, 16.805670992332253 ], [ -93.111366574956406, 16.805667939384314 ], [ -93.111022851334695, 16.80566335948383 ], [ -93.110620729571409, 16.805740602048861 ], [ -93.110332626599757, 16.805860664227087 ], [ -93.110041745416467, 16.806187192261216 ], [ -93.109750863238887, 16.806513719879693 ], [ -93.109692464425635, 16.806595542653081 ], [ -93.10951560063225, 16.806964890614982 ], [ -93.109397135347436, 16.807252415746269 ], [ -93.109277558233515, 16.807622527292505 ], [ -93.109157980659958, 16.807992638758826 ], [ -93.109095690701906, 16.808363514049134 ], [ -93.109035067969046, 16.808610509231467 ], [ -93.109035067880953, 16.808610508896496 ], [ -93.109095690701494, 16.808363513356696 ], [ -93.109157980659575, 16.807992638066299 ], [ -93.109277558233131, 16.807622526599975 ], [ -93.109397135347066, 16.807252415053647 ], [ -93.10951560063188, 16.806964889922451 ], [ -93.109692464425251, 16.806595541960462 ], [ -93.109750863238503, 16.806513719186981 ], [ -93.110041745416083, 16.806187191568597 ], [ -93.110332626599359, 16.805860663534375 ], [ -93.110620729570996, 16.805740601356153 ], [ -93.111022851334283, 16.805663358791119 ], [ -93.11136657495598, 16.805667938691599 ], [ -93.111595724044236, 16.805670991639538 ], [ -93.111824873138133, 16.805674044332115 ], [ -93.112110754392063, 16.805719153095247 ], [ -93.112225328969501, 16.805720679186418 ], [ -93.11239663577858, 16.805764261460038 ], [ -93.112625229981234, 16.805808606516486 ], [ -93.112797091931824, 16.805810895199137 ], [ -93.113140260943624, 16.805856765390633 ], [ -93.113654182581797, 16.805987509488482 ], [ -93.113882777335107, 16.806031853143306 ], [ -93.114225946993528, 16.806077721519056 ], [ -93.114512938603241, 16.80604024042098 ], [ -93.114742088165855, 16.806043289861453 ], [ -93.114971237734096, 16.806046339046745 ], [ -93.115258783584395, 16.805967563650842 ], [ -93.115431200098769, 16.805928556872718 ], [ -93.11554688357333, 16.805847494593603 ], [ -93.115777695898899, 16.805726663101336 ], [ -93.115950112087091, 16.805687655889521 ], [ -93.116124190963617, 16.805524768746992 ], [ -93.11647068529291, 16.805322873809807 ], [ -93.116700942266931, 16.805243334547018 ], [ -93.116929536813103, 16.805287674821134 ], [ -93.117271043817027, 16.805457417915498 ], [ -93.117384510299175, 16.805541527662172 ], [ -93.117611997494265, 16.805668453700324 ], [ -93.117781643772659, 16.805835911272592 ], [ -93.117950736490315, 16.806044661963274 ], [ -93.118063095951584, 16.806211357851133 ], [ -93.118232743108962, 16.806378815037057 ], [ -93.11834510301415, 16.806545510762689 ], [ -93.118514196978779, 16.806754260967903 ], [ -93.118627664778813, 16.806838370010109 ], [ -93.118798420342543, 16.806923240193342 ], [ -93.118911334715662, 16.807048642335953 ], [ -93.119195005276438, 16.807258914262462 ], [ -93.119480337050334, 16.807345306011541 ], [ -93.11970838126156, 16.807430936427934 ], [ -93.119821296531754, 16.807556338059257 ], [ -93.120049894552821, 16.807600674834241 ], [ -93.120277385963703, 16.807727597872695 ], [ -93.120447589729011, 16.807853759928328 ], [ -93.12073126317037, 16.808064029701448 ], [ -93.121246855278557, 16.808070874962503 ], [ -93.121477113532649, 16.807991330367098 ], [ -93.121592795660348, 16.807910264713048 ], [ -93.121883106569115, 16.807625013770583 ], [ -93.122001000239777, 16.807378774838497 ], [ -93.122234022009437, 16.8070927630827 ], [ -93.122409755445503, 16.806805990876022 ], [ -93.12252654219769, 16.806642338163275 ], [ -93.122700063457188, 16.806520738769112 ], [ -93.12287524287629, 16.806275259424737 ], [ -93.123107156507757, 16.806071833204427 ], [ -93.123223942214494, 16.805908180090942 ], [ -93.123400225758331, 16.805580113751173 ], [ -93.123634348499394, 16.805211513842302 ], [ -93.123752791037063, 16.804923980599117 ], [ -93.123870680644686, 16.804677740557882 ], [ -93.123988017399739, 16.804472793722159 ], [ -93.124106458952852, 16.804185260261171 ], [ -93.124224347653453, 16.803939020005707 ], [ -93.124341683579019, 16.803734072959152 ], [ -93.12451575347589, 16.803571178743976 ], [ -93.124690375472639, 16.803366991098983 ], [ -93.124922283644253, 16.803163562811555 ], [ -93.125268764296891, 16.802961653100692 ], [ -93.125441175996755, 16.802922637954183 ], [ -93.125556301159961, 16.802882863348124 ], [ -93.125843285636321, 16.802845366480376 ], [ -93.126072983553584, 16.802807110041289 ], [ -93.126417254242256, 16.802770371546167 ], [ -93.126589665527973, 16.80273135543937 ], [ -93.12676152479429, 16.802733632475821 ], [ -93.126933935974392, 16.802694616081133 ], [ -93.127049060683362, 16.802654840642052 ], [ -93.127224230971663, 16.802409357564134 ], [ -93.127342114558033, 16.802163115514524 ], [ -93.12745834245375, 16.802040753266617 ], [ -93.127691349544222, 16.801754735280337 ], [ -93.127865414770184, 16.801591838231911 ], [ -93.128038928029056, 16.801470234329564 ], [ -93.128328116301631, 16.801267560833985 ], [ -93.128558914919481, 16.801146715040872 ], [ -93.128674589884412, 16.80106564539938 ], [ -93.128788058721668, 16.801149748877972 ], [ -93.129016651071538, 16.801194076449161 ], [ -93.128788058722137, 16.801149749571142 ] ] ], [ [ [ -93.109250882624295, 16.809604602836178 ], [ -93.109248103890593, 16.809811069016618 ], [ -93.106976905488125, 16.813984778593646 ], [ -93.106976905244608, 16.813984778348505 ], [ -93.109248103890195, 16.809811068324365 ], [ -93.109250882615427, 16.809604602773039 ], [ -93.109250882624295, 16.809604602836178 ] ] ] ] } },
{ "type": "Feature", "properties": { "ID": 95, "ENTIDAD": 7, "MUNICIPIO": 102, "NOMBRE": "TUXTLA GUTIERREZ", "CONTROL": 163, "GEOMETRY1_": null, "ID_2": 1517, "ENTIDAD_2": 7, "DISTRITO_F": 6, "DISTRITO_L": 1, "MUNICIPIO_2": 102, "SECCION": 1622, "TIPO": 2, "CONTROL_2": 1837, "GEOMETRY1__2": null }, "geometry": { "type": "MultiPolygon", "coordinates": [ [ [ [ -93.059407315810802, 16.78101426779839 ], [ -93.058942812003565, 16.779979878564678 ], [ -93.058478828801029, 16.779028452029166 ], [ -93.058074167969693, 16.77840854779253 ], [ -93.05571380030068, 16.776348051425995 ], [ -93.055880680345965, 16.775558900116376 ], [ -93.05552917643945, 16.774274947887221 ], [ -93.054317572570227, 16.772788551941151 ], [ -93.053448485979359, 16.771134236414994 ], [ -93.053557346904171, 16.770220971395148 ], [ -93.059638515943917, 16.767461103447882 ], [ -93.064710230284064, 16.765159167564775 ], [ -93.064812710095339, 16.765112652447776 ], [ -93.064956558552112, 16.765072824480459 ], [ -93.065339889556952, 16.764980449430674 ], [ -93.066257750067891, 16.764712676950364 ], [ -93.066296016980516, 16.764703782736976 ], [ -93.066292367043275, 16.764636132187601 ], [ -93.066271141407, 16.76424271200921 ], [ -93.066258833501763, 16.764092606570721 ], [ -93.065795872155647, 16.764116564044247 ], [ -93.065719362069387, 16.763244328650568 ], [ -93.066194307773074, 16.763207388619101 ], [ -93.066665756801385, 16.763166068904312 ], [ -93.06712590353419, 16.763105948853759 ], [ -93.06758198269398, 16.76305646626243 ], [ -93.06804448854021, 16.763006285347569 ], [ -93.06851160162276, 16.762955603477828 ], [ -93.06844723645321, 16.761980573432208 ], [ -93.068898357811292, 16.76186882093003 ], [ -93.069340804649102, 16.761814314177169 ], [ -93.069813206647538, 16.761771806643569 ], [ -93.070269810706833, 16.761731106180093 ], [ -93.070724417632135, 16.761690582714408 ], [ -93.071195508321097, 16.761640787874821 ], [ -93.071667544069825, 16.761606509579444 ], [ -93.071753084312633, 16.762641722704025 ], [ -93.071850424575274, 16.763677341747229 ], [ -93.071948151472554, 16.76471706258317 ], [ -93.071984092943637, 16.765099442560732 ], [ -93.072046185346565, 16.765077387127654 ], [ -93.07238882358709, 16.764945449479882 ], [ -93.072473698494477, 16.764909577054677 ], [ -93.072842388979424, 16.76484800541661 ], [ -93.072910577623588, 16.76484072159348 ], [ -93.073332572848585, 16.764925300841846 ], [ -93.07342349674532, 16.76494282318718 ], [ -93.073809057444478, 16.765056722454325 ], [ -93.073853484905754, 16.765059753473892 ], [ -93.073898424058129, 16.765062819393144 ], [ -93.074283934407063, 16.76513006315075 ], [ -93.074354316145673, 16.765128473904173 ], [ -93.07475959982159, 16.765179166897759 ], [ -93.074846719377248, 16.765180839574164 ], [ -93.07519309711121, 16.765198910278119 ], [ -93.075277765317253, 16.765190549239328 ], [ -93.075552747864407, 16.765172911542955 ], [ -93.075601552174049, 16.765167015715775 ], [ -93.075544648576496, 16.766133578668789 ], [ -93.075668201024243, 16.766159982503559 ], [ -93.075785866063129, 16.766175053081497 ], [ -93.07596627662511, 16.766174986687265 ], [ -93.076238840655463, 16.766142769264015 ], [ -93.07636824599814, 16.766093601536763 ], [ -93.076617262916599, 16.766023607845167 ], [ -93.076772156302553, 16.765963095044583 ], [ -93.077027067252374, 16.765921437030482 ], [ -93.077260411872203, 16.765891122130725 ], [ -93.077711416876511, 16.765839943574086 ], [ -93.077860422211756, 16.765768096829198 ], [ -93.078058443442117, 16.765675449956149 ], [ -93.078197636678297, 16.76558660366166 ], [ -93.078356439558135, 16.765497749821471 ], [ -93.078466214007108, 16.765399468400677 ], [ -93.07859756372693, 16.765312514044613 ], [ -93.078689695390665, 16.765229353024754 ], [ -93.078860263586435, 16.765140494305022 ], [ -93.079156341690762, 16.765070479543716 ], [ -93.079361418588363, 16.765489170562279 ], [ -93.079415594710255, 16.765886967303455 ], [ -93.07946490111344, 16.76604507798988 ], [ -93.079540470684009, 16.766206341125002 ], [ -93.079625887239047, 16.766364437833165 ], [ -93.079696078841522, 16.766522126162137 ], [ -93.079885520829691, 16.767079083510882 ], [ -93.080036811114979, 16.767758982371173 ], [ -93.080043182004516, 16.767995245965572 ], [ -93.08004487960585, 16.768058201178071 ], [ -93.079978165827399, 16.768821636357625 ], [ -93.07957925914701, 16.770258716985161 ], [ -93.079739923480048, 16.770142533688851 ], [ -93.08005262030639, 16.769916408385523 ], [ -93.080220072129634, 16.769721485970191 ], [ -93.080512393957122, 16.769094446427808 ], [ -93.080531543365169, 16.769053370185034 ], [ -93.080581465427983, 16.769012446207178 ], [ -93.080624001172822, 16.768978881098878 ], [ -93.080608014339205, 16.769373769625176 ], [ -93.080597226316939, 16.769949268237252 ], [ -93.080586656016536, 16.770534794879072 ], [ -93.080576689425371, 16.771069746386125 ], [ -93.080567906755036, 16.771541149377757 ], [ -93.08056626961357, 16.771629021444419 ], [ -93.080557689618743, 16.772089543627413 ], [ -93.080549405202888, 16.772534199059599 ], [ -93.080541446042886, 16.772961395078525 ], [ -93.08051538854626, 16.77295690150217 ], [ -93.080513510073331, 16.773035606255384 ], [ -93.080811972089663, 16.775130564750491 ], [ -93.080817658134805, 16.775170475661092 ], [ -93.080565711419865, 16.775136907130989 ], [ -93.080161181826853, 16.775101069629454 ], [ -93.079938637020618, 16.775112404547698 ], [ -93.079956858307995, 16.775156860331581 ], [ -93.080031120529895, 16.775331811534702 ], [ -93.080072107117118, 16.775462414506844 ], [ -93.080046140965948, 16.775461221275723 ], [ -93.080109719568355, 16.776125979611955 ], [ -93.080222344805719, 16.776801663162132 ], [ -93.080250620076939, 16.776954695542926 ], [ -93.080934053298222, 16.777175872438161 ], [ -93.081168279859128, 16.777329721353233 ], [ -93.081237703135685, 16.777856519063519 ], [ -93.08124577152148, 16.778515313818524 ], [ -93.081306659917104, 16.77859757851985 ], [ -93.081370665033987, 16.77866647047852 ], [ -93.081479200832376, 16.778732558595067 ], [ -93.081587736705643, 16.778798646653598 ], [ -93.081599405302541, 16.778870580093187 ], [ -93.081555431448052, 16.778916810691239 ], [ -93.081439930591188, 16.77903823891462 ], [ -93.070347342299002, 16.790699062243217 ], [ -93.060734817914337, 16.782707376349748 ], [ -93.060078872756719, 16.781870782649602 ], [ -93.059407315810802, 16.78101426779839 ] ] ] ] } },
{ "type": "Feature", "properties": { "ID": 95, "ENTIDAD": 7, "MUNICIPIO": 102, "NOMBRE": "TUXTLA GUTIERREZ", "CONTROL": 163, "GEOMETRY1_": null, "ID_2": 1518, "ENTIDAD_2": 7, "DISTRITO_F": 6, "DISTRITO_L": 1, "MUNICIPIO_2": 102, "SECCION": 1623, "TIPO": 2, "CONTROL_2": 1838, "GEOMETRY1__2": null }, "geometry": { "type": "MultiPolygon", "coordinates": [ [ [ [ -93.065997720826644, 16.759907347973307 ], [ -93.066402278132372, 16.759893284299103 ], [ -93.066506349556519, 16.759882804458588 ], [ -93.066969340119172, 16.759860462084895 ], [ -93.067387625728287, 16.759840276124542 ], [ -93.067813177651104, 16.759808544457055 ], [ -93.068259529834094, 16.759759843216465 ], [ -93.068727813478262, 16.759738459363927 ], [ -93.069201069128582, 16.759718294070744 ], [ -93.069665108550154, 16.759698521814602 ], [ -93.070093948454286, 16.759660369352559 ], [ -93.070553592832567, 16.759638541325216 ], [ -93.0710253654876, 16.759577501149394 ], [ -93.071110520596051, 16.760623592932159 ], [ -93.071582777776214, 16.760580651371097 ], [ -93.071667544069825, 16.761606509579444 ], [ -93.071195508321097, 16.761640787874821 ], [ -93.070724417632135, 16.761690582714408 ], [ -93.070269810706833, 16.761731106180093 ], [ -93.069813206647538, 16.761771806643569 ], [ -93.069340804649102, 16.761814314177169 ], [ -93.068898357811292, 16.76186882093003 ], [ -93.06844723645321, 16.761980573432208 ], [ -93.06851160162276, 16.762955603477828 ], [ -93.06804448854021, 16.763006285347569 ], [ -93.06758198269398, 16.76305646626243 ], [ -93.06712590353419, 16.763105948853759 ], [ -93.066665756801385, 16.763166068904312 ], [ -93.066194307773074, 16.763207388619101 ], [ -93.065719362069387, 16.763244328650568 ], [ -93.065795872155647, 16.764116564044247 ], [ -93.065740782110836, 16.764179943648571 ], [ -93.065519988931527, 16.764205339618016 ], [ -93.065304260809597, 16.764152150310032 ], [ -93.06524338269098, 16.763274508532383 ], [ -93.06517892675511, 16.762251369433674 ], [ -93.06510620226662, 16.7609791529962 ], [ -93.065589848433419, 16.760958740298562 ], [ -93.065515897172105, 16.759930596865836 ], [ -93.065997720826644, 16.759907347973307 ] ] ] ] } },
{ "type": "Feature", "properties": { "ID": 95, "ENTIDAD": 7, "MUNICIPIO": 102, "NOMBRE": "TUXTLA GUTIERREZ", "CONTROL": 163, "GEOMETRY1_": null, "ID_2": 1519, "ENTIDAD_2": 7, "DISTRITO_F": 6, "DISTRITO_L": 1, "MUNICIPIO_2": 102, "SECCION": 1624, "TIPO": 2, "CONTROL_2": 1836, "GEOMETRY1__2": null }, "geometry": { "type": "MultiPolygon", "coordinates": [ [ [ [ -93.071948151472554, 16.76471706258317 ], [ -93.071850424575274, 16.763677341747229 ], [ -93.071753084312633, 16.762641722704025 ], [ -93.071667544069825, 16.761606509579444 ], [ -93.071582777776214, 16.760580651371097 ], [ -93.071110520596051, 16.760623592932159 ], [ -93.0710253654876, 16.759577501149394 ], [ -93.070553592832567, 16.759638541325216 ], [ -93.070093948454286, 16.759660369352559 ], [ -93.069665108550154, 16.759698521814602 ], [ -93.069624640267648, 16.759414643850839 ], [ -93.069539325625399, 16.759358647753469 ], [ -93.069477374340906, 16.758666182683179 ], [ -93.069620440557301, 16.758654613621694 ], [ -93.069988632709865, 16.758624839269849 ], [ -93.070451309091794, 16.758587220876699 ], [ -93.07092111168528, 16.758544391056375 ], [ -93.071400313674189, 16.758510117611785 ], [ -93.071872969963366, 16.758471714395949 ], [ -93.07234083271824, 16.758433699572045 ], [ -93.072243569886197, 16.757407056971278 ], [ -93.072711289960623, 16.7573693393641 ], [ -93.073180709179184, 16.757331483654511 ], [ -93.073648212815627, 16.757293781348256 ], [ -93.073734365579341, 16.758311535866532 ], [ -93.073823111077971, 16.759359907579167 ], [ -93.073915778899234, 16.760396973299617 ], [ -93.073446764667324, 16.760434180106426 ], [ -93.073537512067659, 16.761454246827203 ], [ -93.07361747402328, 16.762494868518949 ], [ -93.07371832376964, 16.76352418085742 ], [ -93.073821267868183, 16.764549105677201 ], [ -93.073850528201802, 16.764981985900164 ], [ -93.073853484905754, 16.765059753473892 ], [ -93.073809057444478, 16.765056722454325 ], [ -93.07342349674532, 16.76494282318718 ], [ -93.073332572848585, 16.764925300841846 ], [ -93.072910577623588, 16.76484072159348 ], [ -93.072842388979424, 16.76484800541661 ], [ -93.072473698494477, 16.764909577054677 ], [ -93.07238882358709, 16.764945449479882 ], [ -93.072046185346565, 16.765077387127654 ], [ -93.071984092943637, 16.765099442560732 ], [ -93.071948151472554, 16.76471706258317 ] ] ] ] } },
{ "type": "Feature", "properties": { "ID": 95, "ENTIDAD": 7, "MUNICIPIO": 102, "NOMBRE": "TUXTLA GUTIERREZ", "CONTROL": 163, "GEOMETRY1_": null, "ID_2": 1520, "ENTIDAD_2": 7, "DISTRITO_F": 6, "DISTRITO_L": 1, "MUNICIPIO_2": 102, "SECCION": 1625, "TIPO": 2, "CONTROL_2": 1835, "GEOMETRY1__2": null }, "geometry": { "type": "MultiPolygon", "coordinates": [ [ [ [ -93.074846719377248, 16.765180839574164 ], [ -93.07475959982159, 16.765179166897759 ], [ -93.074354316145673, 16.765128473904173 ], [ -93.074283934407063, 16.76513006315075 ], [ -93.073898424058129, 16.765062819393144 ], [ -93.073853484905754, 16.765059753473892 ], [ -93.073850528201802, 16.764981985900164 ], [ -93.073821267868183, 16.764549105677201 ], [ -93.07371832376964, 16.76352418085742 ], [ -93.07361747402328, 16.762494868518949 ], [ -93.073537512067659, 16.761454246827203 ], [ -93.073446764667324, 16.760434180106426 ], [ -93.073915778899234, 16.760396973299617 ], [ -93.073823111077971, 16.759359907579167 ], [ -93.074302390185508, 16.759320779419141 ], [ -93.074767884428198, 16.759282775568867 ], [ -93.075228375275827, 16.759245179157141 ], [ -93.075691465645605, 16.759207369457968 ], [ -93.075606477713748, 16.758170301633758 ], [ -93.076079328938292, 16.75812938458898 ], [ -93.076151180046296, 16.759168638147415 ], [ -93.07619533020879, 16.7598072197238 ], [ -93.076147628622181, 16.760246090810643 ], [ -93.076121119744911, 16.760489980780815 ], [ -93.076061263357445, 16.761040676012129 ], [ -93.076899534265806, 16.761458908549635 ], [ -93.077091612411266, 16.761092148365414 ], [ -93.077183874655475, 16.761077298159858 ], [ -93.078045222810402, 16.76151403700964 ], [ -93.078269581685888, 16.761095735547652 ], [ -93.078506212485266, 16.760654551686891 ], [ -93.07890920997913, 16.760845050838046 ], [ -93.079477100211932, 16.761132363356932 ], [ -93.079217289210789, 16.761578755549472 ], [ -93.078995080669998, 16.761974965832156 ], [ -93.078760236696922, 16.762393703748586 ], [ -93.078695910207117, 16.762508400556143 ], [ -93.078522477824166, 16.762817636922723 ], [ -93.079459255058225, 16.763276819787752 ], [ -93.079958522952751, 16.763521544755129 ], [ -93.079977436295493, 16.763530210855606 ], [ -93.079963979799885, 16.763991796210707 ], [ -93.079962291469258, 16.764049709262089 ], [ -93.080383382947034, 16.764143300947822 ], [ -93.080509687293684, 16.764207882218326 ], [ -93.080608366977231, 16.764268672415454 ], [ -93.080683380953204, 16.764356084405449 ], [ -93.080730762203757, 16.764420696406933 ], [ -93.080845229951649, 16.764489083900198 ], [ -93.080959688131145, 16.764534660551625 ], [ -93.080766345094119, 16.764580357941053 ], [ -93.080545381966346, 16.764633669534639 ], [ -93.080304670303718, 16.76464516881876 ], [ -93.080071828684623, 16.764603439609182 ], [ -93.079921591863865, 16.764556172303518 ], [ -93.079018959164586, 16.76411382032877 ], [ -93.078081714800192, 16.763639819275337 ], [ -93.077154510947381, 16.763170889564734 ], [ -93.076223393473271, 16.762699974013909 ], [ -93.076012087845641, 16.763063036509593 ], [ -93.075955267358808, 16.763112295396184 ], [ -93.075925744298459, 16.763137889547817 ], [ -93.075808449991754, 16.763374241034217 ], [ -93.07555855683772, 16.763381740598952 ], [ -93.075638658955654, 16.764444173224042 ], [ -93.07565053770341, 16.764706847028421 ], [ -93.075601552174049, 16.765167015715775 ], [ -93.075552747864407, 16.765172911542955 ], [ -93.075277765317253, 16.765190549239328 ], [ -93.07519309711121, 16.765198910278119 ], [ -93.074846719377248, 16.765180839574164 ] ] ] ] } },
{ "type": "Feature", "properties": { "ID": 95, "ENTIDAD": 7, "MUNICIPIO": 102, "NOMBRE": "TUXTLA GUTIERREZ", "CONTROL": 163, "GEOMETRY1_": null, "ID_2": 1521, "ENTIDAD_2": 7, "DISTRITO_F": 6, "DISTRITO_L": 1, "MUNICIPIO_2": 102, "SECCION": 1626, "TIPO": 2, "CONTROL_2": 1773, "GEOMETRY1__2": null }, "geometry": { "type": "MultiPolygon", "coordinates": [ [ [ [ -93.089151230821471, 16.767038694966512 ], [ -93.089093856838943, 16.767024902768373 ], [ -93.088499159215374, 16.766881941657552 ], [ -93.088307801482713, 16.766835940198352 ], [ -93.088053320147012, 16.766907565635478 ], [ -93.08779310974235, 16.766980803176363 ], [ -93.087418585945883, 16.767044401541117 ], [ -93.087049450220519, 16.767105526771442 ], [ -93.087008946869318, 16.767112233683751 ], [ -93.086559398671923, 16.766989763551159 ], [ -93.086361800324227, 16.76693593159694 ], [ -93.085688565525658, 16.766752519782212 ], [ -93.085396802771342, 16.766673032995545 ], [ -93.085485707884658, 16.766415848806968 ], [ -93.085830131324101, 16.765419495810995 ], [ -93.085957513189328, 16.765102390732963 ], [ -93.085963936054839, 16.765084816899442 ], [ -93.086059544174176, 16.764824988327319 ], [ -93.086076293628878, 16.764782707722663 ], [ -93.086179920670034, 16.764491673243917 ], [ -93.086316905461658, 16.764136201100879 ], [ -93.086556097414714, 16.763448540631291 ], [ -93.086831417416818, 16.763509629979346 ], [ -93.087089385160638, 16.763566868753831 ], [ -93.087120428701525, 16.763628190442962 ], [ -93.087358077997763, 16.76409762820785 ], [ -93.087541798765784, 16.764192835204522 ], [ -93.087860802978796, 16.764498866844537 ], [ -93.088073367544794, 16.76466506853258 ], [ -93.088003084450335, 16.764845415116906 ], [ -93.087997229878468, 16.764982241182754 ], [ -93.087994321735323, 16.765050206764887 ], [ -93.088010144383389, 16.765081880679645 ], [ -93.088193333465014, 16.765448589315177 ], [ -93.088360061256552, 16.765414685524917 ], [ -93.088803392824559, 16.765533041276477 ], [ -93.089346125390037, 16.765677932504357 ], [ -93.089571716646233, 16.76573471466989 ], [ -93.090255379592065, 16.765906793480994 ], [ -93.090235735566097, 16.765963031854394 ], [ -93.090133134524393, 16.766256765152921 ], [ -93.090115852643393, 16.766306240813126 ], [ -93.090011871987954, 16.766603922628544 ], [ -93.089993749434669, 16.766655804818761 ], [ -93.089918817860436, 16.766870322519356 ], [ -93.089878553747326, 16.766985592341268 ], [ -93.089805100135919, 16.767195878097535 ], [ -93.089151230821471, 16.767038694966512 ] ] ] ] } },
{ "type": "Feature", "properties": { "ID": 95, "ENTIDAD": 7, "MUNICIPIO": 102, "NOMBRE": "TUXTLA GUTIERREZ", "CONTROL": 163, "GEOMETRY1_": null, "ID_2": 1522, "ENTIDAD_2": 7, "DISTRITO_F": 6, "DISTRITO_L": 1, "MUNICIPIO_2": 102, "SECCION": 1627, "TIPO": 2, "CONTROL_2": 1842, "GEOMETRY1__2": null }, "geometry": { "type": "MultiPolygon", "coordinates": [ [ [ [ -93.092304782401797, 16.76904149624853 ], [ -93.092265262039263, 16.769189662172714 ], [ -93.091143610651358, 16.768911042178008 ], [ -93.089356623225711, 16.768466915080296 ], [ -93.089423220024756, 16.768238506365776 ], [ -93.089548869625702, 16.767895452845604 ], [ -93.089667541058404, 16.767571450195568 ], [ -93.089689285866243, 16.767512081312749 ], [ -93.089759068140367, 16.767321557605321 ], [ -93.089805100135919, 16.767195878097535 ], [ -93.089878553747326, 16.766985592341268 ], [ -93.089918817860436, 16.766870322519356 ], [ -93.089993749434669, 16.766655804818761 ], [ -93.090243615989706, 16.766747748912174 ], [ -93.090613012977769, 16.766777835370437 ], [ -93.091297688921159, 16.766833598732589 ], [ -93.091703269971163, 16.766891521499154 ], [ -93.092075229831096, 16.766987821736489 ], [ -93.092596658729619, 16.767122818143328 ], [ -93.092725498865306, 16.767126897663758 ], [ -93.09385457662917, 16.767428278921876 ], [ -93.093766446459469, 16.767750869976943 ], [ -93.093676600416245, 16.76807974064635 ], [ -93.093594200293111, 16.768381355390961 ], [ -93.093503888433247, 16.768711928872321 ], [ -93.093418884717224, 16.769023071583497 ], [ -93.093337200028415, 16.769322064533259 ], [ -93.092304782401797, 16.76904149624853 ] ] ] ] } },
{ "type": "Feature", "properties": { "ID": 95, "ENTIDAD": 7, "MUNICIPIO": 102, "NOMBRE": "TUXTLA GUTIERREZ", "CONTROL": 163, "GEOMETRY1_": null, "ID_2": 1550, "ENTIDAD_2": 7, "DISTRITO_F": 6, "DISTRITO_L": 1, "MUNICIPIO_2": 102, "SECCION": 1655, "TIPO": 2, "CONTROL_2": 1775, "GEOMETRY1__2": null }, "geometry": { "type": "MultiPolygon", "coordinates": [ [ [ [ -93.093005776586807, 16.764125933069447 ], [ -93.092757759224071, 16.763953328148585 ], [ -93.092716279007746, 16.763924460394175 ], [ -93.092057270236779, 16.763465827323728 ], [ -93.091487498965108, 16.763069295042555 ], [ -93.091348988278753, 16.762972898049178 ], [ -93.092287788834042, 16.760454240031251 ], [ -93.092411105177646, 16.760123395931259 ], [ -93.092442563646316, 16.760038996146889 ], [ -93.093272791827658, 16.760375338818683 ], [ -93.095200573808384, 16.761156305795723 ], [ -93.095176371601383, 16.761209463153001 ], [ -93.095011995717158, 16.761570494973167 ], [ -93.094849433119322, 16.761927542657237 ], [ -93.094695075076174, 16.762266568745822 ], [ -93.094549908153539, 16.762585406606178 ], [ -93.094402214581081, 16.762909792685001 ], [ -93.094259886218651, 16.763222393767585 ], [ -93.094096334339213, 16.763581607466048 ], [ -93.093898974141695, 16.764015073374491 ], [ -93.093645721839721, 16.764571293002327 ], [ -93.093005776586807, 16.764125933069447 ] ] ] ] } },
{ "type": "Feature", "properties": { "ID": 95, "ENTIDAD": 7, "MUNICIPIO": 102, "NOMBRE": "TUXTLA GUTIERREZ", "CONTROL": 163, "GEOMETRY1_": null, "ID_2": 1551, "ENTIDAD_2": 7, "DISTRITO_F": 6, "DISTRITO_L": 1, "MUNICIPIO_2": 102, "SECCION": 1656, "TIPO": 2, "CONTROL_2": 1895, "GEOMETRY1__2": null }, "geometry": { "type": "MultiPolygon", "coordinates": [ [ [ [ -93.092725498865306, 16.767126897663758 ], [ -93.092596658729619, 16.767122818143328 ], [ -93.092075229831096, 16.766987821736489 ], [ -93.091703269971163, 16.766891521499154 ], [ -93.091297688921159, 16.766833598732589 ], [ -93.090613012977769, 16.766777835370437 ], [ -93.090243615989706, 16.766747748912174 ], [ -93.089993749434669, 16.766655804818761 ], [ -93.090011871987954, 16.766603922628544 ], [ -93.090115852643393, 16.766306240813126 ], [ -93.090133134524393, 16.766256765152921 ], [ -93.090235735566097, 16.765963031854394 ], [ -93.090255379592065, 16.765906793480994 ], [ -93.090385331889138, 16.765558166987731 ], [ -93.090482952485985, 16.765296276718523 ], [ -93.090501847021258, 16.765245587584154 ], [ -93.090603505577789, 16.764972863570012 ], [ -93.090733790527594, 16.764623341022663 ], [ -93.09087436804279, 16.764246204522046 ], [ -93.091348988278753, 16.762972898049178 ], [ -93.091487498965108, 16.763069295042555 ], [ -93.092057270236779, 16.763465827323728 ], [ -93.092716279007746, 16.763924460394175 ], [ -93.092757759224071, 16.763953328148585 ], [ -93.093005776586807, 16.764125933069447 ], [ -93.093645721839721, 16.764571293002327 ], [ -93.094554016971472, 16.765135964284351 ], [ -93.094477904657879, 16.765389132043435 ], [ -93.094437747310863, 16.765522704703155 ], [ -93.0943106408576, 16.765945488997538 ], [ -93.094174444622141, 16.766398505767249 ], [ -93.094073811396001, 16.766733231198106 ], [ -93.094030889838905, 16.766782899912165 ], [ -93.093943286506317, 16.7671035647748 ], [ -93.09385457662917, 16.767428278921876 ], [ -93.092725498865306, 16.767126897663758 ] ] ] ] } },
{ "type": "Feature", "properties": { "ID": 95, "ENTIDAD": 7, "MUNICIPIO": 102, "NOMBRE": "TUXTLA GUTIERREZ", "CONTROL": 163, "GEOMETRY1_": null, "ID_2": 1552, "ENTIDAD_2": 7, "DISTRITO_F": 6, "DISTRITO_L": 1, "MUNICIPIO_2": 102, "SECCION": 1657, "TIPO": 2, "CONTROL_2": 1774, "GEOMETRY1__2": null }, "geometry": { "type": "MultiPolygon", "coordinates": [ [ [ [ -93.089571716646233, 16.76573471466989 ], [ -93.089346125390037, 16.765677932504357 ], [ -93.088803392824559, 16.765533041276477 ], [ -93.088360061256552, 16.765414685524917 ], [ -93.088193333465014, 16.765448589315177 ], [ -93.088010144383389, 16.765081880679645 ], [ -93.087994321735323, 16.765050206764887 ], [ -93.087997229878468, 16.764982241182754 ], [ -93.088003084450335, 16.764845415116906 ], [ -93.088073367544794, 16.76466506853258 ], [ -93.087860802978796, 16.764498866844537 ], [ -93.087541798765784, 16.764192835204522 ], [ -93.087358077997763, 16.76409762820785 ], [ -93.087120428701525, 16.763628190442962 ], [ -93.087089385160638, 16.763566868753831 ], [ -93.086831417416818, 16.763509629979346 ], [ -93.086556097414714, 16.763448540631291 ], [ -93.086316905461658, 16.764136201100879 ], [ -93.086179920670034, 16.764491673243917 ], [ -93.086076293628878, 16.764782707722663 ], [ -93.086059544174176, 16.764824988327319 ], [ -93.085963936054839, 16.765084816899442 ], [ -93.085957513189328, 16.765102390732963 ], [ -93.085830131324101, 16.765419495810995 ], [ -93.085097517601724, 16.765239463297526 ], [ -93.084743688616811, 16.765177036419658 ], [ -93.084282752077016, 16.765095711331515 ], [ -93.083834057634633, 16.76505418496745 ], [ -93.083440484901445, 16.765061902937873 ], [ -93.082649405169178, 16.765077413755471 ], [ -93.082935278843053, 16.764678323982807 ], [ -93.083440010976517, 16.763973695001134 ], [ -93.082747631680959, 16.763847000962468 ], [ -93.082257334696166, 16.763757283157837 ], [ -93.082345099030533, 16.763478138044988 ], [ -93.082403439101327, 16.763351533118694 ], [ -93.082461776065401, 16.763217895863473 ], [ -93.082563893617461, 16.763049079503293 ], [ -93.082651439723648, 16.762943559744517 ], [ -93.082753587367193, 16.762845066401301 ], [ -93.08294332337627, 16.762739505482944 ], [ -93.083089272600716, 16.762655058975465 ], [ -93.083264424959978, 16.762584665200372 ], [ -93.083527177806673, 16.762535332750836 ], [ -93.083775359651611, 16.762549296700843 ], [ -93.08398703892999, 16.762549210596717 ], [ -93.084162227964427, 16.762563203796507 ], [ -93.084381225143218, 16.762605308176134 ], [ -93.084527226420889, 16.762640409944204 ], [ -93.08462212650258, 16.762661467960058 ], [ -93.084877607874631, 16.762675427586728 ], [ -93.085089268529131, 16.762633146484021 ], [ -93.085125761843699, 16.762626099110225 ], [ -93.085191446047105, 16.762604975048006 ], [ -93.085366600715176, 16.762541611801822 ], [ -93.085432272307486, 16.762492358418438 ], [ -93.085512533002941, 16.762422002027339 ], [ -93.085629274297332, 16.762316468897353 ], [ -93.085731420068242, 16.762217974081576 ], [ -93.085826972440515, 16.762090393555567 ], [ -93.085921087511622, 16.761964731888778 ], [ -93.086063764637302, 16.761656297669525 ], [ -93.086112755206983, 16.761476625306159 ], [ -93.086169959989505, 16.761253192362766 ], [ -93.086198092152586, 16.761148867987053 ], [ -93.086365863431141, 16.760902666829963 ], [ -93.08648259062204, 16.760769003959386 ], [ -93.086679621718574, 16.760663436539922 ], [ -93.086942380610566, 16.760635196682372 ], [ -93.087197849822445, 16.760628056512807 ], [ -93.087438825231516, 16.760649580640735 ], [ -93.087572319749682, 16.760605916198376 ], [ -93.087711645434368, 16.760453707892843 ], [ -93.087799765259618, 16.760267062540045 ], [ -93.087892808858555, 16.760072065169773 ], [ -93.08799472767889, 16.759918846171153 ], [ -93.088108258636524, 16.759770263931021 ], [ -93.088128445247378, 16.759555272214058 ], [ -93.088099977117835, 16.759406750600881 ], [ -93.088083696532451, 16.759293402829634 ], [ -93.08816880573572, 16.759097927280816 ], [ -93.088294514578891, 16.758964974857946 ], [ -93.088477040648243, 16.758871085830098 ], [ -93.088683919967465, 16.758800638873563 ], [ -93.088761956063493, 16.758709092235936 ], [ -93.088790152582931, 16.758666113331955 ], [ -93.088837874569379, 16.758593372433172 ], [ -93.088991155868385, 16.758662105355278 ], [ -93.0922606130475, 16.759962970606605 ], [ -93.092442563646316, 16.760038996146889 ], [ -93.092411105177646, 16.760123395931259 ], [ -93.092287788834042, 16.760454240031251 ], [ -93.091348988278753, 16.762972898049178 ], [ -93.09087436804279, 16.764246204522046 ], [ -93.090733790527594, 16.764623341022663 ], [ -93.090603505577789, 16.764972863570012 ], [ -93.090501847021258, 16.765245587584154 ], [ -93.090482952485985, 16.765296276718523 ], [ -93.090385331889138, 16.765558166987731 ], [ -93.090255379592065, 16.765906793480994 ], [ -93.089571716646233, 16.76573471466989 ] ] ] ] } },
{ "type": "Feature", "properties": { "ID": 95, "ENTIDAD": 7, "MUNICIPIO": 102, "NOMBRE": "TUXTLA GUTIERREZ", "CONTROL": 163, "GEOMETRY1_": null, "ID_2": 1553, "ENTIDAD_2": 7, "DISTRITO_F": 6, "DISTRITO_L": 1, "MUNICIPIO_2": 102, "SECCION": 1659, "TIPO": 2, "CONTROL_2": 1866, "GEOMETRY1__2": null }, "geometry": { "type": "MultiPolygon", "coordinates": [ [ [ [ -93.076862961186336, 16.752393212373025 ], [ -93.075509813804416, 16.751434625310957 ], [ -93.073399783298441, 16.746997086499757 ], [ -93.072208200317348, 16.744491004104209 ], [ -93.072103725345045, 16.744143026986819 ], [ -93.072095579604166, 16.743825950728422 ], [ -93.072161629458734, 16.743528688408066 ], [ -93.072255945021411, 16.743392810987078 ], [ -93.072432438513331, 16.743160740017249 ], [ -93.072544773090058, 16.743067896922522 ], [ -93.072881808518602, 16.7428744372693 ], [ -93.074723070858425, 16.742289802301698 ], [ -93.076849387946993, 16.741614629265502 ], [ -93.078426159216036, 16.741114592065358 ], [ -93.079133359681919, 16.740854862043022 ], [ -93.079668237042426, 16.74063670979573 ], [ -93.080375409382768, 16.740318164562485 ], [ -93.08182203813432, 16.739629162002142 ], [ -93.083412235934532, 16.738860523561243 ], [ -93.085073792243918, 16.738078451702709 ], [ -93.084671160596017, 16.739652746760186 ], [ -93.084558437335346, 16.740142490863715 ], [ -93.084507757405632, 16.740381937622899 ], [ -93.084457414727709, 16.740651141587708 ], [ -93.084115622969563, 16.742478828979014 ], [ -93.084100750525394, 16.742558497686669 ], [ -93.08362655636455, 16.745098625778848 ], [ -93.083346668120399, 16.746598399435708 ], [ -93.083259358035249, 16.747069256445293 ], [ -93.083264400523305, 16.747113780686043 ], [ -93.083293559130226, 16.747169910744471 ], [ -93.08335885834849, 16.747239752041821 ], [ -93.083392991859739, 16.747320641005473 ], [ -93.083394955421454, 16.747433766525461 ], [ -93.083347483112405, 16.747575344255221 ], [ -93.083188189123092, 16.7477261081834 ], [ -93.083044404559999, 16.74809212708891 ], [ -93.082731270409482, 16.748889238192461 ], [ -93.082410851190673, 16.749689413884692 ], [ -93.082362809427082, 16.749887415222794 ], [ -93.082336300534166, 16.750006848145532 ], [ -93.082336379978543, 16.750191668404181 ], [ -93.082343501490001, 16.750524874646374 ], [ -93.082397573665958, 16.750653229730062 ], [ -93.082426420053253, 16.750739959200647 ], [ -93.082476904655849, 16.750899542450085 ], [ -93.082505781008038, 16.751055664686518 ], [ -93.082484239912134, 16.751208337438484 ], [ -93.081926755750814, 16.753076261399542 ], [ -93.081858564923181, 16.753370171831122 ], [ -93.081315653977839, 16.755414003624445 ], [ -93.08126027512607, 16.755562935907545 ], [ -93.081172688749277, 16.755699227844961 ], [ -93.081085102248693, 16.755835521139137 ], [ -93.080707842830279, 16.757027337906369 ], [ -93.080262669291969, 16.75975752254001 ], [ -93.079909148309937, 16.760362292941313 ], [ -93.079610188468948, 16.760879004707753 ], [ -93.079477100211932, 16.761132363356932 ], [ -93.07890920997913, 16.760845050838046 ], [ -93.078506212485266, 16.760654551686891 ], [ -93.078269581685888, 16.761095735547652 ], [ -93.078045222810402, 16.76151403700964 ], [ -93.077183874655475, 16.761077298159858 ], [ -93.077091612411266, 16.761092148365414 ], [ -93.076899534265806, 16.761458908549635 ], [ -93.076061263357445, 16.761040676012129 ], [ -93.076121119744911, 16.760489980780815 ], [ -93.076147628622181, 16.760246090810643 ], [ -93.07619533020879, 16.7598072197238 ], [ -93.076151180046296, 16.759168638147415 ], [ -93.076079328938292, 16.75812938458898 ], [ -93.07653870775971, 16.758086933320634 ], [ -93.076553661436378, 16.757686548171105 ], [ -93.076597642890476, 16.757055260581858 ], [ -93.076464692740544, 16.757059439703621 ], [ -93.076378632903271, 16.756046116749715 ], [ -93.076277776694766, 16.755019666947149 ], [ -93.076193257079339, 16.753957209260854 ], [ -93.075720482634622, 16.753997374758196 ], [ -93.075641910972877, 16.752786353828746 ], [ -93.076119073622195, 16.752747864536982 ], [ -93.076872142610256, 16.752709580059651 ], [ -93.077074035262868, 16.75255984042121 ], [ -93.076862961186336, 16.752393212373025 ] ] ] ] } },
{ "type": "Feature", "properties": { "ID": 95, "ENTIDAD": 7, "MUNICIPIO": 102, "NOMBRE": "TUXTLA GUTIERREZ", "CONTROL": 163, "GEOMETRY1_": null, "ID_2": 1554, "ENTIDAD_2": 7, "DISTRITO_F": 6, "DISTRITO_L": 1, "MUNICIPIO_2": 102, "SECCION": 1660, "TIPO": 2, "CONTROL_2": 1867, "GEOMETRY1__2": null }, "geometry": { "type": "MultiPolygon", "coordinates": [ [ [ [ -93.073734365579341, 16.758311535866532 ], [ -93.073648212815627, 16.757293781348256 ], [ -93.073570505133091, 16.756266791053822 ], [ -93.073475251831212, 16.755235695239982 ], [ -93.073387088021548, 16.754186604493327 ], [ -93.073845959631228, 16.754146389880137 ], [ -93.074150794946135, 16.754126366004421 ], [ -93.074314401326461, 16.754115618919684 ], [ -93.074793593603999, 16.75406958456615 ], [ -93.074696799606315, 16.752834971192303 ], [ -93.075170024083405, 16.752810628651343 ], [ -93.075641910972877, 16.752786353828746 ], [ -93.075720482634622, 16.753997374758196 ], [ -93.076193257079339, 16.753957209260854 ], [ -93.076277776694766, 16.755019666947149 ], [ -93.076378632903271, 16.756046116749715 ], [ -93.076464692740544, 16.757059439703621 ], [ -93.076597642890476, 16.757055260581858 ], [ -93.076553661436378, 16.757686548171105 ], [ -93.07653870775971, 16.758086933320634 ], [ -93.076079328938292, 16.75812938458898 ], [ -93.075606477713748, 16.758170301633758 ], [ -93.075691465645605, 16.759207369457968 ], [ -93.075228375275827, 16.759245179157141 ], [ -93.074767884428198, 16.759282775568867 ], [ -93.074302390185508, 16.759320779419141 ], [ -93.073823111077971, 16.759359907579167 ], [ -93.073734365579341, 16.758311535866532 ] ] ] ] } },
{ "type": "Feature", "properties": { "ID": 95, "ENTIDAD": 7, "MUNICIPIO": 102, "NOMBRE": "TUXTLA GUTIERREZ", "CONTROL": 163, "GEOMETRY1_": null, "ID_2": 1555, "ENTIDAD_2": 7, "DISTRITO_F": 6, "DISTRITO_L": 1, "MUNICIPIO_2": 102, "SECCION": 1661, "TIPO": 2, "CONTROL_2": 1868, "GEOMETRY1__2": null }, "geometry": { "type": "MultiPolygon", "coordinates": [ [ [ [ -93.068681624289738, 16.754533313775795 ], [ -93.069153607075634, 16.75450729600858 ], [ -93.069607631378204, 16.754472907155392 ], [ -93.069841441530258, 16.75445519743803 ], [ -93.070075251638002, 16.754437487455711 ], [ -93.070575752066347, 16.754399576072828 ], [ -93.071055094281917, 16.754363266207871 ], [ -93.071516891096152, 16.754328284329691 ], [ -93.07200090686149, 16.754291618205947 ], [ -93.072455631647045, 16.754254553463152 ], [ -93.072933162116257, 16.75422099291519 ], [ -93.073387088021548, 16.754186604493327 ], [ -93.073475251831212, 16.755235695239982 ], [ -93.073570505133091, 16.756266791053822 ], [ -93.073648212815627, 16.757293781348256 ], [ -93.073180709179184, 16.757331483654511 ], [ -93.072711289960623, 16.7573693393641 ], [ -93.072243569886197, 16.757407056971278 ], [ -93.07234083271824, 16.758433699572045 ], [ -93.071872969963366, 16.758471714395949 ], [ -93.071400313674189, 16.758510117611785 ], [ -93.07092111168528, 16.758544391056375 ], [ -93.070451309091794, 16.758587220876699 ], [ -93.069988632709865, 16.758624839269849 ], [ -93.069620440557301, 16.758654613621694 ], [ -93.069477374340906, 16.758666182683179 ], [ -93.069023790440596, 16.758702696432124 ], [ -93.068562975012767, 16.758739791287312 ], [ -93.068473387962328, 16.757718120051887 ], [ -93.068384384356449, 16.756664819308366 ], [ -93.06829728892022, 16.755613191003476 ], [ -93.068228701008167, 16.754567145099891 ], [ -93.068681624289738, 16.754533313775795 ] ] ] ] } },
{ "type": "Feature", "properties": { "ID": 95, "ENTIDAD": 7, "MUNICIPIO": 102, "NOMBRE": "TUXTLA GUTIERREZ", "CONTROL": 163, "GEOMETRY1_": null, "ID_2": 1923, "ENTIDAD_2": 7, "DISTRITO_F": 6, "DISTRITO_L": 1, "MUNICIPIO_2": 102, "SECCION": 2040, "TIPO": 2, "CONTROL_2": 2232, "GEOMETRY1__2": null }, "geometry": { "type": "MultiPolygon", "coordinates": [ [ [ [ -93.078391739838509, 16.734075237075437 ], [ -93.07822717980568, 16.73497550931959 ], [ -93.078199349247583, 16.735127763420355 ], [ -93.078252715766496, 16.7352533210119 ], [ -93.078147733406126, 16.735845273126156 ], [ -93.07812914631792, 16.735950077644787 ], [ -93.078064113359602, 16.736316769343862 ], [ -93.077992144430922, 16.736722568217992 ], [ -93.077920175201328, 16.737128367052208 ], [ -93.077859687054271, 16.737469428406619 ], [ -93.077308909897994, 16.737262585671733 ], [ -93.077021303462445, 16.737154573761238 ], [ -93.076825790786287, 16.737076433272101 ], [ -93.0767892031391, 16.737246610500957 ], [ -93.076721271479258, 16.737644003936104 ], [ -93.075204721601139, 16.737529274500687 ], [ -93.07524350284298, 16.737126434079194 ], [ -93.0748637118283, 16.737094306674656 ], [ -93.074483067037733, 16.737075002365394 ], [ -93.074097618818186, 16.737053242470598 ], [ -93.074017860403387, 16.737089913843942 ], [ -93.073596966180745, 16.737067252302865 ], [ -93.073211450434457, 16.7370464948314 ], [ -93.072813557686715, 16.737036493621297 ], [ -93.072414844238239, 16.737030263876509 ], [ -93.07201727182057, 16.737031978330915 ], [ -93.071587703059606, 16.73746741361607 ], [ -93.071509197136791, 16.738337798003307 ], [ -93.071114779185081, 16.738303434737908 ], [ -93.070700781206952, 16.73826736475846 ], [ -93.070271801635499, 16.738223845572207 ], [ -93.070323199665253, 16.737767601740536 ], [ -93.070350482487072, 16.737525419998811 ], [ -93.070072685783572, 16.737389739569519 ], [ -93.069734042677666, 16.737224339998548 ], [ -93.070290001856904, 16.736424883516662 ], [ -93.07039343836631, 16.736376419214633 ], [ -93.070597664563252, 16.735888508988147 ], [ -93.070756036898416, 16.735484466445815 ], [ -93.07093010481141, 16.735040378932858 ], [ -93.071087792249784, 16.734638079891617 ], [ -93.071255170551311, 16.734211055114649 ], [ -93.071404529653947, 16.733775609800592 ], [ -93.071558043885105, 16.733365081902267 ], [ -93.071725015793007, 16.732971645430887 ], [ -93.071845221906727, 16.73301420099089 ], [ -93.07195415069117, 16.733036612835765 ], [ -93.072101919763369, 16.733065044624766 ], [ -93.072258762214474, 16.733095222069455 ], [ -93.072381290627888, 16.733113625834498 ], [ -93.072530963607761, 16.733104310441906 ], [ -93.072797896754253, 16.733099340419127 ], [ -93.072928400528085, 16.733081305667302 ], [ -93.073081952501326, 16.73309308775875 ], [ -93.073206008151914, 16.733091471807011 ], [ -93.073368764273653, 16.733105891796836 ], [ -93.073545071282354, 16.7331215122312 ], [ -93.073721378319178, 16.733137132514827 ], [ -93.073809450377837, 16.733135322347511 ], [ -93.073949442183562, 16.733114708199864 ], [ -93.074073611878205, 16.733096423815123 ], [ -93.074195888739624, 16.733096335434922 ], [ -93.074263807198477, 16.733104877895641 ], [ -93.074352442815865, 16.733116026027151 ], [ -93.074655020203295, 16.733154082356283 ], [ -93.07486143305789, 16.733180043436626 ], [ -93.074926489745152, 16.733188225740786 ], [ -93.074978276454274, 16.733194739039224 ], [ -93.075357162436873, 16.733242391734958 ], [ -93.075387143263214, 16.733246162409053 ], [ -93.07541712409072, 16.733249933078785 ], [ -93.075476702456001, 16.733254664711875 ], [ -93.075536280824167, 16.733259396327764 ], [ -93.075741753612505, 16.733275714504536 ], [ -93.076148044698328, 16.733307980598919 ], [ -93.076592308027372, 16.733467474348643 ], [ -93.077030824578372, 16.733600994839744 ], [ -93.07748079299428, 16.733738001055613 ], [ -93.077576037333742, 16.733766480016104 ], [ -93.0784251380109, 16.734020368247016 ], [ -93.078391739838509, 16.734075237075437 ] ] ] ] } },
{ "type": "Feature", "properties": { "ID": 95, "ENTIDAD": 7, "MUNICIPIO": 102, "NOMBRE": "TUXTLA GUTIERREZ", "CONTROL": 163, "GEOMETRY1_": null, "ID_2": 1924, "ENTIDAD_2": 7, "DISTRITO_F": 6, "DISTRITO_L": 1, "MUNICIPIO_2": 102, "SECCION": 2041, "TIPO": 2, "CONTROL_2": 2221, "GEOMETRY1__2": null }, "geometry": { "type": "MultiPolygon", "coordinates": [ [ [ [ -93.059907040384815, 16.735932736875192 ], [ -93.059675833486665, 16.735813959469755 ], [ -93.060599106355838, 16.734490509531142 ], [ -93.061404020608791, 16.732881328394949 ], [ -93.061781423942165, 16.732448654188104 ], [ -93.062921669063201, 16.733038493214654 ], [ -93.063131442251148, 16.733144178593029 ], [ -93.063309688366274, 16.733233980124432 ], [ -93.063844947740606, 16.733503645779408 ], [ -93.064230350402525, 16.733697811732576 ], [ -93.064430437456451, 16.733803747985544 ], [ -93.064070726513094, 16.734515319197662 ], [ -93.063998674190515, 16.734712031875535 ], [ -93.064203559122618, 16.734839250297874 ], [ -93.06451689714882, 16.735037567381379 ], [ -93.06490165455034, 16.735282663289723 ], [ -93.065316082673732, 16.735567544815442 ], [ -93.065731950796348, 16.735872050686901 ], [ -93.065189900571511, 16.736711945698659 ], [ -93.064483935459691, 16.737430919596797 ], [ -93.063987899423466, 16.738294538386636 ], [ -93.063155334376091, 16.737718913917888 ], [ -93.062297183819439, 16.737159579012868 ], [ -93.061418521308951, 16.736669459772493 ], [ -93.059907040384815, 16.735932736875192 ] ] ] ] } },
{ "type": "Feature", "properties": { "ID": 95, "ENTIDAD": 7, "MUNICIPIO": 102, "NOMBRE": "TUXTLA GUTIERREZ", "CONTROL": 163, "GEOMETRY1_": null, "ID_2": 1925, "ENTIDAD_2": 7, "DISTRITO_F": 6, "DISTRITO_L": 1, "MUNICIPIO_2": 102, "SECCION": 2042, "TIPO": 2, "CONTROL_2": 2225, "GEOMETRY1__2": null }, "geometry": { "type": "MultiPolygon", "coordinates": [ [ [ [ -93.068499677254692, 16.734315813754634 ], [ -93.068557893397823, 16.7343491065701 ], [ -93.068721377704165, 16.734442600295321 ], [ -93.069133992875848, 16.734629505462493 ], [ -93.069537581878606, 16.734836432111454 ], [ -93.06994167221012, 16.735051348522262 ], [ -93.070360366943646, 16.735274030969865 ], [ -93.070756036898416, 16.735484466445815 ], [ -93.070597664563252, 16.735888508988147 ], [ -93.07039343836631, 16.736376419214633 ], [ -93.070290001856904, 16.736424883516662 ], [ -93.069734042677666, 16.737224339998548 ], [ -93.069655779725124, 16.737227794224054 ], [ -93.069271858893373, 16.736994173758241 ], [ -93.069216733595468, 16.736960629242283 ], [ -93.068820630101158, 16.7367195939349 ], [ -93.068168040676369, 16.736359195494323 ], [ -93.067926262618286, 16.736192105650694 ], [ -93.067530777659726, 16.73590273590224 ], [ -93.067078636040705, 16.735609984327102 ], [ -93.067101997180046, 16.735564478311797 ], [ -93.067312551814851, 16.735154330161624 ], [ -93.067940216734257, 16.734019811918451 ], [ -93.068331762972662, 16.734219786294261 ], [ -93.068499677254692, 16.734315813754634 ] ] ] ] } },
{ "type": "Feature", "properties": { "ID": 95, "ENTIDAD": 7, "MUNICIPIO": 102, "NOMBRE": "TUXTLA GUTIERREZ", "CONTROL": 163, "GEOMETRY1_": null, "ID_2": 1926, "ENTIDAD_2": 7, "DISTRITO_F": 6, "DISTRITO_L": 1, "MUNICIPIO_2": 102, "SECCION": 2043, "TIPO": 2, "CONTROL_2": 2220, "GEOMETRY1__2": null }, "geometry": { "type": "MultiPolygon", "coordinates": [ [ [ [ -93.047418438460468, 16.735157553902653 ], [ -93.046881206965281, 16.734138281148244 ], [ -93.046329775322093, 16.733164155001059 ], [ -93.04609426395848, 16.732748111215127 ], [ -93.04608134875842, 16.732725295742789 ], [ -93.045806977403672, 16.732240600866323 ], [ -93.045745635869352, 16.732132236668345 ], [ -93.045110225089289, 16.731009729814232 ], [ -93.045111464484393, 16.730929422610743 ], [ -93.045251672474464, 16.72634321002408 ], [ -93.045300514781616, 16.72606104424694 ], [ -93.046216591886619, 16.726409963699432 ], [ -93.047165393938997, 16.727019600412699 ], [ -93.047424171202877, 16.727178607630066 ], [ -93.047538994507903, 16.727241110944288 ], [ -93.047641329810702, 16.727267542245738 ], [ -93.047801064885647, 16.727277125303566 ], [ -93.048028121219332, 16.727252312878093 ], [ -93.048280256282652, 16.727250559002179 ], [ -93.048473497956508, 16.727240401096928 ], [ -93.048632169178902, 16.727252887674371 ], [ -93.048737001682369, 16.727284127821839 ], [ -93.048823898516645, 16.727340498357432 ], [ -93.04890675445283, 16.727428387018122 ], [ -93.048985379132162, 16.727568337883739 ], [ -93.049103984353621, 16.727661624115921 ], [ -93.049196339247516, 16.727697676970635 ], [ -93.049338611376513, 16.72773612285701 ], [ -93.049621181406437, 16.727772751562913 ], [ -93.049847779265164, 16.727808150281835 ], [ -93.05003995755105, 16.727805698834256 ], [ -93.050040756030327, 16.727760623384963 ], [ -93.050041554509221, 16.727715547935553 ], [ -93.050074641191841, 16.726612919118175 ], [ -93.053445039145032, 16.727970922168463 ], [ -93.055057919862051, 16.729268465426816 ], [ -93.056679707236611, 16.730059987058098 ], [ -93.056731490636494, 16.730085259892693 ], [ -93.057937104430209, 16.730550834907437 ], [ -93.058101061266711, 16.730614149824941 ], [ -93.058356688335891, 16.730712864527497 ], [ -93.058643233383364, 16.730850389458055 ], [ -93.059001005705582, 16.731022098492641 ], [ -93.059286357050624, 16.731163191539963 ], [ -93.059592442704641, 16.731336158904575 ], [ -93.059912782977491, 16.731519110194089 ], [ -93.060373812407192, 16.731766097701168 ], [ -93.060696117379578, 16.73192311131271 ], [ -93.061040734643541, 16.732090993702446 ], [ -93.061781423942165, 16.732448654188104 ], [ -93.061404020608791, 16.732881328394949 ], [ -93.060599106355838, 16.734490509531142 ], [ -93.059675833486665, 16.735813959469755 ], [ -93.059907040384815, 16.735932736875192 ], [ -93.059818122860278, 16.736115808704252 ], [ -93.058169437872493, 16.735252028027343 ], [ -93.05676322213813, 16.734528316511884 ], [ -93.055532799670701, 16.733921338939343 ], [ -93.054920634881853, 16.73366456289191 ], [ -93.0545085045473, 16.733559560360877 ], [ -93.054047920289435, 16.733553841872563 ], [ -93.052829821421398, 16.733630071086509 ], [ -93.051835948016205, 16.733688718339021 ], [ -93.051322628876463, 16.733717516248969 ], [ -93.05037241041434, 16.733785432911798 ], [ -93.049911844709968, 16.733852699448327 ], [ -93.049364618822139, 16.734047037728047 ], [ -93.048845859384031, 16.734297122439148 ], [ -93.048452876134164, 16.734554750958676 ], [ -93.048193511484143, 16.734744176309714 ], [ -93.047769099441894, 16.735069982128696 ], [ -93.046863422642858, 16.735833943576129 ], [ -93.046767742878387, 16.735696998853289 ], [ -93.047418438460468, 16.735157553902653 ] ] ] ] } },
{ "type": "Feature", "properties": { "ID": 95, "ENTIDAD": 7, "MUNICIPIO": 102, "NOMBRE": "TUXTLA GUTIERREZ", "CONTROL": 163, "GEOMETRY1_": null, "ID_2": 1927, "ENTIDAD_2": 7, "DISTRITO_F": 6, "DISTRITO_L": 1, "MUNICIPIO_2": 102, "SECCION": 2044, "TIPO": 2, "CONTROL_2": 2224, "GEOMETRY1__2": null }, "geometry": { "type": "MultiPolygon", "coordinates": [ [ [ [ -93.064230350402525, 16.733697811732576 ], [ -93.064848930504169, 16.732473978309784 ], [ -93.065145906515468, 16.732617434018461 ], [ -93.065899326453192, 16.732981370745868 ], [ -93.066105568995567, 16.733077801611316 ], [ -93.066356634661702, 16.73320444680245 ], [ -93.066756143721477, 16.733410694512848 ], [ -93.067153348041529, 16.733615751182725 ], [ -93.067548895094973, 16.73381995108798 ], [ -93.067940216734257, 16.734019811918451 ], [ -93.067312551814851, 16.735154330161624 ], [ -93.067101997180046, 16.735564478311797 ], [ -93.067078636040705, 16.735609984327102 ], [ -93.06705427945586, 16.735649776439544 ], [ -93.066941718768774, 16.735833670092216 ], [ -93.066481577456869, 16.735553950652516 ], [ -93.066279216694838, 16.735448079712199 ], [ -93.066045685965307, 16.735325900899742 ], [ -93.065856100517095, 16.735647808932079 ], [ -93.065731950796348, 16.735872050686901 ], [ -93.065316082673732, 16.735567544815442 ], [ -93.06490165455034, 16.735282663289723 ], [ -93.06451689714882, 16.735037567381379 ], [ -93.064203559122618, 16.734839250297874 ], [ -93.063998674190515, 16.734712031875535 ], [ -93.064070726513094, 16.734515319197662 ], [ -93.064430437456451, 16.733803747985544 ], [ -93.064230350402525, 16.733697811732576 ] ] ] ] } },
{ "type": "Feature", "properties": { "ID": 95, "ENTIDAD": 7, "MUNICIPIO": 102, "NOMBRE": "TUXTLA GUTIERREZ", "CONTROL": 163, "GEOMETRY1_": null, "ID_2": 1928, "ENTIDAD_2": 7, "DISTRITO_F": 6, "DISTRITO_L": 1, "MUNICIPIO_2": 102, "SECCION": 2045, "TIPO": 2, "CONTROL_2": 2234, "GEOMETRY1__2": null }, "geometry": { "type": "MultiPolygon", "coordinates": [ [ [ [ -93.068843648570876, 16.731439821897364 ], [ -93.069262218748108, 16.731681388984008 ], [ -93.069636819070894, 16.731916743148847 ], [ -93.069802599015262, 16.732000433109164 ], [ -93.070041998235766, 16.732119014073771 ], [ -93.070437140344154, 16.732313720496716 ], [ -93.0705028777151, 16.73231492845526 ], [ -93.070840438684513, 16.732461972016957 ], [ -93.070936844029831, 16.732523469496982 ], [ -93.070992876055371, 16.732559212583528 ], [ -93.071246605366355, 16.732721067317666 ], [ -93.071469942366946, 16.732859379165617 ], [ -93.071725015793007, 16.732971645430887 ], [ -93.071558043885105, 16.733365081902267 ], [ -93.071404529653947, 16.733775609800592 ], [ -93.071255170551311, 16.734211055114649 ], [ -93.071087792249784, 16.734638079891617 ], [ -93.07093010481141, 16.735040378932858 ], [ -93.070756036898416, 16.735484466445815 ], [ -93.070360366943646, 16.735274030969865 ], [ -93.06994167221012, 16.735051348522262 ], [ -93.069537581878606, 16.734836432111454 ], [ -93.069133992875848, 16.734629505462493 ], [ -93.068721377704165, 16.734442600295321 ], [ -93.068557893397823, 16.7343491065701 ], [ -93.068499677254692, 16.734315813754634 ], [ -93.068331762972662, 16.734219786294261 ], [ -93.067940216734257, 16.734019811918451 ], [ -93.067548895094973, 16.73381995108798 ], [ -93.068200820269709, 16.73265201122484 ], [ -93.068843648570876, 16.731439821897364 ] ] ] ] } },
{ "type": "Feature", "properties": { "ID": 95, "ENTIDAD": 7, "MUNICIPIO": 102, "NOMBRE": "TUXTLA GUTIERREZ", "CONTROL": 163, "GEOMETRY1_": null, "ID_2": 1929, "ENTIDAD_2": 7, "DISTRITO_F": 6, "DISTRITO_L": 1, "MUNICIPIO_2": 102, "SECCION": 2046, "TIPO": 2, "CONTROL_2": 2233, "GEOMETRY1__2": null }, "geometry": { "type": "MultiPolygon", "coordinates": [ [ [ [ -93.064848930504169, 16.732473978309784 ], [ -93.065451124443527, 16.731282548730871 ], [ -93.066190291250592, 16.729820095012816 ], [ -93.066399617922187, 16.729957564900491 ], [ -93.066721751687723, 16.730102325638789 ], [ -93.067204970956311, 16.730567611502188 ], [ -93.067316671026035, 16.730666017330801 ], [ -93.067620998283004, 16.730943188719962 ], [ -93.067669202212741, 16.730975409403658 ], [ -93.068046329404822, 16.731121682762794 ], [ -93.068198491147569, 16.731180660956763 ], [ -93.068475715316893, 16.731288113213104 ], [ -93.068733048461809, 16.731382149249104 ], [ -93.068843648570876, 16.731439821897364 ], [ -93.068200820269709, 16.73265201122484 ], [ -93.067548895094973, 16.73381995108798 ], [ -93.067153348041529, 16.733615751182725 ], [ -93.066756143721477, 16.733410694512848 ], [ -93.066356634661702, 16.73320444680245 ], [ -93.066105568995567, 16.733077801611316 ], [ -93.065899326453192, 16.732981370745868 ], [ -93.065145906515468, 16.732617434018461 ], [ -93.064848930504169, 16.732473978309784 ] ] ] ] } },
{ "type": "Feature", "properties": { "ID": 95, "ENTIDAD": 7, "MUNICIPIO": 102, "NOMBRE": "TUXTLA GUTIERREZ", "CONTROL": 163, "GEOMETRY1_": null, "ID_2": 394, "ENTIDAD_2": 7, "DISTRITO_F": 6, "DISTRITO_L": 3, "MUNICIPIO_2": 27, "SECCION": 414, "TIPO": 4, "CONTROL_2": 2539, "GEOMETRY1__2": null }, "geometry": { "type": "MultiPolygon", "coordinates": [ [ [ [ -93.05571380030068, 16.776348051425995 ], [ -93.055880680259364, 16.775558900525844 ], [ -93.055880680346078, 16.775558900842537 ], [ -93.055713800430397, 16.77634805153923 ], [ -93.05571380030068, 16.776348051425995 ] ] ], [ [ [ -93.053448485979359, 16.771134236414994 ], [ -93.053557346904171, 16.770220971395148 ], [ -93.05344848605003, 16.771134236549511 ], [ -93.053448485979359, 16.771134236414994 ] ] ], [ [ [ -93.047440171356698, 16.762415847255042 ], [ -93.04755237586788, 16.762041851420381 ], [ -93.047552376035341, 16.762041851589938 ], [ -93.047440171519213, 16.762415847441176 ], [ -93.047440171356698, 16.762415847255042 ] ] ] ] } },
{ "type": "Feature", "properties": { "ID": 95, "ENTIDAD": 7, "MUNICIPIO": 102, "NOMBRE": "TUXTLA GUTIERREZ", "CONTROL": 163, "GEOMETRY1_": null, "ID_2": 2014, "ENTIDAD_2": 7, "DISTRITO_F": 6, "DISTRITO_L": 1, "MUNICIPIO_2": 102, "SECCION": 2131, "TIPO": 2, "CONTROL_2": 2751, "GEOMETRY1__2": null }, "geometry": { "type": "MultiPolygon", "coordinates": [ [ [ [ -93.087711645434084, 16.760453707195694 ], [ -93.08757231974937, 16.760605915501234 ], [ -93.087438825231189, 16.760649579943589 ], [ -93.087197849822132, 16.760628055815666 ], [ -93.086942380610239, 16.760635195985223 ], [ -93.086679621718261, 16.760663435842773 ], [ -93.086482590621728, 16.76076900326224 ], [ -93.086365863430814, 16.760902666132822 ], [ -93.086198092152586, 16.761148867987053 ], [ -93.086169959989505, 16.761253192362766 ], [ -93.086112755206656, 16.761476624609102 ], [ -93.08606376463699, 16.761656296972472 ], [ -93.085921087511323, 16.761964731191725 ], [ -93.085826972440216, 16.762090392858511 ], [ -93.085731420067944, 16.762217973384615 ], [ -93.085629274297034, 16.762316468200385 ], [ -93.085512533002614, 16.762422001330375 ], [ -93.085432272307173, 16.76249235772147 ], [ -93.085366600714863, 16.762541611104862 ], [ -93.085191446046807, 16.762604974351042 ], [ -93.085125761843386, 16.762626098413264 ], [ -93.085089268528804, 16.762633145787056 ], [ -93.084877607874319, 16.762675426889764 ], [ -93.084622126502268, 16.762661467263097 ], [ -93.08452722642059, 16.762640409247236 ], [ -93.08438122514292, 16.762605307479173 ], [ -93.084162227964157, 16.76256320309955 ], [ -93.083987038929692, 16.762549209899749 ], [ -93.083775359651298, 16.762549296003879 ], [ -93.08352717780636, 16.762535332053872 ], [ -93.08326442495968, 16.762584664503407 ], [ -93.083089272600432, 16.762655058278504 ], [ -93.082943323375957, 16.76273950478598 ], [ -93.082753587366909, 16.762845065704333 ], [ -93.082651439723335, 16.76294355904756 ], [ -93.082563893617177, 16.763049078806414 ], [ -93.082461776065117, 16.763217895166605 ], [ -93.082403439101014, 16.763351532421815 ], [ -93.082345099030249, 16.763478137348113 ], [ -93.082257334695868, 16.763757282460965 ], [ -93.082206268718693, 16.764340233988168 ], [ -93.082109964197414, 16.764712012091767 ], [ -93.081874233503754, 16.764877323485226 ], [ -93.081466992611425, 16.765001398031863 ], [ -93.081252640549224, 16.765032460923166 ], [ -93.080770327449784, 16.76505330263177 ], [ -93.080148698416707, 16.76512582793157 ], [ -93.079932761015399, 16.765103422293489 ], [ -93.079752105284811, 16.765084677299324 ], [ -93.079516312017006, 16.765105420575338 ], [ -93.079156341690464, 16.765070478847022 ], [ -93.078860263586151, 16.765140493608328 ], [ -93.078689695390381, 16.765229352328053 ], [ -93.07859756372666, 16.765312513347919 ], [ -93.078466214006824, 16.76539946770399 ], [ -93.078356439557865, 16.76549774912478 ], [ -93.078197636678027, 16.765586602964969 ], [ -93.078058443441876, 16.765675449259458 ], [ -93.077860422211501, 16.765768096132593 ], [ -93.077711416876227, 16.765839942877477 ], [ -93.077260411871919, 16.765891121434123 ], [ -93.077027067252089, 16.76592143633388 ], [ -93.076772156302269, 16.765963094347978 ], [ -93.076617262916329, 16.766023607148568 ], [ -93.076368245997898, 16.766093600840165 ], [ -93.076238840655208, 16.766142768567416 ], [ -93.075966276624811, 16.766174985990663 ], [ -93.075785866062859, 16.766175052384895 ], [ -93.075668201023973, 16.766159981806961 ], [ -93.075544648576226, 16.766133577972187 ], [ -93.075601552173779, 16.765167015019081 ], [ -93.075650537703126, 16.764706846331642 ], [ -93.075638658955384, 16.764444172527256 ], [ -93.075558556837436, 16.763381739902083 ], [ -93.075808449991499, 16.763374240337349 ], [ -93.075925744298189, 16.763137888850938 ], [ -93.075955267358538, 16.763112294699308 ], [ -93.076012087845356, 16.763063035812717 ], [ -93.076223393473015, 16.762699973316945 ], [ -93.077154510947139, 16.763170888867858 ], [ -93.078081714799907, 16.763639818578465 ], [ -93.079018959164316, 16.764113819631987 ], [ -93.079921591863567, 16.764556171606731 ], [ -93.080071828684311, 16.764603438912399 ], [ -93.080304670303448, 16.764645168121969 ], [ -93.080545381966061, 16.764633668837856 ], [ -93.080766345093835, 16.764580357244267 ], [ -93.080959688130861, 16.764534659854849 ], [ -93.080845229951365, 16.764489083203415 ], [ -93.080730762203473, 16.76442069571015 ], [ -93.080683380952905, 16.764356083708673 ], [ -93.080608366976946, 16.764268671718668 ], [ -93.080509687293386, 16.764207881521539 ], [ -93.080383382946749, 16.764143300251035 ], [ -93.079962291468973, 16.764049708565302 ], [ -93.079963979799601, 16.76399179551392 ], [ -93.079977436295209, 16.763530210158734 ], [ -93.079958522952467, 16.763521544058253 ], [ -93.079459255057927, 16.76327681909088 ], [ -93.078522477823881, 16.762817636225751 ], [ -93.078695910206832, 16.762508399859186 ], [ -93.078760236696638, 16.762393703051618 ], [ -93.078995080669714, 16.761974965135106 ], [ -93.07921728921049, 16.761578754852422 ], [ -93.079477100211648, 16.761132362659787 ], [ -93.079610188468678, 16.760879004010608 ], [ -93.079909148309639, 16.760362292244174 ], [ -93.08026266929167, 16.759757521842772 ], [ -93.080707842830009, 16.757027337208864 ], [ -93.081085102248394, 16.755835520441536 ], [ -93.081172688749277, 16.755699227844961 ], [ -93.08376060809988, 16.757570098183916 ], [ -93.085891797584651, 16.759063507658599 ], [ -93.087799765259305, 16.760267061842807 ], [ -93.087711645434084, 16.760453707195694 ] ] ] ] } },
{ "type": "Feature", "properties": { "ID": 95, "ENTIDAD": 7, "MUNICIPIO": 102, "NOMBRE": "TUXTLA GUTIERREZ", "CONTROL": 163, "GEOMETRY1_": null, "ID_2": 2015, "ENTIDAD_2": 7, "DISTRITO_F": 6, "DISTRITO_L": 1, "MUNICIPIO_2": 102, "SECCION": 2132, "TIPO": 2, "CONTROL_2": 2720, "GEOMETRY1__2": null }, "geometry": { "type": "MultiPolygon", "coordinates": [ [ [ [ -93.085891797584651, 16.759063507658599 ], [ -93.08376060809988, 16.757570098183916 ], [ -93.081172688749277, 16.755699227844961 ], [ -93.08126027512607, 16.755562935907545 ], [ -93.081315653977526, 16.755414002926763 ], [ -93.081858564922882, 16.753370171133255 ], [ -93.08192675575053, 16.753076260701672 ], [ -93.082484239911849, 16.751208336740426 ], [ -93.08250578100774, 16.751055663988467 ], [ -93.082476904655536, 16.750899541751945 ], [ -93.082426420052954, 16.750739958502503 ], [ -93.082397573665673, 16.750653229031919 ], [ -93.082343501489717, 16.750524873948233 ], [ -93.083095183587417, 16.750653267049749 ], [ -93.084050830442735, 16.750804007931713 ], [ -93.085232892186184, 16.750990456363123 ], [ -93.08610807787511, 16.751128496156287 ], [ -93.086286540769976, 16.750267552346166 ], [ -93.086446824680678, 16.749494301201779 ], [ -93.086612429533304, 16.748695373787811 ], [ -93.08672605008033, 16.748147230316832 ], [ -93.08721740488356, 16.748255267352789 ], [ -93.088624192984454, 16.748545777889198 ], [ -93.088720937768528, 16.748566052542259 ], [ -93.08882925942946, 16.748589355181362 ], [ -93.090122199299785, 16.748847332419984 ], [ -93.089777994224477, 16.75062904909694 ], [ -93.089765678133958, 16.750692800538594 ], [ -93.089757012334957, 16.750737657050585 ], [ -93.089723800682677, 16.750909569320111 ], [ -93.089639290003106, 16.75134950727271 ], [ -93.089549742748758, 16.751810799274104 ], [ -93.08945859546354, 16.752280331332326 ], [ -93.089373912438319, 16.752716561600327 ], [ -93.089287201372457, 16.753163236890479 ], [ -93.08921808613492, 16.753519269161607 ], [ -93.089193441954066, 16.753622487592764 ], [ -93.089069565135119, 16.754141325221628 ], [ -93.088931717894937, 16.75471867227083 ], [ -93.088812778476793, 16.755268381987779 ], [ -93.08867270632777, 16.75581861880222 ], [ -93.088540795499696, 16.756386232526509 ], [ -93.088434359414265, 16.756844225647733 ], [ -93.088099193712097, 16.758286424760833 ], [ -93.088655835377097, 16.75851693935493 ], [ -93.088739165151452, 16.758550124969197 ], [ -93.088837874569066, 16.758593371735842 ], [ -93.088790152582604, 16.758666112634629 ], [ -93.088761956063166, 16.758709091538613 ], [ -93.088683919967139, 16.758800638176243 ], [ -93.088477040647945, 16.758871085132775 ], [ -93.088294514578564, 16.758964974160627 ], [ -93.088168805735393, 16.75909792658349 ], [ -93.088083696532124, 16.759293402132307 ], [ -93.088099977117523, 16.759406749903647 ], [ -93.088128445247065, 16.759555271516824 ], [ -93.088108258636211, 16.759770263233783 ], [ -93.087994727678577, 16.759918845473923 ], [ -93.087892808858243, 16.760072064472535 ], [ -93.087799765259305, 16.760267061842807 ], [ -93.085891797584651, 16.759063507658599 ] ] ] ] } },
{ "type": "Feature", "properties": { "ID": 95, "ENTIDAD": 7, "MUNICIPIO": 102, "NOMBRE": "TUXTLA GUTIERREZ", "CONTROL": 163, "GEOMETRY1_": null, "ID_2": 1594, "ENTIDAD_2": 7, "DISTRITO_F": 9, "DISTRITO_L": 13, "MUNICIPIO_2": 102, "SECCION": 1700, "TIPO": 2, "CONTROL_2": 1814, "GEOMETRY1__2": null }, "geometry": { "type": "MultiPolygon", "coordinates": [ [ [ [ -93.141413642157332, 16.746931003973348 ], [ -93.1413293832166, 16.746971668081944 ], [ -93.141265742979812, 16.747021041157453 ], [ -93.141212580194903, 16.747073890974356 ], [ -93.14116425962537, 16.747134504146569 ], [ -93.141143324249981, 16.747165585191009 ], [ -93.141101456911031, 16.747232407279753 ], [ -93.141077325760691, 16.747302323908229 ], [ -93.141048367213656, 16.747384670522962 ], [ -93.141018427224111, 16.747526986924694 ], [ -93.141002284536171, 16.747985777032405 ], [ -93.140997189670813, 16.748175594573699 ], [ -93.141392821380734, 16.750133581774733 ], [ -93.141467434825174, 16.750511024351294 ], [ -93.141659834437533, 16.751467323038661 ], [ -93.1418440744294, 16.752515726824075 ], [ -93.141943744396002, 16.753095054359299 ], [ -93.142255726833909, 16.754907563970072 ], [ -93.14141176090402, 16.754843553760789 ], [ -93.140957596763712, 16.754809109420368 ], [ -93.140771224247118, 16.754795001250361 ], [ -93.139685867373288, 16.754712837682312 ], [ -93.139000774229061, 16.754660971857422 ], [ -93.138819134021489, 16.754645449273369 ], [ -93.138330758071149, 16.754610245225066 ], [ -93.137918191936464, 16.754579008925582 ], [ -93.137294574953273, 16.754531791910427 ], [ -93.137132531818821, 16.754519522539479 ], [ -93.136353909666212, 16.754460566043473 ], [ -93.136936292214713, 16.75222248924112 ], [ -93.137190318917604, 16.751290886598913 ], [ -93.137514659385914, 16.749944519147373 ], [ -93.137721886404577, 16.748735025185937 ], [ -93.137376549057805, 16.748707220018794 ], [ -93.137321418149185, 16.748701864770869 ], [ -93.137267272114158, 16.748697446847 ], [ -93.137045978142098, 16.748672473615269 ], [ -93.13607602999933, 16.748510366599021 ], [ -93.136269699576914, 16.747692919284198 ], [ -93.135098985154684, 16.747381019758375 ], [ -93.134888280968497, 16.747311872213555 ], [ -93.134371545780468, 16.747143502699839 ], [ -93.133884475015321, 16.746988395334096 ], [ -93.133633496410937, 16.746907495897108 ], [ -93.133340847202334, 16.746813164050913 ], [ -93.132906521136746, 16.746673163485621 ], [ -93.132800930061862, 16.746639127112857 ], [ -93.132229155032562, 16.746454819208036 ], [ -93.13160040426348, 16.74625381809734 ], [ -93.131145364148452, 16.746146799818003 ], [ -93.131135592944133, 16.746303856475549 ], [ -93.130258726394217, 16.746421921746308 ], [ -93.129603024715948, 16.746510205852427 ], [ -93.129068046648896, 16.746557282022028 ], [ -93.128657154937599, 16.746593438076221 ], [ -93.128801123590321, 16.745677220092965 ], [ -93.129222673094631, 16.745752513563104 ], [ -93.129356578521154, 16.745034558166946 ], [ -93.129432608326056, 16.744450571021623 ], [ -93.129932672372775, 16.744540822973459 ], [ -93.130387926158818, 16.744599016769538 ], [ -93.130504275252989, 16.744623310270597 ], [ -93.131335271879948, 16.744748113932065 ], [ -93.131799758446192, 16.744820748603139 ], [ -93.132295131455663, 16.744898211966241 ], [ -93.132819865490703, 16.744980743525137 ], [ -93.132848832892165, 16.744985819630269 ], [ -93.133515595025557, 16.745102658552476 ], [ -93.134041747133409, 16.745194856293306 ], [ -93.135291386431447, 16.745413825099178 ], [ -93.135397326918778, 16.745432388213864 ], [ -93.135769297703291, 16.745497565255995 ], [ -93.13624937174157, 16.745581683185161 ], [ -93.136726411079692, 16.745665268196682 ], [ -93.137284513039589, 16.745763055196441 ], [ -93.138656894873847, 16.746003508169867 ], [ -93.13925932397062, 16.746119254746738 ], [ -93.140319243641656, 16.746297185877197 ], [ -93.140577440968983, 16.746341148982644 ], [ -93.140665700505551, 16.746355490633743 ], [ -93.140755534647155, 16.746371723581689 ], [ -93.14094364214462, 16.746400541908802 ], [ -93.141082137731857, 16.746429451851029 ], [ -93.141205586084126, 16.746464172908702 ], [ -93.141316995376442, 16.746501802592473 ], [ -93.141446481569574, 16.746559723024223 ], [ -93.142135154550502, 16.746992459271333 ], [ -93.141849167573696, 16.746913693102215 ], [ -93.141754885153915, 16.746896902909782 ], [ -93.141675507618785, 16.746887317529836 ], [ -93.141606268185924, 16.746884464592032 ], [ -93.141533671087871, 16.746891283988312 ], [ -93.141478564379824, 16.746906310520099 ], [ -93.141413642157332, 16.746931003973348 ] ] ] ] } },
{ "type": "Feature", "properties": { "ID": 95, "ENTIDAD": 7, "MUNICIPIO": 102, "NOMBRE": "TUXTLA GUTIERREZ", "CONTROL": 163, "GEOMETRY1_": null, "ID_2": 1556, "ENTIDAD_2": 7, "DISTRITO_F": 6, "DISTRITO_L": 1, "MUNICIPIO_2": 102, "SECCION": 1662, "TIPO": 2, "CONTROL_2": 1869, "GEOMETRY1__2": null }, "geometry": { "type": "MultiPolygon", "coordinates": [ [ [ [ -93.088991155868385, 16.758662105355278 ], [ -93.088837874569379, 16.758593372433172 ], [ -93.088739165151765, 16.758550125666524 ], [ -93.088655835377423, 16.75851694005226 ], [ -93.088099193712424, 16.758286425458252 ], [ -93.088434359414606, 16.756844226345237 ], [ -93.088540795500009, 16.756386233224106 ], [ -93.088672706328111, 16.755818619499816 ], [ -93.08881277847712, 16.755268382685472 ], [ -93.08893171789525, 16.754718672968608 ], [ -93.089069565135446, 16.754141325919413 ], [ -93.089193441954379, 16.753622488290628 ], [ -93.089218086135233, 16.753519269859474 ], [ -93.089287201372784, 16.75316323758835 ], [ -93.089373912438631, 16.752716562298293 ], [ -93.089458595463853, 16.752280332030281 ], [ -93.089549742749085, 16.751810799972155 ], [ -93.089639290003461, 16.751349507970758 ], [ -93.089723800683004, 16.750909570018255 ], [ -93.089757012335284, 16.750737657748729 ], [ -93.089765678134299, 16.750692801236735 ], [ -93.089777994224818, 16.750629049795076 ], [ -93.090122199300126, 16.748847333118313 ], [ -93.09019801110901, 16.7488610254881 ], [ -93.091212924230561, 16.749091742504085 ], [ -93.091571117826149, 16.749166894812646 ], [ -93.09161649570035, 16.749177578588405 ], [ -93.091654074099878, 16.74918953503089 ], [ -93.092032411779925, 16.749283044023716 ], [ -93.093252478231079, 16.749540661813125 ], [ -93.093362514817997, 16.749486958707021 ], [ -93.093643061262128, 16.749545822798691 ], [ -93.09369809465997, 16.749557369825112 ], [ -93.094545354779882, 16.749753178474304 ], [ -93.094217903612261, 16.751021355522944 ], [ -93.094656945093789, 16.751120416787323 ], [ -93.095727725294267, 16.751376007362982 ], [ -93.095816415164549, 16.750978506816715 ], [ -93.095843173358404, 16.750876220073131 ], [ -93.096059892447698, 16.750047778477452 ], [ -93.096540902660308, 16.750160307272044 ], [ -93.096995317493139, 16.750262607981757 ], [ -93.096976209435567, 16.750347602585855 ], [ -93.096787636201782, 16.751186391587307 ], [ -93.096694035560574, 16.751602732030928 ], [ -93.096645315445627, 16.751819440865869 ], [ -93.096617473457385, 16.75190004699714 ], [ -93.096840525634377, 16.751882032852819 ], [ -93.096965381147868, 16.753346081313506 ], [ -93.097367480786559, 16.753411786966382 ], [ -93.097265828395933, 16.753877482148397 ], [ -93.097997681764809, 16.754000219865762 ], [ -93.09790594232021, 16.754427698360054 ], [ -93.097817918571266, 16.754818741750459 ], [ -93.097730495483447, 16.755247991078296 ], [ -93.097493194586363, 16.756413133982729 ], [ -93.097488616294498, 16.756436821709418 ], [ -93.097482381893272, 16.756468197720995 ], [ -93.097473546825881, 16.756511633116101 ], [ -93.097296740738869, 16.75734217449358 ], [ -93.09733180406684, 16.758433773210708 ], [ -93.096454802796899, 16.758617044596676 ], [ -93.096555456937097, 16.757590186143023 ], [ -93.096592500801648, 16.757212267457476 ], [ -93.096663654615526, 16.756486357544368 ], [ -93.096686622337074, 16.756411540646877 ], [ -93.096692182757394, 16.756368281405472 ], [ -93.09688713110242, 16.754851600039711 ], [ -93.095951942272507, 16.75464593375003 ], [ -93.095699623455701, 16.754587645695633 ], [ -93.095230333216747, 16.754479234255012 ], [ -93.094811134702596, 16.7543893158863 ], [ -93.093432186912707, 16.754067087405698 ], [ -93.093624397287343, 16.753371488366486 ], [ -93.092807821226955, 16.753924935529785 ], [ -93.092376942992956, 16.75428748166906 ], [ -93.092280084872939, 16.754366086974738 ], [ -93.092625508860309, 16.754442289924583 ], [ -93.09329530052257, 16.754590048829783 ], [ -93.094182257791587, 16.754807271838306 ], [ -93.094693846395543, 16.754930945937208 ], [ -93.095126190526827, 16.755024079347805 ], [ -93.09497531446253, 16.755858216113282 ], [ -93.094114971276483, 16.755723619935633 ], [ -93.094092413379983, 16.755720090820201 ], [ -93.093748991971694, 16.755639418264302 ], [ -93.093080059759799, 16.755482278662534 ], [ -93.093054240644165, 16.755609737819739 ], [ -93.092597534160745, 16.755480649435405 ], [ -93.092349604314307, 16.755410571405527 ], [ -93.092073994177625, 16.756355468519075 ], [ -93.09222355249436, 16.756402501872891 ], [ -93.09218017767175, 16.756543034381934 ], [ -93.092143142968737, 16.756663025013125 ], [ -93.092120455546109, 16.7566862165888 ], [ -93.092082832138686, 16.756713978465392 ], [ -93.092056763585731, 16.756738263886305 ], [ -93.092031711338663, 16.756813475370766 ], [ -93.091989397657088, 16.756880059576844 ], [ -93.091927258855137, 16.756985408357981 ], [ -93.091892439600485, 16.757039138375447 ], [ -93.091828371090529, 16.757135853012063 ], [ -93.09178787994388, 16.757195456601419 ], [ -93.091775443929905, 16.757213762595697 ], [ -93.091744815653229, 16.757287633660944 ], [ -93.091739270035944, 16.757349407804337 ], [ -93.091725350652069, 16.757388357008029 ], [ -93.091683580249239, 16.757479690230308 ], [ -93.091658509759981, 16.757517301522821 ], [ -93.091636235226972, 16.757572368782746 ], [ -93.091616738012277, 16.757605949006294 ], [ -93.091574948242396, 16.757656996338827 ], [ -93.091547097158525, 16.757709380339229 ], [ -93.091526215736437, 16.757763104105674 ], [ -93.091484456707221, 16.757878608804671 ], [ -93.091457996808998, 16.75792562072526 ], [ -93.091406465653762, 16.758008901040789 ], [ -93.09136187658757, 16.758035778044935 ], [ -93.091313100957592, 16.758051913993256 ], [ -93.091236449134342, 16.758068062262428 ], [ -93.091170944575708, 16.758077491263933 ], [ -93.091081741417881, 16.75807887353605 ], [ -93.090971629204105, 16.758076236405199 ], [ -93.090897763685476, 16.758089697594759 ], [ -93.090788643793061, 16.758101919842829 ], [ -93.090827617040915, 16.758191924959668 ], [ -93.090921110944905, 16.758319409394893 ], [ -93.091030179001564, 16.758450637666474 ], [ -93.091150903185138, 16.758533100930439 ], [ -93.09151308173719, 16.758791742549445 ], [ -93.091976473964849, 16.759035335397598 ], [ -93.092033996016426, 16.759053694282287 ], [ -93.092082598549112, 16.759112170901489 ], [ -93.092140314447178, 16.759182343099916 ], [ -93.092168731021417, 16.75924950418489 ], [ -93.092236310963017, 16.759337966800246 ], [ -93.092303879672599, 16.759403004825767 ], [ -93.09238495716049, 16.759470639507853 ], [ -93.092464264348209, 16.759493437991164 ], [ -93.092574684984726, 16.759518024500505 ], [ -93.09254071077261, 16.759627350599523 ], [ -93.092442563646316, 16.760038996146889 ], [ -93.0922606130475, 16.759962970606605 ], [ -93.088991155868385, 16.758662105355278 ] ] ] ] } },
{ "type": "Feature", "properties": { "ID": 95, "ENTIDAD": 7, "MUNICIPIO": 102, "NOMBRE": "TUXTLA GUTIERREZ", "CONTROL": 163, "GEOMETRY1_": null, "ID_2": 1158, "ENTIDAD_2": 7, "DISTRITO_F": 6, "DISTRITO_L": 3, "MUNICIPIO_2": 87, "SECCION": 1241, "TIPO": 3, "CONTROL_2": 256, "GEOMETRY1__2": null }, "geometry": { "type": "MultiPolygon", "coordinates": [ [ [ [ -93.062326436900463, 16.67060932232728 ], [ -93.063119430656229, 16.671641943344532 ], [ -93.062326436900605, 16.670609323064028 ], [ -93.062326435444646, 16.670609322565415 ], [ -93.062326436900463, 16.67060932232728 ] ] ], [ [ [ -93.074708474851136, 16.68673133293078 ], [ -93.08309364126724, 16.691290102777433 ], [ -93.074708474851107, 16.68673133293078 ], [ -93.063119430656229, 16.671641943344532 ], [ -93.074708474851136, 16.68673133293078 ] ] ], [ [ [ -93.084244211625304, 16.69232035389177 ], [ -93.084702901519393, 16.692401011011718 ], [ -93.08487438026782, 16.692317324155475 ], [ -93.084702901519393, 16.692401011011807 ], [ -93.084244211625304, 16.692320353891855 ], [ -93.084014674257304, 16.692238594760923 ], [ -93.084244211625304, 16.69232035389177 ] ] ], [ [ [ -93.086236359832782, 16.689534884435751 ], [ -93.086291523527052, 16.689078876377263 ], [ -93.086236359832782, 16.689534884435808 ], [ -93.086236359832782, 16.689534884435751 ] ] ], [ [ [ -93.086390845403088, 16.685805338449399 ], [ -93.086560193463924, 16.685265917850167 ], [ -93.086390845403088, 16.685805338449491 ], [ -93.086279747869895, 16.686551634035293 ], [ -93.086390845403088, 16.685805338449399 ] ] ], [ [ [ -93.086725677952984, 16.683897892778194 ], [ -93.086835999664942, 16.682985875895817 ], [ -93.086725677952984, 16.683897892778283 ], [ -93.086614003461449, 16.684519898026139 ], [ -93.086725677952984, 16.683897892778194 ] ] ], [ [ [ -93.08660164484975, 16.68186836393118 ], [ -93.086948638447993, 16.682571021555912 ], [ -93.086948638447993, 16.682571021555972 ], [ -93.08660164484975, 16.68186836393118 ] ] ], [ [ [ -93.081127908153206, 16.675058519499295 ], [ -93.081094236909124, 16.675015107285724 ], [ -93.081127908153206, 16.675058519499295 ], [ -93.08135838355868, 16.675347433373567 ], [ -93.081127908153206, 16.675058519499295 ] ] ], [ [ [ -93.080320962092983, 16.673985173429347 ], [ -93.080177180465739, 16.673861568156646 ], [ -93.080320962092983, 16.673985173429259 ], [ -93.080666384002015, 16.674356400148056 ], [ -93.080320962092983, 16.673985173429347 ] ] ], [ [ [ -93.077049931083508, 16.672716440449129 ], [ -93.077105494000037, 16.672343294585268 ], [ -93.077049931083536, 16.672716440449129 ], [ -93.077336724462782, 16.672797934168443 ], [ -93.077049931083508, 16.672716440449129 ] ] ], [ [ [ -93.079100220853732, 16.670137912905822 ], [ -93.079500233400495, 16.669928843841888 ], [ -93.079100220853732, 16.670137912905911 ], [ -93.078757680355409, 16.670388137694111 ], [ -93.079100220853732, 16.670137912905822 ] ] ], [ [ [ -93.081330167237624, 16.669257183105255 ], [ -93.081673470415708, 16.669172675205576 ], [ -93.081330167237624, 16.669257183105344 ], [ -93.08087230130063, 16.669342239230232 ], [ -93.081330167237624, 16.669257183105255 ] ] ], [ [ [ -93.081959876288309, 16.669171301997565 ], [ -93.083563749064197, 16.669163604718499 ], [ -93.081959876288295, 16.669171301997654 ], [ -93.081673470415708, 16.669172675205576 ], [ -93.081959876288309, 16.669171301997565 ] ] ], [ [ [ -93.084535217338754, 16.668661761936921 ], [ -93.084877747222308, 16.668411527604079 ], [ -93.084535217338782, 16.668661761936921 ], [ -93.084249775088125, 16.668870290113624 ], [ -93.084535217338754, 16.668661761936921 ] ] ], [ [ [ -93.086710157888845, 16.668278413086444 ], [ -93.087134910013958, 16.668304286876349 ], [ -93.086710157888845, 16.668278413086536 ], [ -93.086377839015285, 16.668234973865708 ], [ -93.086710157888845, 16.668278413086444 ] ] ], [ [ [ -93.100584272292096, 16.658723458735185 ], [ -93.100584272292139, 16.658723458735196 ], [ -93.100584272292096, 16.658723458735274 ], [ -93.087913830043931, 16.66843833485267 ], [ -93.100584272292096, 16.658723458735185 ] ] ] ] } },
{ "type": "Feature", "properties": { "ID": 95, "ENTIDAD": 7, "MUNICIPIO": 102, "NOMBRE": "TUXTLA GUTIERREZ", "CONTROL": 163, "GEOMETRY1_": null, "ID_2": 1160, "ENTIDAD_2": 7, "DISTRITO_F": 6, "DISTRITO_L": 3, "MUNICIPIO_2": 87, "SECCION": 1243, "TIPO": 3, "CONTROL_2": 259, "GEOMETRY1__2": null }, "geometry": { "type": "MultiPolygon", "coordinates": [ [ [ [ -93.157005324704642, 16.647460765718709 ], [ -93.156723114282826, 16.64829084625768 ], [ -93.156723114282812, 16.64829084625767 ], [ -93.157005324704642, 16.647460765718709 ] ] ], [ [ [ -93.160648951758617, 16.643091659364071 ], [ -93.160991441177501, 16.642862014785212 ], [ -93.160648951758631, 16.643091659364071 ], [ -93.160021661339357, 16.643633511052542 ], [ -93.160648951758617, 16.643091659364071 ] ] ], [ [ [ -93.164243948975511, 16.640462854639416 ], [ -93.164348136585261, 16.640226989303986 ], [ -93.164243948975525, 16.640462854639416 ], [ -93.163389472718393, 16.641378777570157 ], [ -93.164243948975511, 16.640462854639416 ] ] ], [ [ [ -93.164895132205416, 16.638988661851517 ], [ -93.165038416922044, 16.639008633092573 ], [ -93.164895132205416, 16.638988661851521 ], [ -93.164895132205416, 16.638988661851517 ] ] ], [ [ [ -93.165611346098231, 16.639047086860693 ], [ -93.166069941684157, 16.639127564978121 ], [ -93.166528327468242, 16.639166611877386 ], [ -93.166069941684157, 16.639127564978214 ], [ -93.165611346098231, 16.639047086860788 ], [ -93.165038416922044, 16.639008633092573 ], [ -93.165611346098231, 16.639047086860693 ] ] ], [ [ [ -93.167215801312565, 16.639204465225262 ], [ -93.167674187486753, 16.639243509590003 ], [ -93.167215801312565, 16.639204465225355 ], [ -93.166528327468242, 16.639166611877386 ], [ -93.167215801312565, 16.639204465225262 ] ] ], [ [ [ -93.170712979156491, 16.639890560887693 ], [ -93.171171789943187, 16.640012457872743 ], [ -93.171573329072615, 16.640134653215341 ], [ -93.172204169148472, 16.640297079900691 ], [ -93.171573329072586, 16.640134653215341 ], [ -93.171171789943173, 16.640012457872743 ], [ -93.170712979156491, 16.639890560887785 ], [ -93.17027796973791, 16.63981423226809 ], [ -93.170712979156491, 16.639890560887693 ] ] ], [ [ [ -93.177869870294643, 16.639438744203797 ], [ -93.177878848890359, 16.639436839248532 ], [ -93.177869870294657, 16.639438744203797 ], [ -93.177583722871262, 16.639481679703408 ], [ -93.177869870294643, 16.639438744203797 ] ] ], [ [ [ -93.183528463317856, 16.637213059185648 ], [ -93.183757334678077, 16.637170418259444 ], [ -93.184158447682577, 16.637209728959743 ], [ -93.184445232230075, 16.637291074896215 ], [ -93.184158447682577, 16.637209728959832 ], [ -93.183757334678077, 16.637170418259533 ], [ -93.183528463317856, 16.63721305918574 ], [ -93.183242748048187, 16.637338862765134 ], [ -93.183528463317856, 16.637213059185648 ] ] ], [ [ [ -93.18605676071239, 16.638815502488843 ], [ -93.18628713430121, 16.639062869756202 ], [ -93.186056760712376, 16.638815502488843 ], [ -93.186007614589158, 16.638766247976761 ], [ -93.18605676071239, 16.638815502488843 ] ] ], [ [ [ -93.189269785977118, 16.639917102880098 ], [ -93.189156316994143, 16.640124861992039 ], [ -93.189100119977013, 16.640332316840627 ], [ -93.189156316994129, 16.64012486199195 ], [ -93.189269785977103, 16.639917102880098 ], [ -93.189153736555241, 16.639627700455002 ], [ -93.189269785977118, 16.639917102880098 ] ] ], [ [ [ -93.188875223232131, 16.641141420992103 ], [ -93.188874470800172, 16.6409964155574 ], [ -93.188874470800172, 16.6409964155574 ], [ -93.188875223232131, 16.641141420992103 ] ] ], [ [ [ -93.189165563792329, 16.641906357302418 ], [ -93.189510275438963, 16.642111682228524 ], [ -93.189165563792329, 16.641906357302506 ], [ -93.189107430983867, 16.641740941043043 ], [ -93.189165563792329, 16.641906357302418 ] ] ], [ [ [ -93.190143719619485, 16.642771215520231 ], [ -93.190603195177147, 16.643017359659989 ], [ -93.190143719619485, 16.64277121552032 ], [ -93.189798360571615, 16.64244160133218 ], [ -93.190143719619485, 16.642771215520231 ] ] ], [ [ [ -93.191523227578557, 16.643716795360294 ], [ -93.191580716351439, 16.64375792057076 ], [ -93.191523227578557, 16.64371679536038 ], [ -93.191121022323884, 16.643470348537075 ], [ -93.191523227578557, 16.643716795360294 ] ] ], [ [ [ -93.192041921444769, 16.644335502273709 ], [ -93.192214604431385, 16.644500307507901 ], [ -93.192445208473288, 16.644789097750884 ], [ -93.192214604431385, 16.644500307507993 ], [ -93.192041921444755, 16.644335502273709 ], [ -93.191868807484354, 16.64408783668566 ], [ -93.192041921444769, 16.644335502273709 ] ] ], [ [ [ -93.192618323808205, 16.645036762827051 ], [ -93.192791439589712, 16.645284427748226 ], [ -93.19261832380819, 16.645036762827051 ], [ -93.192445208473288, 16.644789097750884 ], [ -93.192618323808205, 16.645036762827051 ] ] ], [ [ [ -93.195251177604362, 16.644691266535624 ], [ -93.195422781624487, 16.644648918621396 ], [ -93.195251177604376, 16.644691266535624 ], [ -93.195214034139951, 16.644718436146274 ], [ -93.195251177604362, 16.644691266535624 ] ] ], [ [ [ -93.196567384179616, 16.644477075810315 ], [ -93.196740721168013, 16.644766167485432 ], [ -93.196971332253327, 16.645054952616 ], [ -93.196740721168013, 16.644766167485521 ], [ -93.196567384179616, 16.6444770758104 ], [ -93.196394264321029, 16.644229414063773 ], [ -93.196567384179616, 16.644477075810315 ] ] ], [ [ [ -93.197833689615649, 16.645671806087666 ], [ -93.198178091609975, 16.645814971260275 ], [ -93.197833689615649, 16.645671806087755 ], [ -93.197489179703979, 16.645507925297071 ], [ -93.197833689615649, 16.645671806087666 ] ] ], [ [ [ -93.198127435905349, 16.647078895183419 ], [ -93.197985335277224, 16.647286812281585 ], [ -93.198127435905349, 16.647078895183331 ], [ -93.198584109637139, 16.646786430439391 ], [ -93.198127435905349, 16.647078895183419 ] ] ], [ [ [ -93.197730204097255, 16.647785353016115 ], [ -93.197730204097255, 16.647785353016054 ], [ -93.197786719262709, 16.6476400411571 ], [ -93.197730204097255, 16.647785353016115 ] ] ], [ [ [ -93.197963423816773, 16.648571297690491 ], [ -93.198022000265354, 16.648819571384639 ], [ -93.197963423816773, 16.64857129769058 ], [ -93.197788996916074, 16.648075056867455 ], [ -93.197963423816773, 16.648571297690491 ] ] ], [ [ [ -93.198941435608461, 16.649394683046779 ], [ -93.199228352956894, 16.649496723231788 ], [ -93.198941435608461, 16.649394683046872 ], [ -93.198539643281265, 16.649231111084308 ], [ -93.198941435608461, 16.649394683046779 ] ] ], [ [ [ -93.202435636824546, 16.649458789667172 ], [ -93.202836124784099, 16.649373773775121 ], [ -93.203122935063689, 16.649455093529909 ], [ -93.202836124784099, 16.649373773775213 ], [ -93.202435636824546, 16.649458789667268 ], [ -93.201978527098674, 16.649668402727158 ], [ -93.202435636824546, 16.649458789667172 ] ] ], [ [ [ -93.201816503067278, 16.651533677967212 ], [ -93.201816503067263, 16.651533677967187 ], [ -93.201928440153637, 16.651035901951776 ], [ -93.201816503067278, 16.651533677967212 ] ] ], [ [ [ -93.202684136641949, 16.653144831196105 ], [ -93.202715479397199, 16.653211911190759 ], [ -93.202684136641935, 16.653144831196105 ], [ -93.202279282734494, 16.652401246198789 ], [ -93.202684136641949, 16.653144831196105 ] ] ], [ [ [ -93.203204636562774, 16.654094949184863 ], [ -93.203550039378797, 16.654424540216464 ], [ -93.203204636562745, 16.654094949184863 ], [ -93.203086907601005, 16.65389862533857 ], [ -93.203204636562774, 16.654094949184863 ] ] ], [ [ [ -93.204527449534652, 16.655123608134804 ], [ -93.204871545635854, 16.655204616803353 ], [ -93.204527449534652, 16.655123608134897 ], [ -93.204067490934023, 16.654794635586224 ], [ -93.204527449534652, 16.655123608134804 ] ] ], [ [ [ -93.205386815999333, 16.655160408679567 ], [ -93.205901430042516, 16.654991909244309 ], [ -93.205386815999347, 16.655160408679567 ], [ -93.204871545635854, 16.655204616803353 ], [ -93.205386815999333, 16.655160408679567 ] ] ], [ [ [ -93.207443295525948, 16.65411353324092 ], [ -93.20784269529419, 16.653821357590342 ], [ -93.207443295525948, 16.654113533241013 ], [ -93.207300433470081, 16.65417645149277 ], [ -93.207443295525948, 16.65411353324092 ] ] ], [ [ [ -93.208137623455357, 16.6554355804751 ], [ -93.207797031216657, 16.656017457280999 ], [ -93.208137623455357, 16.655435580475004 ], [ -93.208192927411233, 16.655062400934337 ], [ -93.208137623455357, 16.6554355804751 ] ] ], [ [ [ -93.207683792119312, 16.656266656090363 ], [ -93.207628705925302, 16.656681265465654 ], [ -93.207683792119312, 16.656266656090274 ], [ -93.207797031216657, 16.656017457280999 ], [ -93.207683792119312, 16.656266656090363 ] ] ], [ [ [ -93.207690364525902, 16.65750955601986 ], [ -93.207692117198391, 16.657840995975736 ], [ -93.207690364525902, 16.657509556019953 ], [ -93.207631553812021, 16.657219855434477 ], [ -93.207690364525902, 16.65750955601986 ] ] ], [ [ [ -93.208211339424381, 16.658542520615448 ], [ -93.208670875414171, 16.658788623701373 ], [ -93.2090726961287, 16.658952175569965 ], [ -93.208670875414171, 16.658788623701465 ], [ -93.208211339424381, 16.658542520615534 ], [ -93.207866359510561, 16.658295797633272 ], [ -93.208211339424381, 16.658542520615448 ] ] ], [ [ [ -93.216292990348279, 16.659534467000221 ], [ -93.216579379247179, 16.65953290791721 ], [ -93.216292990348293, 16.659534467000221 ], [ -93.215836313990081, 16.659826970414105 ], [ -93.216292990348279, 16.659534467000221 ] ] ], [ [ [ -93.216695260968947, 16.659780863901506 ], [ -93.216695260968919, 16.659780863901556 ], [ -93.216579379247179, 16.65953290791721 ], [ -93.216695260968947, 16.659780863901506 ] ] ], [ [ [ -93.214824948434995, 16.663519843432585 ], [ -93.214823845236126, 16.663312693700991 ], [ -93.214823845236126, 16.663312693700988 ], [ -93.214824948434995, 16.663519843432585 ] ] ], [ [ [ -93.214826051639008, 16.663726993160108 ], [ -93.214713258508809, 16.664059055459354 ], [ -93.214826051639008, 16.663726993160015 ], [ -93.214826051639008, 16.663726993160108 ] ] ], [ [ [ -93.214315171495684, 16.664599823843201 ], [ -93.214258994813463, 16.664807284799199 ], [ -93.214315171495684, 16.664599823843112 ], [ -93.214542524014334, 16.664267139178328 ], [ -93.214315171495684, 16.664599823843201 ] ] ], [ [ [ -93.214375759022104, 16.665220961716201 ], [ -93.214492082589274, 16.665551778667727 ], [ -93.214375759022104, 16.66522096171629 ], [ -93.214258994813463, 16.664807284799199 ], [ -93.214375759022104, 16.665220961716201 ] ] ], [ [ [ -93.215980467930876, 16.665377959777402 ], [ -93.216494215545595, 16.665043714273409 ], [ -93.21706634632028, 16.664916305169211 ], [ -93.216494215545609, 16.665043714273409 ], [ -93.215980467930876, 16.665377959777487 ], [ -93.215866350633533, 16.66546144303668 ], [ -93.215980467930876, 16.665377959777402 ] ] ], [ [ [ -93.219249831941852, 16.666188764966126 ], [ -93.219249831941852, 16.666188764966126 ], [ -93.219249801609436, 16.6661830941331 ], [ -93.219249831941852, 16.666188764966126 ] ] ], [ [ [ -93.218854740065638, 16.667288114622963 ], [ -93.218854411692504, 16.667226700864507 ], [ -93.218854411692504, 16.667226700864507 ], [ -93.218854740065638, 16.667288114622963 ] ] ], [ [ [ -93.218855076257654, 16.667350990613471 ], [ -93.218685007867293, 16.667683367406564 ], [ -93.218855076257654, 16.667350990613379 ], [ -93.218855076257654, 16.667350990613471 ] ] ], [ [ [ -93.220640744814162, 16.669205640897392 ], [ -93.220470677927864, 16.669538019079205 ], [ -93.220640744814162, 16.6692056408973 ], [ -93.220695806201007, 16.668791028849682 ], [ -93.220640744814162, 16.669205640897392 ] ] ], [ [ [ -93.217104825702719, 16.67212511085717 ], [ -93.217020639038154, 16.672217438431108 ], [ -93.217104825702705, 16.67212511085717 ], [ -93.217148530983948, 16.672093138674754 ], [ -93.217104825702719, 16.67212511085717 ] ] ] ] } },
{ "type": "Feature", "properties": { "ID": 95, "ENTIDAD": 7, "MUNICIPIO": 102, "NOMBRE": "TUXTLA GUTIERREZ", "CONTROL": 163, "GEOMETRY1_": null, "ID_2": 1163, "ENTIDAD_2": 7, "DISTRITO_F": 6, "DISTRITO_L": 3, "MUNICIPIO_2": 87, "SECCION": 1246, "TIPO": 3, "CONTROL_2": 257, "GEOMETRY1__2": null }, "geometry": { "type": "MultiPolygon", "coordinates": [ [ [ [ -93.100871289565916, 16.658804808680738 ], [ -93.101330494936903, 16.659009720478601 ], [ -93.100871289565916, 16.658804808680827 ], [ -93.100584272292096, 16.658723458735274 ], [ -93.100584272292139, 16.658723458735196 ], [ -93.100871289565916, 16.658804808680738 ] ] ], [ [ [ -93.102709099465216, 16.659831601120146 ], [ -93.102766770859461, 16.65991418127258 ], [ -93.102709099465201, 16.659831601120239 ], [ -93.102421529054411, 16.659584421235461 ], [ -93.102709099465216, 16.659831601120146 ] ] ], [ [ [ -93.105574001580862, 16.660024712659894 ], [ -93.106087929075954, 16.659690739095222 ], [ -93.106775071062842, 16.659645931672266 ], [ -93.107120122920264, 16.659934254144385 ], [ -93.106775071062842, 16.659645931672358 ], [ -93.106087929075954, 16.659690739095311 ], [ -93.105574001580877, 16.660024712659894 ], [ -93.105116365605923, 16.660151252520414 ], [ -93.105574001580862, 16.660024712659894 ] ] ], [ [ [ -93.10999057696516, 16.661287352019308 ], [ -93.110565346505936, 16.661698829647388 ], [ -93.110967686642766, 16.661986863020608 ], [ -93.110565346505936, 16.661698829647481 ], [ -93.109990576965131, 16.661287352019308 ], [ -93.109936206204537, 16.66125711384025 ], [ -93.10999057696516, 16.661287352019308 ] ] ], [ [ [ -93.11400287376334, 16.661847567677697 ], [ -93.113943207616259, 16.661350688206596 ], [ -93.11400287376334, 16.661847567677608 ], [ -93.114119222342637, 16.662219872818319 ], [ -93.11400287376334, 16.661847567677697 ] ] ], [ [ [ -93.113941218258645, 16.660936385698626 ], [ -93.113938433182327, 16.66035636215932 ], [ -93.113941218258645, 16.660936385698534 ], [ -93.113943207616259, 16.661350688206596 ], [ -93.113941218258645, 16.660936385698626 ] ] ], [ [ [ -93.112610500399597, 16.658167074717213 ], [ -93.112574772422676, 16.658135086475262 ], [ -93.112610500399612, 16.658167074717213 ], [ -93.112725983130119, 16.658359849656048 ], [ -93.112610500399597, 16.658167074717213 ] ] ], [ [ [ -93.112090632454041, 16.657258156364158 ], [ -93.112146718754659, 16.657009291742266 ], [ -93.112318352576352, 16.6569670123904 ], [ -93.112318352576352, 16.6569670123904 ], [ -93.112146718754659, 16.657009291742355 ], [ -93.11209063245407, 16.657258156364158 ], [ -93.112206974515033, 16.657630462782418 ], [ -93.112090632454041, 16.657258156364158 ] ] ], [ [ [ -93.112719692068225, 16.657047891189425 ], [ -93.113121429391057, 16.657211629746275 ], [ -93.112719692068225, 16.657047891189514 ], [ -93.112326499736355, 16.656968654232053 ], [ -93.112719692068225, 16.657047891189425 ] ] ], [ [ [ -93.11386842409874, 16.657705109052294 ], [ -93.114099126457106, 16.658035417114366 ], [ -93.11386842409874, 16.657705109052383 ], [ -93.113581041509804, 16.657499374925489 ], [ -93.11386842409874, 16.657705109052294 ] ] ], [ [ [ -93.115366808171999, 16.659603525071603 ], [ -93.115770147658949, 16.660098700424051 ], [ -93.115366808171999, 16.659603525071692 ], [ -93.115079022800117, 16.659314932576038 ], [ -93.115366808171999, 16.659603525071603 ] ] ], [ [ [ -93.116115213695906, 16.660387007827069 ], [ -93.11645988181273, 16.660592454147153 ], [ -93.117033864568953, 16.660838192817032 ], [ -93.11645988181273, 16.660592454147238 ], [ -93.116115213695878, 16.660387007827069 ], [ -93.115770147658949, 16.660098700424051 ], [ -93.116115213695906, 16.660387007827069 ] ] ], [ [ [ -93.119562528280895, 16.662565735545822 ], [ -93.119692670017926, 16.662752049815044 ], [ -93.119562528280866, 16.662565735545908 ], [ -93.119389490334896, 16.662318009262979 ], [ -93.119562528280895, 16.662565735545822 ] ] ], [ [ [ -93.119966885933636, 16.663268053628823 ], [ -93.120197805716472, 16.663639784844943 ], [ -93.120315569549788, 16.664302097928406 ], [ -93.120197805716458, 16.663639784844943 ], [ -93.119966885933607, 16.663268053628823 ], [ -93.119912750039305, 16.663152069655748 ], [ -93.119966885933636, 16.663268053628823 ] ] ], [ [ [ -93.126865615607628, 16.668412493855378 ], [ -93.127324467554587, 16.668534487185042 ], [ -93.127324467554573, 16.668534487185045 ], [ -93.126865615607599, 16.668412493855378 ], [ -93.126521124119733, 16.668248495351076 ], [ -93.126865615607628, 16.668412493855378 ] ] ], [ [ [ -93.129494665762707, 16.667197795469079 ], [ -93.130181221202406, 16.667028619788319 ], [ -93.130484872604001, 16.666843524755809 ], [ -93.130181221202406, 16.667028619788404 ], [ -93.129494665762735, 16.667197795469168 ], [ -93.128752243574453, 16.667657267829846 ], [ -93.129494665762707, 16.667197795469079 ] ] ], [ [ [ -93.132401966182982, 16.664324413313558 ], [ -93.132457419420774, 16.663951252944038 ], [ -93.132401966182982, 16.664324413313651 ], [ -93.132175890888206, 16.664947020534537 ], [ -93.132401966182982, 16.664324413313558 ] ] ], [ [ [ -93.132512263641487, 16.663453801957825 ], [ -93.13262418379415, 16.662914632072876 ], [ -93.132850255301307, 16.662292024268357 ], [ -93.13262418379415, 16.662914632072876 ], [ -93.132512263641487, 16.663453801957914 ], [ -93.132457419420774, 16.663951252944038 ], [ -93.132512263641487, 16.663453801957825 ] ] ], [ [ [ -93.133299753697941, 16.660508215166271 ], [ -93.133353985508663, 16.659886473188241 ], [ -93.133299753697983, 16.660508215166271 ], [ -93.133302393972542, 16.661046807839181 ], [ -93.133299753697941, 16.660508215166271 ] ] ], [ [ [ -93.139349191418887, 16.656003046218153 ], [ -93.139410760875634, 16.656872790049054 ], [ -93.139349191418887, 16.656003046218245 ], [ -93.138659824168755, 16.655592229133646 ], [ -93.139349191418887, 16.656003046218153 ] ] ], [ [ [ -93.139529812937255, 16.657783673425882 ], [ -93.139936073585261, 16.658858824218708 ], [ -93.139529812937255, 16.657783673425968 ], [ -93.139410760875634, 16.656872790049054 ], [ -93.139529812937255, 16.657783673425882 ] ] ], [ [ [ -93.140284242184208, 16.659768544093776 ], [ -93.140691330056939, 16.661009413882415 ], [ -93.140284242184194, 16.659768544093776 ], [ -93.139936073585261, 16.658858824218708 ], [ -93.140284242184208, 16.659768544093776 ] ] ], [ [ [ -93.141041349077412, 16.662292003866209 ], [ -93.141447013279446, 16.663242860569305 ], [ -93.141041349077412, 16.662292003866298 ], [ -93.140691330056939, 16.661009413882415 ], [ -93.141041349077412, 16.662292003866209 ] ] ], [ [ [ -93.141677806464926, 16.663573190445813 ], [ -93.142186807242581, 16.663955209122012 ], [ -93.141677806464926, 16.663573190445899 ], [ -93.141447013279446, 16.663242860569305 ], [ -93.141677806464926, 16.663573190445813 ] ] ], [ [ [ -93.144205044271771, 16.664968935941101 ], [ -93.145524740858846, 16.66541795032159 ], [ -93.144205044271743, 16.664968935941101 ], [ -93.143058013375025, 16.664684759148479 ], [ -93.144205044271771, 16.664968935941101 ] ] ], [ [ [ -93.146439776820742, 16.665123261354736 ], [ -93.147293201806491, 16.663958827857659 ], [ -93.146439776820742, 16.665123261354825 ], [ -93.145524740858846, 16.66541795032159 ], [ -93.146439776820742, 16.665123261354736 ] ] ], [ [ [ -93.147792218803929, 16.66064177975753 ], [ -93.147792218803929, 16.660641779757576 ], [ -93.147687353049506, 16.662589583171854 ], [ -93.147792218803929, 16.66064177975753 ] ] ], [ [ [ -93.15102915600275, 16.655031988181964 ], [ -93.151497228429719, 16.654670827435236 ], [ -93.151029156002735, 16.655031988182053 ], [ -93.150401592972713, 16.655532380530875 ], [ -93.15102915600275, 16.655031988181964 ] ] ], [ [ [ -93.153540412618497, 16.653237550735202 ], [ -93.153643350818896, 16.653124719530368 ], [ -93.153996131862556, 16.652738032632993 ], [ -93.153643350818925, 16.653124719530368 ], [ -93.153540412618497, 16.653237550735295 ], [ -93.152798931095759, 16.653862829691281 ], [ -93.153540412618497, 16.653237550735202 ] ] ], [ [ [ -93.156723114282798, 16.64829084625768 ], [ -93.156723114282812, 16.64829084625767 ], [ -93.156723114282826, 16.64829084625768 ], [ -93.156689040467995, 16.648546797201789 ], [ -93.156723114282798, 16.64829084625768 ] ] ] ] } },
{ "type": "Feature", "properties": { "ID": 95, "ENTIDAD": 7, "MUNICIPIO": 102, "NOMBRE": "TUXTLA GUTIERREZ", "CONTROL": 163, "GEOMETRY1_": null, "ID_2": 1516, "ENTIDAD_2": 7, "DISTRITO_F": 6, "DISTRITO_L": 1, "MUNICIPIO_2": 102, "SECCION": 1621, "TIPO": 2, "CONTROL_2": 1834, "GEOMETRY1__2": null }, "geometry": { "type": "MultiPolygon", "coordinates": [ [ [ [ -93.089299937108819, 16.768452759150037 ], [ -93.089027367551708, 16.768384568382377 ], [ -93.088971538837043, 16.768370601244023 ], [ -93.088732208273143, 16.768310725712563 ], [ -93.088173054453435, 16.768170835819713 ], [ -93.087892484504067, 16.768100641783228 ], [ -93.087509737059619, 16.768004883899501 ], [ -93.087174682182749, 16.767921057343983 ], [ -93.086982724180373, 16.767870317913964 ], [ -93.086846832757232, 16.767834398196104 ], [ -93.086513127266713, 16.767746190520072 ], [ -93.086465274328063, 16.767733541601501 ], [ -93.086178820603038, 16.767657823312391 ], [ -93.085844681960097, 16.767569499892879 ], [ -93.08557679765083, 16.767503144493357 ], [ -93.085150350735177, 16.767385964175642 ], [ -93.085248469817969, 16.767102128063662 ], [ -93.085263746096672, 16.767057937196 ], [ -93.085380713629661, 16.766719575491795 ], [ -93.085396802771342, 16.766673032995545 ], [ -93.085688565525658, 16.766752519782212 ], [ -93.086361800324227, 16.76693593159694 ], [ -93.086559398671923, 16.766989763551159 ], [ -93.087008946869318, 16.767112233683751 ], [ -93.087049450220519, 16.767105526771442 ], [ -93.087418585945883, 16.767044401541117 ], [ -93.08779310974235, 16.766980803176363 ], [ -93.088053320147012, 16.766907565635478 ], [ -93.088307801482713, 16.766835940198352 ], [ -93.088499159215374, 16.766881941657552 ], [ -93.089093856838943, 16.767024902768373 ], [ -93.089151230821471, 16.767038694966512 ], [ -93.089805100135919, 16.767195878097535 ], [ -93.089759068140367, 16.767321557605321 ], [ -93.089689285866243, 16.767512081312749 ], [ -93.089667541058404, 16.767571450195568 ], [ -93.089548869625702, 16.767895452845604 ], [ -93.089423220024756, 16.768238506365776 ], [ -93.089356623225711, 16.768466915080296 ], [ -93.089299937108819, 16.768452759150037 ] ] ] ] } },
{ "type": "Feature", "properties": { "ID": 95, "ENTIDAD": 7, "MUNICIPIO": 102, "NOMBRE": "TUXTLA GUTIERREZ", "CONTROL": 163, "GEOMETRY1_": null, "ID_2": 1607, "ENTIDAD_2": 7, "DISTRITO_F": 6, "DISTRITO_L": 13, "MUNICIPIO_2": 102, "SECCION": 1713, "TIPO": 2, "CONTROL_2": 1767, "GEOMETRY1__2": null }, "geometry": { "type": "MultiPolygon", "coordinates": [ [ [ [ -93.101960370454677, 16.744722985444216 ], [ -93.101017470681853, 16.744461364519026 ], [ -93.100965361457455, 16.744609255235485 ], [ -93.100256562090038, 16.744392841934555 ], [ -93.100290871049637, 16.744284291397967 ], [ -93.099852755107094, 16.744150926952599 ], [ -93.099402995707436, 16.744014218447273 ], [ -93.099371058679196, 16.744131064562925 ], [ -93.09891556673935, 16.743974255045078 ], [ -93.099055301452267, 16.74354223812076 ], [ -93.099212350897716, 16.743102943881265 ], [ -93.099353332137568, 16.742689042421826 ], [ -93.099515832238865, 16.742236610817518 ], [ -93.099646943456264, 16.741849076585947 ], [ -93.099749693474536, 16.741567682190155 ], [ -93.099764089952473, 16.741528255477803 ], [ -93.099800649958667, 16.741547803517108 ], [ -93.099837209972264, 16.741567351549765 ], [ -93.099973775305202, 16.741640370674514 ], [ -93.100459195601815, 16.741899915333793 ], [ -93.100490856447195, 16.741916842257762 ], [ -93.100522517298117, 16.741933769176917 ], [ -93.101599914208578, 16.742509727269272 ], [ -93.101654211113342, 16.742538753230573 ], [ -93.101733023245117, 16.742579143561844 ], [ -93.102551423892677, 16.742998561888829 ], [ -93.102738623887674, 16.743094498422106 ], [ -93.102726846263977, 16.743154128555293 ], [ -93.102681183616383, 16.743385318279724 ], [ -93.102676660309626, 16.743495702891785 ], [ -93.102658316724373, 16.743943349742572 ], [ -93.102614576919194, 16.74439855882223 ], [ -93.10257632113067, 16.74488670728622 ], [ -93.101960370454677, 16.744722985444216 ] ] ] ] } },
{ "type": "Feature", "properties": { "ID": 95, "ENTIDAD": 7, "MUNICIPIO": 102, "NOMBRE": "TUXTLA GUTIERREZ", "CONTROL": 163, "GEOMETRY1_": null, "ID_2": 1608, "ENTIDAD_2": 7, "DISTRITO_F": 6, "DISTRITO_L": 13, "MUNICIPIO_2": 102, "SECCION": 1714, "TIPO": 2, "CONTROL_2": 1766, "GEOMETRY1__2": null }, "geometry": { "type": "MultiPolygon", "coordinates": [ [ [ [ -93.10226660329954, 16.74699318104058 ], [ -93.102319562470583, 16.746722083804503 ], [ -93.102425869705371, 16.746263800493725 ], [ -93.101528534849706, 16.745942865373621 ], [ -93.100693232753784, 16.745644112009039 ], [ -93.099948813885462, 16.745368251092479 ], [ -93.099583398693028, 16.745222254463926 ], [ -93.099154345213307, 16.745066454898748 ], [ -93.098607644229816, 16.744885063286045 ], [ -93.097623762703179, 16.74452036691558 ], [ -93.096658916748339, 16.744162720553792 ], [ -93.096795393695132, 16.743734434162974 ], [ -93.096954618318492, 16.743304002045111 ], [ -93.097928889831422, 16.743639383182263 ], [ -93.098082277477076, 16.743189361448923 ], [ -93.099055301452267, 16.74354223812076 ], [ -93.09891556673935, 16.743974255045078 ], [ -93.099371058679196, 16.744131064562925 ], [ -93.099402995707436, 16.744014218447273 ], [ -93.099852755107094, 16.744150926952599 ], [ -93.100290871049637, 16.744284291397967 ], [ -93.100256562090038, 16.744392841934555 ], [ -93.100965361457455, 16.744609255235485 ], [ -93.101017470681853, 16.744461364519026 ], [ -93.101960370454677, 16.744722985444216 ], [ -93.10257632113067, 16.74488670728622 ], [ -93.102614576919194, 16.74439855882223 ], [ -93.102658316724373, 16.743943349742572 ], [ -93.102676660309626, 16.743495702891785 ], [ -93.102681183616383, 16.743385318279724 ], [ -93.102726846263977, 16.743154128555293 ], [ -93.102738623887674, 16.743094498422106 ], [ -93.102945791939803, 16.743200667903565 ], [ -93.103470182080613, 16.743469405894555 ], [ -93.10346189163208, 16.74350604857122 ], [ -93.10332634765372, 16.744105132850088 ], [ -93.103292345011681, 16.744255418885121 ], [ -93.103112293256984, 16.745051213757378 ], [ -93.102685446751224, 16.747167119368978 ], [ -93.10226660329954, 16.74699318104058 ] ] ] ] } },
{ "type": "Feature", "properties": { "ID": 95, "ENTIDAD": 7, "MUNICIPIO": 102, "NOMBRE": "TUXTLA GUTIERREZ", "CONTROL": 163, "GEOMETRY1_": null, "ID_2": 1557, "ENTIDAD_2": 7, "DISTRITO_F": 6, "DISTRITO_L": 1, "MUNICIPIO_2": 102, "SECCION": 1663, "TIPO": 2, "CONTROL_2": 1870, "GEOMETRY1__2": null }, "geometry": { "type": "MultiPolygon", "coordinates": [ [ [ [ -93.098468371156656, 16.761487274396135 ], [ -93.098250363073674, 16.761464717848785 ], [ -93.097826223958577, 16.761420832955483 ], [ -93.097636158183448, 16.761401166909828 ], [ -93.097486565224727, 16.761385688447614 ], [ -93.097383220223492, 16.761380759108473 ], [ -93.097285048675573, 16.761388272692052 ], [ -93.096406207237933, 16.761482768576602 ], [ -93.096285264094647, 16.761495772475744 ], [ -93.096104409665131, 16.761485900503661 ], [ -93.095928704915977, 16.761441178814685 ], [ -93.095318955996845, 16.761202621714922 ], [ -93.095200573808384, 16.761156305795723 ], [ -93.093272791827658, 16.760375338818683 ], [ -93.092442563646316, 16.760038996146889 ], [ -93.09254071077261, 16.759627350599523 ], [ -93.092574684984726, 16.759518024500505 ], [ -93.092464264348209, 16.759493437991164 ], [ -93.09238495716049, 16.759470639507853 ], [ -93.092303879672599, 16.759403004825767 ], [ -93.092236310963017, 16.759337966800246 ], [ -93.092168731021417, 16.75924950418489 ], [ -93.092140314447178, 16.759182343099916 ], [ -93.092082598549112, 16.759112170901489 ], [ -93.092033996016426, 16.759053694282287 ], [ -93.091976473964849, 16.759035335397598 ], [ -93.09151308173719, 16.758791742549445 ], [ -93.091150903185138, 16.758533100930439 ], [ -93.091030179001564, 16.758450637666474 ], [ -93.090921110944905, 16.758319409394893 ], [ -93.090827617040915, 16.758191924959668 ], [ -93.090788643793061, 16.758101919842829 ], [ -93.090897763685476, 16.758089697594759 ], [ -93.090971629204105, 16.758076236405199 ], [ -93.091081741417881, 16.75807887353605 ], [ -93.091170944575708, 16.758077491263933 ], [ -93.091236449134342, 16.758068062262428 ], [ -93.091313100957592, 16.758051913993256 ], [ -93.09136187658757, 16.758035778044935 ], [ -93.091406465653762, 16.758008901040789 ], [ -93.091457996808998, 16.75792562072526 ], [ -93.091484456707221, 16.757878608804671 ], [ -93.091526215736437, 16.757763104105674 ], [ -93.091547097158525, 16.757709380339229 ], [ -93.091574948242396, 16.757656996338827 ], [ -93.091616738012277, 16.757605949006294 ], [ -93.091636235226972, 16.757572368782746 ], [ -93.091658509759981, 16.757517301522821 ], [ -93.091683580249239, 16.757479690230308 ], [ -93.091725350652069, 16.757388357008029 ], [ -93.091739270035944, 16.757349407804337 ], [ -93.091744815653229, 16.757287633660944 ], [ -93.091775443929905, 16.757213762595697 ], [ -93.09178787994388, 16.757195456601419 ], [ -93.091828371090529, 16.757135853012063 ], [ -93.091892439600485, 16.757039138375447 ], [ -93.091927258855137, 16.756985408357981 ], [ -93.091989397657088, 16.756880059576844 ], [ -93.092031711338663, 16.756813475370766 ], [ -93.092056763585731, 16.756738263886305 ], [ -93.092082832138686, 16.756713978465392 ], [ -93.092120455546109, 16.7566862165888 ], [ -93.092143142968737, 16.756663025013125 ], [ -93.09218017767175, 16.756543034381934 ], [ -93.09222355249436, 16.756402501872891 ], [ -93.092073994177625, 16.756355468519075 ], [ -93.092349604314307, 16.755410571405527 ], [ -93.092597534160745, 16.755480649435405 ], [ -93.093054240644165, 16.755609737819739 ], [ -93.093080059759799, 16.755482278662534 ], [ -93.093748991971694, 16.755639418264302 ], [ -93.094092413379983, 16.755720090820201 ], [ -93.094114971276483, 16.755723619935633 ], [ -93.09497531446253, 16.755858216113282 ], [ -93.095126190526827, 16.755024079347805 ], [ -93.094693846395543, 16.754930945937208 ], [ -93.094182257791587, 16.754807271838306 ], [ -93.09329530052257, 16.754590048829783 ], [ -93.092625508860309, 16.754442289924583 ], [ -93.092280084872939, 16.754366086974738 ], [ -93.092376942992956, 16.75428748166906 ], [ -93.092807821226955, 16.753924935529785 ], [ -93.093624397287343, 16.753371488366486 ], [ -93.093432186912707, 16.754067087405698 ], [ -93.094811134702596, 16.7543893158863 ], [ -93.095230333216747, 16.754479234255012 ], [ -93.095699623455701, 16.754587645695633 ], [ -93.095951942272507, 16.75464593375003 ], [ -93.09688713110242, 16.754851600039711 ], [ -93.096692182757394, 16.756368281405472 ], [ -93.096686622337074, 16.756411540646877 ], [ -93.096663654615526, 16.756486357544368 ], [ -93.096592500801648, 16.757212267457476 ], [ -93.096555456937097, 16.757590186143023 ], [ -93.096454802796899, 16.758617044596676 ], [ -93.09733180406684, 16.758433773210708 ], [ -93.097296740738869, 16.75734217449358 ], [ -93.097473546825881, 16.756511633116101 ], [ -93.097482381893272, 16.756468197720995 ], [ -93.097488616294498, 16.756436821709418 ], [ -93.097493194586363, 16.756413133982729 ], [ -93.097730495483447, 16.755247991078296 ], [ -93.097817918571266, 16.754818741750459 ], [ -93.098977247724875, 16.754728509640291 ], [ -93.099063754609773, 16.754740742834972 ], [ -93.099500560726767, 16.754796160605792 ], [ -93.099553455539166, 16.754801716057948 ], [ -93.099603748676287, 16.754808300057409 ], [ -93.099751145254942, 16.75481781603856 ], [ -93.100845127512883, 16.75499460430726 ], [ -93.101267893901777, 16.755062921996199 ], [ -93.102374873393899, 16.755214829668294 ], [ -93.103491749746027, 16.755371871442232 ], [ -93.103424497583887, 16.755898364849919 ], [ -93.102686094894395, 16.75629385101578 ], [ -93.102137778805613, 16.756587526717613 ], [ -93.101861189859392, 16.757956743309492 ], [ -93.101803859195769, 16.758253519723254 ], [ -93.101762370008217, 16.758487207999114 ], [ -93.101723163634304, 16.75864466671187 ], [ -93.101712224440647, 16.758685991092221 ], [ -93.101681425420011, 16.758846633854603 ], [ -93.101598067849579, 16.759259277215939 ], [ -93.101598741201798, 16.759285509990477 ], [ -93.101603801077275, 16.759482634754413 ], [ -93.101653131284536, 16.759697809015563 ], [ -93.10169855189983, 16.759859875115239 ], [ -93.101655461884846, 16.759872677680143 ], [ -93.101535245344024, 16.759908395412868 ], [ -93.101501637707528, 16.759922374126049 ], [ -93.101409157556489, 16.75995490269808 ], [ -93.101374819683244, 16.759970845045842 ], [ -93.101085750669668, 16.760105053338179 ], [ -93.101049044792731, 16.760122095015259 ], [ -93.100971688465251, 16.760160000849901 ], [ -93.100276348866657, 16.760500726368765 ], [ -93.100111057668215, 16.760607837240485 ], [ -93.099932845681337, 16.760740226968622 ], [ -93.099783073838637, 16.760851926324502 ], [ -93.099429278159704, 16.761143319907212 ], [ -93.09929498606526, 16.761245437009404 ], [ -93.099160691248514, 16.761342575859437 ], [ -93.099034131528967, 16.761409841912744 ], [ -93.098956232723907, 16.761434389448027 ], [ -93.098775815152905, 16.761487127369236 ], [ -93.098646642134568, 16.761497145530246 ], [ -93.098468371156656, 16.761487274396135 ] ] ] ] } },
{ "type": "Feature", "properties": { "ID": 95, "ENTIDAD": 7, "MUNICIPIO": 102, "NOMBRE": "TUXTLA GUTIERREZ", "CONTROL": 163, "GEOMETRY1_": null, "ID_2": 1560, "ENTIDAD_2": 7, "DISTRITO_F": 6, "DISTRITO_L": 13, "MUNICIPIO_2": 102, "SECCION": 1666, "TIPO": 2, "CONTROL_2": 1777, "GEOMETRY1__2": null }, "geometry": { "type": "MultiPolygon", "coordinates": [ [ [ [ -93.102374873393899, 16.755214829668294 ], [ -93.101267893901777, 16.755062921996199 ], [ -93.100845127512883, 16.75499460430726 ], [ -93.099751145254942, 16.75481781603856 ], [ -93.099603748676287, 16.754808300057409 ], [ -93.099553455539166, 16.754801716057948 ], [ -93.099500560726767, 16.754796160605792 ], [ -93.099063754609773, 16.754740742834972 ], [ -93.098977247724875, 16.754728509640291 ], [ -93.097817918571266, 16.754818741750459 ], [ -93.09790594232021, 16.754427698360054 ], [ -93.097997681764809, 16.754000219865762 ], [ -93.097265828395933, 16.753877482148397 ], [ -93.097367480786559, 16.753411786966382 ], [ -93.096965381147868, 16.753346081313506 ], [ -93.096840525634377, 16.751882032852819 ], [ -93.096617473457385, 16.75190004699714 ], [ -93.096645315445627, 16.751819440865869 ], [ -93.096694035560574, 16.751602732030928 ], [ -93.096787636201782, 16.751186391587307 ], [ -93.096976209435567, 16.750347602585855 ], [ -93.096995317493139, 16.750262607981757 ], [ -93.09732226644401, 16.750339756184495 ], [ -93.098084462441392, 16.750519604790771 ], [ -93.099568343390146, 16.750869733906868 ], [ -93.101140128974151, 16.751240591496451 ], [ -93.101894345178437, 16.7514185875994 ], [ -93.103004853168457, 16.751582721511138 ], [ -93.104124163726425, 16.751737782605385 ], [ -93.10410641246888, 16.751836286701224 ], [ -93.103934009107505, 16.752792970640808 ], [ -93.103844872179749, 16.75328759682283 ], [ -93.103755085824062, 16.753785824118228 ], [ -93.103658392884029, 16.754322373346319 ], [ -93.103527208071625, 16.755148560210593 ], [ -93.103491749746027, 16.755371871442232 ], [ -93.102374873393899, 16.755214829668294 ] ] ] ] } },
{ "type": "Feature", "properties": { "ID": 95, "ENTIDAD": 7, "MUNICIPIO": 102, "NOMBRE": "TUXTLA GUTIERREZ", "CONTROL": 163, "GEOMETRY1_": null, "ID_2": 1577, "ENTIDAD_2": 7, "DISTRITO_F": 6, "DISTRITO_L": 13, "MUNICIPIO_2": 102, "SECCION": 1683, "TIPO": 2, "CONTROL_2": 1893, "GEOMETRY1__2": null }, "geometry": { "type": "MultiPolygon", "coordinates": [ [ [ [ -93.101140128974151, 16.751240591496451 ], [ -93.099568343390146, 16.750869733906868 ], [ -93.098084462441392, 16.750519604790771 ], [ -93.09732226644401, 16.750339756184495 ], [ -93.096995317493139, 16.750262607981757 ], [ -93.096540902660308, 16.750160307272044 ], [ -93.09669027512399, 16.749504410486963 ], [ -93.096813338717652, 16.748964032910994 ], [ -93.09693556702625, 16.748427320028654 ], [ -93.097056754375913, 16.747895175038813 ], [ -93.097181838417058, 16.7473459161485 ], [ -93.097258346925912, 16.747006395332505 ], [ -93.096793469411864, 16.746905935581218 ], [ -93.095788358614186, 16.746688727794456 ], [ -93.094767822257964, 16.746468180970279 ], [ -93.094457059888924, 16.74638511682117 ], [ -93.094384917692949, 16.74668665475733 ], [ -93.094277749671022, 16.747134590868853 ], [ -93.094192443409923, 16.74749114863598 ], [ -93.094089079139252, 16.747923182319866 ], [ -93.093979160354209, 16.748382609848122 ], [ -93.093875597349339, 16.748815470058776 ], [ -93.093722155108367, 16.749456805828441 ], [ -93.09369809465997, 16.749557369825112 ], [ -93.093643061262128, 16.749545822798691 ], [ -93.093362514817997, 16.749486958707021 ], [ -93.093304274206005, 16.749378199456082 ], [ -93.0928199818715, 16.749263374722215 ], [ -93.092994438997678, 16.748632918125971 ], [ -93.093025980025786, 16.7485289256384 ], [ -93.093077178901709, 16.748360119905449 ], [ -93.093114460267188, 16.748194323428098 ], [ -93.09318607810242, 16.747915358659398 ], [ -93.093240174404187, 16.747751277660651 ], [ -93.093311447571452, 16.747505069908755 ], [ -93.093372455858272, 16.747307748500379 ], [ -93.093523417217241, 16.746888832563346 ], [ -93.093654692374628, 16.746464769515207 ], [ -93.093779413982148, 16.746036036803016 ], [ -93.093938287213035, 16.745606942569516 ], [ -93.094106530384167, 16.745184020374509 ], [ -93.095068374723098, 16.745531505615769 ], [ -93.096042927298257, 16.745883576078835 ], [ -93.0970315600335, 16.746238372653853 ], [ -93.098018306373262, 16.746609439884057 ], [ -93.098974760567955, 16.746964193334943 ], [ -93.100321497714518, 16.747454155416065 ], [ -93.100729964438983, 16.747608342856413 ], [ -93.100898744079373, 16.747672053246113 ], [ -93.102047455579338, 16.748093552504713 ], [ -93.102462960566356, 16.748192306124608 ], [ -93.102417784411116, 16.748336721785122 ], [ -93.102280629086536, 16.749223571316342 ], [ -93.102192107024038, 16.749726633966457 ], [ -93.102097474831936, 16.750264359852267 ], [ -93.102080353042481, 16.750361650197966 ], [ -93.101894345178437, 16.7514185875994 ], [ -93.101140128974151, 16.751240591496451 ] ] ] ] } },
{ "type": "Feature", "properties": { "ID": 95, "ENTIDAD": 7, "MUNICIPIO": 102, "NOMBRE": "TUXTLA GUTIERREZ", "CONTROL": 163, "GEOMETRY1_": null, "ID_2": 1578, "ENTIDAD_2": 7, "DISTRITO_F": 6, "DISTRITO_L": 1, "MUNICIPIO_2": 102, "SECCION": 1684, "TIPO": 2, "CONTROL_2": 1771, "GEOMETRY1__2": null }, "geometry": { "type": "MultiPolygon", "coordinates": [ [ [ [ -93.093304274206005, 16.749378199456082 ], [ -93.093362514817997, 16.749486958707021 ], [ -93.093252478231079, 16.749540661813125 ], [ -93.092032411779925, 16.749283044023716 ], [ -93.091654074099878, 16.74918953503089 ], [ -93.09161649570035, 16.749177578588405 ], [ -93.091571117826149, 16.749166894812646 ], [ -93.091212924230561, 16.749091742504085 ], [ -93.09019801110901, 16.7488610254881 ], [ -93.090122199300126, 16.748847333118313 ], [ -93.09015693694576, 16.748687349101914 ], [ -93.090484246528391, 16.747179913439656 ], [ -93.09050171953055, 16.747099843851149 ], [ -93.090820422660883, 16.746317156909821 ], [ -93.091045000634921, 16.745881506683979 ], [ -93.0913234952273, 16.745341262572463 ], [ -93.091471440040138, 16.745060548982856 ], [ -93.091636020451617, 16.744748269565825 ], [ -93.091843295612236, 16.744354877353281 ], [ -93.092606965646567, 16.744634801588813 ], [ -93.093512684865814, 16.744969233609481 ], [ -93.093550588938896, 16.744984291298252 ], [ -93.093584989691664, 16.744997701957338 ], [ -93.094106530384167, 16.745184020374509 ], [ -93.093938287213035, 16.745606942569516 ], [ -93.093779413982148, 16.746036036803016 ], [ -93.093654692374628, 16.746464769515207 ], [ -93.093523417217241, 16.746888832563346 ], [ -93.093372455858272, 16.747307748500379 ], [ -93.093311447571452, 16.747505069908755 ], [ -93.093240174404187, 16.747751277660651 ], [ -93.09318607810242, 16.747915358659398 ], [ -93.093114460267188, 16.748194323428098 ], [ -93.093077178901709, 16.748360119905449 ], [ -93.093025980025786, 16.7485289256384 ], [ -93.092994438997678, 16.748632918125971 ], [ -93.0928199818715, 16.749263374722215 ], [ -93.093304274206005, 16.749378199456082 ] ] ] ] } },
{ "type": "Feature", "properties": { "ID": 95, "ENTIDAD": 7, "MUNICIPIO": 102, "NOMBRE": "TUXTLA GUTIERREZ", "CONTROL": 163, "GEOMETRY1_": null, "ID_2": 1579, "ENTIDAD_2": 7, "DISTRITO_F": 6, "DISTRITO_L": 1, "MUNICIPIO_2": 102, "SECCION": 1685, "TIPO": 2, "CONTROL_2": 1785, "GEOMETRY1__2": null }, "geometry": { "type": "MultiPolygon", "coordinates": [ [ [ [ -93.082336379978543, 16.750191668404181 ], [ -93.082336300534166, 16.750006848145532 ], [ -93.082362809427082, 16.749887415222794 ], [ -93.082410851190673, 16.749689413884692 ], [ -93.082731270409482, 16.748889238192461 ], [ -93.083044404559999, 16.74809212708891 ], [ -93.083188189123092, 16.7477261081834 ], [ -93.083347483112405, 16.747575344255221 ], [ -93.083394955421454, 16.747433766525461 ], [ -93.083392991859739, 16.747320641005473 ], [ -93.08335885834849, 16.747239752041821 ], [ -93.083293559130226, 16.747169910744471 ], [ -93.083264400523305, 16.747113780686043 ], [ -93.083259358035249, 16.747069256445293 ], [ -93.083346668120399, 16.746598399435708 ], [ -93.08362655636455, 16.745098625778848 ], [ -93.084100750525394, 16.742558497686669 ], [ -93.084115622969563, 16.742478828979014 ], [ -93.084521169646621, 16.742547789351647 ], [ -93.084684655720196, 16.742552973048124 ], [ -93.08481815234974, 16.742518788677415 ], [ -93.085523686045789, 16.742135196349494 ], [ -93.086561537615736, 16.741541434450575 ], [ -93.087672940199212, 16.740926633295203 ], [ -93.087666267379134, 16.741015922347902 ], [ -93.087566563479655, 16.742350051239161 ], [ -93.086782200968784, 16.74227261132275 ], [ -93.086746307112961, 16.742638849979095 ], [ -93.086710118879552, 16.743008090881919 ], [ -93.087499924444401, 16.743078901183171 ], [ -93.087540687977707, 16.742705701981414 ], [ -93.087561270242105, 16.742453915814281 ], [ -93.08768526203319, 16.742470442765001 ], [ -93.088653278989355, 16.742599467746576 ], [ -93.08973366932274, 16.742747683729505 ], [ -93.090288571514989, 16.742823807050748 ], [ -93.090689231462278, 16.742978412132665 ], [ -93.090734934706092, 16.742995202264218 ], [ -93.090771235696963, 16.74300941827012 ], [ -93.091284300953873, 16.743200338044225 ], [ -93.092249946627973, 16.743575162313306 ], [ -93.092048494607681, 16.743961428492728 ], [ -93.092007964562583, 16.744039141006251 ], [ -93.091843295612236, 16.744354877353281 ], [ -93.091636020451617, 16.744748269565825 ], [ -93.091471440040138, 16.745060548982856 ], [ -93.0913234952273, 16.745341262572463 ], [ -93.091045000634921, 16.745881506683979 ], [ -93.090820422660883, 16.746317156909821 ], [ -93.09050171953055, 16.747099843851149 ], [ -93.090484246528391, 16.747179913439656 ], [ -93.09015693694576, 16.748687349101914 ], [ -93.090122199300126, 16.748847333118313 ], [ -93.088829259429772, 16.74858935587968 ], [ -93.088720937768855, 16.748566053240587 ], [ -93.088624192984796, 16.748545778587523 ], [ -93.087217404883873, 16.748255268051111 ], [ -93.086726050080642, 16.748147231015245 ], [ -93.086612429533616, 16.748695374486132 ], [ -93.086446824680976, 16.749494301900011 ], [ -93.086286540770288, 16.75026755304431 ], [ -93.086108077875423, 16.751128496854339 ], [ -93.085232892186497, 16.750990457061263 ], [ -93.084050830443033, 16.750804008629853 ], [ -93.083095183587716, 16.750653267747889 ], [ -93.082343501490001, 16.750524874646374 ], [ -93.082336379978543, 16.750191668404181 ] ] ] ] } },
{ "type": "Feature", "properties": { "ID": 95, "ENTIDAD": 7, "MUNICIPIO": 102, "NOMBRE": "TUXTLA GUTIERREZ", "CONTROL": 163, "GEOMETRY1_": null, "ID_2": 1580, "ENTIDAD_2": 7, "DISTRITO_F": 6, "DISTRITO_L": 1, "MUNICIPIO_2": 102, "SECCION": 1686, "TIPO": 2, "CONTROL_2": 1784, "GEOMETRY1__2": null }, "geometry": { "type": "MultiPolygon", "coordinates": [ [ [ [ -93.088186182112267, 16.741495943871225 ], [ -93.08827295941478, 16.741517354334189 ], [ -93.088512755697053, 16.741608166667497 ], [ -93.088783963713851, 16.741710874377656 ], [ -93.089896013389222, 16.742119345795118 ], [ -93.090701939797469, 16.742500311823548 ], [ -93.090736281773701, 16.742517306080554 ], [ -93.090778481127771, 16.742537297126507 ], [ -93.091483788431233, 16.742802565055918 ], [ -93.092468249103774, 16.743151122902777 ], [ -93.09267017347581, 16.742755941747099 ], [ -93.093200144039827, 16.742944135872037 ], [ -93.093949711536837, 16.743209835044613 ], [ -93.093983350169481, 16.743221703386219 ], [ -93.094023751251314, 16.743235328665925 ], [ -93.094706500957301, 16.743474657751797 ], [ -93.09568758951464, 16.74382015487965 ], [ -93.096658916748339, 16.744162720553792 ], [ -93.096499845827424, 16.744602274534298 ], [ -93.096352189368901, 16.745030625779275 ], [ -93.096194069517139, 16.745459756120987 ], [ -93.096042927298257, 16.745883576078835 ], [ -93.095068374723098, 16.745531505615769 ], [ -93.094106530384167, 16.745184020374509 ], [ -93.093584989691664, 16.744997701957338 ], [ -93.093550588938896, 16.744984291298252 ], [ -93.093512684865814, 16.744969233609481 ], [ -93.092606965646567, 16.744634801588813 ], [ -93.091843295612236, 16.744354877353281 ], [ -93.092007964562583, 16.744039141006251 ], [ -93.092048494607681, 16.743961428492728 ], [ -93.092249946627973, 16.743575162313306 ], [ -93.091284300953873, 16.743200338044225 ], [ -93.090771235696963, 16.74300941827012 ], [ -93.090734934706092, 16.742995202264218 ], [ -93.090689231462278, 16.742978412132665 ], [ -93.090288571514989, 16.742823807050748 ], [ -93.08973366932274, 16.742747683729505 ], [ -93.088653278989355, 16.742599467746576 ], [ -93.08768526203319, 16.742470442765001 ], [ -93.087561270242105, 16.742453915814281 ], [ -93.087540687977707, 16.742705701981414 ], [ -93.087499924444401, 16.743078901183171 ], [ -93.086710118879552, 16.743008090881919 ], [ -93.086746307112961, 16.742638849979095 ], [ -93.086782200968784, 16.74227261132275 ], [ -93.087566563479655, 16.742350051239161 ], [ -93.087666267379134, 16.741015922347902 ], [ -93.087672940199212, 16.740926633295203 ], [ -93.087817315932739, 16.740853062100093 ], [ -93.087812395481663, 16.740930462658795 ], [ -93.087782539093638, 16.741400113650041 ], [ -93.088186182112267, 16.741495943871225 ] ] ] ] } },
{ "type": "Feature", "properties": { "ID": 95, "ENTIDAD": 7, "MUNICIPIO": 102, "NOMBRE": "TUXTLA GUTIERREZ", "CONTROL": 163, "GEOMETRY1_": null, "ID_2": 1581, "ENTIDAD_2": 7, "DISTRITO_F": 6, "DISTRITO_L": 13, "MUNICIPIO_2": 102, "SECCION": 1687, "TIPO": 2, "CONTROL_2": 1768, "GEOMETRY1__2": null }, "geometry": { "type": "MultiPolygon", "coordinates": [ [ [ [ -93.098018306373262, 16.746609439884057 ], [ -93.0970315600335, 16.746238372653853 ], [ -93.096042927298257, 16.745883576078835 ], [ -93.096194069517139, 16.745459756120987 ], [ -93.096352189368901, 16.745030625779275 ], [ -93.096499845827424, 16.744602274534298 ], [ -93.096658916748339, 16.744162720553792 ], [ -93.097623762703179, 16.74452036691558 ], [ -93.098607644229816, 16.744885063286045 ], [ -93.099154345213307, 16.745066454898748 ], [ -93.099583398693028, 16.745222254463926 ], [ -93.099430675841219, 16.745662340432588 ], [ -93.099270075821138, 16.746095201646522 ], [ -93.099124031786502, 16.746522566196866 ], [ -93.098978661867179, 16.746897172025076 ], [ -93.098974760567955, 16.746964193334943 ], [ -93.098018306373262, 16.746609439884057 ] ] ] ] } },
{ "type": "Feature", "properties": { "ID": 95, "ENTIDAD": 7, "MUNICIPIO": 102, "NOMBRE": "TUXTLA GUTIERREZ", "CONTROL": 163, "GEOMETRY1_": null, "ID_2": 1582, "ENTIDAD_2": 7, "DISTRITO_F": 6, "DISTRITO_L": 13, "MUNICIPIO_2": 102, "SECCION": 1688, "TIPO": 2, "CONTROL_2": 1765, "GEOMETRY1__2": null }, "geometry": { "type": "MultiPolygon", "coordinates": [ [ [ [ -93.102047455579338, 16.748093552504713 ], [ -93.100898744079373, 16.747672053246113 ], [ -93.100729964438983, 16.747608342856413 ], [ -93.100321497714518, 16.747454155416065 ], [ -93.098974760567955, 16.746964193334943 ], [ -93.098978661867179, 16.746897172025076 ], [ -93.099124031786502, 16.746522566196866 ], [ -93.099270075821138, 16.746095201646522 ], [ -93.099430675841219, 16.745662340432588 ], [ -93.099583398693028, 16.745222254463926 ], [ -93.099948813885462, 16.745368251092479 ], [ -93.100693232753784, 16.745644112009039 ], [ -93.101528534849706, 16.745942865373621 ], [ -93.102425869705371, 16.746263800493725 ], [ -93.102319562470583, 16.746722083804503 ], [ -93.10226660329954, 16.74699318104058 ], [ -93.102685446751224, 16.747167119368978 ], [ -93.102563741534496, 16.747727922206654 ], [ -93.102462960566356, 16.748192306124608 ], [ -93.102047455579338, 16.748093552504713 ] ] ] ] } },
{ "type": "Feature", "properties": { "ID": 95, "ENTIDAD": 7, "MUNICIPIO": 102, "NOMBRE": "TUXTLA GUTIERREZ", "CONTROL": 163, "GEOMETRY1_": null, "ID_2": 1623, "ENTIDAD_2": 7, "DISTRITO_F": 6, "DISTRITO_L": 13, "MUNICIPIO_2": 102, "SECCION": 1729, "TIPO": 2, "CONTROL_2": 1839, "GEOMETRY1__2": null }, "geometry": { "type": "MultiPolygon", "coordinates": [ [ [ [ -93.09643511327468, 16.741665432308835 ], [ -93.095926516469717, 16.741516865228892 ], [ -93.095883211000043, 16.741501774670958 ], [ -93.095842095007924, 16.741489599536063 ], [ -93.09520100132508, 16.741291963608742 ], [ -93.095276532750205, 16.740950784528255 ], [ -93.094161776234543, 16.740773219214798 ], [ -93.09314635206907, 16.740594172670708 ], [ -93.092563019611646, 16.740491313082657 ], [ -93.092075840595953, 16.740405406976176 ], [ -93.091025344208006, 16.74025722678838 ], [ -93.091207509312639, 16.73938834094718 ], [ -93.091275585500043, 16.738995584924314 ], [ -93.091302336139748, 16.73885370703751 ], [ -93.091409231622308, 16.738286761272796 ], [ -93.091525932510535, 16.737720674539236 ], [ -93.090811814269387, 16.737454141533266 ], [ -93.0886766710355, 16.737146337621542 ], [ -93.088611776312632, 16.737136713484482 ], [ -93.088619209022227, 16.737070147725284 ], [ -93.088639989250211, 16.736570920009182 ], [ -93.088568937643004, 16.736495637076164 ], [ -93.087975544860683, 16.735887829825412 ], [ -93.087772090230914, 16.73567943166195 ], [ -93.087732670251029, 16.735639053780375 ], [ -93.087685499670215, 16.735590736926561 ], [ -93.087377847411503, 16.735276491494616 ], [ -93.087111549622165, 16.735002836710823 ], [ -93.087060199754006, 16.734682415476815 ], [ -93.087004929559626, 16.734395991615923 ], [ -93.087097464359687, 16.733984136046004 ], [ -93.087158211299894, 16.733713761478462 ], [ -93.087219968572754, 16.733502894102383 ], [ -93.087240514657807, 16.733432740330212 ], [ -93.087311609403571, 16.733189989799275 ], [ -93.086927350111381, 16.733130633924688 ], [ -93.085962727802567, 16.732981627053285 ], [ -93.085493720437995, 16.732936076588963 ], [ -93.085490858067203, 16.732909396016428 ], [ -93.085482302983891, 16.732602353909879 ], [ -93.085424571386199, 16.73229152611168 ], [ -93.085348965103037, 16.731888898783318 ], [ -93.085328875256835, 16.731581285874551 ], [ -93.0852866801755, 16.731418947659552 ], [ -93.085066994259932, 16.730959742669668 ], [ -93.085029278022404, 16.730897806700131 ], [ -93.084995986312251, 16.730814506316747 ], [ -93.084984867310197, 16.730737605581677 ], [ -93.08500035211452, 16.730660693899654 ], [ -93.085026931288184, 16.730605140235948 ], [ -93.085115109968655, 16.730477927235675 ], [ -93.08519285244806, 16.730397460130011 ], [ -93.085309695236589, 16.730330106107736 ], [ -93.085362642185018, 16.730297477047486 ], [ -93.085413468682688, 16.730263044006115 ], [ -93.085618982039762, 16.730136239730811 ], [ -93.086279142890575, 16.729911470139484 ], [ -93.086569987707492, 16.729771610114096 ], [ -93.086721022541866, 16.729693811864021 ], [ -93.08678397486328, 16.729645597230412 ], [ -93.087305144868935, 16.729151936889703 ], [ -93.087054432827415, 16.729009129919454 ], [ -93.086617205205386, 16.728760081395112 ], [ -93.08653019285947, 16.7287094001308 ], [ -93.086299231378433, 16.728331453549632 ], [ -93.086054829649484, 16.728066740569904 ], [ -93.085963888587031, 16.727968241496384 ], [ -93.085676521948443, 16.727629976440149 ], [ -93.085617067892002, 16.727526445936437 ], [ -93.085557613899908, 16.727422915414373 ], [ -93.085281834544645, 16.726732445251454 ], [ -93.086189364158429, 16.727046811668433 ], [ -93.086338544984571, 16.727088712990252 ], [ -93.086562810164224, 16.727126661508176 ], [ -93.086662476008655, 16.727143074209749 ], [ -93.086785870079723, 16.727145499541955 ], [ -93.087048888417399, 16.727150931616823 ], [ -93.087441360127599, 16.727068432144684 ], [ -93.08779609090611, 16.727016261989899 ], [ -93.088022300929055, 16.726993871573729 ], [ -93.088272459901233, 16.727007301311577 ], [ -93.088612381021647, 16.72692853532147 ], [ -93.088702587433659, 16.726907632728093 ], [ -93.089330384854875, 16.726762158546183 ], [ -93.089436145601255, 16.726737651294286 ], [ -93.089538533621464, 16.726679291211344 ], [ -93.089611897613139, 16.726573146505952 ], [ -93.089631575479331, 16.726544676093393 ], [ -93.089766497486139, 16.726374156133431 ], [ -93.089736721321486, 16.726476359457784 ], [ -93.08975807773183, 16.726535072371487 ], [ -93.089809920576656, 16.726629005346613 ], [ -93.089840427634115, 16.726708267039253 ], [ -93.089864837974687, 16.726781659159563 ], [ -93.089855739620305, 16.726872682509395 ], [ -93.089849686880939, 16.726960768424114 ], [ -93.089837530511431, 16.727028304226401 ], [ -93.089822331257125, 16.727104649678626 ], [ -93.089810176243731, 16.727175121587273 ], [ -93.089810209233733, 16.727245588196833 ], [ -93.089782831553919, 16.727342491703546 ], [ -93.089749348845075, 16.727415908983836 ], [ -93.089694543926399, 16.727504016062881 ], [ -93.089658030614927, 16.727612667954009 ], [ -93.089648934869331, 16.727709563505265 ], [ -93.089645939999386, 16.727821136953779 ], [ -93.08964599214022, 16.727932709078928 ], [ -93.0896460634915, 16.728085386721922 ], [ -93.08964915853484, 16.728188149196562 ], [ -93.089637021227546, 16.728296790497978 ], [ -93.089621846487944, 16.728425985878406 ], [ -93.089612764404393, 16.728552242504325 ], [ -93.089603694653277, 16.728704924103393 ], [ -93.089579406199334, 16.728892845606147 ], [ -93.089515492577519, 16.729051423188913 ], [ -93.089482028647438, 16.729165945930539 ], [ -93.089460770621727, 16.729318632794026 ], [ -93.089463886131313, 16.729465436881473 ], [ -93.089547033128014, 16.729618719081284 ], [ -93.089648809111409, 16.729588952494357 ], [ -93.089713042300446, 16.729604969505754 ], [ -93.0898486545628, 16.729657629514119 ], [ -93.090087671302456, 16.7297704197101 ], [ -93.090450966762532, 16.729953586718548 ], [ -93.090809360531182, 16.730143890615018 ], [ -93.091035131831575, 16.730331119578768 ], [ -93.091206487218741, 16.730532860183992 ], [ -93.091251778650928, 16.730700022331987 ], [ -93.091268976250461, 16.730763082939578 ], [ -93.091285357339345, 16.730813101874908 ], [ -93.091293690591328, 16.730838547083167 ], [ -93.091335588313868, 16.730947088585459 ], [ -93.09136567595813, 16.731040126727418 ], [ -93.091387194598809, 16.73116418580447 ], [ -93.091342282623984, 16.731240585262078 ], [ -93.091403854475956, 16.731273688652248 ], [ -93.09184533106415, 16.731511042528052 ], [ -93.092182908723714, 16.731655846129382 ], [ -93.092399557245571, 16.731738421037214 ], [ -93.093377819517599, 16.731833558292362 ], [ -93.093595865594537, 16.731853958717259 ], [ -93.093884435855443, 16.731921290560479 ], [ -93.094360823232236, 16.732049898800341 ], [ -93.094793265759066, 16.732142289526333 ], [ -93.095225283579111, 16.732173498175484 ], [ -93.095515887862888, 16.732219731156999 ], [ -93.095838198419571, 16.732230741812216 ], [ -93.095972172725538, 16.732125898711903 ], [ -93.096727678676828, 16.732835503278594 ], [ -93.096406103321243, 16.73398065286564 ], [ -93.096348441655877, 16.734228714261469 ], [ -93.096252361422572, 16.734687707215581 ], [ -93.096169940412537, 16.735266145183875 ], [ -93.095509382869977, 16.736026676269912 ], [ -93.095152990194833, 16.736437004590307 ], [ -93.095017662053777, 16.736820046980057 ], [ -93.094759007424841, 16.737552156919527 ], [ -93.094618216618358, 16.737950656284347 ], [ -93.094494486186676, 16.738300865902509 ], [ -93.094280507524502, 16.738906513106947 ], [ -93.095608819611087, 16.739376349768783 ], [ -93.095494305777549, 16.740030638410737 ], [ -93.095485567301736, 16.740080566564792 ], [ -93.095544671547003, 16.740099023325314 ], [ -93.096191549409951, 16.740301025573679 ], [ -93.096238582837657, 16.74031425354304 ], [ -93.096283572190956, 16.740330270204431 ], [ -93.096788432663061, 16.74047207501982 ], [ -93.096833663438062, 16.740484779333908 ], [ -93.096895198980263, 16.74050466570322 ], [ -93.097785824701944, 16.740792485654119 ], [ -93.097830431359753, 16.740806900885001 ], [ -93.097811238655027, 16.740861451469666 ], [ -93.097711210983434, 16.741145755211065 ], [ -93.097565711748757, 16.741559298951596 ], [ -93.097409086417926, 16.742004463617594 ], [ -93.09643511327468, 16.741665432308835 ] ] ] ] } },
{ "type": "Feature", "properties": { "ID": 95, "ENTIDAD": 7, "MUNICIPIO": 102, "NOMBRE": "TUXTLA GUTIERREZ", "CONTROL": 163, "GEOMETRY1_": null, "ID_2": 1595, "ENTIDAD_2": 7, "DISTRITO_F": 9, "DISTRITO_L": 13, "MUNICIPIO_2": 102, "SECCION": 1701, "TIPO": 2, "CONTROL_2": 1792, "GEOMETRY1__2": null }, "geometry": { "type": "MultiPolygon", "coordinates": [ [ [ [ -93.164059794816936, 16.757522327281674 ], [ -93.163116392536978, 16.757317672546062 ], [ -93.162626779896442, 16.757198419932628 ], [ -93.161896946863791, 16.757033449991074 ], [ -93.160976557239081, 16.756825402934687 ], [ -93.160710635128638, 16.756765292417999 ], [ -93.160171863995345, 16.756646892281125 ], [ -93.160047801314988, 16.756615460105341 ], [ -93.159936305212639, 16.756593607944552 ], [ -93.159619152384309, 16.75651856357393 ], [ -93.159691625700503, 16.756440401036539 ], [ -93.160299848199173, 16.755784428999387 ], [ -93.16084680055603, 16.755129557801116 ], [ -93.160733255689038, 16.754167066903275 ], [ -93.160745958243183, 16.753571105266975 ], [ -93.160743576567441, 16.752853573541479 ], [ -93.160741175709404, 16.752130249613746 ], [ -93.161496711266409, 16.752218466233288 ], [ -93.162430327001346, 16.752327471623083 ], [ -93.163184410820463, 16.752415512376487 ], [ -93.163916356090809, 16.752500965694296 ], [ -93.164575196157458, 16.75257788181974 ], [ -93.164669949030497, 16.752588943542776 ], [ -93.165257890925261, 16.752662507357279 ], [ -93.165418938708243, 16.752684301072293 ], [ -93.165576373814346, 16.752707411378736 ], [ -93.16614680814746, 16.752761350527926 ], [ -93.166138015461058, 16.753485635974457 ], [ -93.166129688336838, 16.754171568283397 ], [ -93.166124529532865, 16.754596514238621 ], [ -93.165349032686564, 16.754599386534132 ], [ -93.165225734975905, 16.755639995532942 ], [ -93.16510920644015, 16.756530611306907 ], [ -93.164953032258651, 16.757724221994337 ], [ -93.164059794816936, 16.757522327281674 ] ] ] ] } },
{ "type": "Feature", "properties": { "ID": 95, "ENTIDAD": 7, "MUNICIPIO": 102, "NOMBRE": "TUXTLA GUTIERREZ", "CONTROL": 163, "GEOMETRY1_": null, "ID_2": 1632, "ENTIDAD_2": 7, "DISTRITO_F": 6, "DISTRITO_L": 13, "MUNICIPIO_2": 102, "SECCION": 1742, "TIPO": 3, "CONTROL_2": 1910, "GEOMETRY1__2": null }, "geometry": { "type": "MultiPolygon", "coordinates": [ [ [ [ -93.044404207982979, 16.730461030633005 ], [ -93.044156919657937, 16.730411853610793 ], [ -93.043936206064615, 16.730396147074046 ], [ -93.043581732122405, 16.730420272998106 ], [ -93.043133109221785, 16.730450805933209 ], [ -93.042125552143048, 16.730329571406063 ], [ -93.041951840540733, 16.730307945539689 ], [ -93.041796519319007, 16.730276469798067 ], [ -93.041655501274576, 16.730235145047036 ], [ -93.041489954022097, 16.730166256302965 ], [ -93.041324406464042, 16.730095398223771 ], [ -93.041150678685398, 16.72999697281583 ], [ -93.041086293475672, 16.729942832582239 ], [ -93.041021908302284, 16.729888692328217 ], [ -93.040862476028295, 16.729743002991324 ], [ -93.040680570756805, 16.729520469524488 ], [ -93.040579253374872, 16.729368010284308 ], [ -93.040385005071528, 16.728944728019474 ], [ -93.040248317618577, 16.728646874112027 ], [ -93.03987680158869, 16.727837303021523 ], [ -93.039734605570615, 16.727577288717111 ], [ -93.039664543260869, 16.727474079518068 ], [ -93.039598603947326, 16.727384764862414 ], [ -93.039538846408007, 16.727303389206742 ], [ -93.03947908891945, 16.727222013533133 ], [ -93.039374006477459, 16.72711881092043 ], [ -93.039270984983673, 16.727019577963951 ], [ -93.039163843958931, 16.726922330787112 ], [ -93.039001077246567, 16.726799288394218 ], [ -93.038887760448347, 16.726721892751112 ], [ -93.038762082828711, 16.726640529261786 ], [ -93.038652890255193, 16.726582983228489 ], [ -93.038389184940385, 16.726467899413421 ], [ -93.038127545479824, 16.726380605598944 ], [ -93.037633113693943, 16.726237772543858 ], [ -93.036432058745845, 16.725886634428214 ], [ -93.036158062777787, 16.725809264816895 ], [ -93.035937628000013, 16.725735856366491 ], [ -93.035772815456099, 16.725672363315496 ], [ -93.035649204644187, 16.725616803234278 ], [ -93.035476143093945, 16.725503685077047 ], [ -93.034727954854191, 16.72448959074644 ], [ -93.034554214148685, 16.724158710458298 ], [ -93.034483957141461, 16.72402490862039 ], [ -93.034380474043218, 16.723827828549719 ], [ -93.033626766214752, 16.722255734274995 ], [ -93.033529401408742, 16.721392864671301 ], [ -93.033552735117354, 16.721160108726032 ], [ -93.033589266868958, 16.72096470154688 ], [ -93.03362786522105, 16.720758239745965 ], [ -93.03372381340715, 16.719260522750069 ], [ -93.034231883075407, 16.717691438021919 ], [ -93.034401107358065, 16.717812583420844 ], [ -93.03473980875296, 16.71887888370998 ], [ -93.035783671678615, 16.71925664504386 ], [ -93.035830530591568, 16.719273321351718 ], [ -93.036472053265157, 16.719501627239346 ], [ -93.037728774077408, 16.719079628885307 ], [ -93.038359158872709, 16.719200484523952 ], [ -93.038933066062313, 16.719446111569006 ], [ -93.039386571649231, 16.720030462061704 ], [ -93.039510017421648, 16.720189523469621 ], [ -93.04020018304962, 16.720724868622874 ], [ -93.040774350980683, 16.721011972703025 ], [ -93.041806434853029, 16.721296455705822 ], [ -93.042554104512575, 16.721872947604925 ], [ -93.043528447241826, 16.722074785283482 ], [ -93.043528447241826, 16.722074785283471 ], [ -93.04352844724184, 16.722074785283482 ], [ -93.044035457477307, 16.720744402751944 ], [ -93.044035457477293, 16.720744402751894 ], [ -93.044035457477293, 16.720744402751851 ], [ -93.042476020442137, 16.718471734997557 ], [ -93.042585158674456, 16.717599953252023 ], [ -93.043894256040133, 16.716389427652565 ], [ -93.044746201372547, 16.715305967267501 ], [ -93.044739579686961, 16.714227429634896 ], [ -93.044390810047844, 16.713358272533682 ], [ -93.044157535064258, 16.712654387416784 ], [ -93.043808770933026, 16.711785229188244 ], [ -93.043401247490621, 16.710667504821473 ], [ -93.042821767233093, 16.70950928066209 ], [ -93.042069825454462, 16.70822759074823 ], [ -93.041663589728557, 16.707317273790597 ], [ -93.041715998606008, 16.70652878351914 ], [ -93.042283772944387, 16.70577882750036 ], [ -93.042451918537125, 16.705197092960152 ], [ -93.042106478931132, 16.704867200585536 ], [ -93.042160664064397, 16.704369085865 ], [ -93.042158631244433, 16.704037227756359 ], [ -93.041926392043649, 16.703499268509734 ], [ -93.040377268970104, 16.702885871690999 ], [ -93.039572446266888, 16.702309697557467 ], [ -93.039112296304594, 16.701938971492808 ], [ -93.038709634874493, 16.701609400047712 ], [ -93.037731097646756, 16.700702340201126 ], [ -93.037699949740542, 16.700287680517352 ], [ -93.037668801970696, 16.69987302081184 ], [ -93.037028108636463, 16.69805138867822 ], [ -93.036448957842921, 16.69693462738995 ], [ -93.036316000818047, 16.696609896853374 ], [ -93.036042267184584, 16.695941333680146 ], [ -93.036150158112505, 16.694862141839977 ], [ -93.035915419494629, 16.693909352167321 ], [ -93.035906322793153, 16.692416269945962 ], [ -93.035906068348311, 16.692374506382624 ], [ -93.035784278562829, 16.691172170643714 ], [ -93.035377350975011, 16.690137392712579 ], [ -93.035260365077534, 16.689723220755987 ], [ -93.035195052856949, 16.68839611166165 ], [ -93.035018566262522, 16.687608924064769 ], [ -93.035014273245721, 16.686903724223686 ], [ -93.034658023905934, 16.68479007768482 ], [ -93.034539402087034, 16.684106269781548 ], [ -93.034420781116225, 16.683422461763552 ], [ -93.034294968543662, 16.681556406220988 ], [ -93.034117482662239, 16.680603287832142 ], [ -93.033464530674834, 16.676749004300984 ], [ -93.033433900293318, 16.67641730776927 ], [ -93.033403270018525, 16.676085611222319 ], [ -93.034198375634034, 16.675085480213692 ], [ -93.034882052262645, 16.674583785958749 ], [ -93.035195529132196, 16.674374583196283 ], [ -93.035509005319852, 16.674165379956474 ], [ -93.036707448338731, 16.673619265063621 ], [ -93.037852203253664, 16.67365422312967 ], [ -93.039228139728408, 16.674061209493157 ], [ -93.040087785969419, 16.674263718331591 ], [ -93.041177350689225, 16.67463084408627 ], [ -93.042094480982016, 16.674874499658021 ], [ -93.043009325502453, 16.674744809741966 ], [ -93.044209786654349, 16.674530510570566 ], [ -93.04541075461151, 16.67439916920064 ], [ -93.046612995945964, 16.674475232749145 ], [ -93.048101875579121, 16.674632608229739 ], [ -93.049188646369046, 16.674543385718721 ], [ -93.050444789561368, 16.674079826696666 ], [ -93.050672922699377, 16.673954060049489 ], [ -93.050901055538759, 16.673828293150482 ], [ -93.052446646218826, 16.673902342697474 ], [ -93.054104892019538, 16.673685342464985 ], [ -93.055019209012087, 16.673472634808686 ], [ -93.059527867511235, 16.671496756453266 ], [ -93.060441652082943, 16.671201060147961 ], [ -93.061011572282212, 16.670824391984386 ], [ -93.062326436900463, 16.67060932232728 ], [ -93.063119430656229, 16.671641943344532 ], [ -93.074708474851107, 16.68673133293078 ], [ -93.08309364126724, 16.691290102777433 ], [ -93.083841462466495, 16.691949409199701 ], [ -93.084014674257304, 16.692238594760923 ], [ -93.084244211625304, 16.692320353891855 ], [ -93.084702901519393, 16.692401011011807 ], [ -93.08487438026782, 16.692317324155475 ], [ -93.085274432486699, 16.692108244209329 ], [ -93.085787902024634, 16.691650030856191 ], [ -93.086196578516322, 16.692159102137467 ], [ -93.086742816182266, 16.693000617295606 ], [ -93.087452769572479, 16.693736843903963 ], [ -93.088272167027341, 16.695051719765257 ], [ -93.088982401762209, 16.696366639135128 ], [ -93.089583839376587, 16.698470736915265 ], [ -93.089747921492588, 16.699154581828811 ], [ -93.089966986839968, 16.700680145330587 ], [ -93.08996755338012, 16.701890150052499 ], [ -93.089695150950618, 16.703047664268976 ], [ -93.089817526317603, 16.704356712567225 ], [ -93.090181298673059, 16.704798451428903 ], [ -93.090450950920413, 16.705223411091279 ], [ -93.090453291027472, 16.705884862353759 ], [ -93.090340873939525, 16.706505237812959 ], [ -93.090227871290452, 16.70696025038399 ], [ -93.089715188847507, 16.70782959620281 ], [ -93.089487425868171, 16.708243532161305 ], [ -93.08920279376504, 16.708781622086704 ], [ -93.08903189697422, 16.709071403290292 ], [ -93.088976196128669, 16.709526282983425 ], [ -93.088748867254481, 16.710064240144646 ], [ -93.088694624342153, 16.710932526585054 ], [ -93.089155268609943, 16.71155158029698 ], [ -93.090191180786348, 16.712789419677001 ], [ -93.090193374011832, 16.713409529789036 ], [ -93.090310182717033, 16.714029374983525 ], [ -93.090368952994965, 16.714442649212263 ], [ -93.090543656125845, 16.715227724386793 ], [ -93.090775229982171, 16.715888644781973 ], [ -93.090891310255259, 16.71630178618393 ], [ -93.090836929058383, 16.717128731966937 ], [ -93.090667490634999, 16.717831920862906 ], [ -93.097815197941998, 16.721732250677256 ], [ -93.09899934954052, 16.722242746722294 ], [ -93.100343032002655, 16.723094007820198 ], [ -93.100319215657535, 16.724164972881944 ], [ -93.10031919094537, 16.724226973403717 ], [ -93.100321265555309, 16.724917696022057 ], [ -93.100318890937544, 16.724979685772382 ], [ -93.100318733641757, 16.725374351961413 ], [ -93.100318714571614, 16.72542220095206 ], [ -93.100366418577337, 16.725432683613615 ], [ -93.100612554476882, 16.725501936625321 ], [ -93.100777671107494, 16.72556532051625 ], [ -93.100870383138755, 16.725610482592515 ], [ -93.100959016658962, 16.725657012878358 ], [ -93.101010420000861, 16.725695575802071 ], [ -93.1010638100271, 16.725796682372234 ], [ -93.101077475230241, 16.72582882415945 ], [ -93.101095478009199, 16.725871168297115 ], [ -93.101139511849212, 16.726021313755965 ], [ -93.101064317081253, 16.726759202628291 ], [ -93.101076690134761, 16.726822063156682 ], [ -93.101103988206674, 16.726949750512293 ], [ -93.101435329955791, 16.727369364803348 ], [ -93.101789250535148, 16.727778292335184 ], [ -93.102134321940994, 16.728176993051793 ], [ -93.102403644450263, 16.728488170779247 ], [ -93.102815146685842, 16.728963621625109 ], [ -93.103303423784737, 16.729527774197564 ], [ -93.103552184979478, 16.729815189722633 ], [ -93.103454406259232, 16.729796251820829 ], [ -93.102371258928173, 16.729586463172279 ], [ -93.101256952325514, 16.729567570883329 ], [ -93.101188688364061, 16.72956760433334 ], [ -93.100886324066352, 16.729619860057763 ], [ -93.100831945399293, 16.729626771499767 ], [ -93.100759242528383, 16.729637838761857 ], [ -93.100609910077111, 16.729663596566269 ], [ -93.100363713839911, 16.729703625930796 ], [ -93.099611582510136, 16.729928463040245 ], [ -93.099849609305309, 16.730349235080009 ], [ -93.098888889434889, 16.730775260713109 ], [ -93.099184793614725, 16.73135767579404 ], [ -93.099366282429799, 16.731714890195686 ], [ -93.099816112364664, 16.732600259071159 ], [ -93.099996867772248, 16.732956024712109 ], [ -93.100140593421528, 16.733238906729103 ], [ -93.100268625329122, 16.733490899394656 ], [ -93.100715596163369, 16.734370622416403 ], [ -93.100337131835175, 16.734553190907949 ], [ -93.100308305076325, 16.734936156943736 ], [ -93.099939864649812, 16.734740592861471 ], [ -93.099860585726958, 16.734686314873979 ], [ -93.099595565394978, 16.734524813264933 ], [ -93.098958491656319, 16.734136582288983 ], [ -93.098516750302323, 16.733803927672358 ], [ -93.098420712888512, 16.733730089378632 ], [ -93.098215012532435, 16.733599877394401 ], [ -93.097999595713858, 16.733390162862555 ], [ -93.097948307154255, 16.733345461685371 ], [ -93.097895631415511, 16.733326951374817 ], [ -93.09785877711775, 16.733316604650366 ], [ -93.09782391035435, 16.733305687205355 ], [ -93.096802052776795, 16.732909217926583 ], [ -93.096727678676828, 16.732835503278594 ], [ -93.095972172725538, 16.732125898711903 ], [ -93.095838198419571, 16.732230741812216 ], [ -93.095515887862888, 16.732219731156999 ], [ -93.095225283579111, 16.732173498175484 ], [ -93.094793265759066, 16.732142289526333 ], [ -93.094360823232236, 16.732049898800341 ], [ -93.093884435855443, 16.731921290560479 ], [ -93.093595865594537, 16.731853958717259 ], [ -93.093377819517599, 16.731833558292362 ], [ -93.092399557245571, 16.731738421037214 ], [ -93.092182908723714, 16.731655846129382 ], [ -93.09184533106415, 16.731511042528052 ], [ -93.091403854475956, 16.731273688652248 ], [ -93.091342282623984, 16.731240585262078 ], [ -93.091387194598809, 16.73116418580447 ], [ -93.09136567595813, 16.731040126727418 ], [ -93.091335588313868, 16.730947088585459 ], [ -93.091293690591328, 16.730838547083167 ], [ -93.091285357339345, 16.730813101874908 ], [ -93.091268976250461, 16.730763082939578 ], [ -93.091251778650928, 16.730700022331987 ], [ -93.091206487218741, 16.730532860183992 ], [ -93.091035131831575, 16.730331119578768 ], [ -93.090809360531182, 16.730143890615018 ], [ -93.090450966762532, 16.729953586718548 ], [ -93.090087671302456, 16.7297704197101 ], [ -93.0898486545628, 16.729657629514119 ], [ -93.089713042300446, 16.729604969505754 ], [ -93.089648809111409, 16.729588952494357 ], [ -93.089547033128014, 16.729618719081284 ], [ -93.089463886131313, 16.729465436881473 ], [ -93.089460770621727, 16.729318632794026 ], [ -93.089482028647438, 16.729165945930539 ], [ -93.089515492577519, 16.729051423188913 ], [ -93.089579406199334, 16.728892845606147 ], [ -93.089603694653277, 16.728704924103393 ], [ -93.089612764404393, 16.728552242504325 ], [ -93.089621846487944, 16.728425985878406 ], [ -93.089637021227546, 16.728296790497978 ], [ -93.08964915853484, 16.728188149196562 ], [ -93.0896460634915, 16.728085386721922 ], [ -93.08964599214022, 16.727932709078928 ], [ -93.089645939999386, 16.727821136953779 ], [ -93.089648934869331, 16.727709563505265 ], [ -93.089658030614927, 16.727612667954009 ], [ -93.089694543926399, 16.727504016062881 ], [ -93.089749348845075, 16.727415908983836 ], [ -93.089782831553919, 16.727342491703546 ], [ -93.089810209233733, 16.727245588196833 ], [ -93.089810176243731, 16.727175121587273 ], [ -93.089822331257125, 16.727104649678626 ], [ -93.089837530511431, 16.727028304226401 ], [ -93.089849686880939, 16.726960768424114 ], [ -93.089855739620305, 16.726872682509395 ], [ -93.089864837974687, 16.726781659159563 ], [ -93.089840427634115, 16.726708267039253 ], [ -93.089809920576656, 16.726629005346613 ], [ -93.08975807773183, 16.726535072371487 ], [ -93.089736721321486, 16.726476359457784 ], [ -93.089766497486139, 16.726374156133431 ], [ -93.089631575479331, 16.726544676093393 ], [ -93.089611897613139, 16.726573146505952 ], [ -93.089538533621464, 16.726679291211344 ], [ -93.089436145601255, 16.726737651294286 ], [ -93.089330384854875, 16.726762158546183 ], [ -93.088702587433659, 16.726907632728093 ], [ -93.088612381021647, 16.72692853532147 ], [ -93.088272459901233, 16.727007301311577 ], [ -93.088022300929055, 16.726993871573729 ], [ -93.08779609090611, 16.727016261989899 ], [ -93.087441360127599, 16.727068432144684 ], [ -93.087048888417399, 16.727150931616823 ], [ -93.086785870079723, 16.727145499541955 ], [ -93.086662476008655, 16.727143074209749 ], [ -93.086562810164224, 16.727126661508176 ], [ -93.086338544984571, 16.727088712990252 ], [ -93.086189364158429, 16.727046811668433 ], [ -93.085281834544645, 16.726732445251454 ], [ -93.084448844081336, 16.726340669131634 ], [ -93.084235152428434, 16.726240163832561 ], [ -93.082932307111776, 16.725652551385352 ], [ -93.082901574942156, 16.725646439716602 ], [ -93.082547008557142, 16.725575927176649 ], [ -93.081914615427138, 16.725425752717573 ], [ -93.081537144230794, 16.725307846059504 ], [ -93.08113196917347, 16.72514172867686 ], [ -93.080853807085589, 16.725135090376355 ], [ -93.079979955457034, 16.725114233586375 ], [ -93.079610454132691, 16.725150554726543 ], [ -93.079283571108846, 16.72516826906968 ], [ -93.079221186135811, 16.725171649757616 ], [ -93.078938598278256, 16.725131771211956 ], [ -93.07843272538426, 16.725105306058076 ], [ -93.078025541247129, 16.725232794839592 ], [ -93.077732474086744, 16.725306086568025 ], [ -93.077559421664972, 16.725349364177646 ], [ -93.077065455770111, 16.725450467825087 ], [ -93.076967656005024, 16.725494242933671 ], [ -93.07685209674375, 16.725580028038795 ], [ -93.076629191755572, 16.72576264507062 ], [ -93.076526821737531, 16.725874828697464 ], [ -93.076754214121465, 16.721806352123075 ], [ -93.076761092051683, 16.72168329043166 ], [ -93.076699850005554, 16.721703561686915 ], [ -93.075957521086309, 16.721949272446832 ], [ -93.075196290938706, 16.722378234227822 ], [ -93.074725775786533, 16.722411380547836 ], [ -93.071482709312619, 16.720532915763705 ], [ -93.069561967171751, 16.723528159931092 ], [ -93.069545105423799, 16.723554453986971 ], [ -93.069384828271495, 16.723423602358519 ], [ -93.06828580503344, 16.72228456779844 ], [ -93.067363880939297, 16.72169274084278 ], [ -93.066795791012922, 16.721217427248856 ], [ -93.066022811806974, 16.720544801075125 ], [ -93.065817923212961, 16.720356461540916 ], [ -93.065231266509372, 16.720015724397729 ], [ -93.065026430931326, 16.719979902299247 ], [ -93.06400218536524, 16.71959444054718 ], [ -93.062866122585206, 16.718903971194866 ], [ -93.062130563542567, 16.718715788684339 ], [ -93.061841837927915, 16.718365980396825 ], [ -93.061134066412251, 16.717720231136816 ], [ -93.061064830686462, 16.71774204482999 ], [ -93.053751851107506, 16.720045943707117 ], [ -93.054047353635454, 16.722132650754286 ], [ -93.054443558162234, 16.724930397054145 ], [ -93.054559139825173, 16.725746545974065 ], [ -93.054817527153517, 16.7275710529413 ], [ -93.055057919862051, 16.729268465426816 ], [ -93.053445039145032, 16.727970922168463 ], [ -93.050074641191841, 16.726612919118175 ], [ -93.050041554509221, 16.727715547935553 ], [ -93.050040756030327, 16.727760623384963 ], [ -93.05003995755105, 16.727805698834256 ], [ -93.049847779265164, 16.727808150281835 ], [ -93.049621181406437, 16.727772751562913 ], [ -93.049338611376513, 16.72773612285701 ], [ -93.049196339247516, 16.727697676970635 ], [ -93.049103984353621, 16.727661624115921 ], [ -93.048985379132162, 16.727568337883739 ], [ -93.04890675445283, 16.727428387018122 ], [ -93.048823898516645, 16.727340498357432 ], [ -93.048737001682369, 16.727284127821839 ], [ -93.048632169178902, 16.727252887674371 ], [ -93.048473497956508, 16.727240401096928 ], [ -93.048280256282652, 16.727250559002179 ], [ -93.048028121219332, 16.727252312878093 ], [ -93.047801064885647, 16.727277125303566 ], [ -93.047641329810702, 16.727267542245738 ], [ -93.047538994507903, 16.727241110944288 ], [ -93.047424171202877, 16.727178607630066 ], [ -93.047165393938997, 16.727019600412699 ], [ -93.046216591886619, 16.726409963699432 ], [ -93.045300514781616, 16.72606104424694 ], [ -93.045251672474464, 16.72634321002408 ], [ -93.045111464484393, 16.730929422610743 ], [ -93.045110225089289, 16.731009729814232 ], [ -93.044858530137986, 16.730724666052588 ], [ -93.044657643317706, 16.730579128084589 ], [ -93.044404207982979, 16.730461030633005 ] ] ] ] } },
{ "type": "Feature", "properties": { "ID": 95, "ENTIDAD": 7, "MUNICIPIO": 102, "NOMBRE": "TUXTLA GUTIERREZ", "CONTROL": 163, "GEOMETRY1_": null, "ID_2": 1596, "ENTIDAD_2": 7, "DISTRITO_F": 9, "DISTRITO_L": 13, "MUNICIPIO_2": 102, "SECCION": 1702, "TIPO": 2, "CONTROL_2": 1791, "GEOMETRY1__2": null }, "geometry": { "type": "MultiPolygon", "coordinates": [ [ [ [ -93.16875498197841, 16.758595262807368 ], [ -93.168452956111281, 16.758526070419521 ], [ -93.168060228150921, 16.75843609796566 ], [ -93.167858077867692, 16.758389785793689 ], [ -93.167512452736261, 16.758310603346501 ], [ -93.1670225860409, 16.758198374162202 ], [ -93.166069967358126, 16.757980124094129 ], [ -93.165710594589925, 16.75789778858238 ], [ -93.164953032258651, 16.757724221994337 ], [ -93.16510920644015, 16.756530611306907 ], [ -93.165225734975905, 16.755639995532942 ], [ -93.165349032686564, 16.754599386534132 ], [ -93.166124529532865, 16.754596514238621 ], [ -93.166129688336838, 16.754171568283397 ], [ -93.166138015461058, 16.753485635974457 ], [ -93.16614680814746, 16.752761350527926 ], [ -93.167096890810754, 16.752872395957262 ], [ -93.168021971317316, 16.752980514807 ], [ -93.168950608444987, 16.753089045036521 ], [ -93.169918595007317, 16.753202169465219 ], [ -93.169913395451047, 16.753961118235093 ], [ -93.169907851504902, 16.754389171809471 ], [ -93.169552827161652, 16.754441648461263 ], [ -93.168945655806255, 16.754550826043658 ], [ -93.168934997445518, 16.756058124789647 ], [ -93.168928698077707, 16.756948973931163 ], [ -93.168923290851538, 16.757713655368438 ], [ -93.168916794667453, 16.758632332959944 ], [ -93.16875498197841, 16.758595262807368 ] ] ] ] } },
{ "type": "Feature", "properties": { "ID": 95, "ENTIDAD": 7, "MUNICIPIO": 102, "NOMBRE": "TUXTLA GUTIERREZ", "CONTROL": 163, "GEOMETRY1_": null, "ID_2": 2085, "ENTIDAD_2": 7, "DISTRITO_F": 6, "DISTRITO_L": 13, "MUNICIPIO_2": 102, "SECCION": 2202, "TIPO": 2, "CONTROL_2": 2819, "GEOMETRY1__2": null }, "geometry": { "type": "MultiPolygon", "coordinates": [ [ [ [ -93.088550532166593, 16.737131351902832 ], [ -93.088455876402023, 16.737122158777296 ], [ -93.087457665639093, 16.737025208187582 ], [ -93.086738473440462, 16.73695475953355 ], [ -93.086312180041631, 16.736913000647903 ], [ -93.085243085059417, 16.73682926163136 ], [ -93.085223120818, 16.736687049651628 ], [ -93.085208153160806, 16.736592775007118 ], [ -93.085168300766341, 16.736479334865077 ], [ -93.084831721431442, 16.735608733010828 ], [ -93.083635163935043, 16.735503753518998 ], [ -93.083258440672097, 16.735466872639385 ], [ -93.082758430433969, 16.735414589328183 ], [ -93.081887020273541, 16.735313914476595 ], [ -93.081028732500585, 16.735236913546025 ], [ -93.080159901242851, 16.735158963012768 ], [ -93.080210831060739, 16.734677801176655 ], [ -93.080259144946353, 16.734221533347505 ], [ -93.080111509843746, 16.7342037599437 ], [ -93.079182439872071, 16.734091909140997 ], [ -93.078956228714105, 16.734064674909931 ], [ -93.07872133735421, 16.734044966390989 ], [ -93.0784251380109, 16.734020368247016 ], [ -93.078475411, 16.733957698000026 ], [ -93.078485611000019, 16.733537765000015 ], [ -93.078496125, 16.73303069 ], [ -93.078517804, 16.732515399999986 ], [ -93.078554117, 16.731692838999958 ], [ -93.07911802, 16.73129141400003 ], [ -93.07921367, 16.731365721 ], [ -93.079325841, 16.731432352999988 ], [ -93.079452312, 16.731459893999983 ], [ -93.079615375, 16.731466732999966 ], [ -93.079781024, 16.731423910000029 ], [ -93.079906453, 16.731398852999966 ], [ -93.080143168, 16.731425821999956 ], [ -93.081078945, 16.731532430000026 ], [ -93.081126045000019, 16.731537794999973 ], [ -93.081173145, 16.731543161 ], [ -93.08130595, 16.731558290000017 ], [ -93.081680179, 16.731600923000038 ], [ -93.08248095, 16.731692143999989 ], [ -93.082489654, 16.731467025000018 ], [ -93.082526024, 16.731223011000033 ], [ -93.082578993, 16.730701186000019 ], [ -93.082648304000017, 16.73008293800001 ], [ -93.082681061, 16.729793082999969 ], [ -93.08269344, 16.729683541000014 ], [ -93.082698701, 16.729636983999953 ], [ -93.083008064, 16.729730705000023 ], [ -93.083196512000015, 16.729790096999977 ], [ -93.083197642000115, 16.729769983000057 ], [ -93.083198772, 16.729749869000017 ], [ -93.083298027, 16.728901846999964 ], [ -93.083300895, 16.728865850999984 ], [ -93.08316918200002, 16.728844753000033 ], [ -93.083104714, 16.728825069 ], [ -93.082801042, 16.728732893000014 ], [ -93.082891075, 16.727889689000037 ], [ -93.082910603, 16.727702985000011 ], [ -93.08289875, 16.726731727000036 ], [ -93.082899402, 16.726481138000036 ], [ -93.082901574942156, 16.725646439716602 ], [ -93.082932307111776, 16.725652551385352 ], [ -93.084235152428434, 16.726240163832561 ], [ -93.084448844081336, 16.726340669131634 ], [ -93.085281834544645, 16.726732445251454 ], [ -93.085557613899908, 16.727422915414373 ], [ -93.085617067892002, 16.727526445936437 ], [ -93.085676521948443, 16.727629976440149 ], [ -93.085963888587031, 16.727968241496384 ], [ -93.086054829649484, 16.728066740569904 ], [ -93.086299231378433, 16.728331453549632 ], [ -93.08653019285947, 16.7287094001308 ], [ -93.086617205205386, 16.728760081395112 ], [ -93.087054432827415, 16.729009129919454 ], [ -93.087305144868935, 16.729151936889703 ], [ -93.08678397486328, 16.729645597230412 ], [ -93.086721022541866, 16.729693811864021 ], [ -93.086569987707492, 16.729771610114096 ], [ -93.086279142890575, 16.729911470139484 ], [ -93.085618982039762, 16.730136239730811 ], [ -93.085413468682688, 16.730263044006115 ], [ -93.085362642185018, 16.730297477047486 ], [ -93.085309695236589, 16.730330106107736 ], [ -93.08519285244806, 16.730397460130011 ], [ -93.085115109968655, 16.730477927235675 ], [ -93.085026931288184, 16.730605140235948 ], [ -93.08500035211452, 16.730660693899654 ], [ -93.084984867310197, 16.730737605581677 ], [ -93.084995986312251, 16.730814506316747 ], [ -93.085029278022404, 16.730897806700131 ], [ -93.085066994259932, 16.730959742669668 ], [ -93.0852866801755, 16.731418947659552 ], [ -93.085328875256835, 16.731581285874551 ], [ -93.085348965103037, 16.731888898783318 ], [ -93.085424571386199, 16.73229152611168 ], [ -93.085482302983891, 16.732602353909879 ], [ -93.085490858067203, 16.732909396016428 ], [ -93.085493720437995, 16.732936076588963 ], [ -93.085962727802567, 16.732981627053285 ], [ -93.086927350111381, 16.733130633924688 ], [ -93.087311609403571, 16.733189989799275 ], [ -93.087240514657807, 16.733432740330212 ], [ -93.087219968572754, 16.733502894102383 ], [ -93.087158211299894, 16.733713761478462 ], [ -93.087097464359687, 16.733984136046004 ], [ -93.087004929559626, 16.734395991615923 ], [ -93.087060199754006, 16.734682415476815 ], [ -93.087111549622165, 16.735002836710823 ], [ -93.087377847411503, 16.735276491494616 ], [ -93.087685499670215, 16.735590736926561 ], [ -93.087732670251029, 16.735639053780375 ], [ -93.087772090230914, 16.73567943166195 ], [ -93.087975544860683, 16.735887829825412 ], [ -93.088568937643004, 16.736495637076164 ], [ -93.088639989250211, 16.736570920009182 ], [ -93.088619209022227, 16.737070147725284 ], [ -93.088611776312632, 16.737136713484482 ], [ -93.088550532166593, 16.737131351902832 ] ] ] ] } },
{ "type": "Feature", "properties": { "ID": 95, "ENTIDAD": 7, "MUNICIPIO": 102, "NOMBRE": "TUXTLA GUTIERREZ", "CONTROL": 163, "GEOMETRY1_": null, "ID_2": 2086, "ENTIDAD_2": 7, "DISTRITO_F": 6, "DISTRITO_L": 13, "MUNICIPIO_2": 102, "SECCION": 2203, "TIPO": 2, "CONTROL_2": 2820, "GEOMETRY1__2": null }, "geometry": { "type": "MultiPolygon", "coordinates": [ [ [ [ -93.077576037333742, 16.733766480016104 ], [ -93.07748079299428, 16.733738001055613 ], [ -93.077030824578372, 16.733600994839744 ], [ -93.076592308027372, 16.733467474348643 ], [ -93.076148044698328, 16.733307980598919 ], [ -93.075741753612505, 16.733275714504536 ], [ -93.075536280824167, 16.733259396327764 ], [ -93.075476702456001, 16.733254664711875 ], [ -93.07541712409072, 16.733249933078785 ], [ -93.075387143263214, 16.733246162409053 ], [ -93.075357162436873, 16.733242391734958 ], [ -93.074978276454274, 16.733194739039224 ], [ -93.074926489745152, 16.733188225740786 ], [ -93.075014952, 16.732888154999966 ], [ -93.075105703, 16.732575767999968 ], [ -93.075117787000011, 16.732529069 ], [ -93.075203875000014, 16.732247308 ], [ -93.07520717, 16.732207052000017 ], [ -93.075260477000015, 16.731555673 ], [ -93.075313826, 16.730833651 ], [ -93.075364796, 16.73081288799996 ], [ -93.075399189, 16.730356355999984 ], [ -93.075403324, 16.73032543299998 ], [ -93.075407614, 16.730293341999971 ], [ -93.075449548, 16.729934225999965 ], [ -93.07545486, 16.729894601 ], [ -93.075459488, 16.729860071 ], [ -93.07556739, 16.729246375999949 ], [ -93.075327494, 16.729204079 ], [ -93.075298335, 16.729198563999976 ], [ -93.075315867, 16.728598588000022 ], [ -93.075335178000017, 16.728598078000026 ], [ -93.075411748, 16.728116960000026 ], [ -93.075397018498961, 16.728103540500552 ], [ -93.075382289, 16.728090121 ], [ -93.075039503, 16.728114465 ], [ -93.074954958, 16.728148205000018 ], [ -93.074900371, 16.728153829000039 ], [ -93.074852739, 16.728158736999987 ], [ -93.074033572, 16.728128869999985 ], [ -93.073402594, 16.727909734000029 ], [ -93.073373545, 16.727899155000035 ], [ -93.073723259, 16.726041201000033 ], [ -93.073840497, 16.726030107999961 ], [ -93.073976486, 16.726033335999983 ], [ -93.074275678, 16.726085643999969 ], [ -93.074391272, 16.726098705999981 ], [ -93.07453066, 16.726101931999963 ], [ -93.074642845, 16.726092064 ], [ -93.07472783, 16.72607237700004 ], [ -93.075281959, 16.726026312 ], [ -93.075386786, 16.726030907000023 ], [ -93.075482549, 16.726049170999953 ], [ -93.075880322, 16.726075233000021 ], [ -93.07606730000002, 16.726065336000037 ], [ -93.076237275, 16.72604234200001 ], [ -93.076352853, 16.726012815 ], [ -93.076526821737531, 16.725874828697464 ], [ -93.076629191755572, 16.72576264507062 ], [ -93.07685209674375, 16.725580028038795 ], [ -93.076967656005024, 16.725494242933671 ], [ -93.077065455770111, 16.725450467825087 ], [ -93.077559421664972, 16.725349364177646 ], [ -93.077732474086744, 16.725306086568025 ], [ -93.078025541247129, 16.725232794839592 ], [ -93.07843272538426, 16.725105306058076 ], [ -93.078938598278256, 16.725131771211956 ], [ -93.079221186135811, 16.725171649757616 ], [ -93.079283571108846, 16.72516826906968 ], [ -93.079610454132691, 16.725150554726543 ], [ -93.079979955457034, 16.725114233586375 ], [ -93.080853807085589, 16.725135090376355 ], [ -93.08113196917347, 16.72514172867686 ], [ -93.081537144230794, 16.725307846059504 ], [ -93.081914615427138, 16.725425752717573 ], [ -93.082547008557142, 16.725575927176649 ], [ -93.082901574942156, 16.725646439716602 ], [ -93.082899402, 16.726481138000036 ], [ -93.08289875, 16.726731727000036 ], [ -93.082910603, 16.727702985000011 ], [ -93.082891075, 16.727889689000037 ], [ -93.082801042, 16.728732893000014 ], [ -93.083104714, 16.728825069 ], [ -93.08316918200002, 16.728844753000033 ], [ -93.083300895, 16.728865850999984 ], [ -93.083298027, 16.728901846999964 ], [ -93.083198772, 16.729749869000017 ], [ -93.083197642000115, 16.729769983000057 ], [ -93.083196512000015, 16.729790096999977 ], [ -93.083008064, 16.729730705000023 ], [ -93.082698701, 16.729636983999953 ], [ -93.08269344, 16.729683541000014 ], [ -93.082681061, 16.729793082999969 ], [ -93.082648304000017, 16.73008293800001 ], [ -93.082578993, 16.730701186000019 ], [ -93.082526024, 16.731223011000033 ], [ -93.082489654, 16.731467025000018 ], [ -93.08248095, 16.731692143999989 ], [ -93.081680179, 16.731600923000038 ], [ -93.08130595, 16.731558290000017 ], [ -93.081173145, 16.731543161 ], [ -93.081126045000019, 16.731537794999973 ], [ -93.081078945, 16.731532430000026 ], [ -93.080143168, 16.731425821999956 ], [ -93.079906453, 16.731398852999966 ], [ -93.079781024, 16.731423910000029 ], [ -93.079615375, 16.731466732999966 ], [ -93.079452312, 16.731459893999983 ], [ -93.079325841, 16.731432352999988 ], [ -93.07921367, 16.731365721 ], [ -93.07911802, 16.73129141400003 ], [ -93.078554117, 16.731692838999958 ], [ -93.078517804, 16.732515399999986 ], [ -93.078496125, 16.73303069 ], [ -93.078485611000019, 16.733537765000015 ], [ -93.078475411, 16.733957698000026 ], [ -93.0784251380109, 16.734020368247016 ], [ -93.077576037333742, 16.733766480016104 ] ] ] ] } },
{ "type": "Feature", "properties": { "ID": 95, "ENTIDAD": 7, "MUNICIPIO": 102, "NOMBRE": "TUXTLA GUTIERREZ", "CONTROL": 163, "GEOMETRY1_": null, "ID_2": 2087, "ENTIDAD_2": 7, "DISTRITO_F": 6, "DISTRITO_L": 13, "MUNICIPIO_2": 102, "SECCION": 2204, "TIPO": 2, "CONTROL_2": 2822, "GEOMETRY1__2": null }, "geometry": { "type": "MultiPolygon", "coordinates": [ [ [ [ -93.063844947740606, 16.733503645779408 ], [ -93.063309688366274, 16.733233980124432 ], [ -93.063131442251148, 16.733144178593029 ], [ -93.062921669063201, 16.733038493214654 ], [ -93.061781423942165, 16.732448654188104 ], [ -93.061040734643541, 16.732090993702446 ], [ -93.060696117379578, 16.73192311131271 ], [ -93.060373812407192, 16.731766097701168 ], [ -93.059912782977491, 16.731519110194089 ], [ -93.059592442704641, 16.731336158904575 ], [ -93.059286357050624, 16.731163191539963 ], [ -93.059001005705582, 16.731022098492641 ], [ -93.058643233383364, 16.730850389458055 ], [ -93.058356688335891, 16.730712864527497 ], [ -93.058101061266711, 16.730614149824941 ], [ -93.057937104430209, 16.730550834907437 ], [ -93.056731490636494, 16.730085259892693 ], [ -93.056679707236611, 16.730059987058098 ], [ -93.055057919862051, 16.729268465426816 ], [ -93.054817527153517, 16.7275710529413 ], [ -93.054559139825173, 16.725746545974065 ], [ -93.054443558162234, 16.724930397054145 ], [ -93.054047353635454, 16.722132650754286 ], [ -93.053751851107506, 16.720045943707117 ], [ -93.061064830686462, 16.71774204482999 ], [ -93.061134066412251, 16.717720231136816 ], [ -93.061841837927915, 16.718365980396825 ], [ -93.062130563542567, 16.718715788684339 ], [ -93.062866122585206, 16.718903971194866 ], [ -93.06400218536524, 16.71959444054718 ], [ -93.065026430931326, 16.719979902299247 ], [ -93.065231266509372, 16.720015724397729 ], [ -93.065817923212961, 16.720356461540916 ], [ -93.066022811806974, 16.720544801075125 ], [ -93.066795791012922, 16.721217427248856 ], [ -93.067363880939297, 16.72169274084278 ], [ -93.06828580503344, 16.72228456779844 ], [ -93.069384828271495, 16.723423602358519 ], [ -93.069545105423799, 16.723554453986971 ], [ -93.069988424, 16.723880682999965 ], [ -93.070329567, 16.724137838000029 ], [ -93.070704399, 16.724385998000017 ], [ -93.070886167, 16.72449827299998 ], [ -93.071041978, 16.724592822000016 ], [ -93.07109063, 16.724619408 ], [ -93.07114404, 16.724648595000023 ], [ -93.071273248, 16.724704241999959 ], [ -93.071392249, 16.724740236999988 ], [ -93.071501048, 16.724766407 ], [ -93.071626844, 16.724789295000011 ], [ -93.071722044, 16.72481547 ], [ -93.072022625, 16.724927661000031 ], [ -93.071781273, 16.725374966 ], [ -93.070608663, 16.727168817000035 ], [ -93.070568847, 16.727245619 ], [ -93.07054149, 16.727341611999982 ], [ -93.070544015, 16.727435196999949 ], [ -93.070573957, 16.727520860999988 ], [ -93.070565039, 16.727573457000016 ], [ -93.070643093, 16.727640850000018 ], [ -93.070722354, 16.727725364999987 ], [ -93.070878507, 16.727837159999975 ], [ -93.070835166, 16.728181766 ], [ -93.070752326, 16.728811137000015 ], [ -93.070630181, 16.72983376599997 ], [ -93.070532494, 16.730827396 ], [ -93.06996961, 16.730702647 ], [ -93.069802599015262, 16.732000433109164 ], [ -93.069636819070894, 16.731916743148847 ], [ -93.069262218748108, 16.731681388984008 ], [ -93.068843648570876, 16.731439821897364 ], [ -93.068733048461809, 16.731382149249104 ], [ -93.068475715316893, 16.731288113213104 ], [ -93.068198491147569, 16.731180660956763 ], [ -93.068046329404822, 16.731121682762794 ], [ -93.067669202212741, 16.730975409403658 ], [ -93.067620998283004, 16.730943188719962 ], [ -93.067316671026035, 16.730666017330801 ], [ -93.067204970956311, 16.730567611502188 ], [ -93.066721751687723, 16.730102325638789 ], [ -93.066399617922187, 16.729957564900491 ], [ -93.066190291250592, 16.729820095012816 ], [ -93.065451124443527, 16.731282548730871 ], [ -93.064848930504169, 16.732473978309784 ], [ -93.064230350402525, 16.733697811732576 ], [ -93.063844947740606, 16.733503645779408 ] ] ] ] } },
{ "type": "Feature", "properties": { "ID": 95, "ENTIDAD": 7, "MUNICIPIO": 102, "NOMBRE": "TUXTLA GUTIERREZ", "CONTROL": 163, "GEOMETRY1_": null, "ID_2": 1597, "ENTIDAD_2": 7, "DISTRITO_F": 9, "DISTRITO_L": 2, "MUNICIPIO_2": 102, "SECCION": 1703, "TIPO": 2, "CONTROL_2": 1875, "GEOMETRY1__2": null }, "geometry": { "type": "MultiPolygon", "coordinates": [ [ [ [ -93.179590815923632, 16.753578904348966 ], [ -93.179477853976707, 16.753484194955995 ], [ -93.179364892141336, 16.75338948549922 ], [ -93.179185275626622, 16.753200026181897 ], [ -93.17888405730001, 16.752960479857819 ], [ -93.178587361163096, 16.752854946375336 ], [ -93.178563358173136, 16.752846408595779 ], [ -93.178502601290262, 16.752848315952043 ], [ -93.177794056161559, 16.752870558166059 ], [ -93.177431985868793, 16.753082127428598 ], [ -93.177127973549943, 16.753183189420842 ], [ -93.177107677530714, 16.752819093043907 ], [ -93.177128146622508, 16.752747353498201 ], [ -93.17746767479629, 16.750449257011436 ], [ -93.177553539866622, 16.749868070676179 ], [ -93.176704057451957, 16.7497480474775 ], [ -93.176093883020513, 16.749661833800499 ], [ -93.176066525843481, 16.749528605626107 ], [ -93.176051137728706, 16.749055340318403 ], [ -93.176032962338397, 16.748496348142723 ], [ -93.176014547042357, 16.747929973677664 ], [ -93.176003848150202, 16.747543741436868 ], [ -93.175993806673389, 16.746499651935693 ], [ -93.176980222259246, 16.74663010016495 ], [ -93.177606944837976, 16.746717684846988 ], [ -93.178031532817002, 16.746766739683977 ], [ -93.179124907720961, 16.746912586690016 ], [ -93.180186080390172, 16.747052461254473 ], [ -93.181252789366013, 16.74716255013676 ], [ -93.182342054534928, 16.747298649795304 ], [ -93.183592821624472, 16.747486733023091 ], [ -93.184279741127369, 16.747590386664793 ], [ -93.184077542257526, 16.748040886090308 ], [ -93.183867540525725, 16.748467127699818 ], [ -93.183819905249251, 16.748583845285641 ], [ -93.183797721723224, 16.748657439762049 ], [ -93.18377991383646, 16.748743643147328 ], [ -93.183775193381464, 16.748826471459942 ], [ -93.183793699424314, 16.749013124539829 ], [ -93.183799969769581, 16.749181289728384 ], [ -93.183799003894933, 16.749315846898693 ], [ -93.183771385616211, 16.749405823165649 ], [ -93.183700815913454, 16.749531173224661 ], [ -93.183580522294648, 16.749678429702737 ], [ -93.183273697326754, 16.750066336063853 ], [ -93.182858760319732, 16.750565750931525 ], [ -93.182993181624141, 16.750589175666398 ], [ -93.183938915058931, 16.750735904582392 ], [ -93.184007870462125, 16.750746774197985 ], [ -93.184275835239305, 16.750787736884941 ], [ -93.184438183112746, 16.750810294878089 ], [ -93.184560394783745, 16.750842138038763 ], [ -93.18464509003482, 16.750884945801214 ], [ -93.184793588069638, 16.751025235421853 ], [ -93.185094155316619, 16.751388214783191 ], [ -93.185163175235189, 16.751465511387604 ], [ -93.185120604394882, 16.75166483189442 ], [ -93.18507877143638, 16.751773014468892 ], [ -93.185054436573239, 16.75182969855808 ], [ -93.1850423085953, 16.751923044184345 ], [ -93.18504445738391, 16.752016978550671 ], [ -93.185059526602814, 16.752082027452374 ], [ -93.185108023076836, 16.752192058380775 ], [ -93.185223367771528, 16.752341626793775 ], [ -93.185440198963818, 16.752562785121224 ], [ -93.18550819132804, 16.752665940352042 ], [ -93.185551930425973, 16.752771848560382 ], [ -93.185538033552461, 16.752840811045207 ], [ -93.185503249788169, 16.752970333761414 ], [ -93.185465593864237, 16.753149860756192 ], [ -93.185031268320728, 16.752943904618391 ], [ -93.184736046685828, 16.752927438402811 ], [ -93.184550873460239, 16.752983373344023 ], [ -93.184388864247893, 16.753050441263252 ], [ -93.184221125580891, 16.753178860315227 ], [ -93.183983921078791, 16.753301764268041 ], [ -93.183509340153833, 16.753369110003387 ], [ -93.183243006390697, 16.75329684673703 ], [ -93.182866678158476, 16.753207949879748 ], [ -93.182339874428763, 16.75314149306584 ], [ -93.181761012967527, 16.753114119231075 ], [ -93.181274833853749, 16.753159162356408 ], [ -93.180846559086589, 16.753226461281649 ], [ -93.180580415794125, 16.753354963628198 ], [ -93.180042297821899, 16.753567357001113 ], [ -93.179805016805091, 16.753612179317518 ], [ -93.179590815923632, 16.753578904348966 ] ] ] ] } },
{ "type": "Feature", "properties": { "ID": 95, "ENTIDAD": 7, "MUNICIPIO": 102, "NOMBRE": "TUXTLA GUTIERREZ", "CONTROL": 163, "GEOMETRY1_": null, "ID_2": 1991, "ENTIDAD_2": 7, "DISTRITO_F": 6, "DISTRITO_L": 3, "MUNICIPIO_2": 27, "SECCION": 2108, "TIPO": 4, "CONTROL_2": 2690, "GEOMETRY1__2": null }, "geometry": { "type": "MultiPolygon", "coordinates": [ [ [ [ -93.041021908302284, 16.729888692328302 ], [ -93.040862476028295, 16.729743002991324 ], [ -93.041021908302284, 16.729888692328217 ], [ -93.041086293475672, 16.729942832582239 ], [ -93.041086293475672, 16.729942832582235 ], [ -93.041021908302284, 16.729888692328302 ] ] ], [ [ [ -93.039664543260855, 16.727474079518068 ], [ -93.039598603947326, 16.727384764862414 ], [ -93.039664543260869, 16.727474079518068 ], [ -93.039734605570615, 16.727577288717111 ], [ -93.039664543260855, 16.727474079518068 ] ] ], [ [ [ -93.039374006477459, 16.727118810920519 ], [ -93.039270984983673, 16.727019577963951 ], [ -93.039374006477459, 16.72711881092043 ], [ -93.03947908891945, 16.727222013533133 ], [ -93.039374006477459, 16.727118810920519 ] ] ], [ [ [ -93.039001077246553, 16.726799288394218 ], [ -93.038887760448347, 16.726721892751112 ], [ -93.039001077246567, 16.726799288394218 ], [ -93.039163843958931, 16.726922330787112 ], [ -93.039001077246553, 16.726799288394218 ] ] ], [ [ [ -93.036472053265157, 16.719501627239257 ], [ -93.037728774077408, 16.719079628885307 ], [ -93.036472053265157, 16.719501627239346 ], [ -93.035830530591568, 16.719273321351718 ], [ -93.036472053265157, 16.719501627239257 ] ] ], [ [ [ -93.038933066062313, 16.719446111568917 ], [ -93.039386571649231, 16.720030462061704 ], [ -93.038933066062313, 16.719446111569006 ], [ -93.038359158872709, 16.719200484523952 ], [ -93.038933066062313, 16.719446111568917 ] ] ], [ [ [ -93.041806434853029, 16.721296455705733 ], [ -93.042554104512575, 16.721872947604925 ], [ -93.041806434853029, 16.721296455705822 ], [ -93.040774350980683, 16.721011972703025 ], [ -93.041806434853029, 16.721296455705733 ] ] ], [ [ [ -93.043528447241826, 16.722074785283471 ], [ -93.043528447241826, 16.722074785283482 ], [ -93.042554104512575, 16.721872947604925 ], [ -93.043528447241826, 16.722074785283471 ] ] ], [ [ [ -93.042476020442137, 16.718471734997557 ], [ -93.044035457477293, 16.720744402751851 ], [ -93.044035457477293, 16.720744402751894 ], [ -93.042476020442137, 16.718471734997557 ] ] ], [ [ [ -93.042585158674456, 16.717599953251931 ], [ -93.043894256040133, 16.716389427652473 ], [ -93.044746201372547, 16.715305967267501 ], [ -93.043894256040133, 16.716389427652565 ], [ -93.042585158674456, 16.717599953252023 ], [ -93.042476020442137, 16.718471734997557 ], [ -93.042585158674456, 16.717599953251931 ] ] ], [ [ [ -93.039112296304594, 16.701938971492901 ], [ -93.038709634874493, 16.701609400047712 ], [ -93.039112296304594, 16.701938971492808 ], [ -93.039572446266888, 16.702309697557467 ], [ -93.039112296304594, 16.701938971492901 ] ] ], [ [ [ -93.03604226718457, 16.695941333680146 ], [ -93.036150158112505, 16.694862141839977 ], [ -93.036042267184584, 16.695941333680146 ], [ -93.036316000818047, 16.696609896853374 ], [ -93.03604226718457, 16.695941333680146 ] ] ], [ [ [ -93.035915419494629, 16.693909352167321 ], [ -93.035906322793153, 16.692416269945962 ], [ -93.035915419494629, 16.693909352167321 ], [ -93.036150158112505, 16.694862141839977 ], [ -93.035915419494629, 16.693909352167321 ] ] ] ] } },
{ "type": "Feature", "properties": { "ID": 95, "ENTIDAD": 7, "MUNICIPIO": 102, "NOMBRE": "TUXTLA GUTIERREZ", "CONTROL": 163, "GEOMETRY1_": null, "ID_2": 2088, "ENTIDAD_2": 7, "DISTRITO_F": 6, "DISTRITO_L": 13, "MUNICIPIO_2": 102, "SECCION": 2205, "TIPO": 2, "CONTROL_2": 2821, "GEOMETRY1__2": null }, "geometry": { "type": "MultiPolygon", "coordinates": [ [ [ [ -93.07486143305789, 16.733180043436626 ], [ -93.074655020203295, 16.733154082356283 ], [ -93.074352442815865, 16.733116026027151 ], [ -93.074263807198477, 16.733104877895641 ], [ -93.074195888739624, 16.733096335434922 ], [ -93.074073611878205, 16.733096423815123 ], [ -93.073949442183562, 16.733114708199864 ], [ -93.073809450377837, 16.733135322347511 ], [ -93.073721378319178, 16.733137132514827 ], [ -93.073545071282354, 16.7331215122312 ], [ -93.073368764273653, 16.733105891796836 ], [ -93.073206008151914, 16.733091471807011 ], [ -93.073081952501326, 16.73309308775875 ], [ -93.072928400528085, 16.733081305667302 ], [ -93.072797896754253, 16.733099340419127 ], [ -93.072530963607761, 16.733104310441906 ], [ -93.072381290627888, 16.733113625834498 ], [ -93.072258762214474, 16.733095222069455 ], [ -93.072101919763369, 16.733065044624766 ], [ -93.07195415069117, 16.733036612835765 ], [ -93.071845221906727, 16.73301420099089 ], [ -93.071725015793007, 16.732971645430887 ], [ -93.071469942366946, 16.732859379165617 ], [ -93.071246605366355, 16.732721067317666 ], [ -93.070992876055371, 16.732559212583528 ], [ -93.070936844029831, 16.732523469496982 ], [ -93.070840438684513, 16.732461972016957 ], [ -93.0705028777151, 16.73231492845526 ], [ -93.070437140344154, 16.732313720496716 ], [ -93.070041998235766, 16.732119014073771 ], [ -93.069802599015262, 16.732000433109164 ], [ -93.06996961, 16.730702647 ], [ -93.070532494, 16.730827396 ], [ -93.070630181, 16.72983376599997 ], [ -93.070752326, 16.728811137000015 ], [ -93.070835166, 16.728181766 ], [ -93.070878507, 16.727837159999975 ], [ -93.070722354, 16.727725364999987 ], [ -93.070643093, 16.727640850000018 ], [ -93.070565039, 16.727573457000016 ], [ -93.070573957, 16.727520860999988 ], [ -93.070544015, 16.727435196999949 ], [ -93.07054149, 16.727341611999982 ], [ -93.070568847, 16.727245619 ], [ -93.070608663, 16.727168817000035 ], [ -93.071781273, 16.725374966 ], [ -93.072022625, 16.724927661000031 ], [ -93.071722044, 16.72481547 ], [ -93.071626844, 16.724789295000011 ], [ -93.071501048, 16.724766407 ], [ -93.071392249, 16.724740236999988 ], [ -93.071273248, 16.724704241999959 ], [ -93.07114404, 16.724648595000023 ], [ -93.07109063, 16.724619408 ], [ -93.071041978, 16.724592822000016 ], [ -93.070886167, 16.72449827299998 ], [ -93.070704399, 16.724385998000017 ], [ -93.070329567, 16.724137838000029 ], [ -93.069988424, 16.723880682999965 ], [ -93.069545105423799, 16.723554453986971 ], [ -93.069561967171751, 16.723528159931092 ], [ -93.071482709312619, 16.720532915763705 ], [ -93.074725775786533, 16.722411380547836 ], [ -93.075196290938706, 16.722378234227822 ], [ -93.075957521086309, 16.721949272446832 ], [ -93.076699850005554, 16.721703561686915 ], [ -93.076761092051683, 16.72168329043166 ], [ -93.076754214121465, 16.721806352123075 ], [ -93.076526821737531, 16.725874828697464 ], [ -93.076352853, 16.726012815 ], [ -93.076237275, 16.72604234200001 ], [ -93.07606730000002, 16.726065336000037 ], [ -93.075880322, 16.726075233000021 ], [ -93.075482549, 16.726049170999953 ], [ -93.075386786, 16.726030907000023 ], [ -93.075281959, 16.726026312 ], [ -93.07472783, 16.72607237700004 ], [ -93.074642845, 16.726092064 ], [ -93.07453066, 16.726101931999963 ], [ -93.074391272, 16.726098705999981 ], [ -93.074275678, 16.726085643999969 ], [ -93.073976486, 16.726033335999983 ], [ -93.073840497, 16.726030107999961 ], [ -93.073723259, 16.726041201000033 ], [ -93.073373545, 16.727899155000035 ], [ -93.073402594, 16.727909734000029 ], [ -93.074033572, 16.728128869999985 ], [ -93.074852739, 16.728158736999987 ], [ -93.074900371, 16.728153829000039 ], [ -93.074954958, 16.728148205000018 ], [ -93.075039503, 16.728114465 ], [ -93.075382289, 16.728090121 ], [ -93.075397018498961, 16.728103540500552 ], [ -93.075411748, 16.728116960000026 ], [ -93.075335178000017, 16.728598078000026 ], [ -93.075315867, 16.728598588000022 ], [ -93.075298335, 16.729198563999976 ], [ -93.075327494, 16.729204079 ], [ -93.07556739, 16.729246375999949 ], [ -93.075459488, 16.729860071 ], [ -93.07545486, 16.729894601 ], [ -93.075449548, 16.729934225999965 ], [ -93.075407614, 16.730293341999971 ], [ -93.075403324, 16.73032543299998 ], [ -93.075399189, 16.730356355999984 ], [ -93.075364796, 16.73081288799996 ], [ -93.075313826, 16.730833651 ], [ -93.075260477000015, 16.731555673 ], [ -93.07520717, 16.732207052000017 ], [ -93.075203875000014, 16.732247308 ], [ -93.075117787000011, 16.732529069 ], [ -93.075105703, 16.732575767999968 ], [ -93.075014952, 16.732888154999966 ], [ -93.074926489745152, 16.733188225740786 ], [ -93.07486143305789, 16.733180043436626 ] ] ] ] } },
{ "type": "Feature", "properties": { "ID": 95, "ENTIDAD": 7, "MUNICIPIO": 102, "NOMBRE": "TUXTLA GUTIERREZ", "CONTROL": 163, "GEOMETRY1_": null, "ID_2": 2181, "ENTIDAD_2": 7, "DISTRITO_F": 6, "DISTRITO_L": 3, "MUNICIPIO_2": 27, "SECCION": 2298, "TIPO": 2, "CONTROL_2": 2924, "GEOMETRY1__2": null }, "geometry": { "type": "MultiPolygon", "coordinates": [ [ [ [ -93.04609426395848, 16.732748111215127 ], [ -93.04608134875842, 16.732725295742789 ], [ -93.04609426395848, 16.732748111215127 ], [ -93.046329775322093, 16.733164155001059 ], [ -93.04609426395848, 16.732748111215127 ] ] ], [ [ [ -93.045745635869352, 16.732132236668345 ], [ -93.045110225089289, 16.731009729814232 ], [ -93.045745635869366, 16.732132236668345 ], [ -93.045806977403672, 16.732240600866323 ], [ -93.045745635869352, 16.732132236668345 ] ] ], [ [ [ -93.044858530137986, 16.73072466605268 ], [ -93.044657643317706, 16.730579128084589 ], [ -93.044858530137986, 16.730724666052588 ], [ -93.045110225089289, 16.731009729814232 ], [ -93.044858530137986, 16.73072466605268 ] ] ], [ [ [ -93.041324406464042, 16.730095398223863 ], [ -93.041150678685398, 16.72999697281583 ], [ -93.041324406464042, 16.730095398223771 ], [ -93.041489954022097, 16.730166256302965 ], [ -93.041324406464042, 16.730095398223863 ] ] ], [ [ [ -93.041086293475672, 16.729942832582239 ], [ -93.041086293475672, 16.729942832582235 ], [ -93.041086293475672, 16.729942832582239 ], [ -93.041150678685398, 16.72999697281583 ], [ -93.041086293475672, 16.729942832582239 ] ] ] ] } },
{ "type": "Feature", "properties": { "ID": 95, "ENTIDAD": 7, "MUNICIPIO": 102, "NOMBRE": "TUXTLA GUTIERREZ", "CONTROL": 163, "GEOMETRY1_": null, "ID_2": 2257, "ENTIDAD_2": 7, "DISTRITO_F": 6, "DISTRITO_L": 3, "MUNICIPIO_2": 27, "SECCION": 2374, "TIPO": 2, "CONTROL_2": 3009, "GEOMETRY1__2": null }, "geometry": { "type": "MultiPolygon", "coordinates": [ [ [ [ -93.055658307999352, 16.752505597917487 ], [ -93.056246491999346, 16.752046382917385 ], [ -93.057028091338211, 16.752888367052709 ], [ -93.057058505388639, 16.75292113059913 ], [ -93.057028091, 16.752888367000011 ], [ -93.056246492000014, 16.75204638300001 ], [ -93.055658308, 16.75250559800002 ], [ -93.055173953999329, 16.752854428917548 ], [ -93.055658307999352, 16.752505597917487 ] ] ], [ [ [ -93.05733032299915, 16.751144074219006 ], [ -93.056995291999129, 16.750828259218846 ], [ -93.056858168999142, 16.750685889218758 ], [ -93.056724397608036, 16.750534118009742 ], [ -93.056858169, 16.750685889 ], [ -93.056995292, 16.750828259 ], [ -93.057330323, 16.751144073999971 ], [ -93.057659214999077, 16.751487766219132 ], [ -93.05733032299915, 16.751144074219006 ] ] ] ] } },
{ "type": "Feature", "properties": { "ID": 95, "ENTIDAD": 7, "MUNICIPIO": 102, "NOMBRE": "TUXTLA GUTIERREZ", "CONTROL": 163, "GEOMETRY1_": null, "ID_2": 1598, "ENTIDAD_2": 7, "DISTRITO_F": 9, "DISTRITO_L": 13, "MUNICIPIO_2": 102, "SECCION": 1704, "TIPO": 2, "CONTROL_2": 1787, "GEOMETRY1__2": null }, "geometry": { "type": "MultiPolygon", "coordinates": [ [ [ [ -93.173847996627231, 16.753682210853807 ], [ -93.173752513044477, 16.753516959263646 ], [ -93.173628371311281, 16.753287435954544 ], [ -93.173250585077369, 16.752971611295219 ], [ -93.17296065601019, 16.752865481585907 ], [ -93.172731906076862, 16.752920783905935 ], [ -93.172608047405646, 16.753003553587497 ], [ -93.172446187635614, 16.75323331677815 ], [ -93.172207862475048, 16.753242700955386 ], [ -93.172111947289608, 16.752985167957828 ], [ -93.172056174092049, 16.752714120986106 ], [ -93.172057001861361, 16.752674801477394 ], [ -93.17188574189214, 16.752656917762021 ], [ -93.17187551260848, 16.752707560794228 ], [ -93.171828393660107, 16.752972427112876 ], [ -93.171604283512025, 16.753349477165894 ], [ -93.169918595007317, 16.753202169465219 ], [ -93.168950608444987, 16.753089045036521 ], [ -93.168021971317316, 16.752980514807 ], [ -93.167096890810754, 16.752872395957262 ], [ -93.16614680814746, 16.752761350527926 ], [ -93.165576373814346, 16.752707411378736 ], [ -93.165418938708243, 16.752684301072293 ], [ -93.165257890925261, 16.752662507357279 ], [ -93.164669949030497, 16.752588943542776 ], [ -93.164575196157458, 16.75257788181974 ], [ -93.163916356090809, 16.752500965694296 ], [ -93.163184410820463, 16.752415512376487 ], [ -93.162430327001346, 16.752327471623083 ], [ -93.161496711266409, 16.752218466233288 ], [ -93.160741175709404, 16.752130249613746 ], [ -93.160740780823915, 16.751801689820716 ], [ -93.160740233079892, 16.751345936766128 ], [ -93.160739612023036, 16.750829170594848 ], [ -93.161651336458448, 16.75083560688795 ], [ -93.162590776282599, 16.750842234622294 ], [ -93.163400190941047, 16.750847941600249 ], [ -93.164118872977554, 16.750853006183725 ], [ -93.164889124028633, 16.750858431396896 ], [ -93.166156447709355, 16.750862986073081 ], [ -93.16675260598106, 16.750863836660429 ], [ -93.167020872890191, 16.750866088293613 ], [ -93.167095927460736, 16.750866357476049 ], [ -93.167156832280952, 16.750867649574264 ], [ -93.168026569510332, 16.750869692946576 ], [ -93.168969253244455, 16.750873067295608 ], [ -93.169937030551807, 16.750876526987021 ], [ -93.171896185105453, 16.750883472863627 ], [ -93.17203101249028, 16.750880305141347 ], [ -93.172149469569831, 16.750881425669355 ], [ -93.172247119970194, 16.750879581741884 ], [ -93.172257614410796, 16.751421071733848 ], [ -93.172315381329142, 16.751515828308715 ], [ -93.172924326535735, 16.752078657808827 ], [ -93.173409026275422, 16.752184738146312 ], [ -93.175188950920401, 16.752145364903484 ], [ -93.176018707664568, 16.752127004821606 ], [ -93.1761040494561, 16.752125116268878 ], [ -93.176103958382669, 16.752026064089392 ], [ -93.176103592482406, 16.751628101325032 ], [ -93.176093883020513, 16.749661833800499 ], [ -93.176704057451957, 16.7497480474775 ], [ -93.177553539866622, 16.749868070676179 ], [ -93.17746767479629, 16.750449257011436 ], [ -93.177128146622508, 16.752747353498201 ], [ -93.177107677530714, 16.752819093043907 ], [ -93.177127973549943, 16.753183189420842 ], [ -93.177022180165778, 16.753220256129048 ], [ -93.17666952307097, 16.753303224419341 ], [ -93.176326526077773, 16.753478155734893 ], [ -93.176078667220366, 16.753533357326479 ], [ -93.175982554180067, 16.753503815026249 ], [ -93.175931631859356, 16.753488162992138 ], [ -93.17584026600683, 16.75346007975924 ], [ -93.175770761738562, 16.75344386101888 ], [ -93.175458881661314, 16.753405293787957 ], [ -93.175144293480813, 16.75341490091505 ], [ -93.174867856272201, 16.753451721139896 ], [ -93.174229314244812, 16.753663518958213 ], [ -93.174057772249569, 16.753727959541212 ], [ -93.173847996627231, 16.753682210853807 ] ] ] ] } },
{ "type": "Feature", "properties": { "ID": 95, "ENTIDAD": 7, "MUNICIPIO": 102, "NOMBRE": "TUXTLA GUTIERREZ", "CONTROL": 163, "GEOMETRY1_": null, "ID_2": 1599, "ENTIDAD_2": 7, "DISTRITO_F": 9, "DISTRITO_L": 13, "MUNICIPIO_2": 102, "SECCION": 1705, "TIPO": 2, "CONTROL_2": 1789, "GEOMETRY1__2": null }, "geometry": { "type": "MultiPolygon", "coordinates": [ [ [ [ -93.164683643199879, 16.746083492097153 ], [ -93.165548874594293, 16.745306303147231 ], [ -93.165471397032107, 16.746150689823306 ], [ -93.165372020369858, 16.746935445352822 ], [ -93.16526894058137, 16.747735339393632 ], [ -93.166221150816384, 16.747767339946108 ], [ -93.166219911483864, 16.747816574664967 ], [ -93.166202062119169, 16.748525670569194 ], [ -93.16618146748543, 16.749343821548308 ], [ -93.166163621713579, 16.7500527654738 ], [ -93.164980984112418, 16.750074211831009 ], [ -93.164889124028633, 16.750858431396896 ], [ -93.164118872977554, 16.750853006183725 ], [ -93.163400190941047, 16.750847941600249 ], [ -93.162590776282599, 16.750842234622294 ], [ -93.161651336458448, 16.75083560688795 ], [ -93.160739612023036, 16.750829170594848 ], [ -93.16075599159646, 16.750040545278885 ], [ -93.160760145679433, 16.749242521137411 ], [ -93.161814977483274, 16.749272086703925 ], [ -93.161887192320336, 16.748455513282757 ], [ -93.161929086658063, 16.747978513250015 ], [ -93.161941972804485, 16.747831793864911 ], [ -93.161962554627308, 16.747597452422504 ], [ -93.161973756244549, 16.747469912314422 ], [ -93.161995678056925, 16.747220313035267 ], [ -93.162011033854171, 16.747045473291173 ], [ -93.162036209864453, 16.746758820811053 ], [ -93.162045903547181, 16.746648448925722 ], [ -93.162413972370032, 16.746672120229334 ], [ -93.16304534841575, 16.746712723847455 ], [ -93.163757670705223, 16.746783121503793 ], [ -93.164006546778978, 16.746841764253677 ], [ -93.164683643199879, 16.746083492097153 ] ] ] ] } },
{ "type": "Feature", "properties": { "ID": 95, "ENTIDAD": 7, "MUNICIPIO": 102, "NOMBRE": "TUXTLA GUTIERREZ", "CONTROL": 163, "GEOMETRY1_": null, "ID_2": 1600, "ENTIDAD_2": 7, "DISTRITO_F": 9, "DISTRITO_L": 13, "MUNICIPIO_2": 102, "SECCION": 1706, "TIPO": 2, "CONTROL_2": 1877, "GEOMETRY1__2": null }, "geometry": { "type": "MultiPolygon", "coordinates": [ [ [ [ -93.159768469041168, 16.752007155361031 ], [ -93.159145257691165, 16.751924888438197 ], [ -93.158871191043232, 16.75188634329777 ], [ -93.158305546376596, 16.751778533608373 ], [ -93.157831047550729, 16.751663994520477 ], [ -93.156981033205639, 16.751390679825334 ], [ -93.156297245161554, 16.751181424113319 ], [ -93.155792260929033, 16.751016979512205 ], [ -93.155702643435561, 16.750989693313272 ], [ -93.15537279810367, 16.751002068403483 ], [ -93.155271467090444, 16.750998468911085 ], [ -93.154536546321268, 16.750613718484846 ], [ -93.154407478257426, 16.750559524069487 ], [ -93.153784857148636, 16.750238255664932 ], [ -93.153750029209419, 16.750221821804004 ], [ -93.152982811608567, 16.749859801397424 ], [ -93.151999389778922, 16.749544769530836 ], [ -93.15226664238736, 16.74948318510345 ], [ -93.153033152719473, 16.749305923033862 ], [ -93.153107293360563, 16.749275823563465 ], [ -93.153304110802807, 16.749199559411352 ], [ -93.153749263630189, 16.748991141764161 ], [ -93.154138172061877, 16.74881478681322 ], [ -93.154305294837712, 16.74873900276539 ], [ -93.155260647944601, 16.748298175249214 ], [ -93.155344954048488, 16.748269828270338 ], [ -93.155526892531384, 16.748208653356631 ], [ -93.15579088771355, 16.748153948889016 ], [ -93.155850688992302, 16.747599021353796 ], [ -93.155894804273757, 16.747189650438749 ], [ -93.15594106036518, 16.746760411897416 ], [ -93.155983846830935, 16.746363368468675 ], [ -93.156034795896971, 16.74594916818895 ], [ -93.156065335305513, 16.745702263334383 ], [ -93.156086922728235, 16.745507945717925 ], [ -93.156484256371826, 16.745553364006931 ], [ -93.156663001291648, 16.745568345022868 ], [ -93.156642482660857, 16.745731829977622 ], [ -93.157503684532031, 16.745869559845353 ], [ -93.157524753315499, 16.745690107259851 ], [ -93.157767022549294, 16.745721591495045 ], [ -93.157783579905981, 16.745641495113649 ], [ -93.158165985656112, 16.745725862346852 ], [ -93.158389638034919, 16.745736791310321 ], [ -93.158410212455848, 16.745601573698991 ], [ -93.158435756980253, 16.745423287891413 ], [ -93.158498824861354, 16.744995049448917 ], [ -93.158551322387453, 16.744986659880635 ], [ -93.158669724955729, 16.744967738052885 ], [ -93.158936045645575, 16.744925177276784 ], [ -93.158950420718909, 16.744483270619007 ], [ -93.159520443406393, 16.744500191058567 ], [ -93.159502946546823, 16.745138503428326 ], [ -93.159482499143124, 16.745884451659144 ], [ -93.159959819981211, 16.745909053335509 ], [ -93.160419321020825, 16.745932735509133 ], [ -93.160417792373494, 16.745969741131784 ], [ -93.160386083888994, 16.746737339885225 ], [ -93.160831193583462, 16.746773750896054 ], [ -93.160814870450707, 16.747185307818487 ], [ -93.16079949337842, 16.747573010171873 ], [ -93.160785635707896, 16.747922402626646 ], [ -93.160767587868619, 16.748377439800663 ], [ -93.1607647771432, 16.748448305980634 ], [ -93.160760145679433, 16.749242521137411 ], [ -93.16075599159646, 16.750040545278885 ], [ -93.160739612023036, 16.750829170594848 ], [ -93.160740233079892, 16.751345936766128 ], [ -93.160740780823915, 16.751801689820716 ], [ -93.160741175709404, 16.752130249613746 ], [ -93.159768469041168, 16.752007155361031 ] ] ] ] } },
{ "type": "Feature", "properties": { "ID": 95, "ENTIDAD": 7, "MUNICIPIO": 102, "NOMBRE": "TUXTLA GUTIERREZ", "CONTROL": 163, "GEOMETRY1_": null, "ID_2": 1601, "ENTIDAD_2": 7, "DISTRITO_F": 9, "DISTRITO_L": 13, "MUNICIPIO_2": 102, "SECCION": 1707, "TIPO": 2, "CONTROL_2": 1817, "GEOMETRY1__2": null }, "geometry": { "type": "MultiPolygon", "coordinates": [ [ [ [ -93.127283470613591, 16.749210254691214 ], [ -93.12742407252297, 16.749472443514659 ], [ -93.127521412213227, 16.749653478434418 ], [ -93.12756898042656, 16.749711732496046 ], [ -93.127620863978564, 16.749761657668142 ], [ -93.127869423016946, 16.749925946415555 ], [ -93.127981789031963, 16.749961263139955 ], [ -93.128139886798081, 16.749980629829523 ], [ -93.128278380738521, 16.749968681990833 ], [ -93.128390605131997, 16.749941536588636 ], [ -93.128346206155413, 16.749545362102939 ], [ -93.127917460617724, 16.748984313295473 ], [ -93.127774317816076, 16.748796998221263 ], [ -93.127809660592263, 16.747938151781028 ], [ -93.127791346637238, 16.747846485459075 ], [ -93.127973486720094, 16.747001400504569 ], [ -93.128050479760773, 16.746644169559712 ], [ -93.128657154937599, 16.746593438076221 ], [ -93.129068046648896, 16.746557282022028 ], [ -93.129603024715948, 16.746510205852427 ], [ -93.130258726394217, 16.746421921746308 ], [ -93.131135592944133, 16.746303856475549 ], [ -93.131145364148452, 16.746146799818003 ], [ -93.13160040426348, 16.74625381809734 ], [ -93.132229155032562, 16.746454819208036 ], [ -93.132800930061862, 16.746639127112857 ], [ -93.132906521136746, 16.746673163485621 ], [ -93.133340847202334, 16.746813164050913 ], [ -93.133633496410937, 16.746907495897108 ], [ -93.133884475015321, 16.746988395334096 ], [ -93.134371545780468, 16.747143502699839 ], [ -93.134888280968497, 16.747311872213555 ], [ -93.135098985154684, 16.747381019758375 ], [ -93.136269699576914, 16.747692919284198 ], [ -93.13607602999933, 16.748510366599021 ], [ -93.137045978142098, 16.748672473615269 ], [ -93.137267272114158, 16.748697446847 ], [ -93.137321418149185, 16.748701864770869 ], [ -93.137376549057805, 16.748707220018794 ], [ -93.137721886404577, 16.748735025185937 ], [ -93.137514659385914, 16.749944519147373 ], [ -93.136446878904948, 16.749808958182935 ], [ -93.135814528815487, 16.749699104726464 ], [ -93.135017807408403, 16.749599622400005 ], [ -93.134511409523014, 16.749590647850468 ], [ -93.133922614523129, 16.749621619729385 ], [ -93.133777707752358, 16.749629241877031 ], [ -93.133078120409479, 16.74965822609586 ], [ -93.132227060845636, 16.749716054535277 ], [ -93.131910465977555, 16.749729260729509 ], [ -93.131797798244122, 16.75005193153725 ], [ -93.131712502963779, 16.750296209205043 ], [ -93.131646365683864, 16.75048561970813 ], [ -93.131467974827032, 16.750971846122457 ], [ -93.131387585832641, 16.750956626786781 ], [ -93.13062161497632, 16.750997104504904 ], [ -93.130077987704595, 16.751031160880018 ], [ -93.128975867381754, 16.751103413266112 ], [ -93.128992832541627, 16.751563946653626 ], [ -93.128994119579417, 16.751598884265494 ], [ -93.12853363690958, 16.751635426443357 ], [ -93.128067004878289, 16.751637162234392 ], [ -93.127976370721015, 16.751637499255533 ], [ -93.12797963631246, 16.751553631181743 ], [ -93.128002364874973, 16.750969906340423 ], [ -93.128004801990755, 16.750907315077999 ], [ -93.127948108049338, 16.750902395528275 ], [ -93.127207316568231, 16.750838112767912 ], [ -93.127092456894516, 16.750818832144716 ], [ -93.126486368293186, 16.750717091518386 ], [ -93.126633572448114, 16.749963383190362 ], [ -93.126784281285239, 16.749062043043747 ], [ -93.126843600024159, 16.749073989751579 ], [ -93.126893604782239, 16.749066187355176 ], [ -93.126938763688329, 16.749049061944529 ], [ -93.126972624878036, 16.749024171823418 ], [ -93.127043557448246, 16.749050122999833 ], [ -93.127162426170429, 16.749118741012975 ], [ -93.127283470613591, 16.749210254691214 ] ] ] ] } },
{ "type": "Feature", "properties": { "ID": 95, "ENTIDAD": 7, "MUNICIPIO": 102, "NOMBRE": "TUXTLA GUTIERREZ", "CONTROL": 163, "GEOMETRY1_": null, "ID_2": 1602, "ENTIDAD_2": 7, "DISTRITO_F": 9, "DISTRITO_L": 13, "MUNICIPIO_2": 102, "SECCION": 1708, "TIPO": 2, "CONTROL_2": 1808, "GEOMETRY1__2": null }, "geometry": { "type": "MultiPolygon", "coordinates": [ [ [ [ -93.127043557448246, 16.749050122999833 ], [ -93.126972624878036, 16.749024171823418 ], [ -93.126938763688329, 16.749049061944529 ], [ -93.126893604782239, 16.749066187355176 ], [ -93.126843600024159, 16.749073989751579 ], [ -93.126784281285239, 16.749062043043747 ], [ -93.126633572448114, 16.749963383190362 ], [ -93.125749228057657, 16.749840481201751 ], [ -93.124761174510425, 16.749703161530999 ], [ -93.123874756860189, 16.749579963016714 ], [ -93.124001095893647, 16.748840215412745 ], [ -93.123082080502911, 16.748692859520695 ], [ -93.122301814668702, 16.748567747482152 ], [ -93.121459428733431, 16.748432671270319 ], [ -93.121615281587054, 16.747631313861127 ], [ -93.122446392022013, 16.747763516368753 ], [ -93.123210285650856, 16.747908701992145 ], [ -93.124119614366506, 16.748037987924967 ], [ -93.124239958388856, 16.747283468006117 ], [ -93.124275410958731, 16.747063219689025 ], [ -93.124486943570332, 16.746077074165285 ], [ -93.124607662531929, 16.745416495005767 ], [ -93.124755678625235, 16.744667491527643 ], [ -93.124840849023329, 16.744053016034961 ], [ -93.124982069003806, 16.743301193117293 ], [ -93.125117900802522, 16.742578050050746 ], [ -93.125258260900893, 16.74183079339894 ], [ -93.125619438184913, 16.741899869801472 ], [ -93.126181021310828, 16.742816230140633 ], [ -93.126288039909852, 16.742960011218866 ], [ -93.126434499507923, 16.743156781420051 ], [ -93.126951173072655, 16.743617652970062 ], [ -93.127397962184119, 16.743916003445019 ], [ -93.1275530700281, 16.743999569377863 ], [ -93.127750790272358, 16.744066279614568 ], [ -93.128160442406369, 16.744224538763984 ], [ -93.128634508523319, 16.744313693782146 ], [ -93.128517096533912, 16.744836395897501 ], [ -93.128347098942001, 16.745490042059579 ], [ -93.128318380352681, 16.745600465499823 ], [ -93.128050479760773, 16.746644169559712 ], [ -93.127973486720094, 16.747001400504569 ], [ -93.127791346637238, 16.747846485459075 ], [ -93.127809660592263, 16.747938151781028 ], [ -93.127774317816076, 16.748796998221263 ], [ -93.127917460617724, 16.748984313295473 ], [ -93.128346206155413, 16.749545362102939 ], [ -93.128390605131997, 16.749941536588636 ], [ -93.128278380738521, 16.749968681990833 ], [ -93.128139886798081, 16.749980629829523 ], [ -93.127981789031963, 16.749961263139955 ], [ -93.127869423016946, 16.749925946415555 ], [ -93.127620863978564, 16.749761657668142 ], [ -93.12756898042656, 16.749711732496046 ], [ -93.127521412213227, 16.749653478434418 ], [ -93.12742407252297, 16.749472443514659 ], [ -93.127283470613591, 16.749210254691214 ], [ -93.127162426170429, 16.749118741012975 ], [ -93.127043557448246, 16.749050122999833 ] ] ] ] } },
{ "type": "Feature", "properties": { "ID": 95, "ENTIDAD": 7, "MUNICIPIO": 102, "NOMBRE": "TUXTLA GUTIERREZ", "CONTROL": 163, "GEOMETRY1_": null, "ID_2": 1603, "ENTIDAD_2": 7, "DISTRITO_F": 9, "DISTRITO_L": 13, "MUNICIPIO_2": 102, "SECCION": 1709, "TIPO": 2, "CONTROL_2": 1802, "GEOMETRY1__2": null }, "geometry": { "type": "MultiPolygon", "coordinates": [ [ [ [ -93.126314936504443, 16.751503684339387 ], [ -93.125456087852271, 16.751400173322505 ], [ -93.124504230528089, 16.751273428998243 ], [ -93.123605612234343, 16.751153769514911 ], [ -93.122711510782679, 16.751034707454025 ], [ -93.12188593172516, 16.750924766527955 ], [ -93.121028219293279, 16.750810542819561 ], [ -93.121154014941595, 16.750018943743381 ], [ -93.121321836362156, 16.74922774854145 ], [ -93.121459428733431, 16.748432671270319 ], [ -93.122301814668702, 16.748567747482152 ], [ -93.123082080502911, 16.748692859520695 ], [ -93.124001095893647, 16.748840215412745 ], [ -93.123874756860189, 16.749579963016714 ], [ -93.124761174510425, 16.749703161530999 ], [ -93.125749228057657, 16.749840481201751 ], [ -93.126633572448114, 16.749963383190362 ], [ -93.126486368293186, 16.750717091518386 ], [ -93.126358748908132, 16.751508964642738 ], [ -93.126314936504443, 16.751503684339387 ] ] ] ] } },
{ "type": "Feature", "properties": { "ID": 95, "ENTIDAD": 7, "MUNICIPIO": 102, "NOMBRE": "TUXTLA GUTIERREZ", "CONTROL": 163, "GEOMETRY1_": null, "ID_2": 1604, "ENTIDAD_2": 7, "DISTRITO_F": 9, "DISTRITO_L": 13, "MUNICIPIO_2": 102, "SECCION": 1710, "TIPO": 2, "CONTROL_2": 1788, "GEOMETRY1__2": null }, "geometry": { "type": "MultiPolygon", "coordinates": [ [ [ [ -93.120367923072592, 16.749909137462051 ], [ -93.119496328826173, 16.749780077168118 ], [ -93.119641279122575, 16.748979654015429 ], [ -93.119783594736262, 16.748171342531375 ], [ -93.119924555264348, 16.747370720794446 ], [ -93.120064770971155, 16.746565569450777 ], [ -93.120980588875852, 16.74672153111413 ], [ -93.12174249949183, 16.74685267689533 ], [ -93.121615281587054, 16.747631313861127 ], [ -93.121459428733431, 16.748432671270319 ], [ -93.121321836362156, 16.74922774854145 ], [ -93.121154014941595, 16.750018943743381 ], [ -93.120367923072592, 16.749909137462051 ] ] ] ] } },
{ "type": "Feature", "properties": { "ID": 95, "ENTIDAD": 7, "MUNICIPIO": 102, "NOMBRE": "TUXTLA GUTIERREZ", "CONTROL": 163, "GEOMETRY1_": null, "ID_2": 1605, "ENTIDAD_2": 7, "DISTRITO_F": 9, "DISTRITO_L": 13, "MUNICIPIO_2": 102, "SECCION": 1711, "TIPO": 2, "CONTROL_2": 1790, "GEOMETRY1__2": null }, "geometry": { "type": "MultiPolygon", "coordinates": [ [ [ [ -93.118660807970173, 16.749664133455408 ], [ -93.11781116133595, 16.749547894362244 ], [ -93.116945847816893, 16.749424355682063 ], [ -93.117091163838836, 16.748634763509493 ], [ -93.117159079917457, 16.748206530439024 ], [ -93.1172269956988, 16.74777829733037 ], [ -93.117379313544788, 16.746978019860254 ], [ -93.117524720940949, 16.746151561828409 ], [ -93.118436190492048, 16.746290137979734 ], [ -93.119257835094629, 16.746428268286717 ], [ -93.120064770971155, 16.746565569450777 ], [ -93.119924555264348, 16.747370720794446 ], [ -93.119783594736262, 16.748171342531375 ], [ -93.119641279122575, 16.748979654015429 ], [ -93.119496328826173, 16.749780077168118 ], [ -93.118660807970173, 16.749664133455408 ] ] ] ] } },
{ "type": "Feature", "properties": { "ID": 95, "ENTIDAD": 7, "MUNICIPIO": 102, "NOMBRE": "TUXTLA GUTIERREZ", "CONTROL": 163, "GEOMETRY1_": null, "ID_2": 1606, "ENTIDAD_2": 7, "DISTRITO_F": 9, "DISTRITO_L": 13, "MUNICIPIO_2": 102, "SECCION": 1712, "TIPO": 2, "CONTROL_2": 1762, "GEOMETRY1__2": null }, "geometry": { "type": "MultiPolygon", "coordinates": [ [ [ [ -93.105392969886211, 16.745639842840873 ], [ -93.10511885417138, 16.745569096731607 ], [ -93.104695374202251, 16.745459800607989 ], [ -93.104046899287979, 16.745280419527525 ], [ -93.103112293256984, 16.745051213757378 ], [ -93.103292345011681, 16.744255418885121 ], [ -93.10332634765372, 16.744105132850088 ], [ -93.10346189163208, 16.74350604857122 ], [ -93.103470182080613, 16.743469405894555 ], [ -93.102945791939803, 16.743200667903565 ], [ -93.102738623887674, 16.743094498422106 ], [ -93.102551423892677, 16.742998561888829 ], [ -93.101733023245117, 16.742579143561844 ], [ -93.101654211113342, 16.742538753230573 ], [ -93.101675887410437, 16.742473872829468 ], [ -93.102129302034996, 16.741116724414724 ], [ -93.102352268584269, 16.740449339546831 ], [ -93.102615562681962, 16.739681209975036 ], [ -93.103875244524119, 16.739893639244361 ], [ -93.104045999347122, 16.739924387892867 ], [ -93.104961678271493, 16.74008927605249 ], [ -93.105131388744951, 16.740119835683355 ], [ -93.10558077321447, 16.740206914661428 ], [ -93.106053278002463, 16.74029886823589 ], [ -93.106984484566837, 16.740471272556317 ], [ -93.10780540909245, 16.740953667650448 ], [ -93.108054248481565, 16.741179272636924 ], [ -93.108013066485924, 16.741460639890231 ], [ -93.107897457500414, 16.742246944386963 ], [ -93.107829564386165, 16.742708710520304 ], [ -93.107761594571272, 16.743170996099227 ], [ -93.107689559491945, 16.743660928480946 ], [ -93.107617596066603, 16.744150371026535 ], [ -93.106659497757519, 16.74396050856334 ], [ -93.106408264495073, 16.745131267416166 ], [ -93.106276240526682, 16.745867801981795 ], [ -93.105392969886211, 16.745639842840873 ] ] ] ] } },
{ "type": "Feature", "properties": { "ID": 95, "ENTIDAD": 7, "MUNICIPIO": 102, "NOMBRE": "TUXTLA GUTIERREZ", "CONTROL": 163, "GEOMETRY1_": null, "ID_2": 1613, "ENTIDAD_2": 7, "DISTRITO_F": 9, "DISTRITO_L": 13, "MUNICIPIO_2": 102, "SECCION": 1719, "TIPO": 2, "CONTROL_2": 1813, "GEOMETRY1__2": null }, "geometry": { "type": "MultiPolygon", "coordinates": [ [ [ [ -93.101706249144613, 16.740249701022339 ], [ -93.101101354582383, 16.740062769047139 ], [ -93.100477813014578, 16.739880193769402 ], [ -93.100736672810896, 16.739118896648222 ], [ -93.100866732342368, 16.738703606112033 ], [ -93.100994119072354, 16.738338988900065 ], [ -93.101254613125008, 16.737580374859029 ], [ -93.101507904915991, 16.736805522016411 ], [ -93.101629919162875, 16.736312239836302 ], [ -93.10181220787922, 16.736133507895392 ], [ -93.101875867923681, 16.735993673934214 ], [ -93.102049972584197, 16.735402845793619 ], [ -93.102432393562211, 16.735449633512587 ], [ -93.102634437554599, 16.735466099163364 ], [ -93.102678673567439, 16.735468468252268 ], [ -93.103148576901731, 16.735502053058092 ], [ -93.10349548239391, 16.735509142306967 ], [ -93.103800730309132, 16.735531587603159 ], [ -93.103897085204636, 16.73555792333709 ], [ -93.103959608932257, 16.735575165416183 ], [ -93.104011267209856, 16.735588903237833 ], [ -93.104690522155835, 16.735768234208241 ], [ -93.104247802866141, 16.736148505156713 ], [ -93.104209304065108, 16.736186604426162 ], [ -93.104256317912217, 16.73623791471358 ], [ -93.104338648498555, 16.736299113762065 ], [ -93.104358151352329, 16.736311627632958 ], [ -93.104410164658432, 16.736355434381732 ], [ -93.104455662247773, 16.73636793509824 ], [ -93.104533646423164, 16.736367895635922 ], [ -93.104631167650467, 16.736442988601038 ], [ -93.104702731825768, 16.736586975173395 ], [ -93.104689765222318, 16.736643338512792 ], [ -93.104687387623002, 16.736752139583395 ], [ -93.104747205545536, 16.736869660444988 ], [ -93.104836362522065, 16.736950212979725 ], [ -93.105009679134611, 16.737058741542697 ], [ -93.105088180059113, 16.737110968997051 ], [ -93.105157142391306, 16.737160487425033 ], [ -93.105200010397226, 16.737221091219045 ], [ -93.10521411691623, 16.737362403462122 ], [ -93.105197930260729, 16.737471994298275 ], [ -93.1051874476439, 16.737548055415495 ], [ -93.105178509685715, 16.737609765158915 ], [ -93.105162314402335, 16.737703701339019 ], [ -93.105120131052161, 16.737810174473264 ], [ -93.105055631882266, 16.737880000893664 ], [ -93.10456891113644, 16.737747197242374 ], [ -93.104313671054115, 16.738522524880533 ], [ -93.104218377361917, 16.738812033255247 ], [ -93.104669564388374, 16.738959220931598 ], [ -93.105052124585157, 16.739024191198933 ], [ -93.105078306028886, 16.739030838379595 ], [ -93.105111045934791, 16.739039141067256 ], [ -93.105347481856612, 16.73909765389033 ], [ -93.105318536689794, 16.739234573392125 ], [ -93.105248931019617, 16.739563828712303 ], [ -93.105230553856586, 16.739650757914195 ], [ -93.105131388744951, 16.740119835683355 ], [ -93.104961678271493, 16.74008927605249 ], [ -93.104045999347122, 16.739924387892867 ], [ -93.103875244524119, 16.739893639244361 ], [ -93.102615562681962, 16.739681209975036 ], [ -93.102352268584269, 16.740449339546831 ], [ -93.101706249144613, 16.740249701022339 ] ] ] ] } },
{ "type": "Feature", "properties": { "ID": 95, "ENTIDAD": 7, "MUNICIPIO": 102, "NOMBRE": "TUXTLA GUTIERREZ", "CONTROL": 163, "GEOMETRY1_": null, "ID_2": 1614, "ENTIDAD_2": 7, "DISTRITO_F": 9, "DISTRITO_L": 13, "MUNICIPIO_2": 102, "SECCION": 1720, "TIPO": 2, "CONTROL_2": 1811, "GEOMETRY1__2": null }, "geometry": { "type": "MultiPolygon", "coordinates": [ [ [ [ -93.110468870339943, 16.745005606197228 ], [ -93.110482305892589, 16.744546891605893 ], [ -93.110457666710971, 16.744458654846103 ], [ -93.110264552778119, 16.74381761161894 ], [ -93.1099983762319, 16.74311192161532 ], [ -93.109944255101979, 16.742914948918205 ], [ -93.109715420465093, 16.742692973381537 ], [ -93.109509227779185, 16.742496534952835 ], [ -93.10899714623099, 16.742175931836954 ], [ -93.108719640398121, 16.741932995298153 ], [ -93.108432757394823, 16.741636486055228 ], [ -93.108054248481565, 16.741179272636924 ], [ -93.10780540909245, 16.740953667650448 ], [ -93.106984484566837, 16.740471272556317 ], [ -93.106053278002463, 16.74029886823589 ], [ -93.10558077321447, 16.740206914661428 ], [ -93.105131388744951, 16.740119835683355 ], [ -93.105230553856586, 16.739650757914195 ], [ -93.105248931019617, 16.739563828712303 ], [ -93.105318536689794, 16.739234573392125 ], [ -93.105347481856612, 16.73909765389033 ], [ -93.105111045934791, 16.739039141067256 ], [ -93.105078306028886, 16.739030838379595 ], [ -93.105052124585157, 16.739024191198933 ], [ -93.104669564388374, 16.738959220931598 ], [ -93.104218377361917, 16.738812033255247 ], [ -93.104313671054115, 16.738522524880533 ], [ -93.10456891113644, 16.737747197242374 ], [ -93.105055631882266, 16.737880000893664 ], [ -93.105120131052161, 16.737810174473264 ], [ -93.105162314402335, 16.737703701339019 ], [ -93.105178509685715, 16.737609765158915 ], [ -93.1051874476439, 16.737548055415495 ], [ -93.105197930260729, 16.737471994298275 ], [ -93.10521411691623, 16.737362403462122 ], [ -93.105200010397226, 16.737221091219045 ], [ -93.105157142391306, 16.737160487425033 ], [ -93.105088180059113, 16.737110968997051 ], [ -93.105009679134611, 16.737058741542697 ], [ -93.104836362522065, 16.736950212979725 ], [ -93.104747205545536, 16.736869660444988 ], [ -93.104687387623002, 16.736752139583395 ], [ -93.104689765222318, 16.736643338512792 ], [ -93.104702731825768, 16.736586975173395 ], [ -93.104631167650467, 16.736442988601038 ], [ -93.104533646423164, 16.736367895635922 ], [ -93.104455662247773, 16.73636793509824 ], [ -93.104410164658432, 16.736355434381732 ], [ -93.104358151352329, 16.736311627632958 ], [ -93.104338648498555, 16.736299113762065 ], [ -93.104256317912217, 16.73623791471358 ], [ -93.104209304065108, 16.736186604426162 ], [ -93.104247802866141, 16.736148505156713 ], [ -93.104690522155835, 16.735768234208241 ], [ -93.105159228696806, 16.735897511259495 ], [ -93.105249860035158, 16.73595547561083 ], [ -93.105300291331289, 16.736004318071409 ], [ -93.106021383402066, 16.736557623255017 ], [ -93.106229996483606, 16.73671769424919 ], [ -93.106392494955301, 16.736996392283412 ], [ -93.106651809105713, 16.737441135074079 ], [ -93.106897127210829, 16.73786662723025 ], [ -93.106972619573298, 16.738031528001709 ], [ -93.107156706480026, 16.738433634544311 ], [ -93.1072786577964, 16.738700015420914 ], [ -93.107326293984826, 16.738836145198622 ], [ -93.107615870161851, 16.739660051479003 ], [ -93.108156013268641, 16.739763848046501 ], [ -93.108653004647962, 16.73986470190998 ], [ -93.108675920973539, 16.739869397710912 ], [ -93.109164586149319, 16.739964818234142 ], [ -93.109706005671242, 16.740038701735081 ], [ -93.109748081863813, 16.739672749648303 ], [ -93.109750200767891, 16.739653956332155 ], [ -93.109783948788191, 16.739354632608386 ], [ -93.109831542029582, 16.738932508910612 ], [ -93.110165216119839, 16.7389283056831 ], [ -93.11034656928193, 16.738926020986334 ], [ -93.110262177637694, 16.739734734415396 ], [ -93.110192171610436, 16.740193363703174 ], [ -93.110126582590311, 16.740623053939188 ], [ -93.110724250240338, 16.74073789645367 ], [ -93.111215257363199, 16.740832242627182 ], [ -93.111184789438582, 16.741412181920925 ], [ -93.111084524986126, 16.742174924995894 ], [ -93.110959775255495, 16.74294262641795 ], [ -93.111889222534998, 16.743120587668219 ], [ -93.111800321139484, 16.743637926730489 ], [ -93.111727981100003, 16.744058889124698 ], [ -93.111629427636274, 16.744632390138204 ], [ -93.111539533199021, 16.745155499655009 ], [ -93.110468870339943, 16.745005606197228 ] ] ] ] } },
{ "type": "Feature", "properties": { "ID": 95, "ENTIDAD": 7, "MUNICIPIO": 102, "NOMBRE": "TUXTLA GUTIERREZ", "CONTROL": 163, "GEOMETRY1_": null, "ID_2": 1615, "ENTIDAD_2": 7, "DISTRITO_F": 9, "DISTRITO_L": 13, "MUNICIPIO_2": 102, "SECCION": 1721, "TIPO": 2, "CONTROL_2": 1809, "GEOMETRY1__2": null }, "geometry": { "type": "MultiPolygon", "coordinates": [ [ [ [ -93.112843356372366, 16.745402165791266 ], [ -93.111539533199021, 16.745155499655009 ], [ -93.111629427636274, 16.744632390138204 ], [ -93.111727981100003, 16.744058889124698 ], [ -93.111800321139484, 16.743637926730489 ], [ -93.111889222534998, 16.743120587668219 ], [ -93.110959775255495, 16.74294262641795 ], [ -93.111084524986126, 16.742174924995894 ], [ -93.111184789438582, 16.741412181920925 ], [ -93.111215257363199, 16.740832242627182 ], [ -93.110724250240338, 16.74073789645367 ], [ -93.110126582590311, 16.740623053939188 ], [ -93.110192171610436, 16.740193363703174 ], [ -93.110262177637694, 16.739734734415396 ], [ -93.11034656928193, 16.738926020986334 ], [ -93.110458481870225, 16.738926080561587 ], [ -93.11069290309436, 16.738926205156229 ], [ -93.111317562693017, 16.738926535862554 ], [ -93.111768171812912, 16.738926773250032 ], [ -93.111629022673952, 16.739913091461638 ], [ -93.11251212179009, 16.73992731876335 ], [ -93.11318449343031, 16.739938148573696 ], [ -93.11377923720562, 16.739947726214897 ], [ -93.113941339855245, 16.739973135250281 ], [ -93.113940572613217, 16.740492936868428 ], [ -93.113964116401888, 16.741212918575496 ], [ -93.113989542453041, 16.741990454130271 ], [ -93.114014350409803, 16.742749081435438 ], [ -93.114016755001984, 16.742822613508856 ], [ -93.114038644214403, 16.743491979500696 ], [ -93.114106393750546, 16.744441649520549 ], [ -93.113923406866917, 16.744971594439583 ], [ -93.113728456895089, 16.745530716262596 ], [ -93.112843356372366, 16.745402165791266 ] ] ] ] } },
{ "type": "Feature", "properties": { "ID": 95, "ENTIDAD": 7, "MUNICIPIO": 102, "NOMBRE": "TUXTLA GUTIERREZ", "CONTROL": 163, "GEOMETRY1_": null, "ID_2": 1616, "ENTIDAD_2": 7, "DISTRITO_F": 9, "DISTRITO_L": 13, "MUNICIPIO_2": 102, "SECCION": 1722, "TIPO": 2, "CONTROL_2": 1874, "GEOMETRY1__2": null }, "geometry": { "type": "MultiPolygon", "coordinates": [ [ [ [ -93.11597006957129, 16.741889547699042 ], [ -93.115917731512695, 16.741926867010609 ], [ -93.115851728833817, 16.741955419880597 ], [ -93.11577205226196, 16.741959851629932 ], [ -93.115694650911308, 16.741962088549073 ], [ -93.115621803980659, 16.741966516412614 ], [ -93.115535295105317, 16.741966564848482 ], [ -93.115437414052892, 16.741984167803469 ], [ -93.115391896268775, 16.74200612849695 ], [ -93.115722141487581, 16.74231743572868 ], [ -93.116416410836266, 16.742929266825982 ], [ -93.116369279618183, 16.743176365299135 ], [ -93.117182096065335, 16.743342944597661 ], [ -93.11801306238435, 16.743513239930895 ], [ -93.117873410866821, 16.7442118037368 ], [ -93.117732231258103, 16.744988235557205 ], [ -93.117524720940949, 16.746151561828409 ], [ -93.116712001845471, 16.746019750178412 ], [ -93.115906810123349, 16.745885566731285 ], [ -93.115142499664131, 16.745746654925835 ], [ -93.114278792515421, 16.745621138172652 ], [ -93.113728456895089, 16.745530716262596 ], [ -93.113923406866917, 16.744971594439583 ], [ -93.114106393750546, 16.744441649520549 ], [ -93.114038644214403, 16.743491979500696 ], [ -93.114016755001984, 16.742822613508856 ], [ -93.114014350409803, 16.742749081435438 ], [ -93.113989542453041, 16.741990454130271 ], [ -93.113964116401888, 16.741212918575496 ], [ -93.113940572613217, 16.740492936868428 ], [ -93.114474788583806, 16.740594317463803 ], [ -93.114948025613728, 16.740684124561543 ], [ -93.115266890901154, 16.740744635577581 ], [ -93.116793003608649, 16.74103423838676 ], [ -93.116509659901055, 16.741191406323086 ], [ -93.116383996226219, 16.741316417651134 ], [ -93.116293709315059, 16.741462232384151 ], [ -93.116201469059689, 16.741626978546133 ], [ -93.116170680526551, 16.741657008958381 ], [ -93.116040590773878, 16.741803960615982 ], [ -93.11597006957129, 16.741889547699042 ] ] ] ] } },
{ "type": "Feature", "properties": { "ID": 95, "ENTIDAD": 7, "MUNICIPIO": 102, "NOMBRE": "TUXTLA GUTIERREZ", "CONTROL": 163, "GEOMETRY1_": null, "ID_2": 1617, "ENTIDAD_2": 7, "DISTRITO_F": 9, "DISTRITO_L": 13, "MUNICIPIO_2": 102, "SECCION": 1723, "TIPO": 2, "CONTROL_2": 1800, "GEOMETRY1__2": null }, "geometry": { "type": "MultiPolygon", "coordinates": [ [ [ [ -93.120980588875852, 16.74672153111413 ], [ -93.120064770971155, 16.746565569450777 ], [ -93.119257835094629, 16.746428268286717 ], [ -93.118436190492048, 16.746290137979734 ], [ -93.117524720940949, 16.746151561828409 ], [ -93.117732231258103, 16.744988235557205 ], [ -93.117873410866821, 16.7442118037368 ], [ -93.11801306238435, 16.743513239930895 ], [ -93.118909559624072, 16.743656953250866 ], [ -93.119733326890014, 16.743812347718965 ], [ -93.1205334255107, 16.743951533422827 ], [ -93.121497219537844, 16.744112586529067 ], [ -93.122234034342171, 16.744235707448183 ], [ -93.122099757569217, 16.74495061448243 ], [ -93.12196688631397, 16.745658033073926 ], [ -93.12174249949183, 16.74685267689533 ], [ -93.120980588875852, 16.74672153111413 ] ] ] ] } },
{ "type": "Feature", "properties": { "ID": 95, "ENTIDAD": 7, "MUNICIPIO": 102, "NOMBRE": "TUXTLA GUTIERREZ", "CONTROL": 163, "GEOMETRY1_": null, "ID_2": 1618, "ENTIDAD_2": 7, "DISTRITO_F": 9, "DISTRITO_L": 13, "MUNICIPIO_2": 102, "SECCION": 1724, "TIPO": 2, "CONTROL_2": 1801, "GEOMETRY1__2": null }, "geometry": { "type": "MultiPolygon", "coordinates": [ [ [ [ -93.123210285650856, 16.747908701992145 ], [ -93.122446392022013, 16.747763516368753 ], [ -93.121615281587054, 16.747631313861127 ], [ -93.12174249949183, 16.74685267689533 ], [ -93.12196688631397, 16.745658033073926 ], [ -93.122099757569217, 16.74495061448243 ], [ -93.122234034342171, 16.744235707448183 ], [ -93.123047044781373, 16.744396353053617 ], [ -93.123180975686424, 16.743738944857949 ], [ -93.123332023473679, 16.742997511911057 ], [ -93.123490333804881, 16.742220423830503 ], [ -93.123630104116671, 16.741534336698862 ], [ -93.124441375856222, 16.741682055733257 ], [ -93.125258260900893, 16.74183079339894 ], [ -93.125117900802522, 16.742578050050746 ], [ -93.124982069003806, 16.743301193117293 ], [ -93.124840849023329, 16.744053016034961 ], [ -93.124755678625235, 16.744667491527643 ], [ -93.124607662531929, 16.745416495005767 ], [ -93.124486943570332, 16.746077074165285 ], [ -93.124275410958731, 16.747063219689025 ], [ -93.124239958388856, 16.747283468006117 ], [ -93.124119614366506, 16.748037987924967 ], [ -93.123210285650856, 16.747908701992145 ] ] ] ] } },
{ "type": "Feature", "properties": { "ID": 95, "ENTIDAD": 7, "MUNICIPIO": 102, "NOMBRE": "TUXTLA GUTIERREZ", "CONTROL": 163, "GEOMETRY1_": null, "ID_2": 1619, "ENTIDAD_2": 7, "DISTRITO_F": 9, "DISTRITO_L": 13, "MUNICIPIO_2": 102, "SECCION": 1725, "TIPO": 2, "CONTROL_2": 1798, "GEOMETRY1__2": null }, "geometry": { "type": "MultiPolygon", "coordinates": [ [ [ [ -93.122234034342171, 16.744235707448183 ], [ -93.121497219537844, 16.744112586529067 ], [ -93.1205334255107, 16.743951533422827 ], [ -93.119733326890014, 16.743812347718965 ], [ -93.119859363045094, 16.743102595079435 ], [ -93.119986878371137, 16.742384507352572 ], [ -93.12012580677856, 16.741639475022691 ], [ -93.120257342982143, 16.740934079544086 ], [ -93.120388087503628, 16.740206204396095 ], [ -93.120515870235934, 16.739494812626326 ], [ -93.121297008703223, 16.739568198373423 ], [ -93.121177018058006, 16.740299249209617 ], [ -93.121050715097269, 16.741068752216894 ], [ -93.122071233107476, 16.741226638615622 ], [ -93.122747264519347, 16.74136007878861 ], [ -93.123630104116671, 16.741534336698862 ], [ -93.123490333804881, 16.742220423830503 ], [ -93.123332023473679, 16.742997511911057 ], [ -93.123180975686424, 16.743738944857949 ], [ -93.123047044781373, 16.744396353053617 ], [ -93.122234034342171, 16.744235707448183 ] ] ] ] } },
{ "type": "Feature", "properties": { "ID": 95, "ENTIDAD": 7, "MUNICIPIO": 102, "NOMBRE": "TUXTLA GUTIERREZ", "CONTROL": 163, "GEOMETRY1_": null, "ID_2": 1620, "ENTIDAD_2": 7, "DISTRITO_F": 9, "DISTRITO_L": 13, "MUNICIPIO_2": 102, "SECCION": 1726, "TIPO": 2, "CONTROL_2": 1873, "GEOMETRY1__2": null }, "geometry": { "type": "MultiPolygon", "coordinates": [ [ [ [ -93.116170680526551, 16.741657008958381 ], [ -93.116201469059689, 16.741626978546133 ], [ -93.116293709315059, 16.741462232384151 ], [ -93.116383996226219, 16.741316417651134 ], [ -93.116509659901055, 16.741191406323086 ], [ -93.116793003608649, 16.74103423838676 ], [ -93.116917823810041, 16.740403508461512 ], [ -93.117668408194589, 16.740535852692915 ], [ -93.118510086562765, 16.740662161115132 ], [ -93.119470203621432, 16.740816861209314 ], [ -93.120257342982143, 16.740934079544086 ], [ -93.12012580677856, 16.741639475022691 ], [ -93.119986878371137, 16.742384507352572 ], [ -93.119859363045094, 16.743102595079435 ], [ -93.119733326890014, 16.743812347718965 ], [ -93.118909559624072, 16.743656953250866 ], [ -93.11801306238435, 16.743513239930895 ], [ -93.117182096065335, 16.743342944597661 ], [ -93.116369279618183, 16.743176365299135 ], [ -93.116416410836266, 16.742929266825982 ], [ -93.115722141487581, 16.74231743572868 ], [ -93.115391896268775, 16.74200612849695 ], [ -93.115437414052892, 16.741984167803469 ], [ -93.115535295105317, 16.741966564848482 ], [ -93.115621803980659, 16.741966516412614 ], [ -93.115694650911308, 16.741962088549073 ], [ -93.11577205226196, 16.741959851629932 ], [ -93.115851728833817, 16.741955419880597 ], [ -93.115917731512695, 16.741926867010609 ], [ -93.11597006957129, 16.741889547699042 ], [ -93.116040590773878, 16.741803960615982 ], [ -93.116170680526551, 16.741657008958381 ] ] ] ] } },
{ "type": "Feature", "properties": { "ID": 95, "ENTIDAD": 7, "MUNICIPIO": 102, "NOMBRE": "TUXTLA GUTIERREZ", "CONTROL": 163, "GEOMETRY1_": null, "ID_2": 1621, "ENTIDAD_2": 7, "DISTRITO_F": 9, "DISTRITO_L": 13, "MUNICIPIO_2": 102, "SECCION": 1727, "TIPO": 2, "CONTROL_2": 1804, "GEOMETRY1__2": null }, "geometry": { "type": "MultiPolygon", "coordinates": [ [ [ [ -93.117191451207077, 16.739020825080296 ], [ -93.117056727829308, 16.73970160656004 ], [ -93.116917823810041, 16.740403508461512 ], [ -93.116793003608649, 16.74103423838676 ], [ -93.115266890901154, 16.740744635577581 ], [ -93.114948025613728, 16.740684124561543 ], [ -93.114474788583806, 16.740594317463803 ], [ -93.113940572613217, 16.740492936868428 ], [ -93.113941339855245, 16.739973135250281 ], [ -93.11377923720562, 16.739947726214897 ], [ -93.11318449343031, 16.739938148573696 ], [ -93.11251212179009, 16.73992731876335 ], [ -93.111629022673952, 16.739913091461638 ], [ -93.111768171812912, 16.738926773250032 ], [ -93.111317562693017, 16.738926535862554 ], [ -93.11069290309436, 16.738926205156229 ], [ -93.110458481870225, 16.738926080561587 ], [ -93.11034656928193, 16.738926020986334 ], [ -93.110165216119839, 16.7389283056831 ], [ -93.109831542029582, 16.738932508910612 ], [ -93.109877269872229, 16.738857024279728 ], [ -93.109905701318411, 16.738170365767967 ], [ -93.109885325757702, 16.738072483548414 ], [ -93.109663480560897, 16.738158093355295 ], [ -93.109174176954298, 16.737498038718908 ], [ -93.109579794764386, 16.737216788288272 ], [ -93.109743351160887, 16.737103379822948 ], [ -93.109991884358593, 16.737178076447609 ], [ -93.110785583056412, 16.737288327454763 ], [ -93.111591029219539, 16.737412729811794 ], [ -93.112084764103258, 16.737488986263067 ], [ -93.112551008337221, 16.73756099569253 ], [ -93.112162619989249, 16.73701517744178 ], [ -93.112154514198025, 16.736929797075433 ], [ -93.112210768762878, 16.736696898958257 ], [ -93.113297490681703, 16.736832402690769 ], [ -93.113657223659246, 16.736890365552213 ], [ -93.114396362784731, 16.73702926444933 ], [ -93.115165886337934, 16.737169017032283 ], [ -93.11566911379964, 16.737257344581266 ], [ -93.115698510196708, 16.737262504258613 ], [ -93.115899197884445, 16.737297728990306 ], [ -93.116597605232229, 16.737420311923781 ], [ -93.116517777327218, 16.737776594848789 ], [ -93.116558339629918, 16.737855096835172 ], [ -93.11650685958729, 16.738117939248376 ], [ -93.116494790751204, 16.738173987835083 ], [ -93.11647667425791, 16.738238190384376 ], [ -93.116467481590789, 16.738270768011162 ], [ -93.116393740267057, 16.738532097338599 ], [ -93.116348155194359, 16.738807603069816 ], [ -93.116343663852334, 16.738834747668854 ], [ -93.116335379995334, 16.738884813302523 ], [ -93.117191451207077, 16.739020825080296 ] ] ] ] } },
{ "type": "Feature", "properties": { "ID": 95, "ENTIDAD": 7, "MUNICIPIO": 102, "NOMBRE": "TUXTLA GUTIERREZ", "CONTROL": 163, "GEOMETRY1_": null, "ID_2": 1622, "ENTIDAD_2": 7, "DISTRITO_F": 9, "DISTRITO_L": 13, "MUNICIPIO_2": 102, "SECCION": 1728, "TIPO": 2, "CONTROL_2": 1843, "GEOMETRY1__2": null }, "geometry": { "type": "MultiPolygon", "coordinates": [ [ [ [ -93.109164586149319, 16.739964818234142 ], [ -93.108675920973539, 16.739869397710912 ], [ -93.108653004647962, 16.73986470190998 ], [ -93.108156013268641, 16.739763848046501 ], [ -93.107615870161851, 16.739660051479003 ], [ -93.107326293984826, 16.738836145198622 ], [ -93.1072786577964, 16.738700015420914 ], [ -93.107156706480026, 16.738433634544311 ], [ -93.106972619573298, 16.738031528001709 ], [ -93.106897127210829, 16.73786662723025 ], [ -93.106651809105713, 16.737441135074079 ], [ -93.106392494955301, 16.736996392283412 ], [ -93.106229996483606, 16.73671769424919 ], [ -93.106021383402066, 16.736557623255017 ], [ -93.105300291331289, 16.736004318071409 ], [ -93.105249860035158, 16.73595547561083 ], [ -93.105159228696806, 16.735897511259495 ], [ -93.104690522155835, 16.735768234208241 ], [ -93.105160378767209, 16.735397086745344 ], [ -93.10600669086655, 16.734728564568723 ], [ -93.107142568431541, 16.734759027408451 ], [ -93.107306401352744, 16.734979910374108 ], [ -93.107528332430761, 16.735279121456379 ], [ -93.10764488431694, 16.735436258126121 ], [ -93.108117972187202, 16.736128839312777 ], [ -93.108662545430079, 16.736808267300344 ], [ -93.109174176954298, 16.737498038718908 ], [ -93.109663480560897, 16.738158093355295 ], [ -93.109885325757702, 16.738072483548414 ], [ -93.109905701318411, 16.738170365767967 ], [ -93.109877269872229, 16.738857024279728 ], [ -93.109831542029582, 16.738932508910612 ], [ -93.109783948788191, 16.739354632608386 ], [ -93.109750200767891, 16.739653956332155 ], [ -93.109748081863813, 16.739672749648303 ], [ -93.109706005671242, 16.740038701735081 ], [ -93.109164586149319, 16.739964818234142 ] ] ] ] } },
{ "type": "Feature", "properties": { "ID": 95, "ENTIDAD": 7, "MUNICIPIO": 102, "NOMBRE": "TUXTLA GUTIERREZ", "CONTROL": 163, "GEOMETRY1_": null, "ID_2": 1624, "ENTIDAD_2": 7, "DISTRITO_F": 9, "DISTRITO_L": 13, "MUNICIPIO_2": 102, "SECCION": 1730, "TIPO": 2, "CONTROL_2": 1796, "GEOMETRY1__2": null }, "geometry": { "type": "MultiPolygon", "coordinates": [ [ [ [ -93.104011267209856, 16.735588903237833 ], [ -93.103959608932257, 16.735575165416183 ], [ -93.103897085204636, 16.73555792333709 ], [ -93.103800730309132, 16.735531587603159 ], [ -93.10349548239391, 16.735509142306967 ], [ -93.103148576901731, 16.735502053058092 ], [ -93.102678673567439, 16.735468468252268 ], [ -93.102634437554599, 16.735466099163364 ], [ -93.102432393562211, 16.735449633512587 ], [ -93.102049972584197, 16.735402845793619 ], [ -93.101970386710462, 16.735383716042946 ], [ -93.101705964998118, 16.735334711276018 ], [ -93.101215916267151, 16.735263051557876 ], [ -93.101135061579384, 16.735233930306862 ], [ -93.100308305076325, 16.734936156943736 ], [ -93.100337131835175, 16.734553190907949 ], [ -93.100715596163369, 16.734370622416403 ], [ -93.100268625329122, 16.733490899394656 ], [ -93.100140593421528, 16.733238906729103 ], [ -93.099996867772248, 16.732956024712109 ], [ -93.099816112364664, 16.732600259071159 ], [ -93.099366282429799, 16.731714890195686 ], [ -93.099184793614725, 16.73135767579404 ], [ -93.098888889434889, 16.730775260713109 ], [ -93.099849609305309, 16.730349235080009 ], [ -93.099611582510136, 16.729928463040245 ], [ -93.100363713839911, 16.729703625930796 ], [ -93.100609910077111, 16.729663596566269 ], [ -93.100759242528383, 16.729637838761857 ], [ -93.100831945399293, 16.729626771499767 ], [ -93.100886324066352, 16.729619860057763 ], [ -93.101188688364061, 16.72956760433334 ], [ -93.101256952325514, 16.729567570883329 ], [ -93.102371258928173, 16.729586463172279 ], [ -93.103454406259232, 16.729796251820829 ], [ -93.103552184979478, 16.729815189722633 ], [ -93.10406255999294, 16.730404866855995 ], [ -93.104852203850754, 16.731317195915807 ], [ -93.105613221749579, 16.732165901437419 ], [ -93.106014442890867, 16.732659987916776 ], [ -93.106322083785969, 16.733015416303271 ], [ -93.106419847799998, 16.73312836614388 ], [ -93.106473192372434, 16.733203524441667 ], [ -93.106573592804438, 16.733361483409421 ], [ -93.106658571617373, 16.733587177432163 ], [ -93.106682846674843, 16.733781221279337 ], [ -93.106699070387336, 16.733983031534734 ], [ -93.106618612506892, 16.734161604954693 ], [ -93.1065783263724, 16.734255383105619 ], [ -93.106505935869293, 16.734347957214052 ], [ -93.10600669086655, 16.734728564568723 ], [ -93.105160378767209, 16.735397086745344 ], [ -93.104690522155835, 16.735768234208241 ], [ -93.104011267209856, 16.735588903237833 ] ] ] ] } },
{ "type": "Feature", "properties": { "ID": 95, "ENTIDAD": 7, "MUNICIPIO": 102, "NOMBRE": "TUXTLA GUTIERREZ", "CONTROL": 163, "GEOMETRY1_": null, "ID_2": 2000, "ENTIDAD_2": 7, "DISTRITO_F": 9, "DISTRITO_L": 13, "MUNICIPIO_2": 102, "SECCION": 2117, "TIPO": 2, "CONTROL_2": 2698, "GEOMETRY1__2": null }, "geometry": { "type": "MultiPolygon", "coordinates": [ [ [ [ -93.112563319408991, 16.734800629593316 ], [ -93.111489204730546, 16.73463643941907 ], [ -93.110495949878356, 16.734223595711903 ], [ -93.110021715707134, 16.733827815847366 ], [ -93.109343278593713, 16.733076580521914 ], [ -93.107935483736199, 16.731686868923767 ], [ -93.107590356728409, 16.731461570248111 ], [ -93.107296248276171, 16.731268042775785 ], [ -93.105824030602548, 16.73059912770912 ], [ -93.105817151847134, 16.730490715513827 ], [ -93.1057796096608, 16.730421742921134 ], [ -93.105431766517526, 16.730280651791777 ], [ -93.105291978532904, 16.73028072309593 ], [ -93.105186297791036, 16.730303774214349 ], [ -93.103617589566355, 16.729647502063241 ], [ -93.10355218497908, 16.729815189022496 ], [ -93.10330342378434, 16.729527773497342 ], [ -93.102815146685458, 16.72896362092489 ], [ -93.102403644449907, 16.728488170078936 ], [ -93.102134321940625, 16.728176992351479 ], [ -93.101789250534779, 16.727778291634781 ], [ -93.101435329955407, 16.727369364102952 ], [ -93.101103988206305, 16.726949749811805 ], [ -93.101076690134391, 16.726822062456186 ], [ -93.101064317080883, 16.726759201927798 ], [ -93.101139511848857, 16.726021313055377 ], [ -93.10109547800883, 16.725871167596527 ], [ -93.101077475229872, 16.725828823458865 ], [ -93.10106381002673, 16.72579668167165 ], [ -93.101010420000492, 16.72569557510149 ], [ -93.100959016658592, 16.725657012177777 ], [ -93.100870383138385, 16.725610481891934 ], [ -93.100777671107139, 16.725565319815665 ], [ -93.100612554476527, 16.725501935924736 ], [ -93.100366418576982, 16.725432682913034 ], [ -93.100318714571245, 16.725422200251476 ], [ -93.100318733641387, 16.725374351260829 ], [ -93.100318890937174, 16.724979685071709 ], [ -93.100321265554939, 16.724917695321381 ], [ -93.100319190945001, 16.72422697270305 ], [ -93.100319215657152, 16.724164972181182 ], [ -93.100343032002286, 16.723094007119347 ], [ -93.100554717713607, 16.723222942844181 ], [ -93.100834788963198, 16.723240314661535 ], [ -93.100849355938848, 16.723165737595654 ], [ -93.101480845225637, 16.723134148563819 ], [ -93.101834930397743, 16.723077101868718 ], [ -93.102239166515901, 16.722991593509416 ], [ -93.102120702908522, 16.72219259337999 ], [ -93.102462352518174, 16.722144382559204 ], [ -93.104792719737944, 16.722412209898437 ], [ -93.106132932223275, 16.722649784222558 ], [ -93.107894250589297, 16.722961992234662 ], [ -93.107974730738235, 16.722977825651562 ], [ -93.108340902008251, 16.723452178511355 ], [ -93.10844305384515, 16.723583943226473 ], [ -93.108735633798773, 16.723928531060878 ], [ -93.108792724815345, 16.723999510903777 ], [ -93.108861687160754, 16.724045287417688 ], [ -93.108934208061427, 16.724078463502885 ], [ -93.109035253089218, 16.724109333871212 ], [ -93.109202847005022, 16.724121843896942 ], [ -93.109379944187481, 16.724125186189756 ], [ -93.10963192056559, 16.724128488616014 ], [ -93.109873201890693, 16.72413523238458 ], [ -93.110150143277735, 16.724147683468956 ], [ -93.11027734143677, 16.724186556530704 ], [ -93.110354626091279, 16.724235764063902 ], [ -93.110415276883984, 16.72429528834375 ], [ -93.110456924601579, 16.724378874500573 ], [ -93.110495907578951, 16.724503317415309 ], [ -93.110510601068981, 16.729018653488943 ], [ -93.110527096843143, 16.730498564195937 ], [ -93.110765227355714, 16.732662299966098 ], [ -93.11080945072213, 16.732786507120757 ], [ -93.111330934794992, 16.733685620225298 ], [ -93.111575445993381, 16.733890630988959 ], [ -93.111855844716985, 16.734023549277833 ], [ -93.11251795938621, 16.734200881686899 ], [ -93.112681468506551, 16.734290405612164 ], [ -93.11274915805943, 16.734398978200357 ], [ -93.112909610612917, 16.734834667338156 ], [ -93.112563319408991, 16.734800629593316 ] ] ] ] } },
{ "type": "Feature", "properties": { "ID": 95, "ENTIDAD": 7, "MUNICIPIO": 102, "NOMBRE": "TUXTLA GUTIERREZ", "CONTROL": 163, "GEOMETRY1_": null, "ID_2": 2001, "ENTIDAD_2": 7, "DISTRITO_F": 9, "DISTRITO_L": 13, "MUNICIPIO_2": 102, "SECCION": 2118, "TIPO": 2, "CONTROL_2": 2756, "GEOMETRY1__2": null }, "geometry": { "type": "MultiPolygon", "coordinates": [ [ [ [ -93.122747264519347, 16.74136007878861 ], [ -93.122071233107476, 16.741226638615622 ], [ -93.121050715097269, 16.741068752216894 ], [ -93.121177018058006, 16.740299249209617 ], [ -93.121297008703223, 16.739568198373423 ], [ -93.120515870235934, 16.739494812626326 ], [ -93.120608607430555, 16.738754869542706 ], [ -93.12079635249026, 16.738777256226168 ], [ -93.121096481394957, 16.738130083361067 ], [ -93.121201149483028, 16.737875042683697 ], [ -93.12162931888551, 16.736944227251229 ], [ -93.121745789355757, 16.736995757370845 ], [ -93.121805704008352, 16.736658514450628 ], [ -93.12181816617489, 16.736588368230553 ], [ -93.121824116755988, 16.736554873974534 ], [ -93.120713282567422, 16.73593032162589 ], [ -93.119840417704467, 16.735566959089144 ], [ -93.119849147093291, 16.735527580947146 ], [ -93.119866166892109, 16.735461087065936 ], [ -93.120748458759422, 16.735850772669391 ], [ -93.121842835171435, 16.736424285194211 ], [ -93.122586931190739, 16.737087337544565 ], [ -93.123623407320423, 16.738393828703803 ], [ -93.123559160719964, 16.738453139566662 ], [ -93.123531306650278, 16.738478853733092 ], [ -93.124074793121395, 16.739306671726119 ], [ -93.124069363388145, 16.739338840189696 ], [ -93.124055680621495, 16.739419903715483 ], [ -93.12397489197339, 16.739898534512392 ], [ -93.123805710501514, 16.740618786975045 ], [ -93.123630104116671, 16.741534336698862 ], [ -93.122747264519347, 16.74136007878861 ] ] ] ] } },
{ "type": "Feature", "properties": { "ID": 95, "ENTIDAD": 7, "MUNICIPIO": 102, "NOMBRE": "TUXTLA GUTIERREZ", "CONTROL": 163, "GEOMETRY1_": null, "ID_2": 2049, "ENTIDAD_2": 7, "DISTRITO_F": 9, "DISTRITO_L": 2, "MUNICIPIO_2": 102, "SECCION": 2166, "TIPO": 2, "CONTROL_2": 2794, "GEOMETRY1__2": null }, "geometry": { "type": "MultiPolygon", "coordinates": [ [ [ [ -93.123645093428394, 16.778651902468006 ], [ -93.123681407355704, 16.778613516119133 ], [ -93.124198372097993, 16.778756809380099 ], [ -93.1246688836641, 16.778884253605927 ], [ -93.125350676301196, 16.779067855399994 ], [ -93.125441476790201, 16.779312432471709 ], [ -93.125443751526504, 16.779354285586166 ], [ -93.125512196972394, 16.779777840289061 ], [ -93.125533202391097, 16.779824733393273 ], [ -93.125774712992396, 16.780284263919771 ], [ -93.126112191100702, 16.780867855628991 ], [ -93.126022424693261, 16.781001879239483 ], [ -93.12592283436517, 16.78115752024398 ], [ -93.12493540146636, 16.783135455387594 ], [ -93.124904002738816, 16.783203313296777 ], [ -93.124744851338193, 16.783549593110315 ], [ -93.124728333333351, 16.78359 ], [ -93.124664978561881, 16.783753756318763 ], [ -93.124538628000153, 16.783936028813539 ], [ -93.124507893772872, 16.78397995005902 ], [ -93.12438, 16.784171666666648 ], [ -93.124318338901318, 16.78423686301808 ], [ -93.123849649046292, 16.784884519565207 ], [ -93.123834687010429, 16.784960416558427 ], [ -93.123776666666672, 16.785298333333326 ], [ -93.123762528632398, 16.785335527698113 ], [ -93.1234259771783, 16.784998473864377 ], [ -93.122351812014799, 16.784593649911812 ], [ -93.121635740186107, 16.784379973424883 ], [ -93.121527534314097, 16.784334564600091 ], [ -93.120617277860433, 16.784030398600756 ], [ -93.120848104463974, 16.783649874160492 ], [ -93.120962743407418, 16.783460887832721 ], [ -93.12108656583068, 16.783311191810508 ], [ -93.121366418206009, 16.782835215173201 ], [ -93.121498322066628, 16.782572828857301 ], [ -93.121458648695466, 16.782444971191214 ], [ -93.121258753455137, 16.781965373418441 ], [ -93.121071459574324, 16.781523109300419 ], [ -93.120875425118825, 16.78109192447997 ], [ -93.120798587124057, 16.780910786419629 ], [ -93.120676184843049, 16.780599791369479 ], [ -93.120646447891033, 16.780415630859562 ], [ -93.120626871844152, 16.780294396484937 ], [ -93.120656831517792, 16.780147399349005 ], [ -93.120731429746101, 16.779781382155477 ], [ -93.120764422475119, 16.77961950244276 ], [ -93.120804883336234, 16.779420979760602 ], [ -93.120853055236879, 16.779184622039853 ], [ -93.120890311047788, 16.779001824227436 ], [ -93.120963016315059, 16.778645090569238 ], [ -93.120981198244948, 16.77855587940353 ], [ -93.121054678801499, 16.778195340025487 ], [ -93.121621350170898, 16.778299517180859 ], [ -93.1226274974088, 16.778484054747775 ], [ -93.123645093428394, 16.778651902468006 ] ] ] ] } },
{ "type": "Feature", "properties": { "ID": 95, "ENTIDAD": 7, "MUNICIPIO": 102, "NOMBRE": "TUXTLA GUTIERREZ", "CONTROL": 163, "GEOMETRY1_": null, "ID_2": 2076, "ENTIDAD_2": 7, "DISTRITO_F": 9, "DISTRITO_L": 13, "MUNICIPIO_2": 102, "SECCION": 2193, "TIPO": 2, "CONTROL_2": 2814, "GEOMETRY1__2": null }, "geometry": { "type": "MultiPolygon", "coordinates": [ [ [ [ -93.181266120301402, 16.739827343355451 ], [ -93.181165538900686, 16.739818053652879 ], [ -93.180641519210567, 16.739745051917925 ], [ -93.180117499905933, 16.73967204884859 ], [ -93.179053264460009, 16.739551060718654 ], [ -93.177989018690866, 16.739417563115964 ], [ -93.176931265767692, 16.739287180444677 ], [ -93.176465300991339, 16.739234612982539 ], [ -93.176042264811755, 16.73920979045776 ], [ -93.175847583050114, 16.739181822394556 ], [ -93.175806732713014, 16.739184894829052 ], [ -93.175783963472114, 16.739155391333068 ], [ -93.175742943, 16.73741292000004 ], [ -93.175650201, 16.733000551000014 ], [ -93.175553893, 16.728256454 ], [ -93.170014831092672, 16.728342503212414 ], [ -93.168814435316449, 16.728366016261333 ], [ -93.168556101807823, 16.72836316745045 ], [ -93.168484432, 16.728360275000014 ], [ -93.168596486, 16.728083339000023 ], [ -93.168703495983763, 16.727919257592827 ], [ -93.168803371693983, 16.727773011017163 ], [ -93.168892546435231, 16.727687403265502 ], [ -93.169013824083365, 16.727598228524172 ], [ -93.169117266783246, 16.727548290669077 ], [ -93.169345554120923, 16.727491218834643 ], [ -93.169670150179144, 16.7274591159278 ], [ -93.169902004506497, 16.72741987904163 ], [ -93.170091054957965, 16.727398477103712 ], [ -93.170201631637141, 16.72735567322788 ], [ -93.170383548109342, 16.727237962569397 ], [ -93.170522660705714, 16.727116684921249 ], [ -93.170672474271058, 16.726909799521465 ], [ -93.17092929752593, 16.726542399587281 ], [ -93.171196821749746, 16.726125061798044 ], [ -93.171357336284075, 16.725857537574168 ], [ -93.171765781, 16.725617625000037 ], [ -93.172184954, 16.725431491999956 ], [ -93.172789709, 16.725145602999977 ], [ -93.173215588, 16.724912164999967 ], [ -93.173614177, 16.724693683999956 ], [ -93.173994826, 16.724481150000027 ], [ -93.174530749, 16.724174643000016 ], [ -93.174757434, 16.724036926000036 ], [ -93.175032664, 16.723819880999976 ], [ -93.175056925, 16.723800749000034 ], [ -93.175658034, 16.723420531999984 ], [ -93.176113395, 16.723272270999967 ], [ -93.176563858, 16.723095844999985 ], [ -93.177041013, 16.722809076999969 ], [ -93.177225942, 16.722596974000027 ], [ -93.177483437, 16.722337130999957 ], [ -93.177748455000014, 16.722069696999981 ], [ -93.177868649, 16.721951631000039 ], [ -93.178051877, 16.721528437000043 ], [ -93.178584564, 16.721866723000016 ], [ -93.178820284, 16.722190599999962 ], [ -93.178854118, 16.722408167999962 ], [ -93.179786706, 16.722641334999956 ], [ -93.179667562, 16.723090172999989 ], [ -93.179551032, 16.72352461399996 ], [ -93.17947127, 16.723944742999983 ], [ -93.180580492, 16.724185050000028 ], [ -93.181120567, 16.724334308999982 ], [ -93.18199172300001, 16.724524147 ], [ -93.182326282, 16.724593196 ], [ -93.18305028, 16.724742617999965 ], [ -93.183009346, 16.724959169000023 ], [ -93.182989387, 16.725158895 ], [ -93.182953608, 16.725500864999976 ], [ -93.182927815, 16.725746012999952 ], [ -93.182887094, 16.72618517700003 ], [ -93.182808468, 16.726700612000023 ], [ -93.182729744, 16.727112365000028 ], [ -93.182603926, 16.727920594 ], [ -93.182512716, 16.728515327 ], [ -93.181944707, 16.728632160000025 ], [ -93.181908531, 16.728802513 ], [ -93.181795043, 16.729269187 ], [ -93.181735131, 16.729497952000028 ], [ -93.181596446, 16.730092727 ], [ -93.18154605, 16.73034588 ], [ -93.181467325, 16.730760681000024 ], [ -93.1813638, 16.731224534 ], [ -93.181338144, 16.731367644999985 ], [ -93.181299192, 16.731575006000028 ], [ -93.18124679, 16.731816002000034 ], [ -93.181199032, 16.732099152999975 ], [ -93.180999749, 16.73300765699998 ], [ -93.180984571, 16.733179862000043 ], [ -93.180893342, 16.733627594999966 ], [ -93.180814407, 16.734007621 ], [ -93.180745064, 16.734606715000027 ], [ -93.180715475, 16.735001284 ], [ -93.180705606, 16.735161777999977 ], [ -93.180747105, 16.73553988 ], [ -93.180788408, 16.735710616000041 ], [ -93.181018861, 16.735971527 ], [ -93.18154706113944, 16.735725299167662 ], [ -93.181721439212382, 16.73617401118404 ], [ -93.18179456099918, 16.736362168470734 ], [ -93.181827788528139, 16.736593727754027 ], [ -93.181480007027247, 16.738148033005167 ], [ -93.182295955920608, 16.73925826972415 ], [ -93.182229966612041, 16.739938673000335 ], [ -93.181266120301402, 16.739827343355451 ] ] ] ] } },
{ "type": "Feature", "properties": { "ID": 95, "ENTIDAD": 7, "MUNICIPIO": 102, "NOMBRE": "TUXTLA GUTIERREZ", "CONTROL": 163, "GEOMETRY1_": null, "ID_2": 2080, "ENTIDAD_2": 7, "DISTRITO_F": 9, "DISTRITO_L": 13, "MUNICIPIO_2": 102, "SECCION": 2197, "TIPO": 2, "CONTROL_2": 2818, "GEOMETRY1__2": null }, "geometry": { "type": "MultiPolygon", "coordinates": [ [ [ [ -93.173222904, 16.704466572999987 ], [ -93.172795615, 16.704262763 ], [ -93.172423981, 16.704018986 ], [ -93.172145522, 16.703649211999959 ], [ -93.171968298, 16.703146198999967 ], [ -93.171750026, 16.702710571999983 ], [ -93.171877349, 16.702579723999971 ], [ -93.17234947, 16.701862228000035 ], [ -93.172577244, 16.701198416999969 ], [ -93.172398281, 16.701049948999984 ], [ -93.172143034000015, 16.700871927000026 ], [ -93.171974361000011, 16.700733401 ], [ -93.171735777, 16.700567199000027 ], [ -93.171512922, 16.700413280999964 ], [ -93.171173177, 16.700207060999968 ], [ -93.17105907700001, 16.700131546000016 ], [ -93.171073819, 16.700460776999964 ], [ -93.171016908, 16.701181887999986 ], [ -93.170963853, 16.701617741000042 ], [ -93.170861255, 16.70181592 ], [ -93.170482848, 16.70159436599997 ], [ -93.170089353, 16.701432993 ], [ -93.169689322, 16.701209340999956 ], [ -93.16927076, 16.701072498 ], [ -93.168823678940313, 16.700930383451048 ], [ -93.168854313361209, 16.700579128700745 ], [ -93.168677518376214, 16.699562085686114 ], [ -93.169115697606998, 16.699620403591453 ], [ -93.169646643739981, 16.69973450335814 ], [ -93.169640915244941, 16.699696100341683 ], [ -93.169444066661143, 16.698654937349605 ], [ -93.169417978294547, 16.698320531923855 ], [ -93.169878082213415, 16.698474690453473 ], [ -93.170350044480614, 16.698678654046372 ], [ -93.170848095114394, 16.698927679363436 ], [ -93.170755599996738, 16.698391682014424 ], [ -93.170760343336084, 16.698209063448665 ], [ -93.170848095114394, 16.697931578095378 ], [ -93.171016483662044, 16.697590057660662 ], [ -93.17161504, 16.697960301999949 ], [ -93.171453595, 16.69821369800005 ], [ -93.172758189, 16.698751685999969 ], [ -93.17312674, 16.698917928000018 ], [ -93.173556693, 16.699112191000026 ], [ -93.173945206, 16.699289022000016 ], [ -93.173922799, 16.699459850999968 ], [ -93.174539818, 16.699800129999989 ], [ -93.175273472, 16.700115482000044 ], [ -93.175284698, 16.700544263000026 ], [ -93.175305743, 16.700958478 ], [ -93.175347266, 16.701401413 ], [ -93.175401367, 16.701782788999967 ], [ -93.175472485, 16.70220972300001 ], [ -93.175461246, 16.702501535000046 ], [ -93.175378051, 16.702788747000017 ], [ -93.17525917, 16.703159285 ], [ -93.17510819, 16.703521925999976 ], [ -93.174907084, 16.703855556999958 ], [ -93.174690474, 16.704179248000042 ], [ -93.174506336, 16.704350178000038 ], [ -93.174332835, 16.704453268999963 ], [ -93.174220222, 16.70452836800002 ], [ -93.174012605, 16.704594947999961 ], [ -93.173770879, 16.704672465000016 ], [ -93.173222904, 16.704466572999987 ] ] ] ] } },
{ "type": "Feature", "properties": { "ID": 95, "ENTIDAD": 7, "MUNICIPIO": 102, "NOMBRE": "TUXTLA GUTIERREZ", "CONTROL": 163, "GEOMETRY1_": null, "ID_2": 1500, "ENTIDAD_2": 7, "DISTRITO_F": 9, "DISTRITO_L": 1, "MUNICIPIO_2": 102, "SECCION": 1603, "TIPO": 2, "CONTROL_2": 1750, "GEOMETRY1__2": null }, "geometry": { "type": "MultiPolygon", "coordinates": [ [ [ [ -93.108665697425934, 16.801695590556839 ], [ -93.107597962145491, 16.801515229090018 ], [ -93.105478089473635, 16.801157135905044 ], [ -93.104819865928278, 16.801045941435966 ], [ -93.104784036674801, 16.801043434439805 ], [ -93.104843936277064, 16.800270018886884 ], [ -93.104889536810148, 16.799839448185022 ], [ -93.104936277333621, 16.799398111445846 ], [ -93.104988753102575, 16.798947740968021 ], [ -93.105038295107832, 16.798522547431698 ], [ -93.105087118663178, 16.798103518149016 ], [ -93.105141969390729, 16.797632758353302 ], [ -93.105194919625703, 16.797178268697234 ], [ -93.105250336375107, 16.796697857073063 ], [ -93.105351699373358, 16.795819128064544 ], [ -93.105397338568011, 16.795423473343067 ], [ -93.105457114575884, 16.794905261490531 ], [ -93.105487710824065, 16.79459110213034 ], [ -93.105542576035631, 16.794027748825545 ], [ -93.105628342847567, 16.793147002587308 ], [ -93.106072558902298, 16.793191402004663 ], [ -93.106555856302933, 16.793239706491544 ], [ -93.107286047871625, 16.79331268529446 ], [ -93.10757188041481, 16.79334125203123 ], [ -93.108028145426061, 16.793374898761705 ], [ -93.108480305048289, 16.793422798781819 ], [ -93.108393731027476, 16.794322493288494 ], [ -93.10827268549788, 16.795219306751591 ], [ -93.108210092546329, 16.795817162245005 ], [ -93.10820434737964, 16.795861417830164 ], [ -93.10820063308897, 16.795890029366493 ], [ -93.108170803962011, 16.796128449946053 ], [ -93.109097880012882, 16.796244930180329 ], [ -93.109998500043304, 16.796359389377216 ], [ -93.109893282350853, 16.797189296432407 ], [ -93.109769399281731, 16.798134721815273 ], [ -93.10971082902509, 16.798567971519425 ], [ -93.109676366766053, 16.799069766344459 ], [ -93.109608795412584, 16.799909153591781 ], [ -93.109547175360575, 16.800500009440366 ], [ -93.109515055364, 16.800807996846366 ], [ -93.109505459737917, 16.800900005756819 ], [ -93.10950151338902, 16.800937845812339 ], [ -93.109415761315319, 16.801745160010771 ], [ -93.109409434437623, 16.80180472423055 ], [ -93.109356247219466, 16.801812232206803 ], [ -93.108665697425934, 16.801695590556839 ] ] ] ] } },
{ "type": "Feature", "properties": { "ID": 95, "ENTIDAD": 7, "MUNICIPIO": 102, "NOMBRE": "TUXTLA GUTIERREZ", "CONTROL": 163, "GEOMETRY1_": null, "ID_2": 1501, "ENTIDAD_2": 7, "DISTRITO_F": 9, "DISTRITO_L": 1, "MUNICIPIO_2": 102, "SECCION": 1604, "TIPO": 2, "CONTROL_2": 1751, "GEOMETRY1__2": null }, "geometry": { "type": "MultiPolygon", "coordinates": [ [ [ [ -93.104741355709322, 16.801040444673976 ], [ -93.101981899988985, 16.800629916484652 ], [ -93.101023230462474, 16.800487290697351 ], [ -93.10103416341795, 16.800411259898528 ], [ -93.101110862134476, 16.79987787409274 ], [ -93.101237128363479, 16.798999774507063 ], [ -93.100686440599418, 16.798929602533132 ], [ -93.100775388970504, 16.798335955493066 ], [ -93.100801886523428, 16.798307667547416 ], [ -93.100846910637372, 16.797995343387775 ], [ -93.100899007296007, 16.797615567878101 ], [ -93.100961225630826, 16.797161775149377 ], [ -93.101429248439686, 16.797208020047783 ], [ -93.101483839965525, 16.796750224793737 ], [ -93.101540770161648, 16.796304459007718 ], [ -93.101573664037545, 16.795977658531012 ], [ -93.101636208803527, 16.795419997005261 ], [ -93.101686269313277, 16.794973645262143 ], [ -93.10173683003616, 16.794523030309289 ], [ -93.101787470048549, 16.794093148074214 ], [ -93.101843092591153, 16.793620967013158 ], [ -93.101945607117827, 16.79272747122474 ], [ -93.102148642057912, 16.792751123668541 ], [ -93.10241220134408, 16.792778420278864 ], [ -93.102672758424831, 16.792804704276865 ], [ -93.102873815531652, 16.792830970156729 ], [ -93.103340000795868, 16.792893375737286 ], [ -93.10379831097454, 16.792944174329939 ], [ -93.104717493617187, 16.793046052356964 ], [ -93.105628342847567, 16.793147002587308 ], [ -93.105542576035631, 16.794027748825545 ], [ -93.105487710824065, 16.79459110213034 ], [ -93.105457114575884, 16.794905261490531 ], [ -93.105397338568011, 16.795423473343067 ], [ -93.105351699373358, 16.795819128064544 ], [ -93.105250336375107, 16.796697857073063 ], [ -93.105194919625703, 16.797178268697234 ], [ -93.105141969390729, 16.797632758353302 ], [ -93.105087118663178, 16.798103518149016 ], [ -93.105038295107832, 16.798522547431698 ], [ -93.104988753102575, 16.798947740968021 ], [ -93.104936277333621, 16.799398111445846 ], [ -93.104889536810148, 16.799839448185022 ], [ -93.104843936277064, 16.800270018886884 ], [ -93.104784036674801, 16.801043434439805 ], [ -93.104741355709322, 16.801040444673976 ] ] ] ] } },
{ "type": "Feature", "properties": { "ID": 95, "ENTIDAD": 7, "MUNICIPIO": 102, "NOMBRE": "TUXTLA GUTIERREZ", "CONTROL": 163, "GEOMETRY1_": null, "ID_2": 1506, "ENTIDAD_2": 7, "DISTRITO_F": 9, "DISTRITO_L": 1, "MUNICIPIO_2": 102, "SECCION": 1610, "TIPO": 2, "CONTROL_2": 1755, "GEOMETRY1__2": null }, "geometry": { "type": "MultiPolygon", "coordinates": [ [ [ [ -93.100578470257133, 16.782798896774992 ], [ -93.100592899178608, 16.782647087952629 ], [ -93.100620710782053, 16.782354477280819 ], [ -93.100663299722456, 16.781906389994337 ], [ -93.100705888469292, 16.781458302680573 ], [ -93.100748963995258, 16.781005091737104 ], [ -93.099774910009174, 16.780920402633935 ], [ -93.099556118546502, 16.78091000043792 ], [ -93.099263960651115, 16.780896109752522 ], [ -93.098052511503013, 16.780835707082577 ], [ -93.097524136481255, 16.780809360140708 ], [ -93.097042143440589, 16.780811486588483 ], [ -93.09655694307871, 16.780815228929686 ], [ -93.096426553806907, 16.780808938718408 ], [ -93.096045122426673, 16.780811329779414 ], [ -93.095537223024536, 16.780822875467507 ], [ -93.095029961524617, 16.780821740639084 ], [ -93.094533205220955, 16.780849964623034 ], [ -93.094304296410414, 16.780851499132517 ], [ -93.093684297607609, 16.780855654069381 ], [ -93.093636436508362, 16.780884500626701 ], [ -93.093624495933952, 16.780942155649999 ], [ -93.09337608689647, 16.780933432864149 ], [ -93.093229367743504, 16.780928280737623 ], [ -93.092481190091988, 16.780884971522351 ], [ -93.092398593246955, 16.780811366178625 ], [ -93.092358766127305, 16.780655262136499 ], [ -93.091808316694568, 16.780568610128469 ], [ -93.091855636627258, 16.780056923786447 ], [ -93.091963665884961, 16.779406938119809 ], [ -93.092049960259828, 16.778824740971189 ], [ -93.0917125197617, 16.77876884929659 ], [ -93.091654474911138, 16.77875923502727 ], [ -93.091217236017187, 16.778686812326455 ], [ -93.090686619136292, 16.778598921505001 ], [ -93.090224256543095, 16.778522335070267 ], [ -93.08976189431506, 16.77844574759548 ], [ -93.08998934419607, 16.777538132648495 ], [ -93.090213200449668, 16.77664484905215 ], [ -93.090967990362515, 16.773964471092022 ], [ -93.091017328958657, 16.773789259249387 ], [ -93.091088979823226, 16.773523494492132 ], [ -93.09116484584375, 16.773242094202129 ], [ -93.093199067785392, 16.773795501904608 ], [ -93.09325307942359, 16.773611818984048 ], [ -93.093371489273565, 16.77320912917326 ], [ -93.093479608885659, 16.772841433002338 ], [ -93.094267829500453, 16.77304205306643 ], [ -93.094587349432075, 16.773123377171306 ], [ -93.094943139133576, 16.773213931979846 ], [ -93.095090890661538, 16.773251537166068 ], [ -93.095906382749391, 16.773459091094985 ], [ -93.096031253084035, 16.773416062598773 ], [ -93.09613931137406, 16.773449715513717 ], [ -93.096260750264065, 16.773487535506852 ], [ -93.096507585780813, 16.77355048839512 ], [ -93.096103573182532, 16.774051413150325 ], [ -93.095834103031876, 16.77438440347785 ], [ -93.09532258364581, 16.77501649532028 ], [ -93.09523893136479, 16.775119865124012 ], [ -93.094998595247503, 16.775415133221188 ], [ -93.096014624131129, 16.775820748322932 ], [ -93.096334609084224, 16.775423576933182 ], [ -93.096488549210832, 16.77523520556721 ], [ -93.096955945259666, 16.774664290437919 ], [ -93.097138483027337, 16.774441322909119 ], [ -93.097570353695815, 16.7739137957366 ], [ -93.097764307869483, 16.77395272522514 ], [ -93.098084602768438, 16.774017012741965 ], [ -93.098275175386703, 16.77405526298601 ], [ -93.098382241392045, 16.77408529114458 ], [ -93.098948892991686, 16.774146290103459 ], [ -93.099693684513355, 16.77422646305255 ], [ -93.102187351968666, 16.774749479807515 ], [ -93.101843687144324, 16.77540147362717 ], [ -93.101590250186078, 16.775961471472726 ], [ -93.101358453746954, 16.776499498971202 ], [ -93.101271849495532, 16.776904882365901 ], [ -93.10130194451888, 16.7770298384726 ], [ -93.101340160023028, 16.777131753149629 ], [ -93.101409475122495, 16.777227843658302 ], [ -93.10156083384615, 16.77735472216256 ], [ -93.101774000079715, 16.777512676752416 ], [ -93.102042127516214, 16.777696552638631 ], [ -93.102162207569719, 16.777778900663119 ], [ -93.102091400014103, 16.778441796216288 ], [ -93.102044616457647, 16.778879778224375 ], [ -93.101995780813922, 16.779336969513395 ], [ -93.10194782949759, 16.779785879775858 ], [ -93.101900765150219, 16.780226484396373 ], [ -93.101853679692709, 16.780667284639751 ], [ -93.101803782518914, 16.781134405157331 ], [ -93.101708000992559, 16.782031073202223 ], [ -93.101700636986379, 16.782100011716224 ], [ -93.10162446227784, 16.782813122202334 ], [ -93.101598524902997, 16.783055934062968 ], [ -93.100534710808319, 16.783259294975501 ], [ -93.100578470257133, 16.782798896774992 ] ] ] ] } },
{ "type": "Feature", "properties": { "ID": 95, "ENTIDAD": 7, "MUNICIPIO": 102, "NOMBRE": "TUXTLA GUTIERREZ", "CONTROL": 163, "GEOMETRY1_": null, "ID_2": 1507, "ENTIDAD_2": 7, "DISTRITO_F": 9, "DISTRITO_L": 1, "MUNICIPIO_2": 102, "SECCION": 1611, "TIPO": 2, "CONTROL_2": 1756, "GEOMETRY1__2": null }, "geometry": { "type": "MultiPolygon", "coordinates": [ [ [ [ -93.099946851546349, 16.78766717368136 ], [ -93.100097669360721, 16.786724549235416 ], [ -93.100501827991138, 16.786787289250178 ], [ -93.100854533937408, 16.786842041267665 ], [ -93.101224853595951, 16.786899526850483 ], [ -93.101293283749754, 16.786158696435699 ], [ -93.100976075820043, 16.786109850075356 ], [ -93.100210013668899, 16.786038162282033 ], [ -93.10026584950667, 16.785562483145565 ], [ -93.100316885209978, 16.785127836328126 ], [ -93.100361940426581, 16.784743855642532 ], [ -93.100471712888549, 16.783800618609227 ], [ -93.100534710808319, 16.783259294975501 ], [ -93.101598524902997, 16.783055934062968 ], [ -93.10162446227784, 16.782813122202334 ], [ -93.101700636986379, 16.782100011716224 ], [ -93.101708000992559, 16.782031073202223 ], [ -93.101803782518914, 16.781134405157331 ], [ -93.101853679692709, 16.780667284639751 ], [ -93.101900765150219, 16.780226484396373 ], [ -93.10194782949759, 16.779785879775858 ], [ -93.101995780813922, 16.779336969513395 ], [ -93.102044616457647, 16.778879778224375 ], [ -93.102091400014103, 16.778441796216288 ], [ -93.102162207569719, 16.777778900663119 ], [ -93.102300594752023, 16.777851839640842 ], [ -93.102411086062745, 16.777882825492462 ], [ -93.10303236855232, 16.777987078683758 ], [ -93.103073438332174, 16.777993970254187 ], [ -93.104005415415912, 16.778150355064305 ], [ -93.104169757485153, 16.778177931032545 ], [ -93.104910176680448, 16.778303152429476 ], [ -93.105159405136177, 16.778355921000017 ], [ -93.105280217950494, 16.778392884417169 ], [ -93.105361976784252, 16.77841789898245 ], [ -93.105481692283973, 16.778479919199107 ], [ -93.105582990451637, 16.778533080002628 ], [ -93.10568890651075, 16.778612844730556 ], [ -93.105721155388736, 16.778661606481904 ], [ -93.10576262035849, 16.778728101059361 ], [ -93.105808695852801, 16.778807896431644 ], [ -93.105859399072443, 16.778932033319215 ], [ -93.105882463871183, 16.779020709275152 ], [ -93.105905531147684, 16.77911381961659 ], [ -93.105924012498988, 16.779237973044129 ], [ -93.105917720700688, 16.779301976824634 ], [ -93.105914857793394, 16.779331099945544 ], [ -93.105896499236621, 16.77942866596679 ], [ -93.10582662008612, 16.779573299163118 ], [ -93.105749261184513, 16.779733413379439 ], [ -93.105553569831272, 16.780138445821773 ], [ -93.105323709900361, 16.780614196291364 ], [ -93.10529266557225, 16.7806784498013 ], [ -93.10512362328474, 16.781028321576994 ], [ -93.105009071823147, 16.781265411285734 ], [ -93.104917140470448, 16.781455683179622 ], [ -93.104751862916757, 16.781792382581276 ], [ -93.104697732555209, 16.781902655346471 ], [ -93.104179673695327, 16.782958238397413 ], [ -93.104029114530533, 16.783256465816962 ], [ -93.103960745922578, 16.783425036802612 ], [ -93.103942390809607, 16.783531471393527 ], [ -93.103933244589626, 16.78364233572421 ], [ -93.103928682325275, 16.783717722632112 ], [ -93.103981285794092, 16.784008194988289 ], [ -93.10400456912204, 16.784137967632944 ], [ -93.104039505541408, 16.784351784231028 ], [ -93.104055881594064, 16.784477450826838 ], [ -93.104067241037811, 16.784564620855146 ], [ -93.104067318296927, 16.784706521237233 ], [ -93.104053566403877, 16.78481295349933 ], [ -93.104035189491185, 16.784879478603209 ], [ -93.104012445645395, 16.784934335420829 ], [ -93.103878856282819, 16.785207702218937 ], [ -93.103778243893842, 16.785376682650206 ], [ -93.103633762521426, 16.785619341268003 ], [ -93.10334535911889, 16.786103716929496 ], [ -93.103253400715545, 16.786303310492464 ], [ -93.10301691936165, 16.786962711101868 ], [ -93.102942540359138, 16.787131842667737 ], [ -93.10288585820598, 16.787237767783985 ], [ -93.102822076235071, 16.787330033626386 ], [ -93.102683218610025, 16.78747427381537 ], [ -93.102531358233051, 16.787567471605456 ], [ -93.102454829279338, 16.787612575071968 ], [ -93.102365690038539, 16.787665110534324 ], [ -93.102213829354227, 16.787758308090229 ], [ -93.102080381932495, 16.78785149640774 ], [ -93.101945307392825, 16.787919311851265 ], [ -93.101643167194609, 16.788046825690603 ], [ -93.101472718085304, 16.788096528255679 ], [ -93.101112230144153, 16.788163676941906 ], [ -93.101020123498571, 16.788180978522533 ], [ -93.100764030418873, 16.788229083559735 ], [ -93.100648128432013, 16.788250854708647 ], [ -93.100542324171812, 16.78827072902882 ], [ -93.100253665484985, 16.788324950509971 ], [ -93.100139321621057, 16.788346428675073 ], [ -93.099870846522236, 16.788396858331819 ], [ -93.099946851546349, 16.78766717368136 ] ] ] ] } },
{ "type": "Feature", "properties": { "ID": 95, "ENTIDAD": 7, "MUNICIPIO": 102, "NOMBRE": "TUXTLA GUTIERREZ", "CONTROL": 163, "GEOMETRY1_": null, "ID_2": 1508, "ENTIDAD_2": 7, "DISTRITO_F": 9, "DISTRITO_L": 1, "MUNICIPIO_2": 102, "SECCION": 1612, "TIPO": 2, "CONTROL_2": 1778, "GEOMETRY1__2": null }, "geometry": { "type": "MultiPolygon", "coordinates": [ [ [ [ -93.107525569122799, 16.781632608862914 ], [ -93.107361052909198, 16.781604118568119 ], [ -93.107198318308747, 16.781579625256104 ], [ -93.106431009651558, 16.781464135210985 ], [ -93.106201677547801, 16.781417631990017 ], [ -93.106314411378193, 16.781376473745514 ], [ -93.106429263122664, 16.781350878988963 ], [ -93.106588279802537, 16.781299725868745 ], [ -93.106742883230552, 16.781257086730779 ], [ -93.106857737223393, 16.781235747643443 ], [ -93.10693402841126, 16.781211205817279 ], [ -93.106963748211314, 16.781201645356905 ], [ -93.107105149600343, 16.781161068717044 ], [ -93.107127184922717, 16.781154745435447 ], [ -93.107224355212011, 16.781112135794036 ], [ -93.107367203557388, 16.78103526001501 ], [ -93.107444835504438, 16.780885487032531 ], [ -93.107487119100611, 16.780694895550443 ], [ -93.107437510948188, 16.78050350095517 ], [ -93.107400084918041, 16.780411667586449 ], [ -93.107335165421588, 16.780377551215068 ], [ -93.107308346541899, 16.780363095587425 ], [ -93.106384498982536, 16.779865129601571 ], [ -93.106275416174569, 16.780308424497704 ], [ -93.105726544212942, 16.780154354556732 ], [ -93.105553569831272, 16.780138445821773 ], [ -93.105749261184513, 16.779733413379439 ], [ -93.10582662008612, 16.779573299163118 ], [ -93.105896499236621, 16.77942866596679 ], [ -93.105914857793394, 16.779331099945544 ], [ -93.105917720700688, 16.779301976824634 ], [ -93.105924012498988, 16.779237973044129 ], [ -93.105905531147684, 16.77911381961659 ], [ -93.105882463871183, 16.779020709275152 ], [ -93.105859399072443, 16.778932033319215 ], [ -93.105808695852801, 16.778807896431644 ], [ -93.10576262035849, 16.778728101059361 ], [ -93.106044740717977, 16.778721887997037 ], [ -93.106099008650375, 16.778733621324122 ], [ -93.10657979207636, 16.778855868225751 ], [ -93.106682843808855, 16.778193800016787 ], [ -93.106706270738741, 16.777984621875067 ], [ -93.106733270194823, 16.777811526809224 ], [ -93.106737885329039, 16.777741595491506 ], [ -93.106750854874221, 16.777725346597006 ], [ -93.106764970191165, 16.77770766221817 ], [ -93.106793197414405, 16.777253748929287 ], [ -93.106806883413427, 16.77714249004876 ], [ -93.106771185043328, 16.776108934932481 ], [ -93.106731090477027, 16.775593860423225 ], [ -93.10672041253838, 16.775456685881601 ], [ -93.10671270627148, 16.775357686904758 ], [ -93.106692704531355, 16.775100732959451 ], [ -93.106645574114538, 16.774606489524508 ], [ -93.106582642899028, 16.77362822071067 ], [ -93.106575229313748, 16.772763446122649 ], [ -93.107073936738644, 16.77274984709722 ], [ -93.107524904286933, 16.772742056028573 ], [ -93.107673667021018, 16.772738704960204 ], [ -93.107991310533947, 16.772731549279506 ], [ -93.108031191620938, 16.773296914148151 ], [ -93.108486856521566, 16.773385874715778 ], [ -93.108776988713856, 16.773442517360767 ], [ -93.108979017953615, 16.773517904854781 ], [ -93.109114230550489, 16.77357101 ], [ -93.109454945298936, 16.773702856710784 ], [ -93.109581308488742, 16.775133120863199 ], [ -93.109606869921421, 16.775644741971309 ], [ -93.109690277535506, 16.776714153918103 ], [ -93.109915265276967, 16.776773328548554 ], [ -93.10950564490679, 16.778106927984357 ], [ -93.10902198170983, 16.779664350459555 ], [ -93.108736138132002, 16.780511184472058 ], [ -93.108536927709167, 16.781250039818023 ], [ -93.108184030132506, 16.781120040419047 ], [ -93.108121983949644, 16.781097183942649 ], [ -93.108081902445477, 16.781242718592189 ], [ -93.1079540852962, 16.781706817013351 ], [ -93.107525569122799, 16.781632608862914 ] ] ] ] } },
{ "type": "Feature", "properties": { "ID": 95, "ENTIDAD": 7, "MUNICIPIO": 102, "NOMBRE": "TUXTLA GUTIERREZ", "CONTROL": 163, "GEOMETRY1_": null, "ID_2": 1509, "ENTIDAD_2": 7, "DISTRITO_F": 9, "DISTRITO_L": 2, "MUNICIPIO_2": 102, "SECCION": 1613, "TIPO": 2, "CONTROL_2": 1779, "GEOMETRY1__2": null }, "geometry": { "type": "MultiPolygon", "coordinates": [ [ [ [ -93.109966022044773, 16.781782895781831 ], [ -93.109863367951874, 16.781748367621368 ], [ -93.109515280997243, 16.781631286551413 ], [ -93.109418093983365, 16.781598597003491 ], [ -93.109054527225481, 16.781476308213612 ], [ -93.108982812785982, 16.781452186353679 ], [ -93.1085559437592, 16.781308604096175 ], [ -93.108536927709167, 16.781250039818023 ], [ -93.108736138132002, 16.780511184472058 ], [ -93.10902198170983, 16.779664350459555 ], [ -93.10950564490679, 16.778106927984357 ], [ -93.109915265276967, 16.776773328548554 ], [ -93.109690277535506, 16.776714153918103 ], [ -93.109606869921421, 16.775644741971309 ], [ -93.109581308488742, 16.775133120863199 ], [ -93.109454945298936, 16.773702856710784 ], [ -93.109989123316439, 16.773896575465894 ], [ -93.110050235846359, 16.773918737707763 ], [ -93.110546024309727, 16.774098532770012 ], [ -93.110997944087572, 16.774262417746492 ], [ -93.111059077183171, 16.774284587060894 ], [ -93.111225954986068, 16.77434510353169 ], [ -93.111392832893827, 16.774405619866446 ], [ -93.111455941249304, 16.774428487782412 ], [ -93.111540304760254, 16.774459057668281 ], [ -93.111569144145122, 16.774469507871665 ], [ -93.112082595620024, 16.774655560633772 ], [ -93.112058068786467, 16.774992697706647 ], [ -93.112061227767057, 16.775228346982814 ], [ -93.112074687440938, 16.776232385017828 ], [ -93.112087781189672, 16.777209113836165 ], [ -93.111611449139929, 16.777118740612188 ], [ -93.111317794514662, 16.777063025702056 ], [ -93.110919351512166, 16.778381790406247 ], [ -93.111318620734153, 16.778482297629179 ], [ -93.111313386370654, 16.778592274546654 ], [ -93.111093953649757, 16.779517809009374 ], [ -93.111051651650769, 16.779696231475 ], [ -93.110959516398424, 16.780084840748717 ], [ -93.110882850744403, 16.780357883972371 ], [ -93.110717712495116, 16.780941108269776 ], [ -93.110434722635361, 16.781940544497406 ], [ -93.109966022044773, 16.781782895781831 ] ] ] ] } },
{ "type": "Feature", "properties": { "ID": 95, "ENTIDAD": 7, "MUNICIPIO": 102, "NOMBRE": "TUXTLA GUTIERREZ", "CONTROL": 163, "GEOMETRY1_": null, "ID_2": 1510, "ENTIDAD_2": 7, "DISTRITO_F": 9, "DISTRITO_L": 2, "MUNICIPIO_2": 102, "SECCION": 1614, "TIPO": 2, "CONTROL_2": 1825, "GEOMETRY1__2": null }, "geometry": { "type": "MultiPolygon", "coordinates": [ [ [ [ -93.115175124779924, 16.787273939639874 ], [ -93.115148561304878, 16.787261710299507 ], [ -93.115121786443652, 16.787245802180884 ], [ -93.114152300516366, 16.786684298943531 ], [ -93.113758148991707, 16.786435597241066 ], [ -93.113085460200779, 16.786035913423071 ], [ -93.112815518864949, 16.786454957581903 ], [ -93.111793538665651, 16.785844499971926 ], [ -93.112045731434407, 16.785435838388288 ], [ -93.11229020719243, 16.785039679739885 ], [ -93.112526517378086, 16.784649045719696 ], [ -93.112794411582826, 16.784235116339815 ], [ -93.113041496235681, 16.783851291322378 ], [ -93.113280767119178, 16.783462454747088 ], [ -93.113486461504294, 16.783136871937536 ], [ -93.113511734298712, 16.783096138091828 ], [ -93.113532681356133, 16.783062376308777 ], [ -93.113778333057667, 16.78266644186931 ], [ -93.114027193279497, 16.782268341933019 ], [ -93.112974951581165, 16.781657252924866 ], [ -93.112906076264395, 16.781617279851424 ], [ -93.113285038215665, 16.780679416412511 ], [ -93.113460181203678, 16.780312674701829 ], [ -93.113858983246459, 16.779490823967297 ], [ -93.113946886836857, 16.779339858421714 ], [ -93.11399514963928, 16.77926126984374 ], [ -93.114029978627016, 16.779204434170719 ], [ -93.114060478932828, 16.779151135180886 ], [ -93.114098839467545, 16.779086465431252 ], [ -93.114142909666782, 16.779109544147619 ], [ -93.1141766110443, 16.77912551999847 ], [ -93.114197993807011, 16.779137886163497 ], [ -93.114780838006482, 16.779477082488146 ], [ -93.115675333166664, 16.779997643926094 ], [ -93.116567475838451, 16.780522915694103 ], [ -93.117537948836656, 16.781094298721992 ], [ -93.117511103038964, 16.781153169052651 ], [ -93.117351853326156, 16.78151449218538 ], [ -93.117137693702659, 16.781918761436863 ], [ -93.116919780600469, 16.782332973171808 ], [ -93.116700689668775, 16.782703418994025 ], [ -93.116474973155476, 16.783085065809679 ], [ -93.116447922503795, 16.783130803571833 ], [ -93.116266492378131, 16.783437568459693 ], [ -93.116211655823705, 16.783531020184522 ], [ -93.1160549438614, 16.783839607479347 ], [ -93.116003731895262, 16.783940450605289 ], [ -93.115871406568758, 16.784201016099878 ], [ -93.115782638972121, 16.784375810406427 ], [ -93.11567488843437, 16.784587983975417 ], [ -93.115635721765742, 16.784665107653318 ], [ -93.115617158734921, 16.784769554579622 ], [ -93.115570514989116, 16.785032000218582 ], [ -93.115501674754896, 16.785419335267392 ], [ -93.115481511664015, 16.785532784201976 ], [ -93.115551993245916, 16.78581991205526 ], [ -93.115580945762304, 16.785937858547516 ], [ -93.11573122836586, 16.786344601211557 ], [ -93.115802765476047, 16.786538217073389 ], [ -93.115905125368045, 16.786813441902662 ], [ -93.116077605795866, 16.787230923420601 ], [ -93.116139381578222, 16.787384705225232 ], [ -93.116050574327872, 16.787390275703636 ], [ -93.115502492850823, 16.787424653528724 ], [ -93.115175124779924, 16.787273939639874 ] ] ] ] } },
{ "type": "Feature", "properties": { "ID": 95, "ENTIDAD": 7, "MUNICIPIO": 102, "NOMBRE": "TUXTLA GUTIERREZ", "CONTROL": 163, "GEOMETRY1_": null, "ID_2": 1511, "ENTIDAD_2": 7, "DISTRITO_F": 9, "DISTRITO_L": 2, "MUNICIPIO_2": 102, "SECCION": 1615, "TIPO": 2, "CONTROL_2": 1826, "GEOMETRY1__2": null }, "geometry": { "type": "MultiPolygon", "coordinates": [ [ [ [ -93.121366418206463, 16.782835215868172 ], [ -93.121086565831106, 16.783311192505398 ], [ -93.120962743407858, 16.783460888527603 ], [ -93.1208481044644, 16.783649874855367 ], [ -93.120617277860887, 16.784030399295645 ], [ -93.120361216161982, 16.784440067908452 ], [ -93.120124408394815, 16.78481724617518 ], [ -93.119877631239888, 16.78521030142139 ], [ -93.119625467320759, 16.785611934478418 ], [ -93.119530335216268, 16.785763435085958 ], [ -93.119385417377856, 16.785994220357146 ], [ -93.11915381801245, 16.786363046750484 ], [ -93.118976652479816, 16.786645185091587 ], [ -93.118918348951695, 16.786738033978295 ], [ -93.118679695287895, 16.787118090944627 ], [ -93.11844023365822, 16.787530105971303 ], [ -93.117843255809703, 16.788443871376771 ], [ -93.117806703128892, 16.788499820474168 ], [ -93.117720511390289, 16.788624250600861 ], [ -93.117198731969012, 16.788366099096159 ], [ -93.117251667280073, 16.78825465564071 ], [ -93.11639837183229, 16.788130302010199 ], [ -93.116342715094746, 16.787939099947351 ], [ -93.116139381578222, 16.787384705225232 ], [ -93.116077605795866, 16.787230923420601 ], [ -93.115905125368045, 16.786813441902662 ], [ -93.115802765476047, 16.786538217073389 ], [ -93.11573122836586, 16.786344601211557 ], [ -93.115580945762304, 16.785937858547516 ], [ -93.115551993245916, 16.78581991205526 ], [ -93.115481511664015, 16.785532784201976 ], [ -93.115501674754896, 16.785419335267392 ], [ -93.115570514989116, 16.785032000218582 ], [ -93.115617158734921, 16.784769554579622 ], [ -93.115635721765742, 16.784665107653318 ], [ -93.11567488843437, 16.784587983975417 ], [ -93.115782638972121, 16.784375810406427 ], [ -93.115871406568758, 16.784201016099878 ], [ -93.116003731895262, 16.783940450605289 ], [ -93.1160549438614, 16.783839607479347 ], [ -93.116211655823705, 16.783531020184522 ], [ -93.116266492378131, 16.783437568459693 ], [ -93.116447922503795, 16.783130803571833 ], [ -93.116474973155476, 16.783085065809679 ], [ -93.116700689668775, 16.782703418994025 ], [ -93.116919780600469, 16.782332973171808 ], [ -93.117137693702659, 16.781918761436863 ], [ -93.117351853326156, 16.78151449218538 ], [ -93.117511103038964, 16.781153169052651 ], [ -93.117537948836656, 16.781094298721992 ], [ -93.117713180670563, 16.780751120719732 ], [ -93.117752612328644, 16.780673896674706 ], [ -93.117899704325907, 16.780385827039218 ], [ -93.11797642275441, 16.780235578847595 ], [ -93.118122860593246, 16.779948788863621 ], [ -93.118270837547911, 16.779622418682507 ], [ -93.118433684260154, 16.779263251135841 ], [ -93.11855642987608, 16.778843364608466 ], [ -93.118661919765827, 16.778335322096702 ], [ -93.118696072099993, 16.778148945001501 ], [ -93.118704677893916, 16.778101981158844 ], [ -93.118751649321396, 16.77784564661739 ], [ -93.118834012468142, 16.777396169159417 ], [ -93.118865849758507, 16.777214554913744 ], [ -93.118883346834778, 16.777094913024516 ], [ -93.118935804522607, 16.7771030453302 ], [ -93.120079005207614, 16.777280267669799 ], [ -93.120189859760217, 16.777297452313928 ], [ -93.121079677826373, 16.777435389404879 ], [ -93.121203090429105, 16.77745497654869 ], [ -93.121194526490186, 16.777509160867766 ], [ -93.121158446614444, 16.77768619168441 ], [ -93.121063891372415, 16.778150138265893 ], [ -93.121054678801954, 16.778195340720913 ], [ -93.120981198245374, 16.778555880098956 ], [ -93.1209630163155, 16.778645091264671 ], [ -93.120890311048228, 16.779001824922773 ], [ -93.120853055237333, 16.779184622735183 ], [ -93.120804883336675, 16.779420980455935 ], [ -93.120764422475546, 16.779619503138012 ], [ -93.120731429746556, 16.779781382850722 ], [ -93.120656831518218, 16.78014740004425 ], [ -93.120626871844593, 16.780294397180178 ], [ -93.120646447891474, 16.780415631554813 ], [ -93.120676184843504, 16.780599792064638 ], [ -93.120798587124483, 16.780910787114781 ], [ -93.120875425119266, 16.781091925175126 ], [ -93.12107145957475, 16.781523109995486 ], [ -93.121258753455564, 16.781965374113504 ], [ -93.121458648695892, 16.782444971886182 ], [ -93.121498322067069, 16.782572829552276 ], [ -93.121366418206463, 16.782835215868172 ] ] ] ] } },
{ "type": "Feature", "properties": { "ID": 95, "ENTIDAD": 7, "MUNICIPIO": 102, "NOMBRE": "TUXTLA GUTIERREZ", "CONTROL": 163, "GEOMETRY1_": null, "ID_2": 1512, "ENTIDAD_2": 7, "DISTRITO_F": 9, "DISTRITO_L": 2, "MUNICIPIO_2": 102, "SECCION": 1617, "TIPO": 2, "CONTROL_2": 1830, "GEOMETRY1__2": null }, "geometry": { "type": "MultiPolygon", "coordinates": [ [ [ [ -93.116567475838451, 16.780522915694103 ], [ -93.115675333166664, 16.779997643926094 ], [ -93.114780838006482, 16.779477082488146 ], [ -93.114197993807011, 16.779137886163497 ], [ -93.1141766110443, 16.77912551999847 ], [ -93.114142909666782, 16.779109544147619 ], [ -93.114098839467545, 16.779086465431252 ], [ -93.114281109122444, 16.77869577617939 ], [ -93.113247605051654, 16.778656350288685 ], [ -93.112789966656393, 16.778641191537492 ], [ -93.111313386370654, 16.778592274546654 ], [ -93.111318620734153, 16.778482297629179 ], [ -93.110919351512166, 16.778381790406247 ], [ -93.111317794514662, 16.777063025702056 ], [ -93.111611449139929, 16.777118740612188 ], [ -93.112087781189672, 16.777209113836165 ], [ -93.112074687440938, 16.776232385017828 ], [ -93.112061227767057, 16.775228346982814 ], [ -93.112058068786467, 16.774992697706647 ], [ -93.112082595620024, 16.774655560633772 ], [ -93.11224392382546, 16.77360171252387 ], [ -93.112383255925977, 16.772691540766793 ], [ -93.112531513098446, 16.771881241925012 ], [ -93.112576240911338, 16.771636780928663 ], [ -93.112651946176101, 16.771223010450075 ], [ -93.113036852743335, 16.771394470069346 ], [ -93.114093528768336, 16.771865169306931 ], [ -93.115348929529375, 16.772493045149311 ], [ -93.115699032190477, 16.772668396594273 ], [ -93.115516231873386, 16.773093633986196 ], [ -93.115157966411388, 16.773927039444569 ], [ -93.115006486938498, 16.774294569565694 ], [ -93.114986680115663, 16.774342626155832 ], [ -93.114791056430931, 16.775039154873383 ], [ -93.114595431336966, 16.77573568336701 ], [ -93.114856756698956, 16.77581823991558 ], [ -93.115229936034652, 16.775936132088933 ], [ -93.115427797117263, 16.77599863862687 ], [ -93.115578502506736, 16.77604624799638 ], [ -93.115836898444385, 16.776135086149811 ], [ -93.116014098370115, 16.776196008366181 ], [ -93.116312919050117, 16.776299736671533 ], [ -93.116495816986998, 16.776363224955674 ], [ -93.116861046649802, 16.776490004364241 ], [ -93.117359957708288, 16.776663186260798 ], [ -93.117878102920713, 16.776843043095429 ], [ -93.118398075881146, 16.777041734771711 ], [ -93.118865849758507, 16.777214554913744 ], [ -93.118834012468142, 16.777396169159417 ], [ -93.118751649321396, 16.77784564661739 ], [ -93.118704677893916, 16.778101981158844 ], [ -93.118696072099993, 16.778148945001501 ], [ -93.118661919765827, 16.778335322096702 ], [ -93.11855642987608, 16.778843364608466 ], [ -93.118433684260154, 16.779263251135841 ], [ -93.118270837547911, 16.779622418682507 ], [ -93.118122860593246, 16.779948788863621 ], [ -93.11797642275441, 16.780235578847595 ], [ -93.117899704325907, 16.780385827039218 ], [ -93.117752612328644, 16.780673896674706 ], [ -93.117713180670563, 16.780751120719732 ], [ -93.117537948836656, 16.781094298721992 ], [ -93.116567475838451, 16.780522915694103 ] ] ] ] } },
{ "type": "Feature", "properties": { "ID": 95, "ENTIDAD": 7, "MUNICIPIO": 102, "NOMBRE": "TUXTLA GUTIERREZ", "CONTROL": 163, "GEOMETRY1_": null, "ID_2": 1513, "ENTIDAD_2": 7, "DISTRITO_F": 9, "DISTRITO_L": 1, "MUNICIPIO_2": 102, "SECCION": 1618, "TIPO": 2, "CONTROL_2": 1831, "GEOMETRY1__2": null }, "geometry": { "type": "MultiPolygon", "coordinates": [ [ [ [ -93.106099008650375, 16.778733621324122 ], [ -93.106044740717977, 16.778721887997037 ], [ -93.10576262035849, 16.778728101059361 ], [ -93.105721155388736, 16.778661606481904 ], [ -93.10568890651075, 16.778612844730556 ], [ -93.105582990451637, 16.778533080002628 ], [ -93.105481692283973, 16.778479919199107 ], [ -93.105361976784252, 16.77841789898245 ], [ -93.105280217950494, 16.778392884417169 ], [ -93.105159405136177, 16.778355921000017 ], [ -93.104910176680448, 16.778303152429476 ], [ -93.104169757485153, 16.778177931032545 ], [ -93.104005415415912, 16.778150355064305 ], [ -93.103073438332174, 16.777993970254187 ], [ -93.10303236855232, 16.777987078683758 ], [ -93.102411086062745, 16.777882825492462 ], [ -93.102300594752023, 16.777851839640842 ], [ -93.102162207569719, 16.777778900663119 ], [ -93.102042127516214, 16.777696552638631 ], [ -93.101774000079715, 16.777512676752416 ], [ -93.10156083384615, 16.77735472216256 ], [ -93.101409475122495, 16.777227843658302 ], [ -93.101340160023028, 16.777131753149629 ], [ -93.10130194451888, 16.7770298384726 ], [ -93.101271849495532, 16.776904882365901 ], [ -93.101358453746954, 16.776499498971202 ], [ -93.101590250186078, 16.775961471472726 ], [ -93.101843687144324, 16.77540147362717 ], [ -93.102187351968666, 16.774749479807515 ], [ -93.102286401741551, 16.77474714045486 ], [ -93.102431899037526, 16.774743704020363 ], [ -93.103616822959623, 16.774439245199837 ], [ -93.103684644956928, 16.774879818792602 ], [ -93.104282991102281, 16.774722265478697 ], [ -93.104570630122311, 16.775023130221157 ], [ -93.105113218964803, 16.774373644545239 ], [ -93.105315221844464, 16.774567759526654 ], [ -93.105507729159939, 16.774756174207145 ], [ -93.105528858127627, 16.775153283032669 ], [ -93.105537198355123, 16.775272911950378 ], [ -93.105553197678844, 16.77528644446631 ], [ -93.105581396389454, 16.775332955180364 ], [ -93.105782466610819, 16.775381629947084 ], [ -93.10593740030636, 16.775413171560466 ], [ -93.106288712169714, 16.77539037821095 ], [ -93.10671270627148, 16.775357686904758 ], [ -93.10672041253838, 16.775456685881601 ], [ -93.106731090477027, 16.775593860423225 ], [ -93.106771185043328, 16.776108934932481 ], [ -93.106806883413427, 16.77714249004876 ], [ -93.106793197414405, 16.777253748929287 ], [ -93.106764970191165, 16.77770766221817 ], [ -93.106750854874221, 16.777725346597006 ], [ -93.106737885329039, 16.777741595491506 ], [ -93.106733270194823, 16.777811526809224 ], [ -93.106706270738741, 16.777984621875067 ], [ -93.106682843808855, 16.778193800016787 ], [ -93.10657979207636, 16.778855868225751 ], [ -93.106099008650375, 16.778733621324122 ] ] ] ] } },
{ "type": "Feature", "properties": { "ID": 95, "ENTIDAD": 7, "MUNICIPIO": 102, "NOMBRE": "TUXTLA GUTIERREZ", "CONTROL": 163, "GEOMETRY1_": null, "ID_2": 1514, "ENTIDAD_2": 7, "DISTRITO_F": 9, "DISTRITO_L": 1, "MUNICIPIO_2": 102, "SECCION": 1619, "TIPO": 2, "CONTROL_2": 1832, "GEOMETRY1__2": null }, "geometry": { "type": "MultiPolygon", "coordinates": [ [ [ [ -93.099693684513355, 16.77422646305255 ], [ -93.098948892991686, 16.774146290103459 ], [ -93.098382241392045, 16.77408529114458 ], [ -93.098275175386703, 16.77405526298601 ], [ -93.098084602768438, 16.774017012741965 ], [ -93.097764307869483, 16.77395272522514 ], [ -93.097570353695815, 16.7739137957366 ], [ -93.097047171357119, 16.773702416830439 ], [ -93.097034196610565, 16.773608015338148 ], [ -93.096888588334622, 16.773428577479752 ], [ -93.096748559225674, 16.773244593570279 ], [ -93.096627999596251, 16.773065491232821 ], [ -93.09632003781924, 16.772577698693727 ], [ -93.096168418279674, 16.772390401215016 ], [ -93.096084047714569, 16.772295280275454 ], [ -93.096219607076549, 16.771952613092758 ], [ -93.096387691044185, 16.771527728326785 ], [ -93.096465940076499, 16.771329928748148 ], [ -93.09652628961841, 16.771177375584251 ], [ -93.096607808775715, 16.77097130889355 ], [ -93.096782346651167, 16.770530104957203 ], [ -93.096792555012186, 16.770503938001251 ], [ -93.096932883062138, 16.770138915024727 ], [ -93.097095819905618, 16.769715079918893 ], [ -93.097125629333846, 16.76975791488416 ], [ -93.09750650064953, 16.769942956079472 ], [ -93.098206163305491, 16.770355035644943 ], [ -93.099135009928659, 16.7708683239408 ], [ -93.099639678664758, 16.771170372026017 ], [ -93.099538282812247, 16.771404548681033 ], [ -93.099781293328874, 16.771523232191221 ], [ -93.100107686976159, 16.771682638366421 ], [ -93.100432868440464, 16.771841451745573 ], [ -93.100747393146861, 16.771995059793241 ], [ -93.101089654932323, 16.772162213286883 ], [ -93.101420047250571, 16.772323569160424 ], [ -93.101757021343587, 16.772488138588141 ], [ -93.10217535778574, 16.77269244211497 ], [ -93.102272047561542, 16.772648197625092 ], [ -93.102895039097575, 16.772363119960644 ], [ -93.102541520984161, 16.773819447875049 ], [ -93.102462223685194, 16.77412670170099 ], [ -93.102398031690228, 16.774315918513068 ], [ -93.102187351968666, 16.774749479807515 ], [ -93.099693684513355, 16.77422646305255 ] ] ] ] } },
{ "type": "Feature", "properties": { "ID": 95, "ENTIDAD": 7, "MUNICIPIO": 102, "NOMBRE": "TUXTLA GUTIERREZ", "CONTROL": 163, "GEOMETRY1_": null, "ID_2": 1515, "ENTIDAD_2": 7, "DISTRITO_F": 9, "DISTRITO_L": 1, "MUNICIPIO_2": 102, "SECCION": 1620, "TIPO": 2, "CONTROL_2": 1833, "GEOMETRY1__2": null }, "geometry": { "type": "MultiPolygon", "coordinates": [ [ [ [ -93.094998595247503, 16.775415133221188 ], [ -93.09523893136479, 16.775119865124012 ], [ -93.09532258364581, 16.77501649532028 ], [ -93.095834103031876, 16.77438440347785 ], [ -93.096103573182532, 16.774051413150325 ], [ -93.096507585780813, 16.77355048839512 ], [ -93.096260750264065, 16.773487535506852 ], [ -93.09613931137406, 16.773449715513717 ], [ -93.096031253084035, 16.773416062598773 ], [ -93.095906382749391, 16.773459091094985 ], [ -93.095090890661538, 16.773251537166068 ], [ -93.094943139133576, 16.773213931979846 ], [ -93.094587349432075, 16.773123377171306 ], [ -93.094267829500453, 16.77304205306643 ], [ -93.093479608885659, 16.772841433002338 ], [ -93.093371489273565, 16.77320912917326 ], [ -93.09325307942359, 16.773611818984048 ], [ -93.093199067785392, 16.773795501904608 ], [ -93.09116484584375, 16.773242094202129 ], [ -93.091406592296735, 16.772312295879686 ], [ -93.0914669452021, 16.772080166801835 ], [ -93.09165339733056, 16.771363031784734 ], [ -93.091664990615371, 16.771318441333186 ], [ -93.091759811516866, 16.770982175451511 ], [ -93.091848796934229, 16.770666602988118 ], [ -93.091862940750303, 16.770616444121018 ], [ -93.091940282551192, 16.770342162844702 ], [ -93.092035683928515, 16.770003834824646 ], [ -93.092121170101152, 16.769700668677597 ], [ -93.092211738158454, 16.769379479168606 ], [ -93.092265262039263, 16.769189662172714 ], [ -93.092304782401797, 16.76904149624853 ], [ -93.093337200028415, 16.769322064533259 ], [ -93.094318000939708, 16.769574444901988 ], [ -93.094750321772125, 16.769688947124344 ], [ -93.095075257938447, 16.769607124786742 ], [ -93.095015985740503, 16.769289857278405 ], [ -93.09497608847839, 16.769076297769505 ], [ -93.095021476325641, 16.769086974579402 ], [ -93.096304407646031, 16.769388760280609 ], [ -93.096358585862134, 16.769411099486167 ], [ -93.09672253959782, 16.769561167362788 ], [ -93.097095819905618, 16.769715079918893 ], [ -93.096932883062138, 16.770138915024727 ], [ -93.096792555012186, 16.770503938001251 ], [ -93.096782346651167, 16.770530104957203 ], [ -93.096607808775715, 16.77097130889355 ], [ -93.09652628961841, 16.771177375584251 ], [ -93.096465940076499, 16.771329928748148 ], [ -93.096387691044185, 16.771527728326785 ], [ -93.096219607076549, 16.771952613092758 ], [ -93.096084047714569, 16.772295280275454 ], [ -93.096168418279674, 16.772390401215016 ], [ -93.09632003781924, 16.772577698693727 ], [ -93.096627999596251, 16.773065491232821 ], [ -93.096748559225674, 16.773244593570279 ], [ -93.096888588334622, 16.773428577479752 ], [ -93.097034196610565, 16.773608015338148 ], [ -93.097047171357119, 16.773702416830439 ], [ -93.097570353695815, 16.7739137957366 ], [ -93.097138483027337, 16.774441322909119 ], [ -93.096955945259666, 16.774664290437919 ], [ -93.096488549210832, 16.77523520556721 ], [ -93.096334609084224, 16.775423576933182 ], [ -93.096014624131129, 16.775820748322932 ], [ -93.094998595247503, 16.775415133221188 ] ] ] ] } },
{ "type": "Feature", "properties": { "ID": 95, "ENTIDAD": 7, "MUNICIPIO": 102, "NOMBRE": "TUXTLA GUTIERREZ", "CONTROL": 163, "GEOMETRY1_": null, "ID_2": 1523, "ENTIDAD_2": 7, "DISTRITO_F": 9, "DISTRITO_L": 1, "MUNICIPIO_2": 102, "SECCION": 1628, "TIPO": 2, "CONTROL_2": 1841, "GEOMETRY1__2": null }, "geometry": { "type": "MultiPolygon", "coordinates": [ [ [ [ -93.09672253959782, 16.769561167362788 ], [ -93.096358585862134, 16.769411099486167 ], [ -93.096304407646031, 16.769388760280609 ], [ -93.095021476325641, 16.769086974579402 ], [ -93.09497608847839, 16.769076297769505 ], [ -93.095015985740503, 16.769289857278405 ], [ -93.095075257938447, 16.769607124786742 ], [ -93.094750321772125, 16.769688947124344 ], [ -93.094318000939708, 16.769574444901988 ], [ -93.093337200028415, 16.769322064533259 ], [ -93.093418884717224, 16.769023071583497 ], [ -93.093503888433247, 16.768711928872321 ], [ -93.093594200293111, 16.768381355390961 ], [ -93.093676600416245, 16.76807974064635 ], [ -93.093766446459469, 16.767750869976943 ], [ -93.09385457662917, 16.767428278921876 ], [ -93.093943286506317, 16.7671035647748 ], [ -93.094030889838905, 16.766782899912165 ], [ -93.094073811396001, 16.766733231198106 ], [ -93.094174444622141, 16.766398505767249 ], [ -93.0943106408576, 16.765945488997538 ], [ -93.094437747310863, 16.765522704703155 ], [ -93.094477904657879, 16.765389132043435 ], [ -93.094554016971472, 16.765135964284351 ], [ -93.094789487607414, 16.765271269922707 ], [ -93.095400391647189, 16.765622304148927 ], [ -93.095651475348276, 16.765810989829465 ], [ -93.096301135074725, 16.76632004394046 ], [ -93.097047751884745, 16.766905064826712 ], [ -93.097360820394428, 16.76714951768308 ], [ -93.09778472433247, 16.767480378870165 ], [ -93.097612782142662, 16.768015608010938 ], [ -93.097474082344121, 16.768447356501767 ], [ -93.097343350258541, 16.768855742255464 ], [ -93.097215463709972, 16.769299720030357 ], [ -93.097095819905618, 16.769715079918893 ], [ -93.09672253959782, 16.769561167362788 ] ] ] ] } },
{ "type": "Feature", "properties": { "ID": 95, "ENTIDAD": 7, "MUNICIPIO": 102, "NOMBRE": "TUXTLA GUTIERREZ", "CONTROL": 163, "GEOMETRY1_": null, "ID_2": 1625, "ENTIDAD_2": 7, "DISTRITO_F": 9, "DISTRITO_L": 13, "MUNICIPIO_2": 102, "SECCION": 1732, "TIPO": 2, "CONTROL_2": 1878, "GEOMETRY1__2": null }, "geometry": { "type": "MultiPolygon", "coordinates": [ [ [ [ -93.115931379112638, 16.734256380669443 ], [ -93.115885952979809, 16.734160568461292 ], [ -93.115830046143486, 16.734046267124835 ], [ -93.115802048072908, 16.733915136491888 ], [ -93.115786227980891, 16.733723469947783 ], [ -93.115798365299156, 16.733595679531454 ], [ -93.115798297271397, 16.73348302822674 ], [ -93.115820905121296, 16.733356913298792 ], [ -93.115860963176942, 16.733232469941903 ], [ -93.11587454660318, 16.733178983204091 ], [ -93.115878596722027, 16.733151550961487 ], [ -93.115837914390426, 16.733126103097174 ], [ -93.115768767581429, 16.733104589749765 ], [ -93.11569961960565, 16.733081117096159 ], [ -93.115604026333216, 16.7330380663876 ], [ -93.115520634357452, 16.73299696809352 ], [ -93.115445382875507, 16.732967620917094 ], [ -93.115364018415278, 16.732916725007552 ], [ -93.115317230276432, 16.732881484031605 ], [ -93.115229752904014, 16.732809039360841 ], [ -93.115166695716326, 16.732769888859174 ], [ -93.115109725645468, 16.732709182824571 ], [ -93.115048693628751, 16.732656316171433 ], [ -93.114993765194967, 16.732609323952666 ], [ -93.114953073699013, 16.732568201646476 ], [ -93.114904242987706, 16.732517287441695 ], [ -93.114865590738731, 16.73248596040202 ], [ -93.114810643629795, 16.732407619603052 ], [ -93.1147699393171, 16.732344945144952 ], [ -93.114731266024705, 16.732278350982337 ], [ -93.114708855942212, 16.732205869928585 ], [ -93.114689456966929, 16.732123590780315 ], [ -93.114689445806334, 16.732104928892902 ], [ -93.114741702620208, 16.731953577143223 ], [ -93.114811452731487, 16.731876195656142 ], [ -93.114865476451001, 16.731761832891152 ], [ -93.114861944339196, 16.731691217581325 ], [ -93.114861872841658, 16.731571840799528 ], [ -93.114871270293023, 16.731504871555412 ], [ -93.114880985236738, 16.731435639710401 ], [ -93.114901846539041, 16.731306163099877 ], [ -93.114893017262304, 16.731131306181304 ], [ -93.114892951791404, 16.731022017572439 ], [ -93.114861466021679, 16.730892570071205 ], [ -93.114844060041477, 16.730831211597 ], [ -93.114832195056081, 16.730789385867883 ], [ -93.114798516752018, 16.730670665041028 ], [ -93.11478276134514, 16.730584924240254 ], [ -93.114765232885063, 16.730452106234043 ], [ -93.1147599368268, 16.730349545979173 ], [ -93.114778997862715, 16.730127595351878 ], [ -93.114805119941835, 16.730041831274605 ], [ -93.11488533164102, 16.729952674390134 ], [ -93.114933283122809, 16.729907127032181 ], [ -93.114998685111843, 16.729845004022984 ], [ -93.115068446462104, 16.729787798799766 ], [ -93.115122505778061, 16.729733965032203 ], [ -93.115187025314, 16.729664993141995 ], [ -93.115296888668368, 16.729557324556204 ], [ -93.115352683642769, 16.729488357483124 ], [ -93.115439866309117, 16.729385745576415 ], [ -93.115540973534877, 16.729225959467382 ], [ -93.115579308332357, 16.729138507092241 ], [ -93.115628100235767, 16.72903087248779 ], [ -93.115657694319452, 16.728916523163754 ], [ -93.115673342496535, 16.728824039377113 ], [ -93.115643624766818, 16.728733262353238 ], [ -93.115610425412171, 16.728655938185618 ], [ -93.115542321403026, 16.728566863988053 ], [ -93.115488144093362, 16.728423978328411 ], [ -93.115472348083927, 16.728270983017126 ], [ -93.115693583815698, 16.728313618480907 ], [ -93.115796828900073, 16.728335666753171 ], [ -93.116555664488502, 16.72849771644082 ], [ -93.116568225997781, 16.728448808195257 ], [ -93.117067158962115, 16.72857350686618 ], [ -93.117724685535521, 16.728622769665584 ], [ -93.117618350983406, 16.728886276272981 ], [ -93.117552467326746, 16.729049541523718 ], [ -93.117406559703952, 16.729487278667516 ], [ -93.117244278374415, 16.729975856213507 ], [ -93.117113234297207, 16.730419247667953 ], [ -93.116973905852717, 16.730890667188124 ], [ -93.116942960228712, 16.730995371764411 ], [ -93.117216839241578, 16.731064324141627 ], [ -93.117146410732929, 16.73140409410912 ], [ -93.117782182392716, 16.731524719966977 ], [ -93.118511032668337, 16.731663772029506 ], [ -93.11833601813214, 16.732257076137458 ], [ -93.118298666679024, 16.732428487433548 ], [ -93.118255191798454, 16.732578067352694 ], [ -93.118215198540852, 16.732707466591162 ], [ -93.118179443079711, 16.732967613059909 ], [ -93.118167316063676, 16.733048372406067 ], [ -93.118119022582064, 16.733369980115548 ], [ -93.118113668023042, 16.733423538415366 ], [ -93.118079777054902, 16.733762527861352 ], [ -93.118050912027527, 16.734051245145221 ], [ -93.118038145244711, 16.734178942339859 ], [ -93.1180147305883, 16.734413142330094 ], [ -93.117998645389548, 16.734574030694969 ], [ -93.117950744432349, 16.735053147031206 ], [ -93.117945403635844, 16.735106566754791 ], [ -93.117940062836482, 16.735159986477985 ], [ -93.117937734737183, 16.735183272574719 ], [ -93.117843522949869, 16.735169196076995 ], [ -93.117838842510309, 16.735194822642267 ], [ -93.117827802426859, 16.73525526980465 ], [ -93.117658406544038, 16.736182748971896 ], [ -93.117622162760995, 16.736381190366497 ], [ -93.116778810211954, 16.736241359687622 ], [ -93.116709083939881, 16.736795951323341 ], [ -93.116690338969192, 16.736945045286003 ], [ -93.116597605232229, 16.737420311923781 ], [ -93.115899197884445, 16.737297728990306 ], [ -93.115698510196708, 16.737262504258613 ], [ -93.11566911379964, 16.737257344581266 ], [ -93.115165886337934, 16.737169017032283 ], [ -93.115352577158731, 16.736267865112435 ], [ -93.11545119654069, 16.735791828361837 ], [ -93.115596295012196, 16.735091432226437 ], [ -93.115605253979822, 16.735048186761112 ], [ -93.11561141129539, 16.735018465024037 ], [ -93.115961521927588, 16.735044467203995 ], [ -93.116350981326505, 16.735073474094744 ], [ -93.116448035067449, 16.734923083068871 ], [ -93.116480382259837, 16.734866334138545 ], [ -93.116492097085327, 16.734767048826996 ], [ -93.116480266803961, 16.734676286399022 ], [ -93.116453726238987, 16.734599714937691 ], [ -93.116385974484942, 16.73452600323678 ], [ -93.116297614603937, 16.734449466584991 ], [ -93.116132718268005, 16.734375809483673 ], [ -93.115964458880256, 16.734313979311683 ], [ -93.115931379112638, 16.734256380669443 ] ] ] ] } },
{ "type": "Feature", "properties": { "ID": 95, "ENTIDAD": 7, "MUNICIPIO": 102, "NOMBRE": "TUXTLA GUTIERREZ", "CONTROL": 163, "GEOMETRY1_": null, "ID_2": 1626, "ENTIDAD_2": 7, "DISTRITO_F": 9, "DISTRITO_L": 13, "MUNICIPIO_2": 102, "SECCION": 1733, "TIPO": 2, "CONTROL_2": 1879, "GEOMETRY1__2": null }, "geometry": { "type": "MultiPolygon", "coordinates": [ [ [ [ -93.116343663852334, 16.738834747668854 ], [ -93.116348155194359, 16.738807603069816 ], [ -93.116393740267057, 16.738532097338599 ], [ -93.116467481590789, 16.738270768011162 ], [ -93.11647667425791, 16.738238190384376 ], [ -93.116494790751204, 16.738173987835083 ], [ -93.11650685958729, 16.738117939248376 ], [ -93.116558339629918, 16.737855096835172 ], [ -93.116517777327218, 16.737776594848789 ], [ -93.116597605232229, 16.737420311923781 ], [ -93.116690338969192, 16.736945045286003 ], [ -93.116709083939881, 16.736795951323341 ], [ -93.116778810211954, 16.736241359687622 ], [ -93.117622162760995, 16.736381190366497 ], [ -93.117658406544038, 16.736182748971896 ], [ -93.117827802426859, 16.73525526980465 ], [ -93.117838842510309, 16.735194822642267 ], [ -93.117843522949869, 16.735169196076995 ], [ -93.117937734737183, 16.735183272574719 ], [ -93.118622551014198, 16.735270594078127 ], [ -93.119412650499967, 16.735425123066033 ], [ -93.11940922616995, 16.73544907267711 ], [ -93.11939822242384, 16.735526032345227 ], [ -93.119274618618519, 16.736390507162039 ], [ -93.119156559243294, 16.737076933253469 ], [ -93.119121884826043, 16.737300583984322 ], [ -93.119118765611873, 16.737320702956819 ], [ -93.119043503886331, 16.737800462480486 ], [ -93.119951398723117, 16.737929304056436 ], [ -93.120761593963508, 16.738070272569175 ], [ -93.120608607430555, 16.738754869542706 ], [ -93.120515870235934, 16.739494812626326 ], [ -93.120388087503628, 16.740206204396095 ], [ -93.120257342982143, 16.740934079544086 ], [ -93.119470203621432, 16.740816861209314 ], [ -93.118510086562765, 16.740662161115132 ], [ -93.117668408194589, 16.740535852692915 ], [ -93.116917823810041, 16.740403508461512 ], [ -93.117056727829308, 16.73970160656004 ], [ -93.117191451207077, 16.739020825080296 ], [ -93.116335379995334, 16.738884813302523 ], [ -93.116343663852334, 16.738834747668854 ] ] ] ] } },
{ "type": "Feature", "properties": { "ID": 95, "ENTIDAD": 7, "MUNICIPIO": 102, "NOMBRE": "TUXTLA GUTIERREZ", "CONTROL": 163, "GEOMETRY1_": null, "ID_2": 1627, "ENTIDAD_2": 7, "DISTRITO_F": 9, "DISTRITO_L": 13, "MUNICIPIO_2": 102, "SECCION": 1734, "TIPO": 2, "CONTROL_2": 1880, "GEOMETRY1__2": null }, "geometry": { "type": "MultiPolygon", "coordinates": [ [ [ [ -93.128160442406369, 16.744224538763984 ], [ -93.127750790272358, 16.744066279614568 ], [ -93.1275530700281, 16.743999569377863 ], [ -93.127397962184119, 16.743916003445019 ], [ -93.126951173072655, 16.743617652970062 ], [ -93.126434499507923, 16.743156781420051 ], [ -93.126288039909852, 16.742960011218866 ], [ -93.126181021310828, 16.742816230140633 ], [ -93.125619438184913, 16.741899869801472 ], [ -93.125258260900893, 16.74183079339894 ], [ -93.124441375856222, 16.741682055733257 ], [ -93.123630104116671, 16.741534336698862 ], [ -93.123805710501514, 16.740618786975045 ], [ -93.12397489197339, 16.739898534512392 ], [ -93.124055680621495, 16.739419903715483 ], [ -93.124069363388145, 16.739338840189696 ], [ -93.124074793121395, 16.739306671726119 ], [ -93.123531306650278, 16.738478853733092 ], [ -93.123559160719964, 16.738453139566662 ], [ -93.123623407320423, 16.738393828703803 ], [ -93.12368765388112, 16.738334517820789 ], [ -93.123907117284148, 16.737773812490506 ], [ -93.124160568365554, 16.73709022212401 ], [ -93.124407295837301, 16.736424761229102 ], [ -93.124658864142376, 16.735990352689488 ], [ -93.124801927917602, 16.735847216966434 ], [ -93.124859453986417, 16.735853407705726 ], [ -93.128007849763151, 16.736248231692525 ], [ -93.128217422532046, 16.736295816824224 ], [ -93.1284080376346, 16.736336207607941 ], [ -93.129984591082717, 16.73667761486757 ], [ -93.130061082591112, 16.736709170319749 ], [ -93.130009167405348, 16.736993602736646 ], [ -93.129908660969718, 16.737540732161925 ], [ -93.129721131864059, 16.738482024721847 ], [ -93.129694183516378, 16.738635277723478 ], [ -93.129614141837223, 16.739090466617021 ], [ -93.129589020388252, 16.739233329297608 ], [ -93.12952833128648, 16.739578460092311 ], [ -93.12948885697088, 16.739807391965829 ], [ -93.129410982500971, 16.740266551479372 ], [ -93.12937466798661, 16.740480666531568 ], [ -93.129323635334984, 16.740781560807559 ], [ -93.129228810135729, 16.741340658380565 ], [ -93.129135841383146, 16.741800086610553 ], [ -93.128993057404614, 16.742505684849846 ], [ -93.128953229783164, 16.742718917819506 ], [ -93.12876289894109, 16.743737510003324 ], [ -93.128634508523319, 16.744313693782146 ], [ -93.128160442406369, 16.744224538763984 ] ] ] ] } },
{ "type": "Feature", "properties": { "ID": 95, "ENTIDAD": 7, "MUNICIPIO": 102, "NOMBRE": "TUXTLA GUTIERREZ", "CONTROL": 163, "GEOMETRY1_": null, "ID_2": 1628, "ENTIDAD_2": 7, "DISTRITO_F": 9, "DISTRITO_L": 13, "MUNICIPIO_2": 102, "SECCION": 1735, "TIPO": 2, "CONTROL_2": 1881, "GEOMETRY1__2": null }, "geometry": { "type": "MultiPolygon", "coordinates": [ [ [ [ -93.128318380352681, 16.745600465499823 ], [ -93.128347098942001, 16.745490042059579 ], [ -93.128517096533912, 16.744836395897501 ], [ -93.128634508523319, 16.744313693782146 ], [ -93.12876289894109, 16.743737510003324 ], [ -93.128953229783164, 16.742718917819506 ], [ -93.128993057404614, 16.742505684849846 ], [ -93.129135841383146, 16.741800086610553 ], [ -93.129228810135729, 16.741340658380565 ], [ -93.129323635334984, 16.740781560807559 ], [ -93.12937466798661, 16.740480666531568 ], [ -93.129410982500971, 16.740266551479372 ], [ -93.12948885697088, 16.739807391965829 ], [ -93.12952833128648, 16.739578460092311 ], [ -93.129589020388252, 16.739233329297608 ], [ -93.129614141837223, 16.739090466617021 ], [ -93.129694183516378, 16.738635277723478 ], [ -93.129721131864059, 16.738482024721847 ], [ -93.129908660969718, 16.737540732161925 ], [ -93.130009167405348, 16.736993602736646 ], [ -93.130061082591112, 16.736709170319749 ], [ -93.130372027063643, 16.735435529748873 ], [ -93.130377376279853, 16.735377049783118 ], [ -93.130324604894668, 16.735222534194474 ], [ -93.13028139673888, 16.735049558956387 ], [ -93.130221429668367, 16.734874287573962 ], [ -93.130183053369777, 16.734765896864673 ], [ -93.130155346440489, 16.734728423499728 ], [ -93.130102039952035, 16.734595136269277 ], [ -93.130115676220939, 16.734092313214067 ], [ -93.130117615033186, 16.734020821368848 ], [ -93.130101455455431, 16.733733678993204 ], [ -93.130130626684107, 16.733590084333883 ], [ -93.130279294497456, 16.733095165197732 ], [ -93.130335033187492, 16.732892584908708 ], [ -93.13045724399548, 16.732620738341623 ], [ -93.129871410537433, 16.731936556248282 ], [ -93.129517321320122, 16.731629115065317 ], [ -93.129873382019284, 16.730918701502514 ], [ -93.130486627883982, 16.729717529212692 ], [ -93.13134917640258, 16.7287339525924 ], [ -93.131819502521466, 16.727977476064826 ], [ -93.132760562317216, 16.7270694610745 ], [ -93.134094243651106, 16.726539275848133 ], [ -93.135348590852843, 16.724799250701388 ], [ -93.137544524629973, 16.722982975493544 ], [ -93.139034888433955, 16.72215018321798 ], [ -93.142172910966465, 16.721013782402746 ], [ -93.14148551697491, 16.735815560276457 ], [ -93.141096874180718, 16.737442619963865 ], [ -93.140824086011065, 16.738584635502136 ], [ -93.140587908318793, 16.739402695487335 ], [ -93.140658370250122, 16.739411133389655 ], [ -93.140728832187449, 16.739419571267973 ], [ -93.140788297890978, 16.739444988408135 ], [ -93.140724483216772, 16.739493825802107 ], [ -93.140669512844269, 16.739593572512412 ], [ -93.140636567638438, 16.739703911572672 ], [ -93.140601411312858, 16.739801523292375 ], [ -93.140555289777296, 16.739958543724121 ], [ -93.140548760758904, 16.740062500361844 ], [ -93.14057969570662, 16.740213103904264 ], [ -93.140630426235475, 16.740336114804105 ], [ -93.140683321212379, 16.740408208857332 ], [ -93.1407537959807, 16.740433618500731 ], [ -93.140870499782039, 16.740448389215491 ], [ -93.140921154132911, 16.740467447905104 ], [ -93.140938825874372, 16.740545930350066 ], [ -93.140936708356463, 16.74066049134699 ], [ -93.14093462359493, 16.740819603255993 ], [ -93.140980557178054, 16.740954536964928 ], [ -93.141021408751399, 16.741038706254827 ], [ -93.14106772707224, 16.741134138957506 ], [ -93.141292623238371, 16.741200938383979 ], [ -93.141432514978391, 16.741218099700379 ], [ -93.141454560776751, 16.741256271110068 ], [ -93.141694924423717, 16.74198672460259 ], [ -93.141773949190977, 16.745000251558587 ], [ -93.141773295973948, 16.745048385585804 ], [ -93.141772476954401, 16.745108737186541 ], [ -93.141797727928591, 16.745721958812446 ], [ -93.141761085830396, 16.745774909725881 ], [ -93.14172444371205, 16.745827860632691 ], [ -93.141664905803765, 16.745773940085659 ], [ -93.141611770239734, 16.745724782637648 ], [ -93.141549451729176, 16.745685470256692 ], [ -93.141469118639435, 16.745641217525545 ], [ -93.141374779038429, 16.745606879717219 ], [ -93.141298259748723, 16.745588171523558 ], [ -93.141213962894739, 16.74557662738728 ], [ -93.141153756967, 16.745576668570219 ], [ -93.141075493531673, 16.745582522992798 ], [ -93.141003254953276, 16.745594174183811 ], [ -93.140934041596253, 16.745626126482833 ], [ -93.140861817918278, 16.745658080813104 ], [ -93.140813687259495, 16.745704520967067 ], [ -93.140768569007435, 16.745753859512142 ], [ -93.140735491932176, 16.745803189837101 ], [ -93.140697181916266, 16.745867245527069 ], [ -93.14068144020429, 16.745916119424678 ], [ -93.140671341313038, 16.745975847956238 ], [ -93.140664686309293, 16.746121356142144 ], [ -93.14066417734233, 16.746221625382617 ], [ -93.140665700505551, 16.746355490633743 ], [ -93.140577440968983, 16.746341148982644 ], [ -93.140319243641656, 16.746297185877197 ], [ -93.13925932397062, 16.746119254746738 ], [ -93.138656894873847, 16.746003508169867 ], [ -93.137284513039589, 16.745763055196441 ], [ -93.136726411079692, 16.745665268196682 ], [ -93.13624937174157, 16.745581683185161 ], [ -93.135769297703291, 16.745497565255995 ], [ -93.135397326918778, 16.745432388213864 ], [ -93.135291386431447, 16.745413825099178 ], [ -93.134041747133409, 16.745194856293306 ], [ -93.133515595025557, 16.745102658552476 ], [ -93.132848832892165, 16.744985819630269 ], [ -93.132819865490703, 16.744980743525137 ], [ -93.132295131455663, 16.744898211966241 ], [ -93.131799758446192, 16.744820748603139 ], [ -93.131335271879948, 16.744748113932065 ], [ -93.130504275252989, 16.744623310270597 ], [ -93.130387926158818, 16.744599016769538 ], [ -93.129932672372775, 16.744540822973459 ], [ -93.129432608326056, 16.744450571021623 ], [ -93.129356578521154, 16.745034558166946 ], [ -93.129222673094631, 16.745752513563104 ], [ -93.128801123590321, 16.745677220092965 ], [ -93.128657154937599, 16.746593438076221 ], [ -93.128050479760773, 16.746644169559712 ], [ -93.128318380352681, 16.745600465499823 ] ] ] ] } },
{ "type": "Feature", "properties": { "ID": 95, "ENTIDAD": 7, "MUNICIPIO": 102, "NOMBRE": "TUXTLA GUTIERREZ", "CONTROL": 163, "GEOMETRY1_": null, "ID_2": 1629, "ENTIDAD_2": 7, "DISTRITO_F": 9, "DISTRITO_L": 13, "MUNICIPIO_2": 102, "SECCION": 1738, "TIPO": 2, "CONTROL_2": 1884, "GEOMETRY1__2": null }, "geometry": { "type": "MultiPolygon", "coordinates": [ [ [ [ -93.179124907720961, 16.746912586690016 ], [ -93.178031532817002, 16.746766739683977 ], [ -93.177606944837976, 16.746717684846988 ], [ -93.176980222259246, 16.74663010016495 ], [ -93.175993806673389, 16.746499651935693 ], [ -93.175947486030836, 16.746496480756484 ], [ -93.175937063693382, 16.74587152122281 ], [ -93.175859156628462, 16.74237053605237 ], [ -93.175853680969595, 16.74223301500685 ], [ -93.175827852016994, 16.741276387864051 ], [ -93.175824101307455, 16.741148326155802 ], [ -93.175800298929119, 16.740247734651877 ], [ -93.175797327786256, 16.74012311214786 ], [ -93.175807691458999, 16.739219387987351 ], [ -93.175806732712388, 16.739184894129824 ], [ -93.175847583050114, 16.739181822394556 ], [ -93.176042264811755, 16.73920979045776 ], [ -93.176465300991339, 16.739234612982539 ], [ -93.176931265767692, 16.739287180444677 ], [ -93.177989018690866, 16.739417563115964 ], [ -93.179053264460009, 16.739551060718654 ], [ -93.180117499905933, 16.73967204884859 ], [ -93.180641519210567, 16.739745051917925 ], [ -93.181165538900686, 16.739818053652879 ], [ -93.181059458168534, 16.740855977037807 ], [ -93.180924174601188, 16.741890799875147 ], [ -93.180762935007351, 16.742925645263664 ], [ -93.180617912510371, 16.743957350254362 ], [ -93.180485868904981, 16.744992169698808 ], [ -93.180331113267513, 16.746027008812973 ], [ -93.180186080390172, 16.747052461254473 ], [ -93.179124907720961, 16.746912586690016 ] ] ] ] } },
{ "type": "Feature", "properties": { "ID": 95, "ENTIDAD": 7, "MUNICIPIO": 102, "NOMBRE": "TUXTLA GUTIERREZ", "CONTROL": 163, "GEOMETRY1_": null, "ID_2": 1633, "ENTIDAD_2": 7, "DISTRITO_F": 9, "DISTRITO_L": 13, "MUNICIPIO_2": 102, "SECCION": 1745, "TIPO": 2, "CONTROL_2": 1898, "GEOMETRY1__2": null }, "geometry": { "type": "MultiPolygon", "coordinates": [ [ [ [ -93.107416562512356, 16.71141153042441 ], [ -93.109384720079348, 16.70876719017329 ], [ -93.109951644130973, 16.708005475959908 ], [ -93.109985717879027, 16.707955386855797 ], [ -93.110698678914289, 16.708186597157383 ], [ -93.110537722249305, 16.70856563682764 ], [ -93.111448841208627, 16.708792943276791 ], [ -93.110910540774412, 16.709755628031708 ], [ -93.111600914349012, 16.709898130890924 ], [ -93.112409214467846, 16.710064972250336 ], [ -93.113154194607532, 16.710220729030922 ], [ -93.114068860299497, 16.710406874202299 ], [ -93.114914329329707, 16.710585122545623 ], [ -93.115841345194511, 16.710765556943251 ], [ -93.116701387457908, 16.710927758132577 ], [ -93.11748488126976, 16.711062428096056 ], [ -93.118309644582396, 16.711204188204601 ], [ -93.119141186413017, 16.711347109854685 ], [ -93.119963828728416, 16.711488499555589 ], [ -93.120376713772046, 16.711559543346663 ], [ -93.120801521668525, 16.711632637747378 ], [ -93.121659768762427, 16.711780308852727 ], [ -93.1224720672204, 16.711920070479501 ], [ -93.123299838588366, 16.712062490830355 ], [ -93.124159636390331, 16.712210417678623 ], [ -93.124977363322103, 16.712350658751781 ], [ -93.124976132210961, 16.712416691020557 ], [ -93.124979303220172, 16.712527863983556 ], [ -93.125006091562199, 16.712685819402544 ], [ -93.125041860277719, 16.712818415553368 ], [ -93.125075016234447, 16.712903940186418 ], [ -93.125115691228601, 16.712983660623618 ], [ -93.125162389214267, 16.713070626955567 ], [ -93.125224147013569, 16.713179332803875 ], [ -93.12528136755256, 16.713251793634175 ], [ -93.125319763627601, 16.713297442526137 ], [ -93.125358159720932, 16.713343091410547 ], [ -93.12543042312484, 16.713411193346776 ], [ -93.125525252154105, 16.713474931828088 ], [ -93.12563363842942, 16.71356331049471 ], [ -93.125743552156635, 16.713686486009728 ], [ -93.125898623854198, 16.713841531985036 ], [ -93.125984194927213, 16.713930066988777 ], [ -93.126019070817364, 16.713966150843348 ], [ -93.126129506483394, 16.714038967721052 ], [ -93.12621807906568, 16.714067359334368 ], [ -93.126313961510164, 16.714092718055944 ], [ -93.1263841398534, 16.714101037115633 ], [ -93.126443189843641, 16.714122335260573 ], [ -93.126513313774154, 16.714150738029542 ], [ -93.126564991330923, 16.714182707777322 ], [ -93.126597306368978, 16.71420239382654 ], [ -93.126581032998942, 16.714232175577415 ], [ -93.126376357011864, 16.714606750396566 ], [ -93.125490647904783, 16.716701085005578 ], [ -93.125450128783825, 16.716796894734685 ], [ -93.124456650913331, 16.719145996371068 ], [ -93.121641699646204, 16.720231663984524 ], [ -93.117417961444588, 16.719856183062795 ], [ -93.117080698586648, 16.719800635472176 ], [ -93.11703359372477, 16.719792877199403 ], [ -93.116986488866644, 16.719785118915869 ], [ -93.115087263937355, 16.71947230251806 ], [ -93.114976981520513, 16.719382945765492 ], [ -93.11375169730519, 16.718390144870423 ], [ -93.108782463910359, 16.714261227862224 ], [ -93.108730721292886, 16.714212488307243 ], [ -93.108717143190219, 16.714136905986919 ], [ -93.107112652006251, 16.713825062030686 ], [ -93.107616094839358, 16.711531802615795 ], [ -93.107419438901829, 16.711458032045815 ], [ -93.107416562512356, 16.71141153042441 ] ] ] ] } },
{ "type": "Feature", "properties": { "ID": 95, "ENTIDAD": 7, "MUNICIPIO": 102, "NOMBRE": "TUXTLA GUTIERREZ", "CONTROL": 163, "GEOMETRY1_": null, "ID_2": 1814, "ENTIDAD_2": 7, "DISTRITO_F": 9, "DISTRITO_L": 1, "MUNICIPIO_2": 102, "SECCION": 1931, "TIPO": 2, "CONTROL_2": 2161, "GEOMETRY1__2": null }, "geometry": { "type": "MultiPolygon", "coordinates": [ [ [ [ -93.097608811134137, 16.790944023865986 ], [ -93.096551120258724, 16.790845728481319 ], [ -93.096613767391545, 16.790360205494352 ], [ -93.096678080723464, 16.789864561648017 ], [ -93.096741311364809, 16.789377245319049 ], [ -93.096804285937594, 16.788891927914815 ], [ -93.097809497938499, 16.789006573011878 ], [ -93.098999217984456, 16.789142254850095 ], [ -93.098948089227022, 16.789281275175441 ], [ -93.098846706802973, 16.789622399147721 ], [ -93.098820503160084, 16.789713992486604 ], [ -93.098730937031206, 16.790108934791188 ], [ -93.098620295708486, 16.790580434830748 ], [ -93.09851198536478, 16.791041999056279 ], [ -93.097608811134137, 16.790944023865986 ] ] ] ] } },
{ "type": "Feature", "properties": { "ID": 95, "ENTIDAD": 7, "MUNICIPIO": 102, "NOMBRE": "TUXTLA GUTIERREZ", "CONTROL": 163, "GEOMETRY1_": null, "ID_2": 1815, "ENTIDAD_2": 7, "DISTRITO_F": 9, "DISTRITO_L": 1, "MUNICIPIO_2": 102, "SECCION": 1932, "TIPO": 2, "CONTROL_2": 2159, "GEOMETRY1__2": null }, "geometry": { "type": "MultiPolygon", "coordinates": [ [ [ [ -93.093774042163616, 16.79098688402178 ], [ -93.092777480607495, 16.790836588578962 ], [ -93.091753255774535, 16.79072627328717 ], [ -93.091062404669941, 16.790610530047196 ], [ -93.091262823611558, 16.790086225014413 ], [ -93.091316124701819, 16.789946786429123 ], [ -93.091425888068514, 16.789671952254569 ], [ -93.091649701225222, 16.789197649917604 ], [ -93.092443972790889, 16.789355922471813 ], [ -93.09297832878552, 16.78943701379211 ], [ -93.093661115250441, 16.789515530077242 ], [ -93.094048590853049, 16.789545093510782 ], [ -93.093960645391235, 16.790036564741353 ], [ -93.09386684403492, 16.790489339432998 ], [ -93.094051001568459, 16.790511181412175 ], [ -93.09393678982606, 16.791013510504559 ], [ -93.093774042163616, 16.79098688402178 ] ] ] ] } },
{ "type": "Feature", "properties": { "ID": 95, "ENTIDAD": 7, "MUNICIPIO": 102, "NOMBRE": "TUXTLA GUTIERREZ", "CONTROL": 163, "GEOMETRY1_": null, "ID_2": 1816, "ENTIDAD_2": 7, "DISTRITO_F": 9, "DISTRITO_L": 1, "MUNICIPIO_2": 102, "SECCION": 1933, "TIPO": 2, "CONTROL_2": 2160, "GEOMETRY1__2": null }, "geometry": { "type": "MultiPolygon", "coordinates": [ [ [ [ -93.095534704981759, 16.79071091334659 ], [ -93.094051001568459, 16.790511181412175 ], [ -93.09386684403492, 16.790489339432998 ], [ -93.093960645391235, 16.790036564741353 ], [ -93.094048590853049, 16.789545093510782 ], [ -93.094242171167195, 16.789071187135296 ], [ -93.094716686364464, 16.789141450502449 ], [ -93.095705541902632, 16.789257091660136 ], [ -93.096741311364809, 16.789377245319049 ], [ -93.096678080723464, 16.789864561648017 ], [ -93.096613767391545, 16.790360205494352 ], [ -93.096551120258724, 16.790845728481319 ], [ -93.095534704981759, 16.79071091334659 ] ] ] ] } },
{ "type": "Feature", "properties": { "ID": 95, "ENTIDAD": 7, "MUNICIPIO": 102, "NOMBRE": "TUXTLA GUTIERREZ", "CONTROL": 163, "GEOMETRY1_": null, "ID_2": 1817, "ENTIDAD_2": 7, "DISTRITO_F": 9, "DISTRITO_L": 1, "MUNICIPIO_2": 102, "SECCION": 1934, "TIPO": 2, "CONTROL_2": 2158, "GEOMETRY1__2": null }, "geometry": { "type": "MultiPolygon", "coordinates": [ [ [ [ -93.090893066582865, 16.789944896370471 ], [ -93.090471850727511, 16.789783898050192 ], [ -93.089923538143893, 16.78969464654854 ], [ -93.089994437990825, 16.789310743707066 ], [ -93.090061549135896, 16.788965552158061 ], [ -93.090147624363595, 16.788494354770965 ], [ -93.090225781144539, 16.78806218281774 ], [ -93.090298807261661, 16.787649868287371 ], [ -93.090382684674225, 16.787183122980061 ], [ -93.090467461380328, 16.786784778816287 ], [ -93.090558769129771, 16.786351929434264 ], [ -93.091231161494434, 16.786432660661429 ], [ -93.09191059761541, 16.786514235300476 ], [ -93.092469061484167, 16.786581284004939 ], [ -93.092368774263861, 16.787008862969937 ], [ -93.092278094400513, 16.787440021272548 ], [ -93.092180873016574, 16.787886315315355 ], [ -93.092030191984378, 16.788293909577273 ], [ -93.091866945862122, 16.788682890975725 ], [ -93.091649701225222, 16.789197649917604 ], [ -93.091425888068514, 16.789671952254569 ], [ -93.091316124701819, 16.789946786429123 ], [ -93.091262823611558, 16.790086225014413 ], [ -93.090893066582865, 16.789944896370471 ] ] ] ] } },
{ "type": "Feature", "properties": { "ID": 95, "ENTIDAD": 7, "MUNICIPIO": 102, "NOMBRE": "TUXTLA GUTIERREZ", "CONTROL": 163, "GEOMETRY1_": null, "ID_2": 1818, "ENTIDAD_2": 7, "DISTRITO_F": 9, "DISTRITO_L": 1, "MUNICIPIO_2": 102, "SECCION": 1935, "TIPO": 2, "CONTROL_2": 2157, "GEOMETRY1__2": null }, "geometry": { "type": "MultiPolygon", "coordinates": [ [ [ [ -93.088988957067869, 16.789542516686737 ], [ -93.089039219553413, 16.78914292352475 ], [ -93.089060877145045, 16.78897074239951 ], [ -93.089066286079458, 16.788937699969395 ], [ -93.089019993997979, 16.788928599595963 ], [ -93.088872309642454, 16.788899566849405 ], [ -93.088640362514255, 16.788841952959789 ], [ -93.088633527775869, 16.788756845476506 ], [ -93.088579470353253, 16.78832238233737 ], [ -93.088592243579853, 16.787852385878789 ], [ -93.088636288445343, 16.787437123548919 ], [ -93.088689963548205, 16.786953681161435 ], [ -93.089214611554027, 16.78702479672307 ], [ -93.089820799436993, 16.787106963209165 ], [ -93.090382684674225, 16.787183122980061 ], [ -93.090298807261661, 16.787649868287371 ], [ -93.090225781144539, 16.78806218281774 ], [ -93.090147624363595, 16.788494354770965 ], [ -93.090061549135896, 16.788965552158061 ], [ -93.089994437990825, 16.789310743707066 ], [ -93.089923538143893, 16.78969464654854 ], [ -93.088988957067869, 16.789542516686737 ] ] ] ] } },
{ "type": "Feature", "properties": { "ID": 95, "ENTIDAD": 7, "MUNICIPIO": 102, "NOMBRE": "TUXTLA GUTIERREZ", "CONTROL": 163, "GEOMETRY1_": null, "ID_2": 1819, "ENTIDAD_2": 7, "DISTRITO_F": 9, "DISTRITO_L": 1, "MUNICIPIO_2": 102, "SECCION": 1936, "TIPO": 2, "CONTROL_2": 2163, "GEOMETRY1__2": null }, "geometry": { "type": "MultiPolygon", "coordinates": [ [ [ [ -93.093661115250441, 16.789515530077242 ], [ -93.09297832878552, 16.78943701379211 ], [ -93.092443972790889, 16.789355922471813 ], [ -93.091649701225222, 16.789197649917604 ], [ -93.091866945862122, 16.788682890975725 ], [ -93.092030191984378, 16.788293909577273 ], [ -93.092180873016574, 16.787886315315355 ], [ -93.092278094400513, 16.787440021272548 ], [ -93.092368774263861, 16.787008862969937 ], [ -93.092469061484167, 16.786581284004939 ], [ -93.092947153566925, 16.786638682098378 ], [ -93.093580970449395, 16.786718499013791 ], [ -93.093987853499996, 16.786760373309409 ], [ -93.09450535154069, 16.786825028100267 ], [ -93.094689283411526, 16.786879172205854 ], [ -93.094724947522451, 16.786963389195169 ], [ -93.094730297581378, 16.787140801556834 ], [ -93.094672474509437, 16.78726248402246 ], [ -93.094546278803918, 16.787455163797564 ], [ -93.094530557605339, 16.787586964877125 ], [ -93.094583049624831, 16.78772979565959 ], [ -93.094619936357333, 16.78785306211272 ], [ -93.094579645081865, 16.788019759980774 ], [ -93.09452590141035, 16.788201285726771 ], [ -93.094476051967618, 16.788475397769034 ], [ -93.094423196518179, 16.788652263555125 ], [ -93.094242171167195, 16.789071187135296 ], [ -93.094048590853049, 16.789545093510782 ], [ -93.093661115250441, 16.789515530077242 ] ] ] ] } },
{ "type": "Feature", "properties": { "ID": 95, "ENTIDAD": 7, "MUNICIPIO": 102, "NOMBRE": "TUXTLA GUTIERREZ", "CONTROL": 163, "GEOMETRY1_": null, "ID_2": 1820, "ENTIDAD_2": 7, "DISTRITO_F": 9, "DISTRITO_L": 1, "MUNICIPIO_2": 102, "SECCION": 1937, "TIPO": 2, "CONTROL_2": 2162, "GEOMETRY1__2": null }, "geometry": { "type": "MultiPolygon", "coordinates": [ [ [ [ -93.095705541902632, 16.789257091660136 ], [ -93.094716686364464, 16.789141450502449 ], [ -93.094242171167195, 16.789071187135296 ], [ -93.094423196518179, 16.788652263555125 ], [ -93.094476051967618, 16.788475397769034 ], [ -93.09452590141035, 16.788201285726771 ], [ -93.095040428567842, 16.788254588855015 ], [ -93.095656050915565, 16.788315118902279 ], [ -93.096103243470424, 16.788362826259089 ], [ -93.096534207690922, 16.788408801403882 ], [ -93.096972384807088, 16.788455545070381 ], [ -93.097413967902142, 16.788502651111283 ], [ -93.097843129563074, 16.788548431160702 ], [ -93.098293929535458, 16.788596518450589 ], [ -93.098708265035739, 16.788640715145863 ], [ -93.098936670840999, 16.788665078567096 ], [ -93.099142636255309, 16.788687048110628 ], [ -93.099294164060197, 16.788703210867645 ], [ -93.099131270498788, 16.788855400708517 ], [ -93.098999217984456, 16.789142254850095 ], [ -93.097809497938499, 16.789006573011878 ], [ -93.096804285937594, 16.788891927914815 ], [ -93.096741311364809, 16.789377245319049 ], [ -93.095705541902632, 16.789257091660136 ] ] ] ] } },
{ "type": "Feature", "properties": { "ID": 95, "ENTIDAD": 7, "MUNICIPIO": 102, "NOMBRE": "TUXTLA GUTIERREZ", "CONTROL": 163, "GEOMETRY1_": null, "ID_2": 1821, "ENTIDAD_2": 7, "DISTRITO_F": 9, "DISTRITO_L": 1, "MUNICIPIO_2": 102, "SECCION": 1938, "TIPO": 2, "CONTROL_2": 2164, "GEOMETRY1__2": null }, "geometry": { "type": "MultiPolygon", "coordinates": [ [ [ [ -93.088564153699068, 16.788823023209222 ], [ -93.088040200169317, 16.788641738233444 ], [ -93.087851593155122, 16.788567240153359 ], [ -93.087459837341868, 16.788423409844828 ], [ -93.087111236501869, 16.788237769248596 ], [ -93.086830260368515, 16.787944537868196 ], [ -93.086752386258198, 16.787833749557731 ], [ -93.08665081641567, 16.787700155072425 ], [ -93.086588034494312, 16.787537846956667 ], [ -93.086538067544353, 16.78746275346311 ], [ -93.086521440190012, 16.787386239231118 ], [ -93.086417135611285, 16.787030381311997 ], [ -93.086380707407713, 16.786621037335259 ], [ -93.086337891846185, 16.786616287774784 ], [ -93.086340455712573, 16.786565942096257 ], [ -93.086350032651055, 16.786362992049941 ], [ -93.08635278902382, 16.786320209415194 ], [ -93.086355545395406, 16.78627742678033 ], [ -93.086345981912856, 16.786163634084335 ], [ -93.086345206225786, 16.786143997037229 ], [ -93.08637671886305, 16.786146426531229 ], [ -93.087036875295638, 16.786192759437938 ], [ -93.087033423696141, 16.78600469956816 ], [ -93.087050023065714, 16.785498872411026 ], [ -93.087323069004228, 16.785520421563163 ], [ -93.088211201018524, 16.785590511595942 ], [ -93.088863673189792, 16.78564200123667 ], [ -93.088793520997754, 16.786169741682986 ], [ -93.088740220583105, 16.786581194693504 ], [ -93.088689963548205, 16.786953681161435 ], [ -93.088636288445343, 16.787437123548919 ], [ -93.088592243579853, 16.787852385878789 ], [ -93.088579470353253, 16.78832238233737 ], [ -93.088633527775869, 16.788756845476506 ], [ -93.088640362514255, 16.788841952959789 ], [ -93.088564153699068, 16.788823023209222 ] ] ] ] } },
{ "type": "Feature", "properties": { "ID": 95, "ENTIDAD": 7, "MUNICIPIO": 102, "NOMBRE": "TUXTLA GUTIERREZ", "CONTROL": 163, "GEOMETRY1_": null, "ID_2": 1822, "ENTIDAD_2": 7, "DISTRITO_F": 9, "DISTRITO_L": 1, "MUNICIPIO_2": 102, "SECCION": 1939, "TIPO": 2, "CONTROL_2": 2169, "GEOMETRY1__2": null }, "geometry": { "type": "MultiPolygon", "coordinates": [ [ [ [ -93.099946851546349, 16.78766717368136 ], [ -93.099870846522236, 16.788396858331819 ], [ -93.099594969020615, 16.788510513756915 ], [ -93.099484202188776, 16.788560682066802 ], [ -93.099294164060197, 16.788703210867645 ], [ -93.099142636255309, 16.788687048110628 ], [ -93.098936670840999, 16.788665078567096 ], [ -93.098708265035739, 16.788640715145863 ], [ -93.098763318019252, 16.78814736960474 ], [ -93.098614011388491, 16.788130277267165 ], [ -93.09832850842848, 16.78809759312416 ], [ -93.098259646259322, 16.788089709778994 ], [ -93.098400494881574, 16.787452107215344 ], [ -93.098316933153271, 16.787438649123061 ], [ -93.098469467371743, 16.786463503096805 ], [ -93.098566206549364, 16.785845047685537 ], [ -93.098767564877619, 16.78586858651736 ], [ -93.099045248102229, 16.785901047413279 ], [ -93.099601134607198, 16.78596602883993 ], [ -93.100210013668899, 16.786038162282033 ], [ -93.100976075820043, 16.786109850075356 ], [ -93.101293283749754, 16.786158696435699 ], [ -93.101224853595951, 16.786899526850483 ], [ -93.100854533937408, 16.786842041267665 ], [ -93.100501827991138, 16.786787289250178 ], [ -93.100097669360721, 16.786724549235416 ], [ -93.099946851546349, 16.78766717368136 ] ] ] ] } },
{ "type": "Feature", "properties": { "ID": 95, "ENTIDAD": 7, "MUNICIPIO": 102, "NOMBRE": "TUXTLA GUTIERREZ", "CONTROL": 163, "GEOMETRY1_": null, "ID_2": 1823, "ENTIDAD_2": 7, "DISTRITO_F": 9, "DISTRITO_L": 1, "MUNICIPIO_2": 102, "SECCION": 1940, "TIPO": 2, "CONTROL_2": 2168, "GEOMETRY1__2": null }, "geometry": { "type": "MultiPolygon", "coordinates": [ [ [ [ -93.098293929535458, 16.788596518450589 ], [ -93.097843129563074, 16.788548431160702 ], [ -93.097413967902142, 16.788502651111283 ], [ -93.096972384807088, 16.788455545070381 ], [ -93.097017525986459, 16.787947507707504 ], [ -93.096796318051844, 16.787922182276606 ], [ -93.096923309235123, 16.787227932008275 ], [ -93.097080277149601, 16.786245795944087 ], [ -93.097556181738994, 16.786316667911102 ], [ -93.097639915898569, 16.785700568276269 ], [ -93.09790750615997, 16.78574597991441 ], [ -93.098116805807706, 16.785781499035433 ], [ -93.098566206549364, 16.785845047685537 ], [ -93.098469467371743, 16.786463503096805 ], [ -93.098316933153271, 16.787438649123061 ], [ -93.098400494881574, 16.787452107215344 ], [ -93.098259646259322, 16.788089709778994 ], [ -93.09832850842848, 16.78809759312416 ], [ -93.098614011388491, 16.788130277267165 ], [ -93.098763318019252, 16.78814736960474 ], [ -93.098708265035739, 16.788640715145863 ], [ -93.098293929535458, 16.788596518450589 ] ] ] ] } },
{ "type": "Feature", "properties": { "ID": 95, "ENTIDAD": 7, "MUNICIPIO": 102, "NOMBRE": "TUXTLA GUTIERREZ", "CONTROL": 163, "GEOMETRY1_": null, "ID_2": 1824, "ENTIDAD_2": 7, "DISTRITO_F": 9, "DISTRITO_L": 1, "MUNICIPIO_2": 102, "SECCION": 1941, "TIPO": 2, "CONTROL_2": 2167, "GEOMETRY1__2": null }, "geometry": { "type": "MultiPolygon", "coordinates": [ [ [ [ -93.096534207690922, 16.788408801403882 ], [ -93.096103243470424, 16.788362826259089 ], [ -93.095656050915565, 16.788315118902279 ], [ -93.095040428567842, 16.788254588855015 ], [ -93.09452590141035, 16.788201285726771 ], [ -93.094579645081865, 16.788019759980774 ], [ -93.094619936357333, 16.78785306211272 ], [ -93.094583049624831, 16.78772979565959 ], [ -93.094530557605339, 16.787586964877125 ], [ -93.094546278803918, 16.787455163797564 ], [ -93.094672474509437, 16.78726248402246 ], [ -93.094730297581378, 16.787140801556834 ], [ -93.094724947522451, 16.786963389195169 ], [ -93.094689283411526, 16.786879172205854 ], [ -93.095143173579586, 16.787012727004733 ], [ -93.095278535590978, 16.786809210264479 ], [ -93.09556041564349, 16.786306114944008 ], [ -93.095791198283223, 16.785894215260068 ], [ -93.096144308302712, 16.78607645653414 ], [ -93.096534737249868, 16.786189087986415 ], [ -93.096615066685601, 16.786176701200439 ], [ -93.097080277149601, 16.786245795944087 ], [ -93.096923309235123, 16.787227932008275 ], [ -93.096796318051844, 16.787922182276606 ], [ -93.097017525986459, 16.787947507707504 ], [ -93.096972384807088, 16.788455545070381 ], [ -93.096534207690922, 16.788408801403882 ] ] ] ] } },
{ "type": "Feature", "properties": { "ID": 95, "ENTIDAD": 7, "MUNICIPIO": 102, "NOMBRE": "TUXTLA GUTIERREZ", "CONTROL": 163, "GEOMETRY1_": null, "ID_2": 1825, "ENTIDAD_2": 7, "DISTRITO_F": 9, "DISTRITO_L": 1, "MUNICIPIO_2": 102, "SECCION": 1942, "TIPO": 2, "CONTROL_2": 2165, "GEOMETRY1__2": null }, "geometry": { "type": "MultiPolygon", "coordinates": [ [ [ [ -93.089820799436993, 16.787106963209165 ], [ -93.089214611554027, 16.78702479672307 ], [ -93.088689963548205, 16.786953681161435 ], [ -93.088740220583105, 16.786581194693504 ], [ -93.088793520997754, 16.786169741682986 ], [ -93.088863673189792, 16.78564200123667 ], [ -93.088211201018524, 16.785590511595942 ], [ -93.087323069004228, 16.785520421563163 ], [ -93.087368210544739, 16.785379863184499 ], [ -93.087414435282696, 16.785373202151664 ], [ -93.089362430185446, 16.785092484208707 ], [ -93.089546269186556, 16.78506599089399 ], [ -93.090091319787589, 16.78498744182566 ], [ -93.090153457881314, 16.784978486801148 ], [ -93.090207280623432, 16.784972097733903 ], [ -93.090254109772474, 16.784966180609199 ], [ -93.090273525792313, 16.78496423403368 ], [ -93.090928869179564, 16.784823206018302 ], [ -93.090962660891378, 16.784815934076864 ], [ -93.090967342253649, 16.784896765306897 ], [ -93.090954030805378, 16.784984456778236 ], [ -93.090882789625439, 16.785430911687179 ], [ -93.091442877792133, 16.785511326459975 ], [ -93.091349083625602, 16.785950695481937 ], [ -93.091231161494434, 16.786432660661429 ], [ -93.090558769129771, 16.786351929434264 ], [ -93.090467461380328, 16.786784778816287 ], [ -93.090382684674225, 16.787183122980061 ], [ -93.089820799436993, 16.787106963209165 ] ] ] ] } },
{ "type": "Feature", "properties": { "ID": 95, "ENTIDAD": 7, "MUNICIPIO": 102, "NOMBRE": "TUXTLA GUTIERREZ", "CONTROL": 163, "GEOMETRY1_": null, "ID_2": 1524, "ENTIDAD_2": 7, "DISTRITO_F": 9, "DISTRITO_L": 1, "MUNICIPIO_2": 102, "SECCION": 1629, "TIPO": 2, "CONTROL_2": 1844, "GEOMETRY1__2": null }, "geometry": { "type": "MultiPolygon", "coordinates": [ [ [ [ -93.101757021343587, 16.772488138588141 ], [ -93.101420047250571, 16.772323569160424 ], [ -93.101089654932323, 16.772162213286883 ], [ -93.100747393146861, 16.771995059793241 ], [ -93.100432868440464, 16.771841451745573 ], [ -93.100107686976159, 16.771682638366421 ], [ -93.099781293328874, 16.771523232191221 ], [ -93.099538282812247, 16.771404548681033 ], [ -93.099639678664758, 16.771170372026017 ], [ -93.099135009928659, 16.7708683239408 ], [ -93.098206163305491, 16.770355035644943 ], [ -93.09750650064953, 16.769942956079472 ], [ -93.097125629333846, 16.76975791488416 ], [ -93.097095819905618, 16.769715079918893 ], [ -93.097215463709972, 16.769299720030357 ], [ -93.097343350258541, 16.768855742255464 ], [ -93.097474082344121, 16.768447356501767 ], [ -93.097612782142662, 16.768015608010938 ], [ -93.09778472433247, 16.767480378870165 ], [ -93.097360820394428, 16.76714951768308 ], [ -93.097047751884745, 16.766905064826712 ], [ -93.096301135074725, 16.76632004394046 ], [ -93.095651475348276, 16.765810989829465 ], [ -93.095400391647189, 16.765622304148927 ], [ -93.094789487607414, 16.765271269922707 ], [ -93.094554016971472, 16.765135964284351 ], [ -93.093645721839721, 16.764571293002327 ], [ -93.093898974141695, 16.764015073374491 ], [ -93.094096334339213, 16.763581607466048 ], [ -93.094259886218651, 16.763222393767585 ], [ -93.094402214581081, 16.762909792685001 ], [ -93.094549908153539, 16.762585406606178 ], [ -93.094695075076174, 16.762266568745822 ], [ -93.094849433119322, 16.761927542657237 ], [ -93.095011995717158, 16.761570494973167 ], [ -93.095176371601383, 16.761209463153001 ], [ -93.095200573808384, 16.761156305795723 ], [ -93.095318955996845, 16.761202621714922 ], [ -93.095928704915977, 16.761441178814685 ], [ -93.096104409665131, 16.761485900503661 ], [ -93.096285264094647, 16.761495772475744 ], [ -93.096406207237933, 16.761482768576602 ], [ -93.097285048675573, 16.761388272692052 ], [ -93.097383220223492, 16.761380759108473 ], [ -93.097486565224727, 16.761385688447614 ], [ -93.097636158183448, 16.761401166909828 ], [ -93.097826223958577, 16.761420832955483 ], [ -93.098250363073674, 16.761464717848785 ], [ -93.098468371156656, 16.761487274396135 ], [ -93.098646642134568, 16.761497145530246 ], [ -93.098775815152905, 16.761487127369236 ], [ -93.098956232723907, 16.761434389448027 ], [ -93.099034131528967, 16.761409841912744 ], [ -93.099160691248514, 16.761342575859437 ], [ -93.09929498606526, 16.761245437009404 ], [ -93.099429278159704, 16.761143319907212 ], [ -93.099783073838637, 16.760851926324502 ], [ -93.099932845681337, 16.760740226968622 ], [ -93.100111057668215, 16.760607837240485 ], [ -93.100276348866657, 16.760500726368765 ], [ -93.100971688465251, 16.760160000849901 ], [ -93.101049044792731, 16.760122095015259 ], [ -93.101085750669668, 16.760105053338179 ], [ -93.101374819683244, 16.759970845045842 ], [ -93.101409157556489, 16.75995490269808 ], [ -93.101501637707528, 16.759922374126049 ], [ -93.101535245344024, 16.759908395412868 ], [ -93.101655461884846, 16.759872677680143 ], [ -93.10169855189983, 16.759859875115239 ], [ -93.101782338529631, 16.760086800853102 ], [ -93.101859957419833, 16.760298334587958 ], [ -93.10191427683182, 16.760420272817715 ], [ -93.102007540008543, 16.760540678378778 ], [ -93.102020275271983, 16.760557119970979 ], [ -93.101958880892937, 16.760568309395744 ], [ -93.101816802447544, 16.760594203809742 ], [ -93.10178814325441, 16.760596069014486 ], [ -93.101793392925074, 16.760652741264156 ], [ -93.101795588429766, 16.760675749009298 ], [ -93.101800750279978, 16.760701595256368 ], [ -93.101834401340014, 16.760823543703371 ], [ -93.101852547137668, 16.760938032552993 ], [ -93.101843975005195, 16.761042445807327 ], [ -93.101841017711749, 16.761072716473997 ], [ -93.10183738362305, 16.761109666880184 ], [ -93.101835244177778, 16.761148500537036 ], [ -93.10186305089853, 16.761256629961476 ], [ -93.101932849422809, 16.76133624612126 ], [ -93.101987138677615, 16.761400935430764 ], [ -93.10205438691986, 16.761542779875828 ], [ -93.102114272238566, 16.761645571933229 ], [ -93.102150066436252, 16.761707011958901 ], [ -93.102178508246354, 16.761749312273057 ], [ -93.10221729629906, 16.76181400919835 ], [ -93.102240580311118, 16.761873735637824 ], [ -93.102209681166485, 16.762067899393589 ], [ -93.102190237148335, 16.762102032872598 ], [ -93.102168382566646, 16.762140103251653 ], [ -93.10218651274738, 16.762224723073459 ], [ -93.102189141501512, 16.762309350575148 ], [ -93.102222762523041, 16.762374050055765 ], [ -93.102217667153297, 16.762508463033015 ], [ -93.102228360868963, 16.762575769900806 ], [ -93.102240997786197, 16.762655307328629 ], [ -93.10225140789386, 16.762797179861888 ], [ -93.102238573754207, 16.762953998412158 ], [ -93.102227643739127, 16.763030567522161 ], [ -93.102223148033403, 16.763095883750328 ], [ -93.102205114779238, 16.763192966897506 ], [ -93.102192280577029, 16.763349785439235 ], [ -93.102194939920111, 16.763491661806729 ], [ -93.102579208308114, 16.763568948836451 ], [ -93.10286157830906, 16.763625740777435 ], [ -93.102954651872878, 16.763745170268059 ], [ -93.103207881580957, 16.763814737974482 ], [ -93.103295571976901, 16.763533427791305 ], [ -93.103793752774493, 16.763361732330619 ], [ -93.103996393373563, 16.763291892853491 ], [ -93.104018841959274, 16.763284156000054 ], [ -93.104735229029913, 16.763141811765728 ], [ -93.104684270971859, 16.763955426929371 ], [ -93.104670701428375, 16.764172082146782 ], [ -93.104664618834988, 16.764269198421282 ], [ -93.104637656674115, 16.764699682181444 ], [ -93.104633823057142, 16.764760890397408 ], [ -93.10461681876896, 16.765309262774288 ], [ -93.104550801719398, 16.766137401891118 ], [ -93.104246405019211, 16.767161740483509 ], [ -93.104231259548882, 16.767213171428317 ], [ -93.104204448620251, 16.767310557427109 ], [ -93.104176605153214, 16.76739034503262 ], [ -93.10416646677271, 16.767419711914471 ], [ -93.104011153136824, 16.767836866033825 ], [ -93.103743860427812, 16.768562156063638 ], [ -93.103663220447359, 16.76875683958411 ], [ -93.103509468669898, 16.769128030666671 ], [ -93.103297029514678, 16.769659489840794 ], [ -93.103172231429667, 16.77013392453847 ], [ -93.103069388486773, 16.770596684502248 ], [ -93.103069560714715, 16.770826548904836 ], [ -93.10305618070403, 16.771109644391828 ], [ -93.102995221849568, 16.771596500532468 ], [ -93.102979389616266, 16.771706317599762 ], [ -93.102895039097575, 16.772363119960644 ], [ -93.102272047561542, 16.772648197625092 ], [ -93.10217535778574, 16.77269244211497 ], [ -93.101757021343587, 16.772488138588141 ] ] ] ] } },
{ "type": "Feature", "properties": { "ID": 95, "ENTIDAD": 7, "MUNICIPIO": 102, "NOMBRE": "TUXTLA GUTIERREZ", "CONTROL": 163, "GEOMETRY1_": null, "ID_2": 1525, "ENTIDAD_2": 7, "DISTRITO_F": 9, "DISTRITO_L": 1, "MUNICIPIO_2": 102, "SECCION": 1630, "TIPO": 2, "CONTROL_2": 1845, "GEOMETRY1__2": null }, "geometry": { "type": "MultiPolygon", "coordinates": [ [ [ [ -93.105782466610819, 16.775381629947084 ], [ -93.105581396389454, 16.775332955180364 ], [ -93.105553197678844, 16.77528644446631 ], [ -93.105537198355123, 16.775272911950378 ], [ -93.105528858127627, 16.775153283032669 ], [ -93.105507729159939, 16.774756174207145 ], [ -93.105315221844464, 16.774567759526654 ], [ -93.105113218964803, 16.774373644545239 ], [ -93.104570630122311, 16.775023130221157 ], [ -93.104282991102281, 16.774722265478697 ], [ -93.103684644956928, 16.774879818792602 ], [ -93.103616822959623, 16.774439245199837 ], [ -93.102431899037526, 16.774743704020363 ], [ -93.102286401741551, 16.77474714045486 ], [ -93.102187351968666, 16.774749479807515 ], [ -93.102398031690228, 16.774315918513068 ], [ -93.102462223685194, 16.77412670170099 ], [ -93.102541520984161, 16.773819447875049 ], [ -93.102895039097575, 16.772363119960644 ], [ -93.102979389616266, 16.771706317599762 ], [ -93.102995221849568, 16.771596500532468 ], [ -93.10305618070403, 16.771109644391828 ], [ -93.103069560714715, 16.770826548904836 ], [ -93.103069388486773, 16.770596684502248 ], [ -93.103127655245473, 16.770594089569535 ], [ -93.104952735856102, 16.770512800523861 ], [ -93.105015270074546, 16.770509893638437 ], [ -93.105088320804953, 16.77050989594699 ], [ -93.106076758520317, 16.77045439615264 ], [ -93.106147633799608, 16.770451042283579 ], [ -93.107122450785369, 16.770404910760352 ], [ -93.107027164324862, 16.770915493970755 ], [ -93.106932262995343, 16.771360752551058 ], [ -93.106826868912833, 16.771855238621185 ], [ -93.106698805446072, 16.772317441238361 ], [ -93.106575229313748, 16.772763446122649 ], [ -93.106582642899028, 16.77362822071067 ], [ -93.106645574114538, 16.774606489524508 ], [ -93.106692704531355, 16.775100732959451 ], [ -93.10671270627148, 16.775357686904758 ], [ -93.106288712169714, 16.77539037821095 ], [ -93.10593740030636, 16.775413171560466 ], [ -93.105782466610819, 16.775381629947084 ] ] ] ] } },
{ "type": "Feature", "properties": { "ID": 95, "ENTIDAD": 7, "MUNICIPIO": 102, "NOMBRE": "TUXTLA GUTIERREZ", "CONTROL": 163, "GEOMETRY1_": null, "ID_2": 1526, "ENTIDAD_2": 7, "DISTRITO_F": 9, "DISTRITO_L": 1, "MUNICIPIO_2": 102, "SECCION": 1631, "TIPO": 2, "CONTROL_2": 1780, "GEOMETRY1__2": null }, "geometry": { "type": "MultiPolygon", "coordinates": [ [ [ [ -93.108486856521566, 16.773385874715778 ], [ -93.108031191620938, 16.773296914148151 ], [ -93.107991310533947, 16.772731549279506 ], [ -93.107673667021018, 16.772738704960204 ], [ -93.107524904286933, 16.772742056028573 ], [ -93.107073936738644, 16.77274984709722 ], [ -93.106575229313748, 16.772763446122649 ], [ -93.106698805446072, 16.772317441238361 ], [ -93.106826868912833, 16.771855238621185 ], [ -93.106932262995343, 16.771360752551058 ], [ -93.107027164324862, 16.770915493970755 ], [ -93.107122450785369, 16.770404910760352 ], [ -93.107198148731328, 16.769923061432294 ], [ -93.107293078841337, 16.769426630767285 ], [ -93.107383191524264, 16.768962831586098 ], [ -93.107476470925022, 16.768604154447932 ], [ -93.107638803418979, 16.76819985293286 ], [ -93.107755307718563, 16.767955332809837 ], [ -93.10805329058276, 16.767325726275381 ], [ -93.108327386211528, 16.76672681590124 ], [ -93.108480017427269, 16.766389073134775 ], [ -93.108742477809983, 16.765663331236787 ], [ -93.108841119019289, 16.765265686515885 ], [ -93.109019958066114, 16.764528865076535 ], [ -93.107940610996039, 16.764201675870641 ], [ -93.108115288996743, 16.763632138611282 ], [ -93.108219630356615, 16.76325507156826 ], [ -93.109258094684847, 16.763521541135901 ], [ -93.110168787279875, 16.763771494403606 ], [ -93.110500071150753, 16.763862419077117 ], [ -93.111500336392368, 16.764097178142382 ], [ -93.111296415127924, 16.765085324778525 ], [ -93.111064359995765, 16.766209787865407 ], [ -93.110890062110244, 16.767054369469719 ], [ -93.110725778134452, 16.767850420543308 ], [ -93.110543263277009, 16.768677807687208 ], [ -93.109601406921684, 16.768497110171477 ], [ -93.109538864693079, 16.768830040025019 ], [ -93.10940993752665, 16.769634876058067 ], [ -93.109330404407331, 16.770265195061256 ], [ -93.109280068117528, 16.770645339885725 ], [ -93.109244209704826, 16.770833039072045 ], [ -93.109151176849338, 16.771320013475151 ], [ -93.109058761761702, 16.771787660159134 ], [ -93.109010290556512, 16.772067402354605 ], [ -93.108968629493319, 16.772274964304632 ], [ -93.108884096570463, 16.772727771985448 ], [ -93.108776988713856, 16.773442517360767 ], [ -93.108486856521566, 16.773385874715778 ] ] ] ] } },
{ "type": "Feature", "properties": { "ID": 95, "ENTIDAD": 7, "MUNICIPIO": 102, "NOMBRE": "TUXTLA GUTIERREZ", "CONTROL": 163, "GEOMETRY1_": null, "ID_2": 1527, "ENTIDAD_2": 7, "DISTRITO_F": 9, "DISTRITO_L": 2, "MUNICIPIO_2": 102, "SECCION": 1632, "TIPO": 2, "CONTROL_2": 1846, "GEOMETRY1__2": null }, "geometry": { "type": "MultiPolygon", "coordinates": [ [ [ [ -93.111569144145122, 16.774469507871665 ], [ -93.111540304760254, 16.774459057668281 ], [ -93.111455941249304, 16.774428487782412 ], [ -93.111392832893827, 16.774405619866446 ], [ -93.111225954986068, 16.77434510353169 ], [ -93.111059077183171, 16.774284587060894 ], [ -93.110997944087572, 16.774262417746492 ], [ -93.110546024309727, 16.774098532770012 ], [ -93.110050235846359, 16.773918737707763 ], [ -93.109989123316439, 16.773896575465894 ], [ -93.109454945298936, 16.773702856710784 ], [ -93.109114230550489, 16.77357101 ], [ -93.108979017953615, 16.773517904854781 ], [ -93.108776988713856, 16.773442517360767 ], [ -93.108884096570463, 16.772727771985448 ], [ -93.108968629493319, 16.772274964304632 ], [ -93.109010290556512, 16.772067402354605 ], [ -93.109058761761702, 16.771787660159134 ], [ -93.109151176849338, 16.771320013475151 ], [ -93.109244209704826, 16.770833039072045 ], [ -93.109280068117528, 16.770645339885725 ], [ -93.109330404407331, 16.770265195061256 ], [ -93.10940993752665, 16.769634876058067 ], [ -93.109538864693079, 16.768830040025019 ], [ -93.109601406921684, 16.768497110171477 ], [ -93.110543263277009, 16.768677807687208 ], [ -93.110725778134452, 16.767850420543308 ], [ -93.110890062110244, 16.767054369469719 ], [ -93.111064359995765, 16.766209787865407 ], [ -93.111296415127924, 16.765085324778525 ], [ -93.111500336392368, 16.764097178142382 ], [ -93.112417593841855, 16.764331410329351 ], [ -93.112743311734036, 16.764414584997986 ], [ -93.113346436681013, 16.764568596223004 ], [ -93.114058696795368, 16.764750473106535 ], [ -93.113875080812534, 16.765736931642078 ], [ -93.113677412871354, 16.766737098695003 ], [ -93.113485038900393, 16.767663615908301 ], [ -93.113362528872415, 16.768253647595209 ], [ -93.113331872653433, 16.768401293222745 ], [ -93.113189186981685, 16.7690884889419 ], [ -93.112820410938355, 16.770558150665128 ], [ -93.112651946176101, 16.771223010450075 ], [ -93.112576240911338, 16.771636780928663 ], [ -93.112531513098446, 16.771881241925012 ], [ -93.112383255925977, 16.772691540766793 ], [ -93.11224392382546, 16.77360171252387 ], [ -93.112082595620024, 16.774655560633772 ], [ -93.111569144145122, 16.774469507871665 ] ] ] ] } },
{ "type": "Feature", "properties": { "ID": 95, "ENTIDAD": 7, "MUNICIPIO": 102, "NOMBRE": "TUXTLA GUTIERREZ", "CONTROL": 163, "GEOMETRY1_": null, "ID_2": 1528, "ENTIDAD_2": 7, "DISTRITO_F": 9, "DISTRITO_L": 2, "MUNICIPIO_2": 102, "SECCION": 1633, "TIPO": 2, "CONTROL_2": 1847, "GEOMETRY1__2": null }, "geometry": { "type": "MultiPolygon", "coordinates": [ [ [ [ -93.115348929529375, 16.772493045149311 ], [ -93.114093528768336, 16.771865169306931 ], [ -93.113036852743335, 16.771394470069346 ], [ -93.112651946176101, 16.771223010450075 ], [ -93.112820410938355, 16.770558150665128 ], [ -93.113189186981685, 16.7690884889419 ], [ -93.113331872653433, 16.768401293222745 ], [ -93.113362528872415, 16.768253647595209 ], [ -93.113485038900393, 16.767663615908301 ], [ -93.113677412871354, 16.766737098695003 ], [ -93.113875080812534, 16.765736931642078 ], [ -93.114058696795368, 16.764750473106535 ], [ -93.114267684537324, 16.763701034090623 ], [ -93.114473529084577, 16.762667367365214 ], [ -93.114645088265519, 16.761805859040919 ], [ -93.115524985288872, 16.76195920688804 ], [ -93.116400512921757, 16.76211178926383 ], [ -93.116216157443986, 16.762938341125398 ], [ -93.115970052418263, 16.764041733791064 ], [ -93.115684787129027, 16.765075821956643 ], [ -93.115655503013798, 16.765181976375164 ], [ -93.115660398045549, 16.765256732045604 ], [ -93.11571879686592, 16.765588439743173 ], [ -93.115879034646369, 16.765906072998529 ], [ -93.11597945795161, 16.766213075157594 ], [ -93.116291991842672, 16.767087957777122 ], [ -93.116572240796316, 16.767066101310157 ], [ -93.117337956692282, 16.767042910655569 ], [ -93.117431981698985, 16.767517172372752 ], [ -93.117447115735459, 16.76758719777958 ], [ -93.117535874683966, 16.767997885644455 ], [ -93.117640568047605, 16.768482299712147 ], [ -93.117834785253805, 16.7693788989849 ], [ -93.116800295775576, 16.769249240265605 ], [ -93.1170252137521, 16.770183542916197 ], [ -93.117057372653136, 16.770544357939354 ], [ -93.116842455710426, 16.771059185778551 ], [ -93.116396741966582, 16.771858418026373 ], [ -93.116235163224133, 16.772045997298676 ], [ -93.115885245647476, 16.772452220350615 ], [ -93.115852447724237, 16.772490295690893 ], [ -93.115699032190477, 16.772668396594273 ], [ -93.115348929529375, 16.772493045149311 ] ] ] ] } },
{ "type": "Feature", "properties": { "ID": 95, "ENTIDAD": 7, "MUNICIPIO": 102, "NOMBRE": "TUXTLA GUTIERREZ", "CONTROL": 163, "GEOMETRY1_": null, "ID_2": 1529, "ENTIDAD_2": 7, "DISTRITO_F": 9, "DISTRITO_L": 2, "MUNICIPIO_2": 102, "SECCION": 1634, "TIPO": 2, "CONTROL_2": 1848, "GEOMETRY1__2": null }, "geometry": { "type": "MultiPolygon", "coordinates": [ [ [ [ -93.118398075881146, 16.777041734771711 ], [ -93.117878102920713, 16.776843043095429 ], [ -93.117359957708288, 16.776663186260798 ], [ -93.116861046649802, 16.776490004364241 ], [ -93.116495816986998, 16.776363224955674 ], [ -93.116312919050117, 16.776299736671533 ], [ -93.116014098370115, 16.776196008366181 ], [ -93.115836898444385, 16.776135086149811 ], [ -93.115578502506736, 16.77604624799638 ], [ -93.115427797117263, 16.77599863862687 ], [ -93.115229936034652, 16.775936132088933 ], [ -93.114856756698956, 16.77581823991558 ], [ -93.114595431336966, 16.77573568336701 ], [ -93.114791056430931, 16.775039154873383 ], [ -93.114986680115663, 16.774342626155832 ], [ -93.115006486938498, 16.774294569565694 ], [ -93.115157966411388, 16.773927039444569 ], [ -93.115516231873386, 16.773093633986196 ], [ -93.115699032190477, 16.772668396594273 ], [ -93.115852447724237, 16.772490295690893 ], [ -93.115885245647476, 16.772452220350615 ], [ -93.116235163224133, 16.772045997298676 ], [ -93.116396741966582, 16.771858418026373 ], [ -93.116842455710426, 16.771059185778551 ], [ -93.117057372653136, 16.770544357939354 ], [ -93.1170252137521, 16.770183542916197 ], [ -93.116800295775576, 16.769249240265605 ], [ -93.117834785253805, 16.7693788989849 ], [ -93.117640568047605, 16.768482299712147 ], [ -93.117535874683966, 16.767997885644455 ], [ -93.117447115735459, 16.76758719777958 ], [ -93.117431981698985, 16.767517172372752 ], [ -93.117337956692282, 16.767042910655569 ], [ -93.117397699629976, 16.767074572631905 ], [ -93.11838360192921, 16.767233578920539 ], [ -93.118356782136772, 16.7676133879636 ], [ -93.11835005222882, 16.768047130113587 ], [ -93.118471529735046, 16.768330226256513 ], [ -93.118593631624492, 16.768722530389038 ], [ -93.118782478652932, 16.769449226815546 ], [ -93.119289611914056, 16.769490279078138 ], [ -93.119324130197853, 16.769493073275328 ], [ -93.119375661110809, 16.769498273258005 ], [ -93.119421424913469, 16.769505378990058 ], [ -93.119618290928827, 16.769521384889092 ], [ -93.11976399442365, 16.769524414376864 ], [ -93.121097928087195, 16.769552144922258 ], [ -93.121376442254487, 16.769539704810818 ], [ -93.121927980199743, 16.769469228993735 ], [ -93.122659744410029, 16.769409167090569 ], [ -93.122537215826199, 16.770028061169491 ], [ -93.122510489550962, 16.770161933091547 ], [ -93.122482355000827, 16.770303447445539 ], [ -93.12241577573343, 16.770616768551736 ], [ -93.122386835861363, 16.770765035041162 ], [ -93.122321430725137, 16.771037188599134 ], [ -93.12228628657698, 16.77115947035524 ], [ -93.122179346126643, 16.771508315151998 ], [ -93.122160985357993, 16.771591957179073 ], [ -93.122098429239074, 16.77188114799814 ], [ -93.122090105752562, 16.771920011888909 ], [ -93.122036975317187, 16.772168087296404 ], [ -93.121989563205446, 16.772389462288086 ], [ -93.121981446491048, 16.772427360517987 ], [ -93.121911447084443, 16.77244012380423 ], [ -93.121123096440186, 16.772594702588979 ], [ -93.12048898344608, 16.772739708175081 ], [ -93.120432918520407, 16.772752528126205 ], [ -93.120435918362446, 16.772832841496271 ], [ -93.120436047145091, 16.77303737778092 ], [ -93.120429320376033, 16.773077494061141 ], [ -93.120412545020585, 16.77317753679457 ], [ -93.12036417462528, 16.773361948155824 ], [ -93.120338020919689, 16.773461658589351 ], [ -93.120318478442059, 16.773564208959225 ], [ -93.120283157678585, 16.77374955658696 ], [ -93.120263568047562, 16.773859411611198 ], [ -93.120244047090878, 16.773930105449761 ], [ -93.120216494277997, 16.774029886026497 ], [ -93.120192941890622, 16.774090503123443 ], [ -93.120126173569147, 16.774204173351315 ], [ -93.120038296108561, 16.774260928463214 ], [ -93.119898186752522, 16.774291423444716 ], [ -93.119858117478728, 16.774290456990176 ], [ -93.119744846108475, 16.774287724888893 ], [ -93.119603291246634, 16.774268868539462 ], [ -93.119402781446709, 16.774284135648269 ], [ -93.119241593844578, 16.774306955234223 ], [ -93.119111923904157, 16.774432024650118 ], [ -93.119041258426392, 16.774602512428444 ], [ -93.119029899316033, 16.774669137104222 ], [ -93.119007471332054, 16.774800683991689 ], [ -93.118991424960001, 16.775025209618249 ], [ -93.118883346834778, 16.777094913024516 ], [ -93.118865849758507, 16.777214554913744 ], [ -93.118398075881146, 16.777041734771711 ] ] ] ] } },
{ "type": "Feature", "properties": { "ID": 95, "ENTIDAD": 7, "MUNICIPIO": 102, "NOMBRE": "TUXTLA GUTIERREZ", "CONTROL": 163, "GEOMETRY1_": null, "ID_2": 1530, "ENTIDAD_2": 7, "DISTRITO_F": 9, "DISTRITO_L": 2, "MUNICIPIO_2": 102, "SECCION": 1635, "TIPO": 2, "CONTROL_2": 1849, "GEOMETRY1__2": null }, "geometry": { "type": "MultiPolygon", "coordinates": [ [ [ [ -93.122684438419128, 16.767515803120794 ], [ -93.122769837743263, 16.766937333863506 ], [ -93.123642552836316, 16.767049287855244 ], [ -93.124297157609902, 16.76712216276713 ], [ -93.12452052420177, 16.767147028917417 ], [ -93.125411132765549, 16.767245769980072 ], [ -93.126300052921053, 16.767370111312943 ], [ -93.126184369589197, 16.767976252483361 ], [ -93.126107921006124, 16.768456104917789 ], [ -93.125701958351584, 16.768438076134871 ], [ -93.12567463084261, 16.768601166744403 ], [ -93.125636949488978, 16.768864574107617 ], [ -93.125633374790922, 16.769313531217534 ], [ -93.125944265917028, 16.770060083374879 ], [ -93.126149829747291, 16.770514509339854 ], [ -93.126242228217663, 16.770713667497947 ], [ -93.126357133598475, 16.77094384990972 ], [ -93.126366841255447, 16.771257250168691 ], [ -93.126380023837172, 16.771688862158836 ], [ -93.125933370519945, 16.771701324617258 ], [ -93.125735005372292, 16.771728303089077 ], [ -93.124881749339508, 16.772070002728267 ], [ -93.124036975458509, 16.772478542981712 ], [ -93.123852920905378, 16.771948318667889 ], [ -93.123820496925518, 16.771853606703797 ], [ -93.123163575736356, 16.771926250040877 ], [ -93.122924834514933, 16.771911268566136 ], [ -93.122098429239074, 16.77188114799814 ], [ -93.122160985357993, 16.771591957179073 ], [ -93.122179346126643, 16.771508315151998 ], [ -93.12228628657698, 16.77115947035524 ], [ -93.122321430725137, 16.771037188599134 ], [ -93.122386835861363, 16.770765035041162 ], [ -93.12241577573343, 16.770616768551736 ], [ -93.122482355000827, 16.770303447445539 ], [ -93.122510489550962, 16.770161933091547 ], [ -93.122537215826199, 16.770028061169491 ], [ -93.122659744410029, 16.769409167090569 ], [ -93.122671378101103, 16.769305985915587 ], [ -93.122678948805401, 16.7691752728601 ], [ -93.122558949395994, 16.769023211842359 ], [ -93.122433476074264, 16.768752722396197 ], [ -93.122329377893152, 16.768483604602402 ], [ -93.122169478103942, 16.768070225182836 ], [ -93.122022626403663, 16.767654548705075 ], [ -93.121941035559715, 16.767423597067282 ], [ -93.122684438419128, 16.767515803120794 ] ] ] ] } },
{ "type": "Feature", "properties": { "ID": 95, "ENTIDAD": 7, "MUNICIPIO": 102, "NOMBRE": "TUXTLA GUTIERREZ", "CONTROL": 163, "GEOMETRY1_": null, "ID_2": 1531, "ENTIDAD_2": 7, "DISTRITO_F": 9, "DISTRITO_L": 2, "MUNICIPIO_2": 102, "SECCION": 1636, "TIPO": 2, "CONTROL_2": 1850, "GEOMETRY1__2": null }, "geometry": { "type": "MultiPolygon", "coordinates": [ [ [ [ -93.128028003338954, 16.773715510651641 ], [ -93.128067736603811, 16.773794090388492 ], [ -93.128114227685614, 16.773946412657768 ], [ -93.128162805658462, 16.774066232034649 ], [ -93.128207214158991, 16.774257151200381 ], [ -93.128247356513313, 16.774374944451949 ], [ -93.128285317779714, 16.774559939449944 ], [ -93.128312980651884, 16.7747588285111 ], [ -93.127876510710252, 16.774775350610192 ], [ -93.127290539706308, 16.775283157539963 ], [ -93.127025600742428, 16.775113714104549 ], [ -93.126639964952787, 16.774867077075843 ], [ -93.126405574826123, 16.774717169977404 ], [ -93.126002698637848, 16.774459504357484 ], [ -93.125917982475272, 16.774405322651653 ], [ -93.125882372717882, 16.774382547787781 ], [ -93.125897483729545, 16.77433135823869 ], [ -93.125912594733208, 16.774280168688197 ], [ -93.125942109926356, 16.774180183886596 ], [ -93.125955900372375, 16.774122826349849 ], [ -93.125960614174247, 16.774094148387221 ], [ -93.125967017751464, 16.774055190107198 ], [ -93.125973085815431, 16.774018273018406 ], [ -93.125990271240099, 16.773913719684685 ], [ -93.126159432603501, 16.773501231792117 ], [ -93.126307085355194, 16.773046239403346 ], [ -93.126383865049348, 16.772828278916183 ], [ -93.126389200872268, 16.772602829646637 ], [ -93.126391515787233, 16.772164289731798 ], [ -93.126380023837172, 16.771688862158836 ], [ -93.126366841255447, 16.771257250168691 ], [ -93.126357133598475, 16.77094384990972 ], [ -93.126242228217663, 16.770713667497947 ], [ -93.126149829747291, 16.770514509339854 ], [ -93.125944265917028, 16.770060083374879 ], [ -93.125633374790922, 16.769313531217534 ], [ -93.125636949488978, 16.768864574107617 ], [ -93.12567463084261, 16.768601166744403 ], [ -93.125701958351584, 16.768438076134871 ], [ -93.126107921006124, 16.768456104917789 ], [ -93.126184369589197, 16.767976252483361 ], [ -93.127775598646039, 16.7682277097297 ], [ -93.127801517007143, 16.768475239523234 ], [ -93.12811046993933, 16.768472981501823 ], [ -93.128114074250774, 16.768372890263748 ], [ -93.128344668765749, 16.768364934923884 ], [ -93.128604127021646, 16.768355983497202 ], [ -93.129048349080861, 16.768320497772706 ], [ -93.129459595843755, 16.768301597791876 ], [ -93.129422369224514, 16.768139924319318 ], [ -93.129355101619922, 16.767878951991644 ], [ -93.129779332712914, 16.767884819095993 ], [ -93.130525180400412, 16.767909917846644 ], [ -93.130527306592867, 16.76834671825571 ], [ -93.130533135108294, 16.768787034861219 ], [ -93.130534189493844, 16.769354710986274 ], [ -93.130532436353278, 16.769473623876543 ], [ -93.13053522176908, 16.769910473062023 ], [ -93.130535519158087, 16.770070581188186 ], [ -93.130569407684916, 16.77011042703203 ], [ -93.130612662355972, 16.770188981065861 ], [ -93.131132474033294, 16.770264791636269 ], [ -93.131240870745046, 16.770968396495149 ], [ -93.131307223279393, 16.771249309362204 ], [ -93.130982892823681, 16.771279799503652 ], [ -93.130894871626268, 16.770979736730261 ], [ -93.130828992675006, 16.770755155844761 ], [ -93.12980718453926, 16.77133081032451 ], [ -93.129315572937529, 16.771607642952759 ], [ -93.129296686912312, 16.771500302051532 ], [ -93.128386765188097, 16.771523681333644 ], [ -93.128114667262068, 16.771987315339544 ], [ -93.127809968341765, 16.772503954543129 ], [ -93.127736988202798, 16.772627697200683 ], [ -93.127760313219625, 16.772646940218369 ], [ -93.127963274941337, 16.772882950134004 ], [ -93.127966812009774, 16.773151708466191 ], [ -93.127968429324852, 16.773209832609364 ], [ -93.127974813084222, 16.773365870858616 ], [ -93.127978854397, 16.773464652533427 ], [ -93.127986319471972, 16.773624765549833 ], [ -93.128028003338954, 16.773715510651641 ] ] ] ] } },
{ "type": "Feature", "properties": { "ID": 95, "ENTIDAD": 7, "MUNICIPIO": 102, "NOMBRE": "TUXTLA GUTIERREZ", "CONTROL": 163, "GEOMETRY1_": null, "ID_2": 1532, "ENTIDAD_2": 7, "DISTRITO_F": 9, "DISTRITO_L": 2, "MUNICIPIO_2": 102, "SECCION": 1637, "TIPO": 2, "CONTROL_2": 1851, "GEOMETRY1__2": null }, "geometry": { "type": "MultiPolygon", "coordinates": [ [ [ [ -93.151105717430994, 16.770979212800963 ], [ -93.151123486108702, 16.77070447892768 ], [ -93.154314462921889, 16.771233402441123 ], [ -93.154354727584405, 16.771019312887343 ], [ -93.154414996725777, 16.770696100562724 ], [ -93.154429551211507, 16.770615687280173 ], [ -93.154507539612183, 16.770212821870548 ], [ -93.15451802386491, 16.770126875943806 ], [ -93.154527104104787, 16.770098681429207 ], [ -93.154564133798686, 16.769967130427705 ], [ -93.154575636688975, 16.76994897588704 ], [ -93.154583739913576, 16.769929491582019 ], [ -93.154822485228252, 16.769053156008539 ], [ -93.154825522657859, 16.768995445775655 ], [ -93.154830466283386, 16.768963043366512 ], [ -93.15495820345204, 16.768471077446303 ], [ -93.154973067807333, 16.76841382881808 ], [ -93.155005601843527, 16.768288526998681 ], [ -93.155087401208846, 16.767973483597974 ], [ -93.155186046522317, 16.7675935580288 ], [ -93.155177842815618, 16.767551432813903 ], [ -93.155326609175219, 16.766921254090949 ], [ -93.155836420723134, 16.767037101507718 ], [ -93.156364963060966, 16.767157203746411 ], [ -93.156313000184582, 16.767383302873238 ], [ -93.156265725481177, 16.767589002508601 ], [ -93.156684998252373, 16.767632464823738 ], [ -93.156822785758948, 16.767653079109902 ], [ -93.157110389452129, 16.767700762369206 ], [ -93.157462174901042, 16.767757700491327 ], [ -93.158095503477767, 16.767864945581007 ], [ -93.158262326632979, 16.767888413351251 ], [ -93.158143897711952, 16.76805993399643 ], [ -93.157920297007436, 16.768211077891532 ], [ -93.157612337774239, 16.768419243522942 ], [ -93.15738666100701, 16.768571789584819 ], [ -93.157477260631566, 16.768764065413389 ], [ -93.157528088717498, 16.768834054622264 ], [ -93.157752945348534, 16.769143676713664 ], [ -93.15786506371316, 16.769298060491469 ], [ -93.157847887829362, 16.769476676326288 ], [ -93.158516702429125, 16.769592737766605 ], [ -93.15855012766518, 16.769598538089177 ], [ -93.158541625339552, 16.769668031672087 ], [ -93.158508339436636, 16.769821183758303 ], [ -93.158503734974147, 16.769853233713178 ], [ -93.15866332827251, 16.769873900535387 ], [ -93.158983299671249, 16.769915335422958 ], [ -93.159560777585142, 16.770012957514602 ], [ -93.160201763203773, 16.770120261825138 ], [ -93.160539964714161, 16.770184421041979 ], [ -93.160672709999318, 16.770212389626689 ], [ -93.161208943391912, 16.770325369625915 ], [ -93.161296399493409, 16.770343795767403 ], [ -93.161635725060151, 16.770415862590259 ], [ -93.162369460482765, 16.770573573517112 ], [ -93.16201639438637, 16.770930144942945 ], [ -93.161541559990823, 16.771409690564241 ], [ -93.161513710215331, 16.771437816551817 ], [ -93.161448602860261, 16.771550498947768 ], [ -93.161363074533426, 16.771730698927996 ], [ -93.161418254351304, 16.7718978260684 ], [ -93.161434927382075, 16.771982351081146 ], [ -93.161355050334564, 16.77220976316277 ], [ -93.161275173099355, 16.772437175210072 ], [ -93.161123661737093, 16.772672762861742 ], [ -93.161074094348152, 16.772738533790147 ], [ -93.161024526925218, 16.772804304706415 ], [ -93.160988958842239, 16.772851499890823 ], [ -93.160980326906994, 16.773057227921285 ], [ -93.159726794883639, 16.802928882707477 ], [ -93.156069549201163, 16.803557951683135 ], [ -93.151205910864789, 16.804336359517563 ], [ -93.151105717430994, 16.770979212800963 ] ] ] ] } },
{ "type": "Feature", "properties": { "ID": 95, "ENTIDAD": 7, "MUNICIPIO": 102, "NOMBRE": "TUXTLA GUTIERREZ", "CONTROL": 163, "GEOMETRY1_": null, "ID_2": 1537, "ENTIDAD_2": 7, "DISTRITO_F": 9, "DISTRITO_L": 2, "MUNICIPIO_2": 102, "SECCION": 1642, "TIPO": 2, "CONTROL_2": 1794, "GEOMETRY1__2": null }, "geometry": { "type": "MultiPolygon", "coordinates": [ [ [ [ -93.162147533798759, 16.766604935996579 ], [ -93.161983238779257, 16.76658915553941 ], [ -93.160866471696153, 16.7664818870586 ], [ -93.160663982947966, 16.766462436808503 ], [ -93.159725922537632, 16.766372327870776 ], [ -93.159354780321124, 16.766312371111272 ], [ -93.159206184422331, 16.766288365752338 ], [ -93.159237805664247, 16.766068642895696 ], [ -93.159270735331248, 16.765839970884549 ], [ -93.159298451820291, 16.76564750009371 ], [ -93.159325488778251, 16.765459747782401 ], [ -93.159358477688542, 16.765230662932517 ], [ -93.159398830790309, 16.764950438201161 ], [ -93.159432544765096, 16.764716317051541 ], [ -93.159453419609008, 16.764571354850272 ], [ -93.159542882377337, 16.763950091712037 ], [ -93.16081723741442, 16.764231048088618 ], [ -93.161470600744124, 16.764437000904749 ], [ -93.162186627796785, 16.764760271186272 ], [ -93.162167440503808, 16.764792019783251 ], [ -93.162145528485055, 16.764847570650034 ], [ -93.162134602716151, 16.76491104625185 ], [ -93.162133335324583, 16.765021701974035 ], [ -93.162233945016666, 16.765023939298061 ], [ -93.162661933142147, 16.765278210667276 ], [ -93.162923645844458, 16.765489831522846 ], [ -93.162972319723622, 16.765529189125729 ], [ -93.163420096534892, 16.765949303588027 ], [ -93.163742800963931, 16.765992140629141 ], [ -93.163501017180423, 16.766333096502809 ], [ -93.163300521194145, 16.766714081678366 ], [ -93.162147533798759, 16.766604935996579 ] ] ] ] } },
{ "type": "Feature", "properties": { "ID": 95, "ENTIDAD": 7, "MUNICIPIO": 102, "NOMBRE": "TUXTLA GUTIERREZ", "CONTROL": 163, "GEOMETRY1_": null, "ID_2": 1538, "ENTIDAD_2": 7, "DISTRITO_F": 9, "DISTRITO_L": 2, "MUNICIPIO_2": 102, "SECCION": 1643, "TIPO": 2, "CONTROL_2": 1856, "GEOMETRY1__2": null }, "geometry": { "type": "MultiPolygon", "coordinates": [ [ [ [ -93.158095503477767, 16.767864945581007 ], [ -93.157462174901042, 16.767757700491327 ], [ -93.157515378980605, 16.767515864562363 ], [ -93.157555332059829, 16.767330068284792 ], [ -93.15753225599093, 16.767152643119349 ], [ -93.15750063347997, 16.766943507386994 ], [ -93.157496314713697, 16.766912986119532 ], [ -93.157471350953941, 16.76673656387046 ], [ -93.158024799600156, 16.766603179515002 ], [ -93.157945601942743, 16.766541116238926 ], [ -93.157906744777478, 16.766382806662232 ], [ -93.157857493296063, 16.766182148776025 ], [ -93.157807505683778, 16.765978491328195 ], [ -93.157754702799707, 16.765763363519707 ], [ -93.157654425529728, 16.765354815690909 ], [ -93.157644759147772, 16.765315377165255 ], [ -93.157620463053476, 16.765216249810791 ], [ -93.157629120235057, 16.764968673579599 ], [ -93.157673355327191, 16.764883270924216 ], [ -93.157699896363638, 16.764832029326204 ], [ -93.157783995673128, 16.764733790828092 ], [ -93.157885831121675, 16.764652612482287 ], [ -93.157974410117163, 16.764614128660533 ], [ -93.158048286678493, 16.764586425047209 ], [ -93.158147584870804, 16.764568520311748 ], [ -93.158198385731623, 16.764401627749731 ], [ -93.15824150017211, 16.764259986617262 ], [ -93.158431008076235, 16.763637405763195 ], [ -93.158896683301379, 16.763773535370255 ], [ -93.159542882377337, 16.763950091712037 ], [ -93.159453419609008, 16.764571354850272 ], [ -93.159432544765096, 16.764716317051541 ], [ -93.159398830790309, 16.764950438201161 ], [ -93.159358477688542, 16.765230662932517 ], [ -93.159325488778251, 16.765459747782401 ], [ -93.159298451820291, 16.76564750009371 ], [ -93.159270735331248, 16.765839970884549 ], [ -93.159237805664247, 16.766068642895696 ], [ -93.159206184422331, 16.766288365752338 ], [ -93.159023704516542, 16.766597711952389 ], [ -93.158869899981127, 16.766858445778954 ], [ -93.158729671367155, 16.767096164598421 ], [ -93.158596195743087, 16.767322434955052 ], [ -93.158497095515088, 16.7674904311002 ], [ -93.158390226343826, 16.76767159688713 ], [ -93.158262326632979, 16.767888413351251 ], [ -93.158095503477767, 16.767864945581007 ] ] ] ] } },
{ "type": "Feature", "properties": { "ID": 95, "ENTIDAD": 7, "MUNICIPIO": 102, "NOMBRE": "TUXTLA GUTIERREZ", "CONTROL": 163, "GEOMETRY1_": null, "ID_2": 1502, "ENTIDAD_2": 7, "DISTRITO_F": 9, "DISTRITO_L": 1, "MUNICIPIO_2": 102, "SECCION": 1605, "TIPO": 2, "CONTROL_2": 1752, "GEOMETRY1__2": null }, "geometry": { "type": "MultiPolygon", "coordinates": [ [ [ [ -93.100787900730367, 16.80702172737837 ], [ -93.100098834360239, 16.806733970393211 ], [ -93.09981171160976, 16.806610625939221 ], [ -93.099294654208563, 16.806322460450531 ], [ -93.098720263106372, 16.806034428586312 ], [ -93.098318027396886, 16.805787331001152 ], [ -93.097972979761749, 16.805498757613847 ], [ -93.097455928131481, 16.805210587442556 ], [ -93.096880803943975, 16.804715848912977 ], [ -93.096535612652275, 16.804385932767918 ], [ -93.09601871384416, 16.804139099224582 ], [ -93.095615895364418, 16.80372663507293 ], [ -93.095271003016606, 16.803479397358178 ], [ -93.094868777136298, 16.803232292917681 ], [ -93.094638850043481, 16.803067466990822 ], [ -93.094293960147496, 16.802820227610177 ], [ -93.093949071143356, 16.802572987640907 ], [ -93.092971302536114, 16.801707109946879 ], [ -93.092453828071569, 16.801294906063251 ], [ -93.09216510350646, 16.800716807311836 ], [ -93.091762153851377, 16.800262995080161 ], [ -93.091416392873214, 16.799767708826192 ], [ -93.09101359356049, 16.7993552353946 ], [ -93.090667836173282, 16.798859947821857 ], [ -93.090552877020571, 16.798777532487254 ], [ -93.090207268257572, 16.798323584433842 ], [ -93.089976473119137, 16.797910711170232 ], [ -93.089688638799615, 16.797580650709602 ], [ -93.089228076726442, 16.797044285035735 ], [ -93.088825726124924, 16.796755828184629 ], [ -93.088423230747026, 16.796426030190478 ], [ -93.088193317405953, 16.796261196886419 ], [ -93.087963404461135, 16.796096363321048 ], [ -93.087560766157182, 16.79572522325919 ], [ -93.086814136959674, 16.79535487227465 ], [ -93.086583935113325, 16.795107356441672 ], [ -93.086411356896122, 16.794942389568341 ], [ -93.085893769471681, 16.794488828411232 ], [ -93.085491574626488, 16.794241705279205 ], [ -93.085031613393639, 16.79387069138475 ], [ -93.084571944247955, 16.793582357162862 ], [ -93.083883820641105, 16.793542587325661 ], [ -93.083195697309677, 16.793502815186944 ], [ -93.082793942308811, 16.793379707829505 ], [ -93.082276946294726, 16.793091498918486 ], [ -93.082046753044509, 16.792843977918761 ], [ -93.081416830708093, 16.793052111751155 ], [ -93.081073131111296, 16.793135572762136 ], [ -93.080614768315058, 16.793219292972722 ], [ -93.080385586764578, 16.793261152695816 ], [ -93.080041597992988, 16.793261931248367 ], [ -93.07935362043348, 16.793263486629392 ], [ -93.07906696311062, 16.793264134026266 ], [ -93.078837925069024, 16.793347332399005 ], [ -93.078321366457786, 16.793183134645496 ], [ -93.077976659187186, 16.792977207880757 ], [ -93.077918609255406, 16.792770635135728 ], [ -93.078032409486894, 16.792522334614173 ], [ -93.078089309492142, 16.792398184327975 ], [ -93.078317627750749, 16.792108284901094 ], [ -93.078834039541206, 16.792231142317945 ], [ -93.079350451990337, 16.792353998435217 ], [ -93.079867009229119, 16.792518193625835 ], [ -93.080268616338145, 16.792599966349499 ], [ -93.080840918570658, 16.79230928521865 ], [ -93.081069810096395, 16.792184744246335 ], [ -93.08141293012693, 16.791935921751477 ], [ -93.081642109858535, 16.791894060887465 ], [ -93.08210032440391, 16.791768998022718 ], [ -93.082444599837842, 16.791850896785025 ], [ -93.082960868737842, 16.791932403475407 ], [ -93.083362765683262, 16.792096850906354 ], [ -93.083707767048068, 16.792385449387087 ], [ -93.084167141886411, 16.79259110486041 ], [ -93.084683558675792, 16.79271394757761 ], [ -93.08766770186709, 16.793533920996737 ], [ -93.088414179585257, 16.793862928624023 ], [ -93.089473531524831, 16.794041008487056 ], [ -93.089615594970383, 16.794163337018471 ], [ -93.089866058853204, 16.794343213603621 ], [ -93.09043799469903, 16.794710134092252 ], [ -93.09069592555926, 16.794872007796233 ], [ -93.09097627897583, 16.795033871264579 ], [ -93.091172288406398, 16.795159168899897 ], [ -93.091534536628487, 16.795382789096465 ], [ -93.091948076539197, 16.795698530835374 ], [ -93.092125832690741, 16.795909068711012 ], [ -93.09223864506167, 16.796053817617864 ], [ -93.092348058663674, 16.79623476784009 ], [ -93.092440352013639, 16.796336744188 ], [ -93.092580486888536, 16.796461735252628 ], [ -93.092741083892435, 16.796511026398214 ], [ -93.092857265537873, 16.796557046562707 ], [ -93.092973450442969, 16.796609648451174 ], [ -93.093069149534188, 16.796688586702796 ], [ -93.093219555320005, 16.796856354324635 ], [ -93.093359721649648, 16.797043871850658 ], [ -93.093438364582127, 16.797175471989483 ], [ -93.093489640482233, 16.797234684826591 ], [ -93.093588788815666, 16.797379439172261 ], [ -93.093667407834744, 16.797461675797447 ], [ -93.093797272307256, 16.797540598150512 ], [ -93.093920289385096, 16.797589905486852 ], [ -93.094101360546105, 16.797586531891064 ], [ -93.094159430759021, 16.797566759962805 ], [ -93.094217500959786, 16.797546988018205 ], [ -93.09431313440281, 16.797490999000271 ], [ -93.094401931606697, 16.797428431282476 ], [ -93.094473623644149, 16.797319798842071 ], [ -93.094548689702734, 16.797125601544234 ], [ -93.094596438633161, 16.796961034831437 ], [ -93.094726024041805, 16.796477213586986 ], [ -93.094777220132215, 16.796375172255388 ], [ -93.0948284292393, 16.796299458070042 ], [ -93.094910386293549, 16.796223729696973 ], [ -93.095012848481204, 16.796161155410665 ], [ -93.095159722692486, 16.796095269651861 ], [ -93.095320257633148, 16.796019504775771 ], [ -93.09543296724668, 16.795953634639076 ], [ -93.095542261991426, 16.795891056921445 ], [ -93.095648125396707, 16.795798862677845 ], [ -93.095750565667089, 16.795693506388446 ], [ -93.095765925592943, 16.795665526628731 ], [ -93.095781285514349, 16.795637546867916 ], [ -93.09579677654537, 16.795605366891181 ], [ -93.095825652908616, 16.79554538113571 ], [ -93.095863187401889, 16.795453218575219 ], [ -93.095890464316042, 16.795344606305967 ], [ -93.095897217864717, 16.795186640154014 ], [ -93.095876649941147, 16.795048432101812 ], [ -93.095838944721365, 16.794945219755284 ], [ -93.095562554781736, 16.794480800320606 ], [ -93.095478126286523, 16.794341174151821 ], [ -93.095264412096796, 16.793987739235828 ], [ -93.095138325577381, 16.793759142100718 ], [ -93.095035450440932, 16.793521846253444 ], [ -93.095018314450385, 16.793413254574947 ], [ -93.095027752775906, 16.793234666643777 ], [ -93.095059254038247, 16.793132646563219 ], [ -93.095126521571345, 16.793013576600814 ], [ -93.095229048284452, 16.79284639804531 ], [ -93.095370787030234, 16.792725270793316 ], [ -93.095551697111659, 16.792634189661541 ], [ -93.095868558602717, 16.79254077278862 ], [ -93.096117914392977, 16.792461675006066 ], [ -93.096334626766875, 16.792398825491208 ], [ -93.096784726734342, 16.792329902244262 ], [ -93.097267923101143, 16.792326080310207 ], [ -93.098253103442644, 16.792332151503235 ], [ -93.098926653536324, 16.792408057359264 ], [ -93.099151756763987, 16.79243342490529 ], [ -93.099475069089593, 16.792469797252146 ], [ -93.099524416488691, 16.792475348744343 ], [ -93.099996612808425, 16.792526260485428 ], [ -93.100070939126326, 16.792539662393516 ], [ -93.100552766133092, 16.792580358815346 ], [ -93.10104397421189, 16.792639949005107 ], [ -93.101615062779203, 16.792690604118384 ], [ -93.101945607117827, 16.79272747122474 ], [ -93.101843092591153, 16.793620967013158 ], [ -93.101787470048549, 16.794093148074214 ], [ -93.10173683003616, 16.794523030309289 ], [ -93.101686269313277, 16.794973645262143 ], [ -93.101636208803527, 16.795419997005261 ], [ -93.101573664037545, 16.795977658531012 ], [ -93.101540770161648, 16.796304459007718 ], [ -93.101483839965525, 16.796750224793737 ], [ -93.101429248439686, 16.797208020047783 ], [ -93.100961225630826, 16.797161775149377 ], [ -93.100899007296007, 16.797615567878101 ], [ -93.100846910637372, 16.797995343387775 ], [ -93.100801886523428, 16.798307667547416 ], [ -93.100775388970504, 16.798335955493066 ], [ -93.100686440599418, 16.798929602533132 ], [ -93.101237128363479, 16.798999774507063 ], [ -93.101110862134476, 16.79987787409274 ], [ -93.10103416341795, 16.800411259898528 ], [ -93.101023230462474, 16.800487290697351 ], [ -93.101408746240551, 16.807031024363937 ], [ -93.101418740584563, 16.807061576076471 ], [ -93.101132211546641, 16.807103594583449 ], [ -93.100787900730367, 16.80702172737837 ] ] ] ] } },
{ "type": "Feature", "properties": { "ID": 95, "ENTIDAD": 7, "MUNICIPIO": 102, "NOMBRE": "TUXTLA GUTIERREZ", "CONTROL": 163, "GEOMETRY1_": null, "ID_2": 1503, "ENTIDAD_2": 7, "DISTRITO_F": 9, "DISTRITO_L": 1, "MUNICIPIO_2": 102, "SECCION": 1607, "TIPO": 2, "CONTROL_2": 1753, "GEOMETRY1__2": null }, "geometry": { "type": "MultiPolygon", "coordinates": [ [ [ [ -93.0949431839895, 16.794430981623798 ], [ -93.093506896924993, 16.794306083645729 ], [ -93.092295440489025, 16.794171493844988 ], [ -93.092372393845082, 16.793710311292983 ], [ -93.092446698715534, 16.793194801737197 ], [ -93.091483267318054, 16.79307578819914 ], [ -93.090300450775359, 16.792947678492453 ], [ -93.089778352359119, 16.792854781083122 ], [ -93.090019030162594, 16.792362602244278 ], [ -93.090164124600904, 16.792065887135674 ], [ -93.090521283352686, 16.791546287178402 ], [ -93.090686412419913, 16.791261145875154 ], [ -93.090840402691654, 16.790995237914167 ], [ -93.090866395139855, 16.790950210939307 ], [ -93.091062404669941, 16.790610530047196 ], [ -93.091753255774535, 16.79072627328717 ], [ -93.092777480607495, 16.790836588578962 ], [ -93.093774042163616, 16.79098688402178 ], [ -93.09393678982606, 16.791013510504559 ], [ -93.094051001568459, 16.790511181412175 ], [ -93.095534704981759, 16.79071091334659 ], [ -93.096551120258724, 16.790845728481319 ], [ -93.097608811134137, 16.790944023865986 ], [ -93.09851198536478, 16.791041999056279 ], [ -93.098427162234231, 16.791442720533247 ], [ -93.098413565775374, 16.791506952772409 ], [ -93.098308183828891, 16.791974984682742 ], [ -93.098253103442644, 16.792332151503235 ], [ -93.097267923101143, 16.792326080310207 ], [ -93.096784726734342, 16.792329902244262 ], [ -93.096334626766875, 16.792398825491208 ], [ -93.096117914392977, 16.792461675006066 ], [ -93.095868558602717, 16.79254077278862 ], [ -93.095551697111659, 16.792634189661541 ], [ -93.095370787030234, 16.792725270793316 ], [ -93.095229048284452, 16.79284639804531 ], [ -93.095126521571345, 16.793013576600814 ], [ -93.095059254038247, 16.793132646563219 ], [ -93.095027752775906, 16.793234666643777 ], [ -93.095018314450385, 16.793413254574947 ], [ -93.095035450440932, 16.793521846253444 ], [ -93.095138325577381, 16.793759142100718 ], [ -93.095264412096796, 16.793987739235828 ], [ -93.095478126286523, 16.794341174151821 ], [ -93.095562554781736, 16.794480800320606 ], [ -93.095838944721365, 16.794945219755284 ], [ -93.095876649941147, 16.795048432101812 ], [ -93.094894589784687, 16.794943683575454 ], [ -93.0949431839895, 16.794430981623798 ] ] ] ] } },
{ "type": "Feature", "properties": { "ID": 95, "ENTIDAD": 7, "MUNICIPIO": 102, "NOMBRE": "TUXTLA GUTIERREZ", "CONTROL": 163, "GEOMETRY1_": null, "ID_2": 1504, "ENTIDAD_2": 7, "DISTRITO_F": 9, "DISTRITO_L": 1, "MUNICIPIO_2": 102, "SECCION": 1608, "TIPO": 2, "CONTROL_2": 1754, "GEOMETRY1__2": null }, "geometry": { "type": "MultiPolygon", "coordinates": [ [ [ [ -93.108028145426061, 16.793374898761705 ], [ -93.10757188041481, 16.79334125203123 ], [ -93.107286047871625, 16.79331268529446 ], [ -93.106555856302933, 16.793239706491544 ], [ -93.106072558902298, 16.793191402004663 ], [ -93.105628342847567, 16.793147002587308 ], [ -93.104717493617187, 16.793046052356964 ], [ -93.10379831097454, 16.792944174329939 ], [ -93.103340000795868, 16.792893375737286 ], [ -93.102873815531652, 16.792830970156729 ], [ -93.102672758424831, 16.792804704276865 ], [ -93.10241220134408, 16.792778420278864 ], [ -93.102148642057912, 16.792751123668541 ], [ -93.101945607117827, 16.79272747122474 ], [ -93.101615062779203, 16.792690604118384 ], [ -93.10104397421189, 16.792639949005107 ], [ -93.100552766133092, 16.792580358815346 ], [ -93.100070939126326, 16.792539662393516 ], [ -93.099996612808425, 16.792526260485428 ], [ -93.099524416488691, 16.792475348744343 ], [ -93.099475069089593, 16.792469797252146 ], [ -93.099151756763987, 16.79243342490529 ], [ -93.098926653536324, 16.792408057359264 ], [ -93.098253103442644, 16.792332151503235 ], [ -93.098308183828891, 16.791974984682742 ], [ -93.098413565775374, 16.791506952772409 ], [ -93.098427162234231, 16.791442720533247 ], [ -93.09851198536478, 16.791041999056279 ], [ -93.098620295708486, 16.790580434830748 ], [ -93.098730937031206, 16.790108934791188 ], [ -93.098820503160084, 16.789713992486604 ], [ -93.098846706802973, 16.789622399147721 ], [ -93.098948089227022, 16.789281275175441 ], [ -93.098999217984456, 16.789142254850095 ], [ -93.099131270498788, 16.788855400708517 ], [ -93.099294164060197, 16.788703210867645 ], [ -93.099484202188776, 16.788560682066802 ], [ -93.099594969020615, 16.788510513756915 ], [ -93.100126892838702, 16.788554554300532 ], [ -93.100523035868392, 16.788589634815768 ], [ -93.10074029978486, 16.788607501571462 ], [ -93.101086605171872, 16.788637679064951 ], [ -93.101437814144376, 16.788667618815978 ], [ -93.101421115021935, 16.788943488628234 ], [ -93.101891420477713, 16.788988558164071 ], [ -93.1022828904443, 16.789026072031533 ], [ -93.102818701320629, 16.789077416599373 ], [ -93.103779616953176, 16.789169493655809 ], [ -93.105134347331102, 16.789314471805685 ], [ -93.105590624393997, 16.789363298803259 ], [ -93.105958852293583, 16.789411760905502 ], [ -93.106542470702465, 16.789488568934459 ], [ -93.106529637468384, 16.789131578291684 ], [ -93.106737318020464, 16.78917709202431 ], [ -93.106968882051092, 16.789227839610177 ], [ -93.10726794567492, 16.789327343730672 ], [ -93.107744060304285, 16.789494324602231 ], [ -93.108188334309986, 16.789650137206539 ], [ -93.108621342558621, 16.789801997593578 ], [ -93.108904896992883, 16.789901442384625 ], [ -93.108815199487481, 16.79073135855586 ], [ -93.108714626543161, 16.791640273885939 ], [ -93.108692004785837, 16.791714513492426 ], [ -93.108600923458596, 16.792525390831251 ], [ -93.108509925850413, 16.793335516053858 ], [ -93.108480305048289, 16.793422798781819 ], [ -93.108028145426061, 16.793374898761705 ] ] ] ] } },
{ "type": "Feature", "properties": { "ID": 95, "ENTIDAD": 7, "MUNICIPIO": 102, "NOMBRE": "TUXTLA GUTIERREZ", "CONTROL": 163, "GEOMETRY1_": null, "ID_2": 1505, "ENTIDAD_2": 7, "DISTRITO_F": 9, "DISTRITO_L": 1, "MUNICIPIO_2": 102, "SECCION": 1609, "TIPO": 2, "CONTROL_2": 1819, "GEOMETRY1__2": null }, "geometry": { "type": "MultiPolygon", "coordinates": [ [ [ [ -93.108904896992883, 16.789901442384625 ], [ -93.108621342558621, 16.789801997593578 ], [ -93.108188334309986, 16.789650137206539 ], [ -93.107744060304285, 16.789494324602231 ], [ -93.10726794567492, 16.789327343730672 ], [ -93.106968882051092, 16.789227839610177 ], [ -93.106737318020464, 16.78917709202431 ], [ -93.106529637468384, 16.789131578291684 ], [ -93.106542470702465, 16.789488568934459 ], [ -93.105958852293583, 16.789411760905502 ], [ -93.105590624393997, 16.789363298803259 ], [ -93.105134347331102, 16.789314471805685 ], [ -93.103779616953176, 16.789169493655809 ], [ -93.102818701320629, 16.789077416599373 ], [ -93.1022828904443, 16.789026072031533 ], [ -93.101891420477713, 16.788988558164071 ], [ -93.101421115021935, 16.788943488628234 ], [ -93.101437814144376, 16.788667618815978 ], [ -93.101086605171872, 16.788637679064951 ], [ -93.10074029978486, 16.788607501571462 ], [ -93.100523035868392, 16.788589634815768 ], [ -93.100126892838702, 16.788554554300532 ], [ -93.099594969020615, 16.788510513756915 ], [ -93.099870846522236, 16.788396858331819 ], [ -93.100139321621057, 16.788346428675073 ], [ -93.100253665484985, 16.788324950509971 ], [ -93.100542324171812, 16.78827072902882 ], [ -93.100648128432013, 16.788250854708647 ], [ -93.100764030418873, 16.788229083559735 ], [ -93.101020123498571, 16.788180978522533 ], [ -93.101112230144153, 16.788163676941906 ], [ -93.101472718085304, 16.788096528255679 ], [ -93.101643167194609, 16.788046825690603 ], [ -93.101945307392825, 16.787919311851265 ], [ -93.102080381932495, 16.78785149640774 ], [ -93.102213829354227, 16.787758308090229 ], [ -93.102365690038539, 16.787665110534324 ], [ -93.102454829279338, 16.787612575071968 ], [ -93.102531358233051, 16.787567471605456 ], [ -93.102683218610025, 16.78747427381537 ], [ -93.102822076235071, 16.787330033626386 ], [ -93.10288585820598, 16.787237767783985 ], [ -93.102942540359138, 16.787131842667737 ], [ -93.10301691936165, 16.786962711101868 ], [ -93.103253400715545, 16.786303310492464 ], [ -93.10334535911889, 16.786103716929496 ], [ -93.103633762521426, 16.785619341268003 ], [ -93.103778243893842, 16.785376682650206 ], [ -93.103878856282819, 16.785207702218937 ], [ -93.104012445645395, 16.784934335420829 ], [ -93.104035189491185, 16.784879478603209 ], [ -93.104053566403877, 16.78481295349933 ], [ -93.104067318296927, 16.784706521237233 ], [ -93.104067241037811, 16.784564620855146 ], [ -93.104055881594064, 16.784477450826838 ], [ -93.104039505541408, 16.784351784231028 ], [ -93.10400456912204, 16.784137967632944 ], [ -93.103981285794092, 16.784008194988289 ], [ -93.103928682325275, 16.783717722632112 ], [ -93.103933244589626, 16.78364233572421 ], [ -93.103942390809607, 16.783531471393527 ], [ -93.103960745922578, 16.783425036802612 ], [ -93.104029114530533, 16.783256465816962 ], [ -93.104179673695327, 16.782958238397413 ], [ -93.104697732555209, 16.781902655346471 ], [ -93.104751862916757, 16.781792382581276 ], [ -93.104917140470448, 16.781455683179622 ], [ -93.105009071823147, 16.781265411285734 ], [ -93.10512362328474, 16.781028321576994 ], [ -93.10529266557225, 16.7806784498013 ], [ -93.105323709900361, 16.780614196291364 ], [ -93.105553569831272, 16.780138445821773 ], [ -93.105726544212942, 16.780154354556732 ], [ -93.106275416174569, 16.780308424497704 ], [ -93.106384498982536, 16.779865129601571 ], [ -93.107308346541899, 16.780363095587425 ], [ -93.107335165421588, 16.780377551215068 ], [ -93.107400084918041, 16.780411667586449 ], [ -93.107437510948188, 16.78050350095517 ], [ -93.107487119100611, 16.780694895550443 ], [ -93.107444835504438, 16.780885487032531 ], [ -93.107367203557388, 16.78103526001501 ], [ -93.107224355212011, 16.781112135794036 ], [ -93.107127184922717, 16.781154745435447 ], [ -93.107105149600343, 16.781161068717044 ], [ -93.106963748211314, 16.781201645356905 ], [ -93.10693402841126, 16.781211205817279 ], [ -93.106857737223393, 16.781235747643443 ], [ -93.106742883230552, 16.781257086730779 ], [ -93.106588279802537, 16.781299725868745 ], [ -93.106429263122664, 16.781350878988963 ], [ -93.106314411378193, 16.781376473745514 ], [ -93.106201677547801, 16.781417631990017 ], [ -93.106431009651558, 16.781464135210985 ], [ -93.107198318308747, 16.781579625256104 ], [ -93.107361052909198, 16.781604118568119 ], [ -93.107525569122799, 16.781632608862914 ], [ -93.1079540852962, 16.781706817013351 ], [ -93.108081902445477, 16.781242718592189 ], [ -93.108121983949644, 16.781097183942649 ], [ -93.108184030132506, 16.781120040419047 ], [ -93.108536927709167, 16.781250039818023 ], [ -93.1085559437592, 16.781308604096175 ], [ -93.108982812785982, 16.781452186353679 ], [ -93.109054527225481, 16.781476308213612 ], [ -93.109418093983365, 16.781598597003491 ], [ -93.109515280997243, 16.781631286551413 ], [ -93.109863367951874, 16.781748367621368 ], [ -93.109966022044773, 16.781782895781831 ], [ -93.110434722635361, 16.781940544497406 ], [ -93.110882996938216, 16.782073045241486 ], [ -93.11077684294483, 16.782542370194797 ], [ -93.110705923845572, 16.782845248840019 ], [ -93.110659305316887, 16.783044344981125 ], [ -93.110605998406314, 16.783272005019061 ], [ -93.110595453788065, 16.783317038292751 ], [ -93.110523184655207, 16.783753710718887 ], [ -93.110457115228954, 16.784054579852459 ], [ -93.110428537827929, 16.784184716266054 ], [ -93.11033514071093, 16.784610028908315 ], [ -93.110238378142938, 16.785050665142869 ], [ -93.11013730130108, 16.785497426666986 ], [ -93.110025190171612, 16.785925300174465 ], [ -93.110006970263299, 16.786008094615955 ], [ -93.109936870214412, 16.786383329513978 ], [ -93.109832529361867, 16.786844511441362 ], [ -93.109799971432807, 16.78698841557588 ], [ -93.109740155658642, 16.787252797209693 ], [ -93.109640461845856, 16.787693435393411 ], [ -93.109571403480516, 16.787998666288647 ], [ -93.109539058401879, 16.788137184697302 ], [ -93.109337856838991, 16.788972681092151 ], [ -93.109103479692479, 16.789945930817936 ], [ -93.108904896992883, 16.789901442384625 ] ] ] ] } },
{ "type": "Feature", "properties": { "ID": 95, "ENTIDAD": 7, "MUNICIPIO": 102, "NOMBRE": "TUXTLA GUTIERREZ", "CONTROL": 163, "GEOMETRY1_": null, "ID_2": 1533, "ENTIDAD_2": 7, "DISTRITO_F": 9, "DISTRITO_L": 2, "MUNICIPIO_2": 102, "SECCION": 1638, "TIPO": 2, "CONTROL_2": 1852, "GEOMETRY1__2": null }, "geometry": { "type": "MultiPolygon", "coordinates": [ [ [ [ -93.217103695958059, 16.778625259722485 ], [ -93.21706552029913, 16.779087782602502 ], [ -93.216921081507266, 16.781118417510683 ], [ -93.216608070907327, 16.781799634095538 ], [ -93.216436759968033, 16.782088979572592 ], [ -93.216208264790751, 16.782419681031598 ], [ -93.21597964923815, 16.782667743808133 ], [ -93.215808217063753, 16.782874450331494 ], [ -93.215792234525011, 16.782879077092584 ], [ -93.215522117872752, 16.782957272534649 ], [ -93.215178476551984, 16.782833534895708 ], [ -93.214777413396519, 16.78258587554043 ], [ -93.214548081955741, 16.782338106129789 ], [ -93.214433238083231, 16.782090263663047 ], [ -93.214318335079099, 16.781801101900871 ], [ -93.214145951536366, 16.781346699502606 ], [ -93.2140310494256, 16.781057537549216 ], [ -93.213801602164224, 16.780727128783571 ], [ -93.213673526721195, 16.780689531931465 ], [ -93.21351526824813, 16.780644671275912 ], [ -93.213286236813374, 16.780603496518633 ], [ -93.213000021584349, 16.780603676750349 ], [ -93.212713865432136, 16.780645175815689 ], [ -93.212313223003974, 16.780686746148646 ], [ -93.212084250707449, 16.780686889285583 ], [ -93.212084250707434, 16.780686889285583 ], [ -93.211855337304414, 16.780728351401237 ], [ -93.20929755395089, 16.784039804540338 ], [ -93.205341353917632, 16.789161440291217 ], [ -93.205112428833772, 16.789202895008614 ], [ -93.204940864164882, 16.789326954119602 ], [ -93.204654807821512, 16.789451080554219 ], [ -93.204426054183216, 16.789616492165926 ], [ -93.204254717815047, 16.789905827577432 ], [ -93.203911643078726, 16.79019526345386 ], [ -93.203740476931458, 16.79060855608202 ], [ -93.203569195781711, 16.790939210130922 ], [ -93.203455388766344, 16.791435107503915 ], [ -93.203369719107783, 16.791579774815435 ], [ -93.203284049320345, 16.791724442090612 ], [ -93.203227316485169, 16.79209634832894 ], [ -93.203170526384071, 16.792426935331218 ], [ -93.203170811652171, 16.792633531376687 ], [ -93.203171039868977, 16.792798808210076 ], [ -93.202942394963699, 16.793046856592955 ], [ -93.202485615553414, 16.793914825453211 ], [ -93.20231444306917, 16.794328116816342 ], [ -93.202085908883049, 16.794658802650215 ], [ -93.201914337361274, 16.794782859248397 ], [ -93.20185536230295, 16.794868194907508 ], [ -93.201685801942432, 16.795113544636727 ], [ -93.201342827337015, 16.795485614634547 ], [ -93.200885242943571, 16.795775111069325 ], [ -93.200656478483836, 16.795940518508754 ], [ -93.200370522350198, 16.796147277452942 ], [ -93.199970802823088, 16.79689125052095 ], [ -93.199570404743412, 16.797139392404681 ], [ -93.199341581268939, 16.797263479190747 ], [ -93.198883877281702, 16.797470332804554 ], [ -93.198655109049454, 16.797635738032881 ], [ -93.19864286200054, 16.797640166751062 ], [ -93.198311787903421, 16.797759887800041 ], [ -93.197919448076433, 16.797841035884332 ], [ -93.197911162098734, 16.797842749673556 ], [ -93.197453231816283, 16.797884323317714 ], [ -93.19688080473955, 16.797925959142024 ], [ -93.196423040835327, 16.798091488111428 ], [ -93.196022357952273, 16.79813302711699 ], [ -93.195736338010875, 16.798298460462288 ], [ -93.195450317571087, 16.798463893412649 ], [ -93.19522160049226, 16.798670614057809 ], [ -93.184157633496341, 16.795102095524967 ], [ -93.184103046984632, 16.794894885652518 ], [ -93.184076471390853, 16.794825193794477 ], [ -93.18399225563148, 16.79460434595364 ], [ -93.183937669446678, 16.794397136024152 ], [ -93.18388200420722, 16.794272512814167 ], [ -93.18376959472468, 16.794105853082712 ], [ -93.183715008928985, 16.793898643080393 ], [ -93.183603139462448, 16.793690689876644 ], [ -93.183548553970283, 16.793483479818896 ], [ -93.183492349584654, 16.79340014986024 ], [ -93.183378861569395, 16.793316076640021 ], [ -93.18303947766006, 16.792981269845715 ], [ -93.182926529885904, 16.79285590299342 ], [ -93.182870325957367, 16.792772572855483 ], [ -93.182700094940614, 16.792646462469484 ], [ -93.182587687454173, 16.792479802046859 ], [ -93.182473660491596, 16.792437021687288 ], [ -93.182360713411015, 16.792311654511163 ], [ -93.182247766478909, 16.792186287270102 ], [ -93.182076996417408, 16.792101469730287 ], [ -93.181963509794286, 16.79201739570561 ], [ -93.181792740008262, 16.791932577926016 ], [ -93.181679253609701, 16.791848503740987 ], [ -93.181451740999691, 16.791721648556912 ], [ -93.181337714739144, 16.791678867558161 ], [ -93.181109662369565, 16.791593305369275 ], [ -93.18088215043683, 16.791466449545918 ], [ -93.180654098520534, 16.79138088684623 ], [ -93.180368223390772, 16.791335873181815 ], [ -93.180140171855172, 16.791250309908058 ], [ -93.179855377948044, 16.791122708766977 ], [ -93.179341993071574, 16.790950836439755 ], [ -93.17922796773307, 16.790908054260385 ], [ -93.178657841798298, 16.790694142406629 ], [ -93.178259024795935, 16.790523756469071 ], [ -93.178088528383469, 16.79041828888505 ], [ -93.177918032158374, 16.790312821156974 ], [ -93.177800223000801, 16.789972273710283 ], [ -93.177645959910564, 16.789841872916373 ], [ -93.17742895743784, 16.78963973240403 ], [ -93.177208540464136, 16.789408224454874 ], [ -93.176957679912476, 16.789225692657215 ], [ -93.174735415283862, 16.787460486678714 ], [ -93.173701414563482, 16.786629207175384 ], [ -93.173396266510025, 16.786345552852595 ], [ -93.173236852415542, 16.786131937561613 ], [ -93.173141680032259, 16.785781207422499 ], [ -93.173112380971219, 16.785224830776087 ], [ -93.1730845321092, 16.784399226426192 ], [ -93.172890107303189, 16.782929250001548 ], [ -93.172865985324208, 16.782477296062439 ], [ -93.172886062993456, 16.782203157676008 ], [ -93.173125399231949, 16.780896800092691 ], [ -93.173737457188537, 16.777830365199122 ], [ -93.173795535164331, 16.777437898022569 ], [ -93.17383237650003, 16.776974470802639 ], [ -93.173690775587261, 16.775851996652875 ], [ -93.173469263238786, 16.774390200737738 ], [ -93.173387217318833, 16.77356627285171 ], [ -93.173397113375643, 16.773272562632478 ], [ -93.173481235402519, 16.772650822805204 ], [ -93.173513159865067, 16.77236851575412 ], [ -93.173485788213171, 16.772068310160794 ], [ -93.173426350181359, 16.7718937707013 ], [ -93.173277004065483, 16.771562665790498 ], [ -93.171481123613958, 16.769054647309691 ], [ -93.170708007538096, 16.768161129388222 ], [ -93.170267182216705, 16.767632830201492 ], [ -93.169845166029489, 16.767303578956355 ], [ -93.169875500868855, 16.767232631660967 ], [ -93.17033471286878, 16.766201858077025 ], [ -93.170269739615961, 16.766109812635584 ], [ -93.170204766363128, 16.76548173785822 ], [ -93.170605434755558, 16.764777860952638 ], [ -93.171336383849862, 16.765070240590312 ], [ -93.171547546921545, 16.764902393020492 ], [ -93.171661250113999, 16.764972780711059 ], [ -93.172197279449804, 16.764734545450711 ], [ -93.172408442521501, 16.764122713986598 ], [ -93.173650717579946, 16.764793427461122 ], [ -93.173861880651629, 16.764376515755458 ], [ -93.173886245621432, 16.764390051849862 ], [ -93.173949188460028, 16.763968402511182 ], [ -93.173948850057243, 16.76391696535266 ], [ -93.174008408872353, 16.763908843696015 ], [ -93.174363054544031, 16.76376536109608 ], [ -93.174925482627586, 16.763584520548019 ], [ -93.175029030385502, 16.763508175303631 ], [ -93.175129197483599, 16.763389057673443 ], [ -93.175185608878763, 16.763253943811545 ], [ -93.175376781798647, 16.763258039212737 ], [ -93.175552638497848, 16.763270675450023 ], [ -93.175791507566927, 16.763254489605689 ], [ -93.176003836898445, 16.763241522608357 ], [ -93.176202886054753, 16.763218977333466 ], [ -93.17632215068646, 16.763201195717713 ], [ -93.176544557557619, 16.763148362773066 ], [ -93.176773517180251, 16.763180131312982 ], [ -93.177029084548323, 16.763282199075146 ], [ -93.177040544114092, 16.763388117332909 ], [ -93.177032494979443, 16.763477902447111 ], [ -93.177022838762426, 16.763590312418739 ], [ -93.176903989782389, 16.76423004969287 ], [ -93.176737374193124, 16.765126896681274 ], [ -93.176625775399685, 16.765724835719293 ], [ -93.176582569115993, 16.765946149230558 ], [ -93.176486996057946, 16.766435694536192 ], [ -93.177495484850667, 16.766759217053735 ], [ -93.177850728011975, 16.76687382047481 ], [ -93.178579726224427, 16.767108996997717 ], [ -93.178832033003729, 16.765576737151459 ], [ -93.179613437757226, 16.766130639064151 ], [ -93.179921185273486, 16.766348785422501 ], [ -93.180239461418935, 16.76657439396697 ], [ -93.181002420554123, 16.767117893550839 ], [ -93.181661735762717, 16.7675875568065 ], [ -93.182148165492606, 16.767934062214813 ], [ -93.182840705710959, 16.768410576204353 ], [ -93.183683711655135, 16.768990614269832 ], [ -93.184051937142968, 16.76787815546129 ], [ -93.184376460426734, 16.766897715720489 ], [ -93.184394995992704, 16.766834208914883 ], [ -93.18444726508352, 16.76659104222167 ], [ -93.184705635419576, 16.766699100665086 ], [ -93.184947580719665, 16.766768295908435 ], [ -93.185204970036338, 16.766842435002726 ], [ -93.185518849234768, 16.76679257269851 ], [ -93.185755576393689, 16.766787401535176 ], [ -93.185987282483381, 16.766911142887217 ], [ -93.186203627004545, 16.767114226005322 ], [ -93.186332435565291, 16.76726780792697 ], [ -93.186579741234311, 16.767555148811095 ], [ -93.186615785148348, 16.767574948224905 ], [ -93.186630422290889, 16.767514859690973 ], [ -93.186777611757037, 16.766910613997204 ], [ -93.186810410136147, 16.766780799094089 ], [ -93.187103017583865, 16.765863993259892 ], [ -93.187297636428269, 16.76490196255757 ], [ -93.186360759492572, 16.764644994908309 ], [ -93.18659962558624, 16.763737732986829 ], [ -93.186686663629061, 16.763470002952257 ], [ -93.186735146992362, 16.763320867223602 ], [ -93.187055849361698, 16.763483609636165 ], [ -93.187428690759589, 16.763731286071618 ], [ -93.188587964513701, 16.764572174622856 ], [ -93.190416688492803, 16.765864413856477 ], [ -93.191321771524429, 16.766537458523867 ], [ -93.192869170003974, 16.767617818353418 ], [ -93.194808014224535, 16.768883807826022 ], [ -93.195223244710391, 16.769157536597913 ], [ -93.196304670777522, 16.769993559372214 ], [ -93.19680125824695, 16.770321052697518 ], [ -93.19775033810258, 16.77091407431319 ], [ -93.199534895898367, 16.77196478511874 ], [ -93.200936437028673, 16.772771102698943 ], [ -93.201585442804046, 16.773069065448443 ], [ -93.202114060564739, 16.773238241906284 ], [ -93.205414351701378, 16.774106293087144 ], [ -93.206012500868454, 16.77435207884621 ], [ -93.206452102531969, 16.774610226524658 ], [ -93.206866778342516, 16.774943520848488 ], [ -93.207048191063507, 16.77511303277781 ], [ -93.207253357024342, 16.775320049159362 ], [ -93.20774013882054, 16.775946121854666 ], [ -93.208442347579663, 16.776864045140169 ], [ -93.208825629507757, 16.777317262361731 ], [ -93.209251191035349, 16.777710063972922 ], [ -93.20957496616353, 16.777954485937535 ], [ -93.20996307444409, 16.778171103379929 ], [ -93.210369771863711, 16.778348540935365 ], [ -93.210800125110254, 16.778473739926902 ], [ -93.211174522626763, 16.778542702642312 ], [ -93.211705570715267, 16.778591107852055 ], [ -93.212370356414908, 16.778576554461068 ], [ -93.213087624010811, 16.778539917065565 ], [ -93.215115762199957, 16.778413802336082 ], [ -93.217124783439658, 16.778321064245624 ], [ -93.217103695958059, 16.778625259722485 ] ] ] ] } },
{ "type": "Feature", "properties": { "ID": 95, "ENTIDAD": 7, "MUNICIPIO": 102, "NOMBRE": "TUXTLA GUTIERREZ", "CONTROL": 163, "GEOMETRY1_": null, "ID_2": 1534, "ENTIDAD_2": 7, "DISTRITO_F": 9, "DISTRITO_L": 2, "MUNICIPIO_2": 102, "SECCION": 1639, "TIPO": 2, "CONTROL_2": 1853, "GEOMETRY1__2": null }, "geometry": { "type": "MultiPolygon", "coordinates": [ [ [ [ -93.182840705710959, 16.768410576204353 ], [ -93.182148165492606, 16.767934062214813 ], [ -93.181661735762717, 16.7675875568065 ], [ -93.181798920769992, 16.766643308420658 ], [ -93.181968692139137, 16.765905595491766 ], [ -93.182008319295136, 16.765733401523956 ], [ -93.182034336425318, 16.765586558115441 ], [ -93.182184324226725, 16.764740006885738 ], [ -93.182422009361488, 16.763752196896657 ], [ -93.182649467950384, 16.762806878353871 ], [ -93.182877367247016, 16.761859718742059 ], [ -93.182910688630855, 16.761721232793352 ], [ -93.183603694002159, 16.761888425951199 ], [ -93.183749033444357, 16.761923489934919 ], [ -93.183943356435691, 16.761970371303388 ], [ -93.184434900179539, 16.762088614451127 ], [ -93.184959575971163, 16.762279342625561 ], [ -93.185067853258431, 16.762325320183432 ], [ -93.185756628487184, 16.762661307640531 ], [ -93.185841694109754, 16.76271037601575 ], [ -93.186215018565576, 16.762957538044418 ], [ -93.186735146992362, 16.763320867223602 ], [ -93.186686663629061, 16.763470002952257 ], [ -93.18659962558624, 16.763737732986829 ], [ -93.186360759492572, 16.764644994908309 ], [ -93.187297636428269, 16.76490196255757 ], [ -93.187103017583865, 16.765863993259892 ], [ -93.186810410136147, 16.766780799094089 ], [ -93.186777611757037, 16.766910613997204 ], [ -93.186630422290889, 16.767514859690973 ], [ -93.186615785148348, 16.767574948224905 ], [ -93.186579741234311, 16.767555148811095 ], [ -93.186332435565291, 16.76726780792697 ], [ -93.186203627004545, 16.767114226005322 ], [ -93.185987282483381, 16.766911142887217 ], [ -93.185755576393689, 16.766787401535176 ], [ -93.185518849234768, 16.76679257269851 ], [ -93.185204970036338, 16.766842435002726 ], [ -93.184947580719665, 16.766768295908435 ], [ -93.184705635419576, 16.766699100665086 ], [ -93.18444726508352, 16.76659104222167 ], [ -93.184394995992704, 16.766834208914883 ], [ -93.184376460426734, 16.766897715720489 ], [ -93.184051937142968, 16.76787815546129 ], [ -93.183683711655135, 16.768990614269832 ], [ -93.182840705710959, 16.768410576204353 ] ] ] ] } },
{ "type": "Feature", "properties": { "ID": 95, "ENTIDAD": 7, "MUNICIPIO": 102, "NOMBRE": "TUXTLA GUTIERREZ", "CONTROL": 163, "GEOMETRY1_": null, "ID_2": 1539, "ENTIDAD_2": 7, "DISTRITO_F": 9, "DISTRITO_L": 2, "MUNICIPIO_2": 102, "SECCION": 1644, "TIPO": 2, "CONTROL_2": 1795, "GEOMETRY1__2": null }, "geometry": { "type": "MultiPolygon", "coordinates": [ [ [ [ -93.153973197798663, 16.768849857396109 ], [ -93.153993348855252, 16.768765434060366 ], [ -93.154034489471613, 16.768588315490359 ], [ -93.153980238955413, 16.768577899513833 ], [ -93.153032706807039, 16.76839929630744 ], [ -93.152537441394244, 16.768281137513217 ], [ -93.151985994810516, 16.768153325468209 ], [ -93.152157864970121, 16.767450985769216 ], [ -93.15221957750056, 16.767198799000532 ], [ -93.152308493391757, 16.766835445163704 ], [ -93.152404793696419, 16.766441913415498 ], [ -93.152506887341389, 16.76604828756491 ], [ -93.152603044049755, 16.765677550280376 ], [ -93.152694687060546, 16.765324214429238 ], [ -93.152783485906951, 16.764981843174613 ], [ -93.152881649237443, 16.764603364923826 ], [ -93.15297431171318, 16.764246094348394 ], [ -93.153136623584629, 16.763620279424121 ], [ -93.153295647643461, 16.763007137039239 ], [ -93.153396066487559, 16.762619954250685 ], [ -93.153955370337926, 16.762705298183679 ], [ -93.154328120692597, 16.762762175113103 ], [ -93.154421266388809, 16.762776387842486 ], [ -93.15487173540518, 16.762845122484205 ], [ -93.155037903572705, 16.76287047692874 ], [ -93.155746143810802, 16.762978540799352 ], [ -93.155881043154693, 16.762999123560611 ], [ -93.156332114450322, 16.763067946740751 ], [ -93.156719227856044, 16.763127010579584 ], [ -93.157311985111136, 16.763340742359322 ], [ -93.157660069353682, 16.763427611934951 ], [ -93.158431008076235, 16.763637405763195 ], [ -93.15824150017211, 16.764259986617262 ], [ -93.158198385731623, 16.764401627749731 ], [ -93.158147584870804, 16.764568520311748 ], [ -93.158048286678493, 16.764586425047209 ], [ -93.157974410117163, 16.764614128660533 ], [ -93.157885831121675, 16.764652612482287 ], [ -93.157783995673128, 16.764733790828092 ], [ -93.157699896363638, 16.764832029326204 ], [ -93.157673355327191, 16.764883270924216 ], [ -93.157629120235057, 16.764968673579599 ], [ -93.157620463053476, 16.765216249810791 ], [ -93.157644759147772, 16.765315377165255 ], [ -93.157654425529728, 16.765354815690909 ], [ -93.157754702799707, 16.765763363519707 ], [ -93.157807505683778, 16.765978491328195 ], [ -93.157857493296063, 16.766182148776025 ], [ -93.157906744777478, 16.766382806662232 ], [ -93.157945601942743, 16.766541116238926 ], [ -93.158024799600156, 16.766603179515002 ], [ -93.157471350953941, 16.76673656387046 ], [ -93.157496314713697, 16.766912986119532 ], [ -93.15750063347997, 16.766943507386994 ], [ -93.15753225599093, 16.767152643119349 ], [ -93.157555332059829, 16.767330068284792 ], [ -93.157515378980605, 16.767515864562363 ], [ -93.157462174901042, 16.767757700491327 ], [ -93.157110389452129, 16.767700762369206 ], [ -93.156822785758948, 16.767653079109902 ], [ -93.156684998252373, 16.767632464823738 ], [ -93.156265725481177, 16.767589002508601 ], [ -93.156313000184582, 16.767383302873238 ], [ -93.156364963060966, 16.767157203746411 ], [ -93.155836420723134, 16.767037101507718 ], [ -93.155326609175219, 16.766921254090949 ], [ -93.155177842815618, 16.767551432813903 ], [ -93.155186046522317, 16.7675935580288 ], [ -93.155087401208846, 16.767973483597974 ], [ -93.155005601843527, 16.768288526998681 ], [ -93.154973067807333, 16.76841382881808 ], [ -93.15495820345204, 16.768471077446303 ], [ -93.154830466283386, 16.768963043366512 ], [ -93.154825522657859, 16.768995445775655 ], [ -93.153973197798663, 16.768849857396109 ] ] ] ] } },
{ "type": "Feature", "properties": { "ID": 95, "ENTIDAD": 7, "MUNICIPIO": 102, "NOMBRE": "TUXTLA GUTIERREZ", "CONTROL": 163, "GEOMETRY1_": null, "ID_2": 1540, "ENTIDAD_2": 7, "DISTRITO_F": 9, "DISTRITO_L": 2, "MUNICIPIO_2": 102, "SECCION": 1645, "TIPO": 2, "CONTROL_2": 1857, "GEOMETRY1__2": null }, "geometry": { "type": "MultiPolygon", "coordinates": [ [ [ [ -93.151401254436166, 16.768038250404171 ], [ -93.151493357267356, 16.767407320846594 ], [ -93.151496126001547, 16.767388354197234 ], [ -93.151547046450588, 16.767104459338022 ], [ -93.151603311004251, 16.766790768715349 ], [ -93.151616634831086, 16.766716484503874 ], [ -93.151676184143085, 16.766384479058164 ], [ -93.151609563639028, 16.766390906680677 ], [ -93.15069540888166, 16.76622841348189 ], [ -93.150745909198434, 16.76583769136985 ], [ -93.15081652930165, 16.765420572655799 ], [ -93.150880642116306, 16.765041887772089 ], [ -93.150912479227742, 16.764853840055487 ], [ -93.149900792106152, 16.764511211708111 ], [ -93.148871253422783, 16.764185864294024 ], [ -93.148930192979961, 16.763768864161413 ], [ -93.149072808118092, 16.76275984794399 ], [ -93.149150977937083, 16.762206784280714 ], [ -93.149219660746652, 16.761720840084575 ], [ -93.149319266729094, 16.76117728970684 ], [ -93.150099299403905, 16.76141854443199 ], [ -93.150312776002778, 16.761484569553861 ], [ -93.150408523436084, 16.761514182717264 ], [ -93.150757967325404, 16.761622259716216 ], [ -93.150780956083636, 16.761630906967664 ], [ -93.151008486560869, 16.76171649267291 ], [ -93.151375488702286, 16.761854540022071 ], [ -93.152267506614578, 16.762190444104856 ], [ -93.152390408954901, 16.762236724614826 ], [ -93.153037072073246, 16.762483151664149 ], [ -93.153227678395169, 16.762555786428603 ], [ -93.153396066487559, 16.762619954250685 ], [ -93.153295647643461, 16.763007137039239 ], [ -93.153136623584629, 16.763620279424121 ], [ -93.15297431171318, 16.764246094348394 ], [ -93.152881649237443, 16.764603364923826 ], [ -93.152783485906951, 16.764981843174613 ], [ -93.152694687060546, 16.765324214429238 ], [ -93.152603044049755, 16.765677550280376 ], [ -93.152506887341389, 16.76604828756491 ], [ -93.152404793696419, 16.766441913415498 ], [ -93.152308493391757, 16.766835445163704 ], [ -93.15221957750056, 16.767198799000532 ], [ -93.152157864970121, 16.767450985769216 ], [ -93.151985994810516, 16.768153325468209 ], [ -93.151401254436166, 16.768038250404171 ] ] ] ] } },
{ "type": "Feature", "properties": { "ID": 95, "ENTIDAD": 7, "MUNICIPIO": 102, "NOMBRE": "TUXTLA GUTIERREZ", "CONTROL": 163, "GEOMETRY1_": null, "ID_2": 1541, "ENTIDAD_2": 7, "DISTRITO_F": 9, "DISTRITO_L": 2, "MUNICIPIO_2": 102, "SECCION": 1646, "TIPO": 2, "CONTROL_2": 1858, "GEOMETRY1__2": null }, "geometry": { "type": "MultiPolygon", "coordinates": [ [ [ [ -93.134635172507544, 16.765846691856446 ], [ -93.133653024596654, 16.76575896512643 ], [ -93.133612202106875, 16.765755318705367 ], [ -93.13283267228779, 16.765685686539335 ], [ -93.13233627325836, 16.765486526552014 ], [ -93.132217272288301, 16.765441450632718 ], [ -93.130893971546257, 16.76494441003031 ], [ -93.130670393819784, 16.764860431643353 ], [ -93.130596173831847, 16.764838493623319 ], [ -93.130165538442554, 16.764670307841879 ], [ -93.130134011151455, 16.764662248735046 ], [ -93.130128059548866, 16.764637672180591 ], [ -93.130049084830105, 16.764102292249358 ], [ -93.13000508774175, 16.764045556885694 ], [ -93.129446915898882, 16.764037164451505 ], [ -93.129280859870576, 16.763525070182848 ], [ -93.129050700536283, 16.76307003820078 ], [ -93.128871431952177, 16.76266744024025 ], [ -93.128607894405405, 16.762098328800203 ], [ -93.128460567989535, 16.761839048310868 ], [ -93.128143121007952, 16.761466368789478 ], [ -93.127742600767746, 16.760996159307094 ], [ -93.126787396588327, 16.761015006571551 ], [ -93.126849581744978, 16.760231291550124 ], [ -93.129902496135443, 16.760700661717582 ], [ -93.130227973009909, 16.760734901206924 ], [ -93.130625637935879, 16.760786970760584 ], [ -93.1309794417717, 16.760831322415992 ], [ -93.131165951188009, 16.760858650885179 ], [ -93.131889683045443, 16.760964694709092 ], [ -93.132636975838494, 16.761074187974305 ], [ -93.133105934272365, 16.761142898268091 ], [ -93.133201925284737, 16.761156962427265 ], [ -93.133441012763484, 16.761195560046644 ], [ -93.133726447875929, 16.761245559212796 ], [ -93.133800157223291, 16.761253538780959 ], [ -93.134243932819572, 16.761323982598913 ], [ -93.134472677544736, 16.761360608753865 ], [ -93.135386330388002, 16.761568782090162 ], [ -93.136018507447019, 16.761775712646777 ], [ -93.136085704980417, 16.761797708278777 ], [ -93.136718287535274, 16.762004768914291 ], [ -93.136890995974014, 16.76206130043759 ], [ -93.13677720701736, 16.762425028479537 ], [ -93.137155411871234, 16.762661936337373 ], [ -93.137148692241809, 16.762705998030434 ], [ -93.137009653835577, 16.763617690744908 ], [ -93.13700137105613, 16.763672001722597 ], [ -93.136991891798601, 16.763734158084414 ], [ -93.136923524235854, 16.764182449280618 ], [ -93.135134927518436, 16.764064804601134 ], [ -93.134884161235306, 16.76404830923423 ], [ -93.134799026431807, 16.764574792804748 ], [ -93.13474817835754, 16.765059182912044 ], [ -93.134710128616661, 16.765545325921831 ], [ -93.134685096512726, 16.765852649344559 ], [ -93.134635172507544, 16.765846691856446 ] ] ] ] } },
{ "type": "Feature", "properties": { "ID": 95, "ENTIDAD": 7, "MUNICIPIO": 102, "NOMBRE": "TUXTLA GUTIERREZ", "CONTROL": 163, "GEOMETRY1_": null, "ID_2": 1535, "ENTIDAD_2": 7, "DISTRITO_F": 9, "DISTRITO_L": 2, "MUNICIPIO_2": 102, "SECCION": 1640, "TIPO": 2, "CONTROL_2": 1854, "GEOMETRY1__2": null }, "geometry": { "type": "MultiPolygon", "coordinates": [ [ [ [ -93.224947275018593, 16.769522253344931 ], [ -93.224775987544746, 16.769811605819019 ], [ -93.224661754522387, 16.769976961228185 ], [ -93.224604822795186, 16.770183596627987 ], [ -93.2246048227952, 16.770183596628044 ], [ -93.224604822795186, 16.77018359662808 ], [ -93.224632741445859, 16.770323596116981 ], [ -93.224662494105516, 16.770472792097593 ], [ -93.224777467311284, 16.770803267541815 ], [ -93.224834830722685, 16.770885866762494 ], [ -93.225292380846341, 16.77063763676443 ], [ -93.225349373738212, 16.770472320427313 ], [ -93.225807231594928, 16.770430685473997 ], [ -93.22615091913093, 16.770595724953072 ], [ -93.226151352816956, 16.770884959581966 ], [ -93.226094732168463, 16.77129819151401 ], [ -93.226037925486111, 16.771587465728857 ], [ -93.226038420957607, 16.771918019560633 ], [ -93.226079532211699, 16.772211577677805 ], [ -93.226096280831371, 16.772331172227982 ], [ -93.226096590574713, 16.772537768358223 ], [ -93.226039783551599, 16.772827042543113 ], [ -93.225925611777726, 16.773033717837169 ], [ -93.225848589696014, 16.773201109268889 ], [ -93.22575444647488, 16.77340570949249 ], [ -93.225525977727898, 16.773736421248085 ], [ -93.225411804865146, 16.773943096252612 ], [ -93.225183520163256, 16.774397765289383 ], [ -93.225069840416069, 16.774934993857663 ], [ -93.225013339790536, 16.775430863807767 ], [ -93.225070828190653, 16.775596101340767 ], [ -93.22530028849512, 16.775926497564228 ], [ -93.225586805743518, 16.776132896394373 ], [ -93.226159656163532, 16.776421735195733 ], [ -93.226560472498448, 16.776504095688274 ], [ -93.22696141346637, 16.77666909380963 ], [ -93.227362479590184, 16.776916729548926 ], [ -93.227534890272494, 16.777371120758207 ], [ -93.227764606272132, 16.777866790901918 ], [ -93.227879527075572, 16.77815594506114 ], [ -93.228052064918671, 16.778692974145251 ], [ -93.227632467031341, 16.77909174132008 ], [ -93.227032709956688, 16.779512949729643 ], [ -93.226122959064682, 16.779286154099552 ], [ -93.225449282372153, 16.77872616342788 ], [ -93.224684600329184, 16.778113701393238 ], [ -93.223592656640974, 16.777624251297524 ], [ -93.222300614617595, 16.777117488515884 ], [ -93.221081539374808, 16.776785867137015 ], [ -93.220599389482175, 16.776672485750456 ], [ -93.220117240147729, 16.776559103227569 ], [ -93.219098515673608, 16.776455052181724 ], [ -93.218152869428465, 16.776631283388099 ], [ -93.218085021587214, 16.776668475396686 ], [ -93.217480281352778, 16.776999972957292 ], [ -93.217171519217658, 16.777403322789478 ], [ -93.21715185723022, 16.777906043511933 ], [ -93.217144708206874, 16.778033640576862 ], [ -93.217124783439658, 16.778321064245624 ], [ -93.215115762199957, 16.778413802336082 ], [ -93.213087624010811, 16.778539917065565 ], [ -93.212370356414908, 16.778576554461068 ], [ -93.211705570715267, 16.778591107852055 ], [ -93.211174522626763, 16.778542702642312 ], [ -93.210800125110254, 16.778473739926902 ], [ -93.210369771863711, 16.778348540935365 ], [ -93.20996307444409, 16.778171103379929 ], [ -93.20957496616353, 16.777954485937535 ], [ -93.209251191035349, 16.777710063972922 ], [ -93.208825629507757, 16.777317262361731 ], [ -93.208442347579663, 16.776864045140169 ], [ -93.20774013882054, 16.775946121854666 ], [ -93.207253357024342, 16.775320049159362 ], [ -93.207048191063507, 16.77511303277781 ], [ -93.206866778342516, 16.774943520848488 ], [ -93.206452102531969, 16.774610226524658 ], [ -93.206012500868454, 16.77435207884621 ], [ -93.205414351701378, 16.774106293087144 ], [ -93.202114060564739, 16.773238241906284 ], [ -93.201585442804046, 16.773069065448443 ], [ -93.200936437028673, 16.772771102698943 ], [ -93.199534895898367, 16.77196478511874 ], [ -93.19775033810258, 16.77091407431319 ], [ -93.19680125824695, 16.770321052697518 ], [ -93.196304670777522, 16.769993559372214 ], [ -93.195223244710391, 16.769157536597913 ], [ -93.194808014224535, 16.768883807826022 ], [ -93.192869170003974, 16.767617818353418 ], [ -93.191321771524429, 16.766537458523867 ], [ -93.190416688492803, 16.765864413856477 ], [ -93.188587964513701, 16.764572174622856 ], [ -93.187428690759589, 16.763731286071618 ], [ -93.187055849361698, 16.763483609636165 ], [ -93.186735146992362, 16.763320867223602 ], [ -93.186215018565576, 16.762957538044418 ], [ -93.185841694109754, 16.76271037601575 ], [ -93.185756628487184, 16.762661307640531 ], [ -93.185067853258431, 16.762325320183432 ], [ -93.184959575971163, 16.762279342625561 ], [ -93.184434900179539, 16.762088614451127 ], [ -93.183943356435691, 16.761970371303388 ], [ -93.183749033444357, 16.761923489934919 ], [ -93.183603694002159, 16.761888425951199 ], [ -93.182910688630855, 16.761721232793352 ], [ -93.182877367247016, 16.761859718742059 ], [ -93.182649467950384, 16.762806878353871 ], [ -93.182422009361488, 16.763752196896657 ], [ -93.182184324226725, 16.764740006885738 ], [ -93.182034336425318, 16.765586558115441 ], [ -93.182008319295136, 16.765733401523956 ], [ -93.181968692139137, 16.765905595491766 ], [ -93.181798920769992, 16.766643308420658 ], [ -93.181661735762717, 16.7675875568065 ], [ -93.181002420554123, 16.767117893550839 ], [ -93.180239461418935, 16.76657439396697 ], [ -93.179921185273486, 16.766348785422501 ], [ -93.179613437757226, 16.766130639064151 ], [ -93.178832033003729, 16.765576737151459 ], [ -93.178579726224427, 16.767108996997717 ], [ -93.177850728011975, 16.76687382047481 ], [ -93.177495484850667, 16.766759217053735 ], [ -93.176486996057946, 16.766435694536192 ], [ -93.176582569115993, 16.765946149230558 ], [ -93.176625775399685, 16.765724835719293 ], [ -93.176737374193124, 16.765126896681274 ], [ -93.176903989782389, 16.76423004969287 ], [ -93.177022838762426, 16.763590312418739 ], [ -93.177032494979443, 16.763477902447111 ], [ -93.177040544114092, 16.763388117332909 ], [ -93.177029084548323, 16.763282199075146 ], [ -93.176773517180251, 16.763180131312982 ], [ -93.176544557557619, 16.763148362773066 ], [ -93.17632215068646, 16.763201195717713 ], [ -93.176202886054753, 16.763218977333466 ], [ -93.176003836898445, 16.763241522608357 ], [ -93.175791507566927, 16.763254489605689 ], [ -93.175552638497848, 16.763270675450023 ], [ -93.175376781798647, 16.763258039212737 ], [ -93.175185608878763, 16.763253943811545 ], [ -93.175246753531624, 16.763125031977971 ], [ -93.175650837399985, 16.762097594011426 ], [ -93.175748176997828, 16.761855649463563 ], [ -93.17594080478851, 16.761376857353273 ], [ -93.176790131334101, 16.761491741275467 ], [ -93.17688982830596, 16.760560112739693 ], [ -93.176909102504339, 16.760380002013715 ], [ -93.174563001649972, 16.759831818225472 ], [ -93.174876526379293, 16.758463328471002 ], [ -93.174764648219153, 16.758476632774052 ], [ -93.174295158032393, 16.758532462826192 ], [ -93.174634053802805, 16.757077344089218 ], [ -93.174982306963415, 16.755635944860966 ], [ -93.175211589277964, 16.754640746403702 ], [ -93.174687336962833, 16.754686843501819 ], [ -93.17457534696031, 16.754696690520099 ], [ -93.174503942334738, 16.754672679762962 ], [ -93.17458669908676, 16.754325778673618 ], [ -93.175718954385232, 16.754211244310607 ], [ -93.175856348958931, 16.754197345599909 ], [ -93.177253984115339, 16.754188510621471 ], [ -93.178020692141729, 16.754155384267786 ], [ -93.178534233617967, 16.754152937013409 ], [ -93.178609350837377, 16.754151272867453 ], [ -93.1785585707037, 16.753036271010213 ], [ -93.178557040864476, 16.753002679427365 ], [ -93.178563358173136, 16.752846408595779 ], [ -93.178587361163096, 16.752854946375336 ], [ -93.17888405730001, 16.752960479857819 ], [ -93.179185275626622, 16.753200026181897 ], [ -93.179364892141336, 16.75338948549922 ], [ -93.179477853976707, 16.753484194955995 ], [ -93.179590815923632, 16.753578904348966 ], [ -93.179805016805091, 16.753612179317518 ], [ -93.180042297821899, 16.753567357001113 ], [ -93.180580415794125, 16.753354963628198 ], [ -93.180846559086589, 16.753226461281649 ], [ -93.181274833853749, 16.753159162356408 ], [ -93.181761012967527, 16.753114119231075 ], [ -93.182339874428763, 16.75314149306584 ], [ -93.182866678158476, 16.753207949879748 ], [ -93.183243006390697, 16.75329684673703 ], [ -93.183509340153833, 16.753369110003387 ], [ -93.183983921078791, 16.753301764268041 ], [ -93.184221125580891, 16.753178860315227 ], [ -93.184388864247893, 16.753050441263252 ], [ -93.184550873460239, 16.752983373344023 ], [ -93.184736046685828, 16.752927438402811 ], [ -93.185031268320728, 16.752943904618391 ], [ -93.185465593864237, 16.753149860756192 ], [ -93.18560410723947, 16.753271224250657 ], [ -93.185726291311099, 16.753378280028844 ], [ -93.18606799936569, 16.753578741308374 ], [ -93.186638106394312, 16.753944675218133 ], [ -93.186948423749399, 16.754185829783459 ], [ -93.187197547594735, 16.754414257632614 ], [ -93.187521921150307, 16.754642616783737 ], [ -93.187788378660201, 16.754837566619056 ], [ -93.188118421511078, 16.75494322740699 ], [ -93.1885178487247, 16.754970747389226 ], [ -93.188842026794745, 16.75499833549328 ], [ -93.189102538009337, 16.75503155837735 ], [ -93.189374593031346, 16.755031308816484 ], [ -93.18963508780773, 16.755047800282728 ], [ -93.189935985302924, 16.75494713891316 ], [ -93.190225200423328, 16.754740526405975 ], [ -93.190444993069377, 16.754573016031536 ], [ -93.190716847473823, 16.754371995783305 ], [ -93.190844052986037, 16.754232455155332 ], [ -93.191000250251321, 16.754143079887999 ], [ -93.191324455091674, 16.754198548676637 ], [ -93.191544508313015, 16.754293152117292 ], [ -93.191718215592218, 16.754348759958816 ], [ -93.191903488563511, 16.754393203055944 ], [ -93.19209452762837, 16.75441533293947 ], [ -93.192511386659319, 16.754509751993886 ], [ -93.193084667589858, 16.754737869913228 ], [ -93.19345112326431, 16.75503281654504 ], [ -93.193866738826387, 16.755367328244301 ], [ -93.194602451060746, 16.755941058083934 ], [ -93.1950137931168, 16.756297592355359 ], [ -93.19558131666453, 16.756548016329415 ], [ -93.196021598423656, 16.756898944181962 ], [ -93.196450310576637, 16.757255459002916 ], [ -93.196740112261253, 16.757623259278944 ], [ -93.19703011019493, 16.7581806740797 ], [ -93.197244715507509, 16.758598737649116 ], [ -93.197557715135744, 16.759005552915379 ], [ -93.197847533144483, 16.759384505341309 ], [ -93.197961134257909, 16.759532732432739 ], [ -93.198090980469019, 16.759702155815077 ], [ -93.198160483392485, 16.759741127451694 ], [ -93.198693069952753, 16.759779653454654 ], [ -93.19928373375285, 16.760002160144658 ], [ -93.199990210853628, 16.760263591250897 ], [ -93.200057162447209, 16.760287212779673 ], [ -93.200273955272394, 16.760363700357381 ], [ -93.200511496610304, 16.760564238441454 ], [ -93.200806801332419, 16.760647604824452 ], [ -93.20112525473948, 16.760725371293987 ], [ -93.201267406442852, 16.760692254183763 ], [ -93.201437761373967, 16.760652566418127 ], [ -93.20167151505305, 16.760556317354819 ], [ -93.201906388522602, 16.760417877800567 ], [ -93.20203934889706, 16.760250440189051 ], [ -93.202259149118163, 16.760094071173096 ], [ -93.202658352653216, 16.759898487322513 ], [ -93.203219723318483, 16.759786396678422 ], [ -93.203520775014354, 16.759830715126736 ], [ -93.203760996833211, 16.759897960854058 ], [ -93.203798708282349, 16.759908517458243 ], [ -93.203978218606139, 16.759969686039685 ], [ -93.204165309448527, 16.759984949607173 ], [ -93.204348703588977, 16.759986050026761 ], [ -93.204551261098175, 16.759946810839129 ], [ -93.204823304950054, 16.75992981010786 ], [ -93.205054900605703, 16.759979772189546 ], [ -93.205298079460448, 16.760035299392296 ], [ -93.205628122674796, 16.760124201193022 ], [ -93.205894462088096, 16.760185281507429 ], [ -93.206050711045094, 16.760146087074773 ], [ -93.206322652842672, 16.760034276958617 ], [ -93.206467282384224, 16.759956055449912 ], [ -93.20665252794538, 16.759967023743105 ], [ -93.206866680107652, 16.759944501404711 ], [ -93.207219893887242, 16.759876072632522 ], [ -93.207271793861736, 16.75986601789749 ], [ -93.207463078171003, 16.759834398675398 ], [ -93.207593415399941, 16.759934641270995 ], [ -93.207762957489379, 16.760160311468756 ], [ -93.207971445930298, 16.760273021792116 ], [ -93.208508948028168, 16.760270965615195 ], [ -93.208794080845223, 16.760182207355168 ], [ -93.209019822391269, 16.760012029924404 ], [ -93.209637653538124, 16.75942007755506 ], [ -93.210491074720224, 16.759071154852709 ], [ -93.211234580882476, 16.758931281793448 ], [ -93.211636522288003, 16.758922713804409 ], [ -93.212332466032763, 16.759197271273145 ], [ -93.212806618564159, 16.7598072922735 ], [ -93.21304517509158, 16.760174283882034 ], [ -93.213348056269894, 16.760829297838328 ], [ -93.213416324884207, 16.761282604543826 ], [ -93.213369751787027, 16.761738360327289 ], [ -93.213265757318894, 16.762195340609189 ], [ -93.213221155949441, 16.762733738359994 ], [ -93.213175568211881, 16.763230815060222 ], [ -93.213188388019034, 16.763767988248656 ], [ -93.213196277176152, 16.764098556349964 ], [ -93.213319996208867, 16.764467996399745 ], [ -93.213562504559846, 16.765000271194442 ], [ -93.213801069121317, 16.765367261652766 ], [ -93.214268337071957, 16.765688031702336 ], [ -93.214795001888291, 16.766090217701116 ], [ -93.215156307736592, 16.766785324469286 ], [ -93.215344361413983, 16.767442784962356 ], [ -93.215296804966911, 16.767857219891916 ], [ -93.215131442599514, 16.768150142003311 ], [ -93.214915562575442, 16.768733535852974 ], [ -93.214754144967529, 16.769191741570182 ], [ -93.2146016050458, 16.77002183595533 ], [ -93.214667907145284, 16.770392499818602 ], [ -93.215482691161426, 16.770829879799521 ], [ -93.216405418314991, 16.770975558959506 ], [ -93.217270723022381, 16.771122459642164 ], [ -93.217904359219688, 16.771191618270802 ], [ -93.21893008823794, 16.770838983015008 ], [ -93.220485466663817, 16.771012476466669 ], [ -93.220770609662495, 16.770923701615505 ], [ -93.221223083758474, 16.770624641517774 ], [ -93.222878485258462, 16.770175849515532 ], [ -93.223333919389376, 16.770000747571409 ], [ -93.224638838843461, 16.769311379837138 ], [ -93.225061137235528, 16.76910898232482 ], [ -93.224947275018593, 16.769522253344931 ] ] ] ] } },
{ "type": "Feature", "properties": { "ID": 95, "ENTIDAD": 7, "MUNICIPIO": 102, "NOMBRE": "TUXTLA GUTIERREZ", "CONTROL": 163, "GEOMETRY1_": null, "ID_2": 1536, "ENTIDAD_2": 7, "DISTRITO_F": 9, "DISTRITO_L": 2, "MUNICIPIO_2": 102, "SECCION": 1641, "TIPO": 2, "CONTROL_2": 1855, "GEOMETRY1__2": null }, "geometry": { "type": "MultiPolygon", "coordinates": [ [ [ [ -93.170160605914631, 16.758760755115578 ], [ -93.17036497261779, 16.757782481197214 ], [ -93.170409108697854, 16.757571206831578 ], [ -93.170453708437961, 16.75735771250239 ], [ -93.170498308080852, 16.757144218159979 ], [ -93.170606638289811, 16.756625649533017 ], [ -93.170680093749652, 16.756274022121918 ], [ -93.169880887287135, 16.756164695065046 ], [ -93.169888020261624, 16.755695009535703 ], [ -93.169893664668791, 16.755323340695078 ], [ -93.169899279189963, 16.754953638787448 ], [ -93.169904620627207, 16.75460191785 ], [ -93.169907851504902, 16.754389171809471 ], [ -93.169913395451047, 16.753961118235093 ], [ -93.169918595007317, 16.753202169465219 ], [ -93.171604283512025, 16.753349477165894 ], [ -93.171828393660107, 16.752972427112876 ], [ -93.17187551260848, 16.752707560794228 ], [ -93.17188574189214, 16.752656917762021 ], [ -93.172057001861361, 16.752674801477394 ], [ -93.172056174092049, 16.752714120986106 ], [ -93.172111947289608, 16.752985167957828 ], [ -93.172207862475048, 16.753242700955386 ], [ -93.172446187635614, 16.75323331677815 ], [ -93.172608047405646, 16.753003553587497 ], [ -93.172731906076862, 16.752920783905935 ], [ -93.17296065601019, 16.752865481585907 ], [ -93.173250585077369, 16.752971611295219 ], [ -93.173628371311281, 16.753287435954544 ], [ -93.173752513044477, 16.753516959263646 ], [ -93.173847996627231, 16.753682210853807 ], [ -93.174057772249569, 16.753727959541212 ], [ -93.174229314244812, 16.753663518958213 ], [ -93.174867856272201, 16.753451721139896 ], [ -93.175144293480813, 16.75341490091505 ], [ -93.175458881661314, 16.753405293787957 ], [ -93.175770761738562, 16.75344386101888 ], [ -93.17584026600683, 16.75346007975924 ], [ -93.175931631859356, 16.753488162992138 ], [ -93.175982554180067, 16.753503815026249 ], [ -93.176078667220366, 16.753533357326479 ], [ -93.176326526077773, 16.753478155734893 ], [ -93.17666952307097, 16.753303224419341 ], [ -93.177022180165778, 16.753220256129048 ], [ -93.177127973549943, 16.753183189420842 ], [ -93.177431985868793, 16.753082127428598 ], [ -93.177794056161559, 16.752870558166059 ], [ -93.178502601290262, 16.752848315952043 ], [ -93.178563358173136, 16.752846408595779 ], [ -93.178557040864476, 16.753002679427365 ], [ -93.1785585707037, 16.753036271010213 ], [ -93.178609350837377, 16.754151272867453 ], [ -93.178534233617967, 16.754152937013409 ], [ -93.178020692141729, 16.754155384267786 ], [ -93.177253984115339, 16.754188510621471 ], [ -93.175856348958931, 16.754197345599909 ], [ -93.175718954385232, 16.754211244310607 ], [ -93.17458669908676, 16.754325778673618 ], [ -93.174503942334738, 16.754672679762962 ], [ -93.17457534696031, 16.754696690520099 ], [ -93.174687336962833, 16.754686843501819 ], [ -93.175211589277964, 16.754640746403702 ], [ -93.174982306963415, 16.755635944860966 ], [ -93.174634053802805, 16.757077344089218 ], [ -93.174295158032393, 16.758532462826192 ], [ -93.174764648219153, 16.758476632774052 ], [ -93.174876526379293, 16.758463328471002 ], [ -93.174563001649972, 16.759831818225472 ], [ -93.176909102504339, 16.760380002013715 ], [ -93.17688982830596, 16.760560112739693 ], [ -93.176790131334101, 16.761491741275467 ], [ -93.17594080478851, 16.761376857353273 ], [ -93.175748176997828, 16.761855649463563 ], [ -93.175650837399985, 16.762097594011426 ], [ -93.175246753531624, 16.763125031977971 ], [ -93.175185608878763, 16.763253943811545 ], [ -93.175129197483599, 16.763389057673443 ], [ -93.175029030385502, 16.763508175303631 ], [ -93.174925482627586, 16.763584520548019 ], [ -93.174363054544031, 16.76376536109608 ], [ -93.174008408872353, 16.763908843696015 ], [ -93.173948850057243, 16.76391696535266 ], [ -93.173949188460028, 16.763968402511182 ], [ -93.173886245621432, 16.764390051849862 ], [ -93.173861880651629, 16.764376515755458 ], [ -93.173650717579946, 16.764793427461122 ], [ -93.172408442521501, 16.764122713986598 ], [ -93.172197279449804, 16.764734545450711 ], [ -93.171661250113999, 16.764972780711059 ], [ -93.171547546921545, 16.764902393020492 ], [ -93.171336383849862, 16.765070240590312 ], [ -93.170605434755558, 16.764777860952638 ], [ -93.170204766363128, 16.76548173785822 ], [ -93.170269739615961, 16.766109812635584 ], [ -93.17033471286878, 16.766201858077025 ], [ -93.169875500868855, 16.767232631660967 ], [ -93.169845166029489, 16.767303578956355 ], [ -93.169157975345655, 16.766998761402355 ], [ -93.168957364971192, 16.766884923029849 ], [ -93.168766638300397, 16.766796410342391 ], [ -93.168536436649035, 16.766673095535626 ], [ -93.168380515926913, 16.766592985594251 ], [ -93.168129869485512, 16.766537252759711 ], [ -93.167907609146212, 16.766479327131712 ], [ -93.167573283025135, 16.766412183895568 ], [ -93.167399616587389, 16.766381876205941 ], [ -93.166218384333249, 16.766244570119365 ], [ -93.164825894947768, 16.766002871949741 ], [ -93.164554970697949, 16.765956011163716 ], [ -93.163983923240295, 16.765848566697844 ], [ -93.163844071366924, 16.765816396362595 ], [ -93.163620468327267, 16.765692706255077 ], [ -93.163068877553869, 16.765406706631069 ], [ -93.162598749127909, 16.765033971195134 ], [ -93.162186627796785, 16.764760271186272 ], [ -93.161470600744124, 16.764437000904749 ], [ -93.16081723741442, 16.764231048088618 ], [ -93.159542882377337, 16.763950091712037 ], [ -93.158896683301379, 16.763773535370255 ], [ -93.158431008076235, 16.763637405763195 ], [ -93.157660069353682, 16.763427611934951 ], [ -93.157311985111136, 16.763340742359322 ], [ -93.157685992922879, 16.762905641297117 ], [ -93.157835202169494, 16.762551024225608 ], [ -93.157988299030904, 16.762187166209237 ], [ -93.158607882699854, 16.760714615982408 ], [ -93.158690076162586, 16.760519266837662 ], [ -93.158892273534647, 16.760038702655905 ], [ -93.158983046522494, 16.760048502874561 ], [ -93.15917660548358, 16.760069400145237 ], [ -93.159413630917314, 16.760094989947202 ], [ -93.15956824301783, 16.760111682068626 ], [ -93.159714480471791, 16.760127469943015 ], [ -93.15998120362039, 16.760156265243801 ], [ -93.160443327436653, 16.760206155067166 ], [ -93.160754534510701, 16.76023975166758 ], [ -93.160930459444032, 16.760258743566681 ], [ -93.161070778937187, 16.760273891585566 ], [ -93.161511084465886, 16.760321423593261 ], [ -93.16164161188874, 16.760335514147179 ], [ -93.161785033250098, 16.7603509965158 ], [ -93.16206924020689, 16.760381676419136 ], [ -93.162431748412146, 16.760420808293308 ], [ -93.162508946054075, 16.760429141505568 ], [ -93.163158857431526, 16.76050139231792 ], [ -93.163242164028702, 16.760508288311925 ], [ -93.163309892002914, 16.760513741714743 ], [ -93.163334019795613, 16.760515892125039 ], [ -93.163958763892254, 16.760585638700249 ], [ -93.165007515589238, 16.760698837228233 ], [ -93.167025429509678, 16.760916628280498 ], [ -93.167128934284761, 16.760927798881532 ], [ -93.167438855385058, 16.760990397057135 ], [ -93.167457747830923, 16.760888140068374 ], [ -93.167551149088681, 16.760382596123165 ], [ -93.168562707675022, 16.760751605046618 ], [ -93.169620957476027, 16.761113331115915 ], [ -93.17000728020713, 16.761240142790591 ], [ -93.170289055559138, 16.761332635887953 ], [ -93.170913109532862, 16.761537480656983 ], [ -93.170959877701634, 16.761403766972212 ], [ -93.171020388101397, 16.761238019808349 ], [ -93.171717380811984, 16.75926017945174 ], [ -93.171062119202048, 16.759110674541024 ], [ -93.17013184700717, 16.758898419049203 ], [ -93.170160605914631, 16.758760755115578 ] ] ] ] } },
{ "type": "Feature", "properties": { "ID": 95, "ENTIDAD": 7, "MUNICIPIO": 102, "NOMBRE": "TUXTLA GUTIERREZ", "CONTROL": 163, "GEOMETRY1_": null, "ID_2": 1567, "ENTIDAD_2": 7, "DISTRITO_F": 9, "DISTRITO_L": 13, "MUNICIPIO_2": 102, "SECCION": 1673, "TIPO": 2, "CONTROL_2": 1876, "GEOMETRY1__2": null }, "geometry": { "type": "MultiPolygon", "coordinates": [ [ [ [ -93.141533671087871, 16.746891283988312 ], [ -93.141606268185924, 16.746884464592032 ], [ -93.141675507618785, 16.746887317529836 ], [ -93.141754885153915, 16.746896902909782 ], [ -93.141849167573696, 16.746913693102215 ], [ -93.142135154550502, 16.746992459271333 ], [ -93.14231815545692, 16.747119688478524 ], [ -93.14252577993183, 16.747256798102029 ], [ -93.14266034508158, 16.74734566109241 ], [ -93.143034286502456, 16.747551919057646 ], [ -93.14330583911233, 16.747701700870529 ], [ -93.143489655667352, 16.747803089272029 ], [ -93.143646220455196, 16.747864419794528 ], [ -93.14379117668345, 16.747906209373529 ], [ -93.143939016783804, 16.747928447926569 ], [ -93.144437492940114, 16.74784152589957 ], [ -93.144793997307715, 16.74782731257222 ], [ -93.145028798660675, 16.747857867418038 ], [ -93.14526941190131, 16.74790796681641 ], [ -93.145420167620557, 16.747952543867449 ], [ -93.145540550654516, 16.748000187032805 ], [ -93.145692745255985, 16.748108742901987 ], [ -93.146052357154588, 16.748368209945731 ], [ -93.14697897609355, 16.749056120031671 ], [ -93.147043469629409, 16.749103998868407 ], [ -93.147107963197428, 16.749151877684415 ], [ -93.147322627365455, 16.749311240018578 ], [ -93.147368610897743, 16.749343130804441 ], [ -93.147447330239316, 16.74939772468398 ], [ -93.147569104587149, 16.749445113553563 ], [ -93.147725646157923, 16.749472928557935 ], [ -93.147850284654581, 16.749475631995459 ], [ -93.148029973446441, 16.749450368865507 ], [ -93.148198059472506, 16.749413943108884 ], [ -93.148380635860562, 16.749374714095961 ], [ -93.148690729595771, 16.749313051471958 ], [ -93.148802087754049, 16.749303351202535 ], [ -93.149194859932123, 16.749274545835323 ], [ -93.149366051389265, 16.749270673253378 ], [ -93.149827881796725, 16.749305567012225 ], [ -93.15012261227595, 16.74933156366961 ], [ -93.150421179272726, 16.749356480556088 ], [ -93.151139212583914, 16.749418371468071 ], [ -93.151192237799819, 16.749422941878105 ], [ -93.151505383250395, 16.749453680352907 ], [ -93.151552400258382, 16.749458295518107 ], [ -93.1518388965561, 16.749486417610029 ], [ -93.151999389778922, 16.749544769530836 ], [ -93.152982811608567, 16.749859801397424 ], [ -93.153750029209419, 16.750221821804004 ], [ -93.153784857148636, 16.750238255664932 ], [ -93.154407478257426, 16.750559524069487 ], [ -93.154536546321268, 16.750613718484846 ], [ -93.155271467090444, 16.750998468911085 ], [ -93.15537279810367, 16.751002068403483 ], [ -93.155702643435561, 16.750989693313272 ], [ -93.155792260929033, 16.751016979512205 ], [ -93.156297245161554, 16.751181424113319 ], [ -93.156981033205639, 16.751390679825334 ], [ -93.157831047550729, 16.751663994520477 ], [ -93.158305546376596, 16.751778533608373 ], [ -93.158871191043232, 16.75188634329777 ], [ -93.159145257691165, 16.751924888438197 ], [ -93.159768469041168, 16.752007155361031 ], [ -93.160741175709404, 16.752130249613746 ], [ -93.160743576567441, 16.752853573541479 ], [ -93.160745958243183, 16.753571105266975 ], [ -93.160733255689038, 16.754167066903275 ], [ -93.16084680055603, 16.755129557801116 ], [ -93.160299848199173, 16.755784428999387 ], [ -93.159691625700503, 16.756440401036539 ], [ -93.159619152384309, 16.75651856357393 ], [ -93.159635408513466, 16.756647804123215 ], [ -93.159646945722571, 16.756779512440684 ], [ -93.159669304507588, 16.756862551071336 ], [ -93.159682791530372, 16.756939196340937 ], [ -93.159721643312565, 16.757194117569647 ], [ -93.159725793294911, 16.757290280897269 ], [ -93.159673473641135, 16.757497150070712 ], [ -93.159656060230915, 16.757557868017273 ], [ -93.159640994070955, 16.757608576547469 ], [ -93.159633260421515, 16.757634605863156 ], [ -93.159612842817182, 16.757717160898505 ], [ -93.159508936502661, 16.758137286903796 ], [ -93.159477906783891, 16.758262749480654 ], [ -93.159417326428255, 16.758446463103237 ], [ -93.159392406182135, 16.758522035162326 ], [ -93.159279993473021, 16.758862932300914 ], [ -93.159147927862406, 16.759263426222446 ], [ -93.159046512029121, 16.759570972355718 ], [ -93.158982856425411, 16.759764009090684 ], [ -93.158892273441708, 16.760038702876816 ], [ -93.158690076162586, 16.760519266837662 ], [ -93.158607882699854, 16.760714615982408 ], [ -93.157988299030904, 16.762187166209237 ], [ -93.157835202169494, 16.762551024225608 ], [ -93.157685992922879, 16.762905641297117 ], [ -93.157311985111136, 16.763340742359322 ], [ -93.156719227856044, 16.763127010579584 ], [ -93.156332114450322, 16.763067946740751 ], [ -93.155881043154693, 16.762999123560611 ], [ -93.155746143810802, 16.762978540799352 ], [ -93.155037903572705, 16.76287047692874 ], [ -93.15487173540518, 16.762845122484205 ], [ -93.154421266388809, 16.762776387842486 ], [ -93.154328120692597, 16.762762175113103 ], [ -93.153955370337926, 16.762705298183679 ], [ -93.153396066487559, 16.762619954250685 ], [ -93.153227678395169, 16.762555786428603 ], [ -93.153037072073246, 16.762483151664149 ], [ -93.152390408954901, 16.762236724614826 ], [ -93.152267506614578, 16.762190444104856 ], [ -93.151375488702286, 16.761854540022071 ], [ -93.151008486560869, 16.76171649267291 ], [ -93.150780956083636, 16.761630906967664 ], [ -93.150757967325404, 16.761622259716216 ], [ -93.150408523436084, 16.761514182717264 ], [ -93.150312776002778, 16.761484569553861 ], [ -93.150099299403905, 16.76141854443199 ], [ -93.149319266729094, 16.76117728970684 ], [ -93.148959769179598, 16.761109058005424 ], [ -93.147886323228718, 16.760905316723594 ], [ -93.146894167897344, 16.760801704275291 ], [ -93.146361032369271, 16.760686005720718 ], [ -93.146232245950898, 16.760245720931099 ], [ -93.146055199773116, 16.760041079786923 ], [ -93.145644127774062, 16.759685765907737 ], [ -93.145569012305913, 16.759612604568034 ], [ -93.145519384157325, 16.759575239358956 ], [ -93.145488567319731, 16.759546549535692 ], [ -93.14538621702421, 16.759449138107239 ], [ -93.144961617727191, 16.759107144825641 ], [ -93.144680633548816, 16.758880825101912 ], [ -93.144233711386377, 16.758498031896071 ], [ -93.143631014062592, 16.757950076808232 ], [ -93.14351986201433, 16.757826692485537 ], [ -93.143381989263503, 16.757671432405076 ], [ -93.143214846279619, 16.757447555030442 ], [ -93.142989412674325, 16.757126237163384 ], [ -93.142808952697564, 16.75679525184453 ], [ -93.142708407733039, 16.756574119196895 ], [ -93.142615349593541, 16.756368414032334 ], [ -93.14255019358653, 16.756194890270081 ], [ -93.142495501500633, 16.75603720791354 ], [ -93.142442496011824, 16.755839255601035 ], [ -93.142403313182797, 16.755688354339316 ], [ -93.142269748465708, 16.755173966816269 ], [ -93.142255726833909, 16.754907563970072 ], [ -93.141943744396002, 16.753095054359299 ], [ -93.1418440744294, 16.752515726824075 ], [ -93.141659834437533, 16.751467323038661 ], [ -93.141467434825685, 16.750511025049427 ], [ -93.141392821380734, 16.750133581774733 ], [ -93.140997189670813, 16.748175594573699 ], [ -93.141002284536171, 16.747985777032405 ], [ -93.141018427224111, 16.747526986924694 ], [ -93.141048367213656, 16.747384670522962 ], [ -93.141077325760691, 16.747302323908229 ], [ -93.141101456911031, 16.747232407279753 ], [ -93.141143324249981, 16.747165585191009 ], [ -93.14116425962537, 16.747134504146569 ], [ -93.141212580194903, 16.747073890974356 ], [ -93.141265742979812, 16.747021041157453 ], [ -93.1413293832166, 16.746971668081944 ], [ -93.141413642157332, 16.746931003973348 ], [ -93.141478564379824, 16.746906310520099 ], [ -93.141533671087871, 16.746891283988312 ] ] ] ] } },
{ "type": "Feature", "properties": { "ID": 95, "ENTIDAD": 7, "MUNICIPIO": 102, "NOMBRE": "TUXTLA GUTIERREZ", "CONTROL": 163, "GEOMETRY1_": null, "ID_2": 1568, "ENTIDAD_2": 7, "DISTRITO_F": 9, "DISTRITO_L": 2, "MUNICIPIO_2": 102, "SECCION": 1674, "TIPO": 2, "CONTROL_2": 1821, "GEOMETRY1__2": null }, "geometry": { "type": "MultiPolygon", "coordinates": [ [ [ [ -93.141074756464221, 16.763475471533919 ], [ -93.140914772838883, 16.763411428249054 ], [ -93.140601356186806, 16.763306783251046 ], [ -93.140116728794581, 16.763141315746346 ], [ -93.139268629943956, 16.762851743856753 ], [ -93.138001705352679, 16.762424857400013 ], [ -93.137949807018515, 16.762407870222084 ], [ -93.137835846784412, 16.762370569107468 ], [ -93.13719518242722, 16.762160867364514 ], [ -93.136890995974014, 16.76206130043759 ], [ -93.136718287535274, 16.762004768914291 ], [ -93.136085704980417, 16.761797708278777 ], [ -93.136018507447019, 16.761775712646777 ], [ -93.135386330388002, 16.761568782090162 ], [ -93.134472677544736, 16.761360608753865 ], [ -93.134243932819572, 16.761323982598913 ], [ -93.133800157223291, 16.761253538780959 ], [ -93.133726447875929, 16.761245559212796 ], [ -93.133441012763484, 16.761195560046644 ], [ -93.133201925284737, 16.761156962427265 ], [ -93.133105934272365, 16.761142898268091 ], [ -93.132636975838494, 16.761074187974305 ], [ -93.131889683045443, 16.760964694709092 ], [ -93.131165951188009, 16.760858650885179 ], [ -93.1309794417717, 16.760831322415992 ], [ -93.130625637935879, 16.760786970760584 ], [ -93.130227973009909, 16.760734901206924 ], [ -93.129902496135443, 16.760700661717582 ], [ -93.126849581744978, 16.760231291550124 ], [ -93.126874030443005, 16.760030359996126 ], [ -93.126905768885848, 16.759769517075082 ], [ -93.126948253570959, 16.759423325182333 ], [ -93.126969517348698, 16.759250054105063 ], [ -93.127156760200151, 16.759434906399076 ], [ -93.127460765661652, 16.75971175127594 ], [ -93.12771861433265, 16.759925899937272 ], [ -93.127889289436794, 16.760058895103185 ], [ -93.128154564300047, 16.760107664445464 ], [ -93.128385942120985, 16.760102083429395 ], [ -93.128493156726861, 16.760085705323927 ], [ -93.128662423675678, 16.760031228677217 ], [ -93.128837355928823, 16.76000937102485 ], [ -93.128961482469592, 16.75996579655105 ], [ -93.129040454065233, 16.759911376035905 ], [ -93.129337395315787, 16.759809296125354 ], [ -93.129374282660095, 16.759785041058901 ], [ -93.129524646552525, 16.759686169992648 ], [ -93.129673511228305, 16.759578457170527 ], [ -93.129848985604795, 16.759491226400307 ], [ -93.130079020502137, 16.759408942114696 ], [ -93.13016658665218, 16.759369664540376 ], [ -93.130245284800594, 16.759331186665701 ], [ -93.130433883902313, 16.759178248947261 ], [ -93.130566769153376, 16.759039797219309 ], [ -93.130683661700104, 16.758850108260777 ], [ -93.130811171347602, 16.758629664133434 ], [ -93.130938722761201, 16.758470716633514 ], [ -93.131108813209906, 16.758291243106221 ], [ -93.131268324761763, 16.758198896547306 ], [ -93.131467646428931, 16.758130424035176 ], [ -93.131580434361041, 16.758137845942414 ], [ -93.131696044210003, 16.758146898135088 ], [ -93.131852724251431, 16.758162636589933 ], [ -93.131987837237148, 16.758191473522146 ], [ -93.132047913509538, 16.758242050927731 ], [ -93.132156805889466, 16.75833959748179 ], [ -93.132227851632805, 16.758386880290043 ], [ -93.132299456699883, 16.758415429816285 ], [ -93.132356571642887, 16.758458662636944 ], [ -93.132446110056165, 16.758499927481285 ], [ -93.132547217715484, 16.758545425804282 ], [ -93.132716089368799, 16.758552548049696 ], [ -93.132832437283966, 16.758577781080216 ], [ -93.132967563260607, 16.758624694448965 ], [ -93.132989994518212, 16.758641043877528 ], [ -93.133091461679513, 16.75871499999079 ], [ -93.133275421901914, 16.758834189999575 ], [ -93.133571932602322, 16.758913537385688 ], [ -93.133723802583432, 16.758946462077297 ], [ -93.133799992446328, 16.758955060424718 ], [ -93.133876182315859, 16.758963658743934 ], [ -93.134034723957427, 16.758958628381311 ], [ -93.134160447205161, 16.758964984674684 ], [ -93.134371974717098, 16.758949159192944 ], [ -93.134587046863757, 16.758918849556732 ], [ -93.134950148802872, 16.758893975329926 ], [ -93.135180270454626, 16.758859332874735 ], [ -93.1354666394529, 16.758809871045017 ], [ -93.135745854977088, 16.758742564755533 ], [ -93.135777690255381, 16.758735373163621 ], [ -93.13597287644059, 16.758691280469133 ], [ -93.136269470164663, 16.758636883392022 ], [ -93.136335815595558, 16.758620161733081 ], [ -93.136504688039096, 16.758577599123683 ], [ -93.136560369212333, 16.75856134040577 ], [ -93.136724559211146, 16.758513397367089 ], [ -93.136857514573919, 16.758488672219517 ], [ -93.137097867592558, 16.75845894823426 ], [ -93.137235221961745, 16.758474826846914 ], [ -93.137394524273859, 16.758493242595438 ], [ -93.13753773653832, 16.75850792933025 ], [ -93.137806434637113, 16.758660615694016 ], [ -93.137972658252025, 16.758788500311166 ], [ -93.138192689211877, 16.758946029607866 ], [ -93.138336001563829, 16.75909868274184 ], [ -93.138438298848783, 16.759181354051371 ], [ -93.138463935413426, 16.759202072161273 ], [ -93.138540700781462, 16.759271004121523 ], [ -93.138607223201177, 16.759320233362203 ], [ -93.138683977959715, 16.759374383094261 ], [ -93.138827201695022, 16.759403851100025 ], [ -93.138903915434881, 16.759401335752475 ], [ -93.138980629172494, 16.759398820376479 ], [ -93.139001196389117, 16.759398806516156 ], [ -93.139195432641515, 16.759398675519112 ], [ -93.139430736645522, 16.759457645300063 ], [ -93.139625140196671, 16.759536352076978 ], [ -93.139942339307026, 16.759683958890061 ], [ -93.140054920459832, 16.759772575545629 ], [ -93.140274950642194, 16.75992517519412 ], [ -93.140494984790621, 16.760082701993312 ], [ -93.140684300367496, 16.760195902974889 ], [ -93.141009689763749, 16.760323185079592 ], [ -93.141057412052575, 16.760346408914423 ], [ -93.141461924196761, 16.760515651575055 ], [ -93.141594924047169, 16.760550052051642 ], [ -93.141866027334757, 16.760604067058551 ], [ -93.142126894653259, 16.76064823397753 ], [ -93.14231101675233, 16.760653034399692 ], [ -93.142510474726379, 16.760647969276398 ], [ -93.142669013809964, 16.760638004878945 ], [ -93.142918428158424, 16.760574170581176 ], [ -93.142942970497401, 16.760573078766459 ], [ -93.143141939448938, 16.760448845815151 ], [ -93.143288404739934, 16.760357395062993 ], [ -93.143450343045842, 16.760256282967344 ], [ -93.143664635487724, 16.76012248129506 ], [ -93.143883166837469, 16.75998603247664 ], [ -93.144023744210543, 16.759858535301355 ], [ -93.144142801563575, 16.759801231070561 ], [ -93.144198957582773, 16.759744502896691 ], [ -93.14425839864991, 16.759700913717914 ], [ -93.144327360690497, 16.759664193798322 ], [ -93.14446770169657, 16.759641175746818 ], [ -93.144572367017147, 16.759629642508379 ], [ -93.144710339408562, 16.759620377829631 ], [ -93.144793592386733, 16.759606567522201 ], [ -93.144945834999248, 16.75959270870818 ], [ -93.145105212710959, 16.759576552782676 ], [ -93.145238441040007, 16.759585626924473 ], [ -93.145310263301312, 16.759591645810705 ], [ -93.145374050074722, 16.759596991281466 ], [ -93.145453105256152, 16.759618504772003 ], [ -93.145569012305913, 16.759612604568034 ], [ -93.145644127774062, 16.759685765907737 ], [ -93.146055199773116, 16.760041079786923 ], [ -93.146232245950898, 16.760245720931099 ], [ -93.146361032369271, 16.760686005720718 ], [ -93.146021465209955, 16.760967247432649 ], [ -93.145887206344696, 16.761087719643758 ], [ -93.145067725370225, 16.761523993542458 ], [ -93.144067434554813, 16.762075580984103 ], [ -93.143168872701622, 16.762534881367021 ], [ -93.143092466226648, 16.76257555711685 ], [ -93.142651633469228, 16.762790833391602 ], [ -93.141743831015191, 16.763265203370626 ], [ -93.141150759349898, 16.763562656446098 ], [ -93.141074756464221, 16.763475471533919 ] ] ] ] } },
{ "type": "Feature", "properties": { "ID": 95, "ENTIDAD": 7, "MUNICIPIO": 102, "NOMBRE": "TUXTLA GUTIERREZ", "CONTROL": 163, "GEOMETRY1_": null, "ID_2": 1826, "ENTIDAD_2": 7, "DISTRITO_F": 9, "DISTRITO_L": 1, "MUNICIPIO_2": 102, "SECCION": 1943, "TIPO": 2, "CONTROL_2": 2177, "GEOMETRY1__2": null }, "geometry": { "type": "MultiPolygon", "coordinates": [ [ [ [ -93.094689283411526, 16.786879172205854 ], [ -93.094609045445551, 16.786689716737744 ], [ -93.094508940034359, 16.786436312939234 ], [ -93.094414101993806, 16.78619304466087 ], [ -93.094324471248058, 16.785838256045153 ], [ -93.09427170037371, 16.7855341404664 ], [ -93.094222495271481, 16.785365915100243 ], [ -93.094176823125764, 16.785209768137793 ], [ -93.093966213285228, 16.784951345533205 ], [ -93.093834755906343, 16.784845918538171 ], [ -93.093539832493946, 16.784637261847326 ], [ -93.093339815072113, 16.784515696672809 ], [ -93.09327015072833, 16.784419432290161 ], [ -93.09319365924469, 16.784351861468799 ], [ -93.093159364778543, 16.784278715578104 ], [ -93.092953569596546, 16.784169524463021 ], [ -93.092830139327589, 16.783968737819574 ], [ -93.092694945535754, 16.783731182446004 ], [ -93.092536194482662, 16.78335785683521 ], [ -93.092359841602828, 16.783018484161957 ], [ -93.092171808940989, 16.782814897286325 ], [ -93.09193231522373, 16.782669928339271 ], [ -93.091908212927436, 16.78262663577441 ], [ -93.091897930978305, 16.782608167321783 ], [ -93.091888131585222, 16.782590565633125 ], [ -93.091838865804775, 16.782502074287343 ], [ -93.091751658391203, 16.782370195067944 ], [ -93.091651973210446, 16.782178358596113 ], [ -93.091539856334663, 16.782022505256037 ], [ -93.091512244632071, 16.781912531613422 ], [ -93.091496201168297, 16.78184863262593 ], [ -93.091481350709714, 16.781639053279566 ], [ -93.091476346259157, 16.781568427104041 ], [ -93.091471133666118, 16.781494863423859 ], [ -93.091439919161303, 16.781302996416702 ], [ -93.091408687518282, 16.781075151745405 ], [ -93.09134185926429, 16.780823641924478 ], [ -93.091153903374305, 16.780790846186541 ], [ -93.091056566348271, 16.780780256689315 ], [ -93.089251859058095, 16.780426435721409 ], [ -93.089207007231423, 16.780417015897953 ], [ -93.089239574239869, 16.780297170264848 ], [ -93.089339892150193, 16.779918491832895 ], [ -93.089422371155123, 16.779597907130306 ], [ -93.089511541448957, 16.779260108797846 ], [ -93.089618539742872, 16.77884270326058 ], [ -93.089653957257553, 16.778699709896909 ], [ -93.089692199248617, 16.778545312850088 ], [ -93.08976189431506, 16.77844574759548 ], [ -93.090224256543095, 16.778522335070267 ], [ -93.090686619136292, 16.778598921505001 ], [ -93.091217236017187, 16.778686812326455 ], [ -93.091654474911138, 16.77875923502727 ], [ -93.0917125197617, 16.77876884929659 ], [ -93.092049960259828, 16.778824740971189 ], [ -93.091963665884961, 16.779406938119809 ], [ -93.091855636627258, 16.780056923786447 ], [ -93.091808316694568, 16.780568610128469 ], [ -93.092358766127305, 16.780655262136499 ], [ -93.092398593246955, 16.780811366178625 ], [ -93.092481190091988, 16.780884971522351 ], [ -93.093229367743504, 16.780928280737623 ], [ -93.09337608689647, 16.780933432864149 ], [ -93.093624495933952, 16.780942155649999 ], [ -93.093636436508362, 16.780884500626701 ], [ -93.093684297607609, 16.780855654069381 ], [ -93.094304296410414, 16.780851499132517 ], [ -93.094533205220955, 16.780849964623034 ], [ -93.094511758954539, 16.78099638393466 ], [ -93.094444310476206, 16.781355642991866 ], [ -93.094354948771326, 16.78173449880892 ], [ -93.094295928359386, 16.78210523009454 ], [ -93.094224526569263, 16.782502446974206 ], [ -93.094185948523403, 16.782859887600463 ], [ -93.094150945465529, 16.783238418362597 ], [ -93.094154153400936, 16.783623773856029 ], [ -93.094108769084926, 16.783676573970332 ], [ -93.094097077766634, 16.784120322546151 ], [ -93.094563648597401, 16.784159689923598 ], [ -93.094586610160803, 16.784203523695442 ], [ -93.094358727181955, 16.784544789088276 ], [ -93.094585258523665, 16.784873982920605 ], [ -93.094848781127624, 16.785256930446419 ], [ -93.094996842493941, 16.785472090413521 ], [ -93.095087077156634, 16.785528574803322 ], [ -93.095456291682183, 16.785721367946294 ], [ -93.095791198283223, 16.785894215260068 ], [ -93.09556041564349, 16.786306114944008 ], [ -93.095278535590978, 16.786809210264479 ], [ -93.095143173579586, 16.787012727004733 ], [ -93.094689283411526, 16.786879172205854 ] ] ] ] } },
{ "type": "Feature", "properties": { "ID": 95, "ENTIDAD": 7, "MUNICIPIO": 102, "NOMBRE": "TUXTLA GUTIERREZ", "CONTROL": 163, "GEOMETRY1_": null, "ID_2": 1827, "ENTIDAD_2": 7, "DISTRITO_F": 9, "DISTRITO_L": 1, "MUNICIPIO_2": 102, "SECCION": 1944, "TIPO": 2, "CONTROL_2": 2166, "GEOMETRY1__2": null }, "geometry": { "type": "MultiPolygon", "coordinates": [ [ [ [ -93.09450535154069, 16.786825028100267 ], [ -93.093987853499996, 16.786760373309409 ], [ -93.093580970449395, 16.786718499013791 ], [ -93.092947153566925, 16.786638682098378 ], [ -93.092469061484167, 16.786581284004939 ], [ -93.09191059761541, 16.786514235300476 ], [ -93.091231161494434, 16.786432660661429 ], [ -93.091349083625602, 16.785950695481937 ], [ -93.091442877792133, 16.785511326459975 ], [ -93.090882789625439, 16.785430911687179 ], [ -93.090954030805378, 16.784984456778236 ], [ -93.090967342253649, 16.784896765306897 ], [ -93.090962660891378, 16.784815934076864 ], [ -93.092612577529053, 16.784460866303512 ], [ -93.092657725800748, 16.784448217608649 ], [ -93.092702874066418, 16.784435568903806 ], [ -93.092846459224191, 16.784385938831953 ], [ -93.092922155719293, 16.784359999991004 ], [ -93.092953569596546, 16.784169524463021 ], [ -93.093159364778543, 16.784278715578104 ], [ -93.09319365924469, 16.784351861468799 ], [ -93.09327015072833, 16.784419432290161 ], [ -93.093339815072113, 16.784515696672809 ], [ -93.093539832493946, 16.784637261847326 ], [ -93.093834755906343, 16.784845918538171 ], [ -93.093966213285228, 16.784951345533205 ], [ -93.094176823125764, 16.785209768137793 ], [ -93.094222495271481, 16.785365915100243 ], [ -93.09427170037371, 16.7855341404664 ], [ -93.094324471248058, 16.785838256045153 ], [ -93.094414101993806, 16.78619304466087 ], [ -93.094508940034359, 16.786436312939234 ], [ -93.094609045445551, 16.786689716737744 ], [ -93.094689283411526, 16.786879172205854 ], [ -93.09450535154069, 16.786825028100267 ] ] ] ] } },
{ "type": "Feature", "properties": { "ID": 95, "ENTIDAD": 7, "MUNICIPIO": 102, "NOMBRE": "TUXTLA GUTIERREZ", "CONTROL": 163, "GEOMETRY1_": null, "ID_2": 1569, "ENTIDAD_2": 7, "DISTRITO_F": 9, "DISTRITO_L": 13, "MUNICIPIO_2": 102, "SECCION": 1675, "TIPO": 2, "CONTROL_2": 1820, "GEOMETRY1__2": null }, "geometry": { "type": "MultiPolygon", "coordinates": [ [ [ [ -93.128533783153586, 16.755912914486039 ], [ -93.12855545673483, 16.755879610792629 ], [ -93.128565075457871, 16.755843992039313 ], [ -93.128566664369515, 16.755816894384836 ], [ -93.128563429886441, 16.755786702974838 ], [ -93.128555373570393, 16.75575574037935 ], [ -93.128545713790658, 16.755730198115547 ], [ -93.128529626115949, 16.755705434046956 ], [ -93.128507910983089, 16.755676802530648 ], [ -93.128487806077615, 16.755652815151553 ], [ -93.128424301069899, 16.755616467747927 ], [ -93.12839054722275, 16.755609521045475 ], [ -93.128343943296187, 16.755612646808498 ], [ -93.128314218105984, 16.755621955585998 ], [ -93.128279673157706, 16.755633589927776 ], [ -93.128244322060695, 16.755641353812766 ], [ -93.128220218095777, 16.755645239748979 ], [ -93.127378136854958, 16.754875849791681 ], [ -93.127908821792175, 16.754948281104245 ], [ -93.129265812144268, 16.754664711988266 ], [ -93.130185575055748, 16.754465168199488 ], [ -93.13089363023451, 16.754311069936652 ], [ -93.13119199547198, 16.754299513669757 ], [ -93.131212402173844, 16.754298723262632 ], [ -93.131502277732594, 16.754287495374363 ], [ -93.131985784451317, 16.75426876656898 ], [ -93.132042508369338, 16.754266653902917 ], [ -93.132739947911801, 16.754240676689033 ], [ -93.133287990271086, 16.754261605243553 ], [ -93.134726829629102, 16.754354983495553 ], [ -93.135688358670834, 16.754417379463685 ], [ -93.136353909666212, 16.754460566043473 ], [ -93.137132531818821, 16.754519522539479 ], [ -93.137294574953273, 16.754531791910427 ], [ -93.137918191936464, 16.754579008925582 ], [ -93.138330758071149, 16.754610245225066 ], [ -93.138819134021489, 16.754645449273369 ], [ -93.139000774229061, 16.754660971857422 ], [ -93.139685867373288, 16.754712837682312 ], [ -93.140771224247118, 16.754795001250361 ], [ -93.140957596763712, 16.754809109420368 ], [ -93.14141176090402, 16.754843553760789 ], [ -93.142255726833909, 16.754907563970072 ], [ -93.142269748465708, 16.755173966816269 ], [ -93.142403313182797, 16.755688354339316 ], [ -93.142442496011824, 16.755839255601035 ], [ -93.142495501500633, 16.75603720791354 ], [ -93.14255019358653, 16.756194890270081 ], [ -93.142615349593541, 16.756368414032334 ], [ -93.142708407733039, 16.756574119196895 ], [ -93.142808952697564, 16.75679525184453 ], [ -93.142989412674325, 16.757126237163384 ], [ -93.143214846279619, 16.757447555030442 ], [ -93.143381989263503, 16.757671432405076 ], [ -93.14351986201433, 16.757826692485537 ], [ -93.143631014062592, 16.757950076808232 ], [ -93.144233711386377, 16.758498031896071 ], [ -93.144680633548816, 16.758880825101912 ], [ -93.144961617727191, 16.759107144825641 ], [ -93.14538621702421, 16.759449138107239 ], [ -93.145488567319731, 16.759546549535692 ], [ -93.145519384157325, 16.759575239358956 ], [ -93.145569012305913, 16.759612604568034 ], [ -93.145453105256152, 16.759618504772003 ], [ -93.145374050074722, 16.759596991281466 ], [ -93.145310263301312, 16.759591645810705 ], [ -93.145238441040007, 16.759585626924473 ], [ -93.145105212710959, 16.759576552782676 ], [ -93.144945834999248, 16.75959270870818 ], [ -93.144793592386733, 16.759606567522201 ], [ -93.144710339408562, 16.759620377829631 ], [ -93.144572367017147, 16.759629642508379 ], [ -93.14446770169657, 16.759641175746818 ], [ -93.144327360690497, 16.759664193798322 ], [ -93.14425839864991, 16.759700913717914 ], [ -93.144198957582773, 16.759744502896691 ], [ -93.144142801563575, 16.759801231070561 ], [ -93.144023744210543, 16.759858535301355 ], [ -93.143883166837469, 16.75998603247664 ], [ -93.143664635487724, 16.76012248129506 ], [ -93.143450343045842, 16.760256282967344 ], [ -93.143288404739934, 16.760357395062993 ], [ -93.143141939448938, 16.760448845815151 ], [ -93.142942970497401, 16.760573078766459 ], [ -93.142918428158424, 16.760574170581176 ], [ -93.142669013809964, 16.760638004878945 ], [ -93.142510474726379, 16.760647969276398 ], [ -93.14231101675233, 16.760653034399692 ], [ -93.142126894653259, 16.76064823397753 ], [ -93.141866027334757, 16.760604067058551 ], [ -93.141594924047169, 16.760550052051642 ], [ -93.141461924196761, 16.760515651575055 ], [ -93.141057412052575, 16.760346408914423 ], [ -93.141009689763749, 16.760323185079592 ], [ -93.140684300367496, 16.760195902974889 ], [ -93.140494984790621, 16.760082701993312 ], [ -93.140274950642194, 16.75992517519412 ], [ -93.140054920459832, 16.759772575545629 ], [ -93.139942339307026, 16.759683958890061 ], [ -93.139625140196671, 16.759536352076978 ], [ -93.139430736645522, 16.759457645300063 ], [ -93.139195432641515, 16.759398675519112 ], [ -93.139001196389117, 16.759398806516156 ], [ -93.138980629172494, 16.759398820376479 ], [ -93.138903915434881, 16.759401335752475 ], [ -93.138827201695022, 16.759403851100025 ], [ -93.138683977959715, 16.759374383094261 ], [ -93.138607223201177, 16.759320233362203 ], [ -93.138540700781462, 16.759271004121523 ], [ -93.138463935413426, 16.759202072161273 ], [ -93.138438298848783, 16.759181354051371 ], [ -93.138336001563829, 16.75909868274184 ], [ -93.138192689211877, 16.758946029607866 ], [ -93.137972658252025, 16.758788500311166 ], [ -93.137806434637113, 16.758660615694016 ], [ -93.13753773653832, 16.75850792933025 ], [ -93.137394524273859, 16.758493242595438 ], [ -93.137235221961745, 16.758474826846914 ], [ -93.137097867592558, 16.75845894823426 ], [ -93.136857514573919, 16.758488672219517 ], [ -93.136724559211146, 16.758513397367089 ], [ -93.136560369212333, 16.75856134040577 ], [ -93.136504688039096, 16.758577599123683 ], [ -93.136335815595558, 16.758620161733081 ], [ -93.136269470164663, 16.758636883392022 ], [ -93.13597287644059, 16.758691280469133 ], [ -93.135777690255381, 16.758735373163621 ], [ -93.135745854977088, 16.758742564755533 ], [ -93.1354666394529, 16.758809871045017 ], [ -93.135180270454626, 16.758859332874735 ], [ -93.134950148802872, 16.758893975329926 ], [ -93.134587046863757, 16.758918849556732 ], [ -93.134371974717098, 16.758949159192944 ], [ -93.134160447205161, 16.758964984674684 ], [ -93.134034723957427, 16.758958628381311 ], [ -93.133876182315859, 16.758963658743934 ], [ -93.133799992446328, 16.758955060424718 ], [ -93.133723802583432, 16.758946462077297 ], [ -93.133571932602322, 16.758913537385688 ], [ -93.133275421901914, 16.758834189999575 ], [ -93.133091461679513, 16.75871499999079 ], [ -93.132989994518212, 16.758641043877528 ], [ -93.132967563260607, 16.758624694448965 ], [ -93.132832437283966, 16.758577781080216 ], [ -93.132716089368799, 16.758552548049696 ], [ -93.132547217715484, 16.758545425804282 ], [ -93.132446110056165, 16.758499927481285 ], [ -93.132356571642887, 16.758458662636944 ], [ -93.132299456699883, 16.758415429816285 ], [ -93.132227851632805, 16.758386880290043 ], [ -93.132156805889466, 16.75833959748179 ], [ -93.132047913509538, 16.758242050927731 ], [ -93.131987837237148, 16.758191473522146 ], [ -93.131852724251431, 16.758162636589933 ], [ -93.131696044210003, 16.758146898135088 ], [ -93.131580434361041, 16.758137845942414 ], [ -93.131467646428931, 16.758130424035176 ], [ -93.131268324761763, 16.758198896547306 ], [ -93.131108813209906, 16.758291243106221 ], [ -93.130938722761201, 16.758470716633514 ], [ -93.130811171347602, 16.758629664133434 ], [ -93.130683661700104, 16.758850108260777 ], [ -93.130566769153376, 16.759039797219309 ], [ -93.130433883902313, 16.759178248947261 ], [ -93.130245284800594, 16.759331186665701 ], [ -93.13016658665218, 16.759369664540376 ], [ -93.130079020502137, 16.759408942114696 ], [ -93.129848985604795, 16.759491226400307 ], [ -93.129673511228305, 16.759578457170527 ], [ -93.129524646552525, 16.759686169992648 ], [ -93.129374282660095, 16.759785041058901 ], [ -93.129337395315787, 16.759809296125354 ], [ -93.129040454065233, 16.759911376035905 ], [ -93.128961482469592, 16.75996579655105 ], [ -93.128837355928823, 16.76000937102485 ], [ -93.128662423675678, 16.760031228677217 ], [ -93.128493156726861, 16.760085705323927 ], [ -93.128385942120985, 16.760102083429395 ], [ -93.128154564300047, 16.760107664445464 ], [ -93.127889289436794, 16.760058895103185 ], [ -93.12771861433265, 16.759925899937272 ], [ -93.127460765661652, 16.75971175127594 ], [ -93.127156760200151, 16.759434906399076 ], [ -93.126969517348698, 16.759250054105063 ], [ -93.127033902797947, 16.758725397744119 ], [ -93.127076143672696, 16.758688981525751 ], [ -93.127498157413541, 16.758325158643711 ], [ -93.127964215960503, 16.757900705513869 ], [ -93.128474940294325, 16.757482745036697 ], [ -93.128961327381703, 16.757063725629919 ], [ -93.128932563763044, 16.756980896867589 ], [ -93.128930735922751, 16.756913912305798 ], [ -93.128952087089388, 16.756852066001219 ], [ -93.1289966149279, 16.75679192278394 ], [ -93.129032554049658, 16.75675441145891 ], [ -93.128669118765558, 16.756235240218437 ], [ -93.128491858055369, 16.755975466391625 ], [ -93.128533783153586, 16.755912914486039 ] ] ] ] } },
{ "type": "Feature", "properties": { "ID": 95, "ENTIDAD": 7, "MUNICIPIO": 102, "NOMBRE": "TUXTLA GUTIERREZ", "CONTROL": 163, "GEOMETRY1_": null, "ID_2": 1570, "ENTIDAD_2": 7, "DISTRITO_F": 9, "DISTRITO_L": 13, "MUNICIPIO_2": 102, "SECCION": 1676, "TIPO": 2, "CONTROL_2": 1818, "GEOMETRY1__2": null }, "geometry": { "type": "MultiPolygon", "coordinates": [ [ [ [ -93.128669118765558, 16.756235240218437 ], [ -93.129032554049658, 16.75675441145891 ], [ -93.1289966149279, 16.75679192278394 ], [ -93.128952087089388, 16.756852066001219 ], [ -93.128930735922751, 16.756913912305798 ], [ -93.128932563763044, 16.756980896867589 ], [ -93.128961327381703, 16.757063725629919 ], [ -93.128474940294325, 16.757482745036697 ], [ -93.127964215960503, 16.757900705513869 ], [ -93.127498157413541, 16.758325158643711 ], [ -93.127076143672696, 16.758688981525751 ], [ -93.127033902797947, 16.758725397744119 ], [ -93.126969517348698, 16.759250054105063 ], [ -93.126948253570959, 16.759423325182333 ], [ -93.126905768885848, 16.759769517075082 ], [ -93.126874030443005, 16.760030359996126 ], [ -93.126849581744978, 16.760231291550124 ], [ -93.125663451596751, 16.759983291352356 ], [ -93.125022295093217, 16.759853044938357 ], [ -93.123931518445616, 16.759631456370521 ], [ -93.12397299441875, 16.759360874271575 ], [ -93.124079305760375, 16.758646669598168 ], [ -93.124090251124358, 16.758595907615049 ], [ -93.12410686932057, 16.758517908303649 ], [ -93.124121766617222, 16.758423750664491 ], [ -93.124135052213362, 16.758303629850463 ], [ -93.124259832719432, 16.757671640645508 ], [ -93.124415049538285, 16.756892048034572 ], [ -93.124574886761394, 16.756089242269255 ], [ -93.124800368631796, 16.75500273452074 ], [ -93.125690794587968, 16.755020191052051 ], [ -93.125727835778036, 16.755020917150048 ], [ -93.1257961880208, 16.755015521349982 ], [ -93.126409419821286, 16.754967111141305 ], [ -93.126469334151508, 16.75496238123991 ], [ -93.12656012687809, 16.754953736614006 ], [ -93.127378136854958, 16.754875849791681 ], [ -93.128220218095777, 16.755645239748979 ], [ -93.128244322060695, 16.755641353812766 ], [ -93.128279673157706, 16.755633589927776 ], [ -93.128314218105984, 16.755621955585998 ], [ -93.128343943296187, 16.755612646808498 ], [ -93.12839054722275, 16.755609521045475 ], [ -93.128424301069899, 16.755616467747927 ], [ -93.128487806077615, 16.755652815151553 ], [ -93.128507910983089, 16.755676802530648 ], [ -93.128529626115949, 16.755705434046956 ], [ -93.128545713790658, 16.755730198115547 ], [ -93.128555373570393, 16.75575574037935 ], [ -93.128563429886441, 16.755786702974838 ], [ -93.128566664369515, 16.755816894384836 ], [ -93.128565075457871, 16.755843992039313 ], [ -93.12855545673483, 16.755879610792629 ], [ -93.128533783153586, 16.755912914486039 ], [ -93.128491858055369, 16.755975466391625 ], [ -93.128669118765558, 16.756235240218437 ] ] ] ] } },
{ "type": "Feature", "properties": { "ID": 95, "ENTIDAD": 7, "MUNICIPIO": 102, "NOMBRE": "TUXTLA GUTIERREZ", "CONTROL": 163, "GEOMETRY1_": null, "ID_2": 1571, "ENTIDAD_2": 7, "DISTRITO_F": 9, "DISTRITO_L": 13, "MUNICIPIO_2": 102, "SECCION": 1677, "TIPO": 2, "CONTROL_2": 1812, "GEOMETRY1__2": null }, "geometry": { "type": "MultiPolygon", "coordinates": [ [ [ [ -93.123124926939965, 16.759481605553834 ], [ -93.122219101012078, 16.759313314641897 ], [ -93.121320032081869, 16.759146274859358 ], [ -93.120477351510999, 16.758989707750878 ], [ -93.119600515853662, 16.758826790812172 ], [ -93.119616601523035, 16.758724414219213 ], [ -93.119640316228995, 16.758628030397738 ], [ -93.119670193365891, 16.75849118258683 ], [ -93.119818126129857, 16.757572071946552 ], [ -93.119953346061905, 16.756854855551104 ], [ -93.120808949989566, 16.757031201622734 ], [ -93.121693445611314, 16.757195358446374 ], [ -93.122558356507199, 16.757355876520808 ], [ -93.123436818286521, 16.757518905496571 ], [ -93.124259832719432, 16.757671640645508 ], [ -93.124135052213362, 16.758303629850463 ], [ -93.124121766617222, 16.758423750664491 ], [ -93.12410686932057, 16.758517908303649 ], [ -93.124090251124358, 16.758595907615049 ], [ -93.124079305760375, 16.758646669598168 ], [ -93.12397299441875, 16.759360874271575 ], [ -93.123931518445616, 16.759631456370521 ], [ -93.123124926939965, 16.759481605553834 ] ] ] ] } },
{ "type": "Feature", "properties": { "ID": 95, "ENTIDAD": 7, "MUNICIPIO": 102, "NOMBRE": "TUXTLA GUTIERREZ", "CONTROL": 163, "GEOMETRY1_": null, "ID_2": 1572, "ENTIDAD_2": 7, "DISTRITO_F": 9, "DISTRITO_L": 13, "MUNICIPIO_2": 102, "SECCION": 1678, "TIPO": 2, "CONTROL_2": 1806, "GEOMETRY1__2": null }, "geometry": { "type": "MultiPolygon", "coordinates": [ [ [ [ -93.123436818286521, 16.757518905496571 ], [ -93.122558356507199, 16.757355876520808 ], [ -93.121693445611314, 16.757195358446374 ], [ -93.120808949989566, 16.757031201622734 ], [ -93.119953346061905, 16.756854855551104 ], [ -93.12008942395228, 16.756072379479207 ], [ -93.12022607716932, 16.755286588706408 ], [ -93.120395284955634, 16.754314623263916 ], [ -93.121246405915201, 16.754444070669585 ], [ -93.122130734618381, 16.754578564746545 ], [ -93.123035357284834, 16.754716141128696 ], [ -93.123888079209209, 16.754845820549022 ], [ -93.124800368631796, 16.75500273452074 ], [ -93.124574886761394, 16.756089242269255 ], [ -93.124415049538285, 16.756892048034572 ], [ -93.124259832719432, 16.757671640645508 ], [ -93.123436818286521, 16.757518905496571 ] ] ] ] } },
{ "type": "Feature", "properties": { "ID": 95, "ENTIDAD": 7, "MUNICIPIO": 102, "NOMBRE": "TUXTLA GUTIERREZ", "CONTROL": 163, "GEOMETRY1_": null, "ID_2": 1573, "ENTIDAD_2": 7, "DISTRITO_F": 9, "DISTRITO_L": 13, "MUNICIPIO_2": 102, "SECCION": 1679, "TIPO": 2, "CONTROL_2": 1807, "GEOMETRY1__2": null }, "geometry": { "type": "MultiPolygon", "coordinates": [ [ [ [ -93.118812280861221, 16.758693058298334 ], [ -93.118038591270604, 16.758514623524423 ], [ -93.117151633774895, 16.758337198529087 ], [ -93.116243932771127, 16.758155619750625 ], [ -93.116321313774108, 16.757670167068333 ], [ -93.116350066951284, 16.757527910800647 ], [ -93.116382063673939, 16.75736325726983 ], [ -93.116455097073128, 16.757017573170788 ], [ -93.116604475113917, 16.756212508568115 ], [ -93.116759693633625, 16.755440994077887 ], [ -93.116920024223035, 16.754644063421036 ], [ -93.117728446359678, 16.754796626351034 ], [ -93.118608567203282, 16.75496271823587 ], [ -93.119399630187957, 16.755116740007381 ], [ -93.12022607716932, 16.755286588706408 ], [ -93.12008942395228, 16.756072379479207 ], [ -93.119953346061905, 16.756854855551104 ], [ -93.119818126129857, 16.757572071946552 ], [ -93.119670193365891, 16.75849118258683 ], [ -93.119640316228995, 16.758628030397738 ], [ -93.119616601523035, 16.758724414219213 ], [ -93.119600515853662, 16.758826790812172 ], [ -93.118812280861221, 16.758693058298334 ] ] ] ] } },
{ "type": "Feature", "properties": { "ID": 95, "ENTIDAD": 7, "MUNICIPIO": 102, "NOMBRE": "TUXTLA GUTIERREZ", "CONTROL": 163, "GEOMETRY1_": null, "ID_2": 1574, "ENTIDAD_2": 7, "DISTRITO_F": 9, "DISTRITO_L": 13, "MUNICIPIO_2": 102, "SECCION": 1680, "TIPO": 2, "CONTROL_2": 1757, "GEOMETRY1__2": null }, "geometry": { "type": "MultiPolygon", "coordinates": [ [ [ [ -93.115374906984115, 16.757993631308825 ], [ -93.115027815381097, 16.757949333242127 ], [ -93.11487875212832, 16.757916862018881 ], [ -93.114735475520803, 16.757890719534483 ], [ -93.114369514928569, 16.75785132574666 ], [ -93.113614867873636, 16.7578300448695 ], [ -93.112762103273809, 16.757782911227441 ], [ -93.113025519554157, 16.756508291682319 ], [ -93.113040100194056, 16.756437738333073 ], [ -93.113200032541258, 16.755663848215161 ], [ -93.113376858615538, 16.754808204356532 ], [ -93.113549447973611, 16.754013357354371 ], [ -93.113694339436861, 16.753239038341334 ], [ -93.1138762215881, 16.752346254955498 ], [ -93.114040417962556, 16.751540276416176 ], [ -93.11484242834571, 16.751650994751895 ], [ -93.115702879213643, 16.751774761816534 ], [ -93.116512102846215, 16.751894393416766 ], [ -93.117370565686045, 16.752021316934432 ], [ -93.117218196172928, 16.752848025136572 ], [ -93.117058978635185, 16.753762004374433 ], [ -93.116920024223035, 16.754644063421036 ], [ -93.116759693633625, 16.755440994077887 ], [ -93.116604475113917, 16.756212508568115 ], [ -93.116455097073128, 16.757017573170788 ], [ -93.116382063673939, 16.75736325726983 ], [ -93.116350066951284, 16.757527910800647 ], [ -93.116321313774108, 16.757670167068333 ], [ -93.116243932771127, 16.758155619750625 ], [ -93.115374906984115, 16.757993631308825 ] ] ] ] } },
{ "type": "Feature", "properties": { "ID": 95, "ENTIDAD": 7, "MUNICIPIO": 102, "NOMBRE": "TUXTLA GUTIERREZ", "CONTROL": 163, "GEOMETRY1_": null, "ID_2": 1575, "ENTIDAD_2": 7, "DISTRITO_F": 9, "DISTRITO_L": 13, "MUNICIPIO_2": 102, "SECCION": 1681, "TIPO": 2, "CONTROL_2": 1758, "GEOMETRY1__2": null }, "geometry": { "type": "MultiPolygon", "coordinates": [ [ [ [ -93.112703503149447, 16.753827428247369 ], [ -93.111858128544611, 16.753690700046732 ], [ -93.110991525608924, 16.753558179627433 ], [ -93.110093370310295, 16.753385333292766 ], [ -93.10924701360581, 16.753237224011688 ], [ -93.108389331347908, 16.753056718548869 ], [ -93.108517187933757, 16.752450682618374 ], [ -93.108740680139789, 16.751475370839515 ], [ -93.108907266427366, 16.750748387813406 ], [ -93.10967321770552, 16.750853388214122 ], [ -93.110527807410165, 16.750996942880711 ], [ -93.111372339999676, 16.751126470152997 ], [ -93.112366116081773, 16.751262616629017 ], [ -93.113194500197935, 16.75140592529797 ], [ -93.114040417962556, 16.751540276416176 ], [ -93.1138762215881, 16.752346254955498 ], [ -93.113694339436861, 16.753239038341334 ], [ -93.113549447973611, 16.754013357354371 ], [ -93.112703503149447, 16.753827428247369 ] ] ] ] } },
{ "type": "Feature", "properties": { "ID": 95, "ENTIDAD": 7, "MUNICIPIO": 102, "NOMBRE": "TUXTLA GUTIERREZ", "CONTROL": 163, "GEOMETRY1_": null, "ID_2": 1576, "ENTIDAD_2": 7, "DISTRITO_F": 9, "DISTRITO_L": 13, "MUNICIPIO_2": 102, "SECCION": 1682, "TIPO": 2, "CONTROL_2": 1764, "GEOMETRY1__2": null }, "geometry": { "type": "MultiPolygon", "coordinates": [ [ [ [ -93.106364384934281, 16.75210366591568 ], [ -93.106311310832396, 16.752094326925501 ], [ -93.10626416347894, 16.752086641317696 ], [ -93.105232073230823, 16.751918394851383 ], [ -93.104124163726425, 16.751737782605385 ], [ -93.103004853168457, 16.751582721511138 ], [ -93.101894345178437, 16.7514185875994 ], [ -93.102080353042481, 16.750361650197966 ], [ -93.102097474831936, 16.750264359852267 ], [ -93.102192107024038, 16.749726633966457 ], [ -93.102280629086536, 16.749223571316342 ], [ -93.102417784411116, 16.748336721785122 ], [ -93.102462960566356, 16.748192306124608 ], [ -93.103531868647011, 16.748368958387907 ], [ -93.104115136998587, 16.748462081946517 ], [ -93.104180744779569, 16.748470424228159 ], [ -93.104235140773582, 16.748478621897153 ], [ -93.104633264538577, 16.748528581314194 ], [ -93.105353612373108, 16.748632976441492 ], [ -93.105746168497205, 16.748689865830997 ], [ -93.106783241677505, 16.748839580412245 ], [ -93.106829552748465, 16.748846265871645 ], [ -93.106881624487187, 16.748853782927359 ], [ -93.107432079702733, 16.748933245584002 ], [ -93.10729704657048, 16.74974148415242 ], [ -93.107254322721843, 16.750013344072386 ], [ -93.107189194526171, 16.750497048671395 ], [ -93.107082121842964, 16.751082782293299 ], [ -93.107059185508106, 16.751210583895684 ], [ -93.106883791359238, 16.752195060597629 ], [ -93.106364384934281, 16.75210366591568 ] ] ] ] } },
{ "type": "Feature", "properties": { "ID": 95, "ENTIDAD": 7, "MUNICIPIO": 102, "NOMBRE": "TUXTLA GUTIERREZ", "CONTROL": 163, "GEOMETRY1_": null, "ID_2": 1583, "ENTIDAD_2": 7, "DISTRITO_F": 9, "DISTRITO_L": 13, "MUNICIPIO_2": 102, "SECCION": 1689, "TIPO": 2, "CONTROL_2": 1763, "GEOMETRY1__2": null }, "geometry": { "type": "MultiPolygon", "coordinates": [ [ [ [ -93.106881624487187, 16.748853782927359 ], [ -93.106829552748465, 16.748846265871645 ], [ -93.106783241677505, 16.748839580412245 ], [ -93.105746168497205, 16.748689865830997 ], [ -93.105353612373108, 16.748632976441492 ], [ -93.104633264538577, 16.748528581314194 ], [ -93.104235140773582, 16.748478621897153 ], [ -93.104180744779569, 16.748470424228159 ], [ -93.104115136998587, 16.748462081946517 ], [ -93.103531868647011, 16.748368958387907 ], [ -93.102462960566356, 16.748192306124608 ], [ -93.102563741534496, 16.747727922206654 ], [ -93.102685446751224, 16.747167119368978 ], [ -93.103112293256984, 16.745051213757378 ], [ -93.104046899287979, 16.745280419527525 ], [ -93.104695374202251, 16.745459800607989 ], [ -93.10511885417138, 16.745569096731607 ], [ -93.105392969886211, 16.745639842840873 ], [ -93.106276240526682, 16.745867801981795 ], [ -93.106408264495073, 16.745131267416166 ], [ -93.106934441469392, 16.745276325890508 ], [ -93.107457310928154, 16.745519861555991 ], [ -93.108060868397942, 16.745839290910844 ], [ -93.107944161183724, 16.746279759411344 ], [ -93.10771610045775, 16.74714048481291 ], [ -93.107473002352691, 16.748190749798553 ], [ -93.107523137616653, 16.748301687749059 ], [ -93.107432079702733, 16.748933245584002 ], [ -93.106881624487187, 16.748853782927359 ] ] ] ] } },
{ "type": "Feature", "properties": { "ID": 95, "ENTIDAD": 7, "MUNICIPIO": 102, "NOMBRE": "TUXTLA GUTIERREZ", "CONTROL": 163, "GEOMETRY1_": null, "ID_2": 1630, "ENTIDAD_2": 7, "DISTRITO_F": 9, "DISTRITO_L": 2, "MUNICIPIO_2": 102, "SECCION": 1739, "TIPO": 2, "CONTROL_2": 1886, "GEOMETRY1__2": null }, "geometry": { "type": "MultiPolygon", "coordinates": [ [ [ [ -93.228287779220508, 16.729836625276626 ], [ -93.228406338677829, 16.730008864334703 ], [ -93.228463020443257, 16.730257376184962 ], [ -93.229149643609986, 16.730590205753561 ], [ -93.229435670351251, 16.730756481045347 ], [ -93.230752441025018, 16.731090829176278 ], [ -93.230821026020877, 16.73114064216222 ], [ -93.231267113288609, 16.731464632214429 ], [ -93.232181292610179, 16.732460331473323 ], [ -93.232190029165977, 16.732461755961335 ], [ -93.232696669249094, 16.732544362526877 ], [ -93.233669640065727, 16.732919260656313 ], [ -93.233955276419167, 16.733251111422149 ], [ -93.234297504831659, 16.733872867287619 ], [ -93.234373000523135, 16.733964234507198 ], [ -93.234468868171831, 16.734080256331136 ], [ -93.234296312573463, 16.734369612822555 ], [ -93.232075297539652, 16.736674135148856 ], [ -93.231923050677608, 16.736832103399788 ], [ -93.231774479436979, 16.736986257542434 ], [ -93.230276114957704, 16.738540906689877 ], [ -93.229759218293438, 16.739077801622226 ], [ -93.228782905885723, 16.740068935513083 ], [ -93.228505428616771, 16.740375894153726 ], [ -93.228322192872909, 16.740578597565413 ], [ -93.226542593128585, 16.742547238125294 ], [ -93.22545116111921, 16.743745054759916 ], [ -93.224761860639006, 16.744488495325061 ], [ -93.224359816963499, 16.74490147021034 ], [ -93.223785291683399, 16.745562396590184 ], [ -93.223440432276718, 16.746016905265353 ], [ -93.22321005040466, 16.746513089430351 ], [ -93.223323004193759, 16.747175696943735 ], [ -93.223723632326866, 16.747342260139462 ], [ -93.224296031913497, 16.747550638029768 ], [ -93.224868736805362, 16.747634828030829 ], [ -93.22544144218034, 16.747719016435742 ], [ -93.225957059453904, 16.747720272870623 ], [ -93.227390337753988, 16.747309801979782 ], [ -93.227848965344378, 16.747186728289471 ], [ -93.228422777100349, 16.746815558780966 ], [ -93.229340329121982, 16.746445219564006 ], [ -93.22968437258335, 16.746321864597295 ], [ -93.231461373639405, 16.745912196344811 ], [ -93.232034076509208, 16.745996366497238 ], [ -93.232607477700853, 16.745790767129545 ], [ -93.232950521644142, 16.746081360921568 ], [ -93.233064305503333, 16.746412799407274 ], [ -93.233406555125214, 16.74703455569734 ], [ -93.232371135694535, 16.748770685953684 ], [ -93.232255456129906, 16.749225759895015 ], [ -93.232254358780324, 16.749681109343385 ], [ -93.231561267583871, 16.751997597299145 ], [ -93.231960814838629, 16.752619493536841 ], [ -93.23264662757289, 16.75332486817792 ], [ -93.234073474699684, 16.755605050472191 ], [ -93.234071388341718, 16.756474353325256 ], [ -93.234071388341718, 16.75647435332526 ], [ -93.234071388341718, 16.756474353325348 ], [ -93.234127390367235, 16.757012630387006 ], [ -93.234126496345112, 16.757385188709737 ], [ -93.233895234578497, 16.758253942383028 ], [ -93.233836946689834, 16.758667758734251 ], [ -93.234293710435793, 16.759331182437311 ], [ -93.232779033385995, 16.762946964241134 ], [ -93.232722302494778, 16.763277559619979 ], [ -93.232665381398618, 16.763484197248218 ], [ -93.232265159216951, 16.763773721407702 ], [ -93.231749954629549, 16.76373277319022 ], [ -93.231463638831372, 16.763650340268651 ], [ -93.23089094500483, 16.763444153973893 ], [ -93.230604441314782, 16.763237762099152 ], [ -93.230088987346477, 16.763031532701035 ], [ -93.229745372878938, 16.762907818794424 ], [ -93.229544946974045, 16.762845981894902 ], [ -93.22934452119631, 16.762784144798509 ], [ -93.229058270371524, 16.762743027755338 ], [ -93.228829382311105, 16.762784508495937 ], [ -93.228543381373342, 16.76290866776603 ], [ -93.228200267075394, 16.76311550533099 ], [ -93.227971440696322, 16.763198304383128 ], [ -93.227742365016738, 16.763115826149956 ], [ -93.2275132895317, 16.76303334765921 ], [ -93.227398876262512, 16.763074746837258 ], [ -93.227227287346338, 16.763157505115977 ], [ -93.226884233244888, 16.763405659768971 ], [ -93.226712767913071, 16.763571056143181 ], [ -93.226370456175545, 16.76431504105345 ], [ -93.226199423213401, 16.764769671800913 ], [ -93.226028203717803, 16.765100344630017 ], [ -93.22585692176132, 16.765389698058485 ], [ -93.225831620384596, 16.765500018259278 ], [ -93.225800054492552, 16.765637653102434 ], [ -93.225772742372257, 16.765776736318529 ], [ -93.225743248932218, 16.765926927379947 ], [ -93.225572027634186, 16.766257599815233 ], [ -93.225454501884812, 16.766406430240082 ], [ -93.22534350517644, 16.766546992246539 ], [ -93.225058051684087, 16.767043019995576 ], [ -93.224886889892659, 16.767415011102248 ], [ -93.224887136580435, 16.7675802880999 ], [ -93.224888185029073, 16.768282715310207 ], [ -93.224945547717937, 16.768365314528872 ], [ -93.225232114908209, 16.76861303338935 ], [ -93.225289786660085, 16.76890222872176 ], [ -93.225061137235528, 16.76910898232482 ], [ -93.224638838843461, 16.769311379837138 ], [ -93.223333919389376, 16.770000747571409 ], [ -93.222878485258462, 16.770175849515532 ], [ -93.221223083758474, 16.770624641517774 ], [ -93.220770609662495, 16.770923701615505 ], [ -93.220485466663817, 16.771012476466669 ], [ -93.21893008823794, 16.770838983015008 ], [ -93.217904359219688, 16.771191618270802 ], [ -93.217270723022381, 16.771122459642164 ], [ -93.216405418314991, 16.770975558959506 ], [ -93.215482691161426, 16.770829879799521 ], [ -93.214667907145284, 16.770392499818602 ], [ -93.2146016050458, 16.77002183595533 ], [ -93.214754144967529, 16.769191741570182 ], [ -93.214915562575442, 16.768733535852974 ], [ -93.215131442599514, 16.768150142003311 ], [ -93.215296804966911, 16.767857219891916 ], [ -93.215344361413983, 16.767442784962356 ], [ -93.215156307736592, 16.766785324469286 ], [ -93.214795001888291, 16.766090217701116 ], [ -93.214268337071957, 16.765688031702336 ], [ -93.213801069121317, 16.765367261652766 ], [ -93.213562504559846, 16.765000271194442 ], [ -93.213319996208867, 16.764467996399745 ], [ -93.213196277176152, 16.764098556349964 ], [ -93.213188388019034, 16.763767988248656 ], [ -93.213175568211881, 16.763230815060222 ], [ -93.213221155949441, 16.762733738359994 ], [ -93.213265757318894, 16.762195340609189 ], [ -93.213369751787027, 16.761738360327289 ], [ -93.213416324884207, 16.761282604543826 ], [ -93.213348056269894, 16.760829297838328 ], [ -93.21304517509158, 16.760174283882034 ], [ -93.212806618564159, 16.7598072922735 ], [ -93.212332466032763, 16.759197271273145 ], [ -93.211636522288003, 16.758922713804409 ], [ -93.211234580882476, 16.758931281793448 ], [ -93.210491074720224, 16.759071154852709 ], [ -93.209637653538124, 16.75942007755506 ], [ -93.209019822391269, 16.760012029924404 ], [ -93.208794080845223, 16.760182207355168 ], [ -93.208508948028168, 16.760270965615195 ], [ -93.207971445930298, 16.760273021792116 ], [ -93.207762957489379, 16.760160311468756 ], [ -93.207593415399941, 16.759934641270995 ], [ -93.207463078171003, 16.759834398675398 ], [ -93.207271793861736, 16.75986601789749 ], [ -93.207219893887242, 16.759876072632522 ], [ -93.206866680107652, 16.759944501404711 ], [ -93.20665252794538, 16.759967023743105 ], [ -93.206467282384224, 16.759956055449912 ], [ -93.206322652842672, 16.760034276958617 ], [ -93.206050711045094, 16.760146087074773 ], [ -93.205894462088096, 16.760185281507429 ], [ -93.205628122674796, 16.760124201193022 ], [ -93.205298079460448, 16.760035299392296 ], [ -93.205054900605703, 16.759979772189546 ], [ -93.204823304950054, 16.75992981010786 ], [ -93.204551261098175, 16.759946810839129 ], [ -93.204348703588977, 16.759986050026761 ], [ -93.204165309448527, 16.759984949607173 ], [ -93.203978218606139, 16.759969686039685 ], [ -93.203798708282349, 16.759908517458243 ], [ -93.203760996833211, 16.759897960854058 ], [ -93.203520775014354, 16.759830715126736 ], [ -93.203219723318483, 16.759786396678422 ], [ -93.202658352653216, 16.759898487322513 ], [ -93.202259149118163, 16.760094071173096 ], [ -93.20203934889706, 16.760250440189051 ], [ -93.201906388522602, 16.760417877800567 ], [ -93.20167151505305, 16.760556317354819 ], [ -93.201437761373967, 16.760652566418127 ], [ -93.201267406442852, 16.760692254183763 ], [ -93.20112525473948, 16.760725371293987 ], [ -93.200806801332419, 16.760647604824452 ], [ -93.200511496610304, 16.760564238441454 ], [ -93.200273955272394, 16.760363700357381 ], [ -93.200057162447209, 16.760287212779673 ], [ -93.199990210853628, 16.760263591250897 ], [ -93.19928373375285, 16.760002160144658 ], [ -93.198693069952753, 16.759779653454654 ], [ -93.198160483392485, 16.759741127451694 ], [ -93.198090980469019, 16.759702155815077 ], [ -93.197961134257909, 16.759532732432739 ], [ -93.197847533144483, 16.759384505341309 ], [ -93.197557715135744, 16.759005552915379 ], [ -93.197244715507509, 16.758598737649116 ], [ -93.19703011019493, 16.7581806740797 ], [ -93.196740112261253, 16.757623259278944 ], [ -93.196450310576637, 16.757255459002916 ], [ -93.196021598423656, 16.756898944181962 ], [ -93.19558131666453, 16.756548016329415 ], [ -93.1950137931168, 16.756297592355359 ], [ -93.194602451060746, 16.755941058083934 ], [ -93.193866738826387, 16.755367328244301 ], [ -93.19345112326431, 16.75503281654504 ], [ -93.193084667589858, 16.754737869913228 ], [ -93.192511386659319, 16.754509751993886 ], [ -93.19209452762837, 16.75441533293947 ], [ -93.191903488563511, 16.754393203055944 ], [ -93.191718215592218, 16.754348759958816 ], [ -93.191544508313015, 16.754293152117292 ], [ -93.191324455091674, 16.754198548676637 ], [ -93.191000250251321, 16.754143079887999 ], [ -93.190844052986037, 16.754232455155332 ], [ -93.190716847473823, 16.754371995783305 ], [ -93.190444993069377, 16.754573016031536 ], [ -93.190225200423328, 16.754740526405975 ], [ -93.189935985302924, 16.75494713891316 ], [ -93.18963508780773, 16.755047800282728 ], [ -93.189374593031346, 16.755031308816484 ], [ -93.189102538009337, 16.75503155837735 ], [ -93.188842026794745, 16.75499833549328 ], [ -93.1885178487247, 16.754970747389226 ], [ -93.188118421511078, 16.75494322740699 ], [ -93.187788378660201, 16.754837566619056 ], [ -93.187521921150307, 16.754642616783737 ], [ -93.187197547594735, 16.754414257632614 ], [ -93.186948423749399, 16.754185829783459 ], [ -93.186638106394312, 16.753944675218133 ], [ -93.18606799936569, 16.753578741308374 ], [ -93.185726291311099, 16.753378280028844 ], [ -93.18560410723947, 16.753271224250657 ], [ -93.185465593864237, 16.753149860756192 ], [ -93.185503249788169, 16.752970333761414 ], [ -93.185538033552461, 16.752840811045207 ], [ -93.185551930425973, 16.752771848560382 ], [ -93.18550819132804, 16.752665940352042 ], [ -93.185440198963818, 16.752562785121224 ], [ -93.185223367771528, 16.752341626793775 ], [ -93.185108023076836, 16.752192058380775 ], [ -93.185059526602814, 16.752082027452374 ], [ -93.18504445738391, 16.752016978550671 ], [ -93.1850423085953, 16.751923044184345 ], [ -93.185054436573239, 16.75182969855808 ], [ -93.18507877143638, 16.751773014468892 ], [ -93.185120604394882, 16.75166483189442 ], [ -93.185163175235189, 16.751465511387604 ], [ -93.185094155316619, 16.751388214783191 ], [ -93.184793588069638, 16.751025235421853 ], [ -93.18464509003482, 16.750884945801214 ], [ -93.184560394783745, 16.750842138038763 ], [ -93.184438183112746, 16.750810294878089 ], [ -93.184275835239305, 16.750787736884941 ], [ -93.184007870462125, 16.750746774197985 ], [ -93.183938915058931, 16.750735904582392 ], [ -93.182993181624141, 16.750589175666398 ], [ -93.182858760319732, 16.750565750931525 ], [ -93.183273697326754, 16.750066336063853 ], [ -93.183580522294648, 16.749678429702737 ], [ -93.183700815913454, 16.749531173224661 ], [ -93.183771385616211, 16.749405823165649 ], [ -93.183799003894933, 16.749315846898693 ], [ -93.183799969769581, 16.749181289728384 ], [ -93.183793699424314, 16.749013124539829 ], [ -93.183775193381464, 16.748826471459942 ], [ -93.18377991383646, 16.748743643147328 ], [ -93.183797721723224, 16.748657439762049 ], [ -93.183819905249251, 16.748583845285641 ], [ -93.183867540525725, 16.748467127699818 ], [ -93.184077542257526, 16.748040886090308 ], [ -93.184279741127369, 16.747590386664793 ], [ -93.183592821624472, 16.747486733023091 ], [ -93.182342054534928, 16.747298649795304 ], [ -93.181252789366013, 16.74716255013676 ], [ -93.180186080390172, 16.747052461254473 ], [ -93.180331113267513, 16.746027008812973 ], [ -93.180485868904981, 16.744992169698808 ], [ -93.180617912510371, 16.743957350254362 ], [ -93.180762935007351, 16.742925645263664 ], [ -93.180924174601188, 16.741890799875147 ], [ -93.181059458168534, 16.740855977037807 ], [ -93.181165538900686, 16.739818053652879 ], [ -93.181266120301402, 16.739827343355451 ], [ -93.182229966612041, 16.739938673000335 ], [ -93.182295955920608, 16.73925826972415 ], [ -93.181480007027247, 16.738148033005167 ], [ -93.181827788528139, 16.736593727754027 ], [ -93.18179456099918, 16.736362168470734 ], [ -93.181721439212382, 16.73617401118404 ], [ -93.18154706113944, 16.735725299167662 ], [ -93.182617363831042, 16.735102116169081 ], [ -93.182669259265012, 16.735075131359864 ], [ -93.183549063013814, 16.734607535360013 ], [ -93.183703098833419, 16.73452557943903 ], [ -93.183924952522204, 16.734359816889416 ], [ -93.184358707856575, 16.733971798919978 ], [ -93.184709349562453, 16.733643549154511 ], [ -93.185081366813975, 16.733342645534943 ], [ -93.185318846013402, 16.733141774980282 ], [ -93.185543720578593, 16.732968787421168 ], [ -93.18604720930928, 16.732581470428464 ], [ -93.186094806157783, 16.732544855625097 ], [ -93.186365133137741, 16.732445844696077 ], [ -93.186815266471172, 16.732280976236812 ], [ -93.187144808497763, 16.73216027545223 ], [ -93.187369516966498, 16.732080929656288 ], [ -93.187481249051601, 16.732015505957779 ], [ -93.187775627866429, 16.73184313463786 ], [ -93.187809719280608, 16.731818254057792 ], [ -93.187843810685962, 16.731793373472115 ], [ -93.188331729669372, 16.731438375369859 ], [ -93.188874102405251, 16.731043755136117 ], [ -93.188919132511828, 16.731073525415638 ], [ -93.189039516853967, 16.73111972071338 ], [ -93.189140563175727, 16.731011824320071 ], [ -93.189240438885946, 16.730944051516573 ], [ -93.18946515923399, 16.730879845702663 ], [ -93.189918166919441, 16.730794237950978 ], [ -93.190381875574005, 16.730697929230161 ], [ -93.190720739590844, 16.730665826323236 ], [ -93.191020366721531, 16.730630156426546 ], [ -93.191323560841838, 16.730576651581735 ], [ -93.191601786034667, 16.730491043829989 ], [ -93.19219033932707, 16.730301993378067 ], [ -93.19254703829219, 16.730184282719382 ], [ -93.192839531443553, 16.730055871091722 ], [ -93.192925139195168, 16.730005933236409 ], [ -93.193502991518386, 16.729663502229258 ], [ -93.193939947750607, 16.729447699354861 ], [ -93.194236007891647, 16.729333555685859 ], [ -93.195181260149141, 16.728978640214851 ], [ -93.195643185308938, 16.728733409675783 ], [ -93.195948162924111, 16.728587163099856 ], [ -93.196083708530836, 16.728533658254999 ], [ -93.196201419189322, 16.728522957286042 ], [ -93.196288810436499, 16.728548372087239 ], [ -93.196545633690633, 16.728628183480964 ], [ -93.19680602393494, 16.728765512582736 ], [ -93.196959404489888, 16.72887073877769 ], [ -93.197175207363784, 16.72936476684535 ], [ -93.197337505392923, 16.729814207542343 ], [ -93.197505153906533, 16.730295751146208 ], [ -93.197635349028772, 16.730864685996664 ], [ -93.197735224739006, 16.731317693683337 ], [ -93.197749492697625, 16.731628021783596 ], [ -93.197795863563087, 16.731934782894182 ], [ -93.197913574221573, 16.732362821653204 ], [ -93.198084789724817, 16.732897870101905 ], [ -93.198291675124565, 16.733350877788485 ], [ -93.198445055679557, 16.73375038063033 ], [ -93.198543147894966, 16.734092811637456 ], [ -93.1986162711828, 16.734420974686042 ], [ -93.198650157584524, 16.734754488219018 ], [ -93.198667992547996, 16.734950687343051 ], [ -93.201609385310405, 16.736456994463722 ], [ -93.203426758443356, 16.738745014726881 ], [ -93.205282340337405, 16.737313922986463 ], [ -93.207277528472204, 16.736835947328789 ], [ -93.208521955378757, 16.736453908450436 ], [ -93.228063834163024, 16.729511284632949 ], [ -93.228287779220508, 16.729836625276626 ] ] ] ] } },
{ "type": "Feature", "properties": { "ID": 95, "ENTIDAD": 7, "MUNICIPIO": 102, "NOMBRE": "TUXTLA GUTIERREZ", "CONTROL": 163, "GEOMETRY1_": null, "ID_2": 1631, "ENTIDAD_2": 7, "DISTRITO_F": 9, "DISTRITO_L": 13, "MUNICIPIO_2": 102, "SECCION": 1741, "TIPO": 2, "CONTROL_2": 1797, "GEOMETRY1__2": null }, "geometry": { "type": "MultiPolygon", "coordinates": [ [ [ [ -93.121824116755988, 16.736554873974534 ], [ -93.12181816617489, 16.736588368230553 ], [ -93.121805704008352, 16.736658514450628 ], [ -93.121745789355757, 16.736995757370845 ], [ -93.12162931888551, 16.736944227251229 ], [ -93.121201149483028, 16.737875042683697 ], [ -93.121096481394957, 16.738130083361067 ], [ -93.12079635249026, 16.738777256226168 ], [ -93.120608607430555, 16.738754869542706 ], [ -93.120761593963508, 16.738070272569175 ], [ -93.119951398723117, 16.737929304056436 ], [ -93.119043503886331, 16.737800462480486 ], [ -93.119118765611873, 16.737320702956819 ], [ -93.119121884826043, 16.737300583984322 ], [ -93.119156559243294, 16.737076933253469 ], [ -93.119274618618519, 16.736390507162039 ], [ -93.11939822242384, 16.735526032345227 ], [ -93.11940922616995, 16.73544907267711 ], [ -93.119412650499967, 16.735425123066033 ], [ -93.118622551014198, 16.735270594078127 ], [ -93.117937734737183, 16.735183272574719 ], [ -93.117940062836482, 16.735159986477985 ], [ -93.117945403635844, 16.735106566754791 ], [ -93.117950744432349, 16.735053147031206 ], [ -93.117998645389548, 16.734574030694969 ], [ -93.1180147305883, 16.734413142330094 ], [ -93.118038145244711, 16.734178942339859 ], [ -93.118050912027527, 16.734051245145221 ], [ -93.118079777054902, 16.733762527861352 ], [ -93.118113668023042, 16.733423538415366 ], [ -93.118119022582064, 16.733369980115548 ], [ -93.118167316063676, 16.733048372406067 ], [ -93.118179443079711, 16.732967613059909 ], [ -93.118215198540852, 16.732707466591162 ], [ -93.118255191798454, 16.732578067352694 ], [ -93.118298666679024, 16.732428487433548 ], [ -93.11833601813214, 16.732257076137458 ], [ -93.118511032668337, 16.731663772029506 ], [ -93.118542616754894, 16.731671415992778 ], [ -93.118549371532339, 16.731640140470141 ], [ -93.118894850657156, 16.730624137094644 ], [ -93.120172621968365, 16.730902475353744 ], [ -93.120225655311543, 16.730914027473464 ], [ -93.120217032783515, 16.730967596258289 ], [ -93.120151677900665, 16.731373622571727 ], [ -93.119891824288999, 16.732866119247184 ], [ -93.119938006030523, 16.732874399462741 ], [ -93.12034910610619, 16.732943039570554 ], [ -93.120324324999956, 16.733097960876613 ], [ -93.120347024765124, 16.73310234632919 ], [ -93.120918129376349, 16.733212679277809 ], [ -93.120972167494401, 16.733223223155768 ], [ -93.121047500298801, 16.733235086901896 ], [ -93.121402327606091, 16.733301302017125 ], [ -93.121233790796623, 16.733562934841906 ], [ -93.121200460277848, 16.733618490092287 ], [ -93.121055940283696, 16.733854455256569 ], [ -93.12102422477777, 16.733909865596708 ], [ -93.120871259385169, 16.73416107797614 ], [ -93.1208433947115, 16.734206879253868 ], [ -93.120719261069354, 16.73441888614288 ], [ -93.120676465803399, 16.734484813474698 ], [ -93.120453973170441, 16.734823642324024 ], [ -93.120416327474828, 16.734883925638858 ], [ -93.120236561248277, 16.735156737365966 ], [ -93.120202101112582, 16.735207484889095 ], [ -93.119918245189467, 16.735154866740107 ], [ -93.119881960687337, 16.735379559169438 ], [ -93.119866166892109, 16.735461087065936 ], [ -93.119849147093291, 16.735527580947146 ], [ -93.119840417704467, 16.735566959089144 ], [ -93.120713282567422, 16.73593032162589 ], [ -93.121824116755988, 16.736554873974534 ] ] ] ] } },
{ "type": "Feature", "properties": { "ID": 95, "ENTIDAD": 7, "MUNICIPIO": 102, "NOMBRE": "TUXTLA GUTIERREZ", "CONTROL": 163, "GEOMETRY1_": null, "ID_2": 1828, "ENTIDAD_2": 7, "DISTRITO_F": 9, "DISTRITO_L": 1, "MUNICIPIO_2": 102, "SECCION": 1945, "TIPO": 2, "CONTROL_2": 2170, "GEOMETRY1__2": null }, "geometry": { "type": "MultiPolygon", "coordinates": [ [ [ [ -93.097080277149601, 16.786245795944087 ], [ -93.096615066685601, 16.786176701200439 ], [ -93.096534737249868, 16.786189087986415 ], [ -93.096144308302712, 16.78607645653414 ], [ -93.096746622757664, 16.78500803295972 ], [ -93.096931562699837, 16.784679972005591 ], [ -93.097208755011465, 16.784188264147303 ], [ -93.097445430378897, 16.784183574953691 ], [ -93.09767270227286, 16.78421425279641 ], [ -93.09814166391682, 16.784277553822612 ], [ -93.098581448058837, 16.784336915423935 ], [ -93.098487056628713, 16.784861295931961 ], [ -93.098922160088691, 16.784924667907092 ], [ -93.099381296310511, 16.784991539163773 ], [ -93.099807561825841, 16.785053621981376 ], [ -93.100316885209978, 16.785127836328126 ], [ -93.10026584950667, 16.785562483145565 ], [ -93.100210013668899, 16.786038162282033 ], [ -93.099601134607198, 16.78596602883993 ], [ -93.099045248102229, 16.785901047413279 ], [ -93.098767564877619, 16.78586858651736 ], [ -93.098566206549364, 16.785845047685537 ], [ -93.098116805807706, 16.785781499035433 ], [ -93.09790750615997, 16.78574597991441 ], [ -93.097639915898569, 16.785700568276269 ], [ -93.097556181738994, 16.786316667911102 ], [ -93.097080277149601, 16.786245795944087 ] ] ] ] } },
{ "type": "Feature", "properties": { "ID": 95, "ENTIDAD": 7, "MUNICIPIO": 102, "NOMBRE": "TUXTLA GUTIERREZ", "CONTROL": 163, "GEOMETRY1_": null, "ID_2": 1829, "ENTIDAD_2": 7, "DISTRITO_F": 9, "DISTRITO_L": 1, "MUNICIPIO_2": 102, "SECCION": 1946, "TIPO": 2, "CONTROL_2": 2172, "GEOMETRY1__2": null }, "geometry": { "type": "MultiPolygon", "coordinates": [ [ [ [ -93.095791198283223, 16.785894215260068 ], [ -93.095456291682183, 16.785721367946294 ], [ -93.095087077156634, 16.785528574803322 ], [ -93.094996842493941, 16.785472090413521 ], [ -93.094848781127624, 16.785256930446419 ], [ -93.094585258523665, 16.784873982920605 ], [ -93.094358727181955, 16.784544789088276 ], [ -93.094586610160803, 16.784203523695442 ], [ -93.094980259025164, 16.784235876761322 ], [ -93.095232747505875, 16.784256627788288 ], [ -93.09539569824544, 16.784270019896638 ], [ -93.095796150920023, 16.78430293054797 ], [ -93.095809421579517, 16.784117548686794 ], [ -93.096282744911477, 16.784151741666129 ], [ -93.096724654065042, 16.784190976485693 ], [ -93.097208755011465, 16.784188264147303 ], [ -93.096931562699837, 16.784679972005591 ], [ -93.096746622757664, 16.78500803295972 ], [ -93.096144308302712, 16.78607645653414 ], [ -93.095791198283223, 16.785894215260068 ] ] ] ] } },
{ "type": "Feature", "properties": { "ID": 95, "ENTIDAD": 7, "MUNICIPIO": 102, "NOMBRE": "TUXTLA GUTIERREZ", "CONTROL": 163, "GEOMETRY1_": null, "ID_2": 1634, "ENTIDAD_2": 7, "DISTRITO_F": 9, "DISTRITO_L": 13, "MUNICIPIO_2": 102, "SECCION": 1746, "TIPO": 2, "CONTROL_2": 1899, "GEOMETRY1__2": null }, "geometry": { "type": "MultiPolygon", "coordinates": [ [ [ [ -93.122244561960116, 16.701827211822845 ], [ -93.122735330810315, 16.701626078963088 ], [ -93.123304433858465, 16.701458228145466 ], [ -93.1232139953662, 16.701312727694592 ], [ -93.123471769649527, 16.701212998459209 ], [ -93.12794106609249, 16.699465364925071 ], [ -93.132447747009735, 16.700483870939351 ], [ -93.132425220924304, 16.700558226509752 ], [ -93.132393349458923, 16.700634540782794 ], [ -93.132386445254014, 16.70067246294737 ], [ -93.132365802090433, 16.700736476101842 ], [ -93.132333302915853, 16.700816237834058 ], [ -93.132305197315432, 16.700871867276366 ], [ -93.13229449239725, 16.700955350920434 ], [ -93.132283194555939, 16.701017405364443 ], [ -93.132269386073588, 16.701093249683602 ], [ -93.132248115167641, 16.701160710293308 ], [ -93.132213767646604, 16.70122593774358 ], [ -93.132160764067748, 16.701270205910724 ], [ -93.132089662559935, 16.701339820647338 ], [ -93.131991117669543, 16.701436740621705 ], [ -93.131951853047937, 16.701454917770928 ], [ -93.131924409700844, 16.701482223024449 ], [ -93.131846473286075, 16.701540006489665 ], [ -93.131819029911838, 16.701567311729274 ], [ -93.131754170053043, 16.701627328341424 ], [ -93.131734816732774, 16.701659569827783 ], [ -93.131704723370078, 16.701800171587958 ], [ -93.13169656364667, 16.701844988660763 ], [ -93.131694576174368, 16.701929961061154 ], [ -93.131688229817897, 16.702014189064162 ], [ -93.131681290604973, 16.702076987867358 ], [ -93.131661239907714, 16.702162430144455 ], [ -93.131616849229403, 16.702282816962033 ], [ -93.131585639669282, 16.70233080697011 ], [ -93.13156938979067, 16.702370687771516 ], [ -93.131544980121703, 16.702455385636249 ], [ -93.131523708813745, 16.702522846165575 ], [ -93.131499264261521, 16.702632420688698 ], [ -93.131519106028335, 16.70269623841871 ], [ -93.131542051353918, 16.702767695478705 ], [ -93.131558196761645, 16.70280244467364 ], [ -93.13156300915935, 16.702924124926991 ], [ -93.131543586001442, 16.703006119720264 ], [ -93.131517955727404, 16.703072835846204 ], [ -93.131481759429533, 16.703123528902108 ], [ -93.131440576524597, 16.703176925015924 ], [ -93.13137571600717, 16.703236941504787 ], [ -93.131324594729435, 16.703270867057213 ], [ -93.131281563571406, 16.703309728872686 ], [ -93.131222944924545, 16.70336014732214 ], [ -93.131201708287676, 16.703402731150828 ], [ -93.131159862671851, 16.703484451336408 ], [ -93.131131721454949, 16.703564957272928 ], [ -93.131102324839773, 16.703652358134875 ], [ -93.131094687900841, 16.703768357699811 ], [ -93.131088306330213, 16.70387746233374 ], [ -93.131063896262333, 16.703962160132168 ], [ -93.131035754936718, 16.704042666052782 ], [ -93.131000151113255, 16.70411478821886 ], [ -93.130977031270703, 16.70416771441548 ], [ -93.130945193555348, 16.704219151785772 ], [ -93.130912100437271, 16.704277484079171 ], [ -93.130869661740604, 16.70433777500433 ], [ -93.13084716953, 16.704387253721841 ], [ -93.130827153157682, 16.704447819242457 ], [ -93.130807764468372, 16.704504937297195 ], [ -93.130762187206699, 16.704582465518016 ], [ -93.130726548239039, 16.704679464295069 ], [ -93.130702800555994, 16.704735837922648 ], [ -93.130674693917072, 16.704791467129795 ], [ -93.130668974727413, 16.704872247618827 ], [ -93.1306533171946, 16.704933557538038 ], [ -93.130622037055275, 16.705031300712449 ], [ -93.130620049085437, 16.705116273079888 ], [ -93.130610598614339, 16.705192861683436 ], [ -93.130598079545408, 16.705236934282318 ], [ -93.130567427032091, 16.705331229983326 ], [ -93.130540540707941, 16.705404840903196 ], [ -93.130534228708996, 16.705464192188263 ], [ -93.130507342353866, 16.705537803103184 ], [ -93.130471773033435, 16.70558504851288 ], [ -93.130439934950175, 16.70563648580098 ], [ -93.130370016648726, 16.705748958324591 ], [ -93.130366039960265, 16.70578192478461 ], [ -93.130361193756244, 16.70582209945098 ], [ -93.130311222043829, 16.705923759799838 ], [ -93.130261912990619, 16.705997096016922 ], [ -93.130202665548154, 16.706050961633455 ], [ -93.130165247936532, 16.706083672716304 ], [ -93.130119705064786, 16.706136324130899 ], [ -93.130098467880288, 16.706178907838879 ], [ -93.130061642912722, 16.706233048098859 ], [ -93.129972475204667, 16.706303131832673 ], [ -93.129923828687737, 16.706348143850335 ], [ -93.129873961763337, 16.706375174120573 ], [ -93.129812865996897, 16.706414505349439 ], [ -93.129715607880968, 16.70647965264147 ], [ -93.12965513977116, 16.706515536363895 ], [ -93.129615873890771, 16.706533713069657 ], [ -93.129556661194002, 16.706562701844071 ], [ -93.129503690634181, 16.706582092665652 ], [ -93.129433284149414, 16.706598505701439 ], [ -93.129371595609683, 16.706616407602557 ], [ -93.129300561371522, 16.706636268052218 ], [ -93.129256308723313, 16.706657147702479 ], [ -93.129220774024432, 16.706679516238868 ], [ -93.129116645659977, 16.706757708635863 ], [ -93.129035602751713, 16.706807851667435 ], [ -93.129025558996418, 16.706863010992503 ], [ -93.128238980048124, 16.710137606857401 ], [ -93.127966667290181, 16.711271241773328 ], [ -93.126611031675864, 16.714178257962484 ], [ -93.126597306368978, 16.71420239382654 ], [ -93.126564991330923, 16.714182707777322 ], [ -93.126513313774154, 16.714150738029542 ], [ -93.126443189843641, 16.714122335260573 ], [ -93.1263841398534, 16.714101037115633 ], [ -93.126313961510164, 16.714092718055944 ], [ -93.12621807906568, 16.714067359334368 ], [ -93.126129506483394, 16.714038967721052 ], [ -93.126019070817364, 16.713966150843348 ], [ -93.125984194927213, 16.713930066988777 ], [ -93.125898623854198, 16.713841531985036 ], [ -93.125743552156635, 16.713686486009728 ], [ -93.12563363842942, 16.71356331049471 ], [ -93.125525252154105, 16.713474931828088 ], [ -93.12543042312484, 16.713411193346776 ], [ -93.125358159720932, 16.713343091410547 ], [ -93.125319763627601, 16.713297442526137 ], [ -93.12528136755256, 16.713251793634175 ], [ -93.125224147013569, 16.713179332803875 ], [ -93.125162389214267, 16.713070626955567 ], [ -93.125115691228601, 16.712983660623618 ], [ -93.125075016234447, 16.712903940186418 ], [ -93.125041860277719, 16.712818415553368 ], [ -93.125006091562199, 16.712685819402544 ], [ -93.124979303220172, 16.712527863983556 ], [ -93.124976132210961, 16.712416691020557 ], [ -93.124977363322103, 16.712350658751781 ], [ -93.124159636390331, 16.712210417678623 ], [ -93.123299838588366, 16.712062490830355 ], [ -93.1224720672204, 16.711920070479501 ], [ -93.121659768762427, 16.711780308852727 ], [ -93.120801521668525, 16.711632637747378 ], [ -93.120376713772046, 16.711559543346663 ], [ -93.119963828728416, 16.711488499555589 ], [ -93.119141186413017, 16.711347109854685 ], [ -93.118309644582396, 16.711204188204601 ], [ -93.11748488126976, 16.711062428096056 ], [ -93.116701387457908, 16.710927758132577 ], [ -93.115841345194511, 16.710765556943251 ], [ -93.114914329329707, 16.710585122545623 ], [ -93.114068860299497, 16.710406874202299 ], [ -93.113154194607532, 16.710220729030922 ], [ -93.112409214467846, 16.710064972250336 ], [ -93.111600914349012, 16.709898130890924 ], [ -93.110910540774412, 16.709755628031708 ], [ -93.111448841208627, 16.708792943276791 ], [ -93.110537722249305, 16.70856563682764 ], [ -93.110698678914289, 16.708186597157383 ], [ -93.111002585618252, 16.707525637032518 ], [ -93.11105839018181, 16.707547206182028 ], [ -93.111750499282181, 16.707805575949322 ], [ -93.111840033284437, 16.707831612561836 ], [ -93.111891292992311, 16.707575279905686 ], [ -93.111834264635036, 16.707375407578294 ], [ -93.111779728915792, 16.707253407714571 ], [ -93.111734557290617, 16.707186213245897 ], [ -93.111679134060765, 16.707128909432441 ], [ -93.111580619524901, 16.707053835624261 ], [ -93.111517005399335, 16.707022237521983 ], [ -93.111407467807936, 16.706990689517664 ], [ -93.111439341320235, 16.706903374312294 ], [ -93.111492789591452, 16.706756956410374 ], [ -93.111517951499337, 16.706585926721878 ], [ -93.111578052746722, 16.706177407281665 ], [ -93.111659838761128, 16.706172490253966 ], [ -93.113857004207659, 16.705320118199566 ], [ -93.114008506874754, 16.705255990452649 ], [ -93.118489909431744, 16.703349677625503 ], [ -93.118560130672577, 16.703332786734173 ], [ -93.118613467786858, 16.703308537475309 ], [ -93.121438432580646, 16.702175914311077 ], [ -93.121542761128794, 16.702114829621777 ], [ -93.122244561960116, 16.701827211822845 ] ] ] ] } },
{ "type": "Feature", "properties": { "ID": 95, "ENTIDAD": 7, "MUNICIPIO": 102, "NOMBRE": "TUXTLA GUTIERREZ", "CONTROL": 163, "GEOMETRY1_": null, "ID_2": 1635, "ENTIDAD_2": 7, "DISTRITO_F": 9, "DISTRITO_L": 13, "MUNICIPIO_2": 102, "SECCION": 1747, "TIPO": 3, "CONTROL_2": 1897, "GEOMETRY1__2": null }, "geometry": { "type": "MultiPolygon", "coordinates": [ [ [ [ -93.086015702492787, 16.691358916334032 ], [ -93.086185249447951, 16.690860926493961 ], [ -93.086296928906251, 16.690238921834943 ], [ -93.086236359832782, 16.689534884435808 ], [ -93.086291523527052, 16.689078876377263 ], [ -93.086289206966683, 16.688581713998268 ], [ -93.086286311292184, 16.687960260990877 ], [ -93.086283222604422, 16.687297377741618 ], [ -93.086279747869895, 16.686551634035293 ], [ -93.086390845403088, 16.685805338449491 ], [ -93.086560193463924, 16.685265917850167 ], [ -93.086614003461449, 16.684519898026139 ], [ -93.086725677952984, 16.683897892778283 ], [ -93.086835999664942, 16.682985875895817 ], [ -93.086948638447993, 16.682571021556004 ], [ -93.086948638447993, 16.682571021555972 ], [ -93.086948638447993, 16.682571021555912 ], [ -93.08660164484975, 16.68186836393118 ], [ -93.086139891334042, 16.681124827173633 ], [ -93.085850187829038, 16.680421892305777 ], [ -93.085618542286895, 16.679884402219592 ], [ -93.085386898045158, 16.679346911840376 ], [ -93.085155833448511, 16.678933711889346 ], [ -93.08498205379513, 16.678520236138315 ], [ -93.084635652743941, 16.677941865612571 ], [ -93.08440420622432, 16.67744580425747 ], [ -93.084231199857754, 16.677198048799511 ], [ -93.084057231232194, 16.676743141936278 ], [ -93.083941509294931, 16.676495110936109 ], [ -93.083652590666006, 16.675957893631228 ], [ -93.083478816954766, 16.675544416473159 ], [ -93.083077835486222, 16.675546341851028 ], [ -93.082734137075207, 16.675547991557238 ], [ -93.08233296341767, 16.675508485234612 ], [ -93.08210383118147, 16.675509584278007 ], [ -93.081645182659685, 16.675428921083324 ], [ -93.08135838355868, 16.675347433373567 ], [ -93.081127908153206, 16.675058519499295 ], [ -93.081094236909124, 16.675015107285724 ], [ -93.080839766909577, 16.674687019213852 ], [ -93.080666384002015, 16.674356400148056 ], [ -93.080320962092983, 16.673985173429259 ], [ -93.080177180465739, 16.673861568156646 ], [ -93.080033399023065, 16.673737962781885 ], [ -93.079573797725772, 16.673450143606505 ], [ -93.079114772209351, 16.673286614220714 ], [ -93.078655747468773, 16.67312308381209 ], [ -93.077737891487928, 16.672837450204749 ], [ -93.077336724462782, 16.672797934168443 ], [ -93.077049931083536, 16.672716440449129 ], [ -93.077105494000037, 16.672343294585268 ], [ -93.077276193958099, 16.672093892793466 ], [ -93.077503410975339, 16.671678496279068 ], [ -93.077616827973401, 16.671429367639476 ], [ -93.07790209002728, 16.671179418318161 ], [ -93.078186777543763, 16.670805177744576 ], [ -93.078757680355409, 16.670388137694111 ], [ -93.079100220853732, 16.670137912905911 ], [ -93.079500233400495, 16.669928843841888 ], [ -93.079785682390053, 16.66972032219876 ], [ -93.080186076706738, 16.669594112384377 ], [ -93.080471907962988, 16.669468450369379 ], [ -93.08087230130063, 16.669342239230232 ], [ -93.081330167237624, 16.669257183105344 ], [ -93.081673470415708, 16.669172675205576 ], [ -93.081959876288295, 16.669171301997654 ], [ -93.083563749064197, 16.669163604718499 ], [ -93.083907051077432, 16.669079093122981 ], [ -93.084249775088125, 16.668870290113624 ], [ -93.084535217338782, 16.668661761936921 ], [ -93.084877747222308, 16.668411527604079 ], [ -93.085793084846372, 16.668158536101622 ], [ -93.086377839015285, 16.668234973865708 ], [ -93.086710157888845, 16.668278413086536 ], [ -93.087134910013958, 16.668304286876349 ], [ -93.087340440949447, 16.668316806484953 ], [ -93.087913830043931, 16.66843833485267 ], [ -93.100584272292096, 16.658723458735274 ], [ -93.100871289565916, 16.658804808680827 ], [ -93.101330494936903, 16.659009720478601 ], [ -93.10201940299973, 16.659337801392958 ], [ -93.102421529054411, 16.659584421235461 ], [ -93.102709099465201, 16.659831601120239 ], [ -93.102766770859461, 16.65991418127258 ], [ -93.10316850583672, 16.660077939082189 ], [ -93.103455291226354, 16.660159396798836 ], [ -93.104200501318687, 16.660280038389594 ], [ -93.104715810536575, 16.660236080149403 ], [ -93.105116365605923, 16.660151252520414 ], [ -93.105574001580877, 16.660024712659894 ], [ -93.106087929075954, 16.659690739095311 ], [ -93.106775071062842, 16.659645931672358 ], [ -93.107120122920264, 16.659934254144385 ], [ -93.10746478072862, 16.660139715489812 ], [ -93.107809834500074, 16.660428036789099 ], [ -93.108211970182353, 16.660674645319659 ], [ -93.108785547160224, 16.660837546357616 ], [ -93.109473682422433, 16.660999881288326 ], [ -93.109936206204537, 16.66125711384025 ], [ -93.109990576965131, 16.661287352019308 ], [ -93.110565346505936, 16.661698829647481 ], [ -93.110967686642766, 16.661986863020608 ], [ -93.111369631210152, 16.662192035093025 ], [ -93.1118292526684, 16.662479783960791 ], [ -93.112059758782237, 16.662768663877458 ], [ -93.112462500624332, 16.66313955478617 ], [ -93.112979802810258, 16.66350987843138 ], [ -93.113266597381369, 16.663591322494202 ], [ -93.113667951077943, 16.663672199319084 ], [ -93.113954149341879, 16.663629351703531 ], [ -93.114296432784073, 16.663337638647945 ], [ -93.114237561407506, 16.663006480312461 ], [ -93.114178690237054, 16.662675321948356 ], [ -93.114119222342637, 16.662219872818319 ], [ -93.11400287376334, 16.661847567677608 ], [ -93.113943207616259, 16.661350688206596 ], [ -93.113941218258645, 16.660936385698534 ], [ -93.113938433182327, 16.66035636215932 ], [ -93.114050602611584, 16.659858632062864 ], [ -93.113934852411617, 16.659610617560876 ], [ -93.113761625458196, 16.659321456189485 ], [ -93.113416564836285, 16.659033144806038 ], [ -93.112956750569055, 16.658703969063048 ], [ -93.112783724582357, 16.658456237099475 ], [ -93.112725983130119, 16.658359849656048 ], [ -93.112610500399612, 16.658167074717213 ], [ -93.112574772422676, 16.658135086475262 ], [ -93.112380396198745, 16.657961055790548 ], [ -93.112206974515033, 16.657630462782418 ], [ -93.11209063245407, 16.657258156364158 ], [ -93.112146718754659, 16.657009291742355 ], [ -93.112318352576352, 16.6569670123904 ], [ -93.112326499736355, 16.656968654232053 ], [ -93.112719692068225, 16.657047891189514 ], [ -93.113121429391057, 16.657211629746275 ], [ -93.113351334679066, 16.657376217598959 ], [ -93.113581041509804, 16.657499374925489 ], [ -93.11386842409874, 16.657705109052383 ], [ -93.114099126457106, 16.658035417114366 ], [ -93.114329630596359, 16.658324294643055 ], [ -93.114617612437854, 16.658654318481897 ], [ -93.114675885822692, 16.658861186078713 ], [ -93.115079022800117, 16.659314932576038 ], [ -93.115366808171999, 16.659603525071692 ], [ -93.115770147658949, 16.660098700424051 ], [ -93.116115213695878, 16.660387007827069 ], [ -93.11645988181273, 16.660592454147238 ], [ -93.117033864568953, 16.660838192817032 ], [ -93.11760764905695, 16.661042499640082 ], [ -93.117837163190316, 16.661124221921384 ], [ -93.118066677516865, 16.661205943946701 ], [ -93.118468228098493, 16.661328241755179 ], [ -93.11898613690721, 16.661822841146886 ], [ -93.119389490334896, 16.662318009262979 ], [ -93.119562528280866, 16.662565735545908 ], [ -93.119692670017926, 16.662752049815044 ], [ -93.119793246236455, 16.66289603701804 ], [ -93.119912750039305, 16.663152069655748 ], [ -93.119966885933607, 16.663268053628823 ], [ -93.120197805716458, 16.663639784844943 ], [ -93.120315569549788, 16.664302097928406 ], [ -93.120490213305004, 16.664881265141364 ], [ -93.12072233847725, 16.665501577005593 ], [ -93.121010342024931, 16.665831591596838 ], [ -93.121412906874312, 16.666161034642176 ], [ -93.122159957480491, 16.666654483287996 ], [ -93.122734768884953, 16.6670659266935 ], [ -93.123023380935095, 16.667520229012901 ], [ -93.123424746797596, 16.667601086835312 ], [ -93.123883594682965, 16.667723087820747 ], [ -93.124571565729511, 16.667843942085813 ], [ -93.125316818303077, 16.667964507405234 ], [ -93.125890028128424, 16.668044500377423 ], [ -93.126176834800603, 16.668125926461563 ], [ -93.126521124119733, 16.668248495351076 ], [ -93.126865615607599, 16.668412493855378 ], [ -93.127324467554573, 16.668534487185045 ], [ -93.127324467554587, 16.668534487185042 ], [ -93.127324467554601, 16.668534487185045 ], [ -93.127725231520643, 16.668491046078003 ], [ -93.128068310500879, 16.668365031252925 ], [ -93.12841037869859, 16.668031864919541 ], [ -93.128752243574453, 16.667657267829846 ], [ -93.129494665762735, 16.667197795469168 ], [ -93.130181221202406, 16.667028619788404 ], [ -93.130484872604001, 16.666843524755809 ], [ -93.130523890912031, 16.666819740532876 ], [ -93.130866559875642, 16.666610860711916 ], [ -93.131151745248616, 16.666360838416814 ], [ -93.131493399092278, 16.66594480661394 ], [ -93.131720897140866, 16.665612211508986 ], [ -93.131720897140909, 16.665612211508943 ], [ -93.132022226080295, 16.666014455006188 ], [ -93.132481814225997, 16.666344029376795 ], [ -93.13294093802881, 16.666549580385659 ], [ -93.133515271578844, 16.666920204821807 ], [ -93.13397362021098, 16.66691904966417 ], [ -93.134604939194517, 16.667206845043136 ], [ -93.135293242176544, 16.667411812131352 ], [ -93.136267391422066, 16.667450688599015 ], [ -93.136783347242442, 16.667532063640291 ], [ -93.137528009713478, 16.667488833473421 ], [ -93.138502472716795, 16.667610380943973 ], [ -93.138961762470132, 16.6678572592755 ], [ -93.139365169666789, 16.668476349300015 ], [ -93.140170266372223, 16.669259778626433 ], [ -93.140170736961338, 16.669383800863987 ], [ -93.140916975968437, 16.669753965916463 ], [ -93.141548628810384, 16.670124421396849 ], [ -93.142467858676113, 16.670783526193514 ], [ -93.143328224462678, 16.671029366578644 ], [ -93.143900383843388, 16.670821191600435 ], [ -93.144472857555911, 16.670695696508123 ], [ -93.144645530704437, 16.670901957975168 ], [ -93.144647740310532, 16.671480728160883 ], [ -93.144591234497227, 16.671687579202764 ], [ -93.144421085205721, 16.672142769321191 ], [ -93.144250619622241, 16.672515277840084 ], [ -93.144080626520008, 16.673011808376074 ], [ -93.143853337041008, 16.673508485967886 ], [ -93.143568435530028, 16.673922628992145 ], [ -93.143456838308296, 16.674708396854601 ], [ -93.143401118151502, 16.675121951100998 ], [ -93.143345712884752, 16.67561818674406 ], [ -93.143405530218317, 16.676279491052163 ], [ -93.143521698900599, 16.676692603937944 ], [ -93.143696268154073, 16.677394954516824 ], [ -93.144384143719336, 16.677475868744565 ], [ -93.145130422204446, 16.677846018026482 ], [ -93.145532289961324, 16.678051688157161 ], [ -93.14599303686127, 16.678670616650191 ], [ -93.146050650201573, 16.678753150222271 ], [ -93.146110794219837, 16.679497134850202 ], [ -93.146169831468868, 16.679951734586165 ], [ -93.1462295017798, 16.680571697029059 ], [ -93.146402818675952, 16.680943319488691 ], [ -93.14663264266072, 16.681108090388229 ], [ -93.146749296183145, 16.681645223236355 ], [ -93.146750720963823, 16.682017289354736 ], [ -93.146696114004726, 16.682720228895057 ], [ -93.146812135416241, 16.68309199891743 ], [ -93.147157984740986, 16.683628539106799 ], [ -93.147791756210637, 16.684536403286753 ], [ -93.147792231831417, 16.684660425285269 ], [ -93.147793341618311, 16.684949809942619 ], [ -93.1477954026699, 16.685487238570342 ], [ -93.147682072695744, 16.685818260481966 ], [ -93.147397161467879, 16.686232408359054 ], [ -93.147112090617725, 16.6866052151776 ], [ -93.146884634879768, 16.687060554850209 ], [ -93.146600194983591, 16.687598723580575 ], [ -93.146431619281657, 16.688467321271677 ], [ -93.146261776299838, 16.689005193551523 ], [ -93.14620669114754, 16.689584110568219 ], [ -93.146093672456246, 16.689997812817804 ], [ -93.145867317349811, 16.690742535801348 ], [ -93.145811284034693, 16.691073405269677 ], [ -93.146211912247566, 16.690948351932224 ], [ -93.146726668536999, 16.690698976350159 ], [ -93.147069997051219, 16.690574065897628 ], [ -93.147469833226552, 16.690242303421229 ], [ -93.147755542896633, 16.690034858782909 ], [ -93.14838441935774, 16.689661160482636 ], [ -93.148612985658758, 16.689495203796255 ], [ -93.148612509469842, 16.689371181861969 ], [ -93.149127258390081, 16.689121800330959 ], [ -93.14958550058715, 16.689079269579555 ], [ -93.150043265464831, 16.688912715886186 ], [ -93.150673566304178, 16.688911076443084 ], [ -93.151246885632446, 16.688992265655106 ], [ -93.151976093525363, 16.689356618607114 ], [ -93.152208354775354, 16.689580130602494 ], [ -93.152493330839661, 16.68976293393046 ], [ -93.152599025601177, 16.690017040849717 ], [ -93.153358908919728, 16.690433342325907 ], [ -93.153358714291585, 16.69018932506944 ], [ -93.153221451516075, 16.690036915840675 ], [ -93.153126297130925, 16.689772634056769 ], [ -93.153147258072153, 16.689599772879248 ], [ -93.153210408014345, 16.689416713083084 ], [ -93.153284212477161, 16.689365821481321 ], [ -93.153326352851039, 16.689294618523668 ], [ -93.153400181569694, 16.689274229040731 ], [ -93.153579835972764, 16.689670624134742 ], [ -93.155669115410731, 16.690309609124565 ], [ -93.156639662196795, 16.690319044338786 ], [ -93.157409696816629, 16.69023712106944 ], [ -93.157673313262734, 16.690094576971276 ], [ -93.158242842598796, 16.689931464122949 ], [ -93.15841269313907, 16.689820963660779 ], [ -93.158657091725502, 16.689623171680427 ], [ -93.159318526766469, 16.689513776016227 ], [ -93.159643940821667, 16.68927536094597 ], [ -93.160151573170737, 16.689096270199943 ], [ -93.161153386726454, 16.688658294949938 ], [ -93.161638600408779, 16.688596912313209 ], [ -93.162379792747117, 16.688334126613853 ], [ -93.162637089695281, 16.688160481957095 ], [ -93.162457298000319, 16.688971345647072 ], [ -93.162429753882805, 16.689373700621186 ], [ -93.162419841397195, 16.689696097006752 ], [ -93.162404858755949, 16.690019005143338 ], [ -93.162367402152796, 16.690707874014759 ], [ -93.162337436870317, 16.692501791699502 ], [ -93.163416187040099, 16.694697524025571 ], [ -93.163528556849457, 16.69507782804099 ], [ -93.163948070804366, 16.696103927550716 ], [ -93.163903122880654, 16.696434000347171 ], [ -93.163805579869333, 16.696933853936891 ], [ -93.163753296468172, 16.697201776167535 ], [ -93.163551030811334, 16.697754285829649 ], [ -93.163551030811334, 16.697976724333298 ], [ -93.163595978735074, 16.698278092215297 ], [ -93.163625944017582, 16.698579459621786 ], [ -93.163843192315682, 16.699462032862737 ], [ -93.163918105521901, 16.700667492162363 ], [ -93.163895631560024, 16.701083660868019 ], [ -93.163925596842532, 16.701370673239811 ], [ -93.163978036086903, 16.701794015701989 ], [ -93.163993018728121, 16.702145604487093 ], [ -93.163798244391913, 16.702798553379267 ], [ -93.163625944017568, 16.703580654055198 ], [ -93.163933088163148, 16.704563656783012 ], [ -93.164057359689636, 16.70527781879596 ], [ -93.164292671553056, 16.706127840470121 ], [ -93.16482455531731, 16.70744805892944 ], [ -93.164974381729792, 16.707806812367952 ], [ -93.165116716821643, 16.708201440371425 ], [ -93.165206612669124, 16.70839516654733 ], [ -93.165423860967209, 16.708725218097822 ], [ -93.16577595303653, 16.709342269465672 ], [ -93.165963236052121, 16.709657969394083 ], [ -93.166150519067685, 16.709830169134989 ], [ -93.166412715289511, 16.710131518307616 ], [ -93.166614980946349, 16.710346767425403 ], [ -93.167131882069356, 16.710927938830658 ], [ -93.167266725840605, 16.711293860659328 ], [ -93.167611326589281, 16.711810454987603 ], [ -93.167791118284242, 16.712090276331576 ], [ -93.167993383941081, 16.712449021044147 ], [ -93.168090771109178, 16.712714491697255 ], [ -93.167963418658587, 16.713446327801499 ], [ -93.16794843601734, 16.713769195778656 ], [ -93.167978401299848, 16.714142286983044 ], [ -93.167978380749489, 16.714409251207368 ], [ -93.167856706038862, 16.714353896403704 ], [ -93.167257735904712, 16.714082479542611 ], [ -93.166889332932399, 16.714180946109817 ], [ -93.165861231614215, 16.714189151654843 ], [ -93.16528787353171, 16.714490252441138 ], [ -93.164781725230156, 16.715017909879268 ], [ -93.164415069263541, 16.715655617193669 ], [ -93.164295280530553, 16.715928739254107 ], [ -93.16414772941728, 16.716084623087188 ], [ -93.16365081378018, 16.716166677702311 ], [ -93.162879737791556, 16.71618308862114 ], [ -93.162362336265176, 16.716116367169263 ], [ -93.162048885843745, 16.716103858647369 ], [ -93.158953562932297, 16.716804334612782 ], [ -93.157379395739412, 16.717856994921831 ], [ -93.15713816257491, 16.718230295595188 ], [ -93.156809165086798, 16.718530028249745 ], [ -93.156042864025807, 16.718841638825818 ], [ -93.15596048349434, 16.719399580861303 ], [ -93.14892030980586, 16.71957229404202 ], [ -93.146566656973889, 16.720178918253747 ], [ -93.14244994259424, 16.720961146060294 ], [ -93.142308978, 16.720987930000042 ], [ -93.142172910966465, 16.721013782402746 ], [ -93.139034888433955, 16.72215018321798 ], [ -93.137544524629973, 16.722982975493544 ], [ -93.135348590852843, 16.724799250701388 ], [ -93.134094243651106, 16.726539275848133 ], [ -93.132760562317216, 16.7270694610745 ], [ -93.131819502521466, 16.727977476064826 ], [ -93.13134917640258, 16.7287339525924 ], [ -93.130486627883982, 16.729717529212692 ], [ -93.129873382019284, 16.730918701502514 ], [ -93.128914482513096, 16.729343813777156 ], [ -93.121607984820358, 16.726379948673721 ], [ -93.120546642701086, 16.725993076128528 ], [ -93.118719123441196, 16.725326905879641 ], [ -93.117768168967288, 16.724980254171854 ], [ -93.117629153063575, 16.724929578190849 ], [ -93.117446426822681, 16.724897767184324 ], [ -93.115609335959462, 16.724510898179595 ], [ -93.112320038234984, 16.72374917530793 ], [ -93.112161514163049, 16.723723716333811 ], [ -93.112133782932887, 16.723562053606599 ], [ -93.112124110873083, 16.723505669039039 ], [ -93.112066476038308, 16.72316967833758 ], [ -93.111286897465092, 16.723111520617334 ], [ -93.108794336784342, 16.72282339858943 ], [ -93.108093560067104, 16.722996057628098 ], [ -93.107974730738619, 16.722977826352416 ], [ -93.107894250589666, 16.72296199293552 ], [ -93.106132932223645, 16.722649784923412 ], [ -93.104792719738313, 16.722412210599298 ], [ -93.102462352518558, 16.722144383260154 ], [ -93.102120702908877, 16.722192594080934 ], [ -93.10223916651627, 16.722991594210274 ], [ -93.101834930398113, 16.723077102569569 ], [ -93.101480845226007, 16.723134149264673 ], [ -93.100849355939218, 16.723165738296508 ], [ -93.100834788963553, 16.723240315362386 ], [ -93.100554717713976, 16.723222943545025 ], [ -93.100343032002655, 16.723094007820198 ], [ -93.09899934954052, 16.722242746722294 ], [ -93.097815197941998, 16.721732250677256 ], [ -93.090667490634999, 16.717831920862906 ], [ -93.090836929058383, 16.717128731966937 ], [ -93.090891310255259, 16.71630178618393 ], [ -93.090775229982171, 16.715888644781973 ], [ -93.090543656125845, 16.715227724386793 ], [ -93.090368952994965, 16.714442649212263 ], [ -93.090310182717033, 16.714029374983525 ], [ -93.090193374011832, 16.713409529789036 ], [ -93.090191180786348, 16.712789419677001 ], [ -93.089155268609943, 16.71155158029698 ], [ -93.088694624342153, 16.710932526585054 ], [ -93.088748867254481, 16.710064240144646 ], [ -93.088976196128669, 16.709526282983425 ], [ -93.08903189697422, 16.709071403290292 ], [ -93.08920279376504, 16.708781622086704 ], [ -93.089487425868171, 16.708243532161305 ], [ -93.089715188847507, 16.70782959620281 ], [ -93.090227871290452, 16.70696025038399 ], [ -93.090340873939525, 16.706505237812959 ], [ -93.090453291027472, 16.705884862353759 ], [ -93.090450950920413, 16.705223411091279 ], [ -93.090181298673059, 16.704798451428903 ], [ -93.089817526317603, 16.704356712567225 ], [ -93.089695150950618, 16.703047664268976 ], [ -93.08996755338012, 16.701890150052499 ], [ -93.089966986839968, 16.700680145330587 ], [ -93.089747921492588, 16.699154581828811 ], [ -93.089583839376587, 16.698470736915265 ], [ -93.088982401762209, 16.696366639135128 ], [ -93.088272167027341, 16.695051719765257 ], [ -93.087452769572479, 16.693736843903963 ], [ -93.086742816182266, 16.693000617295606 ], [ -93.086196578516322, 16.692159102137467 ], [ -93.085787902024634, 16.691650030856191 ], [ -93.086015702492787, 16.691358916334032 ] ], [ [ -93.107616094839358, 16.711531802615795 ], [ -93.107112652006251, 16.713825062030686 ], [ -93.108717143190219, 16.714136905986919 ], [ -93.108730721292886, 16.714212488307243 ], [ -93.108782463910359, 16.714261227862224 ], [ -93.11375169730519, 16.718390144870423 ], [ -93.114976981520513, 16.719382945765492 ], [ -93.115087263937355, 16.71947230251806 ], [ -93.116986488866644, 16.719785118915869 ], [ -93.11703359372477, 16.719792877199403 ], [ -93.117080698586648, 16.719800635472176 ], [ -93.117417961444588, 16.719856183062795 ], [ -93.121641699646204, 16.720231663984524 ], [ -93.124456650913331, 16.719145996371068 ], [ -93.125450128783825, 16.716796894734685 ], [ -93.125490647904783, 16.716701085005578 ], [ -93.126376357011864, 16.714606750396566 ], [ -93.126581032998942, 16.714232175577415 ], [ -93.126597306368978, 16.71420239382654 ], [ -93.126611031675864, 16.714178257962484 ], [ -93.127966667290181, 16.711271241773328 ], [ -93.128238980048124, 16.710137606857401 ], [ -93.129025558996418, 16.706863010992503 ], [ -93.129035602751713, 16.706807851667435 ], [ -93.129116645659977, 16.706757708635863 ], [ -93.129220774024432, 16.706679516238868 ], [ -93.129256308723313, 16.706657147702479 ], [ -93.129300561371522, 16.706636268052218 ], [ -93.129371595609683, 16.706616407602557 ], [ -93.129433284149414, 16.706598505701439 ], [ -93.129503690634181, 16.706582092665652 ], [ -93.129556661194002, 16.706562701844071 ], [ -93.129615873890771, 16.706533713069657 ], [ -93.12965513977116, 16.706515536363895 ], [ -93.129715607880968, 16.70647965264147 ], [ -93.129812865996897, 16.706414505349439 ], [ -93.129873961763337, 16.706375174120573 ], [ -93.129923828687737, 16.706348143850335 ], [ -93.129972475204667, 16.706303131832673 ], [ -93.130061642912722, 16.706233048098859 ], [ -93.130098467880288, 16.706178907838879 ], [ -93.130119705064786, 16.706136324130899 ], [ -93.130165247936532, 16.706083672716304 ], [ -93.130202665548154, 16.706050961633455 ], [ -93.130261912990619, 16.705997096016922 ], [ -93.130311222043829, 16.705923759799838 ], [ -93.130361193756244, 16.70582209945098 ], [ -93.130366039960265, 16.70578192478461 ], [ -93.130370016648726, 16.705748958324591 ], [ -93.130439934950175, 16.70563648580098 ], [ -93.130471773033435, 16.70558504851288 ], [ -93.130507342353866, 16.705537803103184 ], [ -93.130534228708996, 16.705464192188263 ], [ -93.130540540707941, 16.705404840903196 ], [ -93.130567427032091, 16.705331229983326 ], [ -93.130598079545408, 16.705236934282318 ], [ -93.130610598614339, 16.705192861683436 ], [ -93.130620049085437, 16.705116273079888 ], [ -93.130622037055275, 16.705031300712449 ], [ -93.1306533171946, 16.704933557538038 ], [ -93.130668974727413, 16.704872247618827 ], [ -93.130674693917072, 16.704791467129795 ], [ -93.130702800555994, 16.704735837922648 ], [ -93.130726548239039, 16.704679464295069 ], [ -93.130762187206699, 16.704582465518016 ], [ -93.130807764468372, 16.704504937297195 ], [ -93.130827153157682, 16.704447819242457 ], [ -93.13084716953, 16.704387253721841 ], [ -93.130869661740604, 16.70433777500433 ], [ -93.130912100437271, 16.704277484079171 ], [ -93.130945193555348, 16.704219151785772 ], [ -93.130977031270703, 16.70416771441548 ], [ -93.131000151113255, 16.70411478821886 ], [ -93.131035754936718, 16.704042666052782 ], [ -93.131063896262333, 16.703962160132168 ], [ -93.131088306330213, 16.70387746233374 ], [ -93.131094687900841, 16.703768357699811 ], [ -93.131102324839773, 16.703652358134875 ], [ -93.131131721454949, 16.703564957272928 ], [ -93.131159862671851, 16.703484451336408 ], [ -93.131201708287676, 16.703402731150828 ], [ -93.131222944924545, 16.70336014732214 ], [ -93.131281563571406, 16.703309728872686 ], [ -93.131324594729435, 16.703270867057213 ], [ -93.13137571600717, 16.703236941504787 ], [ -93.131440576524597, 16.703176925015924 ], [ -93.131481759429533, 16.703123528902108 ], [ -93.131517955727404, 16.703072835846204 ], [ -93.131543586001442, 16.703006119720264 ], [ -93.13156300915935, 16.702924124926991 ], [ -93.131558196761645, 16.70280244467364 ], [ -93.131542051353918, 16.702767695478705 ], [ -93.131519106028335, 16.70269623841871 ], [ -93.131499264261521, 16.702632420688698 ], [ -93.131523708813745, 16.702522846165575 ], [ -93.131544980121703, 16.702455385636249 ], [ -93.13156938979067, 16.702370687771516 ], [ -93.131585639669282, 16.70233080697011 ], [ -93.131616849229403, 16.702282816962033 ], [ -93.131661239907714, 16.702162430144455 ], [ -93.131681290604973, 16.702076987867358 ], [ -93.131688229817897, 16.702014189064162 ], [ -93.131694576174368, 16.701929961061154 ], [ -93.13169656364667, 16.701844988660763 ], [ -93.131704723370078, 16.701800171587958 ], [ -93.131734816732774, 16.701659569827783 ], [ -93.131754170053043, 16.701627328341424 ], [ -93.131819029911838, 16.701567311729274 ], [ -93.131846473286075, 16.701540006489665 ], [ -93.131924409700844, 16.701482223024449 ], [ -93.131951853047937, 16.701454917770928 ], [ -93.131991117669543, 16.701436740621705 ], [ -93.132089662559935, 16.701339820647338 ], [ -93.132160764067748, 16.701270205910724 ], [ -93.132213767646604, 16.70122593774358 ], [ -93.132248115167641, 16.701160710293308 ], [ -93.132269386073588, 16.701093249683602 ], [ -93.132283194555939, 16.701017405364443 ], [ -93.13229449239725, 16.700955350920434 ], [ -93.132305197315432, 16.700871867276366 ], [ -93.132333302915853, 16.700816237834058 ], [ -93.132365802090433, 16.700736476101842 ], [ -93.132386445254014, 16.70067246294737 ], [ -93.132393349458923, 16.700634540782794 ], [ -93.132425220924304, 16.700558226509752 ], [ -93.132447747009735, 16.700483870939351 ], [ -93.12794106609249, 16.699465364925071 ], [ -93.123471769649527, 16.701212998459209 ], [ -93.1232139953662, 16.701312727694592 ], [ -93.123304433858465, 16.701458228145466 ], [ -93.122735330810315, 16.701626078963088 ], [ -93.122244561960116, 16.701827211822845 ], [ -93.121542761128794, 16.702114829621777 ], [ -93.121438432580646, 16.702175914311077 ], [ -93.118613467786858, 16.703308537475309 ], [ -93.118560130672577, 16.703332786734173 ], [ -93.118489909431744, 16.703349677625503 ], [ -93.114008506874754, 16.705255990452649 ], [ -93.113857004207659, 16.705320118199566 ], [ -93.111659838761128, 16.706172490253966 ], [ -93.111578052746722, 16.706177407281665 ], [ -93.111517951499337, 16.706585926721878 ], [ -93.111492789591452, 16.706756956410374 ], [ -93.111439341320235, 16.706903374312294 ], [ -93.111407467807936, 16.706990689517664 ], [ -93.111517005399335, 16.707022237521983 ], [ -93.111580619524901, 16.707053835624261 ], [ -93.111679134060765, 16.707128909432441 ], [ -93.111734557290617, 16.707186213245897 ], [ -93.111779728915792, 16.707253407714571 ], [ -93.111834264635036, 16.707375407578294 ], [ -93.111891292992311, 16.707575279905686 ], [ -93.111840033284437, 16.707831612561836 ], [ -93.111750499282181, 16.707805575949322 ], [ -93.11105839018181, 16.707547206182028 ], [ -93.111002585618252, 16.707525637032518 ], [ -93.110698678914289, 16.708186597157383 ], [ -93.109985717879027, 16.707955386855797 ], [ -93.109951644130973, 16.708005475959908 ], [ -93.109384720079348, 16.70876719017329 ], [ -93.107416562512356, 16.71141153042441 ], [ -93.107419438901829, 16.711458032045815 ], [ -93.107616094839358, 16.711531802615795 ] ] ] ] } },
{ "type": "Feature", "properties": { "ID": 95, "ENTIDAD": 7, "MUNICIPIO": 102, "NOMBRE": "TUXTLA GUTIERREZ", "CONTROL": 163, "GEOMETRY1_": null, "ID_2": 1636, "ENTIDAD_2": 7, "DISTRITO_F": 9, "DISTRITO_L": 13, "MUNICIPIO_2": 102, "SECCION": 1748, "TIPO": 3, "CONTROL_2": 1896, "GEOMETRY1__2": null }, "geometry": { "type": "MultiPolygon", "coordinates": [ [ [ [ -93.13211962540791, 16.665154460035929 ], [ -93.132175890888206, 16.664947020534537 ], [ -93.132401966182982, 16.664324413313558 ], [ -93.132457419420774, 16.663951252944038 ], [ -93.132512263641487, 16.663453801957825 ], [ -93.13262418379415, 16.662914632072876 ], [ -93.132850255301307, 16.662292024268357 ], [ -93.133302393972542, 16.661046807839181 ], [ -93.133302393969117, 16.661046807140416 ], [ -93.133302393972031, 16.661046807132362 ], [ -93.133299753700797, 16.660508215133561 ], [ -93.133353985508663, 16.659886473188241 ], [ -93.133522163686678, 16.659139862734591 ], [ -93.133691559637086, 16.658641833382148 ], [ -93.133861767566927, 16.658309524731422 ], [ -93.134089455851168, 16.658018357091468 ], [ -93.134544830359573, 16.65743602105174 ], [ -93.13500162629397, 16.657143695514424 ], [ -93.135401347038382, 16.656893088622333 ], [ -93.136029972163797, 16.656599892476301 ], [ -93.13626313293318, 16.656506540580903 ], [ -93.136658799172423, 16.656348124645323 ], [ -93.136887092480293, 16.656181244572362 ], [ -93.137401158906215, 16.655888623920063 ], [ -93.137629655038353, 16.655763173246029 ], [ -93.137972296632128, 16.655554281657032 ], [ -93.138430103798015, 16.655469099658994 ], [ -93.138659824168755, 16.655592229133646 ], [ -93.139349191418887, 16.656003046218153 ], [ -93.139410760875634, 16.656872790049054 ], [ -93.139529812937255, 16.657783673425882 ], [ -93.139936073585261, 16.658858824218708 ], [ -93.140284242184208, 16.659768544093776 ], [ -93.140691330056939, 16.661009413882415 ], [ -93.141041349077412, 16.662292003866209 ], [ -93.141447013279446, 16.663242860569305 ], [ -93.141677806464926, 16.663573190445813 ], [ -93.142186807242581, 16.663955209122012 ], [ -93.142370539354673, 16.664171356017601 ], [ -93.142400755383164, 16.66420690282072 ], [ -93.143058013375025, 16.664684759148479 ], [ -93.144205044271771, 16.664968935941101 ], [ -93.145524740858846, 16.66541795032159 ], [ -93.146439776820742, 16.665123261354736 ], [ -93.147293201806491, 16.663958827857659 ], [ -93.147687353049506, 16.662589583171854 ], [ -93.147792218803929, 16.660641779757487 ], [ -93.147792218784843, 16.660641779395 ], [ -93.147792218803389, 16.66064177905066 ], [ -93.147728960637536, 16.659440597556777 ], [ -93.148175162540809, 16.658017543636827 ], [ -93.148236417271846, 16.657822184661601 ], [ -93.148690303530486, 16.656949806617035 ], [ -93.149261011502261, 16.656532573063878 ], [ -93.150401592972713, 16.655532380530875 ], [ -93.15102915600275, 16.655031988181964 ], [ -93.152056202081951, 16.654239524909144 ], [ -93.152798931095759, 16.653862829691281 ], [ -93.153540412618497, 16.653237550735202 ], [ -93.153643350818896, 16.653124719530368 ], [ -93.153996131862556, 16.652738032632993 ], [ -93.154452263989143, 16.652321373891589 ], [ -93.155022114759959, 16.651738403778467 ], [ -93.155182521021402, 16.651601631709671 ], [ -93.155706513220849, 16.651154842087578 ], [ -93.156161805966306, 16.650572458844309 ], [ -93.156386954946427, 16.649784104602837 ], [ -93.156667920425505, 16.64870544346492 ], [ -93.156723103168289, 16.648290929746317 ], [ -93.156723114282826, 16.64829084625768 ], [ -93.157005324704642, 16.647460765718709 ], [ -93.157686577549242, 16.64625574446919 ], [ -93.158198293145929, 16.64550734027036 ], [ -93.158768321069758, 16.644965789952494 ], [ -93.159395202026218, 16.644341081652563 ], [ -93.160021661339357, 16.643633511052542 ], [ -93.160648951758631, 16.643091659364071 ], [ -93.160991441177501, 16.642862014785212 ], [ -93.161333929777967, 16.642632369643145 ], [ -93.162018904523919, 16.642173077669671 ], [ -93.163389472718393, 16.641378777570157 ], [ -93.164243948975525, 16.640462854639416 ], [ -93.164348136585261, 16.640226989303986 ], [ -93.164895132205416, 16.638988661851521 ], [ -93.165038416922044, 16.639008633092573 ], [ -93.165611346098231, 16.639047086860788 ], [ -93.166069941684157, 16.639127564978214 ], [ -93.166528327468242, 16.639166611877386 ], [ -93.167215801312565, 16.639204465225355 ], [ -93.167674187486753, 16.639243509590003 ], [ -93.168304600361182, 16.639323087807441 ], [ -93.16899228575906, 16.63940236545605 ], [ -93.169049768497743, 16.639443496984065 ], [ -93.16945109433199, 16.639524266271199 ], [ -93.169852631385268, 16.639646464967971 ], [ -93.170254379917367, 16.63981009306908 ], [ -93.17027796973791, 16.63981423226809 ], [ -93.170712979156491, 16.639890560887785 ], [ -93.171171789943173, 16.640012457872743 ], [ -93.171573329072586, 16.640134653215341 ], [ -93.172204169148472, 16.640297079900691 ], [ -93.172776891866249, 16.640294083658166 ], [ -93.17329255391472, 16.640332815864923 ], [ -93.173922337200565, 16.640288086432399 ], [ -93.174151426251171, 16.640286886228701 ], [ -93.174781209161509, 16.640242154193132 ], [ -93.175238963020178, 16.640156891296702 ], [ -93.175753352178702, 16.63994703636811 ], [ -93.176039500724798, 16.639904103383344 ], [ -93.176439344169097, 16.639694847936394 ], [ -93.176725492179216, 16.639651914009836 ], [ -93.177125971701429, 16.639566947751359 ], [ -93.177412119359531, 16.639524012880994 ], [ -93.177583722871262, 16.639481679703408 ], [ -93.177869870294657, 16.639438744203797 ], [ -93.177878848890359, 16.639436839248532 ], [ -93.178270348848343, 16.639353775744642 ], [ -93.178613342331033, 16.639227677670114 ], [ -93.178841791581746, 16.639102181809925 ], [ -93.179356386856725, 16.638933748159094 ], [ -93.179756437650553, 16.638765916519695 ], [ -93.180156487741741, 16.638598084113234 ], [ -93.180442206925136, 16.638472284758954 ], [ -93.180670440866436, 16.638305356735813 ], [ -93.181184605741294, 16.638054058253623 ], [ -93.181584866495413, 16.637927653270022 ], [ -93.182156727657784, 16.637758910577748 ], [ -93.182785645566923, 16.637548433710233 ], [ -93.183242748048187, 16.637338862765134 ], [ -93.183528463317856, 16.63721305918574 ], [ -93.183757334678077, 16.637170418259533 ], [ -93.184158447682577, 16.637209728959832 ], [ -93.184445232230075, 16.637291074896215 ], [ -93.184962173050067, 16.637578359089311 ], [ -93.185135058105587, 16.637784600594561 ], [ -93.185538315172977, 16.638238210085909 ], [ -93.18576890171046, 16.638527008100645 ], [ -93.186007614589158, 16.638766247976761 ], [ -93.186056760712376, 16.638815502488843 ], [ -93.18628713430121, 16.639062869756202 ], [ -93.186574994878626, 16.639351363394976 ], [ -93.186976971207002, 16.639556389137599 ], [ -93.187320817768494, 16.639595997272785 ], [ -93.187721507017415, 16.639552440751782 ], [ -93.188236954851178, 16.639549705689639 ], [ -93.188580371812421, 16.639506451472425 ], [ -93.188981275562327, 16.639504322654567 ], [ -93.189153736555241, 16.639627700455002 ], [ -93.189269785977103, 16.639917102880098 ], [ -93.189156316994129, 16.64012486199195 ], [ -93.189100119977013, 16.640332316840627 ], [ -93.188987725586969, 16.640747226483551 ], [ -93.188874470800172, 16.640996415557314 ], [ -93.188874470800172, 16.6409964155574 ], [ -93.188874470800172, 16.6409964155574 ], [ -93.188875223232131, 16.641141420992103 ], [ -93.18887597566642, 16.641286426424863 ], [ -93.188934323130511, 16.641493272882148 ], [ -93.189107430983867, 16.641740941043043 ], [ -93.189165563792329, 16.641906357302506 ], [ -93.189510275438963, 16.642111682228524 ], [ -93.189798360571615, 16.64244160133218 ], [ -93.190143719619485, 16.64277121552032 ], [ -93.190603195177147, 16.643017359659989 ], [ -93.190891068111, 16.643305847075734 ], [ -93.191121022323884, 16.643470348537075 ], [ -93.191523227578557, 16.64371679536038 ], [ -93.191580716351439, 16.64375792057076 ], [ -93.191868807484354, 16.64408783668566 ], [ -93.192041921444755, 16.644335502273709 ], [ -93.192214604431385, 16.644500307507993 ], [ -93.192445208473288, 16.644789097750884 ], [ -93.19261832380819, 16.645036762827051 ], [ -93.192791439589712, 16.645284427748226 ], [ -93.193135729285174, 16.645406886295916 ], [ -93.193479803426982, 16.645487914174939 ], [ -93.193937993165846, 16.645485470214442 ], [ -93.194338044490635, 16.645317610563211 ], [ -93.194680605257233, 16.645108625826524 ], [ -93.194965891740466, 16.644899946376114 ], [ -93.195214034139951, 16.644718436146274 ], [ -93.195251177604376, 16.644691266535624 ], [ -93.195422781624487, 16.644648918621396 ], [ -93.19553624642549, 16.644441156216608 ], [ -93.195821098022847, 16.644149615418762 ], [ -93.195992268391734, 16.644024406859788 ], [ -93.19622157804713, 16.644064612338621 ], [ -93.196394264321029, 16.644229414063773 ], [ -93.196567384179616, 16.6444770758104 ], [ -93.196740721168013, 16.644766167485521 ], [ -93.196971332253327, 16.645054952616 ], [ -93.19714423682899, 16.645261183765502 ], [ -93.197489179703979, 16.645507925297071 ], [ -93.197833689615649, 16.645671806087755 ], [ -93.198178091609975, 16.645814971260275 ], [ -93.19852249411035, 16.645958135853725 ], [ -93.198810166073159, 16.646205181958333 ], [ -93.198982856472512, 16.646369981450828 ], [ -93.19886939429567, 16.646577745674097 ], [ -93.198584109637139, 16.646786430439391 ], [ -93.198127435905349, 16.647078895183331 ], [ -93.197985335277224, 16.647286812281585 ], [ -93.197843234344063, 16.647494729281551 ], [ -93.197786719262709, 16.6476400411571 ], [ -93.197730204097255, 16.647785353016054 ], [ -93.197730204097255, 16.647785353016115 ], [ -93.197730204097255, 16.64778535301615 ], [ -93.197788996916074, 16.648075056867455 ], [ -93.197963423816773, 16.64857129769058 ], [ -93.198022000265354, 16.648819571384639 ], [ -93.198252618171352, 16.649108354905515 ], [ -93.198539643281265, 16.649231111084308 ], [ -93.198941435608461, 16.649394683046872 ], [ -93.199228352956894, 16.649496723231788 ], [ -93.19951527060509, 16.649598763015661 ], [ -93.200031831831467, 16.649803148641769 ], [ -93.200605016571004, 16.649882935411117 ], [ -93.201177331146241, 16.649797000398607 ], [ -93.201463488235746, 16.649754032301992 ], [ -93.201978527098674, 16.649668402727158 ], [ -93.202435636824546, 16.649458789667268 ], [ -93.202836124784099, 16.649373773775213 ], [ -93.203122935063689, 16.649455093529909 ], [ -93.203352906949789, 16.649619581146535 ], [ -93.203239665737144, 16.649868777705347 ], [ -93.202897760091588, 16.650202066593035 ], [ -93.202440867055927, 16.650453110711734 ], [ -93.202155580635264, 16.650661800330607 ], [ -93.201928440153637, 16.651035901951776 ], [ -93.201816503067263, 16.651533677967187 ], [ -93.201816503067278, 16.651533677967212 ], [ -93.201816503067263, 16.651533677967279 ], [ -93.20198985434304, 16.651822764906054 ], [ -93.202105930496984, 16.652112159528365 ], [ -93.202279282734494, 16.652401246198789 ], [ -93.202684136641935, 16.653144831196105 ], [ -93.202715479397199, 16.653211911190759 ], [ -93.202857926746816, 16.653516777390728 ], [ -93.203086907601005, 16.65389862533857 ], [ -93.203204636562745, 16.654094949184863 ], [ -93.203550039378797, 16.654424540216464 ], [ -93.204067490934023, 16.654794635586224 ], [ -93.204527449534652, 16.655123608134897 ], [ -93.204871545635854, 16.655204616803353 ], [ -93.205386815999347, 16.655160408679567 ], [ -93.205901430042516, 16.654991909244309 ], [ -93.206244432642947, 16.654865765578563 ], [ -93.206701112156239, 16.654573283116878 ], [ -93.207157571319968, 16.654239369646866 ], [ -93.207300433470081, 16.65417645149277 ], [ -93.207443295525948, 16.654113533241013 ], [ -93.20784269529419, 16.653821357590342 ], [ -93.208300246682356, 16.653694591669645 ], [ -93.208472951885966, 16.653859382978837 ], [ -93.20841896415773, 16.654481142659037 ], [ -93.208192927411233, 16.655062400934337 ], [ -93.208137623455357, 16.655435580475004 ], [ -93.207797031216657, 16.656017457280999 ], [ -93.207683792119312, 16.656266656090274 ], [ -93.207628705925302, 16.656681265465654 ], [ -93.207631553812021, 16.657219855434477 ], [ -93.207690364525902, 16.657509556019953 ], [ -93.207692117198391, 16.657840995975736 ], [ -93.207866359510561, 16.658295797633272 ], [ -93.208211339424381, 16.658542520615534 ], [ -93.208670875414171, 16.658788623701465 ], [ -93.2090726961287, 16.658952175569965 ], [ -93.209875900461554, 16.659196416978812 ], [ -93.210507053755023, 16.659400155876263 ], [ -93.210850720368484, 16.65939829452163 ], [ -93.211079171980018, 16.659272763374194 ], [ -93.211479016554733, 16.659063440759002 ], [ -93.211993635468488, 16.658894926210554 ], [ -93.21233796139984, 16.659017352321548 ], [ -93.212511555347305, 16.659347859974339 ], [ -93.212685149895606, 16.659678367464327 ], [ -93.212801026722431, 16.65992632567902 ], [ -93.213031680067942, 16.66021509206028 ], [ -93.213377110592376, 16.660544666213962 ], [ -93.213434388688057, 16.660544355231043 ], [ -93.213721219943963, 16.660625660002292 ], [ -93.214293339562914, 16.66049825862865 ], [ -93.214864796496698, 16.660246565807512 ], [ -93.215436251921673, 16.659994871422612 ], [ -93.215836313990081, 16.659826970414105 ], [ -93.216292990348293, 16.659534467000221 ], [ -93.216579379247179, 16.65953290791721 ], [ -93.216695260968919, 16.659780863901556 ], [ -93.216354687229767, 16.660362754310633 ], [ -93.216070285159915, 16.660737182677941 ], [ -93.215672429551446, 16.661319383668342 ], [ -93.215331187811813, 16.661776982526295 ], [ -93.215047885097832, 16.662358559236967 ], [ -93.214935755106666, 16.662814911532852 ], [ -93.214823845236126, 16.663312693700902 ], [ -93.214823845236126, 16.663312693700988 ], [ -93.214823845236126, 16.663312693700991 ], [ -93.214824948434995, 16.663519843432585 ], [ -93.214826051639008, 16.663726993160015 ], [ -93.214713258508809, 16.664059055459354 ], [ -93.214542524014334, 16.664267139178328 ], [ -93.214315171495684, 16.664599823843112 ], [ -93.214258994813463, 16.664807284799199 ], [ -93.214375759022104, 16.66522096171629 ], [ -93.214492082589274, 16.665551778667727 ], [ -93.214721862780877, 16.665674823154003 ], [ -93.215066202563094, 16.665797244493046 ], [ -93.215409218127732, 16.665671085645315 ], [ -93.215752233236913, 16.665544926233608 ], [ -93.215866350633533, 16.66546144303668 ], [ -93.215980467930876, 16.665377959777487 ], [ -93.216494215545609, 16.665043714273409 ], [ -93.21706634632028, 16.664916305169211 ], [ -93.217239069110178, 16.66508108879524 ], [ -93.217527457284035, 16.665452397672365 ], [ -93.217757017974293, 16.66553400884623 ], [ -93.218044301118368, 16.665698167340576 ], [ -93.218503423702799, 16.665861388270336 ], [ -93.218732542302533, 16.665860138504883 ], [ -93.219018718992061, 16.665817146020274 ], [ -93.219248280730014, 16.665898755527117 ], [ -93.219249801609436, 16.6661830941331 ], [ -93.219249831941852, 16.666188764966126 ], [ -93.219194546516817, 16.666561946844144 ], [ -93.219024479395429, 16.666894323925941 ], [ -93.218854411692504, 16.667226700864415 ], [ -93.218854411692504, 16.667226700864507 ], [ -93.218854411692504, 16.667226700864507 ], [ -93.218854740065638, 16.667288114622963 ], [ -93.218855076257654, 16.667350990613379 ], [ -93.218685007867293, 16.667683367406564 ], [ -93.218743838557288, 16.667973064334163 ], [ -93.218917451694793, 16.668303566113764 ], [ -93.219204518368016, 16.668426292984648 ], [ -93.21972026375461, 16.668464908740138 ], [ -93.220408072473603, 16.668544014350502 ], [ -93.220695806201007, 16.668791028849682 ], [ -93.220640744814162, 16.6692056408973 ], [ -93.220470677927864, 16.669538019079205 ], [ -93.219899422856486, 16.669831157270885 ], [ -93.219613905510855, 16.66999844073224 ], [ -93.219271328361486, 16.670207466351485 ], [ -93.218929415114346, 16.670540781118639 ], [ -93.218530441007871, 16.670915837670471 ], [ -93.218188525220015, 16.671249151222426 ], [ -93.21773248812984, 16.671665948483913 ], [ -93.217148530983948, 16.672093138674754 ], [ -93.217104825702705, 16.67212511085717 ], [ -93.217020639038154, 16.672217438431108 ], [ -93.216763126387221, 16.672499851975157 ], [ -93.216307525233674, 16.672999505925738 ], [ -93.215794860669462, 16.673540900475782 ], [ -93.21550999670518, 16.673832468035044 ], [ -93.215341241676569, 16.6744134214151 ], [ -93.215515517453255, 16.674868215534961 ], [ -93.215862525140196, 16.675487793990936 ], [ -93.216552568155933, 16.675981210981718 ], [ -93.217526152246165, 16.675934476410966 ], [ -93.218271490987433, 16.676054706452451 ], [ -93.219074113343083, 16.676174621204233 ], [ -93.219820340971864, 16.676460565156209 ], [ -93.22056790235527, 16.676995085615602 ], [ -93.221258406846971, 16.677571346386397 ], [ -93.222346921296676, 16.678290655174653 ], [ -93.223033449154158, 16.678582113402051 ], [ -93.223376153745122, 16.678955518032854 ], [ -93.22394794130571, 16.679329483544425 ], [ -93.224291258838761, 16.679454512390929 ], [ -93.224520137438475, 16.679537864635286 ], [ -93.224920218691878, 16.679870011092188 ], [ -93.225320605574197, 16.680077969658743 ], [ -93.225663925311295, 16.680202996193671 ], [ -93.226121786888697, 16.680328301650125 ], [ -93.226637223184937, 16.680329558604917 ], [ -93.227094883601865, 16.680537653279583 ], [ -93.22755274686871, 16.680662955547263 ], [ -93.228869773829686, 16.680748947458923 ], [ -93.229269865026694, 16.681081085351359 ], [ -93.229440672493965, 16.681495458684552 ], [ -93.229440471441677, 16.681578249350217 ], [ -93.229440471444221, 16.681578249350284 ], [ -93.229440471442516, 16.681578250055043 ], [ -93.231158503100758, 16.681623802922015 ], [ -93.231501929357464, 16.681707424002692 ], [ -93.231845355849046, 16.681791044495665 ], [ -93.231792944955913, 16.682442160681884 ], [ -93.231676345607355, 16.682618208037365 ], [ -93.231537860844526, 16.682808353147678 ], [ -93.231489557376008, 16.682855017724886 ], [ -93.23139930809576, 16.682942204841268 ], [ -93.231195023264817, 16.683055019814674 ], [ -93.231034474952651, 16.683111492396776 ], [ -93.230669646472165, 16.683319853478153 ], [ -93.23044349547223, 16.683428801277756 ], [ -93.22995450582863, 16.683563041697376 ], [ -93.229589561030963, 16.683640850070891 ], [ -93.229049439827577, 16.683754035022385 ], [ -93.2285967932457, 16.683754535212977 ], [ -93.22819525191008, 16.683754978102275 ], [ -93.227786409810349, 16.683755428244162 ], [ -93.22742868128212, 16.683762858123039 ], [ -93.226903076902857, 16.683805654785981 ], [ -93.226530821296535, 16.683876429120325 ], [ -93.22596152754447, 16.684017784660359 ], [ -93.225465265363823, 16.684180169165383 ], [ -93.225282927437604, 16.684335174508014 ], [ -93.22510789823302, 16.684497208422105 ], [ -93.224753518804803, 16.684971916143741 ], [ -93.224489773235618, 16.685914716206817 ], [ -93.224328393705363, 16.687289390482942 ], [ -93.224248687697894, 16.688821061631767 ], [ -93.224248687709306, 16.688821062132771 ], [ -93.224248687698733, 16.688821062335968 ], [ -93.224269323745574, 16.689726843820281 ], [ -93.224270160073829, 16.689763552684525 ], [ -93.224372896975893, 16.690509597896693 ], [ -93.224663821364729, 16.691004887782405 ], [ -93.22494927754073, 16.691378148950747 ], [ -93.225234329195857, 16.691916992299234 ], [ -93.225462310866064, 16.69237290404963 ], [ -93.225633627127451, 16.692580301826222 ], [ -93.225919087547922, 16.692953561548876 ], [ -93.226490315128899, 16.693575892811172 ], [ -93.226718807198466, 16.693824824851426 ], [ -93.227461561901478, 16.694571758697307 ], [ -93.228548376076319, 16.695153941559596 ], [ -93.229063751470704, 16.695196587610038 ], [ -93.230037127386368, 16.695323132890707 ], [ -93.230208250547292, 16.695613317976832 ], [ -93.230551099953232, 16.695945313950382 ], [ -93.231696006650381, 16.696196453491876 ], [ -93.232268660857017, 16.696239229636745 ], [ -93.232613012045604, 16.695950287872009 ], [ -93.23272816142476, 16.695702189891286 ], [ -93.232900585695049, 16.695454229653588 ], [ -93.233130683434723, 16.695040824539326 ], [ -93.233474831931659, 16.694834672590869 ], [ -93.233876254621549, 16.694628657617582 ], [ -93.234105951315129, 16.694380833908262 ], [ -93.23422139624752, 16.694008548230634 ], [ -93.234279963929509, 16.693470542568292 ], [ -93.234452085957471, 16.693346767907244 ], [ -93.234681184165083, 16.693347317300386 ], [ -93.235196059567471, 16.693596926237962 ], [ -93.235424761225104, 16.693763057285224 ], [ -93.235882562163482, 16.693929736126371 ], [ -93.236627034580877, 16.693972911167716 ], [ -93.237200177202325, 16.693808695669794 ], [ -93.238117755649512, 16.693314132146675 ], [ -93.238518677363899, 16.693315086317817 ], [ -93.238574867994217, 16.693770573899982 ], [ -93.238516805033058, 16.69410160226569 ], [ -93.238287114422008, 16.694349430800433 ], [ -93.236105420346192, 16.69653820682036 ], [ -93.235416923914372, 16.697033310052294 ], [ -93.234900350626489, 16.697487427200084 ], [ -93.234096997344423, 16.69810643838796 ], [ -93.233924273734019, 16.698478586384145 ], [ -93.233866101851163, 16.698851009305635 ], [ -93.233866101954789, 16.698851009350864 ], [ -93.233866101852016, 16.698851010008752 ], [ -93.234152184407847, 16.698975884224364 ], [ -93.234954051622125, 16.698977806853456 ], [ -93.235067909165807, 16.69926785045746 ], [ -93.23518156856278, 16.699640685180693 ], [ -93.235467256388844, 16.699931139924772 ], [ -93.236154079327989, 16.700139761637317 ], [ -93.236783528198046, 16.700389639937232 ], [ -93.237413472506816, 16.700432538352558 ], [ -93.237757724579026, 16.700184983734871 ], [ -93.238445831875524, 16.699855455154044 ], [ -93.238846176484032, 16.700104782037631 ], [ -93.239017120363528, 16.700477750651835 ], [ -93.239416975344341, 16.700934054302099 ], [ -93.239760243097663, 16.701100452200972 ], [ -93.240848601177049, 16.701061635497627 ], [ -93.241363798917348, 16.701187041804026 ], [ -93.241477569555443, 16.701518477252169 ], [ -93.241648324059383, 16.701974234568034 ], [ -93.241589481242443, 16.70263642778739 ], [ -93.241187756583287, 16.702966644385366 ], [ -93.240384303113203, 16.703627075263132 ], [ -93.239981494077995, 16.704412640790867 ], [ -93.239923725175316, 16.704619482810202 ], [ -93.239751007236535, 16.704991635367318 ], [ -93.239691763999957, 16.705819410766907 ], [ -93.2395761263585, 16.706274490148452 ], [ -93.2393466194643, 16.706439528617224 ], [ -93.238371407830471, 16.707058148175616 ], [ -93.238084620278443, 16.70722304900713 ], [ -93.237626094750198, 16.707346144612252 ], [ -93.237281928576209, 16.707552303445713 ], [ -93.236880581679884, 16.707716929505917 ], [ -93.236307100495964, 16.708005331116098 ], [ -93.236019418316943, 16.708542789154439 ], [ -93.235961346780016, 16.708873816731398 ], [ -93.235674257067743, 16.709162900927655 ], [ -93.235387563210352, 16.709286402496922 ], [ -93.234814571588231, 16.7093678222178 ], [ -93.234413616296408, 16.709366861297152 ], [ -93.233611407006038, 16.709489123808066 ], [ -93.231146992815169, 16.710062732336624 ], [ -93.230285192437506, 16.711136941739426 ], [ -93.230285192547882, 16.711136942304929 ], [ -93.230285192438345, 16.711136942441449 ], [ -93.230341770468016, 16.711426849830122 ], [ -93.23142898928225, 16.711884828650977 ], [ -93.231771870187899, 16.712216821690166 ], [ -93.233030738408445, 16.712757997129625 ], [ -93.23343120284656, 16.712965938383405 ], [ -93.234117374362896, 16.713464334845504 ], [ -93.234574724668065, 16.713837993391955 ], [ -93.234917813014704, 16.714087189959226 ], [ -93.235146737511613, 16.714170529600221 ], [ -93.235603794129418, 16.714668372406233 ], [ -93.235889009962179, 16.715165803521796 ], [ -93.236002779763751, 16.715497241415129 ], [ -93.23594371587069, 16.716242223522951 ], [ -93.235943715906359, 16.716242223785333 ], [ -93.235943715871556, 16.716242224224345 ], [ -93.236000006943755, 16.716656316377222 ], [ -93.236226262475299, 16.717857333586906 ], [ -93.236168089768626, 16.71822975609475 ], [ -93.236168089850977, 16.718229756274418 ], [ -93.236168089769492, 16.718229756796056 ], [ -93.236339045096031, 16.718602726824553 ], [ -93.236338055582365, 16.71901668130786 ], [ -93.236279387900197, 16.719596081764564 ], [ -93.236221016808756, 16.720051295637791 ], [ -93.235875340800945, 16.720878384867682 ], [ -93.235645714288921, 16.721084814770041 ], [ -93.234841471635335, 16.722034992734606 ], [ -93.234554460131434, 16.722282679770743 ], [ -93.234323936129258, 16.722861667779508 ], [ -93.233349421971923, 16.723149099877745 ], [ -93.232316822846713, 16.723767553621268 ], [ -93.231972122246191, 16.724180681265867 ], [ -93.231626520583916, 16.724966367878658 ], [ -93.231626520683889, 16.724966368353897 ], [ -93.231626520584769, 16.724966368579235 ], [ -93.231739789501844, 16.72550478615511 ], [ -93.231738090748067, 16.726208508966877 ], [ -93.23167970706703, 16.726663721427165 ], [ -93.231449969151754, 16.726911542192017 ], [ -93.231048076482381, 16.727283134675577 ], [ -93.230589298141183, 16.727489006087371 ], [ -93.230187803615337, 16.727695014928695 ], [ -93.229671638104534, 16.727942141375216 ], [ -93.229040599817637, 16.728313175566573 ], [ -93.228696286359565, 16.728560715770211 ], [ -93.228063834162228, 16.729511283932816 ], [ -93.208521955378004, 16.736453907750946 ], [ -93.207277528471451, 16.736835946629288 ], [ -93.205282340336652, 16.737313922287058 ], [ -93.203426758442617, 16.738745014027565 ], [ -93.201609385309666, 16.736456993764222 ], [ -93.198667992547996, 16.734950687343051 ], [ -93.198650157584524, 16.734754488219018 ], [ -93.1986162711828, 16.734420974686042 ], [ -93.198543147894966, 16.734092811637456 ], [ -93.198445055679557, 16.73375038063033 ], [ -93.198291675124565, 16.733350877788485 ], [ -93.198084789724817, 16.732897870101905 ], [ -93.197913574221573, 16.732362821653204 ], [ -93.197795863563087, 16.731934782894182 ], [ -93.197749492697625, 16.731628021783596 ], [ -93.197735224739006, 16.731317693683337 ], [ -93.197635349028772, 16.730864685996664 ], [ -93.197505153906533, 16.730295751146208 ], [ -93.197337505392923, 16.729814207542343 ], [ -93.197175207363784, 16.72936476684535 ], [ -93.196959404489888, 16.72887073877769 ], [ -93.19680602393494, 16.728765512582736 ], [ -93.196545633690633, 16.728628183480964 ], [ -93.196288810436499, 16.728548372087239 ], [ -93.196898765681766, 16.727933081078312 ], [ -93.19791892472189, 16.727114456953387 ], [ -93.197794080084108, 16.726319018261233 ], [ -93.195935678475962, 16.726854066708917 ], [ -93.195898225084619, 16.726725655081427 ], [ -93.194048740950578, 16.727159044324047 ], [ -93.194030906002325, 16.727091271520742 ], [ -93.194345692838397, 16.726612849033913 ], [ -93.194549011248498, 16.726234748130913 ], [ -93.194914627687737, 16.725476762830105 ], [ -93.195137564540943, 16.724948848361706 ], [ -93.195403305269949, 16.724360295069278 ], [ -93.195605731932631, 16.723908179131005 ], [ -93.195710958127336, 16.723613902484846 ], [ -93.19580369985826, 16.723273254973158 ], [ -93.195814400827203, 16.723173379262985 ], [ -93.195778730930698, 16.723009297738979 ], [ -93.195725226085941, 16.722839865730535 ], [ -93.195532608644783, 16.72236367261214 ], [ -93.195297187327839, 16.721833974649027 ], [ -93.195245465977905, 16.721541481497585 ], [ -93.195124188329757, 16.720792413670893 ], [ -93.195027879609185, 16.720646167095239 ], [ -93.194781757323256, 16.720448199169546 ], [ -93.194334100122063, 16.72012360311135 ], [ -93.194071926382719, 16.719941686639093 ], [ -93.193804402158889, 16.719745502208312 ], [ -93.193661722572855, 16.719636709024002 ], [ -93.193374579905964, 16.71935670033637 ], [ -93.193235467309577, 16.719230072203722 ], [ -93.193012530456386, 16.719053506216078 ], [ -93.192794944087666, 16.718903692650652 ], [ -93.192133267507415, 16.718436417006433 ], [ -93.191624971482142, 16.718145707349905 ], [ -93.191366364732446, 16.717986976310424 ], [ -93.190997181303572, 16.717790791879604 ], [ -93.190861635696834, 16.71778544139509 ], [ -93.190529905659304, 16.7177818744055 ], [ -93.19033015423885, 16.717753338488251 ], [ -93.190189258147626, 16.717712318107278 ], [ -93.190051929046064, 16.717651679283207 ], [ -93.189816507729091, 16.717548236583344 ], [ -93.189570385443176, 16.717405556997313 ], [ -93.18932426315726, 16.717223640525091 ], [ -93.189017502047278, 16.716984652218489 ], [ -93.188846286544035, 16.716809869725555 ], [ -93.188632267164976, 16.716549479481056 ], [ -93.188457484672028, 16.716340810586505 ], [ -93.188346907992852, 16.716224883422811 ], [ -93.188025878924265, 16.715921689302455 ], [ -93.187881415843407, 16.715818246602581 ], [ -93.187733385772887, 16.715736205840621 ], [ -93.187619242104063, 16.715714803902699 ], [ -93.187492613971443, 16.715696968954507 ], [ -93.187382037292267, 16.715670216532075 ], [ -93.187266110128604, 16.715625629161426 ], [ -93.187036039296103, 16.715499001028792 ], [ -93.186955782028946, 16.715428552983202 ], [ -93.186820236422207, 16.715298357861013 ], [ -93.186729278186107, 16.715168162738678 ], [ -93.186565196662173, 16.714937200158854 ], [ -93.186513475312225, 16.714901530262331 ], [ -93.18644302726662, 16.714889937545948 ], [ -93.186311048649529, 16.714882803566599 ], [ -93.186218306918619, 16.714914014726048 ], [ -93.185825938057008, 16.71506026130179 ], [ -93.185526310926349, 16.71521185836194 ], [ -93.185471022586739, 16.715265363206726 ], [ -93.185419301236806, 16.71536167192723 ], [ -93.183853392780037, 16.714987138013964 ], [ -93.182966995851771, 16.714754391939199 ], [ -93.183025851181, 16.714680376903967 ], [ -93.183113242427453, 16.714575150709251 ], [ -93.183436054990864, 16.71428265755782 ], [ -93.183828423852489, 16.713936659561682 ], [ -93.184167287869329, 16.713658434368927 ], [ -93.184463348010368, 16.713415879072631 ], [ -93.184698769327312, 16.713239313084902 ], [ -93.184862850851246, 16.713078798550651 ], [ -93.184950242097699, 16.712980706335255 ], [ -93.18501088092178, 16.712914717026671 ], [ -93.18538541483511, 16.712665027751118 ], [ -93.185572681791811, 16.71253126563921 ], [ -93.185948999199979, 16.712208453075807 ], [ -93.186352069030548, 16.711871372553819 ], [ -93.186587490347506, 16.711678755112629 ], [ -93.18673641216543, 16.711564611443837 ], [ -93.186870174277345, 16.711462060491371 ], [ -93.186964699503093, 16.711371102255196 ], [ -93.187056549486613, 16.711268551302741 ], [ -93.187150182964942, 16.711163325108025 ], [ -93.187255409159647, 16.710986759120299 ], [ -93.187346367395747, 16.710778090225755 ], [ -93.18759605667131, 16.710218072850537 ], [ -93.187690581897058, 16.709984435028385 ], [ -93.187738736257344, 16.709806085545846 ], [ -93.187788674112468, 16.709524293363458 ], [ -93.187835044977916, 16.709224666232711 ], [ -93.187867147884788, 16.709081986646744 ], [ -93.18790638477094, 16.70892147211239 ], [ -93.188015177955293, 16.708625411971365 ], [ -93.18817569248958, 16.708193806223591 ], [ -93.187517582898977, 16.70779430338267 ], [ -93.186989668430641, 16.707464356839942 ], [ -93.185674900120375, 16.706639958689497 ], [ -93.185805491545096, 16.706467055214034 ], [ -93.187837452268397, 16.703776693509202 ], [ -93.18827555142299, 16.703196627901203 ], [ -93.188413442198097, 16.703014052572101 ], [ -93.193620423222058, 16.696119389045553 ], [ -93.193772723591138, 16.695830059610564 ], [ -93.193986096179017, 16.695675516023471 ], [ -93.194215356373149, 16.695497212125986 ], [ -93.194531407863224, 16.695364338002364 ], [ -93.194787927565301, 16.695241413268676 ], [ -93.195044352566669, 16.695025486349646 ], [ -93.195258144056368, 16.694779917868079 ], [ -93.195483720451378, 16.694514550381871 ], [ -93.19583655462948, 16.694213444491151 ], [ -93.196234621343606, 16.693975615601072 ], [ -93.196554684137936, 16.693753690169526 ], [ -93.197446025183723, 16.693526273096868 ], [ -93.197646628326751, 16.693438026568113 ], [ -93.197323984076561, 16.693143498432185 ], [ -93.197180135208981, 16.6930169945575 ], [ -93.197065046514808, 16.692906293319069 ], [ -93.197030072397254, 16.692837069832247 ], [ -93.196935498918876, 16.692710518863958 ], [ -93.196824506664981, 16.692589919760664 ], [ -93.196746384737949, 16.692489077004794 ], [ -93.196608667769524, 16.69233486417124 ], [ -93.196473016273629, 16.69219252187386 ], [ -93.196246938973346, 16.69196319955935 ], [ -93.196072246549534, 16.69178923375317 ], [ -93.195975663464964, 16.691704238304215 ], [ -93.195757878350392, 16.691552079443351 ], [ -93.195525707724386, 16.691386082577594 ], [ -93.195377791332135, 16.691295199030687 ], [ -93.195293589756602, 16.691271533305375 ], [ -93.195195030506596, 16.691261732446662 ], [ -93.195096499377016, 16.691279634235375 ], [ -93.19498360650114, 16.691307443336079 ], [ -93.194850196538027, 16.691349123051658 ], [ -93.194649069953257, 16.691426484159443 ], [ -93.194316592097096, 16.691551458809389 ], [ -93.19401287136219, 16.69169025733466 ], [ -93.193795357061973, 16.691805229528203 ], [ -93.193616827782378, 16.691896419839171 ], [ -93.193434184135938, 16.691979698779026 ], [ -93.192912907044985, 16.692193892010035 ], [ -93.191619970860785, 16.692725402344923 ], [ -93.189411709577598, 16.693641624970006 ], [ -93.18826241933553, 16.694117577469534 ], [ -93.187802701629167, 16.694307956692317 ], [ -93.186821692157082, 16.694712512876148 ], [ -93.186698566807522, 16.694777923268486 ], [ -93.186628813605878, 16.694833391632223 ], [ -93.186554977113133, 16.694912608844685 ], [ -93.186446263893558, 16.695019560179002 ], [ -93.186280160134459, 16.695227480185928 ], [ -93.185915125922605, 16.69566907324803 ], [ -93.185732612969488, 16.695894816447097 ], [ -93.184785145490608, 16.697031476247691 ], [ -93.182779481338045, 16.699490884566686 ], [ -93.18194268720309, 16.700453302120401 ], [ -93.181827827386442, 16.700580044081132 ], [ -93.181680247012963, 16.700845328283418 ], [ -93.180197096520843, 16.700066991886153 ], [ -93.179100139548623, 16.699482229783374 ], [ -93.177497877359016, 16.698652528903757 ], [ -93.175788823699222, 16.697779373325258 ], [ -93.173870272508609, 16.696807441228707 ], [ -93.1731225799425, 16.696432102447357 ], [ -93.173065602743577, 16.696493631446291 ], [ -93.171674003246878, 16.697996501665475 ], [ -93.17161504, 16.697960301999949 ], [ -93.171016483662044, 16.697590057660662 ], [ -93.170848095114394, 16.697931578095378 ], [ -93.170760343336084, 16.698209063448665 ], [ -93.170755599996738, 16.698391682014424 ], [ -93.170848095114394, 16.698927679363436 ], [ -93.170350044480614, 16.698678654046372 ], [ -93.169878082213415, 16.698474690453473 ], [ -93.169417978294547, 16.698320531923855 ], [ -93.169444066661143, 16.698654937349605 ], [ -93.169640915244941, 16.699696100341683 ], [ -93.169646643739981, 16.69973450335814 ], [ -93.169115697606998, 16.699620403591453 ], [ -93.168677518376214, 16.699562085686114 ], [ -93.168854313361209, 16.700579128700745 ], [ -93.168823678940313, 16.700930383451048 ], [ -93.168383471924457, 16.70078495019083 ], [ -93.167939859308632, 16.700675966759249 ], [ -93.167915974927951, 16.700884733828183 ], [ -93.16783021, 16.701100178999972 ], [ -93.167511968802415, 16.701506322961915 ], [ -93.167129588241608, 16.701968870460579 ], [ -93.166911791363631, 16.702305071291722 ], [ -93.167255945829282, 16.702571476797534 ], [ -93.167639645952519, 16.702853088726506 ], [ -93.167979716015864, 16.702967105759853 ], [ -93.168319786478037, 16.703081122229197 ], [ -93.16863616854836, 16.703229445320034 ], [ -93.168054710757133, 16.703382640331032 ], [ -93.168499685595165, 16.703741459947654 ], [ -93.168811381990679, 16.703960913498495 ], [ -93.168930962736709, 16.704071455015345 ], [ -93.169109299640112, 16.70418427067284 ], [ -93.169312147865227, 16.704303245369065 ], [ -93.169442614246677, 16.704364357865327 ], [ -93.169840031576697, 16.704675409945406 ], [ -93.170282828637255, 16.704991503059844 ], [ -93.170676908112839, 16.705285155458029 ], [ -93.171077567157909, 16.705591533066158 ], [ -93.171426888728021, 16.705890037375646 ], [ -93.171776209613, 16.706186562312723 ], [ -93.171821119303303, 16.706225218831115 ], [ -93.17205361382355, 16.706423783532525 ], [ -93.172907306041481, 16.70704329909471 ], [ -93.173457095711697, 16.707473851579397 ], [ -93.174070388663196, 16.706700281084444 ], [ -93.174948564671254, 16.707295904615464 ], [ -93.174966299821889, 16.707311247239364 ], [ -93.175596755822582, 16.707741388157515 ], [ -93.175656254392493, 16.707775361029512 ], [ -93.176007524795708, 16.708019746349731 ], [ -93.176056725536213, 16.708057006864411 ], [ -93.176333622727, 16.708243309328378 ], [ -93.176391977093687, 16.70828604927971 ], [ -93.176444610444022, 16.708321117950597 ], [ -93.176751256919658, 16.708538105208561 ], [ -93.176790159830858, 16.708563310783202 ], [ -93.177040740346527, 16.708730982564152 ], [ -93.177223828206422, 16.708859072025032 ], [ -93.177326217515855, 16.708930704107033 ], [ -93.177182230385327, 16.709342376891176 ], [ -93.177007447889167, 16.70986672085937 ], [ -93.17683266539953, 16.710391071848566 ], [ -93.176693552803144, 16.710840512544671 ], [ -93.176636480968739, 16.711068799882298 ], [ -93.176611512041177, 16.71136486002332 ], [ -93.17657940913432, 16.711653786185032 ], [ -93.176547306227462, 16.711878506533061 ], [ -93.176500935362, 16.712092525912169 ], [ -93.176429595568976, 16.712263741415395 ], [ -93.176072896603884, 16.712962871386992 ], [ -93.175883846152374, 16.713266065507316 ], [ -93.175579296080173, 16.713711849909551 ], [ -93.175459713610934, 16.713608610626292 ], [ -93.174893273462828, 16.713124707723903 ], [ -93.174707267977141, 16.712953906328476 ], [ -93.174318684109735, 16.712966445664748 ], [ -93.17360480784042, 16.712918201008335 ], [ -93.172912029194066, 16.712845513571413 ], [ -93.172304982178389, 16.712482312010913 ], [ -93.171456935184978, 16.711977408214512 ], [ -93.171234631843745, 16.712256695109957 ], [ -93.170551117611865, 16.713099842235629 ], [ -93.170264277605796, 16.713531545835629 ], [ -93.169981800749497, 16.714121992789984 ], [ -93.169758384754616, 16.714630981956493 ], [ -93.169366366814074, 16.715543083065288 ], [ -93.169290494263691, 16.715722244763658 ], [ -93.169324605171582, 16.71608448635725 ], [ -93.169202534625796, 16.716564898709692 ], [ -93.169154941890127, 16.716679825758913 ], [ -93.1682855454454, 16.715354828358862 ], [ -93.168248567510716, 16.715285769415502 ], [ -93.168210482066769, 16.715212436084023 ], [ -93.168173815399982, 16.715136538837541 ], [ -93.168144290611252, 16.715058205507681 ], [ -93.168110716244499, 16.714970384711307 ], [ -93.168077382911363, 16.714896154135769 ], [ -93.168045950422183, 16.714807820805078 ], [ -93.167978401299848, 16.714608649962578 ], [ -93.16797839102442, 16.714508950585461 ], [ -93.167978380749489, 16.714409251207368 ], [ -93.167978401299848, 16.714142286983044 ], [ -93.16794843601734, 16.713769195778656 ], [ -93.167963418658587, 16.713446327801499 ], [ -93.168090771109178, 16.712714491697255 ], [ -93.167993383941081, 16.712449021044147 ], [ -93.167791118284242, 16.712090276331576 ], [ -93.167611326589281, 16.711810454987603 ], [ -93.167266725840605, 16.711293860659328 ], [ -93.167131882069356, 16.710927938830658 ], [ -93.166614980946349, 16.710346767425403 ], [ -93.166412715289511, 16.710131518307616 ], [ -93.166150519067685, 16.709830169134989 ], [ -93.165963236052121, 16.709657969394083 ], [ -93.16577595303653, 16.709342269465672 ], [ -93.165423860967209, 16.708725218097822 ], [ -93.165206612669124, 16.70839516654733 ], [ -93.165116716821643, 16.708201440371425 ], [ -93.164974381729792, 16.707806812367952 ], [ -93.16482455531731, 16.70744805892944 ], [ -93.164292671553056, 16.706127840470121 ], [ -93.164057359689636, 16.70527781879596 ], [ -93.163933088163148, 16.704563656783012 ], [ -93.163625944017568, 16.703580654055198 ], [ -93.163798244391913, 16.702798553379267 ], [ -93.163993018728121, 16.702145604487093 ], [ -93.163978036086903, 16.701794015701989 ], [ -93.163925596842532, 16.701370673239811 ], [ -93.163895631560024, 16.701083660868019 ], [ -93.163918105521901, 16.700667492162363 ], [ -93.163843192315682, 16.699462032862737 ], [ -93.163625944017582, 16.698579459621786 ], [ -93.163595978735074, 16.698278092215297 ], [ -93.163551030811334, 16.697976724333298 ], [ -93.163551030811334, 16.697754285829649 ], [ -93.163753296468172, 16.697201776167535 ], [ -93.163805579869333, 16.696933853936891 ], [ -93.163903122880654, 16.696434000347171 ], [ -93.163948070804366, 16.696103927550716 ], [ -93.163528556849457, 16.69507782804099 ], [ -93.163416187040099, 16.694697524025571 ], [ -93.162337436870317, 16.692501791699502 ], [ -93.162367402152796, 16.690707874014759 ], [ -93.162404858755949, 16.690019005143338 ], [ -93.162419841397195, 16.689696097006752 ], [ -93.162429753882805, 16.689373700621186 ], [ -93.162457298000319, 16.688971345647072 ], [ -93.162637089695281, 16.688160481957095 ], [ -93.162379792747117, 16.688334126613853 ], [ -93.161638600408779, 16.688596912313209 ], [ -93.161153386726454, 16.688658294949938 ], [ -93.160151573170737, 16.689096270199943 ], [ -93.159643940821667, 16.68927536094597 ], [ -93.159318526766469, 16.689513776016227 ], [ -93.158657091725502, 16.689623171680427 ], [ -93.15841269313907, 16.689820963660779 ], [ -93.158242842598796, 16.689931464122949 ], [ -93.157673313262734, 16.690094576971276 ], [ -93.157409696816629, 16.69023712106944 ], [ -93.156639662196795, 16.690319044338786 ], [ -93.155669115410731, 16.690309609124565 ], [ -93.153579835972764, 16.689670624134742 ], [ -93.153400181569694, 16.689274229040731 ], [ -93.153326352851039, 16.689294618523668 ], [ -93.153284212477161, 16.689365821481321 ], [ -93.153210408014345, 16.689416713083084 ], [ -93.153147258072153, 16.689599772879248 ], [ -93.153126297130925, 16.689772634056769 ], [ -93.153221451516075, 16.690036915840675 ], [ -93.153358714291585, 16.69018932506944 ], [ -93.153358908919728, 16.690433342325907 ], [ -93.152599025601177, 16.690017040849717 ], [ -93.152493330839661, 16.68976293393046 ], [ -93.152208354775354, 16.689580130602494 ], [ -93.151976093525363, 16.689356618607114 ], [ -93.151246885631906, 16.688992264950993 ], [ -93.150673566303652, 16.68891107573889 ], [ -93.150043265464276, 16.688912715182084 ], [ -93.149585500586625, 16.689079268875442 ], [ -93.149127258389541, 16.689121799626761 ], [ -93.148612509469288, 16.689371181157853 ], [ -93.148612985658204, 16.689495203092143 ], [ -93.148384419357214, 16.689661159778616 ], [ -93.147755542896093, 16.690034858078889 ], [ -93.147469833226012, 16.690242302717206 ], [ -93.147069997050693, 16.690574065193616 ], [ -93.146726668536445, 16.690698975646146 ], [ -93.14621191224704, 16.690948351228201 ], [ -93.145811284034693, 16.691073405269677 ], [ -93.145867317349285, 16.690742535097336 ], [ -93.146093672455706, 16.689997812113788 ], [ -93.146206691147, 16.689584109864196 ], [ -93.146261776299298, 16.689005192847326 ], [ -93.146431619281131, 16.688467320567486 ], [ -93.146600194983066, 16.687598722876285 ], [ -93.146884634879243, 16.687060554145834 ], [ -93.147112090617199, 16.686605214473222 ], [ -93.147397161467325, 16.686232407654675 ], [ -93.147682072695204, 16.685818259777498 ], [ -93.147795402669374, 16.685487237865875 ], [ -93.147793341617756, 16.684949809238059 ], [ -93.147792231830877, 16.684660424580709 ], [ -93.147791756210097, 16.684536402582197 ], [ -93.14715798474046, 16.68362853840215 ], [ -93.146812135415715, 16.683091998212692 ], [ -93.146696114004186, 16.682720228190224 ], [ -93.146750720963269, 16.682017288649909 ], [ -93.14674929618262, 16.681645222531522 ], [ -93.146632642660194, 16.681108089683306 ], [ -93.146402818675398, 16.680943318783768 ], [ -93.14622950177926, 16.680571696324137 ], [ -93.146169831468342, 16.679951733881147 ], [ -93.146110794219311, 16.679497134145194 ], [ -93.146050650201033, 16.678753149517156 ], [ -93.14599303686073, 16.678670615945084 ], [ -93.145532289960784, 16.678051687451966 ], [ -93.145130422203934, 16.677846017321286 ], [ -93.144384143718796, 16.677475868039277 ], [ -93.143696268153533, 16.677394953811536 ], [ -93.143521698900088, 16.676692603232663 ], [ -93.143405530217805, 16.676279490346783 ], [ -93.143345712884212, 16.675618186038687 ], [ -93.143401118150976, 16.675121950395447 ], [ -93.14345683830777, 16.674708396149043 ], [ -93.143568435529517, 16.673922628286586 ], [ -93.143853337040497, 16.673508485262236 ], [ -93.144080626519468, 16.673011807670424 ], [ -93.144250619621701, 16.672515277134345 ], [ -93.144421085205181, 16.672142768615458 ], [ -93.144591234496673, 16.671687578497025 ], [ -93.14464774031002, 16.671480727455055 ], [ -93.144645530703912, 16.670901957269255 ], [ -93.144472857555385, 16.670695695802202 ], [ -93.143900383842862, 16.670821190894522 ], [ -93.143328224462152, 16.671029365872727 ], [ -93.142467858675602, 16.6707835254876 ], [ -93.141548628809872, 16.670124420690929 ], [ -93.140916975967897, 16.669753965210454 ], [ -93.14017073696084, 16.669383800157888 ], [ -93.140170266371726, 16.669259777920335 ], [ -93.139365169666277, 16.668476348593916 ], [ -93.138961762469634, 16.66785725856931 ], [ -93.138502472716283, 16.667610380237786 ], [ -93.137528009712966, 16.667488832767134 ], [ -93.136783347241959, 16.667532062934104 ], [ -93.136267391421555, 16.667450687892735 ], [ -93.135293242176061, 16.667411811425161 ], [ -93.13460493919402, 16.667206844336857 ], [ -93.133973620210469, 16.666919048957894 ], [ -93.133515271578361, 16.666920204115524 ], [ -93.132940938028341, 16.666549579679288 ], [ -93.132481814225528, 16.666344028670423 ], [ -93.132022226079812, 16.666014454299813 ], [ -93.13172089742514, 16.665612211182633 ], [ -93.13211962540791, 16.665154460035929 ] ] ] ] } },
{ "type": "Feature", "properties": { "ID": 95, "ENTIDAD": 7, "MUNICIPIO": 102, "NOMBRE": "TUXTLA GUTIERREZ", "CONTROL": 163, "GEOMETRY1_": null, "ID_2": 1640, "ENTIDAD_2": 7, "DISTRITO_F": 9, "DISTRITO_L": 13, "MUNICIPIO_2": 102, "SECCION": 1753, "TIPO": 2, "CONTROL_2": 1885, "GEOMETRY1__2": null }, "geometry": { "type": "MultiPolygon", "coordinates": [ [ [ [ -93.172924326535735, 16.752078657808827 ], [ -93.172315381329142, 16.751515828308715 ], [ -93.172257614410796, 16.751421071733848 ], [ -93.172247119970194, 16.750879581741884 ], [ -93.172239663397463, 16.750657189141801 ], [ -93.172191243558444, 16.750429180989521 ], [ -93.172028816250219, 16.750150590436611 ], [ -93.171927893749825, 16.75002820401717 ], [ -93.171366445939029, 16.749576796988681 ], [ -93.170485519760291, 16.749588048663604 ], [ -93.169245027166568, 16.749603886540804 ], [ -93.169196771554837, 16.74955747176519 ], [ -93.169203244935275, 16.749491962150142 ], [ -93.169150244305357, 16.746928331178545 ], [ -93.169136536202998, 16.746265258799163 ], [ -93.169134990543299, 16.746190493587189 ], [ -93.169132835950833, 16.746086273525258 ], [ -93.169110766373535, 16.745018735097069 ], [ -93.169069290231462, 16.743012432010666 ], [ -93.169070026400888, 16.742943090321898 ], [ -93.169070862741322, 16.742864313233849 ], [ -93.169053231579198, 16.741761127820549 ], [ -93.169051015034896, 16.741706441136884 ], [ -93.169023943537837, 16.739696704188528 ], [ -93.169016854633156, 16.739170425068313 ], [ -93.168999300157765, 16.738218150855442 ], [ -93.168976697659744, 16.736992017426868 ], [ -93.168916376529836, 16.733719637201066 ], [ -93.16891529088204, 16.733660740290659 ], [ -93.168896031144982, 16.732615882704952 ], [ -93.169196006117133, 16.732592511653799 ], [ -93.169279127056683, 16.731598045658622 ], [ -93.169494264199145, 16.730626596792849 ], [ -93.169378873336939, 16.729048373531246 ], [ -93.168832927531383, 16.729089290138599 ], [ -93.168814435316449, 16.728366016261333 ], [ -93.170014831092672, 16.728342503212414 ], [ -93.17555389263967, 16.728256454449113 ], [ -93.175650201360241, 16.733000550687301 ], [ -93.175742943093709, 16.737412919685372 ], [ -93.175783963472114, 16.739155391333068 ], [ -93.175806732712388, 16.739184894129824 ], [ -93.175807691458999, 16.739219387987351 ], [ -93.175797327786256, 16.74012311214786 ], [ -93.175800298929119, 16.740247734651877 ], [ -93.175824101307455, 16.741148326155802 ], [ -93.175827852016994, 16.741276387864051 ], [ -93.175853680969595, 16.74223301500685 ], [ -93.175859156628462, 16.74237053605237 ], [ -93.175937063693382, 16.74587152122281 ], [ -93.175947486030836, 16.746496480756484 ], [ -93.175993806673389, 16.746499651935693 ], [ -93.176003848150202, 16.747543741436868 ], [ -93.176014547042357, 16.747929973677664 ], [ -93.176032962338397, 16.748496348142723 ], [ -93.176051137728706, 16.749055340318403 ], [ -93.176066525843481, 16.749528605626107 ], [ -93.176093883020513, 16.749661833800499 ], [ -93.176103592482406, 16.751628101325032 ], [ -93.176103958382669, 16.752026064089392 ], [ -93.1761040494561, 16.752125116268878 ], [ -93.176018707664568, 16.752127004821606 ], [ -93.175188950920401, 16.752145364903484 ], [ -93.173409026275422, 16.752184738146312 ], [ -93.172924326535735, 16.752078657808827 ] ] ] ] } },
{ "type": "Feature", "properties": { "ID": 95, "ENTIDAD": 7, "MUNICIPIO": 102, "NOMBRE": "TUXTLA GUTIERREZ", "CONTROL": 163, "GEOMETRY1_": null, "ID_2": 1641, "ENTIDAD_2": 7, "DISTRITO_F": 9, "DISTRITO_L": 1, "MUNICIPIO_2": 102, "SECCION": 1754, "TIPO": 2, "CONTROL_2": 1894, "GEOMETRY1__2": null }, "geometry": { "type": "MultiPolygon", "coordinates": [ [ [ [ -93.088534830048175, 16.776034865198088 ], [ -93.088362308602342, 16.775922676043908 ], [ -93.088359425636469, 16.775789493132056 ], [ -93.088386503659933, 16.775488455254855 ], [ -93.088405205972862, 16.775350124180672 ], [ -93.088470290927404, 16.774868723787609 ], [ -93.088510717895929, 16.774782050089925 ], [ -93.088559385652985, 16.774471253927111 ], [ -93.088568104827417, 16.774415572479338 ], [ -93.088685716382415, 16.773549097157915 ], [ -93.088713332390185, 16.773343023028957 ], [ -93.088740948339549, 16.773136948892475 ], [ -93.088770687801016, 16.772911795514155 ], [ -93.08888196042804, 16.772069361045645 ], [ -93.088928013193538, 16.771756423410999 ], [ -93.088977035544374, 16.77146181672067 ], [ -93.089028910962682, 16.77093806161772 ], [ -93.089068471097789, 16.770950509922198 ], [ -93.089552723715798, 16.771038541141436 ], [ -93.089648105796201, 16.771055880296281 ], [ -93.089672852698484, 16.77096220877069 ], [ -93.089698856035639, 16.770969415461213 ], [ -93.089728477428025, 16.770855060168891 ], [ -93.090823473062471, 16.771144246795039 ], [ -93.090915756118164, 16.771168618298574 ], [ -93.090971421797022, 16.771068797793625 ], [ -93.091145035204889, 16.770438625049639 ], [ -93.091737732805413, 16.770585431386849 ], [ -93.091862940750303, 16.770616444121018 ], [ -93.091848796934229, 16.770666602988118 ], [ -93.091759811516866, 16.770982175451511 ], [ -93.091664990615371, 16.771318441333186 ], [ -93.09165339733056, 16.771363031784734 ], [ -93.0914669452021, 16.772080166801835 ], [ -93.091406592296735, 16.772312295879686 ], [ -93.09116484584375, 16.773242094202129 ], [ -93.091088979823226, 16.773523494492132 ], [ -93.091017328958657, 16.773789259249387 ], [ -93.090967990362515, 16.773964471092022 ], [ -93.090213200449668, 16.77664484905215 ], [ -93.088534830048175, 16.776034865198088 ] ] ] ] } },
{ "type": "Feature", "properties": { "ID": 95, "ENTIDAD": 7, "MUNICIPIO": 102, "NOMBRE": "TUXTLA GUTIERREZ", "CONTROL": 163, "GEOMETRY1_": null, "ID_2": 1830, "ENTIDAD_2": 7, "DISTRITO_F": 9, "DISTRITO_L": 1, "MUNICIPIO_2": 102, "SECCION": 1947, "TIPO": 2, "CONTROL_2": 2175, "GEOMETRY1__2": null }, "geometry": { "type": "MultiPolygon", "coordinates": [ [ [ [ -93.087050023065714, 16.785498872411026 ], [ -93.086993888375574, 16.785433802999574 ], [ -93.086672920171097, 16.782791928292092 ], [ -93.086113183280588, 16.782466354580205 ], [ -93.086041978004744, 16.782425521893732 ], [ -93.086051375027978, 16.782366050286321 ], [ -93.086068059350325, 16.782066298983221 ], [ -93.086079258015218, 16.781865102744689 ], [ -93.086936194490278, 16.782059302569728 ], [ -93.086894957458057, 16.78212667043514 ], [ -93.086916741878611, 16.782316421800886 ], [ -93.086965146172275, 16.78273804193633 ], [ -93.088254239917646, 16.782478947185975 ], [ -93.088347766945176, 16.782896298202584 ], [ -93.088374390712531, 16.783015102617796 ], [ -93.088551832892975, 16.783250694794734 ], [ -93.088770999346892, 16.783541683781305 ], [ -93.088915063353852, 16.783732958054834 ], [ -93.088958411993474, 16.78383935519145 ], [ -93.088433431783841, 16.783943352067965 ], [ -93.088553130696155, 16.78492852024857 ], [ -93.088260725513635, 16.784970618817837 ], [ -93.087933596393825, 16.785017716196791 ], [ -93.087590459420937, 16.785067117672611 ], [ -93.08748876219029, 16.78508572552759 ], [ -93.087368210544739, 16.785379863184499 ], [ -93.087323069004228, 16.785520421563163 ], [ -93.087050023065714, 16.785498872411026 ] ] ] ] } },
{ "type": "Feature", "properties": { "ID": 95, "ENTIDAD": 7, "MUNICIPIO": 102, "NOMBRE": "TUXTLA GUTIERREZ", "CONTROL": 163, "GEOMETRY1_": null, "ID_2": 1831, "ENTIDAD_2": 7, "DISTRITO_F": 9, "DISTRITO_L": 1, "MUNICIPIO_2": 102, "SECCION": 1948, "TIPO": 2, "CONTROL_2": 2174, "GEOMETRY1__2": null }, "geometry": { "type": "MultiPolygon", "coordinates": [ [ [ [ -93.08748876219029, 16.78508572552759 ], [ -93.087590459420937, 16.785067117672611 ], [ -93.087933596393825, 16.785017716196791 ], [ -93.088260725513635, 16.784970618817837 ], [ -93.088553130696155, 16.78492852024857 ], [ -93.088433431783841, 16.783943352067965 ], [ -93.088958411993474, 16.78383935519145 ], [ -93.088915063353852, 16.783732958054834 ], [ -93.088770999346892, 16.783541683781305 ], [ -93.088551832892975, 16.783250694794734 ], [ -93.088374390712531, 16.783015102617796 ], [ -93.088347766945176, 16.782896298202584 ], [ -93.088254239917646, 16.782478947185975 ], [ -93.088162340493469, 16.78206885726317 ], [ -93.088073695835291, 16.781673289593673 ], [ -93.087997956405033, 16.781335308821784 ], [ -93.087888271781807, 16.780845848297954 ], [ -93.088931003432293, 16.781103417701186 ], [ -93.08901367204264, 16.781099762454851 ], [ -93.089020502507779, 16.781071190682852 ], [ -93.08906764246305, 16.780929872392409 ], [ -93.089081241709948, 16.781062698884416 ], [ -93.089169477616949, 16.781396452358177 ], [ -93.089285950959791, 16.7817834074846 ], [ -93.089414197128264, 16.782209473116932 ], [ -93.08954560909531, 16.782646054229151 ], [ -93.089657424925036, 16.783019107637095 ], [ -93.089758567253469, 16.783356549497469 ], [ -93.089850693358059, 16.783663909367732 ], [ -93.089957699039147, 16.784020910580058 ], [ -93.090059145477639, 16.784359363281261 ], [ -93.090157907604805, 16.784697467336958 ], [ -93.090142091741427, 16.784752475900618 ], [ -93.090207280623432, 16.784972097733903 ], [ -93.090153457881314, 16.784978486801148 ], [ -93.090091319787589, 16.78498744182566 ], [ -93.089546269186556, 16.78506599089399 ], [ -93.089362430185446, 16.785092484208707 ], [ -93.087414435282696, 16.785373202151664 ], [ -93.087368210544739, 16.785379863184499 ], [ -93.08748876219029, 16.78508572552759 ] ] ] ] } },
{ "type": "Feature", "properties": { "ID": 95, "ENTIDAD": 7, "MUNICIPIO": 102, "NOMBRE": "TUXTLA GUTIERREZ", "CONTROL": 163, "GEOMETRY1_": null, "ID_2": 1832, "ENTIDAD_2": 7, "DISTRITO_F": 9, "DISTRITO_L": 1, "MUNICIPIO_2": 102, "SECCION": 1949, "TIPO": 2, "CONTROL_2": 2171, "GEOMETRY1__2": null }, "geometry": { "type": "MultiPolygon", "coordinates": [ [ [ [ -93.099807561825841, 16.785053621981376 ], [ -93.099381296310511, 16.784991539163773 ], [ -93.098922160088691, 16.784924667907092 ], [ -93.098487056628713, 16.784861295931961 ], [ -93.098581448058837, 16.784336915423935 ], [ -93.09814166391682, 16.784277553822612 ], [ -93.09767270227286, 16.78421425279641 ], [ -93.097445430378897, 16.784183574953691 ], [ -93.097610962904398, 16.783938426773574 ], [ -93.097664131322105, 16.78378452052937 ], [ -93.097979333486123, 16.783726850565149 ], [ -93.098699079711437, 16.783595162542007 ], [ -93.099153544013362, 16.783512010310627 ], [ -93.099137670561447, 16.783629222460679 ], [ -93.100132188797517, 16.783758267017355 ], [ -93.100471712888549, 16.783800618609227 ], [ -93.100361940426581, 16.784743855642532 ], [ -93.100316885209978, 16.785127836328126 ], [ -93.099807561825841, 16.785053621981376 ] ] ] ] } },
{ "type": "Feature", "properties": { "ID": 95, "ENTIDAD": 7, "MUNICIPIO": 102, "NOMBRE": "TUXTLA GUTIERREZ", "CONTROL": 163, "GEOMETRY1_": null, "ID_2": 1833, "ENTIDAD_2": 7, "DISTRITO_F": 9, "DISTRITO_L": 1, "MUNICIPIO_2": 102, "SECCION": 1950, "TIPO": 2, "CONTROL_2": 2173, "GEOMETRY1__2": null }, "geometry": { "type": "MultiPolygon", "coordinates": [ [ [ [ -93.090142091741427, 16.784752475900618 ], [ -93.090157907604805, 16.784697467336958 ], [ -93.090059145477639, 16.784359363281261 ], [ -93.089957699039147, 16.784020910580058 ], [ -93.089850693358059, 16.783663909367732 ], [ -93.091148892788041, 16.78343220065463 ], [ -93.091052043094408, 16.78311643428728 ], [ -93.091836091739367, 16.782987618031733 ], [ -93.091640985903965, 16.782644565423361 ], [ -93.091867012301108, 16.782610475619599 ], [ -93.091897930978305, 16.782608167321783 ], [ -93.091908212927436, 16.78262663577441 ], [ -93.09193231522373, 16.782669928339271 ], [ -93.092171808940989, 16.782814897286325 ], [ -93.092359841602828, 16.783018484161957 ], [ -93.092536194482662, 16.78335785683521 ], [ -93.092694945535754, 16.783731182446004 ], [ -93.092830139327589, 16.783968737819574 ], [ -93.092953569596546, 16.784169524463021 ], [ -93.092922155719293, 16.784359999991004 ], [ -93.092846459224191, 16.784385938831953 ], [ -93.092702874066418, 16.784435568903806 ], [ -93.092657725800748, 16.784448217608649 ], [ -93.092612577529053, 16.784460866303512 ], [ -93.090962660891378, 16.784815934076864 ], [ -93.090928869179564, 16.784823206018302 ], [ -93.090273525792313, 16.78496423403368 ], [ -93.090254109772474, 16.784966180609199 ], [ -93.090207280623432, 16.784972097733903 ], [ -93.090142091741427, 16.784752475900618 ] ] ] ] } },
{ "type": "Feature", "properties": { "ID": 95, "ENTIDAD": 7, "MUNICIPIO": 102, "NOMBRE": "TUXTLA GUTIERREZ", "CONTROL": 163, "GEOMETRY1_": null, "ID_2": 1834, "ENTIDAD_2": 7, "DISTRITO_F": 9, "DISTRITO_L": 1, "MUNICIPIO_2": 102, "SECCION": 1951, "TIPO": 2, "CONTROL_2": 2178, "GEOMETRY1__2": null }, "geometry": { "type": "MultiPolygon", "coordinates": [ [ [ [ -93.09539569824544, 16.784270019896638 ], [ -93.095232747505875, 16.784256627788288 ], [ -93.094980259025164, 16.784235876761322 ], [ -93.094586610160803, 16.784203523695442 ], [ -93.094563648597401, 16.784159689923598 ], [ -93.094097077766634, 16.784120322546151 ], [ -93.094108769084926, 16.783676573970332 ], [ -93.094154153400936, 16.783623773856029 ], [ -93.094150945465529, 16.783238418362597 ], [ -93.094185948523403, 16.782859887600463 ], [ -93.094224526569263, 16.782502446974206 ], [ -93.09536235196299, 16.782558678501218 ], [ -93.09592580955352, 16.782604749348661 ], [ -93.095899822282234, 16.782978615583072 ], [ -93.095878540429155, 16.78337559967224 ], [ -93.095847001460683, 16.783741186260752 ], [ -93.095809421579517, 16.784117548686794 ], [ -93.095796150920023, 16.78430293054797 ], [ -93.09539569824544, 16.784270019896638 ] ] ] ] } },
{ "type": "Feature", "properties": { "ID": 95, "ENTIDAD": 7, "MUNICIPIO": 102, "NOMBRE": "TUXTLA GUTIERREZ", "CONTROL": 163, "GEOMETRY1_": null, "ID_2": 1813, "ENTIDAD_2": 7, "DISTRITO_F": 9, "DISTRITO_L": 1, "MUNICIPIO_2": 102, "SECCION": 1930, "TIPO": 2, "CONTROL_2": 2156, "GEOMETRY1__2": null }, "geometry": { "type": "MultiPolygon", "coordinates": [ [ [ [ -93.090212971966352, 16.833934107878967 ], [ -93.090184464089134, 16.833923400041616 ], [ -93.090012576962806, 16.833921092597528 ], [ -93.089955281254817, 16.833920323417502 ], [ -93.089783394133079, 16.833918015781627 ], [ -93.089554211309391, 16.83391493871002 ], [ -93.089381204015311, 16.83399521695436 ], [ -93.089035188988049, 16.83415577300633 ], [ -93.088804885455147, 16.834235281313447 ], [ -93.088572900930771, 16.834438668677343 ], [ -93.088284740648831, 16.834558699925434 ], [ -93.087937042453532, 16.83484313343757 ], [ -93.087879186056227, 16.83488365678183 ], [ -93.087532047154781, 16.835126796504184 ], [ -93.087300620727476, 16.835288889325604 ], [ -93.087126490066581, 16.835451751868323 ], [ -93.086894502266389, 16.835655137328121 ], [ -93.086489503685172, 16.835938798332194 ], [ -93.086373228836948, 16.83606113728074 ], [ -93.086256393067799, 16.836224769256276 ], [ -93.086081139038512, 16.836470217091819 ], [ -93.086021038458654, 16.836675912277517 ], [ -93.085786804489302, 16.837044468835977 ], [ -93.085727825189707, 16.837167577748996 ], [ -93.085640396911799, 16.837350068575251 ], [ -93.085550886835364, 16.837536904379974 ], [ -93.085435171363969, 16.837617949699027 ], [ -93.085376191660899, 16.83774105850615 ], [ -93.085144760222661, 16.837903148880532 ], [ -93.084799295599481, 16.838022404701231 ], [ -93.084340358997721, 16.838057532311588 ], [ -93.084224642692817, 16.838138576948307 ], [ -93.084052190557344, 16.838177557617449 ], [ -93.083937035334699, 16.838217309010364 ], [ -93.083764583068003, 16.838256289438316 ], [ -93.083706163416011, 16.838338104683352 ], [ -93.083475852582353, 16.838417607017025 ], [ -93.083246664412329, 16.838414522934002 ], [ -93.082901197659623, 16.838533775565828 ], [ -93.082613589149759, 16.838612505776801 ], [ -93.082267559995998, 16.838773050421192 ], [ -93.08186479479167, 16.838891529977928 ], [ -93.081520449906535, 16.838928194139207 ], [ -93.081405855524224, 16.838926651040087 ], [ -93.080946916082766, 16.838961771077333 ], [ -93.080832321683417, 16.838960227658283 ], [ -93.08066043008732, 16.838957912409857 ], [ -93.080431241297958, 16.838954825188072 ], [ -93.080145317421724, 16.838909672729329 ], [ -93.079916128696098, 16.838906584932424 ], [ -93.079858831515679, 16.83890581294327 ], [ -93.079629642797869, 16.838902724826625 ], [ -93.079457751263618, 16.83890040857132 ], [ -93.07922912485698, 16.838856026936732 ], [ -93.079000498555772, 16.838811645046988 ], [ -93.078771872359937, 16.83876726290211 ], [ -93.078543808717995, 16.838681587432323 ], [ -93.07831574528025, 16.838595911707618 ], [ -93.07825957321738, 16.838512553131697 ], [ -93.078030947549749, 16.83846817015861 ], [ -93.077689978461351, 16.838257069476288 ], [ -93.077519212865255, 16.838172165455166 ], [ -93.077405744348155, 16.838088033981354 ], [ -93.077292275931143, 16.838003902443752 ], [ -93.076950745697246, 16.837834093589368 ], [ -93.076836714815315, 16.837791254867319 ], [ -93.076779980807927, 16.837749188947218 ], [ -93.076611467531521, 16.837499111878635 ], [ -93.076497999815288, 16.837414979894536 ], [ -93.076421198054391, 16.837339150349191 ], [ -93.076328361354527, 16.837247488727286 ], [ -93.076101426571569, 16.837079224376154 ], [ -93.075987396331143, 16.837036385176908 ], [ -93.075758209905999, 16.837033292730279 ], [ -93.075591251767918, 16.836990792217698 ], [ -93.07558688317738, 16.836989680156393 ], [ -93.075300963370836, 16.836944520928469 ], [ -93.07524366679354, 16.836943747649183 ], [ -93.075243503759225, 16.836943745448835 ], [ -93.075129073640142, 16.836942201042639 ], [ -93.0749566206906, 16.836981174083242 ], [ -93.0748414642688, 16.837020920386557 ], [ -93.074667884617625, 16.83714247932398 ], [ -93.074610024684588, 16.837182998937156 ], [ -93.074379148054575, 16.837303784158436 ], [ -93.074206131235897, 16.837384049637112 ], [ -93.073917957362681, 16.837504060755617 ], [ -93.073743813193246, 16.837666911976225 ], [ -93.073456202148321, 16.83774562938148 ], [ -93.073167463640033, 16.837906932510723 ], [ -93.073110166779387, 16.837906158637562 ], [ -93.07299444575979, 16.837987196968275 ], [ -93.072937148875496, 16.837986423046846 ], [ -93.072707961342331, 16.837983327201474 ], [ -93.072536070696586, 16.83798100514964 ], [ -93.072020398780964, 16.837974038130909 ], [ -93.071790647362477, 16.838012234322512 ], [ -93.071446302052848, 16.838048881598972 ], [ -93.071273847335931, 16.838087851550217 ], [ -93.071097489878341, 16.838127703245743 ], [ -93.070928937688777, 16.83816579101876 ], [ -93.070698621667205, 16.83824527904758 ], [ -93.070468869650682, 16.838283473762051 ], [ -93.070411008474025, 16.838323992192663 ], [ -93.070066662326269, 16.8383606371582 ], [ -93.06966445467296, 16.838437799767345 ], [ -93.069377405191418, 16.838475218412047 ], [ -93.069147652626867, 16.838513411649743 ], [ -93.068860602927032, 16.838550829572679 ], [ -93.068688147218396, 16.838589797354693 ], [ -93.068516256060761, 16.838587471940841 ], [ -93.068000017875718, 16.838621787886105 ], [ -93.068000582609557, 16.838580494835821 ], [ -93.067771394419552, 16.838577393484673 ], [ -93.067485474036488, 16.838532223386554 ], [ -93.067314147823993, 16.838488603916591 ], [ -93.067199553787532, 16.838487052889803 ], [ -93.067028227680254, 16.838443433180764 ], [ -93.066856901650922, 16.838399813328333 ], [ -93.066799604660602, 16.838399037695222 ], [ -93.066628278722831, 16.83835541765157 ], [ -93.066399655900369, 16.838311021719843 ], [ -93.066286192185984, 16.838226884085909 ], [ -93.066000837839994, 16.838140418867546 ], [ -93.065916462132847, 16.838098461497882 ], [ -93.065830077518697, 16.838055505106922 ], [ -93.065773345850488, 16.838013436138883 ], [ -93.065602585743918, 16.837928522187418 ], [ -93.065490253161187, 16.837761798010952 ], [ -93.065376790174554, 16.83767765986758 ], [ -93.06509256778439, 16.837508607279418 ], [ -93.065035836441581, 16.837466538104206 ], [ -93.064865077152618, 16.83738162353221 ], [ -93.064579724711805, 16.837295156325784 ], [ -93.064349972587053, 16.837333344199767 ], [ -93.064106211316343, 16.836616053228802 ], [ -93.063575466173148, 16.834243644845007 ], [ -93.063281332632428, 16.832928853846916 ], [ -93.063498768781528, 16.831060843083968 ], [ -93.063498768748545, 16.831060842645869 ], [ -93.063498768781386, 16.831060842363598 ], [ -93.063373866434674, 16.829402241181896 ], [ -93.06342388705032, 16.828240419848367 ], [ -93.064269999844953, 16.816993527477052 ], [ -93.064660247449595, 16.815290437796477 ], [ -93.064660247405584, 16.815290437265983 ], [ -93.064660247449467, 16.815290437074481 ], [ -93.064536382503377, 16.813797760909299 ], [ -93.064527052434428, 16.81230441671465 ], [ -93.064521091660666, 16.811350336283123 ], [ -93.064796535146087, 16.809606431408262 ], [ -93.064847320050944, 16.808569052482643 ], [ -93.065247140067726, 16.80840078712275 ], [ -93.065357521212192, 16.807736410108333 ], [ -93.065357521138239, 16.807736409829793 ], [ -93.065357521212036, 16.807736409385605 ], [ -93.065181577328232, 16.807073703174929 ], [ -93.065575428032403, 16.80595135588398 ], [ -93.065575427905273, 16.805951355522879 ], [ -93.065575428032261, 16.805951355160992 ], [ -93.065342220611939, 16.805288982716089 ], [ -93.065276658287829, 16.803961899415629 ], [ -93.066019273178455, 16.803667182297584 ], [ -93.06658568142629, 16.802668274964606 ], [ -93.071138881233566, 16.798199167934207 ], [ -93.071239843554906, 16.796045456901712 ], [ -93.071239856217019, 16.796045186792675 ], [ -93.071239856217019, 16.796045186792654 ], [ -93.071239856217019, 16.796045186792583 ], [ -93.070347342299002, 16.790699062243217 ], [ -93.081439930591188, 16.77903823891462 ], [ -93.084769748497578, 16.78189106827492 ], [ -93.084845868622722, 16.781754551471948 ], [ -93.084875120648093, 16.781702089688537 ], [ -93.084900531934849, 16.781656516016813 ], [ -93.085970772759254, 16.782384689182337 ], [ -93.086041978004744, 16.782425521893732 ], [ -93.086113183280588, 16.782466354580205 ], [ -93.086672920171097, 16.782791928292092 ], [ -93.086993888375574, 16.785433802999574 ], [ -93.087050023065714, 16.785498872411026 ], [ -93.087033423696141, 16.78600469956816 ], [ -93.087036875295638, 16.786192759437938 ], [ -93.08637671886305, 16.786146426531229 ], [ -93.086345206225786, 16.786143997037229 ], [ -93.086345981912856, 16.786163634084335 ], [ -93.086355545395406, 16.78627742678033 ], [ -93.08635278902382, 16.786320209415194 ], [ -93.086350032651055, 16.786362992049941 ], [ -93.086340455712573, 16.786565942096257 ], [ -93.086337891846185, 16.786616287774784 ], [ -93.086380707407713, 16.786621037335259 ], [ -93.086417135611285, 16.787030381311997 ], [ -93.086521440190012, 16.787386239231118 ], [ -93.086538067544353, 16.78746275346311 ], [ -93.086588034494312, 16.787537846956667 ], [ -93.08665081641567, 16.787700155072425 ], [ -93.086752386258198, 16.787833749557731 ], [ -93.086830260368515, 16.787944537868196 ], [ -93.087111236501869, 16.788237769248596 ], [ -93.087459837341868, 16.788423409844828 ], [ -93.087851593155122, 16.788567240153359 ], [ -93.088040200169317, 16.788641738233444 ], [ -93.088564153699068, 16.788823023209222 ], [ -93.088640362514255, 16.788841952959789 ], [ -93.088872309642454, 16.788899566849405 ], [ -93.089019993997979, 16.788928599595963 ], [ -93.089066286079458, 16.788937699969395 ], [ -93.089060877145045, 16.78897074239951 ], [ -93.089039219553413, 16.78914292352475 ], [ -93.088988957067869, 16.789542516686737 ], [ -93.089923538143893, 16.78969464654854 ], [ -93.090471850727511, 16.789783898050192 ], [ -93.090893066582865, 16.789944896370471 ], [ -93.091262823611558, 16.790086225014413 ], [ -93.091062404669941, 16.790610530047196 ], [ -93.090866395139855, 16.790950210939307 ], [ -93.090840402691654, 16.790995237914167 ], [ -93.090686412419913, 16.791261145875154 ], [ -93.090521283352686, 16.791546287178402 ], [ -93.090164124600904, 16.792065887135674 ], [ -93.090019030162594, 16.792362602244278 ], [ -93.089778352359119, 16.792854781083122 ], [ -93.090300450775359, 16.792947678492453 ], [ -93.091483267318054, 16.79307578819914 ], [ -93.092446698715534, 16.793194801737197 ], [ -93.092372393845082, 16.793710311292983 ], [ -93.092295440489025, 16.794171493844988 ], [ -93.093506896924993, 16.794306083645729 ], [ -93.0949431839895, 16.794430981623798 ], [ -93.094894589784687, 16.794943683575454 ], [ -93.095876649941147, 16.795048432101812 ], [ -93.095897217864717, 16.795186640154014 ], [ -93.095890464316042, 16.795344606305967 ], [ -93.095863187401889, 16.795453218575219 ], [ -93.095825652908616, 16.79554538113571 ], [ -93.09579677654537, 16.795605366891181 ], [ -93.095781285514349, 16.795637546867916 ], [ -93.095765925592943, 16.795665526628731 ], [ -93.095750565667089, 16.795693506388446 ], [ -93.095648125396707, 16.795798862677845 ], [ -93.095542261991426, 16.795891056921445 ], [ -93.09543296724668, 16.795953634639076 ], [ -93.095320257633148, 16.796019504775771 ], [ -93.095159722692486, 16.796095269651861 ], [ -93.095012848481204, 16.796161155410665 ], [ -93.094910386293549, 16.796223729696973 ], [ -93.0948284292393, 16.796299458070042 ], [ -93.094777220132215, 16.796375172255388 ], [ -93.094726024041805, 16.796477213586986 ], [ -93.094596438633161, 16.796961034831437 ], [ -93.094548689702734, 16.797125601544234 ], [ -93.094473623644149, 16.797319798842071 ], [ -93.094401931606697, 16.797428431282476 ], [ -93.09431313440281, 16.797490999000271 ], [ -93.094217500959786, 16.797546988018205 ], [ -93.094159430759021, 16.797566759962805 ], [ -93.094101360546105, 16.797586531891064 ], [ -93.093920289385096, 16.797589905486852 ], [ -93.093797272307256, 16.797540598150512 ], [ -93.093667407834744, 16.797461675797447 ], [ -93.093588788815666, 16.797379439172261 ], [ -93.093489640482233, 16.797234684826591 ], [ -93.093438364582127, 16.797175471989483 ], [ -93.093359721649648, 16.797043871850658 ], [ -93.093219555320005, 16.796856354324635 ], [ -93.093069149534188, 16.796688586702796 ], [ -93.092973450442969, 16.796609648451174 ], [ -93.092857265537873, 16.796557046562707 ], [ -93.092741083892435, 16.796511026398214 ], [ -93.092580486888536, 16.796461735252628 ], [ -93.092440352013639, 16.796336744188 ], [ -93.092348058663674, 16.79623476784009 ], [ -93.09223864506167, 16.796053817617864 ], [ -93.092125832690741, 16.795909068711012 ], [ -93.091948076539197, 16.795698530835374 ], [ -93.091534536628487, 16.795382789096465 ], [ -93.091172288406398, 16.795159168899897 ], [ -93.09097627897583, 16.795033871264579 ], [ -93.09069592555926, 16.794872007796233 ], [ -93.09043799469903, 16.794710134092252 ], [ -93.089866058853204, 16.794343213603621 ], [ -93.089615594970383, 16.794163337018471 ], [ -93.089473531524831, 16.794041008487056 ], [ -93.088414179585257, 16.793862928624023 ], [ -93.08766770186709, 16.793533920996737 ], [ -93.084683558675792, 16.79271394757761 ], [ -93.084167141886411, 16.79259110486041 ], [ -93.083707767048068, 16.792385449387087 ], [ -93.083362765683262, 16.792096850906354 ], [ -93.082960868737842, 16.791932403475407 ], [ -93.082444599837842, 16.791850896785025 ], [ -93.08210032440391, 16.791768998022718 ], [ -93.081642109858535, 16.791894060887465 ], [ -93.08141293012693, 16.791935921751477 ], [ -93.081069810096395, 16.792184744246335 ], [ -93.080840918570658, 16.79230928521865 ], [ -93.080268616338145, 16.792599966349499 ], [ -93.079867009229119, 16.792518193625835 ], [ -93.079350451990337, 16.792353998435217 ], [ -93.078834039541206, 16.792231142317945 ], [ -93.078317627750749, 16.792108284901094 ], [ -93.078089309492142, 16.792398184327975 ], [ -93.078032409486894, 16.792522334614173 ], [ -93.077918609255406, 16.792770635135728 ], [ -93.077976659187186, 16.792977207880757 ], [ -93.078321366457786, 16.793183134645496 ], [ -93.078837925069024, 16.793347332399005 ], [ -93.07906696311062, 16.793264134026266 ], [ -93.07935362043348, 16.793263486629392 ], [ -93.080041597992988, 16.793261931248367 ], [ -93.080385586764578, 16.793261152695816 ], [ -93.080614768315058, 16.793219292972722 ], [ -93.081073131111296, 16.793135572762136 ], [ -93.081416830708093, 16.793052111751155 ], [ -93.082046753044509, 16.792843977918761 ], [ -93.082276946294726, 16.793091498918486 ], [ -93.082793942308811, 16.793379707829505 ], [ -93.083195697309677, 16.793502815186944 ], [ -93.083883820641105, 16.793542587325661 ], [ -93.084571944247955, 16.793582357162862 ], [ -93.085031613393639, 16.79387069138475 ], [ -93.085491574626488, 16.794241705279205 ], [ -93.085893769471681, 16.794488828411232 ], [ -93.086411356896122, 16.794942389568341 ], [ -93.086583935113325, 16.795107356441672 ], [ -93.086814136959674, 16.79535487227465 ], [ -93.087560766157182, 16.79572522325919 ], [ -93.087963404461135, 16.796096363321048 ], [ -93.088193317405953, 16.796261196886419 ], [ -93.088423230747026, 16.796426030190478 ], [ -93.088825726124924, 16.796755828184629 ], [ -93.089228076726442, 16.797044285035735 ], [ -93.089688638799615, 16.797580650709602 ], [ -93.089976473119137, 16.797910711170232 ], [ -93.090207268257572, 16.798323584433842 ], [ -93.090552877020571, 16.798777532487254 ], [ -93.090667836173282, 16.798859947821857 ], [ -93.09101359356049, 16.7993552353946 ], [ -93.091416392873214, 16.799767708826192 ], [ -93.091762153851377, 16.800262995080161 ], [ -93.09216510350646, 16.800716807311836 ], [ -93.092453828071569, 16.801294906063251 ], [ -93.092971302536114, 16.801707109946879 ], [ -93.093949071143356, 16.802572987640907 ], [ -93.094293960147496, 16.802820227610177 ], [ -93.094638850043481, 16.803067466990822 ], [ -93.094868777136298, 16.803232292917681 ], [ -93.095271003016606, 16.803479397358178 ], [ -93.095615895364418, 16.80372663507293 ], [ -93.09601871384416, 16.804139099224582 ], [ -93.096535612652275, 16.804385932767918 ], [ -93.096880803943975, 16.804715848912977 ], [ -93.097455928131481, 16.805210587442556 ], [ -93.097972979761749, 16.805498757613847 ], [ -93.098318027396886, 16.805787331001152 ], [ -93.098720263106372, 16.806034428586312 ], [ -93.099294654208563, 16.806322460450531 ], [ -93.09981171160976, 16.806610625939221 ], [ -93.100098834360239, 16.806733970393211 ], [ -93.100787900730367, 16.80702172737837 ], [ -93.101132211546641, 16.807103594583449 ], [ -93.101418740584563, 16.807061576076471 ], [ -93.101590449539515, 16.806978488394336 ], [ -93.101876233669543, 16.806729767868696 ], [ -93.102276687820947, 16.806480775127792 ], [ -93.102678035498599, 16.806479823267242 ], [ -93.102679079173285, 16.806769205196417 ], [ -93.102508265246101, 16.807100335432278 ], [ -93.10228026407195, 16.807472941726505 ], [ -93.101994181463965, 16.807638982253302 ], [ -93.101478606387317, 16.807764225052644 ], [ -93.101019771477851, 16.807723969897676 ], [ -93.100560788116169, 16.8076423734428 ], [ -93.099986836685034, 16.807478366014486 ], [ -93.098896272348838, 16.807150211355363 ], [ -93.098264691977334, 16.806903653509671 ], [ -93.093210784037822, 16.80455905772336 ], [ -93.091545433742681, 16.803818793948761 ], [ -93.09079861864754, 16.803407117589284 ], [ -93.090453147306789, 16.802994510509233 ], [ -93.089935528412695, 16.802540960020174 ], [ -93.089647833408364, 16.802252240001373 ], [ -93.089015112041139, 16.801674930949968 ], [ -93.088095579581761, 16.801056939601043 ], [ -93.087406262135801, 16.800686459087107 ], [ -93.086774863484436, 16.800481205969209 ], [ -93.086086278117421, 16.800317422646508 ], [ -93.085283172196966, 16.800195239736485 ], [ -93.084709836858508, 16.800196550736885 ], [ -93.084423314314364, 16.800238545972405 ], [ -93.084137516989017, 16.800487242479917 ], [ -93.084138242338383, 16.800693944146179 ], [ -93.08396754658267, 16.80106639965048 ], [ -93.08385490912454, 16.801645425876696 ], [ -93.083685371770656, 16.802348603738665 ], [ -93.083401019475829, 16.803010702444581 ], [ -93.083175158736907, 16.804003392709117 ], [ -93.08300532716045, 16.804623889232793 ], [ -93.082663344566384, 16.805203436708911 ], [ -93.082264314031406, 16.805865794577901 ], [ -93.081921603972773, 16.806238639203126 ], [ -93.081693418959318, 16.806569882592122 ], [ -93.081580193319297, 16.806983546062664 ], [ -93.081696888220478, 16.807562050062263 ], [ -93.081928400294373, 16.80818163378704 ], [ -93.082159190599484, 16.808594515687869 ], [ -93.082562714182444, 16.809213707588203 ], [ -93.082907890216987, 16.809543647096501 ], [ -93.083253067445028, 16.809873586009697 ], [ -93.083483862672566, 16.810286466334492 ], [ -93.083657612178968, 16.81078215771462 ], [ -93.083601870159782, 16.81123703166211 ], [ -93.083315765537193, 16.811403046259386 ], [ -93.082970730258069, 16.81111444780619 ], [ -93.082453541103249, 16.810784899755458 ], [ -93.081649526073036, 16.810414661193143 ], [ -93.081132774395002, 16.81020913067896 ], [ -93.080386966418914, 16.810086798902095 ], [ -93.07964216817868, 16.810253846532088 ], [ -93.078725646601043, 16.810503960242656 ], [ -93.07826810398771, 16.810835717078444 ], [ -93.07786732170301, 16.811001982567369 ], [ -93.077524881157132, 16.811457500358252 ], [ -93.077354450184501, 16.811912630680759 ], [ -93.077184018403045, 16.812367760845301 ], [ -93.076842434853233, 16.813071319227532 ], [ -93.076614806734327, 16.813567918008495 ], [ -93.076329983120559, 16.814105985520584 ], [ -93.076102065734815, 16.814519903114522 ], [ -93.075816666090986, 16.814892608722765 ], [ -93.075646084748414, 16.815306397219071 ], [ -93.075591038572981, 16.81596797031003 ], [ -93.07565081226403, 16.816670626626919 ], [ -93.075595049488697, 16.817125498231889 ], [ -93.07508071938274, 16.817622737461825 ], [ -93.074507903541246, 16.817789381368158 ], [ -93.073762784312962, 16.817873727165971 ], [ -93.072961324274615, 16.818247580006535 ], [ -93.07204603778591, 16.818869726457638 ], [ -93.071531836077327, 16.819408297058018 ], [ -93.071017489204692, 16.819905526079008 ], [ -93.070846181875197, 16.820112609072929 ], [ -93.070217578190267, 16.820734111225558 ], [ -93.069932299793962, 16.821148148794741 ], [ -93.069704076186468, 16.821479378556344 ], [ -93.069476703367869, 16.822058649680599 ], [ -93.06919326569647, 16.823010109662896 ], [ -93.069711743179695, 16.823711753007114 ], [ -93.070172031135399, 16.824165480426352 ], [ -93.070517639480158, 16.824619461006602 ], [ -93.071150523848999, 16.825238165845313 ], [ -93.071610391719034, 16.825567869190728 ], [ -93.072358393205619, 16.826310336141994 ], [ -93.073337194789289, 16.827465691323539 ], [ -93.07345359191433, 16.827961518419091 ], [ -93.073168880780258, 16.828540921157604 ], [ -93.07288373987906, 16.828996302765511 ], [ -93.072770909983788, 16.829533981320889 ], [ -93.072772479216056, 16.829988723895717 ], [ -93.072946504496088, 16.830567103880171 ], [ -93.073120388103817, 16.831104143452478 ], [ -93.073757445884723, 16.832921706213668 ], [ -93.073988248722983, 16.833334596241674 ], [ -93.074390654438957, 16.83362308085832 ], [ -93.074907748749041, 16.833911308046261 ], [ -93.075137839390621, 16.8341174956653 ], [ -93.076112109562814, 16.833949949803245 ], [ -93.076570141698241, 16.833742218904625 ], [ -93.077485053476295, 16.832996032339711 ], [ -93.078114105097129, 16.83249852927921 ], [ -93.080172547324224, 16.830798918076415 ], [ -93.080914247907273, 16.829722383687926 ], [ -93.081600188313217, 16.829100719203652 ], [ -93.082057768770113, 16.828768955378841 ], [ -93.082285545368904, 16.82831369151415 ], [ -93.08233999276257, 16.827486756599008 ], [ -93.082280046144916, 16.826742762855215 ], [ -93.082277586015039, 16.826039978903484 ], [ -93.082390821256837, 16.825626315773221 ], [ -93.082732696187875, 16.825005429499285 ], [ -93.083189685234146, 16.824508302119934 ], [ -93.083647106916644, 16.824135194429697 ], [ -93.084218772653301, 16.823637803197542 ], [ -93.08473454738062, 16.823553943836504 ], [ -93.085309551928887, 16.824007375067136 ], [ -93.085539932596731, 16.82429623171258 ], [ -93.086461462257716, 16.825451655598652 ], [ -93.087036913868388, 16.82602910254754 ], [ -93.087725592947848, 16.826192881841163 ], [ -93.088587904264756, 16.826811004910422 ], [ -93.089450952519996, 16.827635825375975 ], [ -93.090026566167822, 16.828254603969206 ], [ -93.090659232624716, 16.828790567767189 ], [ -93.091061360545382, 16.828996339379206 ], [ -93.090241479846753, 16.833944815712432 ], [ -93.090212971966352, 16.833934107878967 ] ] ] ] } },
{ "type": "Feature", "properties": { "ID": 95, "ENTIDAD": 7, "MUNICIPIO": 102, "NOMBRE": "TUXTLA GUTIERREZ", "CONTROL": 163, "GEOMETRY1_": null, "ID_2": 2002, "ENTIDAD_2": 7, "DISTRITO_F": 9, "DISTRITO_L": 13, "MUNICIPIO_2": 102, "SECCION": 2119, "TIPO": 2, "CONTROL_2": 2685, "GEOMETRY1__2": null }, "geometry": { "type": "MultiPolygon", "coordinates": [ [ [ [ -93.117216839241578, 16.731064324141627 ], [ -93.116942960228712, 16.730995371764411 ], [ -93.116973905852717, 16.730890667188124 ], [ -93.117113234297207, 16.730419247667953 ], [ -93.117244278374415, 16.729975856213507 ], [ -93.117406559703952, 16.729487278667516 ], [ -93.117552467326746, 16.729049541523718 ], [ -93.117618350983406, 16.728886276272981 ], [ -93.117724685535521, 16.728622769665584 ], [ -93.117067158962115, 16.72857350686618 ], [ -93.116568225997781, 16.728448808195257 ], [ -93.116555664488502, 16.72849771644082 ], [ -93.115796828900073, 16.728335666753171 ], [ -93.115693583815698, 16.728313618480907 ], [ -93.115472348083927, 16.728270983017126 ], [ -93.115488144093362, 16.728423978328411 ], [ -93.115542321403026, 16.728566863988053 ], [ -93.115610425412171, 16.728655938185618 ], [ -93.115643624766818, 16.728733262353238 ], [ -93.115673342496535, 16.728824039377113 ], [ -93.115657694319452, 16.728916523163754 ], [ -93.115628100235767, 16.72903087248779 ], [ -93.115579308332357, 16.729138507092241 ], [ -93.115540973534877, 16.729225959467382 ], [ -93.115439866309117, 16.729385745576415 ], [ -93.115352683642769, 16.729488357483124 ], [ -93.115296888668368, 16.729557324556204 ], [ -93.115187025314, 16.729664993141995 ], [ -93.115122505778061, 16.729733965032203 ], [ -93.115068446462104, 16.729787798799766 ], [ -93.114998685111843, 16.729845004022984 ], [ -93.114933283122809, 16.729907127032181 ], [ -93.11488533164102, 16.729952674390134 ], [ -93.114805119941835, 16.730041831274605 ], [ -93.114778997862715, 16.730127595351878 ], [ -93.1147599368268, 16.730349545979173 ], [ -93.114765232885063, 16.730452106234043 ], [ -93.11478276134514, 16.730584924240254 ], [ -93.114798516752018, 16.730670665041028 ], [ -93.114832195056081, 16.730789385867883 ], [ -93.114844060041477, 16.730831211597 ], [ -93.114861466021679, 16.730892570071205 ], [ -93.114892951791404, 16.731022017572439 ], [ -93.114893017262304, 16.731131306181304 ], [ -93.114901846539041, 16.731306163099877 ], [ -93.114880985236738, 16.731435639710401 ], [ -93.114871270293023, 16.731504871555412 ], [ -93.114861872841658, 16.731571840799528 ], [ -93.114861944339196, 16.731691217581325 ], [ -93.114865476451001, 16.731761832891152 ], [ -93.114811452731487, 16.731876195656142 ], [ -93.114741702620208, 16.731953577143223 ], [ -93.114689445806334, 16.732104928892902 ], [ -93.114689456966929, 16.732123590780315 ], [ -93.114708855942212, 16.732205869928585 ], [ -93.114731266024705, 16.732278350982337 ], [ -93.1147699393171, 16.732344945144952 ], [ -93.114810643629795, 16.732407619603052 ], [ -93.114865590738731, 16.73248596040202 ], [ -93.114904242987706, 16.732517287441695 ], [ -93.114953073699013, 16.732568201646476 ], [ -93.114993765194967, 16.732609323952666 ], [ -93.115048693628751, 16.732656316171433 ], [ -93.115109725645468, 16.732709182824571 ], [ -93.115166695716326, 16.732769888859174 ], [ -93.115229752904014, 16.732809039360841 ], [ -93.115317230276432, 16.732881484031605 ], [ -93.115364018415278, 16.732916725007552 ], [ -93.115445382875507, 16.732967620917094 ], [ -93.115520634357452, 16.73299696809352 ], [ -93.115604026333216, 16.7330380663876 ], [ -93.11569961960565, 16.733081117096159 ], [ -93.115768767581429, 16.733104589749765 ], [ -93.115837914390426, 16.733126103097174 ], [ -93.115878596722027, 16.733151550961487 ], [ -93.11587454660318, 16.733178983204091 ], [ -93.115860963176942, 16.733232469941903 ], [ -93.115820905121296, 16.733356913298792 ], [ -93.115798297271397, 16.73348302822674 ], [ -93.115798365299156, 16.733595679531454 ], [ -93.115786227980891, 16.733723469947783 ], [ -93.115802048072908, 16.733915136491888 ], [ -93.115830046143486, 16.734046267124835 ], [ -93.115885952979809, 16.734160568461292 ], [ -93.115931379112638, 16.734256380669443 ], [ -93.115964458880256, 16.734313979311683 ], [ -93.116132718268005, 16.734375809483673 ], [ -93.116297614603937, 16.734449466584991 ], [ -93.116385974484942, 16.73452600323678 ], [ -93.116453726238987, 16.734599714937691 ], [ -93.116480266803961, 16.734676286399022 ], [ -93.116492097085327, 16.734767048826996 ], [ -93.116480382259837, 16.734866334138545 ], [ -93.116448035067449, 16.734923083068871 ], [ -93.116350981326505, 16.735073474094744 ], [ -93.115961521927588, 16.735044467203995 ], [ -93.11561141129539, 16.735018465023945 ], [ -93.112909610612917, 16.734834667338156 ], [ -93.11274915805943, 16.734398978200357 ], [ -93.112681468506551, 16.734290405612164 ], [ -93.11251795938621, 16.734200881686899 ], [ -93.111855844716985, 16.734023549277833 ], [ -93.111575445993381, 16.733890630988959 ], [ -93.111330934794992, 16.733685620225298 ], [ -93.11080945072213, 16.732786507120757 ], [ -93.110765227355714, 16.732662299966098 ], [ -93.110527096843143, 16.730498564195937 ], [ -93.110510601068981, 16.729018653488943 ], [ -93.110495907578951, 16.724503317415309 ], [ -93.110456924601579, 16.724378874500573 ], [ -93.110415276883984, 16.72429528834375 ], [ -93.110354626091279, 16.724235764063902 ], [ -93.11027734143677, 16.724186556530704 ], [ -93.110150143277735, 16.724147683468956 ], [ -93.109873201890693, 16.72413523238458 ], [ -93.10963192056559, 16.724128488616014 ], [ -93.109379944187481, 16.724125186189756 ], [ -93.109202847005022, 16.724121843896942 ], [ -93.109035253089218, 16.724109333871212 ], [ -93.108934208061427, 16.724078463502885 ], [ -93.108861687160754, 16.724045287417688 ], [ -93.108792724815345, 16.723999510903777 ], [ -93.108735633798773, 16.723928531060878 ], [ -93.10844305384515, 16.723583943226473 ], [ -93.108340902008251, 16.723452178511355 ], [ -93.107974730738619, 16.722977826352416 ], [ -93.108093560067104, 16.722996057628098 ], [ -93.108794336784342, 16.72282339858943 ], [ -93.111286897465092, 16.723111520617334 ], [ -93.112066476038308, 16.72316967833758 ], [ -93.112124110873083, 16.723505669039039 ], [ -93.112133782932887, 16.723562053606599 ], [ -93.112161514163049, 16.723723716333811 ], [ -93.112320038234984, 16.72374917530793 ], [ -93.115609335959462, 16.724510898179595 ], [ -93.117446426822681, 16.724897767184324 ], [ -93.117629153063575, 16.724929578190849 ], [ -93.117768168967288, 16.724980254171854 ], [ -93.118719123441196, 16.725326905879641 ], [ -93.120546642701086, 16.725993076128528 ], [ -93.121607984820358, 16.726379948673721 ], [ -93.128914482513096, 16.729343813777156 ], [ -93.129873382019284, 16.730918701502514 ], [ -93.129517321320122, 16.731629115065317 ], [ -93.129871410537433, 16.731936556248282 ], [ -93.13045724399548, 16.732620738341623 ], [ -93.130335033187492, 16.732892584908708 ], [ -93.130279294497456, 16.733095165197732 ], [ -93.130130626684107, 16.733590084333883 ], [ -93.130101455455431, 16.733733678993204 ], [ -93.130117615033186, 16.734020821368848 ], [ -93.130115676220939, 16.734092313214067 ], [ -93.130102039952035, 16.734595136269277 ], [ -93.130155346440489, 16.734728423499728 ], [ -93.130183053369777, 16.734765896864673 ], [ -93.130221429668367, 16.734874287573962 ], [ -93.13028139673888, 16.735049558956387 ], [ -93.130324604894668, 16.735222534194474 ], [ -93.130377376279853, 16.735377049783118 ], [ -93.130372027063643, 16.735435529748873 ], [ -93.130061082591112, 16.736709170319749 ], [ -93.129984591082717, 16.73667761486757 ], [ -93.1284080376346, 16.736336207607941 ], [ -93.128217422532046, 16.736295816824224 ], [ -93.128007849763151, 16.736248231692525 ], [ -93.124859453986417, 16.735853407705726 ], [ -93.124801927917602, 16.735847216966434 ], [ -93.124658864142376, 16.735990352689488 ], [ -93.124407295837301, 16.736424761229102 ], [ -93.124160568365554, 16.73709022212401 ], [ -93.123907117284148, 16.737773812490506 ], [ -93.12368765388112, 16.738334517820789 ], [ -93.123623407320423, 16.738393828703803 ], [ -93.122586931190739, 16.737087337544565 ], [ -93.121842835171435, 16.736424285194211 ], [ -93.120748458759422, 16.735850772669391 ], [ -93.119866166892109, 16.735461087065936 ], [ -93.119881960687337, 16.735379559169438 ], [ -93.119918245189467, 16.735154866740107 ], [ -93.120202101112582, 16.735207484889095 ], [ -93.120236561248277, 16.735156737365966 ], [ -93.120416327474828, 16.734883925638858 ], [ -93.120453973170441, 16.734823642324024 ], [ -93.120676465803399, 16.734484813474698 ], [ -93.120719261069354, 16.73441888614288 ], [ -93.1208433947115, 16.734206879253868 ], [ -93.120871259385169, 16.73416107797614 ], [ -93.12102422477777, 16.733909865596708 ], [ -93.121055940283696, 16.733854455256569 ], [ -93.121200460277848, 16.733618490092287 ], [ -93.121233790796623, 16.733562934841906 ], [ -93.121402327606091, 16.733301302017125 ], [ -93.121047500298801, 16.733235086901896 ], [ -93.120972167494401, 16.733223223155768 ], [ -93.120918129376349, 16.733212679277809 ], [ -93.120347024765124, 16.73310234632919 ], [ -93.120324324999956, 16.733097960876613 ], [ -93.12034910610619, 16.732943039570554 ], [ -93.119938006030523, 16.732874399462741 ], [ -93.119891824288999, 16.732866119247184 ], [ -93.120151677900665, 16.731373622571727 ], [ -93.120217032783515, 16.730967596258289 ], [ -93.120225655311543, 16.730914027473464 ], [ -93.120172621968365, 16.730902475353744 ], [ -93.118894850657156, 16.730624137094644 ], [ -93.118549371532339, 16.731640140470141 ], [ -93.118542616754894, 16.731671415992778 ], [ -93.118511032668337, 16.731663772029506 ], [ -93.117782182392716, 16.731524719966977 ], [ -93.117146410732929, 16.73140409410912 ], [ -93.117216839241578, 16.731064324141627 ] ] ] ] } },
{ "type": "Feature", "properties": { "ID": 95, "ENTIDAD": 7, "MUNICIPIO": 102, "NOMBRE": "TUXTLA GUTIERREZ", "CONTROL": 163, "GEOMETRY1_": null, "ID_2": 2031, "ENTIDAD_2": 7, "DISTRITO_F": 9, "DISTRITO_L": 2, "MUNICIPIO_2": 102, "SECCION": 2148, "TIPO": 2, "CONTROL_2": 2777, "GEOMETRY1__2": null }, "geometry": { "type": "MultiPolygon", "coordinates": [ [ [ [ -93.177796441783258, 16.790411302707554 ], [ -93.17716524058379, 16.790922538356785 ], [ -93.176820460635255, 16.791000654892205 ], [ -93.176646447103323, 16.791163593078881 ], [ -93.176530257525329, 16.791285982914182 ], [ -93.17635732591188, 16.791366334102207 ], [ -93.176183311651073, 16.791529271898671 ], [ -93.176009297093387, 16.791692209548209 ], [ -93.17577854034414, 16.791813108311509 ], [ -93.175547783300985, 16.791934006817602 ], [ -93.175432133962602, 16.79201510266105 ], [ -93.175258659770378, 16.792136746305065 ], [ -93.174912793772663, 16.792297446411837 ], [ -93.174682035589925, 16.792418343952562 ], [ -93.174566927188607, 16.792458145940714 ], [ -93.174393993676659, 16.792538495488284 ], [ -93.174162693182112, 16.792700685820922 ], [ -93.173874108760543, 16.792862130003403 ], [ -93.173699549222732, 16.793066359078761 ], [ -93.173583356595159, 16.793188747257091 ], [ -93.173121294167544, 16.793471832482805 ], [ -93.172890533419746, 16.793592728025537 ], [ -93.172773797963544, 16.793756409114273 ], [ -93.172543036649955, 16.793877304269387 ], [ -93.17231173295346, 16.794039492531073 ], [ -93.17196531883414, 16.794241481075783 ], [ -93.171733471988404, 16.794444962053291 ], [ -93.171559993218708, 16.794566602594443 ], [ -93.171387056516906, 16.794646949629318 ], [ -93.170925529669191, 16.794888736588401 ], [ -93.17075204997802, 16.79501037645197 ], [ -93.170462374177177, 16.795254402592327 ], [ -93.170228896874008, 16.795581761953105 ], [ -93.16993759172756, 16.795949667422622 ], [ -93.169820852303943, 16.796113346835874 ], [ -93.169703027371725, 16.79635961288837 ], [ -93.169470632836976, 16.796604384673554 ], [ -93.169297150659659, 16.796726023313408 ], [ -93.169123668260696, 16.796847661807611 ], [ -93.168949100003815, 16.797051886855876 ], [ -93.16871724652944, 16.797255364441281 ], [ -93.168600505266099, 16.797419043158335 ], [ -93.168539962931973, 16.797666055880857 ], [ -93.168363221524928, 16.798035453813068 ], [ -93.168302678695582, 16.798282466455564 ], [ -93.168298877979097, 16.798571519861856 ], [ -93.168294534294233, 16.798901866602137 ], [ -93.168346390136989, 16.79931554744006 ], [ -93.168400417969352, 16.799564054890446 ], [ -93.168453903017991, 16.799853855657759 ], [ -93.168505759484205, 16.800267536411784 ], [ -93.16850087322949, 16.800639176434114 ], [ -93.168497072800889, 16.800928229775614 ], [ -93.168435986332099, 16.801216535727569 ], [ -93.168261413385778, 16.801420760148584 ], [ -93.162448322568835, 16.802448012062008 ], [ -93.160397317500212, 16.802810410663877 ], [ -93.159726794883639, 16.802928882707477 ], [ -93.160980326906994, 16.773057227921285 ], [ -93.160988958842239, 16.772851499890823 ], [ -93.163947417831494, 16.774330885329114 ], [ -93.164193870332596, 16.774449946503189 ], [ -93.164494110681204, 16.77455392009027 ], [ -93.164877033909406, 16.774638092298687 ], [ -93.165145089683378, 16.774466314250812 ], [ -93.165530031974555, 16.773883949925711 ], [ -93.165566672555514, 16.773828497660055 ], [ -93.165652125083483, 16.773704689168238 ], [ -93.166162421833462, 16.772990948532083 ], [ -93.166203279854997, 16.772954070152835 ], [ -93.166041450931203, 16.772850877391527 ], [ -93.165585891390407, 16.772550421737186 ], [ -93.165026609047402, 16.772193500741398 ], [ -93.164846911059499, 16.772063677596496 ], [ -93.164455508923595, 16.771807747021409 ], [ -93.164703988795395, 16.771503175980186 ], [ -93.1653550322185, 16.770452891895751 ], [ -93.165779107172796, 16.76983149339592 ], [ -93.166299448712607, 16.769040527194992 ], [ -93.166858632246104, 16.768160845881944 ], [ -93.167407812328506, 16.767312988077144 ], [ -93.167386761605499, 16.767263052148227 ], [ -93.167488693549203, 16.766554913821988 ], [ -93.166294242013905, 16.766376808549371 ], [ -93.166196578601998, 16.766361421885929 ], [ -93.166218384333249, 16.766244570119365 ], [ -93.167399616588, 16.766381876902535 ], [ -93.167573283025703, 16.766412184592077 ], [ -93.167907609146795, 16.766479327828311 ], [ -93.168129869486094, 16.766537253456313 ], [ -93.168380515927495, 16.766592986290757 ], [ -93.168536436649603, 16.766673096232228 ], [ -93.168766638301008, 16.766796411038989 ], [ -93.168957364971803, 16.766884923726359 ], [ -93.169157975346295, 16.766998762098861 ], [ -93.16984516633191, 16.767303579296364 ], [ -93.170267182216705, 16.767632830201492 ], [ -93.170708007538096, 16.768161129388222 ], [ -93.171481123613958, 16.769054647309691 ], [ -93.173277004065483, 16.771562665790498 ], [ -93.173426350181359, 16.7718937707013 ], [ -93.173485788213171, 16.772068310160794 ], [ -93.173513159865067, 16.77236851575412 ], [ -93.173481235402519, 16.772650822805204 ], [ -93.173397113375643, 16.773272562632478 ], [ -93.173387217318833, 16.77356627285171 ], [ -93.173469263238786, 16.774390200737738 ], [ -93.173690775587261, 16.775851996652875 ], [ -93.17383237650003, 16.776974470802639 ], [ -93.173795535164331, 16.777437898022569 ], [ -93.173737457188537, 16.777830365199122 ], [ -93.173125399231949, 16.780896800092691 ], [ -93.172886062993456, 16.782203157676008 ], [ -93.172865985324208, 16.782477296062439 ], [ -93.172890107303189, 16.782929250001548 ], [ -93.1730845321092, 16.784399226426192 ], [ -93.173112380971219, 16.785224830776087 ], [ -93.173141680032259, 16.785781207422499 ], [ -93.173236852415542, 16.786131937561613 ], [ -93.173396266510025, 16.786345552852595 ], [ -93.173701414563482, 16.786629207175384 ], [ -93.174735415283862, 16.787460486678714 ], [ -93.176957679912476, 16.789225692657215 ], [ -93.177208540464136, 16.789408224454874 ], [ -93.17742895743784, 16.78963973240403 ], [ -93.177645959910564, 16.789841872916373 ], [ -93.177800223000801, 16.789972273710283 ], [ -93.177918032158374, 16.790312821156974 ], [ -93.177796441783258, 16.790411302707554 ] ] ] ] } },
{ "type": "Feature", "properties": { "ID": 95, "ENTIDAD": 7, "MUNICIPIO": 102, "NOMBRE": "TUXTLA GUTIERREZ", "CONTROL": 163, "GEOMETRY1_": null, "ID_2": 2032, "ENTIDAD_2": 7, "DISTRITO_F": 9, "DISTRITO_L": 2, "MUNICIPIO_2": 102, "SECCION": 2149, "TIPO": 2, "CONTROL_2": 2775, "GEOMETRY1__2": null }, "geometry": { "type": "MultiPolygon", "coordinates": [ [ [ [ -93.166162421833462, 16.772990948532083 ], [ -93.165652125083483, 16.773704689168238 ], [ -93.165566672555514, 16.773828497660055 ], [ -93.165530031974555, 16.773883949925711 ], [ -93.165145089683378, 16.774466314250812 ], [ -93.164877033909406, 16.774638092298687 ], [ -93.164494110681204, 16.77455392009027 ], [ -93.164193870332596, 16.774449946503189 ], [ -93.163947417831494, 16.774330885329114 ], [ -93.160988958842239, 16.772851499890823 ], [ -93.161024526925218, 16.772804304706415 ], [ -93.161074094348152, 16.772738533790147 ], [ -93.161123661737093, 16.772672762861742 ], [ -93.161275173099355, 16.772437175210072 ], [ -93.161355050334564, 16.77220976316277 ], [ -93.161434927382075, 16.771982351081146 ], [ -93.161418254351304, 16.7718978260684 ], [ -93.161363074533426, 16.771730698927996 ], [ -93.161448602860261, 16.771550498947768 ], [ -93.161513710215331, 16.771437816551817 ], [ -93.161541559990823, 16.771409690564241 ], [ -93.16201639438637, 16.770930144942945 ], [ -93.162369460482765, 16.770573573517112 ], [ -93.161635725060151, 16.770415862590259 ], [ -93.161296399493409, 16.770343795767403 ], [ -93.161208943391912, 16.770325369625915 ], [ -93.160672709999318, 16.770212389626689 ], [ -93.160539964714161, 16.770184421041979 ], [ -93.160201763203773, 16.770120261825138 ], [ -93.159560777585142, 16.770012957514602 ], [ -93.158983299671249, 16.769915335422958 ], [ -93.15866332827251, 16.769873900535387 ], [ -93.158503734974147, 16.769853233713178 ], [ -93.158508339436636, 16.769821183758303 ], [ -93.158541625339552, 16.769668031672087 ], [ -93.15855012766518, 16.769598538089177 ], [ -93.158516702429125, 16.769592737766605 ], [ -93.157847887829362, 16.769476676326288 ], [ -93.15786506371316, 16.769298060491469 ], [ -93.157752945348534, 16.769143676713664 ], [ -93.157528088717498, 16.768834054622264 ], [ -93.157477260631566, 16.768764065413389 ], [ -93.15738666100701, 16.768571789584819 ], [ -93.157612337774239, 16.768419243522942 ], [ -93.157920297007436, 16.768211077891532 ], [ -93.158143897711952, 16.76805993399643 ], [ -93.158262326633604, 16.767888414047668 ], [ -93.158390226344395, 16.767671597583639 ], [ -93.158497095515088, 16.7674904311002 ], [ -93.158596195743087, 16.767322434955052 ], [ -93.158729671367695, 16.767096165294934 ], [ -93.158869899981696, 16.766858446475471 ], [ -93.159023704517097, 16.766597712648991 ], [ -93.159206184422899, 16.766288366448933 ], [ -93.159354780321706, 16.766312371807867 ], [ -93.159725922469704, 16.766372327865042 ], [ -93.160663982948506, 16.766462437505108 ], [ -93.160866471696153, 16.7664818870586 ], [ -93.161983238779897, 16.766589156235923 ], [ -93.162147533799299, 16.766604936693088 ], [ -93.163300521194103, 16.76671408167828 ], [ -93.163501017181005, 16.766333097199404 ], [ -93.163742800512495, 16.765992141265716 ], [ -93.163420096534907, 16.765949303588119 ], [ -93.162972319723593, 16.765529189125729 ], [ -93.162923645844458, 16.765489831522846 ], [ -93.162661933142104, 16.765278210667276 ], [ -93.162233945016695, 16.765023939298061 ], [ -93.162133335333195, 16.765021701974302 ], [ -93.162134602716705, 16.764911046948633 ], [ -93.162145528485595, 16.764847571346817 ], [ -93.162167440504405, 16.76479202048003 ], [ -93.162186627797396, 16.76476027188296 ], [ -93.162598749128506, 16.765033971891821 ], [ -93.163068877554508, 16.765406707327756 ], [ -93.163620468327906, 16.765692706951771 ], [ -93.163844071367507, 16.765816397059194 ], [ -93.163983923240906, 16.765848567394524 ], [ -93.163433338571096, 16.766748126843083 ], [ -93.163364421887195, 16.766860048112271 ], [ -93.162982937920304, 16.767483735270517 ], [ -93.162743834678807, 16.767874642115864 ], [ -93.162306923435196, 16.768611390388767 ], [ -93.161818508396905, 16.769436743920551 ], [ -93.161717850463305, 16.769597311328297 ], [ -93.161618307855093, 16.769759303068788 ], [ -93.162472851934098, 16.770348781722657 ], [ -93.162602558415898, 16.770431336582572 ], [ -93.162769247808697, 16.770548388091822 ], [ -93.163074545511705, 16.770799140603035 ], [ -93.163783279923706, 16.771341018032331 ], [ -93.164455508923595, 16.771807747021409 ], [ -93.164846911059499, 16.772063677596496 ], [ -93.165026609047402, 16.772193500741398 ], [ -93.165585891390407, 16.772550421737186 ], [ -93.166041450931203, 16.772850877391527 ], [ -93.166203279854997, 16.772954070152835 ], [ -93.166162421833462, 16.772990948532083 ] ] ] ] } },
{ "type": "Feature", "properties": { "ID": 95, "ENTIDAD": 7, "MUNICIPIO": 102, "NOMBRE": "TUXTLA GUTIERREZ", "CONTROL": 163, "GEOMETRY1_": null, "ID_2": 2033, "ENTIDAD_2": 7, "DISTRITO_F": 9, "DISTRITO_L": 2, "MUNICIPIO_2": 102, "SECCION": 2150, "TIPO": 2, "CONTROL_2": 2776, "GEOMETRY1__2": null }, "geometry": { "type": "MultiPolygon", "coordinates": [ [ [ [ -93.166196578601998, 16.766361421885929 ], [ -93.166294242013905, 16.766376808549371 ], [ -93.167488693549203, 16.766554913821988 ], [ -93.167386761605499, 16.767263052148227 ], [ -93.167407812328506, 16.767312988077144 ], [ -93.166858632246104, 16.768160845881944 ], [ -93.166299448712607, 16.769040527194992 ], [ -93.165779107172796, 16.76983149339592 ], [ -93.1653550322185, 16.770452891895751 ], [ -93.164703988795395, 16.771503175980186 ], [ -93.164455508923595, 16.771807747021409 ], [ -93.163783279923706, 16.771341018032331 ], [ -93.163074545511705, 16.770799140603035 ], [ -93.162769247808697, 16.770548388091822 ], [ -93.162602558415898, 16.770431336582572 ], [ -93.162472851934098, 16.770348781722657 ], [ -93.161618307855093, 16.769759303068788 ], [ -93.161717850463305, 16.769597311328297 ], [ -93.161818508396905, 16.769436743920551 ], [ -93.162306923435196, 16.768611390388767 ], [ -93.162743834678807, 16.767874642115864 ], [ -93.162982937920304, 16.767483735270517 ], [ -93.163364421887195, 16.766860048112271 ], [ -93.163433338571096, 16.766748126843083 ], [ -93.163983923240906, 16.765848567394524 ], [ -93.164554970697949, 16.765956011163716 ], [ -93.164825894947768, 16.766002871949741 ], [ -93.166218384333249, 16.766244570119365 ], [ -93.166196578601998, 16.766361421885929 ] ] ] ] } },
{ "type": "Feature", "properties": { "ID": 95, "ENTIDAD": 7, "MUNICIPIO": 102, "NOMBRE": "TUXTLA GUTIERREZ", "CONTROL": 163, "GEOMETRY1_": null, "ID_2": 2042, "ENTIDAD_2": 7, "DISTRITO_F": 9, "DISTRITO_L": 1, "MUNICIPIO_2": 102, "SECCION": 2159, "TIPO": 2, "CONTROL_2": 2790, "GEOMETRY1__2": null }, "geometry": { "type": "MultiPolygon", "coordinates": [ [ [ [ -93.109035067881337, 16.808610509588849 ], [ -93.109198595996702, 16.809232199842835 ], [ -93.109250882615427, 16.809604602773039 ], [ -93.109248103890195, 16.809811068324272 ], [ -93.106976905244608, 16.813984778348505 ], [ -93.095674796857395, 16.83474043771972 ], [ -93.095615265926696, 16.834904842579363 ], [ -93.094866505400205, 16.835183914116403 ], [ -93.094694617100899, 16.835181610595939 ], [ -93.094235130238502, 16.835258053393318 ], [ -93.093833498272801, 16.835293970166532 ], [ -93.093718906011915, 16.83529243392622 ], [ -93.093375688465201, 16.835246531712471 ], [ -93.093206037175605, 16.835079054506924 ], [ -93.093091445047094, 16.835077517915888 ], [ -93.092805524082706, 16.835032383049491 ], [ -93.092520162663604, 16.834945954675153 ], [ -93.092176386533396, 16.834941343561376 ], [ -93.0919477619899, 16.834896976057411 ], [ -93.091834289098102, 16.834812852547085 ], [ -93.091549488063393, 16.834685129709399 ], [ -93.091265806774899, 16.834474820255739 ], [ -93.090924830297993, 16.834263741493917 ], [ -93.090640030689102, 16.834136017381571 ], [ -93.0905265588258, 16.834051893137644 ], [ -93.090283230924044, 16.833960497118543 ], [ -93.090241479846753, 16.833944815712432 ], [ -93.091061360439994, 16.828996340015468 ], [ -93.090659232624716, 16.828790567767189 ], [ -93.090026566167793, 16.828254603969206 ], [ -93.089450952519996, 16.827635825375886 ], [ -93.088587904264799, 16.826811004910422 ], [ -93.087725592947805, 16.826192881841163 ], [ -93.087036913868388, 16.82602910254754 ], [ -93.086461462257716, 16.825451655598652 ], [ -93.085539932596731, 16.82429623171258 ], [ -93.085309551928887, 16.824007375067136 ], [ -93.08473454738062, 16.823553943836504 ], [ -93.084218772653301, 16.823637803197542 ], [ -93.083647106916601, 16.824135194429697 ], [ -93.083189685234103, 16.824508302120027 ], [ -93.082732696187904, 16.825005429499285 ], [ -93.082390821256794, 16.825626315773221 ], [ -93.082277586017398, 16.826039979586529 ], [ -93.082280046144902, 16.826742762855215 ], [ -93.082339992762599, 16.827486756599008 ], [ -93.082285545368904, 16.828313691514246 ], [ -93.082057768770113, 16.828768955378749 ], [ -93.081600188313203, 16.829100719203566 ], [ -93.080914247907302, 16.829722383688015 ], [ -93.080172547324196, 16.830798918076415 ], [ -93.078114105097129, 16.83249852927921 ], [ -93.077485053476295, 16.832996032339711 ], [ -93.076570141698241, 16.833742218904625 ], [ -93.076112109562814, 16.833949949803245 ], [ -93.075137839390621, 16.8341174956653 ], [ -93.074907748748998, 16.833911308046261 ], [ -93.074390654439, 16.83362308085832 ], [ -93.073988248722998, 16.833334596241581 ], [ -93.073757445884695, 16.832921706213572 ], [ -93.073120388103803, 16.831104143452386 ], [ -93.072946504496102, 16.830567103880171 ], [ -93.072772479216098, 16.829988723895717 ], [ -93.072770909983802, 16.829533981320889 ], [ -93.072883739879003, 16.828996302765511 ], [ -93.0731688807805, 16.828540921848056 ], [ -93.073453591914301, 16.827961518419091 ], [ -93.073337194789303, 16.827465691323631 ], [ -93.072358393205619, 16.826310336141994 ], [ -93.071610391719005, 16.825567869190728 ], [ -93.071150523848999, 16.825238165845313 ], [ -93.070517639480101, 16.824619461006602 ], [ -93.070172031135399, 16.824165480426259 ], [ -93.069711743179695, 16.823711753007114 ], [ -93.069193265696498, 16.823010109662896 ], [ -93.069476703367869, 16.822058649680599 ], [ -93.069704076186468, 16.821479378556344 ], [ -93.069932299793962, 16.821148148794741 ], [ -93.070217578190267, 16.820734111225558 ], [ -93.070846181875197, 16.820112609072929 ], [ -93.071017489204692, 16.819905526079008 ], [ -93.071531836077327, 16.819408297058018 ], [ -93.07204603778591, 16.818869726457638 ], [ -93.072961324274615, 16.818247580006535 ], [ -93.073762784313004, 16.817873727165971 ], [ -93.074507903541203, 16.817789381368062 ], [ -93.075080719382996, 16.817622738153364 ], [ -93.075595049488697, 16.817125498231889 ], [ -93.07565081226403, 16.816670626626919 ], [ -93.075591038572981, 16.81596797031003 ], [ -93.075646084748414, 16.815306397219071 ], [ -93.075816666090986, 16.814892608722765 ], [ -93.076102065734815, 16.814519903114522 ], [ -93.076329983120559, 16.814105985520584 ], [ -93.076614806734327, 16.813567918008495 ], [ -93.076842434853233, 16.813071319227532 ], [ -93.077184018403045, 16.812367760845301 ], [ -93.077354450184501, 16.811912630680759 ], [ -93.077524881157132, 16.811457500358252 ], [ -93.07786732170301, 16.811001982567369 ], [ -93.07826810398771, 16.810835717078444 ], [ -93.078725646601043, 16.810503960242656 ], [ -93.07964216817868, 16.810253846532088 ], [ -93.080386966418914, 16.810086798902095 ], [ -93.081132774395002, 16.81020913067896 ], [ -93.081649526073036, 16.810414661193143 ], [ -93.082453541103249, 16.810784899755458 ], [ -93.082970730258069, 16.81111444780619 ], [ -93.083315765537193, 16.811403046259386 ], [ -93.083601870159796, 16.81123703166211 ], [ -93.083657612178996, 16.81078215771462 ], [ -93.083483862672608, 16.810286466334492 ], [ -93.083253067445, 16.809873586009697 ], [ -93.082907890216987, 16.809543647096501 ], [ -93.082562714182401, 16.809213707588203 ], [ -93.082159190599498, 16.808594515687783 ], [ -93.081928400294402, 16.808181633787132 ], [ -93.081696888220506, 16.807562050062263 ], [ -93.081580193399901, 16.806983546462003 ], [ -93.081693418959304, 16.806569882592122 ], [ -93.081921603972802, 16.806238639203219 ], [ -93.082264314031704, 16.805865795270616 ], [ -93.082663344566384, 16.805203436708911 ], [ -93.083005327160805, 16.804623889925594 ], [ -93.083175158736907, 16.804003392709117 ], [ -93.083401019475801, 16.803010702444581 ], [ -93.083685371770699, 16.802348603738665 ], [ -93.083854909124511, 16.801645425876696 ], [ -93.083967546582997, 16.801066400343736 ], [ -93.084138242336294, 16.80069394415079 ], [ -93.084137516989003, 16.800487242479917 ], [ -93.084423314314407, 16.800238545972405 ], [ -93.084709836858494, 16.800196550736885 ], [ -93.085283172196995, 16.800195239736485 ], [ -93.086086278117421, 16.800317422646508 ], [ -93.086774863484393, 16.800481205969209 ], [ -93.087406262135801, 16.800686459087107 ], [ -93.088095579581704, 16.801056939601136 ], [ -93.089015112041494, 16.801674931643138 ], [ -93.089647833408705, 16.802252240694358 ], [ -93.089935528412695, 16.802540960020082 ], [ -93.090453147306803, 16.802994510509233 ], [ -93.090798618647497, 16.803407117589284 ], [ -93.091545433742994, 16.803818794641661 ], [ -93.093210784038206, 16.80455905841616 ], [ -93.098264691977306, 16.806903653509671 ], [ -93.098896272349208, 16.80715021204799 ], [ -93.099986836685034, 16.807478366014486 ], [ -93.100560788116496, 16.807642374135334 ], [ -93.101019771477894, 16.807723969897676 ], [ -93.101478606387701, 16.807764225745089 ], [ -93.101994181463994, 16.807638982253302 ], [ -93.10228026407232, 16.807472942419036 ], [ -93.102508265246101, 16.807100335432196 ], [ -93.102679079173598, 16.80676920588904 ], [ -93.102678035498599, 16.806479823267331 ], [ -93.102276687820904, 16.806480775127792 ], [ -93.1018762336695, 16.806729767868696 ], [ -93.101590449539501, 16.806978488394336 ], [ -93.101418740584606, 16.807061576076382 ], [ -93.101408746240196, 16.807031023671314 ], [ -93.101023230462118, 16.800487290004099 ], [ -93.101981899988616, 16.800629915791486 ], [ -93.104741355708896, 16.801040443980806 ], [ -93.104784036674431, 16.801043433746642 ], [ -93.104819865927908, 16.801045940742792 ], [ -93.105478089473635, 16.801157135905044 ], [ -93.107597962145491, 16.801515229090018 ], [ -93.108665697425934, 16.801695590556839 ], [ -93.109356247208751, 16.801812231463654 ], [ -93.109409434437623, 16.80180472423055 ], [ -93.109415761314906, 16.801745159317697 ], [ -93.109501513388608, 16.800937845119076 ], [ -93.10950545973752, 16.800900005063564 ], [ -93.10951505536363, 16.800807996153111 ], [ -93.10954717536022, 16.800500008747107 ], [ -93.109608795412171, 16.799909152898525 ], [ -93.109676366765683, 16.799069765651115 ], [ -93.109710829024692, 16.798567970825992 ], [ -93.109769399281319, 16.79813472112183 ], [ -93.109893282350455, 16.797189295738878 ], [ -93.10999850004292, 16.796359388683594 ], [ -93.1106770674686, 16.796585663628171 ], [ -93.110928920734807, 16.796682149251446 ], [ -93.110961249254302, 16.796471134270426 ], [ -93.111020145702796, 16.796528676576919 ], [ -93.1112756791658, 16.796699701496909 ], [ -93.111313140788397, 16.796724773976408 ], [ -93.111780842351905, 16.796878463752115 ], [ -93.111828406855906, 16.796632479155775 ], [ -93.112295722690206, 16.79673487545104 ], [ -93.112358938459195, 16.796742854606183 ], [ -93.112393976230294, 16.79674727709876 ], [ -93.112742491232211, 16.796788691033637 ], [ -93.113190174241694, 16.796837654513009 ], [ -93.113458661991302, 16.796880287449767 ], [ -93.113483245408602, 16.79685686949977 ], [ -93.113499095425212, 16.796775667725758 ], [ -93.113715030134003, 16.79681376210419 ], [ -93.113711690852696, 16.796833297254985 ], [ -93.113933307737597, 16.796873932052804 ], [ -93.114154924715294, 16.796914566611285 ], [ -93.114279981692107, 16.796936750886783 ], [ -93.114428823346202, 16.795366450282291 ], [ -93.114392110050304, 16.795340672147841 ], [ -93.114420100081105, 16.795033245776292 ], [ -93.114434673424597, 16.794906852964715 ], [ -93.114441693676198, 16.794708795762734 ], [ -93.1144999809148, 16.793984869077494 ], [ -93.114616598386107, 16.794079794977538 ], [ -93.114722187298895, 16.794164524245165 ], [ -93.114831386276904, 16.794257436028513 ], [ -93.115073351454996, 16.794479074551131 ], [ -93.115114575916294, 16.794530777370731 ], [ -93.115197455052197, 16.794622244794677 ], [ -93.115254341992795, 16.794675595895431 ], [ -93.115394821116894, 16.794789615660928 ], [ -93.115596302245905, 16.794987334719131 ], [ -93.115761608916003, 16.795085456623585 ], [ -93.116021890321704, 16.795258032661778 ], [ -93.116396552616607, 16.795616813153107 ], [ -93.1164811349568, 16.795716741958419 ], [ -93.116746673364503, 16.796010246010315 ], [ -93.116916326489914, 16.796209151977635 ], [ -93.117181930916999, 16.796443657194416 ], [ -93.117228776410698, 16.79645321527186 ], [ -93.117224991970005, 16.796528154334318 ], [ -93.117678899095395, 16.79692627561327 ], [ -93.118089066539994, 16.797281163104685 ], [ -93.118126287873395, 16.79729428662769 ], [ -93.118345216660899, 16.797492690676165 ], [ -93.118762895273207, 16.797544148869367 ], [ -93.119220770037401, 16.797573598806942 ], [ -93.119698137006608, 16.797617111747016 ], [ -93.120157460786714, 16.797640705953018 ], [ -93.120599268910595, 16.797666630044972 ], [ -93.120650838667203, 16.79703315131351 ], [ -93.120773414364805, 16.797125690601035 ], [ -93.120911400248104, 16.797215222535421 ], [ -93.121251096311894, 16.797373323613559 ], [ -93.121423681704997, 16.797450196438707 ], [ -93.121654404883813, 16.797558524357758 ], [ -93.121905117425499, 16.797684334396003 ], [ -93.121964102039996, 16.797729733879784 ], [ -93.121937953371599, 16.798225822923758 ], [ -93.121893921122407, 16.798719855560829 ], [ -93.1218556100727, 16.799212506796799 ], [ -93.121818016760699, 16.799709291524128 ], [ -93.122117473403094, 16.799858622034375 ], [ -93.122404878452414, 16.800001125119088 ], [ -93.121937812363498, 16.800900424401068 ], [ -93.122379519901997, 16.80112439059468 ], [ -93.122780292243903, 16.801335724621882 ], [ -93.122141574351303, 16.802460714037078 ], [ -93.12218215817397, 16.802469685534362 ], [ -93.122552581334403, 16.802560492302476 ], [ -93.122605780423498, 16.802565371311942 ], [ -93.122654745335097, 16.802576042446631 ], [ -93.123072698721501, 16.802585254113865 ], [ -93.123199938169805, 16.802545531069526 ], [ -93.123438756552503, 16.802511816739624 ], [ -93.123633201124377, 16.802509463097653 ], [ -93.123769252213108, 16.802512487996715 ], [ -93.124421163160207, 16.802436424002469 ], [ -93.124662225590299, 16.802380612192369 ], [ -93.124926788981995, 16.802360446807974 ], [ -93.125005330432003, 16.80233169637523 ], [ -93.1250757808141, 16.802315201471263 ], [ -93.125480456069894, 16.802165710505101 ], [ -93.125674540674098, 16.80222223163068 ], [ -93.125921974301093, 16.802331583528442 ], [ -93.126112126079306, 16.802368471595535 ], [ -93.126204210575736, 16.802390805676374 ], [ -93.126368548255201, 16.802435148970559 ], [ -93.1264810739155, 16.802461134036125 ], [ -93.126725368172899, 16.802564445336593 ], [ -93.127037592662305, 16.802647180801433 ], [ -93.127049060683419, 16.802654840642138 ], [ -93.126933935974407, 16.802694616081219 ], [ -93.126761524794304, 16.802733632475821 ], [ -93.126589665528002, 16.80273135543937 ], [ -93.126417254242298, 16.802770371546075 ], [ -93.126072983553598, 16.802807110041289 ], [ -93.125843285636293, 16.802845366480376 ], [ -93.125556301160003, 16.802882863348124 ], [ -93.125441175996798, 16.802922637954183 ], [ -93.125268764296905, 16.802961653100692 ], [ -93.124922283644295, 16.803163562811644 ], [ -93.12469037547271, 16.803366991098983 ], [ -93.124515753475904, 16.803571178743976 ], [ -93.124341683579004, 16.803734072959063 ], [ -93.124224347653495, 16.803939020005707 ], [ -93.124106458952895, 16.804185260261171 ], [ -93.123988017399697, 16.80447279372207 ], [ -93.1238706806447, 16.804677740557882 ], [ -93.123752791037106, 16.804923980599117 ], [ -93.123634348499394, 16.805211513842302 ], [ -93.123400225758303, 16.805580113751173 ], [ -93.123223942214494, 16.805908180091031 ], [ -93.1231071565078, 16.806071833204427 ], [ -93.122875242876304, 16.806275259424829 ], [ -93.122700063457202, 16.806520738769112 ], [ -93.122526542197704, 16.806642338163275 ], [ -93.122409755445503, 16.806805990876022 ], [ -93.122234022009394, 16.8070927630827 ], [ -93.122001000239806, 16.807378774838497 ], [ -93.121883106569101, 16.807625013770583 ], [ -93.121592795660348, 16.807910264713048 ], [ -93.121477113532649, 16.807991330367098 ], [ -93.121246855278557, 16.808070874962503 ], [ -93.12073126317037, 16.808064029701448 ], [ -93.120447589729011, 16.807853759928328 ], [ -93.120277385963703, 16.807727597872695 ], [ -93.120049894552821, 16.807600674834241 ], [ -93.119821296531754, 16.807556338059257 ], [ -93.119708381261603, 16.807430936427934 ], [ -93.119480337050305, 16.807345306011541 ], [ -93.119195005276396, 16.80725891426237 ], [ -93.118911334715705, 16.807048642335953 ], [ -93.1187984203425, 16.806923240193253 ], [ -93.118627664778799, 16.806838370010109 ], [ -93.118514196978794, 16.806754260967903 ], [ -93.118345103014221, 16.806545510762597 ], [ -93.118232743109004, 16.806378815037057 ], [ -93.118063095951612, 16.806211357851133 ], [ -93.1179507364903, 16.806044661963274 ], [ -93.117781643772702, 16.805835911272592 ], [ -93.117611997494294, 16.805668453700324 ], [ -93.117384510299203, 16.805541527662172 ], [ -93.117271043816999, 16.805457417915498 ], [ -93.116929536813103, 16.805287674821134 ], [ -93.116700942266903, 16.805243334547018 ], [ -93.116470685292896, 16.805322873809807 ], [ -93.116124190963603, 16.805524768746992 ], [ -93.115950112087106, 16.805687655889521 ], [ -93.115777695898899, 16.805726663101336 ], [ -93.115546883573302, 16.805847494593603 ], [ -93.115431200098797, 16.805928556872718 ], [ -93.115258783584395, 16.805967563650842 ], [ -93.114971237734096, 16.806046339046837 ], [ -93.114742088165897, 16.806043289861453 ], [ -93.114512938603198, 16.80604024042098 ], [ -93.1142259469935, 16.806077721518967 ], [ -93.113882777335107, 16.806031853143306 ], [ -93.113654182581797, 16.805987509488482 ], [ -93.113140260943624, 16.805856765390633 ], [ -93.112797091931824, 16.805810895199137 ], [ -93.112625229981234, 16.805808606516486 ], [ -93.11239663577858, 16.805764261460038 ], [ -93.112225328969501, 16.805720679186418 ], [ -93.112110754392063, 16.805719153095247 ], [ -93.111824873138133, 16.805674044332115 ], [ -93.111595724044236, 16.805670991639538 ], [ -93.11136657495598, 16.805667938691599 ], [ -93.111022851334283, 16.805663358791119 ], [ -93.110620729570996, 16.805740601356153 ], [ -93.110332626599359, 16.805860663534375 ], [ -93.110041745416083, 16.806187191568597 ], [ -93.109750863238503, 16.806513719186981 ], [ -93.109692464425251, 16.806595541960462 ], [ -93.10951560063188, 16.806964889922451 ], [ -93.109397135347066, 16.807252415053647 ], [ -93.109277558233131, 16.807622526599975 ], [ -93.109157980659575, 16.807992638066299 ], [ -93.109095690701494, 16.808363513356696 ], [ -93.109035067880953, 16.808610508896496 ], [ -93.109035067969046, 16.808610509231467 ], [ -93.109035067881337, 16.808610509588849 ] ] ] ] } },
{ "type": "Feature", "properties": { "ID": 95, "ENTIDAD": 7, "MUNICIPIO": 102, "NOMBRE": "TUXTLA GUTIERREZ", "CONTROL": 163, "GEOMETRY1_": null, "ID_2": 2043, "ENTIDAD_2": 7, "DISTRITO_F": 9, "DISTRITO_L": 1, "MUNICIPIO_2": 102, "SECCION": 2160, "TIPO": 2, "CONTROL_2": 2788, "GEOMETRY1__2": null }, "geometry": { "type": "MultiPolygon", "coordinates": [ [ [ [ -93.117181930916999, 16.796443657194416 ], [ -93.116916326489914, 16.796209151977635 ], [ -93.116746673364503, 16.796010246010315 ], [ -93.1164811349568, 16.795716741958419 ], [ -93.116396552616607, 16.795616813153107 ], [ -93.116463693636007, 16.794589637010095 ], [ -93.116501755614607, 16.794262284085303 ], [ -93.116561711702218, 16.793436867456279 ], [ -93.116616907190803, 16.793326759071139 ], [ -93.116626896464794, 16.793104876671599 ], [ -93.116966095618395, 16.793138819120667 ], [ -93.116958171712298, 16.79332857004399 ], [ -93.117511863211902, 16.793429900698591 ], [ -93.117516962245801, 16.79337467412789 ], [ -93.117611015991201, 16.792261774010733 ], [ -93.117664417953605, 16.791681508781693 ], [ -93.118406580703606, 16.792227100599877 ], [ -93.118420776042498, 16.792122656105025 ], [ -93.118804171530101, 16.791406757832185 ], [ -93.118780866757504, 16.791339545218886 ], [ -93.118594699548396, 16.791237412902181 ], [ -93.118308115693694, 16.790981278412982 ], [ -93.118251663814675, 16.790832165932891 ], [ -93.118255303830665, 16.79069583360684 ], [ -93.118290642276079, 16.790625854370546 ], [ -93.118354908668906, 16.790566445862947 ], [ -93.11843711269303, 16.790616199973194 ], [ -93.11852354849654, 16.790671391773177 ], [ -93.118782303066681, 16.790837345203794 ], [ -93.118934428101895, 16.790959309439184 ], [ -93.119132141679046, 16.791120940636667 ], [ -93.119293076354964, 16.791260146022378 ], [ -93.119506908292564, 16.79144596851614 ], [ -93.119601282460323, 16.791492358156738 ], [ -93.12003950458066, 16.791707765458305 ], [ -93.120262636595641, 16.791687361412659 ], [ -93.120397913897804, 16.79166018608807 ], [ -93.120550618746563, 16.791573144638342 ], [ -93.120738066903442, 16.791526214441244 ], [ -93.120988015989539, 16.791492624601549 ], [ -93.121147693736802, 16.791452398971899 ], [ -93.121383751172374, 16.791412128203202 ], [ -93.121564297908876, 16.791432087551115 ], [ -93.121668477689667, 16.791472157750309 ], [ -93.121772704410333, 16.791585802716924 ], [ -93.122036814069091, 16.791980275061604 ], [ -93.122299744920795, 16.79227560452572 ], [ -93.122494732001002, 16.792400654875856 ], [ -93.12271568282452, 16.792488139198358 ], [ -93.122883484553796, 16.792520362824504 ], [ -93.123235499512802, 16.79258796116104 ], [ -93.123469436612297, 16.79266292033919 ], [ -93.124047726324406, 16.792965249332187 ], [ -93.124678367770372, 16.793438217539641 ], [ -93.125017361210922, 16.793717984257263 ], [ -93.125143817341069, 16.793829061904329 ], [ -93.125231822968971, 16.79396133514657 ], [ -93.12542975874463, 16.794141179031154 ], [ -93.125594693907999, 16.794273405225322 ], [ -93.125752229947665, 16.794420072377815 ], [ -93.125787528648374, 16.794451917299554 ], [ -93.125825787878668, 16.794486433060708 ], [ -93.125860229212876, 16.79451774630666 ], [ -93.125889380123738, 16.79454390406983 ], [ -93.125913540469767, 16.794565647617304 ], [ -93.125935586226745, 16.794585488094505 ], [ -93.126095016685426, 16.794701838035824 ], [ -93.126237986951978, 16.794855249433663 ], [ -93.126424892630823, 16.794971582263127 ], [ -93.126562350861107, 16.795098531466483 ], [ -93.126749306149392, 16.795288966937012 ], [ -93.126815347721148, 16.795442425272682 ], [ -93.126848387881253, 16.795548266300273 ], [ -93.12685944815118, 16.795654120868296 ], [ -93.12685953252678, 16.795781154475467 ], [ -93.126821127376942, 16.795871160314864 ], [ -93.126716796350294, 16.795982379016934 ], [ -93.126601499773344, 16.796130655893105 ], [ -93.126508193535301, 16.796294798396435 ], [ -93.126461956776254, 16.796446032001761 ], [ -93.1264204697341, 16.796591264147146 ], [ -93.126409669652375, 16.796633656194711 ], [ -93.126382106248286, 16.796744786698735 ], [ -93.126379410392104, 16.796832492176215 ], [ -93.126376822033109, 16.796916700332577 ], [ -93.126376810879236, 16.797046494860805 ], [ -93.126384708532527, 16.797112685528731 ], [ -93.12639891357901, 16.797231738685905 ], [ -93.126453951470779, 16.797364031589844 ], [ -93.126479177860801, 16.797410128728806 ], [ -93.126508968401396, 16.797464566080158 ], [ -93.126613426684813, 16.797543897873634 ], [ -93.126678883332332, 16.797589222907984 ], [ -93.126930952929484, 16.797739941732804 ], [ -93.12697930720033, 16.797770007870554 ], [ -93.126995935893746, 16.797780411729846 ], [ -93.127037234420243, 16.797806424902152 ], [ -93.127098036150983, 16.79784377494131 ], [ -93.127140502446565, 16.797869241890854 ], [ -93.127185988364204, 16.797896586578233 ], [ -93.127269372492947, 16.797983487059359 ], [ -93.127284444395457, 16.79805222813334 ], [ -93.127307174787589, 16.798155898528289 ], [ -93.127312976341159, 16.79818235864894 ], [ -93.127318913432646, 16.798209436932382 ], [ -93.127325092767904, 16.798237620048635 ], [ -93.127373793480658, 16.798378050872348 ], [ -93.127408570823164, 16.798464981366855 ], [ -93.127539044625536, 16.798740826443549 ], [ -93.12767270168446, 16.798859446075586 ], [ -93.127749142570465, 16.798946350657278 ], [ -93.12789100393708, 16.799167268556246 ], [ -93.127929433343652, 16.79922648548629 ], [ -93.12796462715977, 16.799280647608573 ], [ -93.128006362290904, 16.79938763951392 ], [ -93.12806194491003, 16.799434425248347 ], [ -93.128214867988405, 16.799668431596249 ], [ -93.129016651071595, 16.801194076449161 ], [ -93.128788058721668, 16.801149748877972 ], [ -93.128674589884412, 16.80106564539938 ], [ -93.128558914919481, 16.801146715040872 ], [ -93.128328116301631, 16.801267560833985 ], [ -93.128038928029056, 16.801470234329564 ], [ -93.127865414770184, 16.801591838231911 ], [ -93.127691349544222, 16.801754735280337 ], [ -93.12745834245375, 16.802040753266617 ], [ -93.127342114558004, 16.802163115514524 ], [ -93.127224230971706, 16.802409357564134 ], [ -93.127049060683419, 16.802654840642138 ], [ -93.127037592662305, 16.802647180801433 ], [ -93.126725368172899, 16.802564445336593 ], [ -93.1264810739155, 16.802461134036125 ], [ -93.126368548255201, 16.802435148970559 ], [ -93.126204210575736, 16.802390805676374 ], [ -93.126112126079306, 16.802368471595535 ], [ -93.125921974301093, 16.802331583528442 ], [ -93.125674540674098, 16.80222223163068 ], [ -93.125480456069894, 16.802165710505101 ], [ -93.1250757808141, 16.802315201471263 ], [ -93.125005330432003, 16.80233169637523 ], [ -93.124926788981995, 16.802360446807974 ], [ -93.124662225590299, 16.802380612192369 ], [ -93.124421163160207, 16.802436424002469 ], [ -93.123769252213108, 16.802512487996715 ], [ -93.123633201124377, 16.802509463097653 ], [ -93.123438756552503, 16.802511816739624 ], [ -93.123199938169805, 16.802545531069526 ], [ -93.123072698721501, 16.802585254113865 ], [ -93.122654745335097, 16.802576042446631 ], [ -93.122605780423498, 16.802565371311942 ], [ -93.122552581334403, 16.802560492302476 ], [ -93.12218215817397, 16.802469685534362 ], [ -93.122141574351303, 16.802460714037078 ], [ -93.122780292243903, 16.801335724621882 ], [ -93.122379519901997, 16.80112439059468 ], [ -93.121937812363498, 16.800900424401068 ], [ -93.122404878452414, 16.800001125119088 ], [ -93.122117473403094, 16.799858622034375 ], [ -93.121818016760699, 16.799709291524128 ], [ -93.1218556100727, 16.799212506796799 ], [ -93.121893921122407, 16.798719855560829 ], [ -93.121937953371599, 16.798225822923758 ], [ -93.121964102039996, 16.797729733879784 ], [ -93.121905117425499, 16.797684334396003 ], [ -93.121654404883813, 16.797558524357758 ], [ -93.121423681704997, 16.797450196438707 ], [ -93.121251096311894, 16.797373323613559 ], [ -93.120911400248104, 16.797215222535421 ], [ -93.120773414364805, 16.797125690601035 ], [ -93.120650838667203, 16.79703315131351 ], [ -93.120599268910595, 16.797666630044972 ], [ -93.120157460786714, 16.797640705953018 ], [ -93.119698137006608, 16.797617111747016 ], [ -93.119220770037401, 16.797573598806942 ], [ -93.118762895273207, 16.797544148869367 ], [ -93.118345216660899, 16.797492690676165 ], [ -93.118126287873395, 16.79729428662769 ], [ -93.118089066539994, 16.797281163104685 ], [ -93.117678899095395, 16.79692627561327 ], [ -93.117224991970005, 16.796528154334318 ], [ -93.117228776410698, 16.79645321527186 ], [ -93.117181930916999, 16.796443657194416 ] ] ] ] } },
{ "type": "Feature", "properties": { "ID": 95, "ENTIDAD": 7, "MUNICIPIO": 102, "NOMBRE": "TUXTLA GUTIERREZ", "CONTROL": 163, "GEOMETRY1_": null, "ID_2": 2044, "ENTIDAD_2": 7, "DISTRITO_F": 9, "DISTRITO_L": 1, "MUNICIPIO_2": 102, "SECCION": 2161, "TIPO": 2, "CONTROL_2": 2787, "GEOMETRY1__2": null }, "geometry": { "type": "MultiPolygon", "coordinates": [ [ [ [ -93.114428823346202, 16.795366450282291 ], [ -93.114279981692107, 16.796936750886783 ], [ -93.114154924715294, 16.796914566611285 ], [ -93.113933307737597, 16.796873932052804 ], [ -93.113711690852696, 16.796833297254985 ], [ -93.113715030134003, 16.79681376210419 ], [ -93.113499095425212, 16.796775667725758 ], [ -93.113483245408602, 16.79685686949977 ], [ -93.113458661991302, 16.796880287449767 ], [ -93.113190174241694, 16.796837654513009 ], [ -93.112742491232211, 16.796788691033637 ], [ -93.112393976230294, 16.79674727709876 ], [ -93.112358938459195, 16.796742854606183 ], [ -93.112295722690206, 16.79673487545104 ], [ -93.111828406855906, 16.796632479155775 ], [ -93.111780842351905, 16.796878463752115 ], [ -93.111313140788397, 16.796724773976408 ], [ -93.1112756791658, 16.796699701496909 ], [ -93.111020145702796, 16.796528676576919 ], [ -93.110961249254302, 16.796471134270426 ], [ -93.110928920734807, 16.796682149251446 ], [ -93.1106770674686, 16.796585663628171 ], [ -93.109998500042906, 16.796359388683594 ], [ -93.109097880012499, 16.796244929486704 ], [ -93.108170803961599, 16.796128449252446 ], [ -93.1082006330886, 16.795890028672787 ], [ -93.1082043473792, 16.795861417136454 ], [ -93.108210092545903, 16.795817161551298 ], [ -93.108272685497511, 16.795219306057884 ], [ -93.108393731027476, 16.794322493288494 ], [ -93.108480305047891, 16.793422798087843 ], [ -93.108509925850015, 16.793335515359878 ], [ -93.108600923458212, 16.792525390137286 ], [ -93.108692004785837, 16.791714513492426 ], [ -93.108714626542792, 16.791640273191874 ], [ -93.109565832169295, 16.791739087433921 ], [ -93.109727353373401, 16.791697659090499 ], [ -93.110550867369, 16.791811878740134 ], [ -93.110696564107698, 16.79184397957512 ], [ -93.111005379986494, 16.791901266356916 ], [ -93.111326004115696, 16.791979916677999 ], [ -93.111464187986499, 16.792013813533877 ], [ -93.111414016862611, 16.792759212272074 ], [ -93.111346227979695, 16.792832929563676 ], [ -93.111828075421101, 16.79288451157068 ], [ -93.112270829934701, 16.792931907640821 ], [ -93.112732395749404, 16.792981316386918 ], [ -93.113002219619503, 16.793010199444922 ], [ -93.113198413534803, 16.793131988295315 ], [ -93.113289844387197, 16.793188744567722 ], [ -93.113557036545799, 16.793354605338909 ], [ -93.113768155285101, 16.793474569349197 ], [ -93.113946182469604, 16.793562712616229 ], [ -93.114165481867204, 16.793721309568983 ], [ -93.114295005259706, 16.793821853858084 ], [ -93.1144999809148, 16.793984869077494 ], [ -93.114441693676198, 16.794708795762734 ], [ -93.114434673424597, 16.794906852964715 ], [ -93.114420100081105, 16.795033245776292 ], [ -93.114392110050304, 16.795340672147841 ], [ -93.114428823346202, 16.795366450282291 ] ] ] ] } },
{ "type": "Feature", "properties": { "ID": 95, "ENTIDAD": 7, "MUNICIPIO": 102, "NOMBRE": "TUXTLA GUTIERREZ", "CONTROL": 163, "GEOMETRY1_": null, "ID_2": 2045, "ENTIDAD_2": 7, "DISTRITO_F": 9, "DISTRITO_L": 1, "MUNICIPIO_2": 102, "SECCION": 2162, "TIPO": 2, "CONTROL_2": 2786, "GEOMETRY1__2": null }, "geometry": { "type": "MultiPolygon", "coordinates": [ [ [ [ -93.116021890321704, 16.795258032661778 ], [ -93.115761608916003, 16.795085456623585 ], [ -93.115596302245905, 16.794987334719131 ], [ -93.115394821116894, 16.794789615660928 ], [ -93.115254341992795, 16.794675595895431 ], [ -93.115197455052197, 16.794622244794677 ], [ -93.115114575916294, 16.794530777370731 ], [ -93.115073351454996, 16.794479074551131 ], [ -93.114831386276904, 16.794257436028513 ], [ -93.114722187298895, 16.794164524245165 ], [ -93.114616598386107, 16.794079794977538 ], [ -93.1144999809148, 16.793984869077494 ], [ -93.114295005259706, 16.793821853858084 ], [ -93.114165481867204, 16.793721309568983 ], [ -93.113946182469604, 16.793562712616229 ], [ -93.113768155285101, 16.793474569349197 ], [ -93.113557036545799, 16.793354605338909 ], [ -93.113289844387197, 16.793188744567722 ], [ -93.113198413534803, 16.793131988295315 ], [ -93.113002219619503, 16.793010199444922 ], [ -93.112732395749404, 16.792981316386918 ], [ -93.112270829934701, 16.792931907640821 ], [ -93.111828075421101, 16.79288451157068 ], [ -93.111346227979695, 16.792832929563676 ], [ -93.111414016862611, 16.792759212272074 ], [ -93.111464187986499, 16.792013813533877 ], [ -93.111326004115696, 16.791979916677999 ], [ -93.111005379986494, 16.791901266356916 ], [ -93.110696564107698, 16.79184397957512 ], [ -93.110550867369, 16.791811878740134 ], [ -93.109727353373401, 16.791697659090499 ], [ -93.109565832169295, 16.791739087433921 ], [ -93.108714626542792, 16.791640273191874 ], [ -93.108815199487097, 16.790731357861702 ], [ -93.108904896992883, 16.789901442384625 ], [ -93.109103479692479, 16.789945930817936 ], [ -93.109337856838607, 16.78897268039773 ], [ -93.109539058401509, 16.788137184002867 ], [ -93.109571403480118, 16.787998665594127 ], [ -93.109640461845459, 16.787693434698888 ], [ -93.109740155658244, 16.787252796515169 ], [ -93.109799971432423, 16.786988414881268 ], [ -93.109832529361483, 16.78684451074675 ], [ -93.109936870214014, 16.786383328819369 ], [ -93.110006970262901, 16.786008093921339 ], [ -93.110025190171243, 16.78592529947985 ], [ -93.11013730130108, 16.785497426666986 ], [ -93.111231480875702, 16.785720480572376 ], [ -93.111296257105906, 16.785529054493313 ], [ -93.111793538665296, 16.785844499277321 ], [ -93.112815518864551, 16.786454956887301 ], [ -93.113085460200352, 16.786035912728455 ], [ -93.11375814899128, 16.786435596546454 ], [ -93.114152300515954, 16.786684298249003 ], [ -93.115121786443225, 16.78724580148636 ], [ -93.115148561304466, 16.78726170960498 ], [ -93.115175124779924, 16.787273939639874 ], [ -93.115502492850823, 16.787424653528724 ], [ -93.116050574327872, 16.787390275703636 ], [ -93.116139381578222, 16.787384705225232 ], [ -93.116342715094802, 16.787939099947444 ], [ -93.116398371832304, 16.788130302010199 ], [ -93.116430958613719, 16.788350577579301 ], [ -93.11639453453212, 16.788498624671728 ], [ -93.11634194593006, 16.788742121170007 ], [ -93.116323962855205, 16.788825386516105 ], [ -93.116321791638015, 16.78895043887648 ], [ -93.116321152910004, 16.788989678917154 ], [ -93.116331021085855, 16.789052846174847 ], [ -93.116355735111497, 16.789210925647552 ], [ -93.116597357396145, 16.78956514112452 ], [ -93.116689402928998, 16.789697971036524 ], [ -93.116933470981238, 16.78982912470747 ], [ -93.116992315176404, 16.789858234073204 ], [ -93.117130738539601, 16.789925615541694 ], [ -93.117321280958294, 16.790018332247662 ], [ -93.117494343769195, 16.790107232960715 ], [ -93.117666859303299, 16.790240016491889 ], [ -93.117919851082704, 16.790383827307917 ], [ -93.118069334895182, 16.790450182666508 ], [ -93.118217971529461, 16.790483564320382 ], [ -93.118354908668906, 16.790566445862947 ], [ -93.118290642276079, 16.790625854370546 ], [ -93.118255303830665, 16.79069583360684 ], [ -93.118251663814675, 16.790832165932891 ], [ -93.118308115693694, 16.790981278412982 ], [ -93.118594699548396, 16.791237412902181 ], [ -93.118780866757504, 16.791339545218886 ], [ -93.118804171530101, 16.791406757832185 ], [ -93.118420776042498, 16.792122656105025 ], [ -93.118406580703606, 16.792227100599877 ], [ -93.117664417953605, 16.791681508781693 ], [ -93.117611015991201, 16.792261774010733 ], [ -93.117516962245801, 16.79337467412789 ], [ -93.117511863211902, 16.793429900698591 ], [ -93.116958171712298, 16.79332857004399 ], [ -93.116966095618395, 16.793138819120667 ], [ -93.116626896464794, 16.793104876671599 ], [ -93.116616907190803, 16.793326759071139 ], [ -93.116561711702218, 16.793436867456279 ], [ -93.116501755614607, 16.794262284085303 ], [ -93.116463693636007, 16.794589637010095 ], [ -93.116396552616607, 16.795616813153107 ], [ -93.116021890321704, 16.795258032661778 ] ] ] ] } },
{ "type": "Feature", "properties": { "ID": 95, "ENTIDAD": 7, "MUNICIPIO": 102, "NOMBRE": "TUXTLA GUTIERREZ", "CONTROL": 163, "GEOMETRY1_": null, "ID_2": 2046, "ENTIDAD_2": 7, "DISTRITO_F": 9, "DISTRITO_L": 1, "MUNICIPIO_2": 102, "SECCION": 2163, "TIPO": 2, "CONTROL_2": 2774, "GEOMETRY1__2": null }, "geometry": { "type": "MultiPolygon", "coordinates": [ [ [ [ -93.114060478932416, 16.779151134485552 ], [ -93.114029978626618, 16.779204433475389 ], [ -93.113995149638839, 16.779261269148407 ], [ -93.113946886836445, 16.779339857726381 ], [ -93.113858983246018, 16.779490823271964 ], [ -93.113460181203266, 16.780312674006591 ], [ -93.113285038215267, 16.780679415717355 ], [ -93.112906076263982, 16.781617279156357 ], [ -93.112974951580739, 16.781657252229806 ], [ -93.114027193279099, 16.782268341237955 ], [ -93.113778333057255, 16.782666441174335 ], [ -93.113532681355721, 16.783062375613898 ], [ -93.113511734298285, 16.78309613739685 ], [ -93.113486461503911, 16.783136871242558 ], [ -93.113280767118781, 16.78346245405211 ], [ -93.113041496235297, 16.783851290627499 ], [ -93.112794411582414, 16.784235115645025 ], [ -93.112526517377688, 16.78464904502491 ], [ -93.112290207192018, 16.78503967904518 ], [ -93.112045731433994, 16.785435837693495 ], [ -93.111793538665239, 16.785844499277321 ], [ -93.111296257105906, 16.785529054493313 ], [ -93.111231480875702, 16.785720480572376 ], [ -93.11013730130108, 16.785497426666986 ], [ -93.11023837814254, 16.785050664448079 ], [ -93.110335140710532, 16.784610028213518 ], [ -93.110428537827502, 16.784184715571261 ], [ -93.110457115228527, 16.784054579157665 ], [ -93.110523184654809, 16.783753710024008 ], [ -93.110595453787639, 16.783317037597776 ], [ -93.110605998405902, 16.783272004324083 ], [ -93.11065930531646, 16.783044344286154 ], [ -93.110705923845202, 16.782845248145051 ], [ -93.110776842944432, 16.78254236949973 ], [ -93.110882996937804, 16.782073044546511 ], [ -93.110434722635006, 16.781940543802424 ], [ -93.110717712494719, 16.78094110757462 ], [ -93.110882850743991, 16.780357883277134 ], [ -93.110959516398026, 16.780084840053469 ], [ -93.111051651650371, 16.779696230779752 ], [ -93.111093953649373, 16.779517808314122 ], [ -93.111313386370654, 16.778592274546654 ], [ -93.112789966655981, 16.778641190842155 ], [ -93.113247605051654, 16.778656350288685 ], [ -93.114281109122444, 16.77869577617939 ], [ -93.114098839467133, 16.779086464735915 ], [ -93.114060478932416, 16.779151134485552 ] ] ] ] } },
{ "type": "Feature", "properties": { "ID": 95, "ENTIDAD": 7, "MUNICIPIO": 102, "NOMBRE": "TUXTLA GUTIERREZ", "CONTROL": 163, "GEOMETRY1_": null, "ID_2": 2047, "ENTIDAD_2": 7, "DISTRITO_F": 9, "DISTRITO_L": 2, "MUNICIPIO_2": 102, "SECCION": 2164, "TIPO": 2, "CONTROL_2": 2795, "GEOMETRY1__2": null }, "geometry": { "type": "MultiPolygon", "coordinates": [ [ [ [ -93.129570765270103, 16.80260563127861 ], [ -93.129570765261221, 16.80260563121541 ], [ -93.129570765269634, 16.802605630585543 ], [ -93.129518441047139, 16.802233233438926 ], [ -93.129462257496129, 16.80214988862409 ], [ -93.129352647475514, 16.801776732477236 ], [ -93.129186303282168, 16.801361524651718 ], [ -93.129130120134803, 16.801278179736443 ], [ -93.129016651071538, 16.801194076449161 ], [ -93.128214867988405, 16.799668431596249 ], [ -93.12806194491003, 16.799434425248347 ], [ -93.128006362290904, 16.79938763951392 ], [ -93.12796462715977, 16.799280647608573 ], [ -93.127929433343652, 16.79922648548629 ], [ -93.12789100393708, 16.799167268556246 ], [ -93.127749142570465, 16.798946350657278 ], [ -93.12767270168446, 16.798859446075586 ], [ -93.127539044625536, 16.798740826443549 ], [ -93.127408570823164, 16.798464981366855 ], [ -93.127373793480658, 16.798378050872348 ], [ -93.127325092767904, 16.798237620048635 ], [ -93.127318913432646, 16.798209436932382 ], [ -93.127312976341159, 16.79818235864894 ], [ -93.127307174787589, 16.798155898528289 ], [ -93.127284444395457, 16.79805222813334 ], [ -93.127269372492947, 16.797983487059359 ], [ -93.127185988364204, 16.797896586578233 ], [ -93.127140502446565, 16.797869241890854 ], [ -93.127098036150983, 16.79784377494131 ], [ -93.127037234420243, 16.797806424902152 ], [ -93.126995935893746, 16.797780411729846 ], [ -93.12697930720033, 16.797770007870554 ], [ -93.126930952929484, 16.797739941732804 ], [ -93.126678883332332, 16.797589222907984 ], [ -93.126613426684813, 16.797543897873634 ], [ -93.126508968401396, 16.797464566080158 ], [ -93.126479177860801, 16.797410128728806 ], [ -93.126453951470779, 16.797364031589844 ], [ -93.12639891357901, 16.797231738685905 ], [ -93.126384708532527, 16.797112685528731 ], [ -93.126376810879236, 16.797046494860805 ], [ -93.126376822033109, 16.796916700332577 ], [ -93.126379410392104, 16.796832492176215 ], [ -93.126382106248286, 16.796744786698735 ], [ -93.126409669652375, 16.796633656194711 ], [ -93.1264204697341, 16.796591264147146 ], [ -93.126461956776254, 16.796446032001761 ], [ -93.126508193535301, 16.796294798396435 ], [ -93.126601499773344, 16.796130655893105 ], [ -93.126716796350294, 16.795982379016934 ], [ -93.126821127376942, 16.795871160314864 ], [ -93.12685953252678, 16.795781154475467 ], [ -93.12685944815118, 16.795654120868296 ], [ -93.126848387881253, 16.795548266300273 ], [ -93.126815347721148, 16.795442425272682 ], [ -93.126749306149392, 16.795288966937012 ], [ -93.126562350861107, 16.795098531466483 ], [ -93.126424892630823, 16.794971582263127 ], [ -93.126237986951978, 16.794855249433663 ], [ -93.126095016685426, 16.794701838035824 ], [ -93.125935586226745, 16.794585488094505 ], [ -93.125913540469767, 16.794565647617304 ], [ -93.125889380123738, 16.79454390406983 ], [ -93.125860229212876, 16.79451774630666 ], [ -93.125825787878668, 16.794486433060708 ], [ -93.125787528648374, 16.794451917299554 ], [ -93.125752229947665, 16.794420072377815 ], [ -93.125594693907999, 16.794273405225322 ], [ -93.12542975874463, 16.794141179031154 ], [ -93.125231822968971, 16.79396133514657 ], [ -93.125143817341069, 16.793829061904329 ], [ -93.125017361210922, 16.793717984257263 ], [ -93.124678367770372, 16.793438217539641 ], [ -93.124047726324406, 16.792965249332187 ], [ -93.12346943661187, 16.792662919645217 ], [ -93.123235499512418, 16.792587960467056 ], [ -93.122883484553412, 16.792520362130528 ], [ -93.122715682824079, 16.792488138504378 ], [ -93.122494732000547, 16.792400654181886 ], [ -93.122299744920767, 16.79227560452572 ], [ -93.122036814069091, 16.791980275061604 ], [ -93.121772704410333, 16.791585802716924 ], [ -93.121668477689667, 16.791472157750309 ], [ -93.121564297908876, 16.791432087551115 ], [ -93.121383751172374, 16.791412128203202 ], [ -93.121147693736802, 16.791452398971899 ], [ -93.120988015989539, 16.791492624601549 ], [ -93.120738066903442, 16.791526214441244 ], [ -93.120550618746563, 16.791573144638342 ], [ -93.120397913897804, 16.79166018608807 ], [ -93.120262636595641, 16.791687361412659 ], [ -93.12003950458066, 16.791707765458305 ], [ -93.119601282460323, 16.791492358156738 ], [ -93.119506908292564, 16.79144596851614 ], [ -93.119293076354964, 16.791260146022378 ], [ -93.119132141679046, 16.791120940636667 ], [ -93.118934428101895, 16.790959309439184 ], [ -93.118782303066681, 16.790837345203794 ], [ -93.11852354849654, 16.790671391773177 ], [ -93.11843711269303, 16.790616199973194 ], [ -93.118354908668906, 16.790566445862947 ], [ -93.118217971529461, 16.790483564320382 ], [ -93.118069334895182, 16.790450182666508 ], [ -93.117919851082704, 16.790383827307917 ], [ -93.117666859303299, 16.790240016491889 ], [ -93.117494343769195, 16.790107232960715 ], [ -93.117321280958294, 16.790018332247662 ], [ -93.117130738539601, 16.789925615541694 ], [ -93.116992315176404, 16.789858234073204 ], [ -93.116933470981238, 16.78982912470747 ], [ -93.116689402928998, 16.789697971036524 ], [ -93.116597357396145, 16.78956514112452 ], [ -93.116355735111497, 16.789210925647552 ], [ -93.116331021085855, 16.789052846174847 ], [ -93.116321152910004, 16.788989678917154 ], [ -93.116321791638015, 16.78895043887648 ], [ -93.116323962855205, 16.788825386516105 ], [ -93.11634194593006, 16.788742121170007 ], [ -93.11639453453212, 16.788498624671728 ], [ -93.116430958613719, 16.788350577579301 ], [ -93.116398371832304, 16.788130302010199 ], [ -93.117251667280101, 16.78825465564071 ], [ -93.117198731968998, 16.788366099096159 ], [ -93.117720511389862, 16.78862424990643 ], [ -93.117806703128466, 16.788499819779737 ], [ -93.117843255809262, 16.78844387068234 ], [ -93.118440233657793, 16.787530105276783 ], [ -93.118679695287454, 16.787118090250104 ], [ -93.118918348951269, 16.786738033283687 ], [ -93.11897665247939, 16.786645184396978 ], [ -93.119153818012023, 16.786363046055872 ], [ -93.119385417377416, 16.785994219662534 ], [ -93.119530335215842, 16.785763434391253 ], [ -93.119625467320333, 16.78561193378372 ], [ -93.119877631239461, 16.785210300726682 ], [ -93.120124408394375, 16.78481724548039 ], [ -93.120361216161541, 16.784440067213655 ], [ -93.120617277860433, 16.784030398600756 ], [ -93.121527534314097, 16.784334564600091 ], [ -93.121635740186107, 16.784379973424883 ], [ -93.122351812014799, 16.784593649911812 ], [ -93.1234259771783, 16.784998473864377 ], [ -93.123762528632398, 16.785335527698113 ], [ -93.123776666666672, 16.785298333333326 ], [ -93.123834687010429, 16.784960416558427 ], [ -93.123849649046292, 16.784884519565207 ], [ -93.124318338901318, 16.78423686301808 ], [ -93.12438, 16.784171666666648 ], [ -93.124507893772872, 16.78397995005902 ], [ -93.124538628000153, 16.783936028813539 ], [ -93.124664978561881, 16.783753756318763 ], [ -93.124728333333351, 16.78359 ], [ -93.124744851338193, 16.783549593110315 ], [ -93.124904002738816, 16.783203313296777 ], [ -93.12493540146636, 16.783135455387594 ], [ -93.12592283436517, 16.78115752024398 ], [ -93.126022424693261, 16.781001879239483 ], [ -93.126112191100702, 16.780867855628991 ], [ -93.125774712992396, 16.780284263919771 ], [ -93.125533202391097, 16.779824733393273 ], [ -93.125512196972394, 16.779777840289061 ], [ -93.125443751526504, 16.779354285586166 ], [ -93.125441476790201, 16.779312432471709 ], [ -93.125350676301196, 16.779067855399994 ], [ -93.1246688836641, 16.778884253605927 ], [ -93.124198372097993, 16.778756809380099 ], [ -93.123681407355704, 16.778613516119133 ], [ -93.123645093428394, 16.778651902468006 ], [ -93.1226274974088, 16.778484054747775 ], [ -93.123511718468507, 16.774574999020544 ], [ -93.123714677311597, 16.774607940197882 ], [ -93.124317544384994, 16.774643515348544 ], [ -93.124897990361205, 16.774620164075603 ], [ -93.124992025307606, 16.774608248781306 ], [ -93.125590959758298, 16.775942490347184 ], [ -93.125596253511702, 16.775980193907309 ], [ -93.125676550036204, 16.776754584304605 ], [ -93.126180331332804, 16.777079134851657 ], [ -93.126339976840995, 16.777184180935436 ], [ -93.126385962107804, 16.777289296642504 ], [ -93.127339250267795, 16.777810078430111 ], [ -93.128080201181305, 16.778219317791507 ], [ -93.128489081526794, 16.77844602898567 ], [ -93.128687878836004, 16.778562650885124 ], [ -93.129288526657405, 16.778921552915492 ], [ -93.129184581281507, 16.779059828247732 ], [ -93.129097734807104, 16.779075992336029 ], [ -93.128729066576199, 16.779568158090925 ], [ -93.128942616629303, 16.779678721862876 ], [ -93.128986308756197, 16.779719175713264 ], [ -93.1290074478663, 16.779758642943218 ], [ -93.129210563425801, 16.77999434304272 ], [ -93.1295226681396, 16.780355320700895 ], [ -93.129788367037307, 16.780685202496795 ], [ -93.130062674870999, 16.781006652333915 ], [ -93.130330896646598, 16.781326711607921 ], [ -93.130664834082694, 16.781575774093941 ], [ -93.130980018905305, 16.781821235284621 ], [ -93.131306373730396, 16.78208372960508 ], [ -93.131617603144903, 16.782334057062751 ], [ -93.131666686438905, 16.782373535541886 ], [ -93.131902902912401, 16.782600442081062 ], [ -93.132206995135704, 16.78290692131106 ], [ -93.132515900569103, 16.783197133956623 ], [ -93.132626925098407, 16.783317873532322 ], [ -93.132812796578804, 16.783557052538491 ], [ -93.133056630060096, 16.783910035090663 ], [ -93.133261821085298, 16.784184050521791 ], [ -93.133476504233997, 16.784532665758967 ], [ -93.133449369635301, 16.784604827615162 ], [ -93.133604393394933, 16.784885161866406 ], [ -93.133651447921125, 16.784964567690466 ], [ -93.133730954368801, 16.785096213274105 ], [ -93.134657633195701, 16.784544529449274 ], [ -93.135434807380605, 16.784083758712846 ], [ -93.135296192543294, 16.783895951979428 ], [ -93.13517940559592, 16.783735108248564 ], [ -93.135055747081594, 16.783576503688685 ], [ -93.135213746087999, 16.783650249861417 ], [ -93.135747774012103, 16.784030939203397 ], [ -93.136008189178995, 16.784387017201713 ], [ -93.136130269898501, 16.78454962326024 ], [ -93.151205910864206, 16.804336358824674 ], [ -93.151090243599498, 16.804417441048631 ], [ -93.150917835966993, 16.804456477651588 ], [ -93.150744881500856, 16.804536807415822 ], [ -93.150571380088635, 16.804658430340123 ], [ -93.150455165532506, 16.804780805512792 ], [ -93.150223282848927, 16.804984262357443 ], [ -93.150049233783321, 16.805147178145017 ], [ -93.149933565533331, 16.80522825972027 ], [ -93.149760609949425, 16.805308588660168 ], [ -93.149244477757321, 16.80534310810889 ], [ -93.149128809043617, 16.805424189233861 ], [ -93.148956400088295, 16.805463224199915 ], [ -93.148668869266061, 16.805542046589714 ], [ -93.148266763550083, 16.805619362623577 ], [ -93.147806275355606, 16.805778511355879 ], [ -93.147517648648005, 16.805939918737391 ], [ -93.147226831351915, 16.806266498897568 ], [ -93.147052230984627, 16.806470705453901 ], [ -93.146934370296876, 16.806716958524134 ], [ -93.146701386213891, 16.807002997994701 ], [ -93.146468401434007, 16.807289037199144 ], [ -93.146178675800257, 16.807533029285519 ], [ -93.145947333001956, 16.807695188030344 ], [ -93.145773277803627, 16.807858100206079 ], [ -93.145312782097392, 16.80801724338156 ], [ -93.145024149882246, 16.808178647272772 ], [ -93.144565297075161, 16.808213908923438 ], [ -93.144221568485904, 16.808209384527171 ], [ -93.143935676242677, 16.808164320473871 ], [ -93.143649784131227, 16.808119256021996 ], [ -93.143308797595068, 16.807908263672566 ], [ -93.143024551316159, 16.807739318489428 ], [ -93.142683566144882, 16.807528325085425 ], [ -93.142456060261949, 16.8074014269251 ], [ -93.142171815486648, 16.807232480543934 ], [ -93.141887571212578, 16.807063533763337 ], [ -93.141544942232059, 16.806976418303094 ], [ -93.141372530273202, 16.807015446930986 ], [ -93.140802946442534, 16.806760137313265 ], [ -93.140172233188608, 16.806793123870541 ], [ -93.13982795807604, 16.806829885399122 ], [ -93.139483133625419, 16.806907939637465 ], [ -93.139311270530911, 16.80690567325577 ], [ -93.139081570454977, 16.80694394447465 ], [ -93.138737844208237, 16.806939410897321 ], [ -93.138280641486659, 16.806850778666668 ], [ -93.138224452754017, 16.806767436319245 ], [ -93.137996950706864, 16.80664053318937 ], [ -93.137884024116147, 16.80651514160175 ], [ -93.137599784662953, 16.806346188848956 ], [ -93.137315545710962, 16.806177235696964 ], [ -93.136972920350075, 16.806090112587672 ], [ -93.136631394931797, 16.805920402333495 ], [ -93.136345507828267, 16.805875327683442 ], [ -93.136173095764107, 16.805914351958801 ], [ -93.13600068362841, 16.805953376090041 ], [ -93.135540184179249, 16.806112497447383 ], [ -93.135251546456573, 16.80627388769852 ], [ -93.134847782943368, 16.806475057402277 ], [ -93.134444568865462, 16.806634933035522 ], [ -93.13409864176225, 16.806795564825233 ], [ -93.13352301277331, 16.806994461056117 ], [ -93.133178185364329, 16.807072504746639 ], [ -93.133006872757562, 16.807028939821272 ], [ -93.132722086136397, 16.806901273590665 ], [ -93.132551324485576, 16.806816415005471 ], [ -93.132380562985759, 16.806731556276841 ], [ -93.132212004733049, 16.80648152429152 ], [ -93.131928871959303, 16.806229977107201 ], [ -93.131704129103213, 16.805896600574613 ], [ -93.13159065615632, 16.805812498771623 ], [ -93.131365363429623, 16.805520415130044 ], [ -93.131195154605763, 16.805394262112706 ], [ -93.130911473731643, 16.805184006763891 ], [ -93.130740714416405, 16.805099146645201 ], [ -93.130627793481253, 16.804973751015343 ], [ -93.130458136781542, 16.804806304091148 ], [ -93.13034631855578, 16.804598321732403 ], [ -93.130121580393009, 16.804264943385437 ], [ -93.129954681064845, 16.803891029595121 ], [ -93.129843966494207, 16.803600460362421 ], [ -93.129732700957447, 16.80335118434779 ], [ -93.129679273569408, 16.803061373158911 ], [ -93.129568559916848, 16.802770803772933 ], [ -93.129570765270103, 16.80260563127861 ] ] ] ] } },
{ "type": "Feature", "properties": { "ID": 95, "ENTIDAD": 7, "MUNICIPIO": 102, "NOMBRE": "TUXTLA GUTIERREZ", "CONTROL": 163, "GEOMETRY1_": null, "ID_2": 2048, "ENTIDAD_2": 7, "DISTRITO_F": 9, "DISTRITO_L": 2, "MUNICIPIO_2": 102, "SECCION": 2165, "TIPO": 2, "CONTROL_2": 2793, "GEOMETRY1__2": null }, "geometry": { "type": "MultiPolygon", "coordinates": [ [ [ [ -93.145416431175406, 16.769769544439981 ], [ -93.145768219550604, 16.76992764057804 ], [ -93.151123486108702, 16.77070447892768 ], [ -93.151105717430397, 16.770979212104805 ], [ -93.151205910864206, 16.804336358824674 ], [ -93.136130269898501, 16.78454962326024 ], [ -93.136008189178995, 16.784387017201713 ], [ -93.135747774012103, 16.784030939203397 ], [ -93.135213746087999, 16.783650249861417 ], [ -93.135055747081594, 16.783576503688685 ], [ -93.13517940559592, 16.783735108248564 ], [ -93.135296192543294, 16.783895951979428 ], [ -93.135434807380605, 16.784083758712846 ], [ -93.134657633195701, 16.784544529449274 ], [ -93.133730954368801, 16.785096213274105 ], [ -93.133651447921125, 16.784964567690466 ], [ -93.133604393394933, 16.784885161866406 ], [ -93.133449369635301, 16.784604827615162 ], [ -93.133476504233997, 16.784532665758967 ], [ -93.133261821085298, 16.784184050521791 ], [ -93.133056630060096, 16.783910035090663 ], [ -93.132812796578804, 16.783557052538491 ], [ -93.132626925098407, 16.783317873532322 ], [ -93.132515900569103, 16.783197133956623 ], [ -93.132206995135704, 16.78290692131106 ], [ -93.131902902912401, 16.782600442081062 ], [ -93.131666686438905, 16.782373535541886 ], [ -93.131617603144903, 16.782334057062751 ], [ -93.131306373730396, 16.78208372960508 ], [ -93.130980018905305, 16.781821235284621 ], [ -93.130664834082694, 16.781575774093941 ], [ -93.130330896646598, 16.781326711607921 ], [ -93.130062674870999, 16.781006652333915 ], [ -93.129788367037307, 16.780685202496795 ], [ -93.1295226681396, 16.780355320700895 ], [ -93.129210563425801, 16.77999434304272 ], [ -93.1290074478663, 16.779758642943218 ], [ -93.128986308756197, 16.779719175713264 ], [ -93.128942616629303, 16.779678721862876 ], [ -93.128729066576199, 16.779568158090925 ], [ -93.129097734807104, 16.779075992336029 ], [ -93.129184581281507, 16.779059828247732 ], [ -93.129288526657405, 16.778921552915492 ], [ -93.128687878836004, 16.778562650885124 ], [ -93.128489081526794, 16.77844602898567 ], [ -93.128080201181305, 16.778219317791507 ], [ -93.127339250267795, 16.777810078430111 ], [ -93.126385962107804, 16.777289296642504 ], [ -93.126339976840995, 16.777184180935436 ], [ -93.126180331332804, 16.777079134851657 ], [ -93.125676550036204, 16.776754584304605 ], [ -93.125596253511702, 16.775980193907309 ], [ -93.125590959758298, 16.775942490347184 ], [ -93.124992025307606, 16.774608248781306 ], [ -93.124897990361205, 16.774620164075603 ], [ -93.124317544384994, 16.774643515348544 ], [ -93.123714677311597, 16.774607940197882 ], [ -93.123511718468507, 16.774574999020544 ], [ -93.1226274974088, 16.778484054747775 ], [ -93.121621350170898, 16.778299517180859 ], [ -93.121054678801499, 16.778195340025487 ], [ -93.121063891371975, 16.778150137570467 ], [ -93.121158446614004, 16.777686190988895 ], [ -93.121194526489731, 16.777509160172254 ], [ -93.121203090428679, 16.777454975853175 ], [ -93.121079677825932, 16.777435388709364 ], [ -93.120189859759776, 16.777297451618413 ], [ -93.120079005207188, 16.77728026697428 ], [ -93.118935804522167, 16.777103044634686 ], [ -93.118883346834295, 16.777094912329002 ], [ -93.118991424959574, 16.775025208922553 ], [ -93.119007471331628, 16.774800683295901 ], [ -93.11902989931562, 16.774669136408431 ], [ -93.119041258425952, 16.774602511732656 ], [ -93.119111923903731, 16.774432023954333 ], [ -93.119241593844137, 16.774306954538435 ], [ -93.119402781446311, 16.774284134952481 ], [ -93.119603291246193, 16.77426886784367 ], [ -93.119744846108034, 16.774287724193105 ], [ -93.119858117478287, 16.774290456294388 ], [ -93.119898186752081, 16.774291422748931 ], [ -93.120038296108135, 16.774260927767418 ], [ -93.120126173568721, 16.774204172655523 ], [ -93.120192941890195, 16.774090502427651 ], [ -93.120216494277543, 16.774029885330616 ], [ -93.120244047090466, 16.773930104753884 ], [ -93.120263568047136, 16.773859410915321 ], [ -93.120283157678159, 16.773749555891083 ], [ -93.120318478441618, 16.773564208263345 ], [ -93.120338020919249, 16.773461657893478 ], [ -93.120364174624825, 16.773361947459946 ], [ -93.120412545020159, 16.773177536098689 ], [ -93.120429320375578, 16.773077493365175 ], [ -93.120436047144665, 16.773037377084954 ], [ -93.120435918362006, 16.772832840800309 ], [ -93.120432918519981, 16.772752527430239 ], [ -93.12048898344564, 16.772739707479115 ], [ -93.12112309643976, 16.772594701893009 ], [ -93.121911447084017, 16.772440123108254 ], [ -93.121981446490608, 16.772427359822014 ], [ -93.121989563205005, 16.772389461592116 ], [ -93.122036975316746, 16.772168086600345 ], [ -93.122090105752108, 16.771920011192854 ], [ -93.122098429239074, 16.77188114799814 ], [ -93.122924834514478, 16.771911267870077 ], [ -93.123163575735916, 16.771926249344816 ], [ -93.123820496925063, 16.771853606007735 ], [ -93.123852920904923, 16.771948317971827 ], [ -93.124036975458068, 16.772478542285747 ], [ -93.124881749339067, 16.772070002032205 ], [ -93.125735005371837, 16.771728302393022 ], [ -93.125933370519505, 16.771701323921206 ], [ -93.126380023837172, 16.771688862158836 ], [ -93.126391515786779, 16.772164289035739 ], [ -93.126389200871785, 16.772602828950667 ], [ -93.126383865048894, 16.772828278220217 ], [ -93.126307085354753, 16.77304623870738 ], [ -93.12615943260306, 16.773501231096237 ], [ -93.125990271239644, 16.773913718988805 ], [ -93.125973085814977, 16.774018272322529 ], [ -93.125967017751009, 16.774055189411413 ], [ -93.125960614173792, 16.774094147691439 ], [ -93.12595590037192, 16.774122825654064 ], [ -93.125942109925901, 16.774180183190811 ], [ -93.125912594732768, 16.774280167992409 ], [ -93.125897483729091, 16.774331357542899 ], [ -93.125882372717413, 16.774382547091992 ], [ -93.125917982474832, 16.774405321955861 ], [ -93.126002698637379, 16.774459503661696 ], [ -93.126405574825668, 16.774717169281615 ], [ -93.126639964952318, 16.774867076380058 ], [ -93.127025600741959, 16.775113713408857 ], [ -93.127290539705868, 16.775283156844264 ], [ -93.127917602357797, 16.775892623103523 ], [ -93.128126978445906, 16.776102888862511 ], [ -93.128259960809515, 16.77623643593391 ], [ -93.128641794298204, 16.776688459983781 ], [ -93.128699720405507, 16.776737998142028 ], [ -93.128784629495101, 16.77640150204088 ], [ -93.128922838930194, 16.776173564255313 ], [ -93.129016153083299, 16.77601966831347 ], [ -93.129605667013493, 16.776116497640576 ], [ -93.129805301881007, 16.775543050295223 ], [ -93.1298668053375, 16.77534880025031 ], [ -93.130142237628604, 16.774374158942223 ], [ -93.130608042658196, 16.774789546674288 ], [ -93.131199946253204, 16.775297858514357 ], [ -93.131603232556699, 16.775027146422975 ], [ -93.131992527789507, 16.774765824574864 ], [ -93.132370119567895, 16.774510159047459 ], [ -93.132594435068398, 16.7743617799816 ], [ -93.132741964661605, 16.774144399846492 ], [ -93.132539564306697, 16.774091845002221 ], [ -93.132339408210811, 16.773989302485703 ], [ -93.132118224763104, 16.773818032247124 ], [ -93.131894318935693, 16.773607806198232 ], [ -93.131840575080801, 16.773556319543562 ], [ -93.132420531528098, 16.773360199583575 ], [ -93.132329751701661, 16.773145058671119 ], [ -93.132971394595799, 16.772917360667389 ], [ -93.140442527024916, 16.77050815460618 ], [ -93.141732584384471, 16.77009110508477 ], [ -93.142782500768732, 16.769756729763799 ], [ -93.143233045103131, 16.76967928287803 ], [ -93.143555156137552, 16.769661120589245 ], [ -93.144090861035494, 16.769646728346395 ], [ -93.145416431175406, 16.769769544439981 ] ] ] ] } },
{ "type": "Feature", "properties": { "ID": 95, "ENTIDAD": 7, "MUNICIPIO": 102, "NOMBRE": "TUXTLA GUTIERREZ", "CONTROL": 163, "GEOMETRY1_": null, "ID_2": 2050, "ENTIDAD_2": 7, "DISTRITO_F": 9, "DISTRITO_L": 2, "MUNICIPIO_2": 102, "SECCION": 2167, "TIPO": 2, "CONTROL_2": 2792, "GEOMETRY1__2": null }, "geometry": { "type": "MultiPolygon", "coordinates": [ [ [ [ -93.132420531528098, 16.773360199583575 ], [ -93.131840575080801, 16.773556319543562 ], [ -93.131894318935693, 16.773607806198232 ], [ -93.132118224763104, 16.773818032247124 ], [ -93.132339408210811, 16.773989302485703 ], [ -93.132539564306697, 16.774091845002221 ], [ -93.132741964661605, 16.774144399846492 ], [ -93.132594435068398, 16.7743617799816 ], [ -93.132370119567895, 16.774510159047459 ], [ -93.131992527789507, 16.774765824574864 ], [ -93.131603232556699, 16.775027146422975 ], [ -93.131199946253204, 16.775297858514357 ], [ -93.130608042658196, 16.774789546674288 ], [ -93.130142237628604, 16.774374158942223 ], [ -93.1298668053375, 16.77534880025031 ], [ -93.129805301881007, 16.775543050295223 ], [ -93.129605667013493, 16.776116497640576 ], [ -93.129016153083299, 16.77601966831347 ], [ -93.128922838930194, 16.776173564255313 ], [ -93.128784629495101, 16.77640150204088 ], [ -93.128699720405507, 16.776737998142028 ], [ -93.128641794298204, 16.776688459983781 ], [ -93.128259960809515, 16.77623643593391 ], [ -93.128126978445906, 16.776102888862511 ], [ -93.127917602357797, 16.775892623103523 ], [ -93.127290539705896, 16.775283156844178 ], [ -93.127876510710252, 16.774775350610192 ], [ -93.128312980651884, 16.7747588285111 ], [ -93.128285317779714, 16.774559939449944 ], [ -93.128247356513313, 16.774374944451949 ], [ -93.128207214158991, 16.774257151200381 ], [ -93.128162805658462, 16.774066232034649 ], [ -93.128114227685614, 16.773946412657768 ], [ -93.128067736603811, 16.773794090388492 ], [ -93.128028003338954, 16.773715510651641 ], [ -93.127986319471518, 16.773624764853956 ], [ -93.127978854396531, 16.773464651837543 ], [ -93.127974813083767, 16.773365870162735 ], [ -93.127968429324383, 16.773209831913487 ], [ -93.127966812009319, 16.77315170777031 ], [ -93.127963274940853, 16.772882949438031 ], [ -93.127760313219156, 16.772646939522396 ], [ -93.127736988202329, 16.772627696504713 ], [ -93.127809968341296, 16.772503953847167 ], [ -93.128114667261613, 16.771987314643482 ], [ -93.128386765187614, 16.771523680637586 ], [ -93.129296686911829, 16.771500301355477 ], [ -93.129315572937045, 16.771607642256704 ], [ -93.12980718453926, 16.77133081032451 ], [ -93.130828992675006, 16.770755155844761 ], [ -93.130894871626268, 16.770979736730261 ], [ -93.130982892823681, 16.771279799503652 ], [ -93.131307223279393, 16.771249309362204 ], [ -93.131240870745046, 16.770968396495149 ], [ -93.131132474032796, 16.770264790940114 ], [ -93.130612662355517, 16.770188980369614 ], [ -93.130569407684405, 16.770110426335791 ], [ -93.130535519157604, 16.770070580492039 ], [ -93.13053522176908, 16.769910473062023 ], [ -93.130532436352794, 16.769473623180303 ], [ -93.13053418949336, 16.769354710289942 ], [ -93.130533135107811, 16.768787034164884 ], [ -93.130527306592384, 16.76834671755929 ], [ -93.1305251803999, 16.76790991715022 ], [ -93.130508599127893, 16.767723230117614 ], [ -93.130437261271297, 16.767493782681438 ], [ -93.130303376323994, 16.767043499081019 ], [ -93.130169639296199, 16.766634962510864 ], [ -93.130043636219597, 16.766220502924238 ], [ -93.129933240300701, 16.76580906298058 ], [ -93.129836069951608, 16.765402264385681 ], [ -93.129726058539603, 16.764930305780243 ], [ -93.129599619090612, 16.764495344676764 ], [ -93.129469557229001, 16.764109702096654 ], [ -93.129446915898882, 16.764037164451505 ], [ -93.13000508774175, 16.764045556885694 ], [ -93.130049084829622, 16.764102291552575 ], [ -93.130128059548397, 16.764637671483808 ], [ -93.130134011151, 16.764662248038267 ], [ -93.1301655384421, 16.764670307145096 ], [ -93.130596173831378, 16.764838492926629 ], [ -93.130670393819301, 16.764860430946658 ], [ -93.130893971545774, 16.764944409333623 ], [ -93.132217272287832, 16.765441449936031 ], [ -93.132336273257877, 16.765486525855323 ], [ -93.132832672287307, 16.765685685842641 ], [ -93.133612202106391, 16.765755318008672 ], [ -93.133653024596157, 16.765758964429736 ], [ -93.13463517250706, 16.765846691159847 ], [ -93.134685096512243, 16.765852648647954 ], [ -93.134710128616661, 16.765545325921831 ], [ -93.13474817835754, 16.765059182912044 ], [ -93.134799026431807, 16.764574792804748 ], [ -93.134884161235306, 16.76404830923423 ], [ -93.135134927518436, 16.764064804601134 ], [ -93.136923524235854, 16.764182449280618 ], [ -93.136991891798601, 16.763734158084414 ], [ -93.137001371055646, 16.763672001025725 ], [ -93.137009653835094, 16.763617690048036 ], [ -93.137148692241809, 16.762705998030434 ], [ -93.137155411871234, 16.762661936337373 ], [ -93.136777207016905, 16.762425027782569 ], [ -93.136890995973502, 16.76206129974063 ], [ -93.137195182426723, 16.76216086666755 ], [ -93.137835846783901, 16.76237056841051 ], [ -93.137949807018018, 16.762407869525124 ], [ -93.138001705352195, 16.762424856703049 ], [ -93.139268629943444, 16.762851743159789 ], [ -93.140116728794084, 16.76314131504947 ], [ -93.140601356186295, 16.763306782554171 ], [ -93.140914772838357, 16.763411427552178 ], [ -93.141074756463709, 16.763475470837044 ], [ -93.141150759349372, 16.763562655749226 ], [ -93.141103399079299, 16.763549873205474 ], [ -93.141072330924302, 16.763548925544736 ], [ -93.141049503054901, 16.763557873231008 ], [ -93.141027658735595, 16.763569636667881 ], [ -93.141015196647899, 16.763584707352461 ], [ -93.141004812619997, 16.763603802132511 ], [ -93.139865465240007, 16.764186376022227 ], [ -93.139181577214302, 16.764530906946938 ], [ -93.137799122040093, 16.765270488721782 ], [ -93.136180477975103, 16.766136407803806 ], [ -93.134920421586699, 16.766809953840934 ], [ -93.134726500715303, 16.766940422639337 ], [ -93.134500485126594, 16.767108915027837 ], [ -93.134233402437403, 16.767346752361767 ], [ -93.134041671876901, 16.767548230704318 ], [ -93.133757551180693, 16.767921414512323 ], [ -93.133572766612602, 16.768258223919112 ], [ -93.133039166606693, 16.769555814097473 ], [ -93.132532963294395, 16.770843482531465 ], [ -93.132432844262098, 16.771089351538162 ], [ -93.132304435532902, 16.771404692451984 ], [ -93.132224486617304, 16.771591103853357 ], [ -93.132057410478595, 16.771870360663854 ], [ -93.131862246750003, 16.772071839135076 ], [ -93.131485645055619, 16.772295211620428 ], [ -93.131027344320998, 16.772435842350831 ], [ -93.130897981801894, 16.772544988671289 ], [ -93.130844862030202, 16.772622592160428 ], [ -93.130801272862101, 16.772749085036704 ], [ -93.130933094266695, 16.772793775022699 ], [ -93.131116090589302, 16.77286118506229 ], [ -93.131270442750605, 16.772910646849386 ], [ -93.131635968370219, 16.773011550368309 ], [ -93.132329751701661, 16.773145058671119 ], [ -93.132420531528098, 16.773360199583575 ] ] ] ] } },
{ "type": "Feature", "properties": { "ID": 95, "ENTIDAD": 7, "MUNICIPIO": 102, "NOMBRE": "TUXTLA GUTIERREZ", "CONTROL": 163, "GEOMETRY1_": null, "ID_2": 2051, "ENTIDAD_2": 7, "DISTRITO_F": 9, "DISTRITO_L": 2, "MUNICIPIO_2": 102, "SECCION": 2168, "TIPO": 2, "CONTROL_2": 2791, "GEOMETRY1__2": null }, "geometry": { "type": "MultiPolygon", "coordinates": [ [ [ [ -93.143555156137552, 16.769661120589245 ], [ -93.143233045103131, 16.76967928287803 ], [ -93.142782500768732, 16.769756729763799 ], [ -93.141732584384471, 16.77009110508477 ], [ -93.140442527024916, 16.77050815460618 ], [ -93.132971394595799, 16.772917360667389 ], [ -93.132329751701661, 16.773145058671119 ], [ -93.131635968370219, 16.773011550368309 ], [ -93.131270442750605, 16.772910646849386 ], [ -93.131116090589302, 16.77286118506229 ], [ -93.130933094266695, 16.772793775022699 ], [ -93.130801272862101, 16.772749085036704 ], [ -93.130844862030202, 16.772622592160428 ], [ -93.130897981801894, 16.772544988671289 ], [ -93.131027344320998, 16.772435842350831 ], [ -93.131485645055619, 16.772295211620428 ], [ -93.131862246750003, 16.772071839135076 ], [ -93.132057410478595, 16.771870360663854 ], [ -93.132224486617304, 16.771591103853357 ], [ -93.132304435532902, 16.771404692451984 ], [ -93.132432844262098, 16.771089351538162 ], [ -93.132532963294395, 16.770843482531465 ], [ -93.133039166606693, 16.769555814097473 ], [ -93.133572766612602, 16.768258223919112 ], [ -93.133757551180693, 16.767921414512323 ], [ -93.134041671876901, 16.767548230704318 ], [ -93.134233402437403, 16.767346752361767 ], [ -93.134500485126594, 16.767108915027837 ], [ -93.134726500715303, 16.766940422639337 ], [ -93.134920421586699, 16.766809953840934 ], [ -93.136180477975103, 16.766136407803806 ], [ -93.137799122040093, 16.765270488721782 ], [ -93.139181577214302, 16.764530906946938 ], [ -93.139865465240007, 16.764186376022227 ], [ -93.141004812619997, 16.763603802132511 ], [ -93.141015196647899, 16.763584707352461 ], [ -93.141027658735595, 16.763569636667881 ], [ -93.141049503054901, 16.763557873231008 ], [ -93.141072330924302, 16.763548925544736 ], [ -93.141103399079299, 16.763549873205474 ], [ -93.141150759349372, 16.763562655749226 ], [ -93.141743831014665, 16.76326520267375 ], [ -93.142651633468702, 16.762790832694638 ], [ -93.143092466226136, 16.762575556419883 ], [ -93.143168872701111, 16.762534880670056 ], [ -93.144067434554302, 16.76207558028705 ], [ -93.145067725369714, 16.761523992845401 ], [ -93.145119991104707, 16.762728247467869 ], [ -93.144271336821703, 16.763065449198699 ], [ -93.144339376155401, 16.763529378202403 ], [ -93.144362808902997, 16.764357078834038 ], [ -93.144364575179097, 16.764535605610735 ], [ -93.1443599037772, 16.76460616130888 ], [ -93.1443457693927, 16.764658516553474 ], [ -93.144334000745602, 16.764715421910438 ], [ -93.144338757983206, 16.764758660390136 ], [ -93.144345870669994, 16.764792793681611 ], [ -93.144357750904504, 16.764883820752534 ], [ -93.144362530470104, 16.764956645716083 ], [ -93.144364920254404, 16.764993058197568 ], [ -93.144360669677496, 16.765033841105403 ], [ -93.1442908526938, 16.765143731159114 ], [ -93.144258684507804, 16.765230705874583 ], [ -93.144246502642304, 16.765329111089866 ], [ -93.144279482169296, 16.76572267477269 ], [ -93.144297575236209, 16.766337731982201 ], [ -93.1443210578161, 16.767135993956487 ], [ -93.144289708304399, 16.767929155127216 ], [ -93.144330897450075, 16.767935933362892 ], [ -93.144616924595894, 16.767983002789801 ], [ -93.144704191526699, 16.768001124101556 ], [ -93.145234883115407, 16.768111080497572 ], [ -93.145212668377795, 16.769239831066859 ], [ -93.144115379011595, 16.76916285593526 ], [ -93.144090861035494, 16.769646728346395 ], [ -93.143555156137552, 16.769661120589245 ] ] ] ] } },
{ "type": "Feature", "properties": { "ID": 95, "ENTIDAD": 7, "MUNICIPIO": 102, "NOMBRE": "TUXTLA GUTIERREZ", "CONTROL": 163, "GEOMETRY1_": null, "ID_2": 2052, "ENTIDAD_2": 7, "DISTRITO_F": 9, "DISTRITO_L": 2, "MUNICIPIO_2": 102, "SECCION": 2169, "TIPO": 2, "CONTROL_2": 2789, "GEOMETRY1__2": null }, "geometry": { "type": "MultiPolygon", "coordinates": [ [ [ [ -93.154583739912994, 16.769929490885776 ], [ -93.154575636688406, 16.769948975190797 ], [ -93.154564133798118, 16.769967129731459 ], [ -93.154527104104204, 16.770098680732964 ], [ -93.154518023864298, 16.77012687524757 ], [ -93.1545075396116, 16.770212821174308 ], [ -93.154429551210995, 16.770615686584023 ], [ -93.154414996725194, 16.770696099866576 ], [ -93.154354727583893, 16.771019312191186 ], [ -93.154314462921306, 16.771233401744972 ], [ -93.151123486108702, 16.77070447892768 ], [ -93.145768219550604, 16.76992764057804 ], [ -93.145416431175406, 16.769769544439981 ], [ -93.144090861035494, 16.769646728346395 ], [ -93.144115379011595, 16.76916285593526 ], [ -93.145212668377795, 16.769239831066859 ], [ -93.145234883115407, 16.768111080497572 ], [ -93.144704191526699, 16.768001124101556 ], [ -93.144616924595894, 16.767983002789801 ], [ -93.144330897450075, 16.767935933362892 ], [ -93.144289708304399, 16.767929155127216 ], [ -93.1443210578161, 16.767135993956487 ], [ -93.144297575236209, 16.766337731982201 ], [ -93.144279482169296, 16.76572267477269 ], [ -93.144246502642304, 16.765329111089866 ], [ -93.144258684507804, 16.765230705874583 ], [ -93.1442908526938, 16.765143731159114 ], [ -93.144360669677496, 16.765033841105403 ], [ -93.144364920254404, 16.764993058197568 ], [ -93.144362530470104, 16.764956645716083 ], [ -93.144357750904504, 16.764883820752534 ], [ -93.144345870669994, 16.764792793681611 ], [ -93.144338757983206, 16.764758660390136 ], [ -93.144334000745602, 16.764715421910438 ], [ -93.1443457693927, 16.764658516553474 ], [ -93.1443599037772, 16.76460616130888 ], [ -93.144364575179097, 16.764535605610735 ], [ -93.144362808902997, 16.764357078834038 ], [ -93.144339376155401, 16.763529378202403 ], [ -93.144271336821703, 16.763065449198699 ], [ -93.145119991104707, 16.762728247467869 ], [ -93.145067725369714, 16.761523992845401 ], [ -93.145887206344696, 16.761087719643758 ], [ -93.146021465209955, 16.760967247432649 ], [ -93.146361032369271, 16.760686005720718 ], [ -93.146894167896818, 16.760801703578146 ], [ -93.147886323228192, 16.760905316026452 ], [ -93.148959769179044, 16.761109057308278 ], [ -93.149319266728611, 16.761177289009691 ], [ -93.149219660746112, 16.761720839387525 ], [ -93.1491509779366, 16.762206783583661 ], [ -93.149072808118092, 16.76275984794399 ], [ -93.148930192979961, 16.763768864161413 ], [ -93.148871253422783, 16.764185864294024 ], [ -93.149900792105612, 16.764511211011325 ], [ -93.150912479227188, 16.764853839358704 ], [ -93.150880642115766, 16.765041887075398 ], [ -93.150816529301096, 16.765420571959105 ], [ -93.150745909197894, 16.765837690673248 ], [ -93.150695408881106, 16.766228412785285 ], [ -93.151609563638473, 16.766390905984078 ], [ -93.151676184142545, 16.766384478361562 ], [ -93.151616634830532, 16.766716483807365 ], [ -93.151603311003711, 16.76679076801884 ], [ -93.151547046450048, 16.767104458641512 ], [ -93.151496126001007, 16.767388353500717 ], [ -93.151493357266801, 16.767407320150081 ], [ -93.15140125443564, 16.76803824970775 ], [ -93.151985994809962, 16.768153324771788 ], [ -93.152537441394244, 16.768281137513217 ], [ -93.153032706807039, 16.76839929630744 ], [ -93.153980238954844, 16.768577898817501 ], [ -93.154034489471613, 16.768588315490359 ], [ -93.153993348855252, 16.768765434060366 ], [ -93.153973197798109, 16.768849856699784 ], [ -93.154825522657276, 16.768995445079327 ], [ -93.154822485227697, 16.769053155312207 ], [ -93.154583739912994, 16.769929490885776 ] ] ] ] } },
{ "type": "Feature", "properties": { "ID": 95, "ENTIDAD": 7, "MUNICIPIO": 102, "NOMBRE": "TUXTLA GUTIERREZ", "CONTROL": 163, "GEOMETRY1_": null, "ID_2": 2074, "ENTIDAD_2": 7, "DISTRITO_F": 9, "DISTRITO_L": 13, "MUNICIPIO_2": 102, "SECCION": 2191, "TIPO": 2, "CONTROL_2": 2812, "GEOMETRY1__2": null }, "geometry": { "type": "MultiPolygon", "coordinates": [ [ [ [ -93.172149469569831, 16.750881425669355 ], [ -93.17203101249028, 16.750880305141347 ], [ -93.171896185105453, 16.750883472863627 ], [ -93.169937030551807, 16.750876526987021 ], [ -93.168969253244455, 16.750873067295608 ], [ -93.168026569510332, 16.750869692946576 ], [ -93.167156832280952, 16.750867649574264 ], [ -93.167095927460736, 16.750866357476049 ], [ -93.167020872890191, 16.750866088293613 ], [ -93.16675260598106, 16.750863836660429 ], [ -93.166156447709355, 16.750862986073081 ], [ -93.164889124028633, 16.750858431396896 ], [ -93.164980984112418, 16.750074211831009 ], [ -93.166163621713579, 16.7500527654738 ], [ -93.16618146748543, 16.749343821548308 ], [ -93.166202062119169, 16.748525670569194 ], [ -93.166219911483864, 16.747816574664967 ], [ -93.166221150816384, 16.747767339946108 ], [ -93.16526894058137, 16.747735339393632 ], [ -93.165372020369858, 16.746935445352822 ], [ -93.165471397032107, 16.746150689823306 ], [ -93.165548874594293, 16.745306303147231 ], [ -93.166091635, 16.744829672000034 ], [ -93.166846706, 16.744166590000027 ], [ -93.167545984, 16.743552499000014 ], [ -93.167932496, 16.743263029 ], [ -93.16827105, 16.743104066999965 ], [ -93.168753121, 16.742987482 ], [ -93.168903761, 16.742962687000031 ], [ -93.169070026400888, 16.742943090321898 ], [ -93.169069290231462, 16.743012432010666 ], [ -93.169110766373535, 16.745018735097069 ], [ -93.169132835950833, 16.746086273525258 ], [ -93.169134990543299, 16.746190493587189 ], [ -93.169136536202998, 16.746265258799163 ], [ -93.169150244305357, 16.746928331178545 ], [ -93.169203244935275, 16.749491962150142 ], [ -93.169196771554837, 16.74955747176519 ], [ -93.169245027166568, 16.749603886540804 ], [ -93.170485519760291, 16.749588048663604 ], [ -93.171366445939029, 16.749576796988681 ], [ -93.171927893749825, 16.75002820401717 ], [ -93.172028816250219, 16.750150590436611 ], [ -93.172191243558444, 16.750429180989521 ], [ -93.172239663397463, 16.750657189141801 ], [ -93.172247119970194, 16.750879581741884 ], [ -93.172149469569831, 16.750881425669355 ] ] ] ] } },
{ "type": "Feature", "properties": { "ID": 95, "ENTIDAD": 7, "MUNICIPIO": 102, "NOMBRE": "TUXTLA GUTIERREZ", "CONTROL": 163, "GEOMETRY1_": null, "ID_2": 2075, "ENTIDAD_2": 7, "DISTRITO_F": 9, "DISTRITO_L": 13, "MUNICIPIO_2": 102, "SECCION": 2192, "TIPO": 2, "CONTROL_2": 2813, "GEOMETRY1__2": null }, "geometry": { "type": "MultiPolygon", "coordinates": [ [ [ [ -93.168903761, 16.742962687000031 ], [ -93.168753121, 16.742987482 ], [ -93.16827105, 16.743104066999965 ], [ -93.167932496, 16.743263029 ], [ -93.167545984, 16.743552499000014 ], [ -93.166846706, 16.744166590000027 ], [ -93.166091635, 16.744829672000034 ], [ -93.165548874594293, 16.745306303147231 ], [ -93.164683643199879, 16.746083492097153 ], [ -93.164006546778978, 16.746841764253677 ], [ -93.163945622090267, 16.746676951899506 ], [ -93.163920265658319, 16.745975202549467 ], [ -93.163920775938863, 16.745053552342952 ], [ -93.163949374711962, 16.744900093164784 ], [ -93.16400395476829, 16.744607219409211 ], [ -93.164042553105858, 16.744400102188859 ], [ -93.164386360673419, 16.743352057881964 ], [ -93.165042251810306, 16.741413112879215 ], [ -93.165296251242395, 16.74034304386781 ], [ -93.165371131177608, 16.739993785789235 ], [ -93.165518711141161, 16.739231687155264 ], [ -93.165826719383546, 16.738370010019569 ], [ -93.165962716334121, 16.737896109866309 ], [ -93.16606717616007, 16.737495968992125 ], [ -93.16625703466373, 16.73672922669401 ], [ -93.166381777114651, 16.736188441485744 ], [ -93.166971614309674, 16.734640829554678 ], [ -93.167204240719798, 16.733914799452037 ], [ -93.167230387704706, 16.73384390398083 ], [ -93.16730867650088, 16.733631629801383 ], [ -93.167361297067771, 16.733488952814604 ], [ -93.167487904313191, 16.733087597375562 ], [ -93.1677663117039, 16.732059772711114 ], [ -93.167827876091025, 16.731853469104987 ], [ -93.167842263063889, 16.731805257978426 ], [ -93.168115687173582, 16.730889983337555 ], [ -93.168140928222627, 16.730718696315357 ], [ -93.168140537846725, 16.730273403778998 ], [ -93.168107808712051, 16.729517268956801 ], [ -93.168117048, 16.729447975000014 ], [ -93.168129210649951, 16.729356754422511 ], [ -93.168346797018657, 16.728700428326597 ], [ -93.168484432, 16.728360275000014 ], [ -93.168556101807823, 16.72836316745045 ], [ -93.168814435316449, 16.728366016261333 ], [ -93.168832927531383, 16.729089290138599 ], [ -93.169378873336939, 16.729048373531246 ], [ -93.169494264199145, 16.730626596792849 ], [ -93.169279127056683, 16.731598045658622 ], [ -93.169196006117133, 16.732592511653799 ], [ -93.168896031144982, 16.732615882704952 ], [ -93.16891529088204, 16.733660740290659 ], [ -93.168916376529836, 16.733719637201066 ], [ -93.168976697659744, 16.736992017426868 ], [ -93.168999300157765, 16.738218150855442 ], [ -93.169016854633156, 16.739170425068313 ], [ -93.169023943537837, 16.739696704188528 ], [ -93.169051015034896, 16.741706441136884 ], [ -93.169053231579198, 16.741761127820549 ], [ -93.169070862741322, 16.742864313233849 ], [ -93.169070026400888, 16.742943090321898 ], [ -93.168903761, 16.742962687000031 ] ] ] ] } },
{ "type": "Feature", "properties": { "ID": 95, "ENTIDAD": 7, "MUNICIPIO": 102, "NOMBRE": "TUXTLA GUTIERREZ", "CONTROL": 163, "GEOMETRY1_": null, "ID_2": 2077, "ENTIDAD_2": 7, "DISTRITO_F": 9, "DISTRITO_L": 13, "MUNICIPIO_2": 102, "SECCION": 2194, "TIPO": 2, "CONTROL_2": 2815, "GEOMETRY1__2": null }, "geometry": { "type": "MultiPolygon", "coordinates": [ [ [ [ -93.196201419189322, 16.728522957286042 ], [ -93.196083708530836, 16.728533658254999 ], [ -93.195948162924111, 16.728587163099856 ], [ -93.195643185308938, 16.728733409675783 ], [ -93.195181260149141, 16.728978640214851 ], [ -93.194236007891647, 16.729333555685859 ], [ -93.193939947750607, 16.729447699354861 ], [ -93.193502991518386, 16.729663502229258 ], [ -93.192925139195168, 16.730005933236409 ], [ -93.192839531443553, 16.730055871091722 ], [ -93.19254703829219, 16.730184282719382 ], [ -93.19219033932707, 16.730301993378067 ], [ -93.191601786034667, 16.730491043829989 ], [ -93.191323560841838, 16.730576651581735 ], [ -93.191020366721531, 16.730630156426546 ], [ -93.190720739590844, 16.730665826323236 ], [ -93.190381875574005, 16.730697929230161 ], [ -93.189918166919441, 16.730794237950978 ], [ -93.18946515923399, 16.730879845702663 ], [ -93.189240438885946, 16.730944051516573 ], [ -93.189140563175727, 16.731011824320071 ], [ -93.189039516853967, 16.73111972071338 ], [ -93.188919132511828, 16.731073525415638 ], [ -93.188874102405251, 16.731043755136117 ], [ -93.188331729669372, 16.731438375369859 ], [ -93.187843810685962, 16.731793373472115 ], [ -93.187809719280608, 16.731818254057792 ], [ -93.187775627866429, 16.73184313463786 ], [ -93.187481249051601, 16.732015505957779 ], [ -93.187369516966498, 16.732080929656288 ], [ -93.187144808497763, 16.73216027545223 ], [ -93.186815266471172, 16.732280976236812 ], [ -93.186365133137741, 16.732445844696077 ], [ -93.186094806157783, 16.732544855625097 ], [ -93.18604720930928, 16.732581470428464 ], [ -93.185543720578593, 16.732968787421168 ], [ -93.185318846013402, 16.733141774980282 ], [ -93.185081366813975, 16.733342645534943 ], [ -93.184709349562453, 16.733643549154511 ], [ -93.184358707856575, 16.733971798919978 ], [ -93.183924952522204, 16.734359816889416 ], [ -93.183703098833419, 16.73452557943903 ], [ -93.183549063013814, 16.734607535360013 ], [ -93.182669259265012, 16.735075131359864 ], [ -93.182617363831042, 16.735102116169081 ], [ -93.18154706113944, 16.735725299167662 ], [ -93.181018861, 16.735971527 ], [ -93.180788408, 16.735710616000041 ], [ -93.180747105, 16.73553988 ], [ -93.180705606, 16.735161777999977 ], [ -93.180715475, 16.735001284 ], [ -93.180745064, 16.734606715000027 ], [ -93.180814407, 16.734007621 ], [ -93.180893342, 16.733627594999966 ], [ -93.180984571, 16.733179862000043 ], [ -93.180999749, 16.73300765699998 ], [ -93.181199032, 16.732099152999975 ], [ -93.18124679, 16.731816002000034 ], [ -93.181299192, 16.731575006000028 ], [ -93.181338144, 16.731367644999985 ], [ -93.1813638, 16.731224534 ], [ -93.181467325, 16.730760681000024 ], [ -93.18154605, 16.73034588 ], [ -93.181596446, 16.730092727 ], [ -93.181735131, 16.729497952000028 ], [ -93.181795043, 16.729269187 ], [ -93.181908531, 16.728802513 ], [ -93.181944707, 16.728632160000025 ], [ -93.182512716, 16.728515327 ], [ -93.182603926, 16.727920594 ], [ -93.182729744, 16.727112365000028 ], [ -93.182808468, 16.726700612000023 ], [ -93.182887094, 16.72618517700003 ], [ -93.182927815, 16.725746012999952 ], [ -93.182953608, 16.725500864999976 ], [ -93.182989387, 16.725158895 ], [ -93.183009346, 16.724959169000023 ], [ -93.18305028, 16.724742617999965 ], [ -93.182326282, 16.724593196 ], [ -93.18199172300001, 16.724524147 ], [ -93.181120567, 16.724334308999982 ], [ -93.180580492, 16.724185050000028 ], [ -93.17947127, 16.723944742999983 ], [ -93.179551032, 16.72352461399996 ], [ -93.179667562, 16.723090172999989 ], [ -93.179786706, 16.722641334999956 ], [ -93.178854118, 16.722408167999962 ], [ -93.178820284, 16.722190599999962 ], [ -93.178584564, 16.721866723000016 ], [ -93.178051877, 16.721528436999954 ], [ -93.17823083, 16.72104829899996 ], [ -93.178409987, 16.72078781500003 ], [ -93.178671437, 16.720506919999959 ], [ -93.179154026, 16.719934355999982 ], [ -93.179255234, 16.719811836000041 ], [ -93.179324985, 16.719727398000021 ], [ -93.179899806, 16.719081729999957 ], [ -93.180666023000015, 16.718000266000011 ], [ -93.181400254, 16.717047546 ], [ -93.181476753, 16.716948281999979 ], [ -93.181991953, 16.716248472999975 ], [ -93.182733561, 16.715064562999974 ], [ -93.182966995851771, 16.714754391939199 ], [ -93.183853392780037, 16.714987138013964 ], [ -93.185419301236806, 16.71536167192723 ], [ -93.185471022586739, 16.715265363206726 ], [ -93.185526310926349, 16.71521185836194 ], [ -93.185825938057008, 16.71506026130179 ], [ -93.186218306918619, 16.714914014726048 ], [ -93.186311048649529, 16.714882803566599 ], [ -93.18644302726662, 16.714889937545948 ], [ -93.186513475312225, 16.714901530262331 ], [ -93.186565196662173, 16.714937200158854 ], [ -93.186729278186107, 16.715168162738678 ], [ -93.186820236422207, 16.715298357861013 ], [ -93.186955782028946, 16.715428552983202 ], [ -93.187036039296103, 16.715499001028792 ], [ -93.187266110128604, 16.715625629161426 ], [ -93.187382037292267, 16.715670216532075 ], [ -93.187492613971443, 16.715696968954507 ], [ -93.187619242104063, 16.715714803902699 ], [ -93.187733385772887, 16.715736205840621 ], [ -93.187881415843407, 16.715818246602581 ], [ -93.188025878924265, 16.715921689302455 ], [ -93.188346907992852, 16.716224883422811 ], [ -93.188457484672028, 16.716340810586505 ], [ -93.188632267164976, 16.716549479481056 ], [ -93.188846286544035, 16.716809869725555 ], [ -93.189017502047278, 16.716984652218489 ], [ -93.18932426315726, 16.717223640525091 ], [ -93.189570385443176, 16.717405556997313 ], [ -93.189816507729091, 16.717548236583344 ], [ -93.190051929046064, 16.717651679283207 ], [ -93.190189258147626, 16.717712318107278 ], [ -93.19033015423885, 16.717753338488251 ], [ -93.190529905659304, 16.7177818744055 ], [ -93.190861635696834, 16.71778544139509 ], [ -93.190997181303572, 16.717790791879604 ], [ -93.191366364732446, 16.717986976310424 ], [ -93.191624971482142, 16.718145707349905 ], [ -93.192133267507415, 16.718436417006433 ], [ -93.192794944087666, 16.718903692650652 ], [ -93.193012530456386, 16.719053506216078 ], [ -93.193235467309577, 16.719230072203722 ], [ -93.193374579905964, 16.71935670033637 ], [ -93.193661722572855, 16.719636709024002 ], [ -93.193804402158889, 16.719745502208312 ], [ -93.194071926382719, 16.719941686639093 ], [ -93.194334100122063, 16.72012360311135 ], [ -93.194781757323256, 16.720448199169546 ], [ -93.195027879609185, 16.720646167095239 ], [ -93.195124188329757, 16.720792413670893 ], [ -93.195245465977905, 16.721541481497585 ], [ -93.195297187327839, 16.721833974649027 ], [ -93.195532608644783, 16.72236367261214 ], [ -93.195725226085941, 16.722839865730535 ], [ -93.195778730930698, 16.723009297738979 ], [ -93.195814400827203, 16.723173379262985 ], [ -93.19580369985826, 16.723273254973158 ], [ -93.195710958127336, 16.723613902484846 ], [ -93.195605731932631, 16.723908179131005 ], [ -93.195403305269949, 16.724360295069278 ], [ -93.195137564540943, 16.724948848361706 ], [ -93.194914627687737, 16.725476762830105 ], [ -93.194549011248498, 16.726234748130913 ], [ -93.194345692838397, 16.726612849033913 ], [ -93.194030906002325, 16.727091271520742 ], [ -93.194048740950578, 16.727159044324047 ], [ -93.195898225084619, 16.726725655081427 ], [ -93.195935678475962, 16.726854066708917 ], [ -93.197794080084108, 16.726319018261233 ], [ -93.19791892472189, 16.727114456953387 ], [ -93.196898765681766, 16.727933081078312 ], [ -93.196288810436499, 16.728548372087239 ], [ -93.196201419189322, 16.728522957286042 ] ] ] ] } },
{ "type": "Feature", "properties": { "ID": 95, "ENTIDAD": 7, "MUNICIPIO": 102, "NOMBRE": "TUXTLA GUTIERREZ", "CONTROL": 163, "GEOMETRY1_": null, "ID_2": 2078, "ENTIDAD_2": 7, "DISTRITO_F": 9, "DISTRITO_L": 13, "MUNICIPIO_2": 102, "SECCION": 2195, "TIPO": 2, "CONTROL_2": 2816, "GEOMETRY1__2": null }, "geometry": { "type": "MultiPolygon", "coordinates": [ [ [ [ -93.177868649, 16.721951631000039 ], [ -93.177748455000014, 16.722069696999981 ], [ -93.177483437, 16.722337130999957 ], [ -93.177225942, 16.722596974000027 ], [ -93.177041013, 16.722809076999969 ], [ -93.176563858, 16.723095844999985 ], [ -93.176113395, 16.723272270999967 ], [ -93.175658034, 16.723420531999984 ], [ -93.175056925, 16.723800749000034 ], [ -93.175032664, 16.723819880999976 ], [ -93.174757434, 16.724036926000036 ], [ -93.174530749, 16.724174643000016 ], [ -93.173994826, 16.724481150000027 ], [ -93.173614177, 16.724693683999956 ], [ -93.173215588, 16.724912164999967 ], [ -93.172789709, 16.725145602999977 ], [ -93.172184954, 16.725431491999956 ], [ -93.171765781, 16.725617625000037 ], [ -93.171357336284075, 16.725857537574168 ], [ -93.171539252756247, 16.725486570650382 ], [ -93.171731870197419, 16.72513343867486 ], [ -93.171999394421263, 16.724601957216791 ], [ -93.172341825427736, 16.723856456379583 ], [ -93.172445268127589, 16.723667405928037 ], [ -93.172679650442788, 16.723307308157231 ], [ -93.173419056302279, 16.722133600377816 ], [ -93.17362594170207, 16.721791169371254 ], [ -93.173872063987957, 16.72135242964416 ], [ -93.173968372708558, 16.72114554424434 ], [ -93.174064681429144, 16.72083164915497 ], [ -93.174118186273915, 16.720464249220825 ], [ -93.174239463922007, 16.719540398901067 ], [ -93.174385710497731, 16.71844176608835 ], [ -93.174449916311403, 16.717838944837212 ], [ -93.174638966762927, 16.716704642127937 ], [ -93.175202551127782, 16.714585850274858 ], [ -93.17534879770345, 16.714104306671935 ], [ -93.175455807391103, 16.713893852177357 ], [ -93.175579296080173, 16.713711849909551 ], [ -93.175883846152374, 16.713266065507316 ], [ -93.176072896603884, 16.712962871386992 ], [ -93.176429595568976, 16.712263741415395 ], [ -93.176500935362, 16.712092525912169 ], [ -93.176547306227462, 16.711878506533061 ], [ -93.17657940913432, 16.711653786185032 ], [ -93.176611512041177, 16.71136486002332 ], [ -93.176636480968739, 16.711068799882298 ], [ -93.176693552803144, 16.710840512544671 ], [ -93.17683266539953, 16.710391071848566 ], [ -93.177007447889167, 16.70986672085937 ], [ -93.177182230385327, 16.709342376891176 ], [ -93.177326217515855, 16.708930704107033 ], [ -93.177223828206422, 16.708859072025032 ], [ -93.177040740346527, 16.708730982564152 ], [ -93.176790159830858, 16.708563310783202 ], [ -93.176751256919658, 16.708538105208561 ], [ -93.176444610444022, 16.708321117950597 ], [ -93.176391977093687, 16.70828604927971 ], [ -93.176333622727, 16.708243309328378 ], [ -93.176056725536213, 16.708057006864411 ], [ -93.176007524795708, 16.708019746349731 ], [ -93.175656254392493, 16.707775361029512 ], [ -93.175596755822582, 16.707741388157515 ], [ -93.174966299821889, 16.707311247239364 ], [ -93.174948564671254, 16.707295904615464 ], [ -93.174070388663196, 16.706700281084444 ], [ -93.173457095711697, 16.707473851579397 ], [ -93.172907306041481, 16.70704329909471 ], [ -93.17205361382355, 16.706423783532525 ], [ -93.171821119303303, 16.706225218831115 ], [ -93.171776209613, 16.706186562312723 ], [ -93.172270592, 16.705922124999979 ], [ -93.17269286, 16.705672764999974 ], [ -93.173083638, 16.705352765999962 ], [ -93.173449235, 16.705019223999965 ], [ -93.173514264, 16.704951794999989 ], [ -93.173770879, 16.704672465000016 ], [ -93.174012605, 16.704594947999961 ], [ -93.174220222, 16.70452836800002 ], [ -93.174332835, 16.704453268999963 ], [ -93.174506336, 16.704350178000038 ], [ -93.174690474, 16.704179248000042 ], [ -93.174907084, 16.703855556999958 ], [ -93.17510819, 16.703521925999976 ], [ -93.17525917, 16.703159285 ], [ -93.175378051, 16.702788747000017 ], [ -93.175461246, 16.702501535000046 ], [ -93.175472485, 16.70220972300001 ], [ -93.175401367, 16.701782788999967 ], [ -93.175347266, 16.701401413 ], [ -93.175305743, 16.700958478 ], [ -93.175284698, 16.700544263000026 ], [ -93.175273472, 16.700115482000044 ], [ -93.174539818, 16.699800129999989 ], [ -93.173922799, 16.699459850999968 ], [ -93.173945206, 16.699289022000016 ], [ -93.173556693, 16.699112191000026 ], [ -93.17312674, 16.698917928000018 ], [ -93.172758189, 16.698751685999969 ], [ -93.171453595, 16.69821369800005 ], [ -93.17161504, 16.697960301999949 ], [ -93.171674003246878, 16.697996501665475 ], [ -93.173065602743577, 16.696493631446291 ], [ -93.1731225799425, 16.696432102447357 ], [ -93.173870272508609, 16.696807441228707 ], [ -93.175788823699222, 16.697779373325258 ], [ -93.177497877359016, 16.698652528903757 ], [ -93.179100139548623, 16.699482229783374 ], [ -93.180197096520843, 16.700066991886153 ], [ -93.181680247012963, 16.700845328283418 ], [ -93.181827827386442, 16.700580044081132 ], [ -93.18194268720309, 16.700453302120401 ], [ -93.182779481338045, 16.699490884566686 ], [ -93.184785145490608, 16.697031476247691 ], [ -93.185732612969488, 16.695894816447097 ], [ -93.185915125922605, 16.69566907324803 ], [ -93.186280160134459, 16.695227480185928 ], [ -93.186446263893558, 16.695019560179002 ], [ -93.186554977113133, 16.694912608844685 ], [ -93.186628813605878, 16.694833391632223 ], [ -93.186698566807522, 16.694777923268486 ], [ -93.186821692157082, 16.694712512876148 ], [ -93.187802701629167, 16.694307956692317 ], [ -93.18826241933553, 16.694117577469534 ], [ -93.189411709577598, 16.693641624970006 ], [ -93.191619970860785, 16.692725402344923 ], [ -93.192912907044985, 16.692193892010035 ], [ -93.193434184135938, 16.691979698779026 ], [ -93.193616827782378, 16.691896419839171 ], [ -93.193795357061973, 16.691805229528203 ], [ -93.19401287136219, 16.69169025733466 ], [ -93.194316592097096, 16.691551458809389 ], [ -93.194649069953257, 16.691426484159443 ], [ -93.194850196538027, 16.691349123051658 ], [ -93.19498360650114, 16.691307443336079 ], [ -93.195096499377016, 16.691279634235375 ], [ -93.195195030506596, 16.691261732446662 ], [ -93.195293589756602, 16.691271533305375 ], [ -93.195377791332135, 16.691295199030687 ], [ -93.195525707724386, 16.691386082577594 ], [ -93.195757878350392, 16.691552079443351 ], [ -93.195975663464964, 16.691704238304215 ], [ -93.196072246549534, 16.69178923375317 ], [ -93.196246938973346, 16.69196319955935 ], [ -93.196473016273629, 16.69219252187386 ], [ -93.196608667769524, 16.69233486417124 ], [ -93.196746384737949, 16.692489077004794 ], [ -93.196824506664981, 16.692589919760664 ], [ -93.196935498918876, 16.692710518863958 ], [ -93.197030072397254, 16.692837069832247 ], [ -93.197065046514808, 16.692906293319069 ], [ -93.197180135208981, 16.6930169945575 ], [ -93.197323984076561, 16.693143498432185 ], [ -93.197646628326751, 16.693438026568113 ], [ -93.197446025183723, 16.693526273096868 ], [ -93.196554684137936, 16.693753690169526 ], [ -93.196234621343606, 16.693975615601072 ], [ -93.19583655462948, 16.694213444491151 ], [ -93.195483720451378, 16.694514550381871 ], [ -93.195258144056368, 16.694779917868079 ], [ -93.195044352566669, 16.695025486349646 ], [ -93.194787927565301, 16.695241413268676 ], [ -93.194531407863224, 16.695364338002364 ], [ -93.194215356373149, 16.695497212125986 ], [ -93.193986096179017, 16.695675516023471 ], [ -93.193772723591138, 16.695830059610564 ], [ -93.193620423222058, 16.696119389045553 ], [ -93.188413442198097, 16.703014052572101 ], [ -93.18827555142299, 16.703196627901203 ], [ -93.187837452268397, 16.703776693509202 ], [ -93.185805491545096, 16.706467055214034 ], [ -93.185674900120375, 16.706639958689497 ], [ -93.186989668430641, 16.707464356839942 ], [ -93.187517582898977, 16.70779430338267 ], [ -93.18817569248958, 16.708193806223591 ], [ -93.188015177955293, 16.708625411971365 ], [ -93.18790638477094, 16.70892147211239 ], [ -93.187867147884788, 16.709081986646744 ], [ -93.187835044977916, 16.709224666232711 ], [ -93.187788674112468, 16.709524293363458 ], [ -93.187738736257344, 16.709806085545846 ], [ -93.187690581897058, 16.709984435028385 ], [ -93.18759605667131, 16.710218072850537 ], [ -93.187346367395747, 16.710778090225755 ], [ -93.187255409159647, 16.710986759120299 ], [ -93.187150182964942, 16.711163325108025 ], [ -93.187056549486613, 16.711268551302741 ], [ -93.186964699503093, 16.711371102255196 ], [ -93.186870174277345, 16.711462060491371 ], [ -93.18673641216543, 16.711564611443837 ], [ -93.186587490347506, 16.711678755112629 ], [ -93.186352069030548, 16.711871372553819 ], [ -93.185948999199979, 16.712208453075807 ], [ -93.185572681791811, 16.71253126563921 ], [ -93.18538541483511, 16.712665027751118 ], [ -93.18501088092178, 16.712914717026671 ], [ -93.184950242097699, 16.712980706335255 ], [ -93.184862850851246, 16.713078798550651 ], [ -93.184698769327312, 16.713239313084902 ], [ -93.184463348010368, 16.713415879072631 ], [ -93.184167287869329, 16.713658434368927 ], [ -93.183828423852489, 16.713936659561682 ], [ -93.183436054990864, 16.71428265755782 ], [ -93.183113242427453, 16.714575150709251 ], [ -93.183025851181, 16.714680376903967 ], [ -93.182966995851771, 16.714754391939199 ], [ -93.182733561, 16.715064562999974 ], [ -93.181991953, 16.716248472999975 ], [ -93.181476753, 16.716948281999979 ], [ -93.181400254, 16.717047546 ], [ -93.180666023000015, 16.718000266000011 ], [ -93.179899806, 16.719081729999957 ], [ -93.179324985, 16.719727398000021 ], [ -93.179255234, 16.719811836000041 ], [ -93.179154026, 16.719934355999982 ], [ -93.178671437, 16.720506919999959 ], [ -93.178409987, 16.72078781500003 ], [ -93.17823083, 16.72104829899996 ], [ -93.178051877, 16.721528437000043 ], [ -93.177868649, 16.721951631000039 ] ] ] ] } },
{ "type": "Feature", "properties": { "ID": 95, "ENTIDAD": 7, "MUNICIPIO": 102, "NOMBRE": "TUXTLA GUTIERREZ", "CONTROL": 163, "GEOMETRY1_": null, "ID_2": 2079, "ENTIDAD_2": 7, "DISTRITO_F": 9, "DISTRITO_L": 13, "MUNICIPIO_2": 102, "SECCION": 2196, "TIPO": 2, "CONTROL_2": 2817, "GEOMETRY1__2": null }, "geometry": { "type": "MultiPolygon", "coordinates": [ [ [ [ -93.171426888728021, 16.705890037375646 ], [ -93.171077567157909, 16.705591533066158 ], [ -93.170676908112839, 16.705285155458029 ], [ -93.170282828637255, 16.704991503059844 ], [ -93.169840031576697, 16.704675409945406 ], [ -93.169442614246677, 16.704364357865327 ], [ -93.169312147865227, 16.704303245369065 ], [ -93.169109299640112, 16.70418427067284 ], [ -93.168930962736709, 16.704071455015345 ], [ -93.168811381990679, 16.703960913498495 ], [ -93.168499685595165, 16.703741459947654 ], [ -93.168054710757133, 16.703382640331032 ], [ -93.16863616854836, 16.703229445320034 ], [ -93.168319786478037, 16.703081122229197 ], [ -93.167979716015864, 16.702967105759853 ], [ -93.167639645952519, 16.702853088726506 ], [ -93.167255945829282, 16.702571476797534 ], [ -93.166911791363631, 16.702305071291722 ], [ -93.167129588241608, 16.701968870460579 ], [ -93.167511968802415, 16.701506322961915 ], [ -93.16783021, 16.701100178999972 ], [ -93.167915974927951, 16.700884733828183 ], [ -93.167939859308632, 16.700675966759249 ], [ -93.168383471924457, 16.70078495019083 ], [ -93.168823678940313, 16.700930383451048 ], [ -93.16927076, 16.701072498 ], [ -93.169689322, 16.701209340999956 ], [ -93.170089353, 16.701432993 ], [ -93.170482848, 16.70159436599997 ], [ -93.170861255, 16.70181592 ], [ -93.170963853, 16.701617741000042 ], [ -93.171016908, 16.701181887999986 ], [ -93.171073819, 16.700460776999964 ], [ -93.17105907700001, 16.700131546000016 ], [ -93.171173177, 16.700207060999968 ], [ -93.171512922, 16.700413280999964 ], [ -93.171735777, 16.700567199000027 ], [ -93.171974361000011, 16.700733401 ], [ -93.172143034000015, 16.700871927000026 ], [ -93.172398281, 16.701049948999984 ], [ -93.172577244, 16.701198416999969 ], [ -93.17234947, 16.701862228000035 ], [ -93.171877349, 16.702579723999971 ], [ -93.171750026, 16.702710571999983 ], [ -93.171968298, 16.703146198999967 ], [ -93.172145522, 16.703649211999959 ], [ -93.172423981, 16.704018986 ], [ -93.172795615, 16.704262763 ], [ -93.173222904, 16.704466572999987 ], [ -93.173770879, 16.704672465000016 ], [ -93.173514264, 16.704951794999989 ], [ -93.173449235, 16.705019223999965 ], [ -93.173083638, 16.705352765999962 ], [ -93.17269286, 16.705672764999974 ], [ -93.172270592, 16.705922124999979 ], [ -93.171776209613, 16.706186562312723 ], [ -93.171426888728021, 16.705890037375646 ] ] ] ] } },
{ "type": "Feature", "properties": { "ID": 95, "ENTIDAD": 7, "MUNICIPIO": 102, "NOMBRE": "TUXTLA GUTIERREZ", "CONTROL": 163, "GEOMETRY1_": null, "ID_2": 2262, "ENTIDAD_2": 7, "DISTRITO_F": 9, "DISTRITO_L": 13, "MUNICIPIO_2": 102, "SECCION": 2379, "TIPO": 2, "CONTROL_2": 3018, "GEOMETRY1__2": null }, "geometry": { "type": "MultiPolygon", "coordinates": [ [ [ [ -93.151373758, 16.73854679799997 ], [ -93.151799748, 16.738608975999981 ], [ -93.152135213, 16.738657967 ], [ -93.15214268, 16.738603749000017 ], [ -93.152246937, 16.737671212999967 ], [ -93.152247263, 16.737667991999981 ], [ -93.152247623, 16.737666038 ], [ -93.152396056, 16.736850821999962 ], [ -93.152411864, 16.736831561000034 ], [ -93.15243255, 16.736806355000034 ], [ -93.152800086, 16.736408144999952 ], [ -93.152814568, 16.736395618000028 ], [ -93.152830484, 16.736381849999969 ], [ -93.153125354, 16.736064725000013 ], [ -93.153454488, 16.735710728999958 ], [ -93.153476827, 16.735711725 ], [ -93.153786167, 16.735744666999977 ], [ -93.154022721000018, 16.735790070999975 ], [ -93.154373373, 16.735889072000031 ], [ -93.154506931000014, 16.735958354999958 ], [ -93.154615514, 16.736017780999987 ], [ -93.15484238, 16.736104973000028 ], [ -93.155693193, 16.736433395000013 ], [ -93.156152448, 16.736611442999973 ], [ -93.156152452, 16.73661714 ], [ -93.156077584, 16.737621096000023 ], [ -93.15606357, 16.737677195000028 ], [ -93.156058854, 16.73769555700002 ], [ -93.156055795, 16.737731264000043 ], [ -93.155973724, 16.738524417000033 ], [ -93.155969411, 16.738552780999971 ], [ -93.155902919, 16.739033572999979 ], [ -93.155903578, 16.739036611 ], [ -93.155903268, 16.739139673000029 ], [ -93.155900403, 16.739171708 ], [ -93.155898643, 16.73918658200002 ], [ -93.154072774, 16.738941130999979 ], [ -93.154018621, 16.739605315999981 ], [ -93.153981326, 16.740062726000044 ], [ -93.153964492, 16.740269189999985 ], [ -93.153939964, 16.740569804000028 ], [ -93.153926971, 16.740729374000022 ], [ -93.153846658, 16.741714370999965 ], [ -93.154200357, 16.741899504000035 ], [ -93.154165725, 16.742325161999958 ], [ -93.154115332, 16.74289513600004 ], [ -93.15423550600002, 16.742913863999981 ], [ -93.154496278, 16.742906392999981 ], [ -93.154657002, 16.742905643999983 ], [ -93.154883899, 16.742936713000024 ], [ -93.155313898, 16.742989449999961 ], [ -93.155508771000015, 16.743008690999964 ], [ -93.155582317, 16.743010819999963 ], [ -93.156004725, 16.743043506000017 ], [ -93.15636355, 16.743077006000021 ], [ -93.15647588, 16.743090825999971 ], [ -93.156890555, 16.743126140000019 ], [ -93.157206677, 16.743143314999987 ], [ -93.157196992, 16.743263391000038 ], [ -93.1571701, 16.743596783 ], [ -93.15713319, 16.743917739000011 ], [ -93.157114319, 16.744081830999978 ], [ -93.157089785, 16.744304643000046 ], [ -93.157065251, 16.744527454999975 ], [ -93.157342693, 16.745041574999981 ], [ -93.157492133, 16.745334572 ], [ -93.157538704, 16.745436077000019 ], [ -93.157524753, 16.745690107000016 ], [ -93.157503685, 16.745869560000035 ], [ -93.156642483, 16.745731829999965 ], [ -93.156663001, 16.745568345000038 ], [ -93.156484256000013, 16.745553363999978 ], [ -93.156086923, 16.745507946000032 ], [ -93.156065335, 16.745702262999963 ], [ -93.156034796, 16.745949168000031 ], [ -93.155983847, 16.746363368000022 ], [ -93.15594106, 16.746760412000011 ], [ -93.155894804, 16.747189649999985 ], [ -93.155850689, 16.747599020999974 ], [ -93.155790888, 16.748153948999988 ], [ -93.155526892531938, 16.748208654054949 ], [ -93.155344954049056, 16.748269828968656 ], [ -93.155260647945184, 16.748298175947525 ], [ -93.154305295, 16.748739003000029 ], [ -93.154138172, 16.748814787000025 ], [ -93.153749264, 16.748991142 ], [ -93.153304111, 16.749199559 ], [ -93.153107293, 16.749275824 ], [ -93.153033152719473, 16.749305923033862 ], [ -93.152266642, 16.749483184999967 ], [ -93.151999390000015, 16.749544770000018 ], [ -93.151838897, 16.749486418000043 ], [ -93.1515524, 16.749458296000029 ], [ -93.151505383, 16.74945368 ], [ -93.151192237799819, 16.749422941878105 ], [ -93.151139212583914, 16.749418371468071 ], [ -93.150421179272726, 16.749356480556088 ], [ -93.15012261227595, 16.74933156366961 ], [ -93.149827881796725, 16.749305567012225 ], [ -93.149366051, 16.749270673 ], [ -93.14919486, 16.749274545999977 ], [ -93.148802088, 16.749303350999959 ], [ -93.14869073, 16.749313050999977 ], [ -93.148380636, 16.749374714000041 ], [ -93.148198059, 16.749413943000022 ], [ -93.148029973, 16.74945036899998 ], [ -93.147850285, 16.749475632 ], [ -93.147725646, 16.749472929 ], [ -93.147569105, 16.749445114 ], [ -93.14744733, 16.749397725 ], [ -93.147368611, 16.749343131 ], [ -93.147322627, 16.749311240000033 ], [ -93.147107963, 16.749151878000042 ], [ -93.14704347, 16.749103999000027 ], [ -93.146978976, 16.74905612 ], [ -93.146052357, 16.74836821 ], [ -93.145692745, 16.748108742999971 ], [ -93.145540551, 16.74800018700002 ], [ -93.145420168, 16.747952543999968 ], [ -93.145269412, 16.747907967000028 ], [ -93.145028799, 16.747857866999979 ], [ -93.144793997, 16.747827313000016 ], [ -93.144437493, 16.747841525999959 ], [ -93.143939017, 16.747928448 ], [ -93.143791177, 16.747906208999964 ], [ -93.14364622, 16.74786441999996 ], [ -93.143489656, 16.747803088999973 ], [ -93.143305839, 16.747701700999965 ], [ -93.143034287, 16.747551918999982 ], [ -93.142660345, 16.747345661 ], [ -93.14252578, 16.747256798 ], [ -93.142318155, 16.747119688 ], [ -93.142135155, 16.746992459000012 ], [ -93.141446482, 16.746559722999969 ], [ -93.141316995, 16.746501802999976 ], [ -93.141205586, 16.746464172999968 ], [ -93.141082138, 16.746429452 ], [ -93.140943642, 16.746400542000028 ], [ -93.140755535, 16.746371723999985 ], [ -93.140665701, 16.746355490999967 ], [ -93.14066417734233, 16.746221625382617 ], [ -93.140664686309293, 16.746121356142144 ], [ -93.140671341313038, 16.745975847956238 ], [ -93.14068144, 16.745916120000018 ], [ -93.140697181916266, 16.745867245527069 ], [ -93.140735491932176, 16.745803189837101 ], [ -93.140768569007435, 16.745753859512142 ], [ -93.140813687259495, 16.745704520967067 ], [ -93.140861817918278, 16.745658080813104 ], [ -93.140934041596253, 16.745626126482833 ], [ -93.141003254953276, 16.745594174183811 ], [ -93.141075493531673, 16.745582522992798 ], [ -93.141153757, 16.745576668999952 ], [ -93.141213963, 16.745576628000016 ], [ -93.14129826, 16.74558817199997 ], [ -93.141374779, 16.74560688 ], [ -93.141469119, 16.745641217999982 ], [ -93.141549452, 16.74568547100003 ], [ -93.14161177, 16.745724783000039 ], [ -93.141664906, 16.74577394000001 ], [ -93.141724444, 16.745827860999956 ], [ -93.141761086, 16.74577491000003 ], [ -93.141797728, 16.745721958999969 ], [ -93.141772477, 16.74510873700002 ], [ -93.141773296, 16.745048385999986 ], [ -93.141773949, 16.74500025200004 ], [ -93.141694924, 16.741986725 ], [ -93.141454561, 16.741256271 ], [ -93.141432515, 16.74121810000003 ], [ -93.141292623, 16.741200938000038 ], [ -93.141067727, 16.74113413899995 ], [ -93.141021409, 16.741038706 ], [ -93.140980557, 16.740954537000036 ], [ -93.140934624, 16.740819602999984 ], [ -93.140936708, 16.740660491000011 ], [ -93.140938826, 16.740545929999961 ], [ -93.140921154, 16.740467448000022 ], [ -93.1408705, 16.740448389000015 ], [ -93.140753796, 16.74043361899998 ], [ -93.140683321, 16.740408209000041 ], [ -93.140630426, 16.740336114999977 ], [ -93.140579696, 16.740213103999974 ], [ -93.140548761, 16.7400625 ], [ -93.14055529, 16.739958544000043 ], [ -93.140601411, 16.739801522999972 ], [ -93.140636568, 16.739703912 ], [ -93.140669513, 16.739593573 ], [ -93.140724483, 16.739493826000036 ], [ -93.140788298, 16.73944498800001 ], [ -93.140728832, 16.739419570999981 ], [ -93.14065837, 16.739411133000036 ], [ -93.140587908, 16.739402695000038 ], [ -93.140824086, 16.73858463599996 ], [ -93.143583734, 16.739022646000041 ], [ -93.144086249, 16.739059946999959 ], [ -93.144096474, 16.739060604000024 ], [ -93.144170859, 16.739066107000038 ], [ -93.144315589, 16.739076830999981 ], [ -93.144374551000013, 16.739081681000037 ], [ -93.144411793, 16.739084753000011 ], [ -93.144421871, 16.739085575999969 ], [ -93.144436075, 16.739086647 ], [ -93.144466751, 16.739088868999982 ], [ -93.144582198, 16.739097358 ], [ -93.144597933, 16.739103276000034 ], [ -93.144619228, 16.739109574999972 ], [ -93.144616342, 16.739131723000028 ], [ -93.144599708, 16.739271519000017 ], [ -93.144672251, 16.73927953299998 ], [ -93.144806158, 16.739271374 ], [ -93.145003973, 16.738919086000028 ], [ -93.145148794, 16.738585650999962 ], [ -93.145229578, 16.738424304000031 ], [ -93.145343860000011, 16.738289815000034 ], [ -93.145452608, 16.73821447 ], [ -93.145592086, 16.738195554999955 ], [ -93.145698074, 16.73816053400002 ], [ -93.145745402, 16.738028779999958 ], [ -93.145764833, 16.737899733999985 ], [ -93.145842799, 16.737703442999976 ], [ -93.14598219600002, 16.737577001 ], [ -93.146099353, 16.737555412000038 ], [ -93.146266789, 16.737614433999958 ], [ -93.146378401, 16.737638548000014 ], [ -93.146548568, 16.737619609999989 ], [ -93.146696418, 16.737603376000031 ], [ -93.146891746, 16.737654312000036 ], [ -93.147128951, 16.737742853 ], [ -93.147107998, 16.73814465 ], [ -93.147292052, 16.737999329999987 ], [ -93.147513749, 16.73781867200001 ], [ -93.147682184, 16.737683797 ], [ -93.147912914, 16.73776111 ], [ -93.148083178, 16.737868515000034 ], [ -93.148139023, 16.73793030300001 ], [ -93.148105682, 16.738107746 ], [ -93.147913611, 16.738664333999949 ], [ -93.147841174, 16.738793418000029 ], [ -93.147760391, 16.738879308 ], [ -93.148078021, 16.738968146 ], [ -93.148210725, 16.738945917000034 ], [ -93.148363816, 16.738881864999964 ], [ -93.148504116, 16.738780933000026 ], [ -93.148782208, 16.73863563500003 ], [ -93.149147092, 16.738507488000018 ], [ -93.149836192, 16.738470099999986 ], [ -93.150559936, 16.738506201999982 ], [ -93.151126844, 16.738534482000034 ], [ -93.151373758, 16.73854679799997 ] ] ] ] } },
{ "type": "Feature", "properties": { "ID": 95, "ENTIDAD": 7, "MUNICIPIO": 102, "NOMBRE": "TUXTLA GUTIERREZ", "CONTROL": 163, "GEOMETRY1_": null, "ID_2": 2263, "ENTIDAD_2": 7, "DISTRITO_F": 9, "DISTRITO_L": 13, "MUNICIPIO_2": 102, "SECCION": 2380, "TIPO": 2, "CONTROL_2": 3019, "GEOMETRY1__2": null }, "geometry": { "type": "MultiPolygon", "coordinates": [ [ [ [ -93.161015726, 16.743517563 ], [ -93.161082356, 16.743524248000014 ], [ -93.161542847, 16.743570448000032 ], [ -93.162402893, 16.74365673199997 ], [ -93.162351405, 16.74408125 ], [ -93.162324333, 16.744304458999974 ], [ -93.162238307, 16.745013747 ], [ -93.162183366, 16.745466736 ], [ -93.162154651, 16.745703482999964 ], [ -93.162152539, 16.745720899999974 ], [ -93.162104967, 16.745899116999979 ], [ -93.162081236, 16.74605432300001 ], [ -93.162045904, 16.746648449000038 ], [ -93.16203621, 16.746758820999975 ], [ -93.162011033854171, 16.747045473291173 ], [ -93.161995678057508, 16.74722031373377 ], [ -93.161973756244549, 16.747469912314422 ], [ -93.161962554627308, 16.747597452422504 ], [ -93.161941973000012, 16.747831794 ], [ -93.161929087, 16.747978514000039 ], [ -93.161887192320336, 16.748455513282757 ], [ -93.161814977, 16.749272087 ], [ -93.160760146, 16.749242521000024 ], [ -93.1607647771432, 16.748448305980634 ], [ -93.160767587868619, 16.748377439800663 ], [ -93.160785635708478, 16.747922403325052 ], [ -93.16079949337842, 16.747573010171873 ], [ -93.160814870450707, 16.747185307818487 ], [ -93.160831193584045, 16.746773751594557 ], [ -93.160386084, 16.746737340000035 ], [ -93.160417792000018, 16.745969741 ], [ -93.160419321020825, 16.745932735509133 ], [ -93.159959819981211, 16.745909053335509 ], [ -93.159482499, 16.745884451999963 ], [ -93.159502946546823, 16.745138503428326 ], [ -93.159520443406393, 16.744500191058567 ], [ -93.158950420718909, 16.744483270619007 ], [ -93.158936046, 16.744925176999985 ], [ -93.158669725, 16.744967737999964 ], [ -93.158551322, 16.744986659999977 ], [ -93.158498824861354, 16.744995049448917 ], [ -93.158435757, 16.745423287999969 ], [ -93.158410212, 16.745601574 ], [ -93.158389638, 16.745736791 ], [ -93.158165986, 16.745725862 ], [ -93.15778358, 16.74564149500004 ], [ -93.157767023, 16.745721590999956 ], [ -93.157524753, 16.745690107000016 ], [ -93.157538704, 16.745436077000019 ], [ -93.157492133, 16.745334572 ], [ -93.157342693, 16.745041574999981 ], [ -93.157065251, 16.744527454999975 ], [ -93.157089785, 16.744304643000046 ], [ -93.157114319, 16.744081830999978 ], [ -93.15713319, 16.743917739000011 ], [ -93.1571701, 16.743596783 ], [ -93.157196992, 16.743263391000038 ], [ -93.157206677, 16.743143314999987 ], [ -93.157852607, 16.743215057999958 ], [ -93.158054452, 16.743227470999987 ], [ -93.158567135, 16.743272410999971 ], [ -93.158960703, 16.743293776 ], [ -93.159578591, 16.743373586999983 ], [ -93.160150815, 16.743436362999979 ], [ -93.160794665, 16.743495384 ], [ -93.160951664, 16.743511136000031 ], [ -93.161015726, 16.743517563 ] ] ] ] } },
{ "type": "Feature", "properties": { "ID": 95, "ENTIDAD": 7, "MUNICIPIO": 102, "NOMBRE": "TUXTLA GUTIERREZ", "CONTROL": 163, "GEOMETRY1_": null, "ID_2": 2264, "ENTIDAD_2": 7, "DISTRITO_F": 9, "DISTRITO_L": 13, "MUNICIPIO_2": 102, "SECCION": 2381, "TIPO": 2, "CONTROL_2": 3015, "GEOMETRY1__2": null }, "geometry": { "type": "MultiPolygon", "coordinates": [ [ [ [ -93.166067176, 16.737495969000026 ], [ -93.165962716, 16.73789611 ], [ -93.165826719, 16.73837001 ], [ -93.165518711, 16.739231687 ], [ -93.165371131, 16.739993786 ], [ -93.165296251, 16.740343043999978 ], [ -93.165042252, 16.741413113000018 ], [ -93.164386361, 16.743352058000024 ], [ -93.164042553, 16.744400102 ], [ -93.164003955, 16.744607218999981 ], [ -93.163949375, 16.744900094 ], [ -93.163920776, 16.745053552000027 ], [ -93.163920266, 16.745975203 ], [ -93.163945622, 16.746676952 ], [ -93.164006547000014, 16.746841764000028 ], [ -93.163757671, 16.746783122000018 ], [ -93.16304534841575, 16.746712723847455 ], [ -93.162413972370032, 16.746672120229334 ], [ -93.162045904, 16.746648449000038 ], [ -93.162081236, 16.74605432300001 ], [ -93.162104967, 16.745899116999979 ], [ -93.162152539, 16.745720899999974 ], [ -93.162154651, 16.745703482999964 ], [ -93.162183366, 16.745466736 ], [ -93.162238307, 16.745013747 ], [ -93.162324333, 16.744304458999974 ], [ -93.162351405, 16.74408125 ], [ -93.162402893, 16.74365673199997 ], [ -93.161542847, 16.743570448000032 ], [ -93.161082356, 16.743524248000014 ], [ -93.161015726, 16.743517563 ], [ -93.160951664, 16.743511136000031 ], [ -93.160794665, 16.743495384 ], [ -93.160150815, 16.743436362999979 ], [ -93.160190371000013, 16.743081245 ], [ -93.160235043, 16.742685714999972 ], [ -93.160237508, 16.742659271999987 ], [ -93.160240719, 16.742624818 ], [ -93.160257968, 16.742439769000029 ], [ -93.160293557, 16.742057967999987 ], [ -93.160276589, 16.741829597999974 ], [ -93.160371058, 16.740809104000022 ], [ -93.160340731, 16.740659787000034 ], [ -93.16036264, 16.740260216000035 ], [ -93.160364519, 16.740019706000037 ], [ -93.160395390000019, 16.739531032999967 ], [ -93.160420104000011, 16.739054322000037 ], [ -93.160469941, 16.73858969 ], [ -93.160514715, 16.738076667000033 ], [ -93.160549457, 16.737580589999965 ], [ -93.160589233, 16.737096606999952 ], [ -93.160667639, 16.736811118 ], [ -93.160678682, 16.736409041 ], [ -93.160716201, 16.735912716999973 ], [ -93.160714997, 16.73549704499996 ], [ -93.160712728, 16.73471398599996 ], [ -93.160711842, 16.734408172 ], [ -93.160710862, 16.73406971 ], [ -93.161300006, 16.734231208999965 ], [ -93.162241445, 16.734489276 ], [ -93.16235418, 16.734520178000018 ], [ -93.16327973, 16.734773884999981 ], [ -93.164297494, 16.735089289000051 ], [ -93.165310407, 16.735629878000026 ], [ -93.166381777, 16.736188441000039 ], [ -93.166257035000015, 16.736729227 ], [ -93.166067176, 16.737495969000026 ] ] ] ] } },
{ "type": "Feature", "properties": { "ID": 95, "ENTIDAD": 7, "MUNICIPIO": 102, "NOMBRE": "TUXTLA GUTIERREZ", "CONTROL": 163, "GEOMETRY1_": null, "ID_2": 2265, "ENTIDAD_2": 7, "DISTRITO_F": 9, "DISTRITO_L": 13, "MUNICIPIO_2": 102, "SECCION": 2382, "TIPO": 2, "CONTROL_2": 3020, "GEOMETRY1__2": null }, "geometry": { "type": "MultiPolygon", "coordinates": [ [ [ [ -93.160364519, 16.740019706000037 ], [ -93.16036264, 16.740260216000035 ], [ -93.160340731, 16.740659787000034 ], [ -93.160371058, 16.740809104000022 ], [ -93.160276589, 16.741829597999974 ], [ -93.160293557, 16.742057967999987 ], [ -93.160257968, 16.742439769000029 ], [ -93.160240719, 16.742624818 ], [ -93.160237508, 16.742659271999987 ], [ -93.160235043, 16.742685714999972 ], [ -93.160190371000013, 16.743081245 ], [ -93.160150815, 16.743436362999979 ], [ -93.159578591, 16.743373586999983 ], [ -93.158960703, 16.743293776 ], [ -93.158567135, 16.743272410999971 ], [ -93.158054452, 16.743227470999987 ], [ -93.157852607, 16.743215057999958 ], [ -93.157206677, 16.743143314999987 ], [ -93.156890555, 16.743126140000019 ], [ -93.15647588, 16.743090825999971 ], [ -93.15636355, 16.743077006000021 ], [ -93.156004725, 16.743043506000017 ], [ -93.155582317, 16.743010819999963 ], [ -93.155508771000015, 16.743008690999964 ], [ -93.155313898, 16.742989449999961 ], [ -93.154883899, 16.742936713000024 ], [ -93.154657002, 16.742905643999983 ], [ -93.154496278, 16.742906392999981 ], [ -93.15423550600002, 16.742913863999981 ], [ -93.154115332, 16.74289513600004 ], [ -93.154165725, 16.742325161999958 ], [ -93.154200357, 16.741899504000035 ], [ -93.154236308, 16.741427367 ], [ -93.154302003, 16.740597443 ], [ -93.154304319, 16.740566824 ], [ -93.154355587000012, 16.740568537999966 ], [ -93.154787113, 16.74060021 ], [ -93.154837989, 16.740604026 ], [ -93.154885613, 16.740607539000013 ], [ -93.155299526, 16.740638513000022 ], [ -93.15533757, 16.74064215600001 ], [ -93.155368715, 16.74064523499997 ], [ -93.155756473, 16.74067292399997 ], [ -93.155773917, 16.740673797000039 ], [ -93.155796048, 16.740677299000037 ], [ -93.155799591, 16.740638812000014 ], [ -93.155916625, 16.740656487999971 ], [ -93.156013781, 16.739885405 ], [ -93.156436680000013, 16.739937676000043 ], [ -93.156987527, 16.739994979 ], [ -93.157366221, 16.740037586 ], [ -93.157779216, 16.740084094000011 ], [ -93.158164613, 16.740129427999971 ], [ -93.158179472, 16.739900164999963 ], [ -93.158188088, 16.739767226999966 ], [ -93.158225121, 16.73933867999995 ], [ -93.158258486, 16.73888912 ], [ -93.15937725500001, 16.738976591000032 ], [ -93.160420104000011, 16.739054322000037 ], [ -93.160395390000019, 16.739531032999967 ], [ -93.160364519, 16.740019706000037 ] ] ] ] } },
{ "type": "Feature", "properties": { "ID": 95, "ENTIDAD": 7, "MUNICIPIO": 102, "NOMBRE": "TUXTLA GUTIERREZ", "CONTROL": 163, "GEOMETRY1_": null, "ID_2": 2266, "ENTIDAD_2": 7, "DISTRITO_F": 9, "DISTRITO_L": 13, "MUNICIPIO_2": 102, "SECCION": 2383, "TIPO": 2, "CONTROL_2": 3016, "GEOMETRY1__2": null }, "geometry": { "type": "MultiPolygon", "coordinates": [ [ [ [ -93.168010083, 16.729446306000021 ], [ -93.168117048, 16.729447975000014 ], [ -93.168107808712051, 16.729517268956801 ], [ -93.168140538, 16.730273403999977 ], [ -93.168140928, 16.730718695999958 ], [ -93.168115687, 16.730889982999972 ], [ -93.167842263, 16.731805258 ], [ -93.167827876, 16.731853469000022 ], [ -93.167766312, 16.732059772999968 ], [ -93.167487904, 16.733087597000026 ], [ -93.167361297, 16.733488952999981 ], [ -93.16730867650088, 16.733631629801383 ], [ -93.167230387704706, 16.73384390398083 ], [ -93.167204240719798, 16.733914799452037 ], [ -93.166971614, 16.734640829999954 ], [ -93.166381777, 16.736188441000039 ], [ -93.165310407, 16.735629878000026 ], [ -93.164297494, 16.735089289000051 ], [ -93.16327973, 16.734773884999981 ], [ -93.16235418, 16.734520178000018 ], [ -93.162241445, 16.734489276 ], [ -93.161300006, 16.734231208999965 ], [ -93.160710862, 16.73406971 ], [ -93.159891311, 16.733847381 ], [ -93.159440331, 16.733802637999975 ], [ -93.158684926, 16.733727691 ], [ -93.158288955, 16.733687008999972 ], [ -93.157860606000014, 16.733647578999989 ], [ -93.157542686, 16.733610336000041 ], [ -93.157445646, 16.73389234200004 ], [ -93.157357662, 16.734317985000022 ], [ -93.157318713, 16.734629453000029 ], [ -93.157316285, 16.734633 ], [ -93.157281144, 16.734742751 ], [ -93.157114895, 16.735446850999985 ], [ -93.157114191000019, 16.735450270000026 ], [ -93.157114209, 16.735451487999974 ], [ -93.157103321, 16.735574308999986 ], [ -93.157081252, 16.735706573 ], [ -93.157058478, 16.73619147499997 ], [ -93.156912578000018, 16.737319453000044 ], [ -93.156911353, 16.737327335000018 ], [ -93.15690943, 16.737347125000024 ], [ -93.156910602, 16.737363241999976 ], [ -93.156864635, 16.737712913 ], [ -93.156861567, 16.737737509000038 ], [ -93.156818928, 16.738064573999964 ], [ -93.156816092, 16.738086096000014 ], [ -93.156811628, 16.738118521999986 ], [ -93.15675844, 16.738625670999966 ], [ -93.158234772, 16.738794547999987 ], [ -93.158238361, 16.738794774000013 ], [ -93.158265084, 16.738800216 ], [ -93.158258486, 16.73888912 ], [ -93.158225121, 16.73933867999995 ], [ -93.158188088, 16.739767226999966 ], [ -93.158179472, 16.739900164999963 ], [ -93.158164613, 16.740129427999971 ], [ -93.157779216, 16.740084094000011 ], [ -93.157366221, 16.740037586 ], [ -93.156987527, 16.739994979 ], [ -93.156436680000013, 16.739937676000043 ], [ -93.156013781, 16.739885405 ], [ -93.155916625, 16.740656487999971 ], [ -93.155799591, 16.740638812000014 ], [ -93.155796048, 16.740677299000037 ], [ -93.155773917, 16.740673797000039 ], [ -93.155756473, 16.74067292399997 ], [ -93.155368715, 16.74064523499997 ], [ -93.15533757, 16.74064215600001 ], [ -93.155299526, 16.740638513000022 ], [ -93.154885613, 16.740607539000013 ], [ -93.154837989, 16.740604026 ], [ -93.154787113, 16.74060021 ], [ -93.154355587000012, 16.740568537999966 ], [ -93.154304319, 16.740566824 ], [ -93.154302003, 16.740597443 ], [ -93.154236308, 16.741427367 ], [ -93.154200357, 16.741899504000035 ], [ -93.153846658, 16.741714370999965 ], [ -93.153926971, 16.740729374000022 ], [ -93.153939964, 16.740569804000028 ], [ -93.153964492, 16.740269189999985 ], [ -93.153981326, 16.740062726000044 ], [ -93.154018621, 16.739605315999981 ], [ -93.154072774, 16.738941130999979 ], [ -93.155898643, 16.73918658200002 ], [ -93.155900403, 16.739171708 ], [ -93.155903268, 16.739139673000029 ], [ -93.155903578, 16.739036611 ], [ -93.155902919, 16.739033572999979 ], [ -93.155969411, 16.738552780999971 ], [ -93.155973724, 16.738524417000033 ], [ -93.156055795, 16.737731264000043 ], [ -93.156058854, 16.73769555700002 ], [ -93.15606357, 16.737677195000028 ], [ -93.156077584, 16.737621096000023 ], [ -93.156152452, 16.73661714 ], [ -93.156152448, 16.736611442999973 ], [ -93.155693193, 16.736433395000013 ], [ -93.15484238, 16.736104973000028 ], [ -93.154615514, 16.736017780999987 ], [ -93.154506931000014, 16.735958354999958 ], [ -93.154373373, 16.735889072000031 ], [ -93.154022721000018, 16.735790070999975 ], [ -93.153786167, 16.735744666999977 ], [ -93.153476827, 16.735711725 ], [ -93.153454488, 16.735710728999958 ], [ -93.153125354, 16.736064725000013 ], [ -93.152830484, 16.736381849999969 ], [ -93.152814568, 16.736395618000028 ], [ -93.152800086, 16.736408144999952 ], [ -93.15243255, 16.736806355000034 ], [ -93.152411864, 16.736831561000034 ], [ -93.152396056, 16.736850821999962 ], [ -93.152247623, 16.737666038 ], [ -93.152247263, 16.737667991999981 ], [ -93.152246937, 16.737671212999967 ], [ -93.15214268, 16.738603749000017 ], [ -93.152135213, 16.738657967 ], [ -93.151799748, 16.738608975999981 ], [ -93.151373758, 16.73854679799997 ], [ -93.151126844, 16.738534482000034 ], [ -93.150559936, 16.738506201999982 ], [ -93.149836192, 16.738470099999986 ], [ -93.149147092, 16.738507488000018 ], [ -93.148782208, 16.73863563500003 ], [ -93.148504116, 16.738780933000026 ], [ -93.148363816, 16.738881864999964 ], [ -93.148210725, 16.738945917000034 ], [ -93.148078021, 16.738968146 ], [ -93.147760391, 16.738879308 ], [ -93.147841174, 16.738793418000029 ], [ -93.147913611, 16.738664333999949 ], [ -93.148105682, 16.738107746 ], [ -93.148139023, 16.73793030300001 ], [ -93.148083178, 16.737868515000034 ], [ -93.147912914, 16.73776111 ], [ -93.147682184, 16.737683797 ], [ -93.147513749, 16.73781867200001 ], [ -93.147292052, 16.737999329999987 ], [ -93.147107998, 16.73814465 ], [ -93.147128951, 16.737742853 ], [ -93.146891746, 16.737654312000036 ], [ -93.146696418, 16.737603376000031 ], [ -93.146548568, 16.737619609999989 ], [ -93.146378401, 16.737638548000014 ], [ -93.146266789, 16.737614433999958 ], [ -93.146099353, 16.737555412000038 ], [ -93.14598219600002, 16.737577001 ], [ -93.145842799, 16.737703442999976 ], [ -93.145764833, 16.737899733999985 ], [ -93.145745402, 16.738028779999958 ], [ -93.145698074, 16.73816053400002 ], [ -93.145592086, 16.738195554999955 ], [ -93.145452608, 16.73821447 ], [ -93.145343860000011, 16.738289815000034 ], [ -93.145229578, 16.738424304000031 ], [ -93.145148794, 16.738585650999962 ], [ -93.145003973, 16.738919086000028 ], [ -93.144806158, 16.739271374 ], [ -93.144672251, 16.73927953299998 ], [ -93.144599708, 16.739271519000017 ], [ -93.144616342, 16.739131723000028 ], [ -93.144619228, 16.739109574999972 ], [ -93.144597933, 16.739103276000034 ], [ -93.144582198, 16.739097358 ], [ -93.144466751, 16.739088868999982 ], [ -93.144436075, 16.739086647 ], [ -93.144421871, 16.739085575999969 ], [ -93.144411793, 16.739084753000011 ], [ -93.144374551000013, 16.739081681000037 ], [ -93.144315589, 16.739076830999981 ], [ -93.144170859, 16.739066107000038 ], [ -93.144096474, 16.739060604000024 ], [ -93.144086249, 16.739059946999959 ], [ -93.143583734, 16.739022646000041 ], [ -93.140824086, 16.73858463599996 ], [ -93.141096874, 16.737442619999964 ], [ -93.141485517, 16.73581556 ], [ -93.142172910966465, 16.721013782402746 ], [ -93.142308978, 16.720987930000042 ], [ -93.143456647, 16.721159305 ], [ -93.146443839, 16.721577720999964 ], [ -93.147304422, 16.722271158000027 ], [ -93.147986748, 16.722548289000027 ], [ -93.149058852, 16.722821054999958 ], [ -93.149503839, 16.722988122000018 ], [ -93.150788346, 16.723975186000011 ], [ -93.151135876, 16.724121907 ], [ -93.152080822, 16.724309015 ], [ -93.153074605, 16.724284403999963 ], [ -93.154072255, 16.72449942400003 ], [ -93.1576491, 16.72572968100004 ], [ -93.157897117, 16.726099368999979 ], [ -93.158108327, 16.726449380999966 ], [ -93.158249686, 16.726759792 ], [ -93.158500654, 16.726489133999976 ], [ -93.158641074, 16.726477654999986 ], [ -93.158820562, 16.726518811999963 ], [ -93.159451182, 16.72674613500002 ], [ -93.159524728, 16.726741016000037 ], [ -93.159594888, 16.726669067999964 ], [ -93.159776686, 16.726482638000039 ], [ -93.160267757, 16.726454917 ], [ -93.160377159, 16.726464219 ], [ -93.160498214, 16.726521994000034 ], [ -93.160617332, 16.726568047000022 ], [ -93.160831184, 16.726660793999965 ], [ -93.161031543, 16.726734436 ], [ -93.161428278, 16.726919221999982 ], [ -93.16130941, 16.727173074000035 ], [ -93.161501381, 16.727269836999973 ], [ -93.161704868, 16.727341897000017 ], [ -93.161757715, 16.727360611 ], [ -93.162112083, 16.727484333 ], [ -93.162483384, 16.727595398999977 ], [ -93.162730233, 16.72769531099998 ], [ -93.162867875, 16.727796763 ], [ -93.163008517, 16.72789296799996 ], [ -93.163039207, 16.727913961000034 ], [ -93.163383172, 16.728177026999973 ], [ -93.163652237, 16.728382807999981 ], [ -93.163732364, 16.728639410000028 ], [ -93.163850397, 16.728723650000038 ], [ -93.164139703, 16.728855420000034 ], [ -93.164345195, 16.728995850999969 ], [ -93.164406335, 16.729170539999963 ], [ -93.164404635, 16.729407040999956 ], [ -93.164414976, 16.729519423000038 ], [ -93.164429601, 16.729678353000029 ], [ -93.164425484, 16.729799110999988 ], [ -93.164378527, 16.730023059 ], [ -93.164350065, 16.730112915000014 ], [ -93.16429692200002, 16.730265123999978 ], [ -93.164240006, 16.730454001999949 ], [ -93.164202161, 16.730696031000033 ], [ -93.164200445, 16.730914198000022 ], [ -93.164193902, 16.73112902099998 ], [ -93.164792043, 16.731401710999968 ], [ -93.164842144000019, 16.731404212 ], [ -93.165392778, 16.730877833999969 ], [ -93.165803736, 16.730440494000018 ], [ -93.166006559, 16.730198959 ], [ -93.166251848, 16.730280066000034 ], [ -93.166520748, 16.730286916000022 ], [ -93.1668241, 16.730033869999978 ], [ -93.167387447, 16.729563943 ], [ -93.167709119, 16.729295612999959 ], [ -93.168010083, 16.729446306000021 ] ] ] ] } },
{ "type": "Feature", "properties": { "ID": 95, "ENTIDAD": 7, "MUNICIPIO": 102, "NOMBRE": "TUXTLA GUTIERREZ", "CONTROL": 163, "GEOMETRY1_": null, "ID_2": 2267, "ENTIDAD_2": 7, "DISTRITO_F": 9, "DISTRITO_L": 13, "MUNICIPIO_2": 102, "SECCION": 2384, "TIPO": 2, "CONTROL_2": 3010, "GEOMETRY1__2": null }, "geometry": { "type": "MultiPolygon", "coordinates": [ [ [ [ -93.160710862, 16.73406971 ], [ -93.160711842, 16.734408172 ], [ -93.160712728, 16.73471398599996 ], [ -93.160714997, 16.73549704499996 ], [ -93.160716201, 16.735912716999973 ], [ -93.160678682, 16.736409041 ], [ -93.160667639, 16.736811118 ], [ -93.160589233, 16.737096606999952 ], [ -93.160549457, 16.737580589999965 ], [ -93.160514715, 16.738076667000033 ], [ -93.160469941, 16.73858969 ], [ -93.160420104000011, 16.739054322000037 ], [ -93.15937725500001, 16.738976591000032 ], [ -93.158258486, 16.73888912 ], [ -93.158265084, 16.738800216 ], [ -93.158238361, 16.738794774000013 ], [ -93.158234772, 16.738794547999987 ], [ -93.15675844, 16.738625670999966 ], [ -93.156811628, 16.738118521999986 ], [ -93.156816092, 16.738086096000014 ], [ -93.156818928, 16.738064573999964 ], [ -93.156861567, 16.737737509000038 ], [ -93.156864635, 16.737712913 ], [ -93.156910602, 16.737363241999976 ], [ -93.15690943, 16.737347125000024 ], [ -93.156911353, 16.737327335000018 ], [ -93.156912578000018, 16.737319453000044 ], [ -93.157058478, 16.73619147499997 ], [ -93.157081252, 16.735706573 ], [ -93.157103321, 16.735574308999986 ], [ -93.157114209, 16.735451487999974 ], [ -93.157114191000019, 16.735450270000026 ], [ -93.157114895, 16.735446850999985 ], [ -93.157281144, 16.734742751 ], [ -93.157316285, 16.734633 ], [ -93.157318713, 16.734629453000029 ], [ -93.157357662, 16.734317985000022 ], [ -93.157445646, 16.73389234200004 ], [ -93.157542686, 16.733610336000041 ], [ -93.157860606000014, 16.733647578999989 ], [ -93.158288955, 16.733687008999972 ], [ -93.158684926, 16.733727691 ], [ -93.159440331, 16.733802637999975 ], [ -93.159891311, 16.733847381 ], [ -93.160710862, 16.73406971 ] ] ] ] } },
{ "type": "Feature", "properties": { "ID": 95, "ENTIDAD": 7, "MUNICIPIO": 102, "NOMBRE": "TUXTLA GUTIERREZ", "CONTROL": 163, "GEOMETRY1_": null, "ID_2": 2268, "ENTIDAD_2": 7, "DISTRITO_F": 9, "DISTRITO_L": 13, "MUNICIPIO_2": 102, "SECCION": 2385, "TIPO": 2, "CONTROL_2": 3017, "GEOMETRY1__2": null }, "geometry": { "type": "MultiPolygon", "coordinates": [ [ [ [ -93.169324605, 16.716084485999964 ], [ -93.169290494, 16.715722244999988 ], [ -93.169366366814074, 16.715543083065288 ], [ -93.169758384754616, 16.714630981956493 ], [ -93.169981801, 16.714121992999956 ], [ -93.170264278, 16.713531546 ], [ -93.170551118, 16.713099842 ], [ -93.171234632, 16.712256695 ], [ -93.171456935, 16.711977407999974 ], [ -93.172304982178389, 16.712482312010913 ], [ -93.172912029, 16.712845513999973 ], [ -93.173604808, 16.712918200999979 ], [ -93.174318684000013, 16.712966446000035 ], [ -93.174707267977141, 16.712953906328476 ], [ -93.174893273462828, 16.713124707723903 ], [ -93.175459713610934, 16.713608610626292 ], [ -93.175579296, 16.713711850000017 ], [ -93.175455807, 16.71389385199997 ], [ -93.175348798, 16.71410430700001 ], [ -93.175202551, 16.714585849999974 ], [ -93.174638966762927, 16.716704642127937 ], [ -93.174449916311403, 16.717838944837212 ], [ -93.17438571, 16.718441766 ], [ -93.174239464, 16.719540398999989 ], [ -93.174118186, 16.720464249000035 ], [ -93.174064681, 16.720831649000029 ], [ -93.173968373, 16.721145544000031 ], [ -93.173872064, 16.721352430000042 ], [ -93.173625942, 16.721791169000014 ], [ -93.173419056, 16.722133600000024 ], [ -93.172679650442788, 16.723307308157231 ], [ -93.172445268, 16.723667406 ], [ -93.172341825, 16.723856456 ], [ -93.171999394, 16.724601957 ], [ -93.171731870197419, 16.72513343867486 ], [ -93.171539253, 16.725486571000019 ], [ -93.171357336284075, 16.725857537574168 ], [ -93.171196821749746, 16.726125061798044 ], [ -93.17092929752593, 16.726542399587281 ], [ -93.170672474271058, 16.726909799521465 ], [ -93.170522661, 16.727116685000013 ], [ -93.170383548000018, 16.727237962999954 ], [ -93.170201632, 16.727355672999966 ], [ -93.170091055, 16.727398477 ], [ -93.169902004506497, 16.72741987904163 ], [ -93.169670150179144, 16.7274591159278 ], [ -93.169345554, 16.727491219 ], [ -93.169117267, 16.727548291000026 ], [ -93.169013824, 16.727598229 ], [ -93.168892546435231, 16.727687403265502 ], [ -93.168803371693983, 16.727773011017163 ], [ -93.168703495983763, 16.727919257592827 ], [ -93.168596486, 16.728083339000023 ], [ -93.168484432, 16.728360275000014 ], [ -93.168346797, 16.728700428000014 ], [ -93.168129210649951, 16.729356754422511 ], [ -93.168117048, 16.729447975000014 ], [ -93.168010083, 16.729446306000021 ], [ -93.167709119, 16.729295612999959 ], [ -93.167387447, 16.729563943 ], [ -93.1668241, 16.730033869999978 ], [ -93.166520748, 16.730286916000022 ], [ -93.166251848, 16.730280066000034 ], [ -93.166006559, 16.730198959 ], [ -93.165803736, 16.730440494000018 ], [ -93.165392778, 16.730877833999969 ], [ -93.164842144000019, 16.731404212 ], [ -93.164792043, 16.731401710999968 ], [ -93.164193902, 16.73112902099998 ], [ -93.164200445, 16.730914198000022 ], [ -93.164202161, 16.730696031000033 ], [ -93.164240006, 16.730454001999949 ], [ -93.16429692200002, 16.730265123999978 ], [ -93.164350065, 16.730112915000014 ], [ -93.164378527, 16.730023059 ], [ -93.164425484, 16.729799110999988 ], [ -93.164429601, 16.729678353000029 ], [ -93.164414976, 16.729519423000038 ], [ -93.164404635, 16.729407040999956 ], [ -93.164406335, 16.729170539999963 ], [ -93.164345195, 16.728995850999969 ], [ -93.164139703, 16.728855420000034 ], [ -93.163850397, 16.728723650000038 ], [ -93.163732364, 16.728639410000028 ], [ -93.163652237, 16.728382807999981 ], [ -93.163383172, 16.728177026999973 ], [ -93.163039207, 16.727913961000034 ], [ -93.163008517, 16.72789296799996 ], [ -93.162867875, 16.727796763 ], [ -93.162730233, 16.72769531099998 ], [ -93.162483384, 16.727595398999977 ], [ -93.162112083, 16.727484333 ], [ -93.161757715, 16.727360611 ], [ -93.161704868, 16.727341897000017 ], [ -93.161501381, 16.727269836999973 ], [ -93.16130941, 16.727173074000035 ], [ -93.161428278, 16.726919221999982 ], [ -93.161031543, 16.726734436 ], [ -93.160831184, 16.726660793999965 ], [ -93.160617332, 16.726568047000022 ], [ -93.160498214, 16.726521994000034 ], [ -93.160377159, 16.726464219 ], [ -93.160267757, 16.726454917 ], [ -93.159776686, 16.726482638000039 ], [ -93.159594888, 16.726669067999964 ], [ -93.159524728, 16.726741016000037 ], [ -93.159451182, 16.72674613500002 ], [ -93.158820562, 16.726518811999963 ], [ -93.158641074, 16.726477654999986 ], [ -93.158500654, 16.726489133999976 ], [ -93.158249686, 16.726759792 ], [ -93.158108327, 16.726449380999966 ], [ -93.157897117, 16.726099368999979 ], [ -93.1576491, 16.72572968100004 ], [ -93.154072255, 16.72449942400003 ], [ -93.153074605, 16.724284403999963 ], [ -93.152080822, 16.724309015 ], [ -93.151135876, 16.724121907 ], [ -93.150788346, 16.723975186000011 ], [ -93.149503839, 16.722988122000018 ], [ -93.149058852, 16.722821054999958 ], [ -93.147986748, 16.722548289000027 ], [ -93.147304422, 16.722271158000027 ], [ -93.146443839, 16.721577720999964 ], [ -93.143456647, 16.721159305 ], [ -93.142308978, 16.720987930000042 ], [ -93.14244994259424, 16.720961146060294 ], [ -93.146566657, 16.720178917999988 ], [ -93.14892031, 16.719572294000031 ], [ -93.155960483, 16.719399580999983 ], [ -93.156042864, 16.718841639000033 ], [ -93.156809165, 16.718530027999954 ], [ -93.157138163, 16.718230296000026 ], [ -93.157379396, 16.717856995 ], [ -93.158953563, 16.716804334999988 ], [ -93.162048886, 16.716103858999976 ], [ -93.162362336, 16.716116366999973 ], [ -93.162879738, 16.716183089000012 ], [ -93.163650814, 16.716166678 ], [ -93.164147729, 16.716084623000022 ], [ -93.164295281, 16.715928739 ], [ -93.164415069, 16.715655616999978 ], [ -93.164781725, 16.715017910000036 ], [ -93.165287874, 16.714490251999983 ], [ -93.165861232, 16.714189152000039 ], [ -93.166889333, 16.714180946000017 ], [ -93.167257736, 16.714082480000044 ], [ -93.167856706, 16.714353896000024 ], [ -93.167978381, 16.714409250999978 ], [ -93.167978391, 16.714508951000038 ], [ -93.167978401, 16.714608649999978 ], [ -93.16804595, 16.714807820999951 ], [ -93.168077383, 16.714896154 ], [ -93.168110716, 16.714970384999965 ], [ -93.168144291000019, 16.715058206000027 ], [ -93.168173815, 16.715136539000042 ], [ -93.168210482, 16.715212436 ], [ -93.168248568, 16.715285769 ], [ -93.168285545, 16.715354827999985 ], [ -93.16915494200002, 16.716679826 ], [ -93.169202535, 16.716564899000016 ], [ -93.169324605, 16.716084485999964 ] ] ] ] } },
{ "type": "Feature", "properties": { "ID": 95, "ENTIDAD": 7, "MUNICIPIO": 102, "NOMBRE": "TUXTLA GUTIERREZ", "CONTROL": 163, "GEOMETRY1_": null, "ID_2": 845, "ENTIDAD_2": 7, "DISTRITO_F": 10, "DISTRITO_L": 14, "MUNICIPIO_2": 61, "SECCION": 904, "TIPO": 4, "CONTROL_2": 2534, "GEOMETRY1__2": null }, "geometry": { "type": "MultiPolygon", "coordinates": [ [ [ [ -93.235674257068624, 16.709162901629767 ], [ -93.235387563211233, 16.70928640319913 ], [ -93.234814571589112, 16.709367822920001 ], [ -93.235387563211219, 16.70928640319913 ], [ -93.235674257068609, 16.709162901629767 ], [ -93.235961346780869, 16.708873817433606 ], [ -93.235674257068624, 16.709162901629767 ] ] ], [ [ [ -93.236339045098561, 16.718602726830085 ], [ -93.236339045098561, 16.718602726830177 ], [ -93.236168089769492, 16.718229756796056 ], [ -93.236339045098561, 16.718602726830085 ] ] ], [ [ [ -93.230589298142021, 16.72748900678776 ], [ -93.230187803616175, 16.727695015628996 ], [ -93.230589298142007, 16.72748900678776 ], [ -93.231048076483205, 16.727283135375973 ], [ -93.230589298142021, 16.72748900678776 ] ] ], [ [ [ -93.224359816963499, 16.74490147021034 ], [ -93.223785291683399, 16.745562396590184 ], [ -93.224359816963485, 16.74490147021034 ], [ -93.224761860639006, 16.74448849532515 ], [ -93.224359816963499, 16.74490147021034 ] ] ] ] } },
{ "type": "Feature", "properties": { "ID": 95, "ENTIDAD": 7, "MUNICIPIO": 102, "NOMBRE": "TUXTLA GUTIERREZ", "CONTROL": 163, "GEOMETRY1_": null, "ID_2": 846, "ENTIDAD_2": 7, "DISTRITO_F": 10, "DISTRITO_L": 14, "MUNICIPIO_2": 61, "SECCION": 905, "TIPO": 4, "CONTROL_2": 139, "GEOMETRY1__2": null }, "geometry": { "type": "MultiPolygon", "coordinates": [ [ [ [ -93.225663925311295, 16.680202996193671 ], [ -93.226121786888697, 16.680328301650125 ], [ -93.226637223184937, 16.680329558604917 ], [ -93.226121786888697, 16.680328301650217 ], [ -93.225663925311295, 16.680202996193763 ], [ -93.225320605574197, 16.680077969658743 ], [ -93.225663925311295, 16.680202996193671 ] ] ], [ [ [ -93.22755274686871, 16.680662955547263 ], [ -93.227562173954027, 16.680663571094787 ], [ -93.227552746868696, 16.680662955547263 ], [ -93.227094883601865, 16.680537653279583 ], [ -93.22755274686871, 16.680662955547263 ] ] ] ] } },
{ "type": "Feature", "properties": { "ID": 95, "ENTIDAD": 7, "MUNICIPIO": 102, "NOMBRE": "TUXTLA GUTIERREZ", "CONTROL": 163, "GEOMETRY1_": null, "ID_2": 847, "ENTIDAD_2": 7, "DISTRITO_F": 10, "DISTRITO_L": 14, "MUNICIPIO_2": 61, "SECCION": 906, "TIPO": 4, "CONTROL_2": 138, "GEOMETRY1__2": null }, "geometry": { "type": "MultiPolygon", "coordinates": [ [ [ [ -93.231195023265684, 16.683055020519419 ], [ -93.231034474953503, 16.683111493101432 ], [ -93.23066964647299, 16.683319854182887 ], [ -93.230443495473068, 16.683428801982409 ], [ -93.230669646473004, 16.683319854182802 ], [ -93.231034474953503, 16.683111493101432 ], [ -93.23119502326567, 16.683055020519419 ], [ -93.231207294798537, 16.683048243654355 ], [ -93.231195023265684, 16.683055020519419 ] ] ], [ [ [ -93.224489773236456, 16.685914716911192 ], [ -93.224328393706188, 16.687289391187317 ], [ -93.224489773236442, 16.685914716911192 ], [ -93.224753518805642, 16.684971916848205 ], [ -93.224489773236456, 16.685914716911192 ] ] ], [ [ [ -93.224248687698733, 16.688821062335968 ], [ -93.224269323745574, 16.689726843820281 ], [ -93.224270160073829, 16.689763552684525 ], [ -93.22426932374556, 16.689726843820281 ], [ -93.224248687698719, 16.688821062335968 ], [ -93.224328393706188, 16.687289391187317 ], [ -93.224248687698733, 16.688821062335968 ] ] ], [ [ [ -93.225462310866064, 16.69237290404963 ], [ -93.225633627127451, 16.692580301826222 ], [ -93.225462310866064, 16.692372904049719 ], [ -93.225234329195857, 16.691916992299234 ], [ -93.225462310866064, 16.69237290404963 ] ] ], [ [ [ -93.228548376076319, 16.695153941559596 ], [ -93.229063751470704, 16.695196587610038 ], [ -93.228548376076319, 16.695153941559688 ], [ -93.227461561901478, 16.694571758697307 ], [ -93.228548376076319, 16.695153941559596 ] ] ], [ [ [ -93.230551099953232, 16.695945313950382 ], [ -93.231696006650381, 16.696196453491876 ], [ -93.230551099953232, 16.695945313950467 ], [ -93.230208250547292, 16.695613317976832 ], [ -93.230551099953232, 16.695945313950382 ] ] ], [ [ [ -93.233130683434723, 16.695040824539326 ], [ -93.233474831931659, 16.694834672590869 ], [ -93.233130683434723, 16.695040824539415 ], [ -93.232900585695049, 16.695454229653588 ], [ -93.233130683434723, 16.695040824539326 ] ] ], [ [ [ -93.233876254621549, 16.694628657617582 ], [ -93.233917794017898, 16.694583840115168 ], [ -93.233876254621563, 16.694628657617582 ], [ -93.233474831931659, 16.694834672590869 ], [ -93.233876254621549, 16.694628657617582 ] ] ], [ [ [ -93.234452085957471, 16.693346767907244 ], [ -93.234681184165083, 16.693347317300386 ], [ -93.234452085957471, 16.693346767907332 ], [ -93.234279963929509, 16.693470542568292 ], [ -93.234452085957471, 16.693346767907244 ] ] ], [ [ [ -93.236627034580877, 16.693972911167716 ], [ -93.237200177202325, 16.693808695669794 ], [ -93.236627034580877, 16.693972911167801 ], [ -93.235882562163482, 16.693929736126371 ], [ -93.236627034580877, 16.693972911167716 ] ] ], [ [ [ -93.238117755649512, 16.693314132146675 ], [ -93.238518677363899, 16.693315086317817 ], [ -93.238546772669594, 16.693542830321793 ], [ -93.238518677363899, 16.693315086317906 ], [ -93.238117755649498, 16.693314132146767 ], [ -93.237200177202325, 16.693808695669794 ], [ -93.238117755649512, 16.693314132146675 ] ] ], [ [ [ -93.238574868045561, 16.69377057431609 ], [ -93.238516805033939, 16.694101602969344 ], [ -93.238574868045561, 16.693770574316041 ], [ -93.238574868045561, 16.69377057431609 ] ] ], [ [ [ -93.23490035062737, 16.697487427903376 ], [ -93.234096997345276, 16.698106439091251 ], [ -93.233924273734871, 16.698478587087354 ], [ -93.234096997345276, 16.698106439091163 ], [ -93.234900350627356, 16.697487427903376 ], [ -93.235416923915238, 16.697033310755589 ], [ -93.23490035062737, 16.697487427903376 ] ] ], [ [ [ -93.234152184407847, 16.698975884224364 ], [ -93.233866101852016, 16.698851010008838 ], [ -93.23386610185203, 16.698851010008756 ], [ -93.234152184407847, 16.698975884224364 ] ] ], [ [ [ -93.234954051622125, 16.698977806853456 ], [ -93.235032025050401, 16.699176438452771 ], [ -93.234954051622125, 16.698977806853545 ], [ -93.234152184407847, 16.698975884224364 ], [ -93.234954051622125, 16.698977806853456 ] ] ], [ [ [ -93.23518156856278, 16.699640685180693 ], [ -93.235339974849481, 16.699801734756029 ], [ -93.23518156856278, 16.699640685180778 ], [ -93.235094911920783, 16.699356427213814 ], [ -93.23518156856278, 16.699640685180693 ] ] ], [ [ [ -93.238445831875524, 16.699855455154044 ], [ -93.238846176484032, 16.700104782037631 ], [ -93.238445831875509, 16.699855455154132 ], [ -93.237757724579026, 16.700184983734871 ], [ -93.238445831875524, 16.699855455154044 ] ] ], [ [ [ -93.241648324110571, 16.701974234704679 ], [ -93.241617004876616, 16.702326689203716 ], [ -93.241648324110557, 16.701974234704679 ], [ -93.241477569555443, 16.701518477252169 ], [ -93.241648324110571, 16.701974234704679 ] ] ], [ [ [ -93.241187756584168, 16.702966645088203 ], [ -93.240786030541116, 16.703296860913376 ], [ -93.241187756584168, 16.702966645088111 ], [ -93.241388619086749, 16.702801536885762 ], [ -93.241187756584168, 16.702966645088203 ] ] ], [ [ [ -93.239923725176183, 16.704619483512865 ], [ -93.239751007237416, 16.704991636069892 ], [ -93.239923725176183, 16.704619483512772 ], [ -93.239981494078862, 16.704412641493519 ], [ -93.239923725176183, 16.704619483512865 ] ] ] ] } },
{ "type": "Feature", "properties": { "ID": 95, "ENTIDAD": 7, "MUNICIPIO": 102, "NOMBRE": "TUXTLA GUTIERREZ", "CONTROL": 163, "GEOMETRY1_": null, "ID_2": 2168, "ENTIDAD_2": 7, "DISTRITO_F": 10, "DISTRITO_L": 2, "MUNICIPIO_2": 12, "SECCION": 2285, "TIPO": 3, "CONTROL_2": 2912, "GEOMETRY1__2": null }, "geometry": { "type": "MultiPolygon", "coordinates": [ [ [ [ -93.232722302494778, 16.763277559619979 ], [ -93.232693841961719, 16.763380878436386 ], [ -93.232722302494778, 16.76327755961989 ], [ -93.232779033385995, 16.762946964241134 ], [ -93.232722302494778, 16.763277559619979 ] ] ], [ [ [ -93.230088987346477, 16.763031532701127 ], [ -93.229745372878938, 16.762907818794513 ], [ -93.229544946974045, 16.762845981894902 ], [ -93.229745372878938, 16.762907818794424 ], [ -93.230088987346477, 16.763031532701035 ], [ -93.230604441314782, 16.763237762099152 ], [ -93.230088987346477, 16.763031532701127 ] ] ], [ [ [ -93.228543381373328, 16.762908667766119 ], [ -93.228200267075394, 16.76311550533099 ], [ -93.228543381373342, 16.76290866776603 ], [ -93.228829382311105, 16.762784508495937 ], [ -93.228543381373328, 16.762908667766119 ] ] ], [ [ [ -93.227971440696322, 16.76319830438322 ], [ -93.227742365016738, 16.763115826150042 ], [ -93.2275132895317, 16.763033347659302 ], [ -93.227398876262512, 16.763074746837258 ], [ -93.2275132895317, 16.76303334765921 ], [ -93.227742365016738, 16.763115826149956 ], [ -93.227971440696322, 16.763198304383128 ], [ -93.228200267075394, 16.76311550533099 ], [ -93.227971440696322, 16.76319830438322 ] ] ], [ [ [ -93.226199423213401, 16.764769671801002 ], [ -93.226028203717803, 16.765100344630017 ], [ -93.226199423213401, 16.764769671800913 ], [ -93.226370456175545, 16.76431504105345 ], [ -93.226199423213401, 16.764769671801002 ] ] ], [ [ [ -93.225856921761334, 16.765389698058485 ], [ -93.225831620384596, 16.765500018259278 ], [ -93.22585692176132, 16.765389698058485 ], [ -93.226028203717803, 16.765100344630017 ], [ -93.225856921761334, 16.765389698058485 ] ] ], [ [ [ -93.225743248932233, 16.765926927379947 ], [ -93.2255720276342, 16.766257599815233 ], [ -93.225454501884812, 16.766406430240082 ], [ -93.225572027634186, 16.766257599815233 ], [ -93.225743248932218, 16.765926927379947 ], [ -93.225772742372257, 16.765776736318529 ], [ -93.225743248932233, 16.765926927379947 ] ] ], [ [ [ -93.224945547717923, 16.768365314528779 ], [ -93.225232114908209, 16.76861303338935 ], [ -93.224945547717937, 16.768365314528872 ], [ -93.224888185029073, 16.768282715310207 ], [ -93.224945547717923, 16.768365314528779 ] ] ], [ [ [ -93.224775987544746, 16.769811605819019 ], [ -93.224661754522387, 16.769976961228185 ], [ -93.224775987544746, 16.76981160581893 ], [ -93.224947275018593, 16.769522253344931 ], [ -93.224775987544746, 16.769811605819019 ] ] ], [ [ [ -93.224632741445859, 16.770323596116981 ], [ -93.224604822795186, 16.77018359662808 ], [ -93.2246048227952, 16.770183596628044 ], [ -93.224632741445859, 16.770323596116981 ] ] ], [ [ [ -93.226094732168477, 16.771298191514099 ], [ -93.226037925486111, 16.771587465728857 ], [ -93.226094732168463, 16.77129819151401 ], [ -93.226151352816956, 16.770884959581966 ], [ -93.226094732168477, 16.771298191514099 ] ] ], [ [ [ -93.226038420957622, 16.771918019560545 ], [ -93.226079532211699, 16.772211577677805 ], [ -93.226038420957607, 16.771918019560633 ], [ -93.226037925486111, 16.771587465728857 ], [ -93.226038420957622, 16.771918019560545 ] ] ], [ [ [ -93.22575444647488, 16.773405709492582 ], [ -93.225525977727898, 16.773736421248085 ], [ -93.22575444647488, 16.77340570949249 ], [ -93.225848589696014, 16.773201109268889 ], [ -93.22575444647488, 16.773405709492582 ] ] ], [ [ [ -93.226560472498448, 16.776504095688182 ], [ -93.22696141346637, 16.77666909380963 ], [ -93.226560472498448, 16.776504095688274 ], [ -93.226159656163532, 16.776421735195733 ], [ -93.226560472498448, 16.776504095688182 ] ] ], [ [ [ -93.2280520649187, 16.778692974145322 ], [ -93.227632467031341, 16.77909174132008 ], [ -93.228052064918671, 16.778692974145251 ], [ -93.2280520649187, 16.778692974145322 ] ] ], [ [ [ -93.221081539374808, 16.7767858671371 ], [ -93.220599389482175, 16.776672485750456 ], [ -93.221081539374808, 16.776785867137015 ], [ -93.222300614617595, 16.777117488515884 ], [ -93.221081539374808, 16.7767858671371 ] ] ], [ [ [ -93.217480281352778, 16.776999972957384 ], [ -93.217171519217658, 16.777403322789478 ], [ -93.217480281352778, 16.776999972957292 ], [ -93.218085021587214, 16.776668475396686 ], [ -93.217480281352778, 16.776999972957384 ] ] ], [ [ [ -93.217144708206888, 16.778033640576862 ], [ -93.217124783439658, 16.778321064245624 ], [ -93.217144708206874, 16.778033640576862 ], [ -93.21715185723022, 16.777906043511933 ], [ -93.217144708206888, 16.778033640576862 ] ] ], [ [ [ -93.21597964923815, 16.782667743808133 ], [ -93.215808217063767, 16.782874450331494 ], [ -93.215792234525011, 16.782879077092584 ], [ -93.215808217063753, 16.782874450331494 ], [ -93.21597964923815, 16.782667743808133 ], [ -93.216208264790751, 16.782419681031598 ], [ -93.21597964923815, 16.782667743808133 ] ] ] ] } },
{ "type": "Feature", "properties": { "ID": 95, "ENTIDAD": 7, "MUNICIPIO": 102, "NOMBRE": "TUXTLA GUTIERREZ", "CONTROL": 163, "GEOMETRY1_": null, "ID_2": 2169, "ENTIDAD_2": 7, "DISTRITO_F": 10, "DISTRITO_L": 2, "MUNICIPIO_2": 12, "SECCION": 2286, "TIPO": 4, "CONTROL_2": 2913, "GEOMETRY1__2": null }, "geometry": { "type": "MultiPolygon", "coordinates": [ [ [ [ -93.214548081955741, 16.782338106129881 ], [ -93.214433238083231, 16.782090263663047 ], [ -93.214548081955741, 16.782338106129789 ], [ -93.214777413396519, 16.78258587554043 ], [ -93.214548081955741, 16.782338106129881 ] ] ], [ [ [ -93.213673526721195, 16.780689531931557 ], [ -93.21351526824813, 16.780644671276004 ], [ -93.213286236813374, 16.780603496518633 ], [ -93.21351526824813, 16.780644671275912 ], [ -93.213673526721195, 16.780689531931465 ], [ -93.213801602164224, 16.780727128783571 ], [ -93.213673526721195, 16.780689531931557 ] ] ], [ [ [ -93.211855337304414, 16.780728351401237 ], [ -93.212084250707434, 16.780686889285583 ], [ -93.212084250707449, 16.780686889285583 ], [ -93.211855337304414, 16.780728351401237 ] ] ], [ [ [ -93.204940864164897, 16.789326954119602 ], [ -93.204654807821512, 16.789451080554219 ], [ -93.204940864164882, 16.789326954119602 ], [ -93.205112428833772, 16.789202895008614 ], [ -93.204940864164897, 16.789326954119602 ] ] ], [ [ [ -93.203740476931458, 16.790608556082113 ], [ -93.203569195781711, 16.790939210130922 ], [ -93.203740476931458, 16.79060855608202 ], [ -93.203911643078726, 16.79019526345386 ], [ -93.203740476931458, 16.790608556082113 ] ] ], [ [ [ -93.203284049320345, 16.791724442090704 ], [ -93.203227316485169, 16.79209634832894 ], [ -93.203284049320345, 16.791724442090612 ], [ -93.203369719107783, 16.791579774815435 ], [ -93.203284049320345, 16.791724442090704 ] ] ], [ [ [ -93.20231444306917, 16.794328116816438 ], [ -93.202085908883049, 16.794658802650215 ], [ -93.20231444306917, 16.794328116816342 ], [ -93.202485615553414, 16.793914825453211 ], [ -93.20231444306917, 16.794328116816438 ] ] ], [ [ [ -93.201914337361288, 16.794782859248397 ], [ -93.20185536230295, 16.794868194907508 ], [ -93.201914337361274, 16.794782859248397 ], [ -93.202085908883049, 16.794658802650215 ], [ -93.201914337361288, 16.794782859248397 ] ] ], [ [ [ -93.198655109049469, 16.797635738032881 ], [ -93.19864286200054, 16.797640166751062 ], [ -93.198655109049454, 16.797635738032881 ], [ -93.198883877281702, 16.797470332804554 ], [ -93.198655109049469, 16.797635738032881 ] ] ], [ [ [ -93.197911162098748, 16.797842749673556 ], [ -93.197453231816283, 16.797884323317806 ], [ -93.19688080473955, 16.797925959142024 ], [ -93.197453231816283, 16.797884323317714 ], [ -93.197911162098734, 16.797842749673556 ], [ -93.197919448076433, 16.797841035884332 ], [ -93.197911162098748, 16.797842749673556 ] ] ] ] } }
]
}
